channel_id,captured_at,subscriber_count,hidden_subscriber_count,view_count,video_count
UCKA7SQOUkD1_z5lr016Q70w,2026-07-17T19:04:31.186387+00:00,10900000,False,5118322397,755
UCRDDfbYPHX_GUJ4lcQYTc8A,2026-07-17T19:04:31.186387+00:00,6550000,False,6081864555,33954
UCJA-NQ4MtcRIog66wziD8fA,2026-07-17T19:04:31.186387+00:00,5740000,False,1614844778,4082
UCaIc6SgS90ud_RgMSC6hW_w,2026-07-17T19:04:31.186387+00:00,5300000,False,4377106646,12023
UCOtYyt7W5PmPnwQjWWF_Z-Q,2026-07-17T19:04:31.186387+00:00,5290000,False,4144619150,57691
UCn0XmAUFv6d2tofMFEesSNw,2026-07-17T19:04:31.186387+00:00,4200000,False,3444705354,22538
UCrHB06pIp3WAlyBo30OAdvg,2026-07-17T19:04:31.186387+00:00,4190000,False,145382378,1958
UCh9qXeL8eP3Txra2908xksg,2026-07-17T19:04:31.186387+00:00,4050000,False,883992229,1572
UCGkzF25IZBE1SF9ykM64xEA,2026-07-17T19:04:31.186387+00:00,3890000,False,629758570,119
UCCK3OZi788Ok44K97WAhLKQ,2026-07-17T19:04:31.186387+00:00,3870000,False,2587749001,180979
UCckltLEhFLv8Xz_lQhYfwmg,2026-07-17T19:04:31.186387+00:00,3760000,False,2722344650,163923
UC4UaWbUUwVvCxWNqhb4f16Q,2026-07-17T19:04:31.186387+00:00,3330000,False,628551076,2778
UCQTcNhAZidy1i9wwmdgf2Lw,2026-07-17T19:04:31.186387+00:00,3240000,False,2493241455,37455
UCgnFSj7jQffD5V5m05j4dPw,2026-07-17T19:04:31.186387+00:00,3150000,False,1794920620,328074
UCRtAu8OVYVfuNZmTV-Ug0zA,2026-07-17T19:04:31.186387+00:00,2930000,False,246692518,543
UCuc40qp1ZKB_ZbDw9iml8Kg,2026-07-17T19:04:31.186387+00:00,2890000,False,1627995775,727
UCDm4BW0Q5d-zASSuRyvPGXw,2026-07-17T19:04:31.186387+00:00,2780000,False,387646573,2084
UCVd1jcy6wKFzfQ5E-Txtg-w,2026-07-17T19:04:31.186387+00:00,2440000,False,509691019,1165
UCmqflTSJ6911aCrnaWIXxsA,2026-07-17T19:04:31.186387+00:00,2370000,False,777914430,3752
UC6lDrxy3lS4LNRuuBtryqpQ,2026-07-17T19:04:31.186387+00:00,2250000,False,405927420,871
UCYFn7BOOlmL21iNJ6q5IDfg,2026-07-17T19:04:31.186387+00:00,2180000,False,729510372,398
UCOLdaAcrdzYY3ug15EuuFAg,2026-07-17T19:04:31.186387+00:00,2160000,False,848332661,104
UCMQYRNX1Fg-HJ8Ey7Z3WPrA,2026-07-17T19:04:31.186387+00:00,2130000,False,282687516,93
UCaK7Q39swdiSrp1TBgOi7QQ,2026-07-17T19:04:31.186387+00:00,2070000,False,335715993,4376
UCJsN1Mmx4GRA6sCYdfKqpSQ,2026-07-17T19:04:31.186387+00:00,1950000,False,214049793,184
UCc8W1zUTmtNqXIhOHxPIAuw,2026-07-17T19:04:31.186387+00:00,1930000,False,2038745,155
UC8irIP66QzlZNVgqe4vwN9g,2026-07-17T19:04:31.186387+00:00,1910000,False,1697907889,445
UC3C6rQHX8pkjSyOm-620k3w,2026-07-17T19:04:31.186387+00:00,1860000,False,26562730,408
UCGjZJ0TN1PlJIEwJXKNlm6w,2026-07-17T19:04:31.186387+00:00,1850000,False,191198359,1104
UCa5uVqVCpNGdqkZ4FXjpwig,2026-07-17T19:04:31.186387+00:00,1790000,False,7756644,19
UC9SnUR9ewkPk9h45L0uY6SQ,2026-07-17T19:04:31.186387+00:00,1770000,False,936912308,421
UCwKYO2L9xzLtWhSv4ncYCIA,2026-07-17T19:04:31.186387+00:00,1750000,False,170454954,678
UCtTgIrVyMl405cDQEO55AEg,2026-07-17T19:04:31.186387+00:00,1720000,False,451726393,505
UCs_mHlm5_C82W5WCIJaSMbQ,2026-07-17T19:04:31.186387+00:00,1710000,False,265800628,5637
UCJbxRq_IlWyzvB9KK0Mrs8A,2026-07-17T19:04:31.186387+00:00,1670000,False,296059446,166
UCU57IJhYK4v_XCOo4khbBxA,2026-07-17T19:04:31.186387+00:00,1670000,False,279859196,572
UCVwbUjoiTUXxeVjsxW9Kwng,2026-07-17T19:04:31.186387+00:00,1670000,False,491037198,596
UCT83ymyAGm7Gnk_4ifxjxIA,2026-07-17T19:04:31.186387+00:00,1650000,False,471127086,25673
UCcpvzu2fNDZyKkQ6tETbHLw,2026-07-17T19:04:31.186387+00:00,1620000,False,454791306,622
UCEa6e_J_Xs_GKCzG8Eq15Xw,2026-07-17T19:04:31.186387+00:00,1580000,False,563622211,145
UCc30sTBdN9LRSxEuHaXV_bQ,2026-07-17T19:04:31.186387+00:00,1560000,False,651787033,47279
UCw6-MbidLyoWQlvb9FFz5xQ,2026-07-17T19:04:31.186387+00:00,1560000,False,1249798952,236
UCkuoWSLw-SNu8dvVCU0MjMQ,2026-07-17T19:04:31.186387+00:00,1510000,False,246577637,207
UCfYQW_0xEVwKfePgWRxTYhg,2026-07-17T19:04:31.186387+00:00,1480000,False,391182440,462
UC2sO_F_Ky4LIAUtSJYXqBDA,2026-07-17T19:04:31.186387+00:00,1470000,False,756178956,14881
UCEUSUxrhCt4n0Pp9WB7q7-w,2026-07-17T19:04:31.186387+00:00,1460000,False,91654806,1882
UC95VofaZiQPFwRMaqPhLc0w,2026-07-17T19:04:31.186387+00:00,1450000,False,500670019,927
UCqShCHSDvCBKDN_GAsnLJmQ,2026-07-17T19:04:31.186387+00:00,1440000,False,132647318,1002
UCYf829WTg8Cpx_a-cPtgSQQ,2026-07-17T19:04:31.186387+00:00,1380000,False,1289248828,2275
UCJPorwyXP29nZW95Gh-nrsw,2026-07-17T19:04:31.186387+00:00,1360000,False,248058303,100
UCu3jIK2NBSXc0_YaFqEuIrg,2026-07-17T19:04:31.186387+00:00,1330000,False,244090674,1092
UCNFDDKoTezuSWbIjjHA76xQ,2026-07-17T19:04:31.186387+00:00,1320000,False,751459801,1340
UC2gpLSHUrXCbWiaBwstZsjg,2026-07-17T19:04:31.186387+00:00,1280000,False,166941473,918
UCnPp3f0r4BywxwgAJqaH6QQ,2026-07-17T19:04:31.186387+00:00,1250000,False,1101179202,5568
UCe13xXtdfx_n0_z1qeXV6_g,2026-07-17T19:04:31.186387+00:00,1250000,False,663600150,3935
UCsiJNM6kab7pDU6OnsskjAg,2026-07-17T19:04:31.186387+00:00,1230000,False,68521792,299
UCGN3TM5lZQ1DAvMwI1LIc8Q,2026-07-17T19:04:31.186387+00:00,1230000,False,124676212,1382
UCrVkiG6Tt5y-yNjFOOGdb3Q,2026-07-17T19:04:31.186387+00:00,1230000,False,222547822,808
UCZWbuCJ-SV3QpxRvgEXGByQ,2026-07-17T19:04:31.186387+00:00,1230000,False,569085860,307
UCU5WmQA3Ur1Yriw5pMqoBNQ,2026-07-17T19:04:31.186387+00:00,1230000,False,92720740,256
UCEuz_HGv5er0LZsztjO4g5Q,2026-07-17T19:04:31.186387+00:00,1210000,False,1315,110
UCu_V8lfzyGspxP-LNFowW9w,2026-07-17T19:04:31.186387+00:00,1200000,False,557518845,768
UCu7cGbQEMgGk8TD0ZYucM5g,2026-07-17T19:04:31.186387+00:00,1190000,False,214872822,6437
UCtZO2c3i1PrtwyeaxaIYHKA,2026-07-17T19:04:31.186387+00:00,1180000,False,799506703,842
UCvsksEXBnVKBj0QiQ6cnTdw,2026-07-17T19:04:31.186387+00:00,1180000,False,1197479925,314
UC0RX5hQE6UpHTjfub4NZSPg,2026-07-17T19:04:31.186387+00:00,1180000,False,236487239,1193
UCHwfjlJXhLKCNsuw2VXr6ig,2026-07-17T19:04:31.186387+00:00,1170000,False,61986931,314
UC7OJJA9sk3SCcatYvhC1_cg,2026-07-17T19:04:31.186387+00:00,1160000,False,248257518,277
UCGB1U55Jf7bp7knbUhCCTMA,2026-07-17T19:04:31.186387+00:00,1160000,False,506751120,67664
UCbkMFGQ_RWIf0OiYeOpf6Ng,2026-07-17T19:04:31.186387+00:00,1160000,False,31241870,294
UCNbM4dl9kN5KDpmDdAW6zOg,2026-07-17T19:04:31.186387+00:00,1150000,False,185305694,1102
UCTcATaNqlaCF4zkZp29BJRQ,2026-07-17T19:04:31.186387+00:00,1150000,False,155562735,134
UC9sglGVfDEqPRb-AJgE4r1g,2026-07-17T19:04:31.186387+00:00,1150000,False,250173657,3784
UCAH7R88V7gz7RqJv78nNOzg,2026-07-17T19:04:31.186387+00:00,1130000,False,349461763,11595
UCjjl50eFDiwDAWeGLvQqMiA,2026-07-17T19:04:31.186387+00:00,1130000,False,63059815,223
UCbLcppYDPaXh-SLaYadLJ2g,2026-07-17T19:04:31.186387+00:00,1130000,False,286234444,819
UCOB66xjgJe-D8jq7579BOwA,2026-07-17T19:04:31.186387+00:00,1120000,False,401046754,506
UCVz1bXiY1pz6Fz_Osm0YYBA,2026-07-17T19:04:31.186387+00:00,1120000,False,231069100,1699
UC6MkngMDyobFNaXOZR0ukyQ,2026-07-17T19:04:31.186387+00:00,1120000,False,1155542551,2861
UCoQOQFHBsBAhobpI8NradTA,2026-07-17T19:04:31.186387+00:00,1110000,False,38915606,561
UCGwSu8n08wtb7RVacaPs9Tw,2026-07-17T19:04:31.186387+00:00,1100000,False,693128879,1632
UC_dr25YJaGIFQtA8D0RTjOQ,2026-07-17T19:04:31.186387+00:00,1090000,False,307006671,976
UCVpjudnF83VEmqVBLNG1rbg,2026-07-17T19:04:31.186387+00:00,1040000,False,81690440,499
UCfdBd-9WWZUv1h7d80Omy8g,2026-07-17T19:04:31.186387+00:00,1040000,False,177104647,829
UCdvzidU6j1UdUBhaEw-LLuQ,2026-07-17T19:04:31.186387+00:00,1040000,False,157044719,2779
UCvoMClO68wGoV5Fvu0KRiqA,2026-07-17T19:04:31.186387+00:00,1030000,False,167797790,1909
UCcbOsE5_4LEjtQi8X2PFxDw,2026-07-17T19:04:31.186387+00:00,1030000,False,356312906,12655
UC0RxmX79uHOBvSKKYAQ7Axg,2026-07-17T19:04:31.186387+00:00,1000000,False,233717551,684
UCwrJnrHM2qRjjiSVk1nlx4Q,2026-07-17T19:04:31.186387+00:00,1010000,False,335588235,902
UCKEKf35apTUvSLs-c1DCekw,2026-07-17T19:04:31.186387+00:00,998000,False,45001072,1203
UCBW2dlXYPIVLwuNQw9aVu-A,2026-07-17T19:04:31.186387+00:00,996000,False,86143830,1076
UCFV00xQSCQSKvWRXgearMzg,2026-07-17T19:04:31.186387+00:00,993000,False,102185175,1232
UC9Slp55-nJIx-q1g_TJEY3Q,2026-07-17T19:04:31.186387+00:00,993000,False,531424428,571
UCdJppX3uAMFMvCTuE9qCowg,2026-07-17T19:04:31.186387+00:00,990000,False,137352425,500
UCppSNX9SEvI6TM1U0GLGQyA,2026-07-17T19:04:31.186387+00:00,977000,False,126539667,1426
UCYM-FoL4inC91SfFcoUpWJQ,2026-07-17T19:04:31.186387+00:00,976000,False,35756322,460
UCp1NZ1G3fkJCgh6eNZ7MG6w,2026-07-17T19:04:31.186387+00:00,934000,False,182698886,84
UCF3FOALs3bDzcdfW0xdYbSA,2026-07-17T19:04:31.186387+00:00,931000,False,119065046,80
UCIoyIVPZEfC2p0dQwAxGiEw,2026-07-17T19:04:31.186387+00:00,926000,False,706202225,1560
UC0CXMeU0432EMgBnlBaY_yA,2026-07-17T19:04:31.186387+00:00,924000,False,115822221,3276
UCKA7SQOUkD1_z5lr016Q70w,2026-07-17T19:09:31.339265+00:00,10900000,False,5118322397,755
UCRDDfbYPHX_GUJ4lcQYTc8A,2026-07-17T19:09:31.339265+00:00,6550000,False,6081864555,33954
UCJA-NQ4MtcRIog66wziD8fA,2026-07-17T19:09:31.339265+00:00,5740000,False,1614844778,4082
UCaIc6SgS90ud_RgMSC6hW_w,2026-07-17T19:09:31.339265+00:00,5300000,False,4377106646,12023
UCOtYyt7W5PmPnwQjWWF_Z-Q,2026-07-17T19:09:31.339265+00:00,5290000,False,4144619150,57691
UCn0XmAUFv6d2tofMFEesSNw,2026-07-17T19:09:31.339265+00:00,4200000,False,3444705354,22538
UCrHB06pIp3WAlyBo30OAdvg,2026-07-17T19:09:31.339265+00:00,4190000,False,145382378,1958
UCh9qXeL8eP3Txra2908xksg,2026-07-17T19:09:31.339265+00:00,4050000,False,883992229,1572
UCGkzF25IZBE1SF9ykM64xEA,2026-07-17T19:09:31.339265+00:00,3890000,False,629758570,119
UCCK3OZi788Ok44K97WAhLKQ,2026-07-17T19:09:31.339265+00:00,3870000,False,2587749001,180979
UCckltLEhFLv8Xz_lQhYfwmg,2026-07-17T19:09:31.339265+00:00,3760000,False,2722344650,163923
UC4UaWbUUwVvCxWNqhb4f16Q,2026-07-17T19:09:31.339265+00:00,3330000,False,628551076,2778
UCQTcNhAZidy1i9wwmdgf2Lw,2026-07-17T19:09:31.339265+00:00,3240000,False,2493241455,37455
UCgnFSj7jQffD5V5m05j4dPw,2026-07-17T19:09:31.339265+00:00,3150000,False,1794920620,328074
UCRtAu8OVYVfuNZmTV-Ug0zA,2026-07-17T19:09:31.339265+00:00,2930000,False,246692518,543
UCuc40qp1ZKB_ZbDw9iml8Kg,2026-07-17T19:09:31.339265+00:00,2890000,False,1627995775,727
UCDm4BW0Q5d-zASSuRyvPGXw,2026-07-17T19:09:31.339265+00:00,2780000,False,387646573,2084
UCVd1jcy6wKFzfQ5E-Txtg-w,2026-07-17T19:09:31.339265+00:00,2440000,False,509691019,1165
UCmqflTSJ6911aCrnaWIXxsA,2026-07-17T19:09:31.339265+00:00,2370000,False,777914430,3752
UC6lDrxy3lS4LNRuuBtryqpQ,2026-07-17T19:09:31.339265+00:00,2250000,False,405927420,871
UCYFn7BOOlmL21iNJ6q5IDfg,2026-07-17T19:09:31.339265+00:00,2180000,False,729510372,398
UCOLdaAcrdzYY3ug15EuuFAg,2026-07-17T19:09:31.339265+00:00,2160000,False,848332661,104
UCMQYRNX1Fg-HJ8Ey7Z3WPrA,2026-07-17T19:09:31.339265+00:00,2130000,False,282687516,93
UCaK7Q39swdiSrp1TBgOi7QQ,2026-07-17T19:09:31.339265+00:00,2070000,False,335715993,4376
UCJsN1Mmx4GRA6sCYdfKqpSQ,2026-07-17T19:09:31.339265+00:00,1950000,False,214049793,184
UCc8W1zUTmtNqXIhOHxPIAuw,2026-07-17T19:09:31.339265+00:00,1930000,False,2038745,155
UC8irIP66QzlZNVgqe4vwN9g,2026-07-17T19:09:31.339265+00:00,1910000,False,1697907889,445
UC3C6rQHX8pkjSyOm-620k3w,2026-07-17T19:09:31.339265+00:00,1860000,False,26562730,408
UCGjZJ0TN1PlJIEwJXKNlm6w,2026-07-17T19:09:31.339265+00:00,1850000,False,191198359,1104
UCa5uVqVCpNGdqkZ4FXjpwig,2026-07-17T19:09:31.339265+00:00,1790000,False,7756644,19
UC9SnUR9ewkPk9h45L0uY6SQ,2026-07-17T19:09:31.339265+00:00,1770000,False,936912308,421
UCwKYO2L9xzLtWhSv4ncYCIA,2026-07-17T19:09:31.339265+00:00,1750000,False,170454954,678
UCtTgIrVyMl405cDQEO55AEg,2026-07-17T19:09:31.339265+00:00,1720000,False,451726393,505
UCs_mHlm5_C82W5WCIJaSMbQ,2026-07-17T19:09:31.339265+00:00,1710000,False,265800628,5637
UCJbxRq_IlWyzvB9KK0Mrs8A,2026-07-17T19:09:31.339265+00:00,1670000,False,296059446,166
UCU57IJhYK4v_XCOo4khbBxA,2026-07-17T19:09:31.339265+00:00,1670000,False,279859196,572
UCVwbUjoiTUXxeVjsxW9Kwng,2026-07-17T19:09:31.339265+00:00,1670000,False,491037198,596
UCT83ymyAGm7Gnk_4ifxjxIA,2026-07-17T19:09:31.339265+00:00,1650000,False,471127086,25673
UCcpvzu2fNDZyKkQ6tETbHLw,2026-07-17T19:09:31.339265+00:00,1620000,False,454791306,622
UCEa6e_J_Xs_GKCzG8Eq15Xw,2026-07-17T19:09:31.339265+00:00,1580000,False,563622211,145
UCc30sTBdN9LRSxEuHaXV_bQ,2026-07-17T19:09:31.339265+00:00,1560000,False,651787033,47279
UCw6-MbidLyoWQlvb9FFz5xQ,2026-07-17T19:09:31.339265+00:00,1560000,False,1249798952,236
UCkuoWSLw-SNu8dvVCU0MjMQ,2026-07-17T19:09:31.339265+00:00,1510000,False,246577637,207
UCfYQW_0xEVwKfePgWRxTYhg,2026-07-17T19:09:31.339265+00:00,1480000,False,391182440,462
UC2sO_F_Ky4LIAUtSJYXqBDA,2026-07-17T19:09:31.339265+00:00,1470000,False,756178956,14881
UCEUSUxrhCt4n0Pp9WB7q7-w,2026-07-17T19:09:31.339265+00:00,1460000,False,91654806,1882
UC95VofaZiQPFwRMaqPhLc0w,2026-07-17T19:09:31.339265+00:00,1450000,False,500670019,927
UCqShCHSDvCBKDN_GAsnLJmQ,2026-07-17T19:09:31.339265+00:00,1440000,False,132647318,1002
UCYf829WTg8Cpx_a-cPtgSQQ,2026-07-17T19:09:31.339265+00:00,1380000,False,1289248828,2275
UCJPorwyXP29nZW95Gh-nrsw,2026-07-17T19:09:31.339265+00:00,1360000,False,248058303,100
UCu3jIK2NBSXc0_YaFqEuIrg,2026-07-17T19:09:31.339265+00:00,1330000,False,244090674,1092
UCNFDDKoTezuSWbIjjHA76xQ,2026-07-17T19:09:31.339265+00:00,1320000,False,751459801,1340
UC2gpLSHUrXCbWiaBwstZsjg,2026-07-17T19:09:31.339265+00:00,1280000,False,166941473,918
UCnPp3f0r4BywxwgAJqaH6QQ,2026-07-17T19:09:31.339265+00:00,1250000,False,1101179202,5568
UCe13xXtdfx_n0_z1qeXV6_g,2026-07-17T19:09:31.339265+00:00,1250000,False,663600150,3935
UCsiJNM6kab7pDU6OnsskjAg,2026-07-17T19:09:31.339265+00:00,1230000,False,68521792,299
UCGN3TM5lZQ1DAvMwI1LIc8Q,2026-07-17T19:09:31.339265+00:00,1230000,False,124676212,1382
UCrVkiG6Tt5y-yNjFOOGdb3Q,2026-07-17T19:09:31.339265+00:00,1230000,False,222547822,808
UCZWbuCJ-SV3QpxRvgEXGByQ,2026-07-17T19:09:31.339265+00:00,1230000,False,569085860,307
UCU5WmQA3Ur1Yriw5pMqoBNQ,2026-07-17T19:09:31.339265+00:00,1230000,False,92720740,256
UCEuz_HGv5er0LZsztjO4g5Q,2026-07-17T19:09:31.339265+00:00,1210000,False,1315,110
UCu_V8lfzyGspxP-LNFowW9w,2026-07-17T19:09:31.339265+00:00,1200000,False,557518845,768
UCu7cGbQEMgGk8TD0ZYucM5g,2026-07-17T19:09:31.339265+00:00,1190000,False,214872822,6437
UCtZO2c3i1PrtwyeaxaIYHKA,2026-07-17T19:09:31.339265+00:00,1180000,False,799506703,842
UCvsksEXBnVKBj0QiQ6cnTdw,2026-07-17T19:09:31.339265+00:00,1180000,False,1197479925,314
UC0RX5hQE6UpHTjfub4NZSPg,2026-07-17T19:09:31.339265+00:00,1180000,False,236487239,1193
UCHwfjlJXhLKCNsuw2VXr6ig,2026-07-17T19:09:31.339265+00:00,1170000,False,61986931,314
UC7OJJA9sk3SCcatYvhC1_cg,2026-07-17T19:09:31.339265+00:00,1160000,False,248257518,277
UCGB1U55Jf7bp7knbUhCCTMA,2026-07-17T19:09:31.339265+00:00,1160000,False,506751120,67664
UCbkMFGQ_RWIf0OiYeOpf6Ng,2026-07-17T19:09:31.339265+00:00,1160000,False,31241870,294
UCNbM4dl9kN5KDpmDdAW6zOg,2026-07-17T19:09:31.339265+00:00,1150000,False,185305694,1102
UCTcATaNqlaCF4zkZp29BJRQ,2026-07-17T19:09:31.339265+00:00,1150000,False,155562735,134
UC9sglGVfDEqPRb-AJgE4r1g,2026-07-17T19:09:31.339265+00:00,1150000,False,250173657,3784
UCAH7R88V7gz7RqJv78nNOzg,2026-07-17T19:09:31.339265+00:00,1130000,False,349461763,11595
UCjjl50eFDiwDAWeGLvQqMiA,2026-07-17T19:09:31.339265+00:00,1130000,False,63059815,223
UCbLcppYDPaXh-SLaYadLJ2g,2026-07-17T19:09:31.339265+00:00,1130000,False,286234444,819
UCOB66xjgJe-D8jq7579BOwA,2026-07-17T19:09:31.339265+00:00,1120000,False,401046754,506
UCVz1bXiY1pz6Fz_Osm0YYBA,2026-07-17T19:09:31.339265+00:00,1120000,False,231069100,1699
UC6MkngMDyobFNaXOZR0ukyQ,2026-07-17T19:09:31.339265+00:00,1120000,False,1155542551,2861
UCoQOQFHBsBAhobpI8NradTA,2026-07-17T19:09:31.339265+00:00,1110000,False,38915606,561
UCGwSu8n08wtb7RVacaPs9Tw,2026-07-17T19:09:31.339265+00:00,1100000,False,693128879,1632
UC_dr25YJaGIFQtA8D0RTjOQ,2026-07-17T19:09:31.339265+00:00,1090000,False,307006671,976
UCVpjudnF83VEmqVBLNG1rbg,2026-07-17T19:09:31.339265+00:00,1040000,False,81690440,499
UCfdBd-9WWZUv1h7d80Omy8g,2026-07-17T19:09:31.339265+00:00,1040000,False,177104647,829
UCdvzidU6j1UdUBhaEw-LLuQ,2026-07-17T19:09:31.339265+00:00,1040000,False,157044719,2779
UCvoMClO68wGoV5Fvu0KRiqA,2026-07-17T19:09:31.339265+00:00,1030000,False,167797790,1909
UCcbOsE5_4LEjtQi8X2PFxDw,2026-07-17T19:09:31.339265+00:00,1030000,False,356312906,12655
UC0RxmX79uHOBvSKKYAQ7Axg,2026-07-17T19:09:31.339265+00:00,1000000,False,233717551,684
UCwrJnrHM2qRjjiSVk1nlx4Q,2026-07-17T19:09:31.339265+00:00,1010000,False,335588235,902
UCKEKf35apTUvSLs-c1DCekw,2026-07-17T19:09:31.339265+00:00,998000,False,45001072,1203
UCBW2dlXYPIVLwuNQw9aVu-A,2026-07-17T19:09:31.339265+00:00,996000,False,86143830,1076
UCFV00xQSCQSKvWRXgearMzg,2026-07-17T19:09:31.339265+00:00,993000,False,102185175,1232
UC9Slp55-nJIx-q1g_TJEY3Q,2026-07-17T19:09:31.339265+00:00,993000,False,531424428,571
UCdJppX3uAMFMvCTuE9qCowg,2026-07-17T19:09:31.339265+00:00,990000,False,137352425,500
UCppSNX9SEvI6TM1U0GLGQyA,2026-07-17T19:09:31.339265+00:00,977000,False,126539667,1426
UCYM-FoL4inC91SfFcoUpWJQ,2026-07-17T19:09:31.339265+00:00,976000,False,35756322,460
UCp1NZ1G3fkJCgh6eNZ7MG6w,2026-07-17T19:09:31.339265+00:00,934000,False,182698886,84
UCF3FOALs3bDzcdfW0xdYbSA,2026-07-17T19:09:31.339265+00:00,931000,False,119065046,80
UCIoyIVPZEfC2p0dQwAxGiEw,2026-07-17T19:09:31.339265+00:00,926000,False,706202225,1560
UC0CXMeU0432EMgBnlBaY_yA,2026-07-17T19:09:31.339265+00:00,924000,False,115822221,3276
UCKA7SQOUkD1_z5lr016Q70w,2026-07-17T20:05:11.534945+00:00,10900000,False,5118322397,755
UCRDDfbYPHX_GUJ4lcQYTc8A,2026-07-17T20:05:11.534945+00:00,6550000,False,6081864555,33954
UCJA-NQ4MtcRIog66wziD8fA,2026-07-17T20:05:11.534945+00:00,5740000,False,1614844778,4082
UCaIc6SgS90ud_RgMSC6hW_w,2026-07-17T20:05:11.534945+00:00,5300000,False,4377106646,12023
UCOtYyt7W5PmPnwQjWWF_Z-Q,2026-07-17T20:05:11.534945+00:00,5290000,False,4144619150,57691
UCn0XmAUFv6d2tofMFEesSNw,2026-07-17T20:05:11.534945+00:00,4200000,False,3444705354,22538
UCrHB06pIp3WAlyBo30OAdvg,2026-07-17T20:05:11.534945+00:00,4190000,False,145382378,1958
UCh9qXeL8eP3Txra2908xksg,2026-07-17T20:05:11.534945+00:00,4050000,False,883992229,1572
UCGkzF25IZBE1SF9ykM64xEA,2026-07-17T20:05:11.534945+00:00,3890000,False,629758570,119
UCCK3OZi788Ok44K97WAhLKQ,2026-07-17T20:05:11.534945+00:00,3870000,False,2587749001,180979
UCckltLEhFLv8Xz_lQhYfwmg,2026-07-17T20:05:11.534945+00:00,3760000,False,2722344650,163923
UC4UaWbUUwVvCxWNqhb4f16Q,2026-07-17T20:05:11.534945+00:00,3330000,False,628551076,2778
UCQTcNhAZidy1i9wwmdgf2Lw,2026-07-17T20:05:11.534945+00:00,3240000,False,2493241455,37455
UCgnFSj7jQffD5V5m05j4dPw,2026-07-17T20:05:11.534945+00:00,3150000,False,1794920620,328074
UCRtAu8OVYVfuNZmTV-Ug0zA,2026-07-17T20:05:11.534945+00:00,2930000,False,246692518,543
UCuc40qp1ZKB_ZbDw9iml8Kg,2026-07-17T20:05:11.534945+00:00,2890000,False,1627995775,727
UCDm4BW0Q5d-zASSuRyvPGXw,2026-07-17T20:05:11.534945+00:00,2780000,False,387646573,2084
UCVd1jcy6wKFzfQ5E-Txtg-w,2026-07-17T20:05:11.534945+00:00,2440000,False,509691019,1165
UCmqflTSJ6911aCrnaWIXxsA,2026-07-17T20:05:11.534945+00:00,2370000,False,777914430,3752
UC6lDrxy3lS4LNRuuBtryqpQ,2026-07-17T20:05:11.534945+00:00,2250000,False,405927420,871
UCYFn7BOOlmL21iNJ6q5IDfg,2026-07-17T20:05:11.534945+00:00,2180000,False,729510372,398
UCOLdaAcrdzYY3ug15EuuFAg,2026-07-17T20:05:11.534945+00:00,2160000,False,848332661,104
UCMQYRNX1Fg-HJ8Ey7Z3WPrA,2026-07-17T20:05:11.534945+00:00,2130000,False,282687516,93
UCaK7Q39swdiSrp1TBgOi7QQ,2026-07-17T20:05:11.534945+00:00,2070000,False,335715993,4376
UCJsN1Mmx4GRA6sCYdfKqpSQ,2026-07-17T20:05:11.534945+00:00,1950000,False,214049793,184
UCc8W1zUTmtNqXIhOHxPIAuw,2026-07-17T20:05:11.534945+00:00,1930000,False,2038745,155
UC8irIP66QzlZNVgqe4vwN9g,2026-07-17T20:05:11.534945+00:00,1910000,False,1697907889,445
UC3C6rQHX8pkjSyOm-620k3w,2026-07-17T20:05:11.534945+00:00,1860000,False,26562730,408
UCGjZJ0TN1PlJIEwJXKNlm6w,2026-07-17T20:05:11.534945+00:00,1850000,False,191198359,1104
UCa5uVqVCpNGdqkZ4FXjpwig,2026-07-17T20:05:11.534945+00:00,1790000,False,7756644,19
UC9SnUR9ewkPk9h45L0uY6SQ,2026-07-17T20:05:11.534945+00:00,1770000,False,936912308,421
UCwKYO2L9xzLtWhSv4ncYCIA,2026-07-17T20:05:11.534945+00:00,1750000,False,170454954,678
UCtTgIrVyMl405cDQEO55AEg,2026-07-17T20:05:11.534945+00:00,1720000,False,451726393,505
UCs_mHlm5_C82W5WCIJaSMbQ,2026-07-17T20:05:11.534945+00:00,1710000,False,265800628,5637
UCJbxRq_IlWyzvB9KK0Mrs8A,2026-07-17T20:05:11.534945+00:00,1670000,False,296059446,166
UCU57IJhYK4v_XCOo4khbBxA,2026-07-17T20:05:11.534945+00:00,1670000,False,279859196,572
UCVwbUjoiTUXxeVjsxW9Kwng,2026-07-17T20:05:11.534945+00:00,1670000,False,491037198,596
UCT83ymyAGm7Gnk_4ifxjxIA,2026-07-17T20:05:11.534945+00:00,1650000,False,471127086,25673
UCcpvzu2fNDZyKkQ6tETbHLw,2026-07-17T20:05:11.534945+00:00,1620000,False,454791306,622
UCEa6e_J_Xs_GKCzG8Eq15Xw,2026-07-17T20:05:11.534945+00:00,1580000,False,563622211,145
UCc30sTBdN9LRSxEuHaXV_bQ,2026-07-17T20:05:11.534945+00:00,1560000,False,651787033,47279
UCw6-MbidLyoWQlvb9FFz5xQ,2026-07-17T20:05:11.534945+00:00,1560000,False,1249798952,236
UCkuoWSLw-SNu8dvVCU0MjMQ,2026-07-17T20:05:11.534945+00:00,1510000,False,246577637,207
UCfYQW_0xEVwKfePgWRxTYhg,2026-07-17T20:05:11.534945+00:00,1480000,False,391182440,462
UC2sO_F_Ky4LIAUtSJYXqBDA,2026-07-17T20:05:11.534945+00:00,1470000,False,756178956,14881
UCEUSUxrhCt4n0Pp9WB7q7-w,2026-07-17T20:05:11.534945+00:00,1460000,False,91654806,1882
UC95VofaZiQPFwRMaqPhLc0w,2026-07-17T20:05:11.534945+00:00,1450000,False,500670019,927
UCqShCHSDvCBKDN_GAsnLJmQ,2026-07-17T20:05:11.534945+00:00,1440000,False,132647318,1002
UCYf829WTg8Cpx_a-cPtgSQQ,2026-07-17T20:05:11.534945+00:00,1380000,False,1289248828,2275
UCJPorwyXP29nZW95Gh-nrsw,2026-07-17T20:05:11.534945+00:00,1360000,False,248058303,100
UCu3jIK2NBSXc0_YaFqEuIrg,2026-07-17T20:05:11.534945+00:00,1330000,False,244090674,1092
UCNFDDKoTezuSWbIjjHA76xQ,2026-07-17T20:05:11.534945+00:00,1320000,False,751459801,1340
UC2gpLSHUrXCbWiaBwstZsjg,2026-07-17T20:05:11.534945+00:00,1280000,False,166941473,918
UCnPp3f0r4BywxwgAJqaH6QQ,2026-07-17T20:05:11.534945+00:00,1250000,False,1101179202,5568
UCe13xXtdfx_n0_z1qeXV6_g,2026-07-17T20:05:11.534945+00:00,1250000,False,663600150,3935
UCsiJNM6kab7pDU6OnsskjAg,2026-07-17T20:05:11.534945+00:00,1230000,False,68521792,299
UCGN3TM5lZQ1DAvMwI1LIc8Q,2026-07-17T20:05:11.534945+00:00,1230000,False,124676212,1382
UCrVkiG6Tt5y-yNjFOOGdb3Q,2026-07-17T20:05:11.534945+00:00,1230000,False,222547822,808
UCZWbuCJ-SV3QpxRvgEXGByQ,2026-07-17T20:05:11.534945+00:00,1230000,False,569085860,307
UCU5WmQA3Ur1Yriw5pMqoBNQ,2026-07-17T20:05:11.534945+00:00,1230000,False,92720740,256
UCEuz_HGv5er0LZsztjO4g5Q,2026-07-17T20:05:11.534945+00:00,1210000,False,1315,110
UCu_V8lfzyGspxP-LNFowW9w,2026-07-17T20:05:11.534945+00:00,1200000,False,557518845,768
UCu7cGbQEMgGk8TD0ZYucM5g,2026-07-17T20:05:11.534945+00:00,1190000,False,214872822,6437
UCtZO2c3i1PrtwyeaxaIYHKA,2026-07-17T20:05:11.534945+00:00,1180000,False,799506703,842
UCvsksEXBnVKBj0QiQ6cnTdw,2026-07-17T20:05:11.534945+00:00,1180000,False,1197479925,314
UC0RX5hQE6UpHTjfub4NZSPg,2026-07-17T20:05:11.534945+00:00,1180000,False,236487239,1193
UCHwfjlJXhLKCNsuw2VXr6ig,2026-07-17T20:05:11.534945+00:00,1170000,False,61986931,314
UC7OJJA9sk3SCcatYvhC1_cg,2026-07-17T20:05:11.534945+00:00,1160000,False,248257518,277
UCGB1U55Jf7bp7knbUhCCTMA,2026-07-17T20:05:11.534945+00:00,1160000,False,506751120,67664
UCbkMFGQ_RWIf0OiYeOpf6Ng,2026-07-17T20:05:11.534945+00:00,1160000,False,31241870,294
UCNbM4dl9kN5KDpmDdAW6zOg,2026-07-17T20:05:11.534945+00:00,1150000,False,185305694,1102
UCTcATaNqlaCF4zkZp29BJRQ,2026-07-17T20:05:11.534945+00:00,1150000,False,155562735,134
UC9sglGVfDEqPRb-AJgE4r1g,2026-07-17T20:05:11.534945+00:00,1150000,False,250173657,3784
UCAH7R88V7gz7RqJv78nNOzg,2026-07-17T20:05:11.534945+00:00,1130000,False,349461763,11595
UCjjl50eFDiwDAWeGLvQqMiA,2026-07-17T20:05:11.534945+00:00,1130000,False,63059815,223
UCbLcppYDPaXh-SLaYadLJ2g,2026-07-17T20:05:11.534945+00:00,1130000,False,286234444,819
UCOB66xjgJe-D8jq7579BOwA,2026-07-17T20:05:11.534945+00:00,1120000,False,401046754,506
UCVz1bXiY1pz6Fz_Osm0YYBA,2026-07-17T20:05:11.534945+00:00,1120000,False,231069100,1699
UC6MkngMDyobFNaXOZR0ukyQ,2026-07-17T20:05:11.534945+00:00,1120000,False,1155542551,2861
UCoQOQFHBsBAhobpI8NradTA,2026-07-17T20:05:11.534945+00:00,1110000,False,38915606,561
UCGwSu8n08wtb7RVacaPs9Tw,2026-07-17T20:05:11.534945+00:00,1100000,False,693128879,1632
UC_dr25YJaGIFQtA8D0RTjOQ,2026-07-17T20:05:11.534945+00:00,1090000,False,307006671,976
UCVpjudnF83VEmqVBLNG1rbg,2026-07-17T20:05:11.534945+00:00,1040000,False,81690440,499
UCfdBd-9WWZUv1h7d80Omy8g,2026-07-17T20:05:11.534945+00:00,1040000,False,177104647,829
UCdvzidU6j1UdUBhaEw-LLuQ,2026-07-17T20:05:11.534945+00:00,1040000,False,157044719,2779
UCvoMClO68wGoV5Fvu0KRiqA,2026-07-17T20:05:11.534945+00:00,1030000,False,167797790,1909
UCcbOsE5_4LEjtQi8X2PFxDw,2026-07-17T20:05:11.534945+00:00,1030000,False,356312906,12655
UC0RxmX79uHOBvSKKYAQ7Axg,2026-07-17T20:05:11.534945+00:00,1000000,False,233717551,684
UCwrJnrHM2qRjjiSVk1nlx4Q,2026-07-17T20:05:11.534945+00:00,1010000,False,335588235,902
UCKEKf35apTUvSLs-c1DCekw,2026-07-17T20:05:11.534945+00:00,998000,False,45001072,1203
UCBW2dlXYPIVLwuNQw9aVu-A,2026-07-17T20:05:11.534945+00:00,996000,False,86143830,1076
UCFV00xQSCQSKvWRXgearMzg,2026-07-17T20:05:11.534945+00:00,993000,False,102185175,1232
UC9Slp55-nJIx-q1g_TJEY3Q,2026-07-17T20:05:11.534945+00:00,993000,False,531424428,571
UCdJppX3uAMFMvCTuE9qCowg,2026-07-17T20:05:11.534945+00:00,990000,False,137352425,500
UCppSNX9SEvI6TM1U0GLGQyA,2026-07-17T20:05:11.534945+00:00,977000,False,126539667,1426
UCYM-FoL4inC91SfFcoUpWJQ,2026-07-17T20:05:11.534945+00:00,976000,False,35756322,460
UCp1NZ1G3fkJCgh6eNZ7MG6w,2026-07-17T20:05:11.534945+00:00,934000,False,182698886,84
UCF3FOALs3bDzcdfW0xdYbSA,2026-07-17T20:05:11.534945+00:00,931000,False,119065046,80
UCIoyIVPZEfC2p0dQwAxGiEw,2026-07-17T20:05:11.534945+00:00,926000,False,706202225,1560
UC0CXMeU0432EMgBnlBaY_yA,2026-07-17T20:05:11.534945+00:00,924000,False,115822221,3276
UCQdaCUDjn23rXsgQN6oNjuQ,2026-07-17T20:05:11.534945+00:00,167,False,70613,23
UCmbvStroxG2ia5GDytTr0xA,2026-07-17T20:05:11.534945+00:00,20800,False,2070796,41
UC5R7F4Mw_ZV1c4tYe4UKLIg,2026-07-17T20:05:11.534945+00:00,309000,False,77925017,1502
UCTfmp7vG6zJ5W5k2eDOIwcQ,2026-07-17T20:05:11.534945+00:00,401,False,11632,7
UCwG57eRV0mV1ZYQW7Bzw5FA,2026-07-17T20:05:11.534945+00:00,178,False,2615,5
UCW2UaF1nbMbh6Q1FBqc7vng,2026-07-17T20:05:11.534945+00:00,191,False,3587,11
UC6B3Qvye0VmLOXRPusbGF1w,2026-07-17T20:05:11.534945+00:00,2660,False,906521,54
UCrMLkeUAmsKum1a1cedRCFw,2026-07-17T20:05:11.534945+00:00,31,False,6775,2
UC6b5W9oT4CKgeI3jdDwtlZg,2026-07-17T20:05:11.534945+00:00,3760,False,0,0
UCKjCD_fRV6RfcKv8I9dYA2A,2026-07-17T20:05:11.534945+00:00,804,False,79680,17
UCu_e3pCYZDP-TNlEDmWx6bg,2026-07-17T20:05:11.534945+00:00,22,False,1420,6
UChAN3A6E4AsDR0CsgeAZbYA,2026-07-17T20:05:11.534945+00:00,8,False,1941,6
UCNhJPVwWql6hHk5VMuuLLFQ,2026-07-17T20:05:11.534945+00:00,3,False,50,1
UCnNHFsGC9SdQskFNpCRY8DQ,2026-07-17T20:05:11.534945+00:00,4,False,171,1
UCgUTjskRXI38KbDqwsuXZMA,2026-07-17T20:05:11.534945+00:00,35,False,1493,3
UCY8-WqzL7Mo6WHYyn2IHCUQ,2026-07-17T20:05:11.534945+00:00,23100,False,1718237,69
UC9BCwsmcSwv7G27OuEXRw5g,2026-07-17T20:05:11.534945+00:00,409,False,8229,10
UC7I4zfD2OOPZeY0cR7036DA,2026-07-17T20:05:11.534945+00:00,5380,False,210025,57
UCYJCP45-3I0UeASIHPLsFpA,2026-07-17T20:05:11.534945+00:00,1840,False,357776,15
UC-0Mao449ypwT0j6O4Dq1kA,2026-07-17T20:05:11.534945+00:00,180000,False,2728692,67
UCmnI3z49QvFzLWpNwIgeuBA,2026-07-17T20:05:11.534945+00:00,24100,False,1903889,20
UCdzuoILCS3EvHfFB5K89X_Q,2026-07-17T20:05:11.534945+00:00,334,False,11540,8
UCjqiaXPD0-qpI_NmP6oQDHQ,2026-07-17T20:05:11.534945+00:00,14900,False,1518846,82
UCIFATZpxaqJgockV5AypucA,2026-07-17T20:05:11.534945+00:00,4000,False,491948,270
UCsac4rjgoKC4na1GS1bgS8A,2026-07-17T20:05:11.534945+00:00,315,False,30433,11
UCdyQzIFaYWsep5HLb8fNmOw,2026-07-17T20:05:11.534945+00:00,33,False,2713,8
UC0PN_0AjGZ7Rfk_9zlzKW_A,2026-07-17T20:05:11.534945+00:00,60,False,15677,18
UC7zKtnoBMYSDfOGJ0bCbFeg,2026-07-17T20:05:11.534945+00:00,24,False,8829,15
UCrPfqXI9IoCchcaZz9rY50A,2026-07-17T20:05:11.534945+00:00,99700,False,7492127,129
UCl0Hu9Z8GEZeSNzyP-LCm6A,2026-07-17T20:05:11.534945+00:00,9,False,1971,3
UCKQw2OwROuqrhOuiqSttu6g,2026-07-17T20:05:11.534945+00:00,9010,False,994096,2420
UC2uomGog6kAIluGXp-OnAcw,2026-07-17T20:05:11.534945+00:00,26000,False,453855,18
UC0g2qh1vK_S8ItR6ZSMGlCw,2026-07-17T20:05:11.534945+00:00,138000,False,31067963,144
UCVOZ_y2K3fnUOmuMtnxLk1Q,2026-07-17T20:05:11.534945+00:00,285000,False,64096303,731
UClWdV81I0BoL-GlmPf942Nw,2026-07-17T20:05:11.534945+00:00,209000,False,39044501,251
UCgy3gF6d083mEGUKw5Vjq1Q,2026-07-17T20:05:11.534945+00:00,90400,False,34711916,574
UCV5IOYBamwHotBtYVxBdd1Q,2026-07-17T20:05:11.534945+00:00,71,False,1094,5
UCf2jZoOW2OYB66SQ29OH_Ug,2026-07-17T20:05:11.534945+00:00,296,False,8984,22
UCoYMp_Y0XIfgDMoefUzVFew,2026-07-17T20:05:11.534945+00:00,3,False,37,1
UC0BcYitJuDWf3FOhzGSPKqw,2026-07-17T20:05:11.534945+00:00,38100,False,7140764,31
UCGE-_K4q2RnhuhCqyMWRohQ,2026-07-17T20:05:11.534945+00:00,136,False,3321,54
UCxood6HxMjFCIoHa2dRI1Cg,2026-07-17T20:05:11.534945+00:00,1130,False,257290,15
UCMz4bq9hsPRttGoW1c-amjw,2026-07-17T20:05:11.534945+00:00,8980,False,598469,59
UCUR4bBSPunEgqJ_LXlhPy5g,2026-07-17T20:05:11.534945+00:00,7600,False,216677,67
UCrputd-TfRFkuYCFp3noAFA,2026-07-17T20:05:11.534945+00:00,10500,False,712879,15
UC2PXUxzmQE8jNanGxwndSjw,2026-07-17T20:05:11.534945+00:00,142000,False,10716354,347
UCFdCT7ZJCc9ax1yAqDCQPaA,2026-07-17T20:05:11.534945+00:00,9530,False,409773,108
UCpuVqKQHN72bp67rb7HSUNg,2026-07-17T20:05:11.534945+00:00,9,False,46,1
UCb4I3a5sSdVyXdBwQPG3sTw,2026-07-17T20:05:11.534945+00:00,48300,False,3979034,263
UCKMhiMmqyu2uAl8T3LZiEjQ,2026-07-17T20:05:11.534945+00:00,5530,False,523684,35
UC71SYqwZvY_kXqVA30F-awg,2026-07-17T20:05:11.534945+00:00,102000,False,9521513,158
UClBC9kT7SSFliwTgLQ7Ms4g,2026-07-17T20:05:11.534945+00:00,337000,False,29786571,357
UCmrLu4r89ykOzmtmbAeEklA,2026-07-17T20:05:11.534945+00:00,9410,False,7883725,3819
UCl7bA1c-PseZaAQjNyrFkAA,2026-07-17T20:05:11.534945+00:00,12800,False,918396,43
UCp8jFPHjTrBU_WOGyhXiUXg,2026-07-17T20:05:11.534945+00:00,0,False,102,28
UCIPnCyTWcKHe-C-_mtG0GmA,2026-07-17T20:05:11.534945+00:00,392000,False,33997212,459
UC3oMopXIfvenPQSVfaGifnw,2026-07-17T20:05:11.534945+00:00,20200,False,1190927,102
UCH_Ie8olOLHLJPOS1vaVoOA,2026-07-17T20:05:11.534945+00:00,182,False,75809,25
UCR3KzWW0CU4nWY41_QBfAkQ,2026-07-17T20:05:11.534945+00:00,3160,False,428415,20
UCEWKJTdB9-3gWXbfO8M5y9w,2026-07-17T20:05:11.534945+00:00,824,False,71998,37
UCJEnfxBpv0TwLx_mAf9NXHg,2026-07-17T20:05:11.534945+00:00,2710,False,3107113,67
UCUBN8f1H_gd7aulxB-Ik4tA,2026-07-17T20:05:11.534945+00:00,37700,False,10715240,649
UC-dHEjWS4CibzGtijQC6cOg,2026-07-17T20:05:11.534945+00:00,59,False,4553,33
UCko-rtA7XExCrvdlPTVpBuA,2026-07-17T20:05:11.534945+00:00,61,False,32209,27
UCVWqZXv-sjeFu5jKbQ1cA-Q,2026-07-17T20:05:11.534945+00:00,1180,False,17246,31
UCGnnbsbqbCc7KxSIAbC_d2A,2026-07-17T20:05:11.534945+00:00,32200,False,2400193,414
UCQsNlLN15ybNA4kdtwe-OBA,2026-07-17T20:05:11.534945+00:00,25800,False,2505782,179
UCT_mEOG3Y-gemGUMglejpug,2026-07-17T20:05:11.534945+00:00,4230,False,561620,39
UC5mNdm6_f2fv50Hzsg7qW1g,2026-07-17T20:05:11.534945+00:00,5150,False,1546175,586
UCjFSAzgoCbyyRV1gOxj5jFQ,2026-07-17T20:05:11.534945+00:00,7490,False,639537,96
UCS6wii1nENlRXQpu_1mp5CA,2026-07-17T20:05:11.534945+00:00,174000,False,25695357,719
UCnUro1VEvpuIkbqoM9M8L4A,2026-07-17T20:05:11.534945+00:00,2680,False,230419,30
UC7AxZ0tx8pwt2oQ9hWOP1oQ,2026-07-17T20:05:11.534945+00:00,67,False,24664,87
UCG3AQ93iPpdDeo7Wx_OcgwA,2026-07-17T20:05:11.534945+00:00,85,False,14346,16
UCmQ5zlAPO88XZPWUiEJOn0g,2026-07-17T20:05:11.534945+00:00,106,False,16332,10
UCWUR0yiAHj7MdcJwZrF2lpw,2026-07-17T20:05:11.534945+00:00,1,False,32,5
UCVDZMMJxLQhN-pwv1MOIAaQ,2026-07-17T20:05:11.534945+00:00,12300,False,585895,8
UCQga5Hpkev0t-LW7F56C8mQ,2026-07-17T20:05:11.534945+00:00,756,False,45168,63
UCPfU0uygBGutjaaJU5PpEvg,2026-07-17T20:05:11.534945+00:00,10300,False,5325132,353
UCGe9vzavXCSu7GBIgoPebeQ,2026-07-17T20:05:11.534945+00:00,365000,False,33014924,242
UCpIq1UzT1Gc82vsSxFBZsEw,2026-07-17T20:05:11.534945+00:00,60200,False,11801838,104
UC-DEHYgvcA5bBD3cWo_vSuA,2026-07-17T20:05:11.534945+00:00,599,False,68660,57
UCYHgjr-ghKubcYSgTCVHk8A,2026-07-17T20:05:11.534945+00:00,0,False,6,1
UCd0KBZYeiONMV6ogZQI2z2A,2026-07-17T20:05:11.534945+00:00,1920,False,66032,20
UCTi36zetYBtNR4MW2zSmPjQ,2026-07-17T20:05:11.534945+00:00,365000,False,36559390,396
UCRqtN8wk9rFMujQTAYu8eAg,2026-07-17T20:05:11.534945+00:00,88,False,5807,13
UCiOEgWwAKbfrVb795hqQc9A,2026-07-17T20:05:11.534945+00:00,377000,False,45098276,189
UC4dKy-gRylhUE3SEkW_e11g,2026-07-17T20:05:11.534945+00:00,111000,False,45342420,3709
UCegqG9T-A_SJKIC8oihTHhg,2026-07-17T20:05:11.534945+00:00,194,False,22422,18
UCjzTnRl0ujdKwTh7KHxYCKg,2026-07-17T20:05:11.534945+00:00,712000,False,176617791,800
UCSRcG8jFyWZNmXR1J5YRylg,2026-07-17T20:05:11.534945+00:00,20,False,882,8
UCJlqZbsrcEi3ZNknVGTY_9w,2026-07-17T20:05:11.534945+00:00,66,False,4721,10
UCcJpqRpi5w9OV11xtYgUSUQ,2026-07-17T20:05:11.534945+00:00,121000,False,16649401,840
UCQNgAoq_8JvzI5buAqhgL_A,2026-07-17T20:05:11.534945+00:00,1350,False,148842,155
UC3S32URqLCYK2_AW5lbiiMw,2026-07-17T20:05:11.534945+00:00,72100,False,27169987,71
UCIuZDfuUZsVSb8vIXynez3Q,2026-07-17T20:05:11.534945+00:00,511,False,6933,7
UCiunIA3NykAFQWxoBXFXEOg,2026-07-17T20:05:11.534945+00:00,1670,False,144295,27
UCgnFbY7CoU8sr0ftq8FLbVg,2026-07-17T20:05:11.534945+00:00,1690,False,397468,14
UCKTTWcQAAYCDChIFyc3r4aQ,2026-07-17T20:05:11.534945+00:00,2940,False,237525,21
UCysvAsEtv4BNF0LncxnH5ww,2026-07-17T20:05:11.534945+00:00,199,False,5397,11
UCGHp-wJUS3l4BVHiv08qFzw,2026-07-17T20:05:11.534945+00:00,31500,False,5069200,83
UCALlP9-ExjCgzVht-m5zDsg,2026-07-17T20:05:11.534945+00:00,169,False,23921,53
UCvScUEIPU4_zAnW7cKj64HQ,2026-07-17T20:05:11.534945+00:00,885,False,110108,120
UCcgbUApKo1qfxkTOGYml76A,2026-07-17T20:05:11.534945+00:00,1380,False,105871,28
UCPcyus45q7_BCKodTOOdS4g,2026-07-17T20:05:11.534945+00:00,103,False,9644,13
UCpZJJvZ2HMYBAxcDHRc21YA,2026-07-17T20:05:11.534945+00:00,49,False,6876,16
UCRQDi1gOmaLAmNyVdoMQINQ,2026-07-17T20:05:11.534945+00:00,2560,False,208423,33
UCkf7eD9QJ9wsNP2Ys8CrW0Q,2026-07-17T20:05:11.534945+00:00,105,False,13858,129
UCh1GBh9K3ThnZkJjCdB5-bg,2026-07-17T20:05:11.534945+00:00,265,False,40491,7
UCrSPX3GAYbNXkKZQZoBOVpw,2026-07-17T20:05:11.534945+00:00,29,False,881,8
UCMF4AQ_-dhSxnWHI3mK3jwg,2026-07-17T20:05:11.534945+00:00,831,False,128378,405
UC9WC9lfrR4XNDTn1AiBDinQ,2026-07-17T20:05:11.534945+00:00,11,False,24,2
UCX2n8Tz5He1ylXlv-2ovIsQ,2026-07-17T20:05:11.534945+00:00,1430,False,9247,31
UCDYxMheJ0Pntdz_ijL0AUmA,2026-07-17T20:05:11.534945+00:00,384,False,68152,9
UC7naetdL8FfHSzue4aOUbKA,2026-07-17T20:05:11.534945+00:00,5,False,615,1
UCjZU2f82Q8RGqAg9fUyagsw,2026-07-17T20:05:11.534945+00:00,10,False,67,2
UC3XELynXsjo04O3_2NEhhMA,2026-07-17T20:05:11.534945+00:00,32800,False,7513358,56
UCAf9mUcYimBMC5BN4_ynodA,2026-07-17T20:05:11.534945+00:00,49,False,8977,172
UCtClA8ZJg4YUfO_y9opALZQ,2026-07-17T20:05:11.534945+00:00,42,False,0,1
UCtIzUW426lTNR34-GGMQvrQ,2026-07-17T20:05:11.534945+00:00,21200,False,1426124,342
UC-2JPD5wybLAPIPcIQp2Vgg,2026-07-17T20:05:11.534945+00:00,1890,False,113521,23
UCR8rmSZQ1BD-8CZJAtMdl5Q,2026-07-17T20:05:11.534945+00:00,3340,False,165080,10
UCOWCgndXfQ4DZKp34MXHYHg,2026-07-17T20:05:11.534945+00:00,2720,False,235139,125
UCBIrFQIsJA134Nbemr6n_gQ,2026-07-17T20:05:11.534945+00:00,239,False,7522,10
UCnAKeRXHr_rqxkJb3Be-RlQ,2026-07-17T20:05:11.534945+00:00,35900,False,1589432,54
UChSr-u2fodw5-4aflD-g2YA,2026-07-17T20:05:11.534945+00:00,639,False,85834,49
UCO1D6O3Pi6bJjZ3xsrWQvRQ,2026-07-17T20:05:11.534945+00:00,27000,False,2567154,559
UC5oOEwYdNsvYOkCkWVynRow,2026-07-17T20:05:11.534945+00:00,2320,False,111574,7
UC5A28PUkxGuezY0zv-Hk61Q,2026-07-17T20:05:11.534945+00:00,406,False,19256,9
UC5IM2uMULjHt-0aAfiG8E_A,2026-07-17T20:05:11.534945+00:00,82,False,12481,71
UCl72Edycxp0eF0DlxdQFfTw,2026-07-17T20:05:11.534945+00:00,509,False,38007,51
UCkomTk7AtEOnCmh5S2-9_Fg,2026-07-17T20:05:11.534945+00:00,869,False,124285,11
UCdFAl3bZf7bi7A5HX7USKzg,2026-07-17T20:05:11.534945+00:00,458000,False,58258050,759
UC8Y-LGE9ZKpa53aM3zzBryg,2026-07-17T20:05:11.534945+00:00,2470,False,84468,13
UCJPbMQYL6VewUfp5TJK8lqQ,2026-07-17T20:05:11.534945+00:00,113000,False,10683030,289
UCLWofMl6ouENOuxQwYUPhJg,2026-07-17T20:05:11.534945+00:00,438,False,54764,141
UCgk1kT97AePkRpzM63WENiw,2026-07-17T20:05:11.534945+00:00,19200,False,1564167,387
UCrD9Obf9n-hXg2MuS4IEpkg,2026-07-17T20:05:11.534945+00:00,110,False,9853,12
UCR6rhscnujT_Vcze1wXLOhw,2026-07-17T20:05:11.534945+00:00,45700,False,294312,17
UCu2Vwaw7Df7vw9cwC_g57IA,2026-07-17T20:05:11.534945+00:00,6120,False,674123,16
UCil5Biujb5RNJKRVrGOEzSA,2026-07-17T20:05:11.534945+00:00,4260,False,2586,4
UCOZWavCybhl9Imm-DB06BRg,2026-07-17T20:05:11.534945+00:00,85,False,17582,41
UC9eTKSVgTEyL_3zTKfhdMeQ,2026-07-17T20:05:11.534945+00:00,33,False,5773,35
UC3xB1Mcj2xyGTDizr8cJApA,2026-07-17T20:05:11.534945+00:00,2270,False,3074,5
UCYiQ7oxEKv7U78WdLpUVrFQ,2026-07-17T20:05:11.534945+00:00,13,False,178,1
UCfC-WxdopqJP8dQTyakoIeQ,2026-07-17T20:05:11.534945+00:00,13,False,1660,4
UCmxLF29mnXea_nL5kaOqD2w,2026-07-17T20:05:11.534945+00:00,9970,False,1673611,41
UCqDMvUe1Zy9QzR-F6X7B5pw,2026-07-17T20:05:11.534945+00:00,8910,False,1312657,285
UCqxK13l4trqLDRa302oAZIw,2026-07-17T20:05:11.534945+00:00,546,False,189326,19
UCU94S60IBq_xSUtM0FBYC8A,2026-07-17T20:05:11.534945+00:00,768,False,32988,7
UCS7TOzC8cRTnUklI6cch2zA,2026-07-17T20:05:11.534945+00:00,1160,False,151815,63
UCaA8YO1rCyi3bvqnZFLwDtA,2026-07-17T20:05:11.534945+00:00,485,False,40829,27
UCZL4e5M_Wf09fdZJkPuALRw,2026-07-17T20:05:11.534945+00:00,12,False,7104,13
UCxqp4S-Aqq09FNFUbU5L-KA,2026-07-17T20:05:11.534945+00:00,382,False,97113,6
UCc7NENWrEDB0ZNVDV69aavg,2026-07-17T20:05:11.534945+00:00,0,False,3,1
UCUPFH5NDPM3_hOdbqQLKjuQ,2026-07-17T20:05:11.534945+00:00,12,False,951,10
UCkN9tZjeEbf13vyYI4lXKsw,2026-07-17T20:05:11.534945+00:00,34,False,7406,8
UC6DeeXYWVGnGKd68O5x5WQA,2026-07-17T20:05:11.534945+00:00,11,False,727,5
UC2ya22E7myYwZB4BPbUsPtw,2026-07-17T20:05:11.534945+00:00,5400,False,407101,44
UCbGOccaksSx9TbF9vKdH1Mw,2026-07-17T20:05:11.534945+00:00,19,False,1580,21
UCQWHQTa-vX2UjI1yhFSVpOw,2026-07-17T20:05:11.534945+00:00,10,False,22,2
UC3TyI8BNpT1YaEuSTc1Cg-A,2026-07-17T20:05:11.534945+00:00,5,False,244,11
UCl4MonVoWRx3HqAh3Efw2Jg,2026-07-17T20:05:11.534945+00:00,65600,False,6057673,647
UC7di5zivMKpYOmhyhZ2nVvg,2026-07-17T20:05:11.534945+00:00,18800,False,4589256,273
UCmRi6WxTmNsHGRsLCI_h4aA,2026-07-17T20:05:11.534945+00:00,765,False,190710,156
UC9ldW_CaS6RM1OTlmV3llkg,2026-07-17T20:05:11.534945+00:00,719,False,29041,11
UCXcSNGv5IVG6LaKta20Cqwg,2026-07-17T20:05:11.534945+00:00,1330,False,49203,75
UCrcATWZGF_p53r38i6VK0eA,2026-07-17T20:05:11.534945+00:00,11700,False,892688,744
UCvNv4wVoRpqzvaW4p-PnSqw,2026-07-17T20:05:11.534945+00:00,186,False,3331,9
UC7etbDk-NvIZhzvjdUAYXxQ,2026-07-17T20:05:11.534945+00:00,22,False,12710,11
UC-TPAJpit-cnGUG-zWliKFw,2026-07-17T20:05:11.534945+00:00,8320,False,2960686,492
UC6CeurhVnSDDXMAq78FdTTA,2026-07-17T20:05:11.534945+00:00,496,False,47494,70
UCIKg0Ev6Vq2M7hU7bL_jHFQ,2026-07-17T20:05:11.534945+00:00,658000,False,186542063,15889
UCSPkz9U2u1vAsUqGWYEk7MQ,2026-07-17T20:05:11.534945+00:00,204,False,23262,16
UCah_QCw7uHZtIDzOW6-oK4g,2026-07-17T20:05:11.534945+00:00,1510,False,1491779,486
UCo0fodGX_3gepaWfjc2MyLA,2026-07-17T20:05:11.534945+00:00,36,False,16281,8
UCKVq53n8k4csrHeC1T43NYw,2026-07-17T20:05:11.534945+00:00,15200,False,114805,33
UCkVKdDTks0XJ3COH6RI1l8Q,2026-07-17T20:05:11.534945+00:00,32,False,11209,13
UCTap3NT20DO3BaUnxBV9I0A,2026-07-17T20:05:11.534945+00:00,99,False,14960,23
UC8IP1bYxoeFVP5BP7JwG76w,2026-07-17T20:05:11.534945+00:00,286,False,15649,110
UC2_Gkq64V-2UbPLMt39mnaw,2026-07-17T20:05:11.534945+00:00,3750,False,879314,120
UChwjz-THeefGm2mSbYB37Wg,2026-07-17T20:05:11.534945+00:00,2140,False,912220,87
UCh3ACc11ECpUWZKnagOgEbQ,2026-07-17T20:05:11.534945+00:00,8,False,962,6
UCjM-a_T7cY_nR7NbPpV_vvg,2026-07-17T20:05:11.534945+00:00,47800,False,5311623,214
UCx-7U8L664YJgngQp1ew51w,2026-07-17T20:05:11.534945+00:00,121,False,3156,10
UCBwuL2xjgCtQS9sxEjd4xMw,2026-07-17T20:05:11.534945+00:00,45,False,6847,20
UCiN8pQvSxfW1o9TSZN8Bf9g,2026-07-17T20:05:11.534945+00:00,62000,False,6283615,98
UCEneEx_9xYHkAAjFdLnBxQA,2026-07-17T20:05:11.534945+00:00,232,False,285110,178
UCzZNkL3RsR2x30Qs2dE2hqg,2026-07-17T20:05:11.534945+00:00,107,False,57189,58
UCWrJW5qgCKGpYAxyMCp5Hxg,2026-07-17T20:05:11.534945+00:00,186000,False,33141872,775
UCJ3yi0qMXqDFNNEqkMPHwrw,2026-07-17T20:05:11.534945+00:00,194,False,88849,109
UCZw-8vhDi8SvEjHgHI4WTMw,2026-07-17T20:05:11.534945+00:00,6,False,4954,21
UCVJRiEXH8SpQhiL9G6ryynA,2026-07-17T20:05:11.534945+00:00,20800,False,822279,35
UCzfbJKcwa21jG1zYGEG1OBQ,2026-07-17T20:05:11.534945+00:00,258,False,12637,10
UCyeFZYnUsbqGrnIqriHDWxQ,2026-07-17T20:05:11.534945+00:00,2,False,378,1
UC-CPG8774sPO9u5Uykx60Yg,2026-07-17T20:05:11.534945+00:00,0,False,20,6
UCKBotsXrIQ4ZQlGGh-LuttQ,2026-07-17T20:05:11.534945+00:00,6,False,70,3
UCL6CPo74VXtsNZokcnIkzmQ,2026-07-17T20:05:11.534945+00:00,604,False,43035,74
UCzaTdeRzUq5ionIu8qWw88A,2026-07-17T20:05:11.534945+00:00,18,False,685,2
UC52oHirf4jHa4_HSXw6yUhA,2026-07-17T20:05:11.534945+00:00,1,False,7,1
UCHxH_-4U4y6OuGqe5XiWWqA,2026-07-17T20:05:11.534945+00:00,196000,False,11817467,678
UCLbE_xq1etxULkX-7T7FbEA,2026-07-17T20:05:11.534945+00:00,22100,False,337256,152
UC9ZBA7S_lucysinN4TrSeHw,2026-07-17T20:05:11.534945+00:00,114,False,33120,6
UCrXH3bjqSAndzb72KkauIrg,2026-07-17T20:05:11.534945+00:00,66800,False,6362059,187
UCJY1-jawEq7c9U7mY6xA4vQ,2026-07-17T20:05:11.534945+00:00,23500,False,40395536,825
UCP-yI2ffacN8bZyBatqWcbA,2026-07-17T20:05:11.534945+00:00,5340,False,766098,63
UCRkzL0-FkIP36GH4O6CTNqw,2026-07-17T20:05:11.534945+00:00,3,False,9,1
UCJA0a_Ggz9huEg9qmz8zm3g,2026-07-17T20:05:11.534945+00:00,96,False,30977,9
UCjep8IdTLwBrVmwstBfccPw,2026-07-17T20:05:11.534945+00:00,1,False,24,2
UCl7t-NMya4EY-aLXiudLFaA,2026-07-17T20:05:11.534945+00:00,5,False,107,5
UCx5Rp-vL2d7IqLWqV5cBQHg,2026-07-17T20:05:11.534945+00:00,151,False,25443,49
UCQeYJy0YInj69dHrh4cMn5Q,2026-07-17T20:05:11.534945+00:00,352,False,97365,97
UC5-bq5cxEBTPRH58MSb5p7Q,2026-07-17T20:05:11.534945+00:00,110,False,2559,70
UCI2e1y5DEClmDQgSEDl9qZQ,2026-07-17T20:05:11.534945+00:00,236000,False,10953784,143
UC9njmypEq3Xz06jbUJ-85vQ,2026-07-17T20:05:11.534945+00:00,117000,False,35436340,212
UCzawCs4xEp6Nllm4DbnjrxA,2026-07-17T20:05:11.534945+00:00,875,False,34237,11
UCMayHG7j39d11Gh36vV7GnQ,2026-07-17T20:05:11.534945+00:00,34800,False,203210,786
UCxVVJnWg8B7u6fh_U1nZBFQ,2026-07-17T20:05:11.534945+00:00,5,False,61,1
UCSw_5fZrselH_au61zvIpJw,2026-07-17T20:05:11.534945+00:00,76000,False,4955179,1270
UCsHad6HWytp_Xp-6NomY_yQ,2026-07-17T20:05:11.534945+00:00,484,False,80328,77
UCBR9iW2qo_7LP9_9u3A2ZeQ,2026-07-17T20:05:11.534945+00:00,360000,False,24868111,1582
UCXBHPGYTwiBvTIk5dl9-r6Q,2026-07-17T20:05:11.534945+00:00,185000,False,14724940,1728
UC1dfhQyj962rwYPVLi3OHLg,2026-07-17T20:05:11.534945+00:00,708000,False,52743069,1887
UCpoFVjuq1ALkaLXUCpn_GuA,2026-07-17T20:05:11.534945+00:00,2180,False,429759,701
UCcFyjFWJPQ3YA1-BMnmwkhQ,2026-07-17T20:05:11.534945+00:00,44200,False,3205044,349
UCoNaQS6wefjNVFkwvxrzAYw,2026-07-17T20:05:11.534945+00:00,161000,False,31958261,3536
UCnRg3w-mhthPX-3Wa1cAKDQ,2026-07-17T20:05:11.534945+00:00,1,False,10,2
UC72XNqS419B9_0a-wqngKSA,2026-07-17T20:05:11.534945+00:00,8,False,84,7
UC_Yt4EUT5dtwOxMm6sheYrQ,2026-07-17T20:05:11.534945+00:00,371000,False,93585058,944
UCXLyL2Fg5DZouTYsYtRT0WQ,2026-07-17T20:05:11.534945+00:00,60100,False,11426908,2385
UCKC83VK5PenX2ocZ4JF7YiQ,2026-07-17T20:05:11.534945+00:00,26,False,805,10
UCiiq12phPwfMHaGFVolH4Ag,2026-07-17T20:05:11.534945+00:00,60500,False,10126406,817
UCPBzejSb3mj_2xRh_VdIiEg,2026-07-17T20:05:11.534945+00:00,221000,False,20838995,368
UCqeQG7PhP7KDQdGo4ZPP63w,2026-07-17T20:05:11.534945+00:00,56,False,15724,32
UCiLbj6E-dvR3tDLKigo2juQ,2026-07-17T20:05:11.534945+00:00,94800,False,17609728,675
UCjiRWN2f2BN77HG_ueCgldg,2026-07-17T20:05:11.534945+00:00,122,False,16983,13
UCI-teIr7yMeLi4Z3LW4LNRg,2026-07-17T20:05:11.534945+00:00,175000,False,30293960,1330
UC-HguykxEb6N5HPA4kpOTOw,2026-07-17T20:05:11.534945+00:00,1070,False,35110,244
UCAyTTE7S0i95nzjKqcm1Xaw,2026-07-17T20:05:11.534945+00:00,9060,False,240839,266
UCf48pki8AqjBHuV80LcC7kA,2026-07-17T20:05:11.534945+00:00,82000,False,4390369,389
UCRaLvUrrj_901Anrljs1F2g,2026-07-17T20:05:11.534945+00:00,13800,False,1350630,330
UCXDVbH3h2qb8y5POSwIHYGQ,2026-07-17T20:05:11.534945+00:00,17,False,1420,11
UCuKu1AFWC8Wk6AWMveGwcxg,2026-07-17T20:05:11.534945+00:00,21,False,1528,40
UCGcSIA9ATSpQKxa8nxI4wBQ,2026-07-17T20:05:11.534945+00:00,54200,False,3589821,2434
UC5uGexidH3WqbErqSX_EGJA,2026-07-17T20:05:11.534945+00:00,54500,False,10983724,1231
UCwAutt7DEppZqxCQJy70Hgg,2026-07-17T20:05:11.534945+00:00,56,False,2098,29
UC80f3P-Wfj5TL_sl4gxgw1A,2026-07-17T20:05:11.534945+00:00,2310,False,267686,128
UC0PdkCm3QlHJ8HdH4JeNirA,2026-07-17T20:05:11.534945+00:00,396000,False,64432874,374
UCm-TXzgh9U2K3wjWzY0XX0A,2026-07-17T20:05:11.534945+00:00,79300,False,16249480,1025
UCVleILOsIPcrXCuOoM3Od3w,2026-07-17T20:05:11.534945+00:00,18,False,610,14
UCVBt_Exv9FMcM6F09AZNcew,2026-07-17T20:05:11.534945+00:00,158000,False,22199549,550
UCYIDsYMpNDgbjUdTv8b_ywA,2026-07-17T20:05:11.534945+00:00,51,False,554,17
UCzmfyGW0j33HPvGb3hOEIiA,2026-07-17T20:05:11.534945+00:00,2,False,15,1
UCgMhQ6pyGiOyDZYWVByxrow,2026-07-17T20:05:11.534945+00:00,1,False,11,1
UCLc1xgiAaIecWUs1Nqgz_GA,2026-07-17T20:05:11.534945+00:00,41,False,1121,3
UCYTY-C4OFmUdIwi6wghybAA,2026-07-17T20:05:11.534945+00:00,5,False,1047,15
UChrXmunslU0Xg7MVsJs5Kkg,2026-07-17T20:05:11.534945+00:00,2080,False,66903,18
UCjyASLgz5_yLQtK0fNCNNmg,2026-07-17T20:05:11.534945+00:00,113,False,22532,20
UCFT4DBU0rueVksywB2DKhXQ,2026-07-17T20:05:11.534945+00:00,118,False,6645,5
UCt0fx_wES8OcWtaVDxtL5IQ,2026-07-17T20:05:11.534945+00:00,3,False,30,1
UCFSkBRHrYDfJJCa5-Y_-zww,2026-07-17T20:05:11.534945+00:00,10,False,3127,27
UClOoepx2VEpv_of07JeaYuA,2026-07-17T20:05:11.534945+00:00,427,False,6576,13
UC2VxdMY2G0Qab-nI4ufkBUA,2026-07-17T20:05:11.534945+00:00,37,False,1766,11
UCPj9Pb6SMGNVjRnLX19wthw,2026-07-17T20:05:11.534945+00:00,116,False,3165,8
UCEu3EhYF3HsY9ZSGYfpFo2w,2026-07-17T20:05:11.534945+00:00,20,False,390,8
UCatZcG-Y8eowAa6S_PsWSCg,2026-07-17T20:05:11.534945+00:00,126,False,2959,9
UCVwEHCzHFsn8_5LhjMFqSiA,2026-07-17T20:05:11.534945+00:00,8210,False,798375,225
UCMTUdyDebV02ruOdZlcS4Dw,2026-07-17T20:05:11.534945+00:00,809,False,237678,152
UCxSH_l2EKLPUB-HOjlZRabw,2026-07-17T20:05:11.534945+00:00,12800,False,581530,28
UC-t7Vw_L9ORj7gvyGUOaeSg,2026-07-17T20:05:11.534945+00:00,164000,False,19034495,217
UCrdRoTbNO_UgcUFLfpfwFAQ,2026-07-17T20:05:11.534945+00:00,156,False,28265,21
UCkLA7sLLrCERBrtvBTAh_jg,2026-07-17T20:05:11.534945+00:00,25100,False,946790,20
UCxXmqLKcZGhsVDaDbS0PdjQ,2026-07-17T20:05:11.534945+00:00,48,False,310,3
UC9ydRoXpQVhwb3sM7VY8xNg,2026-07-17T20:05:11.534945+00:00,70,False,7930,29
UCKcM7k794WST-IRv1-lhiZg,2026-07-17T20:05:11.534945+00:00,748000,False,236363568,829
UCFR0f22_j0nAbM4KSboSRoQ,2026-07-17T20:05:11.534945+00:00,266,False,5312,5
UCqheHQifQ6fdY_A9PCY5y3A,2026-07-17T20:05:11.534945+00:00,96900,False,20901052,224
UCAqSq3iNGYSbw9mSFzVIANQ,2026-07-17T20:05:11.534945+00:00,170000,False,16727733,577
UCZQmoW-xsgVqtTjupYvu3aQ,2026-07-17T20:05:11.534945+00:00,176000,False,37185509,420
UCEHs7ymn9hxSJMHLlcFLj0w,2026-07-17T20:05:11.534945+00:00,454000,False,57466818,312
UCB6tVmll-6XbKyS3fq8P4MA,2026-07-17T20:05:11.534945+00:00,0,False,464,9
UCwu2-m6rUdk7s7DkxfAX8Ng,2026-07-17T20:05:11.534945+00:00,638,False,144691,176
UCiPssoHLvUfNEXLEhZ29rXg,2026-07-17T20:05:11.534945+00:00,10,False,2806,22
UCSLQ5eH_suWb8TOdNcZRMjw,2026-07-17T20:05:11.534945+00:00,5,False,69,13
UC5IDHX2sg9Hg_FPkXGUj_gw,2026-07-17T20:05:11.534945+00:00,618000,False,94039676,90
UChjjQEg9N3ySQae_eGitULg,2026-07-17T20:05:11.534945+00:00,625000,False,84483453,455
UCkjcwbJJld7G6dCnfgl6qDA,2026-07-17T20:05:11.534945+00:00,2750,False,730781,15
UClfq6WEgQm3MG6b30xJhX3g,2026-07-17T20:05:11.534945+00:00,59400,False,3258331,126
UC4u1g0CCUxvU8-LacEFjNbg,2026-07-17T20:05:11.534945+00:00,10900,False,2574995,89
UCEuS493FuYJu_jGLfEjksUQ,2026-07-17T20:05:11.534945+00:00,1,False,23,5
UC1BSMzeIFCVLaTI2-l8mJbw,2026-07-17T20:05:11.534945+00:00,47000,False,1826202,132
UCeBl9tHpIdmkgw28ksDcksw,2026-07-17T20:05:11.534945+00:00,10,False,722,12
UC86sU6a8ChHViy7d5A572XA,2026-07-17T20:05:11.534945+00:00,2,False,352,1
UCZ15AWyHjVSCJeO23w2XeFQ,2026-07-17T20:05:11.534945+00:00,8450,False,336745,371
UC1ySZNkW3MXd56ZtV8-fz_A,2026-07-17T20:05:11.534945+00:00,11,False,4939,3
UCsFgtHMZvAMQEB5zCevTShg,2026-07-17T20:05:11.534945+00:00,56,False,30842,18
UCXhlGsKYnxqX9TpH09ag1Cw,2026-07-17T20:05:11.534945+00:00,5050,False,1684107,103
UCgGWyBs51NVNDxP-tXEhlZw,2026-07-17T20:05:11.534945+00:00,1380,False,393721,9
UCUWhnu7bh2ECcMKi0wG-pew,2026-07-17T20:05:11.534945+00:00,63,False,27005,11
UCYexbZ1rWNtHaUWenQvdHJA,2026-07-17T20:05:11.534945+00:00,53400,False,2998668,48
UCCtVnTTW7GsgJ8D33k4KbkA,2026-07-17T20:05:11.534945+00:00,34,False,66,3
UCXIS2lijUruCqWeRQKQKCSw,2026-07-17T20:05:11.534945+00:00,134000,False,14790901,128
UC5IxEcbW-cbhLOAKg7UQsyA,2026-07-17T20:05:11.534945+00:00,578,False,1436,11
UCh3MHrepNNU7gNTcbiFzStQ,2026-07-17T20:05:11.534945+00:00,104000,False,18827323,74
UCOje-ElpruRxg2XWnWwue7w,2026-07-17T20:05:11.534945+00:00,7420,False,1146118,642
UCgPL5V2N_KEDSyWvMwHt2nw,2026-07-17T20:05:11.534945+00:00,475000,False,23836772,42
UCosifsD2B8zG_XK8cZaJBpA,2026-07-17T20:05:11.534945+00:00,146,False,2413,6
UCBYLGKCYp3Rif2-b4pavuFQ,2026-07-17T20:05:11.534945+00:00,169,False,72457,12
UCTnx__S9s_zFVrC-Fitk7aw,2026-07-17T20:05:11.534945+00:00,30,False,15899,32
UC7bgn4zfZzuw5-MihWRgvaA,2026-07-17T20:05:11.534945+00:00,1,False,375,6
UCOPqjdQOIF6faslRMEruJmA,2026-07-17T20:05:11.534945+00:00,38,False,46036,17
UCXPIsa4Ttpl8_o2eBiwD-AA,2026-07-17T20:05:11.534945+00:00,24,False,78,7
UC4H4KmSqTkpWz0EoTIrsiig,2026-07-17T20:05:11.534945+00:00,17400,False,2068626,60
UCVga8hUL-cDl-VoMsKo6N5Q,2026-07-17T20:05:11.534945+00:00,17,False,494,43
UCHkXFXiZv85kyB7t99NqDdA,2026-07-17T20:05:11.534945+00:00,154,False,141731,81
UCLUj4rhnM1CTio9dwMYSejw,2026-07-17T20:05:11.534945+00:00,3,False,753,1
UCJVVJ5pZyCRNV3AZOIuJf6w,2026-07-17T20:05:11.534945+00:00,137000,False,5578163,44
UCDKnzkS4TyUKVc-vpLMMSDQ,2026-07-17T20:05:11.534945+00:00,125,False,39846,36
UCrWPzTW4EjXNQGcCkCfOvog,2026-07-17T20:05:11.534945+00:00,261000,False,74519040,1232
UCGRcGg4t8Q3iMit9hbQg7WA,2026-07-17T20:05:11.534945+00:00,15,False,1844,33
UCioXrNKJmGBJGR0ilJhRDag,2026-07-17T20:05:11.534945+00:00,1,False,34,1
UCkVbb15N6sp5SryO7prYixA,2026-07-17T20:05:11.534945+00:00,37,False,10153,12
UCFRwOpIwDtvvGme0tKvPJyA,2026-07-17T20:05:11.534945+00:00,2,False,10,2
UCxUaYBTmKLpsziwQVMytY6g,2026-07-17T20:05:11.534945+00:00,36800,False,7388363,12
UCcspHoBTj_aLhnJLwkMpWHQ,2026-07-17T20:05:11.534945+00:00,870000,False,94990249,6435
UC_q4jmKoF4FfB43jwAqpm2Q,2026-07-17T20:05:11.534945+00:00,440,False,68899,52
UCjnltM-l0BRyM0b8cGkxMfQ,2026-07-17T20:05:11.534945+00:00,161000,False,11222634,105
UCTeryK_nffN6lnRo8dTD3_g,2026-07-17T20:05:11.534945+00:00,207,False,22256,56
UCsBb0l44dVKTb1D3PEBQBHg,2026-07-17T20:05:11.534945+00:00,9650,False,362563,27
UC3B8DsQfdiZhRW1NgPLW5RA,2026-07-17T20:05:11.534945+00:00,8250,False,1151625,27
UC86pHmODF9apAFq1YT_XeGQ,2026-07-17T20:05:11.534945+00:00,3,False,348,1
UCUuFKRtJqnTVb0aFfvpvBFA,2026-07-17T20:05:11.534945+00:00,41800,False,12219512,177
UCqCA-n5WK8EUw4Eoahevw9Q,2026-07-17T20:05:11.534945+00:00,1270,False,600234,19
UClgUjjsMd98qJ8FsND9pnDA,2026-07-17T20:05:11.534945+00:00,733,False,19011,11
UC12ZTj8klKOLs6vmJO_vWkQ,2026-07-17T20:05:11.534945+00:00,1300,False,216288,33
UCEbTQZF9_vDOducFY8gOfag,2026-07-17T20:05:11.534945+00:00,31800,False,12585978,283
UCu_ocDeJ-wty_Y1IiittaBA,2026-07-17T20:05:11.534945+00:00,643000,False,183834738,252
UCZivNOQ8ZxF_ruxCbgmF--w,2026-07-17T20:05:11.534945+00:00,418,False,93134,64
UCvsGfSa4Cr_XCUKml0Tf5Kw,2026-07-17T20:05:11.534945+00:00,3,False,28,2
UC8FYRKeN-lbZaNr2qRYGSZA,2026-07-17T20:05:11.534945+00:00,4820,False,1304243,72
UCIWwramZAbndPTyFIMXWXlA,2026-07-17T20:05:11.534945+00:00,9170,False,3137632,1003
UC2T_spwjvYZerN3QGuXsBhQ,2026-07-17T20:05:11.534945+00:00,12200,False,924672,182
UCWJpvaMY_cRnUm6GvK_89ng,2026-07-17T20:05:11.534945+00:00,15200,False,1242292,53
UCPXSUKHTNc1_hnHuj-UiQWQ,2026-07-17T20:05:11.534945+00:00,535000,False,200342687,28770
UCn9hHwCJBKMiuch85uM6rNg,2026-07-17T20:05:11.534945+00:00,14200,False,848018,195
UCAGQUfHzdsgxJ1pq2XDS2TQ,2026-07-17T20:05:11.534945+00:00,82600,False,10641858,2219
UCDuaezc_5fyQleDwoxwKtbg,2026-07-17T20:05:11.534945+00:00,684,False,2393,3
UCxPInZUzPis7B5UWJN3ZXLA,2026-07-17T20:05:11.534945+00:00,178000,False,0,0
UCPpvyKrN0dA1_D2RL8mORVA,2026-07-17T20:05:11.534945+00:00,214000,False,22368637,67
UCs_EGe7JGaWlCFlMIPpYZGg,2026-07-17T20:05:11.534945+00:00,59500,False,5244390,189
UCS0DeHog4YaV5e87rkANmKw,2026-07-17T20:05:11.534945+00:00,1800,False,123176,61
UC3TT-kt050TudOWfym4uhMQ,2026-07-17T20:05:11.534945+00:00,197000,False,30404887,657
UC3JbjbgQtvmwoadU-oT6YUA,2026-07-17T20:05:11.534945+00:00,11,False,62,5
UC23xOSeqSr40JFEOkohtAGQ,2026-07-17T20:05:11.534945+00:00,114000,False,26144851,487
UCvbxIKWQmX355KaGtSqLXKQ,2026-07-17T20:05:11.534945+00:00,382000,False,77444346,211
UCIsE2RY5O1mE0hl67gvDD7w,2026-07-17T20:05:11.534945+00:00,2850,False,915158,481
UCHk640jo72xmcs5gKtd3GVw,2026-07-17T20:05:11.534945+00:00,25200,False,3247532,123
UCOiMY00_ZLijPF6InrCl0TA,2026-07-17T20:05:11.534945+00:00,331000,False,72179933,2540
UC0_9-ADpcwC-YNiWuDz1bKA,2026-07-17T20:05:11.534945+00:00,419000,False,29991583,709
UCp3vt0JWTbhd15j9PSn3RnQ,2026-07-17T20:05:11.534945+00:00,85000,False,57149747,1428
UC18KIGLmSb0K312PHClqtHw,2026-07-17T20:05:11.534945+00:00,178000,False,33609458,1258
UCUnPyz9Zu480oqfO9n_RDiA,2026-07-17T20:05:11.534945+00:00,159000,False,40205009,558
UCfBXT1XI3BfBFML8Wg00FTA,2026-07-17T20:05:11.534945+00:00,427,False,14233,47
UCUpvT0j2QZvlkbJmM38erCQ,2026-07-17T20:05:11.534945+00:00,4450,False,584894,22
UCLNz9bgiJfM3ImTtYDOt8Ew,2026-07-17T20:05:11.534945+00:00,339000,False,114380691,4889
UCzU_6iBDwAcqYomK_a_rmuQ,2026-07-17T20:05:11.534945+00:00,602,False,100574,10
UCTxXY_FT-63kBRYoW3-sGNg,2026-07-17T20:05:11.534945+00:00,13400,False,260463,4
UC6YskSjbx6ejLZxlw0ou7ug,2026-07-17T20:05:11.534945+00:00,11100,False,1389322,30
UCcg4tDKgPLIc_x3lhWdogLg,2026-07-17T20:05:11.534945+00:00,810000,False,323460116,7445
UCvDr-HqfLpzfuj5lx7GcGXQ,2026-07-17T20:05:11.534945+00:00,0,False,1721,4
UCFdAs4DEkB7WkCbgrU9J1fA,2026-07-17T20:05:11.534945+00:00,15700,False,3164136,590
UCA0moWkA3pQGtAP4hHMqrOA,2026-07-17T20:05:11.534945+00:00,84,False,31679,91
UCn39xNZ42C93DHXbbRH2mgA,2026-07-17T20:05:11.534945+00:00,7450,False,467589,351
UCqrqt9Egbp4Voh3iEUUoorw,2026-07-17T20:05:11.534945+00:00,131000,False,20940940,34126
UCMkW7S3IszN1L9u1bLw23rQ,2026-07-17T20:05:11.534945+00:00,69700,False,2224847,816
UCEmpXzM-MOJMHaT5UsVfaEg,2026-07-17T20:05:11.534945+00:00,16,False,7752,13
UChahDwQQmHd9j751l7fuH7Q,2026-07-17T20:05:11.534945+00:00,114000,False,2971495,288
UCcijXxFzSXgoM6q9cCtT9PA,2026-07-17T20:05:11.534945+00:00,287000,False,67993550,10213
UC8lKgUHo-2mSR5cRRXO9xow,2026-07-17T20:05:11.534945+00:00,615000,False,177322691,26594
UC3bSm764H0fTAoYuutH9ggw,2026-07-17T20:05:11.534945+00:00,1590,False,77604,65
UC_AuTY5qqpUUYFLSDQIbOsg,2026-07-17T20:05:11.534945+00:00,94200,False,25664256,2975
UCrEtbePpVwOMRaAootmBCAg,2026-07-17T20:05:11.534945+00:00,4630,False,223160,42
UC6Ev8_cL6cG66bFVzRaUepw,2026-07-17T20:05:11.534945+00:00,35,False,183,5
UC3E_EvS__3XRgrUzv8D3L-g,2026-07-17T20:05:11.534945+00:00,5470,False,21111,415
UC_Urg845xBIOarYXBx_Ko2w,2026-07-17T20:05:11.534945+00:00,732,False,539230,196
UCafYOro0A5GJOp-KrVRDvcQ,2026-07-17T20:05:11.534945+00:00,113,False,15705,133
UC51zuWdRyNbQxFfy-4x6U6Q,2026-07-17T20:05:11.534945+00:00,24,False,163,14
UCyhM9-y17fHHp-laYCEvT2g,2026-07-17T20:05:11.534945+00:00,37900,False,4314796,882
UCbs_P6cKId42qs_FDMsz19Q,2026-07-17T20:05:11.534945+00:00,1360,False,194121,70
UCML_TNcLNqyCSdeDgnNyJTw,2026-07-17T20:05:11.534945+00:00,1,False,3,3
UCaKYfTolJ4s286DJ5QOFffw,2026-07-17T20:05:11.534945+00:00,1200,False,266634,321
UCPaa9NR1c6o7QW8kHYbR9Rg,2026-07-17T20:05:11.534945+00:00,3160,False,2396869,399
UC157V7VoMJATIyMjFgdpqZg,2026-07-17T20:05:11.534945+00:00,3,False,135,42
UCM4-TLxH9bFDlsjc6BlbsIA,2026-07-17T20:05:11.534945+00:00,20500,False,2306243,269
UChDDErhFN18hQ-NifYMMbVA,2026-07-17T20:05:11.534945+00:00,22,False,2324,15
UCzCVi9bCpsIZUUffGpxLfiA,2026-07-17T20:05:11.534945+00:00,3,False,939,9
UC2g41HU_n90TRNyLO6fUXew,2026-07-17T20:05:11.534945+00:00,1160,False,1961,4
UCcL1eq4qKv6-JueaA7b9bYg,2026-07-17T20:05:11.534945+00:00,6,False,891,4
UClcIQJ6q-HsROoyWms8B8tg,2026-07-17T20:05:11.534945+00:00,997,False,84682,138
UCXn1a_JRiiunkEVS9tamdCA,2026-07-17T20:05:11.534945+00:00,37500,False,7776768,357
UCmpeSI8ZXpacOJxa8ZmcvwQ,2026-07-17T20:05:11.534945+00:00,5,False,8,1
UC8aWSj_OsQSWPtENE_x8fxA,2026-07-17T20:05:11.534945+00:00,3,False,221,3
UCFha4tuRJFmgCWWrMBaa7wQ,2026-07-17T20:05:11.534945+00:00,0,False,1397,3
UCsUTgXEGvOQ8u1HOsd84d4A,2026-07-17T20:05:11.534945+00:00,59,False,5824,18
UCbCAIiyYUDoFFIzXS0HxYTA,2026-07-17T20:05:11.534945+00:00,14000,False,1577405,739
UCs3KUhfBDaWTMbkowlETe7w,2026-07-17T20:05:11.534945+00:00,85,False,34207,363
UC96GNvGfTbmk48uPiB5niog,2026-07-17T20:05:11.534945+00:00,3,False,705,19
UCa0nd8c704ALVa1c2co029g,2026-07-17T20:05:11.534945+00:00,2450,False,247093,137
UCd-gmzevnJBe9jHuNDMrI0w,2026-07-17T20:05:11.534945+00:00,74600,False,13335839,696
UC2kr46MvcoHAxgdJUNMFTiQ,2026-07-17T20:05:11.534945+00:00,2,False,79,2
UCr27vXsqJXYjFy-vepngPWg,2026-07-17T20:05:11.534945+00:00,3,False,3393,5
UCA4AwsXHfkJgvxErkzu5_6Q,2026-07-17T20:05:11.534945+00:00,6,False,11,1
UC324VVhYKykBv01GecF4aYg,2026-07-17T20:05:11.534945+00:00,57,False,2041,134
UCg22fUwQQF-7Sf6-TIVIFrA,2026-07-17T20:05:11.534945+00:00,112000,False,14178482,833
UCZa8YdngxbZdNnokd4h4bLA,2026-07-17T20:05:11.534945+00:00,20,False,610,16
UC2XIOeKtUY6lDhZRzhvKAVw,2026-07-17T20:05:11.534945+00:00,13200,False,1112127,29
UClQCAmEX_lgQeIYpZc0bYLw,2026-07-17T20:05:11.534945+00:00,5510,False,938062,107
UCA21VfIEhw6g7rv2Q08Cp6w,2026-07-17T20:05:11.534945+00:00,272,False,159556,29
UCVNgjnq_n7i_8GJOca0DIeQ,2026-07-17T20:05:11.534945+00:00,9830,False,1084902,165
UC7t96q4ic7RS3LRQ5OoT8Gg,2026-07-17T20:05:11.534945+00:00,13600,False,238340,208
UCyPTRwrPdjYbyQNwSqXWGQA,2026-07-17T20:05:11.534945+00:00,439,False,89821,27
UCYjFzTrxVAS_AyHXxZ_2S3Q,2026-07-17T20:05:11.534945+00:00,0,False,77,6
UC1UXGTUVCRr_viauBj_T5sQ,2026-07-17T20:05:11.534945+00:00,73700,False,5113091,92
UC74au1FHMPoIrtMg_aGl3_w,2026-07-17T20:05:11.534945+00:00,48400,False,18625901,31
UCwquSiTPHX3xzzjvmJGlkyg,2026-07-17T20:05:11.534945+00:00,178000,False,14478925,499
UCBjqPS6IHsXGeW1-0xmIlMg,2026-07-17T20:05:11.534945+00:00,13100,False,2634208,136
UCiUP46GBnwTKLrWsO_iOlyw,2026-07-17T20:05:11.534945+00:00,653,False,355944,270
UCavthknYN0x2nM4xplVP1oQ,2026-07-17T20:05:11.534945+00:00,24400,False,11872347,163
UCP5hOs9xuHFrHMlBuj6CTvA,2026-07-17T20:05:11.534945+00:00,5990,False,350142,134
UCJq6hfgz7MOEcvS1hbhxmxg,2026-07-17T20:05:11.534945+00:00,234,False,32506,45
UCaY_Mf80TrM6ESTtSJdY_Yw,2026-07-17T20:05:11.534945+00:00,3470,False,197163,136
UCvyalhna2_BckncYWdeqcwQ,2026-07-17T20:05:11.534945+00:00,5100,False,163343,59
UC5SkudzqxJtC-xCU-xreX9w,2026-07-17T20:05:11.534945+00:00,84,False,9604,7
UC6EbEwByu4tHEU8lBQ1nouw,2026-07-17T20:05:11.534945+00:00,105000,False,3059813,70
UCPPpEOsocilkC2IMRodK81g,2026-07-17T20:05:11.534945+00:00,31,False,570,5
UC3re5L0YoJSpwt2VJ4Y92Ug,2026-07-17T20:05:11.534945+00:00,27700,False,1280428,74
UCWAXniaoSy5z9qv1IjS1J4A,2026-07-17T20:05:11.534945+00:00,4680,False,2725925,613
UC4SPXYMpajTMZdALp-6Ug-w,2026-07-17T20:05:11.534945+00:00,6770,False,310079,61
UCoDvO1KbLPjMXYa-Aj18PYQ,2026-07-17T20:05:11.534945+00:00,2160,False,163138,242
UCAOAqdh0wJ6lmzO8j33v8fQ,2026-07-17T20:05:11.534945+00:00,2800,False,77,19
UCdbwajThwc2u5VTv1IBV08g,2026-07-17T20:05:11.534945+00:00,2130,False,778875,31
UCuL55IHBKAumK5hKWa_ZumQ,2026-07-17T20:05:11.534945+00:00,51,False,7614,23
UCfyhC0QzEkixD8QZZkdYJuA,2026-07-17T20:05:11.534945+00:00,21900,False,556937,300
UCc_K7MQbwIm7zB0BpsFqgfw,2026-07-17T20:05:11.534945+00:00,4750,False,404188,182
UCoTE3ZZRLUzqUVAfA8lwhtQ,2026-07-17T20:05:11.534945+00:00,7730,False,3381,16
UCEhkKkMt6u0SUo4ivZH9MFw,2026-07-17T20:05:11.534945+00:00,48900,False,57153,10
UCXmLfo2g7UHD4cQnTuDTMfQ,2026-07-17T20:05:11.534945+00:00,48,False,11437,18
UCRUC1HEydcM3vgYbbCbZ5ZQ,2026-07-17T20:05:11.534945+00:00,2100,False,105856,13
UCh-cPhwaVIJTFLMq0ZNf-hg,2026-07-17T20:05:11.534945+00:00,87500,False,7759987,499
UCTJmVd5Vcu8KQk2oS6pGNzg,2026-07-17T20:05:11.534945+00:00,30300,False,11430336,699
UCSFcCUQVf0beGJPWSt5uUhA,2026-07-17T20:05:11.534945+00:00,6530,False,362759,205
UCLMzLUfoF0siAzQcIBRG8Xw,2026-07-17T20:05:11.534945+00:00,667,False,23070,55
UCVA3haEfmrRIruY-rkDtCRQ,2026-07-17T20:05:11.534945+00:00,1240,False,555926,489
UCzBCCO9q9k9gQBm1BhtzC6w,2026-07-17T20:05:11.534945+00:00,4790,False,1685113,239
UCULeO4zpJMcG3kQI8iZ9PCw,2026-07-17T20:05:11.534945+00:00,202000,False,45578899,207
UCsm5Wj-HmSj7D0nmXV88J3g,2026-07-17T20:05:11.534945+00:00,215000,False,11204341,201
UCkLJso3QO4L08r5yIiwXDzw,2026-07-17T20:05:11.534945+00:00,11,False,8618,19
UCzPyz8TYW4LRcIwUSyOwNrg,2026-07-17T20:05:11.534945+00:00,21,False,12378,31
UC26VRuzyIws063aBlfjPuug,2026-07-17T20:05:11.534945+00:00,1,False,5,2
UCkTcRd7oWWTbDBKFwIaSX0Q,2026-07-17T20:05:11.534945+00:00,186000,False,7027067,630
UCSL3Jd1qtL3RkeKCpbhOspg,2026-07-17T20:05:11.534945+00:00,445000,False,46401548,2239
UCPfyJ8ACV1DXh_6Yx68IxhA,2026-07-17T20:05:11.534945+00:00,116000,False,33647821,3577
UCuw8HxsyF6wUeptyhhZaB6g,2026-07-17T20:05:11.534945+00:00,6000,False,437415,144
UCu7BL-lajtjd42QuNqV3kiQ,2026-07-17T20:05:11.534945+00:00,5290,False,166394,66
UCaXHgF7cAdDElEtgG2XSjlw,2026-07-17T20:05:11.534945+00:00,245000,False,25288069,2151
UC9jFFLKWirEIBYMPHtjcJmA,2026-07-17T20:05:11.534945+00:00,2450,False,213987,31
UCmvrdaSYX8PlZO09bHDp4PQ,2026-07-17T20:05:11.534945+00:00,4050,False,218825,12
UCfGkuimLRsrJLW0gjQ8eIGg,2026-07-17T20:05:11.534945+00:00,237000,False,15703004,194
UCLwwxYXhMc1fCIAnaO8nYrQ,2026-07-17T20:05:11.534945+00:00,18600,False,3103852,666
UCa0Dx86qHZ2UQCf7IMiHC6w,2026-07-17T20:05:11.534945+00:00,1360,False,76504,60
UCWKfcASnSA4krA-mXgcSF1A,2026-07-17T20:05:11.534945+00:00,8690,False,933649,100
UCA9KuBy0Gx2lv4-qgvijeRg,2026-07-17T20:05:11.534945+00:00,11100,False,276057,112
UCxEf-eXn3ejmSzt7XEwzrHg,2026-07-17T20:05:11.534945+00:00,7190,False,204440,105
UCh0SZ0sQHfta4KZLizw7Xsw,2026-07-17T20:05:11.534945+00:00,1840,False,2564284,348
UC7-7U4ToSmTlYciU71F2eXA,2026-07-17T20:05:11.534945+00:00,1200,False,4198,24
UC5Q1ny6-imUICARjiYVvbrA,2026-07-17T20:05:11.534945+00:00,16,False,647,5
UCFgCY_hRcewKGqE5LmaeT8Q,2026-07-17T20:05:11.534945+00:00,19500,False,253493,26
UCXIpu2XnvmvaGP3CtJKBm1g,2026-07-17T20:05:11.534945+00:00,11400,False,330563,41
UCmTcA0rOwOPCaKvfsXFeZ8w,2026-07-17T20:05:11.534945+00:00,255000,False,46359330,6791
UCa3BMXA9qcVqMtfnq7d977w,2026-07-17T20:05:11.534945+00:00,154000,False,11418874,4310
UCKoBVjh6j8amPM6tw6Lb-cA,2026-07-17T20:05:11.534945+00:00,66000,False,666738,367
UCfCxPLBK1BYkaSqlrRwRXkA,2026-07-17T20:05:11.534945+00:00,427000,False,28020135,414
UCQcaWJDpjCe9t3PQdr4o3MQ,2026-07-17T20:05:11.534945+00:00,9620,False,391200,212
UCuFfmVqX2Znbj8VYImVo-MQ,2026-07-17T20:05:11.534945+00:00,28200,False,1921965,296
UCpJBoKmoAOpj8kMZ-238P9g,2026-07-17T20:05:11.534945+00:00,164000,False,14880511,87
UCLmJsEw6cV5HmOdTJ1OFfTg,2026-07-17T20:05:11.534945+00:00,909,False,28984,123
UCRf29wQfrsRfhNIVPtkTA_A,2026-07-17T20:05:11.534945+00:00,4540,False,63229,56
UCIoYrB3EKtwmTHiLhy10KTw,2026-07-17T20:05:11.534945+00:00,266000,False,55701906,3830
UCmfa1qNLj1OEkbumGRkgfSw,2026-07-17T20:05:11.534945+00:00,10700,False,272626,500
UCPF1EIWtFOvBe9YXwfCbsvw,2026-07-17T20:05:11.534945+00:00,3990,False,112009,86
UC3K00sDszkujssjSORnipvg,2026-07-17T20:05:11.534945+00:00,120,False,22,2
UCa-Oknc_xa3tGBgiUoKGqOg,2026-07-17T20:05:11.534945+00:00,0,False,11,1
UCG6xbZaxspUcmVNDmm09EHA,2026-07-17T20:05:11.534945+00:00,2170,False,397,3
UCzU0yKrV9asu_0WQ-QhPPOw,2026-07-17T20:05:11.534945+00:00,52,False,618,7
UCjboX8rWtjAyU7dI2bd67KQ,2026-07-17T20:05:11.534945+00:00,9220,False,226449,127
UCFMVncdxIw-kfoB-mBluGxw,2026-07-17T20:05:11.534945+00:00,0,False,8,1
UCbcvE4dQvyLxDKjHdE_XCOA,2026-07-17T20:05:11.534945+00:00,488,False,10992,10
UCBC6kj6oWeLuAiByuEYFVTQ,2026-07-17T20:05:11.534945+00:00,2570,False,116563,321
UCfQzTP1jc7JXj8hYtG31osw,2026-07-17T20:05:11.534945+00:00,19700,False,1830352,460
UCbqkofQ3IIzfzCJj79Gul7A,2026-07-17T20:05:11.534945+00:00,30,False,1387,14
UCTIi9jL0_XH6wCRyHDygl9A,2026-07-17T20:05:11.534945+00:00,6490,False,360874,117
UClPIl4UYEOJZWhURZdiktXg,2026-07-17T20:05:11.534945+00:00,97,False,15091,9
UCTJDN8KoFiIvTsiQdLnToKA,2026-07-17T20:05:11.534945+00:00,1580,False,92789,53
UCkG1mzZHOS_11faHbAgOXwg,2026-07-17T20:05:11.534945+00:00,949,False,53270,475
UCDxSSI3_n3bkFKzaJMO5veQ,2026-07-17T20:05:11.534945+00:00,5650,False,439185,152
UCqZir8BUwNNRxmBWHYsTypA,2026-07-17T20:05:11.534945+00:00,85,False,17475,13
UCr4SyRFd7gLDjBFw8DjHJMw,2026-07-17T20:05:11.534945+00:00,63,False,1509,3
UCcCtG2QKIuXSEJ9vPR1sc4w,2026-07-17T20:05:11.534945+00:00,8090,False,167577,160
UCqccPm6-YIBjbzQwpxCLOcg,2026-07-17T20:05:11.534945+00:00,0,False,51,10
UCUz06yHz7YZWF737tof7rYQ,2026-07-17T20:05:11.534945+00:00,868000,False,60760335,248
UCj-1PF5mW8s0Y4wg08M4inQ,2026-07-17T20:05:11.534945+00:00,4150,False,796061,124
UC7dNSXUwTKMIm42Y1s48pPQ,2026-07-17T20:05:11.534945+00:00,28800,False,3660645,515
UCX7xT2CweFolTMojXtuzayw,2026-07-17T20:05:11.534945+00:00,82,False,6013,8
UCIE_huSOHYOCeBAGe_OIuew,2026-07-17T20:05:11.534945+00:00,579,False,18863,107
UCpA0sSPTCBVrQFx0y7k00xQ,2026-07-17T20:05:11.534945+00:00,3480,False,362326,71
UCVDk_wsQZA2Tu4JzXpc3gVg,2026-07-17T20:05:11.534945+00:00,13,False,68,3
UCMgnxTg0x7lfZs480sdpREg,2026-07-17T20:05:11.534945+00:00,4380,False,277685,54
UCLcEIlORlJiHx_UlCwF943g,2026-07-17T20:05:11.534945+00:00,144000,False,999207,14
UCbtIUUFz6dB1GoNdJk-Irdw,2026-07-17T20:05:11.534945+00:00,8000,False,1203177,103
UCvwa-qsGh7-KMTOjbkAhQeA,2026-07-17T20:05:11.534945+00:00,176,False,15079,3
UCtv_DvLOBwce4W-BvJ8F3Cg,2026-07-17T20:05:11.534945+00:00,39,False,720,5
UCF5hZWbvQovfgehKBywZJcg,2026-07-17T20:05:11.534945+00:00,490,False,28564,37
UCLH6umJw5noeUxxDxZOR8ug,2026-07-17T20:05:11.534945+00:00,19500,False,701497,41
UCl2UORrBoS7_HjzFyB9I2qg,2026-07-17T20:05:11.534945+00:00,513,False,431037,111
UCe7fzqUpU5ZvygQbJeZ6JvA,2026-07-17T20:05:11.534945+00:00,3430,False,617281,201
UCCGEqESioRlas0CFwEZ1fww,2026-07-17T20:05:11.534945+00:00,324000,False,5276420,183
UCRy_kvtH_UPrEs0ycI3cZmQ,2026-07-17T20:05:11.534945+00:00,65,False,1820,10
UCDpDFEKiRYiKB7LVxbzv5Dg,2026-07-17T20:05:11.534945+00:00,470,False,48829,20
UCb6-rOFGlduX5HMokLioIew,2026-07-17T20:05:11.534945+00:00,1,False,201,1
UClLTHKpnQFKcnTFiH9O973A,2026-07-17T20:05:11.534945+00:00,13000,False,572044,83
UCtiCGbtEa0x-L6-YjBxGd8w,2026-07-17T20:05:11.534945+00:00,1920,False,0,0
UCQa_KSx_sMwg0K57IllohHw,2026-07-17T20:05:11.534945+00:00,6620,False,388047,106
UC3Yqhsaw7lWHb2TdjyZWTvQ,2026-07-17T20:05:11.534945+00:00,49,False,3003,12
UCFAJ1eybWfsflOuXtn_9yZQ,2026-07-17T20:05:11.534945+00:00,23,False,149,1
UCmHUz3tsGu5BHi6Awx0qOkA,2026-07-17T20:05:11.534945+00:00,438,False,0,0
UCHT6F9HJ9DtLUjTOH16yg6g,2026-07-17T20:05:11.534945+00:00,3110,False,803985,590
UCZ29PE-vJ0GO9i6PGjCpvxg,2026-07-17T20:05:11.534945+00:00,1090,False,59298,75
UCe5VGDq_lkGVYr3nmvV_58Q,2026-07-17T20:05:11.534945+00:00,27,False,2454,15
UC1WPoxIg5zphyBqiUEdSePA,2026-07-17T20:05:11.534945+00:00,12,False,3736,8
UC-myDbJ5Iqd9k3y7f0cd0mQ,2026-07-17T20:05:11.534945+00:00,50,False,7208,6
UCsbPUu0F_qqCmDFVjiRva1Q,2026-07-17T20:05:11.534945+00:00,113000,False,45637101,373
UC8fri9Q-YbMItcZivCuk6_g,2026-07-17T20:05:11.534945+00:00,15,False,119,7
UCNGEtj-O2VcNMRqJUkTP-XQ,2026-07-17T20:05:11.534945+00:00,287,False,8839,106
UCFByBzvo6xGtrYpkIALFCIA,2026-07-17T20:05:11.534945+00:00,854,False,27185,28
UCxY-fWTqpvYMRUeRvxlrC2g,2026-07-17T20:05:11.534945+00:00,8200,False,789924,148
UCpTbQ8rowBytgoF2YTvCsYQ,2026-07-17T20:05:11.534945+00:00,380,False,28092,55
UCWQG9Xm1gW5-vtW5h5z0QYg,2026-07-17T20:05:11.534945+00:00,3120,False,276206,46
UC0UC13e3Fec7jx_RBwKyX0A,2026-07-17T20:05:11.534945+00:00,451,False,29191,42
UC33WYr7nngdWtU8Sb6mf7aA,2026-07-17T20:05:11.534945+00:00,55200,False,40655430,211
UCQ4H3usLeUebgaFF7Rt53MQ,2026-07-17T20:05:11.534945+00:00,12100,False,973371,550
UC-k23IT4BIkIDiEPq4wfuvg,2026-07-17T20:05:11.534945+00:00,217000,False,12924173,598
UCiwCvtlqcYAyU7yFpqaB7Lw,2026-07-17T20:05:11.534945+00:00,7770,False,500157,49
UCxmvnjkkdrSZjAPzVfOousQ,2026-07-17T20:05:11.534945+00:00,3970,False,171936,39
UC2cWWUUkCIlPzPACw-APVMQ,2026-07-17T20:05:11.534945+00:00,1250,False,20941,84
UCf3bIp32dchfn_bVAWtzLPw,2026-07-17T20:05:11.534945+00:00,6090,False,372092,49
UCSRPWsKMym8ed266_OTcBbw,2026-07-17T20:05:11.534945+00:00,22700,False,379229,35
UCPwlq6mrxcXrHrAqDexXhcg,2026-07-17T20:05:11.534945+00:00,15200,False,727347,57
UCnByssex1Zh1FboteFyUSPg,2026-07-17T20:05:11.534945+00:00,57,False,1550,5
UCHgQ30ptHrrixdv7joxTcBg,2026-07-17T20:05:11.534945+00:00,142,False,740,6
UCrmc83vHc9Enn-DBvQz0y1g,2026-07-17T20:05:11.534945+00:00,1510,False,104855,83
UC5zkDm7jDZ9qUBDspq6YnAQ,2026-07-17T20:05:11.534945+00:00,37,False,167,4
UCBO8CtXUc74YzG3ZRA-41Tw,2026-07-17T20:05:11.534945+00:00,1080,False,5707,9
UChioSRvSVkgYhyG5qDW2JtQ,2026-07-17T20:05:11.534945+00:00,2180,False,43655,50
UCxm3qT6MukO0l_vlfjy_ziw,2026-07-17T20:05:11.534945+00:00,16600,False,1457022,244
UCvqUMTSBaUcr3jo6VZcAOww,2026-07-17T20:05:11.534945+00:00,986,False,29874,23
UCbp4MroFWUKbISfkWVtP44w,2026-07-17T20:05:11.534945+00:00,726,False,24198,6
UCjCokZPTSqgMhYO8ZWinhTA,2026-07-17T20:05:11.534945+00:00,59100,False,1809680,47
UCGMwIFulQGMMg9HoKjj7utA,2026-07-17T20:05:11.534945+00:00,137,False,2236,24
UCo4xyFe54pnZgxc1ztPYzaA,2026-07-17T20:05:11.534945+00:00,850,False,44620,78
UCGiUl_50PVio16C4MHClDVQ,2026-07-17T20:05:11.534945+00:00,287,False,35585,16
UCNqkWhEuuUHlF38Ix-D667Q,2026-07-17T20:05:11.534945+00:00,2880,False,245252,363
UCeS8rbr3AqDgkYmEMLMWjnQ,2026-07-17T20:05:11.534945+00:00,822,False,36511,31
UCq4ItoanM4e5nqZRtxwcVjg,2026-07-17T20:05:11.534945+00:00,660,False,37224,7
UCciWJbS8FCsgM8asue6Jvug,2026-07-17T20:05:11.534945+00:00,125,False,4503,69
UCu1Cd4XNTuv5z8MNZjFq1Xg,2026-07-17T20:05:11.534945+00:00,1440,False,61300,25
UCSVP1lQ0t5Lm7BSQx2Tz0JQ,2026-07-17T20:05:11.534945+00:00,435,False,142096,71
UCGtqXMSH7N6-DnhpiU8wnIg,2026-07-17T20:05:11.534945+00:00,85,False,2940,8
UC7yKlELRdtcK5x54CEUCuWw,2026-07-17T20:05:11.534945+00:00,1160,False,8493,33
UClqpNiv2-mFhnxTNx4HhNtw,2026-07-17T20:05:11.534945+00:00,4,False,6,1
UCm7MP72vh0Unw4cWDL2l0Fw,2026-07-17T20:05:11.534945+00:00,12,False,217,6
UC8OjFbeEyCC8wpPWPYRA0SQ,2026-07-17T20:05:11.534945+00:00,16,False,797,10
UCw48Rkx5LeKzVbSfb9Cukhg,2026-07-17T20:05:11.534945+00:00,36,False,6027,33
UCgTVEOflRneP2HphC6zNrHg,2026-07-17T20:05:11.534945+00:00,183,False,993,4
UChHP_CvPx861-HHnCoMAtUA,2026-07-17T20:05:11.534945+00:00,141,False,48461,79
UCjh3yckixYKKLHWFolp49eQ,2026-07-17T20:05:11.534945+00:00,11,False,332,5
UCKnqIu8eR2U-75hvI5GQv8g,2026-07-17T20:05:11.534945+00:00,4990,False,22981,10
UC4q8VVq5HMJmXRjZ7QZwVmw,2026-07-17T20:05:11.534945+00:00,39200,False,1537150,585
UCcsxQFWrFBlECkKlr4MhpQQ,2026-07-17T20:05:11.534945+00:00,4,False,2940,118
UCX8_4_mztunqgfWhD8g0DVA,2026-07-17T20:05:11.534945+00:00,42,False,148,5
UC-1uJQliiQgu8WH0II6TmTw,2026-07-17T20:05:11.534945+00:00,745,False,20752,116
UCxi9YcUZtUY_-ZfRKgHVjMQ,2026-07-17T20:05:11.534945+00:00,3,False,235,3
UCi2flGysyx4mr9Sr2E5sGmA,2026-07-17T20:05:11.534945+00:00,873,False,11632,86
UCiFgXNrYONEvGd6fHeG3zUQ,2026-07-17T20:05:11.534945+00:00,42,False,1218,15
UCqQYbw8rgQ_p4jYBrk168Mg,2026-07-17T20:05:11.534945+00:00,725,False,98460,47
UCdmS1jq-jyc9qfkhMXyvU9w,2026-07-17T20:05:11.534945+00:00,3150,False,856366,462
UCjGq_2qhX-nEYtMzjg6_YIA,2026-07-17T20:05:11.534945+00:00,52,False,524,4
UCYW8XY-RkpQi6wqNSypzfXQ,2026-07-17T20:05:11.534945+00:00,627,False,190297,103
UCcQnd-T1zXdMbajg0mJA8OQ,2026-07-17T20:05:11.534945+00:00,1,False,228,3
UCpamW3WJjX0CgjWGsBxIm2w,2026-07-17T20:05:11.534945+00:00,7890,False,586449,439
UCaG8knQcGPSApmArtxDdskQ,2026-07-17T20:05:11.534945+00:00,230,False,8349,21
UCJRiUKCZnCdgSJ7szrS8DfA,2026-07-17T20:05:11.534945+00:00,380,False,11440,20
UCE6nq54CxwAF5XDRKnFb96A,2026-07-17T20:05:11.534945+00:00,454,False,26574,4
UCcu8qHo94_5Sw1DaKphRdVw,2026-07-17T20:05:11.534945+00:00,633,False,79876,218
UCQkddibMMoTyv5gXGWRvXcA,2026-07-17T20:05:11.534945+00:00,185000,False,90910371,113
UCf2Iar2LDcFaSCnVH1ZMUkA,2026-07-17T20:05:11.534945+00:00,501000,False,95110792,3324
UCCKkCmuBvdFAdok_QIPxXKQ,2026-07-17T20:05:11.534945+00:00,547,False,230603,90
UCBvafC487L5tgwpeDC2qAWA,2026-07-17T20:05:11.534945+00:00,1590,False,5848,17
UCi_8h4-2yCvUINiFfJJEiig,2026-07-17T20:05:11.534945+00:00,358,False,24210,25
UC4X_PPw0EVKwTHkm4JJxIjg,2026-07-17T20:05:11.534945+00:00,6430,False,2226667,14
UCZTWgcDDQj5u90mdZKfjPZA,2026-07-17T20:05:11.534945+00:00,380,False,12884,14
UCd7V9fsvAmpmgTwkqTOVS4Q,2026-07-17T20:05:11.534945+00:00,133,False,10984,35
UCHod2KqD1vX9IrKlpbUMWdA,2026-07-17T20:05:11.534945+00:00,117,False,11701,13
UCoQ9oh9mfK12durUzIE2I0A,2026-07-17T20:05:11.534945+00:00,16,False,771,4
UCaTmeInJ7dt4CzuVv-zKC6w,2026-07-17T20:05:11.534945+00:00,129,False,5180,15
UCpQWw__o75_ZtjcyTBqTyLg,2026-07-17T20:05:11.534945+00:00,2540,False,1568316,299
UC5bBYpvPhh_A58VKfVuO1pw,2026-07-17T20:05:11.534945+00:00,23700,False,5688566,26
UCfshUAynelX8vkAT5UXb1DA,2026-07-17T20:05:11.534945+00:00,1030,False,38067,61
UC3CsotIchs_fM4XwaQXcTMw,2026-07-17T20:05:11.534945+00:00,121,False,4014,16
UCsFiimRAF02Pg2tkVehi9_Q,2026-07-17T20:05:11.534945+00:00,116,False,2530,8
UC3HExvUcWzV9ihsReEIcvNg,2026-07-17T20:05:11.534945+00:00,26,False,347,5
UCBoyBI3KhdBRnm4qo4hwTLg,2026-07-17T20:05:11.534945+00:00,52,False,1660,13
UCIfmdQFKSNrU2hb9XqEpy1g,2026-07-17T20:05:11.534945+00:00,48,False,32578,44
UCQbzzbM-EGERjLIpKLRGgPQ,2026-07-17T20:05:11.534945+00:00,34600,False,31339,20
UCJ6fr3Ga7ZV2Gbeb9F1duCg,2026-07-17T20:05:11.534945+00:00,11,False,1961,8
UC-MKS7nDzhqJtvgzq9VzTqA,2026-07-17T20:05:11.534945+00:00,1250,False,15726,48
UClz-gBcrU1QlKyQ7zka5crw,2026-07-17T20:05:11.534945+00:00,13000,False,597902,69
UCcvHzQiVySqeTBQbTZ-ElOw,2026-07-17T20:05:11.534945+00:00,0,False,11,1
UCkNx9e7yQNWPiXe5zCOuUiw,2026-07-17T20:05:11.534945+00:00,96500,False,12964593,200
UCEwzz9RYod_tEjLYhFZVNlw,2026-07-17T20:05:11.534945+00:00,3,False,1753,6
UCwuJODQ8B5Y_Sqch7jTPhuA,2026-07-17T20:05:11.534945+00:00,1630,False,169618,33
UCxWYUcPmjoB9BUaePOe8Sgw,2026-07-17T20:05:11.534945+00:00,3,False,40,2
UCddg5ApIuFU9zHjh9_35EWA,2026-07-17T20:05:11.534945+00:00,63,False,5089,19
UCAxEsOiiqDS0rWIm-KHnPYg,2026-07-17T20:05:11.534945+00:00,189,False,78375,11
UCtXJIcf-3RAVJw6W1rhfz8g,2026-07-17T20:05:11.534945+00:00,922,False,98952,71
UCkK1vGnW0LlSfacaHX7GmAQ,2026-07-17T20:05:11.534945+00:00,392,False,40708,25
UCdr_vomvUD-6z7Rz16oim-g,2026-07-17T20:05:11.534945+00:00,52,False,1703,10
UCe7DmcaEk8MrqEmwM_tFNqQ,2026-07-17T20:05:11.534945+00:00,143,False,36526,14
UCsvrW9k0uqrFMEXuF0HDgJQ,2026-07-17T20:05:11.534945+00:00,104,False,7581,29
UC_icTbRXb8efN1TQz-yFLsg,2026-07-17T20:05:11.534945+00:00,3090,False,681167,30
UCgQqfBHSBi2HscWGdF8CsJg,2026-07-17T20:05:11.534945+00:00,84,False,6254,45
UCSMg7ZKZfvSfoHKOEuJwU1w,2026-07-17T20:05:11.534945+00:00,1900,False,321077,30
UC7lzwHLzITXsphCJ5MVn4qw,2026-07-17T20:05:11.534945+00:00,6350,False,604433,70
UCtCcBybfx93NJwNAP_58rPQ,2026-07-17T20:05:11.534945+00:00,45,False,118,10
UCls8NUOtublzp1jUcihZ9pg,2026-07-17T20:05:11.534945+00:00,356,False,101917,65
UCbsxsmfRNd6oOxKtFLhjEUQ,2026-07-17T20:05:11.534945+00:00,23900,False,6690396,653
UCv3gqYnoTSpUT4Wr1mq2hrg,2026-07-17T20:05:11.534945+00:00,18400,False,1759350,247
UC0nMJ3QNryBHZpy1P3Wamwg,2026-07-17T20:05:11.534945+00:00,255,False,126913,103
UCJ_r6w_EX9v589Y56nE3WGg,2026-07-17T20:05:11.534945+00:00,0,False,916,2
UCh1gyxZxm0osk7GipwmsOgA,2026-07-17T20:05:11.534945+00:00,25,False,339,20
UCJ0_2tSsPFH0Eh1qbH6otaQ,2026-07-17T20:05:11.534945+00:00,5740,False,464012,59
UCxMSQGHZNChCr_sqKmdX8EQ,2026-07-17T20:05:11.534945+00:00,27,False,5645,8
UCn836Q9tM8nYs-8fzqGmuIg,2026-07-17T20:05:11.534945+00:00,22,False,326,3
UCpRF7T1Y81YktioApy8jP9A,2026-07-17T20:05:11.534945+00:00,37100,False,4505600,208
UCx6xNXS6NzhbSyJIccs3kGA,2026-07-17T20:05:11.534945+00:00,4060,False,1036125,192
UCnYF9KvymYmNlskEJnEGYFw,2026-07-17T20:05:11.534945+00:00,1570,False,56379,19
UCA6OvQn1SYABA_Mj_wz0qsw,2026-07-17T20:05:11.534945+00:00,772,False,184270,136
UCPZ5BVdQNI36_gBwBLhPUiQ,2026-07-17T20:05:11.534945+00:00,124000,False,44437949,1641
UCdDKWVfkMuicr92a6Z7ikUA,2026-07-17T20:05:11.534945+00:00,101,False,11423,20
UCkznI-AMbht1PLgVuuIef7Q,2026-07-17T20:05:11.534945+00:00,38800,False,5501,9
UCBGcLDP6kcgPz4JNN4E_5rA,2026-07-17T20:05:11.534945+00:00,347,False,33291,38
UCcM0vptubHl1E-H1r_3T53w,2026-07-17T20:05:11.534945+00:00,2320,False,3071653,165
UCm_cUbvQZt8A02HMU6vyguA,2026-07-17T20:05:11.534945+00:00,17800,False,10945018,393
UCQMq9xQQlI46pahL4BhX8Mw,2026-07-17T20:05:11.534945+00:00,8660,False,63669,37
UCzJkU-8sbFCBuuVwR3cLy5w,2026-07-17T20:05:11.534945+00:00,99,False,22464,50
UCNqwpPFHkSOl6RMShPm3R1Q,2026-07-17T20:05:11.534945+00:00,1280,False,127595,213
UCeL5fLio37XiYzBVYXGl73g,2026-07-17T20:05:11.534945+00:00,1370,False,144257,21
UC8-EbxIDcnX9rm5g0RM-e8Q,2026-07-17T20:05:11.534945+00:00,0,False,19,3
UCdCmqcH-SdLqNTmzA_cIbLQ,2026-07-17T20:05:11.534945+00:00,265,False,3050,10
UCgNisDupy_6hIBkw3pjDdWw,2026-07-17T20:05:11.534945+00:00,354,False,429211,29
UC3rs8Xl74E850e7pNtr9hMw,2026-07-17T20:05:11.534945+00:00,2210,False,1025535,321
UCdQQmUYoi4ncfKtMh21dVww,2026-07-17T20:05:11.534945+00:00,394,False,72816,29
UC4_jjlNoa3g_V3y9YoiE24Q,2026-07-17T20:05:11.534945+00:00,1390,False,64099,15
UCHCCA-XX30GUBXRdi0fSy-A,2026-07-17T20:05:11.534945+00:00,420000,False,79570962,62
UCC0R9UeV1Oh7K8NlcYPycsw,2026-07-17T20:05:11.534945+00:00,218,False,20766,48
UCTtmvUiXmgXQKakESlyB4sQ,2026-07-17T20:05:11.534945+00:00,60400,False,6578646,24
UCI9B6cvPkauAUvfV2CvKMMQ,2026-07-17T20:05:11.534945+00:00,71800,False,7887731,600
UCnVO0YbtoK4HyvQgChNvK9w,2026-07-17T20:05:11.534945+00:00,10400,False,948708,52
UC_R35RSV-86rk38no2Qxdow,2026-07-17T20:05:11.534945+00:00,42900,False,4695705,70
UCG_qsovwOdJZEdRpzQMoBoQ,2026-07-17T20:05:11.534945+00:00,2020,False,31651,20
UC7hnVkL4yNhzha-fmW1r9aA,2026-07-17T20:05:11.534945+00:00,5280,False,497699,2
UCtmb-Ini3eUbS1nMktyDgTQ,2026-07-17T20:05:11.534945+00:00,24200,False,7655,1
UCDC7wunTby0IhT6j_HLoi5A,2026-07-17T20:05:11.534945+00:00,8510,False,958580,57
UCCs99tIqD-OqRbVlNjRPPoQ,2026-07-17T20:05:11.534945+00:00,114000,False,27449825,36
UC6ClgNoiMI8i6EVnBBmlE1Q,2026-07-17T20:05:11.534945+00:00,665000,False,160765468,85
UCzbSklEJnEkeqBIREvJA8fw,2026-07-17T20:05:11.534945+00:00,112,False,10316,18
UCiFSGwe2ihgvPzRG6J2oAcQ,2026-07-17T20:05:11.534945+00:00,315000,False,86295634,53
UC9dlW43_P7QDHlSlPIEkWkQ,2026-07-17T20:05:11.534945+00:00,14000,False,822807,46
UC8b1vHYDjd4v4DLxHXL-UiQ,2026-07-17T20:05:11.534945+00:00,22000,False,2680124,16
UCEcYjPMUG0X4vvX99J6m8YA,2026-07-17T20:05:11.534945+00:00,32900,False,8487156,16
UCgxKgEAcJcKKyWTBdzDXQag,2026-07-17T20:05:11.534945+00:00,12200,False,1327650,32
UCYVsFoYhtjrOzCgbaG-yiag,2026-07-17T20:05:11.534945+00:00,25000,False,1251505,10
UCJEbxceR8FFUcZU0Ez83lPQ,2026-07-17T20:05:11.534945+00:00,4070,False,1094568,293
UCiZSpZ1fyqsT7rJb3ssgBrA,2026-07-17T20:05:11.534945+00:00,250000,False,40928991,12
UCSGjjIMkvIJh9vdbbNPb3pw,2026-07-17T20:05:11.534945+00:00,25800,False,3169001,13
UCzo5m5I2IzH8A__B3WZPC_g,2026-07-17T20:05:11.534945+00:00,60800,False,9189296,6
UCah2xR5R0nYaI4YrArPcSCg,2026-07-17T20:05:11.534945+00:00,106000,False,5551893,145
UCpqdK1XXfPH-oJ_c96ZTRNQ,2026-07-17T20:05:11.534945+00:00,244000,False,41578655,47
UCpBsjRgpKH3zZwwLHSBSySA,2026-07-17T20:05:11.534945+00:00,271000,False,35994726,106
UCqDPDmVqRFD7o1tY1S6Cskw,2026-07-17T20:05:11.534945+00:00,286000,False,32388556,48
UCKLi2WEfWKoo6JvZJCJsYOw,2026-07-17T20:05:11.534945+00:00,39000,False,10525731,187
UCrG36PjxPG2rgCHXmZEGmvQ,2026-07-17T20:05:11.534945+00:00,85300,False,20350883,400
UCRT9B6WBsaYGs9QsM0ZBNjA,2026-07-17T20:05:11.534945+00:00,334,False,50004,44
UCOs5SfpuovdhUhQqGZl9NOg,2026-07-17T20:05:11.534945+00:00,525,False,41867,28
UCioOLRA1euuTkNUiEOUdy0A,2026-07-17T20:05:11.534945+00:00,27000,False,5385920,64
UCAGCAiaAAs6foi_-CNDMRsw,2026-07-17T20:05:11.534945+00:00,18500,False,9630098,75
UCOGqY1GxiXCSP8F9pSqMHFQ,2026-07-17T20:05:11.534945+00:00,10600,False,2245126,179
UCTroPt7ajezU0xywQ8Ymb5g,2026-07-17T20:05:11.534945+00:00,12100,False,493398,144
UCfxaF-qcXrUGglR-HLMIhXA,2026-07-17T20:05:11.534945+00:00,1810,False,256397,80
UCspb2j229RKT267nQ736Tfw,2026-07-17T20:05:11.534945+00:00,9060,False,168,1
UC6sMTVclMvAdg4fZJYWdZhw,2026-07-17T20:05:11.534945+00:00,58700,False,6957615,25
UChgYU9sDMmUJ-PE37sUOIhg,2026-07-17T20:05:11.534945+00:00,3300,False,500701,29
UC-nB-EeC9qdmv0aJ5OU6avg,2026-07-17T20:05:11.534945+00:00,0,False,4,1
UCf2qcVZck1jgGoMvccY1Xfg,2026-07-17T20:05:11.534945+00:00,58700,False,11243119,97
UC54paN9XtANKncLgsNXpxuw,2026-07-17T20:05:11.534945+00:00,31900,False,7983181,80
UCJi-bkCmevi27lScSXlrUbw,2026-07-17T20:05:11.534945+00:00,1970,False,200696,41
UC8Z-aOFJe-SmwXFRobzs0QA,2026-07-17T20:05:11.534945+00:00,531000,False,136110538,186
UC94kX8sCqFj-3I4DgLGoQMg,2026-07-17T20:05:11.534945+00:00,11800,False,1637769,178
UClEUyN3C6oIAMOkc8TEN8Xg,2026-07-17T20:05:11.534945+00:00,184000,False,23944702,215
UCrh65i5dV0K4iaSknIOTogA,2026-07-17T20:05:11.534945+00:00,40100,False,134708,41
UCPdHXNbuwmONyFUnIANlJvg,2026-07-17T20:05:11.534945+00:00,25100,False,6272017,117
UCnaS6CqY_EGmnFD-G7sHNtQ,2026-07-17T20:05:11.534945+00:00,2,False,71,1
UC4VkNi2RZSJyqXsFaJYfsPg,2026-07-17T20:05:11.534945+00:00,868000,False,702910222,2548
UCKPT0j6sKw5wj-WmC7DaJMQ,2026-07-17T20:05:11.534945+00:00,1390,False,373501,170
UCWLsp2EDG3iT02-xaP_U96Q,2026-07-17T20:05:11.534945+00:00,801,False,168427,70
UCFtEiNuNNFr1SqbLamWsLVg,2026-07-17T20:05:11.534945+00:00,334000,False,163442976,170
UCRuTigrib17EQPZO2eTynZw,2026-07-17T20:05:11.534945+00:00,647,False,63333,187
UCzMm9bl7hcr8h0shcs6HgpA,2026-07-17T20:05:11.534945+00:00,138,False,384,17
UCGDWZx4CiP1wBSXUL2YBgvg,2026-07-17T20:05:11.534945+00:00,2,False,18,1
UCPtJKPgYHqe-K3xU5prWgDA,2026-07-17T20:05:11.534945+00:00,238,False,71914,87
UCUz4m5qXBUlbg_W2P-5dh5Q,2026-07-17T20:05:11.534945+00:00,22,False,5030,10
UCl5m1hcAdrpnQjFgonDYypA,2026-07-17T20:05:11.534945+00:00,329,False,50532,46
UCi7OUst2l_JggYhoVvV-11w,2026-07-17T20:05:11.534945+00:00,55,False,1613,13
UCNV5JHj2OLJpDsqvtRHEOOQ,2026-07-17T20:05:11.534945+00:00,104,False,9860,42
UCjSmyQpggeFqeyvJoZzruxA,2026-07-17T20:05:11.534945+00:00,1060,False,463363,559
UCj8bmPhngDpX5uA3QGcXxrg,2026-07-17T20:05:11.534945+00:00,322,False,14979,26
UChxJl7qeii3X3uaippbe1Zw,2026-07-17T20:05:11.534945+00:00,184,False,135893,43
UCxNorjh8miVWTnWmc9I01qg,2026-07-17T20:05:11.534945+00:00,1,False,130,16
UCjNLXO6WOy7xL0pT9xVjmXQ,2026-07-17T20:05:11.534945+00:00,1390,False,119774,230
UCBsJP0vRpDVt3NBP3pcf-tg,2026-07-17T20:05:11.534945+00:00,9960,False,198332,72
UCVWRIsZS1uilw0hqy0eHf9A,2026-07-17T20:05:11.534945+00:00,6880,False,2049227,124
UCfJsvn44PXZV4wWqDWB3gGw,2026-07-17T20:05:11.534945+00:00,1370,False,122165,69
UC0QnTPi6MCtWiDvFSTu0nLg,2026-07-17T20:05:11.534945+00:00,0,False,96,3
UClWpyw-uEKIufD2XctHu1Kw,2026-07-17T20:05:11.534945+00:00,680,False,7883,28
UCEC8e_Vpy67U4xnGwpo6v9Q,2026-07-17T20:05:11.534945+00:00,1700,False,38694,91
UCseliFPwzYWDLcsnz-gT2jA,2026-07-17T20:05:11.534945+00:00,507,False,10259,25
UC5hpZafAD5yLoI5dvyu7EAg,2026-07-17T20:05:11.534945+00:00,2450,False,851041,58
UCzyNj_K68UUMGku6elS3-Vw,2026-07-17T20:05:11.534945+00:00,117,False,11841,29
UChyXO66sH_11FUaqcN2K8mQ,2026-07-17T20:05:11.534945+00:00,96,False,997,6
UCcoMRdBwZ94F-v1o19v8C9A,2026-07-17T20:05:11.534945+00:00,2,False,73,1
UCZ_FsgcUmSz66ytXZo4ghUg,2026-07-17T20:05:11.534945+00:00,969,False,248019,23
UCOk9zSvzL_G02l8-5o2J0aw,2026-07-17T20:05:11.534945+00:00,12,False,5017,7
UCpmLphkq-n1GHMXxMWouURg,2026-07-17T20:05:11.534945+00:00,51,False,26918,26
UCEb1uUTOCTk178owtr6ycig,2026-07-17T20:05:11.534945+00:00,1450,False,352684,89
UCQ4WnlUXQgijxnKoxhS1fsA,2026-07-17T20:05:11.534945+00:00,1810,False,519592,108
UCVyYvZ_Tfp-eHC_Mdt7OgUg,2026-07-17T20:05:11.534945+00:00,4,False,52,2
UCQfScNdtr5cZ3AAjxnlhEfQ,2026-07-17T20:05:11.534945+00:00,832,False,908871,58
UCaoE0V-bRqIl-gqHX2mRRlw,2026-07-17T20:05:11.534945+00:00,7,False,788,16
UCJHnKlt5Jvs9eX_HoALh78Q,2026-07-17T20:05:11.534945+00:00,216,False,26349,35
UCnAPLrDh7HWge4MqPvHocgQ,2026-07-17T20:05:11.534945+00:00,6160,False,482548,97
UCeregcA7V24wo3vGVVsitfA,2026-07-17T20:05:11.534945+00:00,37900,False,4588916,643
UCeqzpsiMK9z6f-owiiUZeiQ,2026-07-17T20:05:11.534945+00:00,5,False,37,4
UCPbRBGkrAnnWGxBfpyTiUXg,2026-07-17T20:05:11.534945+00:00,54,False,12922,11
UCkt4LTivoYJuOkPROhayw0Q,2026-07-17T20:05:11.534945+00:00,295,False,19195,72
UCUATRdkuL0zxxmXWXBySgWw,2026-07-17T20:05:11.534945+00:00,185,False,262500,72
UCVkbgGtKLhJBylz9boUyP4Q,2026-07-17T20:05:11.534945+00:00,42,False,3951,11
UCYNtjJyosDXPToT3MdOzf1w,2026-07-17T20:05:11.534945+00:00,14,False,2809,7
UC0GrWdetiZpYVtF9nUTwRlg,2026-07-17T20:05:11.534945+00:00,1080,False,45482,71
UC0Qer2VuLfImP5KlKcPQ8dg,2026-07-17T20:05:11.534945+00:00,145,False,7654,9
UC1pk9EamTPBCunsTD7BxoAg,2026-07-17T20:05:11.534945+00:00,81,False,15870,17
UCWN7PzASZk2ju8GWF47NhSg,2026-07-17T20:05:11.534945+00:00,678,False,372065,222
UC9qjk1rYA0XpAbJ8CH7DFeA,2026-07-17T20:05:11.534945+00:00,430,False,89854,21
UCjLRdJQ2hHlhU10AswNiQ0A,2026-07-17T20:05:11.534945+00:00,57,False,630,3
UC3bN_qLws_jgNZmwUKyfuIg,2026-07-17T20:05:11.534945+00:00,423,False,28742,7
UC6Jkv_Am-0j20RxhDBS0PEA,2026-07-17T20:05:11.534945+00:00,11,False,1794,5
UCcvMPCUQ6EgqoZ9Du6Pym0Q,2026-07-17T20:05:11.534945+00:00,2910,False,150646,23
UCGa1_vxtCaUijKxNt0DB7aQ,2026-07-17T20:05:11.534945+00:00,158,False,46279,43
UC3oEN2nseVOuP6XUhFICRqA,2026-07-17T20:05:11.534945+00:00,268,False,90070,33
UCT_U9KV6byLeWkPcagCmMhQ,2026-07-17T20:05:11.534945+00:00,671,False,102436,29
UCVN7yd14BXmR_Ylg3MDCORg,2026-07-17T20:05:11.534945+00:00,57,False,36144,8
UCOlMa7eBVngg14Qnu8eAXgA,2026-07-17T20:05:11.534945+00:00,70,False,33677,49
UCAfSZ4d_LQ3v6gs6r4IADcw,2026-07-17T20:05:11.534945+00:00,27,False,9316,18
UC7Z3B_lEhVwpF-eHtbwfppw,2026-07-17T20:05:11.534945+00:00,2,False,21,3
UChVL7KZaoIqUActsaHZAoEA,2026-07-17T20:05:11.534945+00:00,1,False,4,2
UCusSUTH8cIHPvnzP0rXgfqA,2026-07-17T20:05:11.534945+00:00,15,False,10057,25
UCAbnKwbHRlhEXMvtSUzrrng,2026-07-17T20:05:11.534945+00:00,67,False,19547,24
UCgm1AkjIpLGAoBDdCPx1tMQ,2026-07-17T20:05:11.534945+00:00,1000,False,10331,12
UCVrABzvIgdjI0O2loGgZAGg,2026-07-17T20:05:11.534945+00:00,128,False,27515,33
UCVqb8_SOl0sTqsD6htnwBBQ,2026-07-17T20:05:11.534945+00:00,22,False,161,1
UCQRK4eZqMrDxQkb2e73bI1g,2026-07-17T20:05:11.534945+00:00,15,False,6521,6
UCfLUmA5cxq66Xud7ZrW_lGQ,2026-07-17T20:05:11.534945+00:00,2,False,344,3
UCrAW52TcVvMIP0pZpZcbELw,2026-07-17T20:05:11.534945+00:00,100,False,8873,34
UC8xM-XWUOolEEA2SHpm-B9A,2026-07-17T20:05:11.534945+00:00,10,False,873,11
UC_zR76WfAJj_-nPZgcPfZfA,2026-07-17T20:05:11.534945+00:00,7,False,3623,4
UCvADrZB8kSC6Ly-4NLrsksQ,2026-07-17T20:05:11.534945+00:00,0,False,329,2
UCA7B8K34SVOG95zpEoIs_bA,2026-07-17T20:05:11.534945+00:00,0,False,0,1
UCW_SDys00Yv9Fjq3ttcrvUw,2026-07-17T20:05:11.534945+00:00,189,False,76121,58
UCDuuXPVevJsTaFAv_kkqHOA,2026-07-17T20:05:11.534945+00:00,1010,False,184428,33
UC5ZAQUDD-zXVkZt3fALdq2Q,2026-07-17T20:05:11.534945+00:00,9770,False,2989856,317
UC7wRtuVWDxL2o8-74-y6LLg,2026-07-17T20:05:11.534945+00:00,231,False,4010,31
UCs2n9rcT5RTQRJZWRx-2F3g,2026-07-17T20:05:11.534945+00:00,22500,False,1094676,196
UC6gmE7AKU6TPG2iIx_q3kBQ,2026-07-17T20:05:11.534945+00:00,2000,False,450385,147
UCpb37g4I8pMnEv5NcSbf4Bw,2026-07-17T20:05:11.534945+00:00,47,False,6371,9
UCbuW88tFdrevpCcS8M6I07A,2026-07-17T20:05:11.534945+00:00,41,False,6630,29
UCUYXSaH7gW9DGZHItFsvJ_A,2026-07-17T20:05:11.534945+00:00,80000,False,28724348,651
UC0Acca2PGDyDGuNjk0JEB1Q,2026-07-17T20:05:11.534945+00:00,13200,False,1291445,73
UCPSAbhuBUTXhdB2tqgdmeVw,2026-07-17T20:05:11.534945+00:00,634,False,20169,11
UCjScMUhYoJTvPvPowUzPGqA,2026-07-17T20:05:11.534945+00:00,136,False,10830,46
UCZNreSxdvd50nzMz5zkXg4w,2026-07-17T20:05:11.534945+00:00,3360,False,2570513,66
UCsAYQL3fa-MtbeWv2aM5ntQ,2026-07-17T20:05:11.534945+00:00,11900,False,2681354,191
UCPbmJjqlpI2nV8Y2HobP1pw,2026-07-17T20:05:11.534945+00:00,91,False,30692,49
UC97ykIgaRLrsMJt226jpa9w,2026-07-17T20:05:11.534945+00:00,4,False,421,91
UCQhw_ZtCGmmCjR37BgcacAw,2026-07-17T20:05:11.534945+00:00,14,False,5126,5
UCQ1YtBI0uRoTGiIAytLKaGA,2026-07-17T20:05:11.534945+00:00,9050,False,1673928,136
UCzHhl8kAbLv6iTr9AT2vg3g,2026-07-17T20:05:11.534945+00:00,74,False,30124,9
UC-dCazLLgEAZm5PqSbHPyng,2026-07-17T20:05:11.534945+00:00,2200,False,629843,82
UCObCXpFPND_N_S2MTtkI-Rw,2026-07-17T20:05:11.534945+00:00,1200,False,472438,91
UCG9r38aVUA7qTRfKnBDNHEQ,2026-07-17T20:05:11.534945+00:00,5,False,22,1
UCBgsTH2adMQ4gmUV5qkyRhw,2026-07-17T20:05:11.534945+00:00,25,False,207,3
UCSuqB9kGrKU1Svh8S5BpKPA,2026-07-17T20:05:11.534945+00:00,1480,False,1143374,937
UCjmCkFFwHNiBtRUF94d0A_w,2026-07-17T20:05:11.534945+00:00,45,False,1860,17
UCR3tNGyaStfQooxU4cQkY3A,2026-07-17T20:05:11.534945+00:00,1,False,8,1
UCS0vl4-rOhiTQegftPOcNBw,2026-07-17T20:05:11.534945+00:00,133,False,41955,19
UCOjWIcNSjDDSJDaeo-AZERQ,2026-07-17T20:05:11.534945+00:00,0,False,18,5
UCn8o1RDwQ9yjHvha3e7x_VA,2026-07-17T20:05:11.534945+00:00,16000,False,1635379,1667
UCmwIKQQjwpjNT8OQ_VZuRfg,2026-07-17T20:05:11.534945+00:00,1230,False,722511,1510
UCSnNjJuwP1ZO9S7WoHnebSA,2026-07-17T20:05:11.534945+00:00,27,False,498,12
UCtCj1QVEHyXSNplt9SD6V-w,2026-07-17T20:05:11.534945+00:00,20,False,76,2
UCK0bPjNra_d-ezW5vQVfYaA,2026-07-17T20:05:11.534945+00:00,212,False,15470,19
UC-SGR59YzynMC5K6nbbH-og,2026-07-17T20:05:11.534945+00:00,153,False,2771,58
UC0ZcZzDZe8x6-olaRR5-wYw,2026-07-17T20:05:11.534945+00:00,70,False,1302,99
UCdy9Wdw7Sl9o05k1goBaB2Q,2026-07-17T20:05:11.534945+00:00,71,False,711,42
UCGQxfwFHFezIxXurJNgP2ug,2026-07-17T20:05:11.534945+00:00,9200,False,2816307,638
UCjCbWQXwuZlCLh5ncWlBTsA,2026-07-17T20:05:11.534945+00:00,1,False,15,1
UC4adsLXDnuV3w78KvQKrLgA,2026-07-17T20:05:11.534945+00:00,448,False,29367,121
UCljaMOnndd_7nhdApJr9lJg,2026-07-17T20:05:11.534945+00:00,11,False,2448,13
UC0Gy3iGhX2FqlDg6-LHiyWg,2026-07-17T20:05:11.534945+00:00,166,False,10325,53
UCaBfLajanCJS5yv5HDacKbg,2026-07-17T20:05:11.534945+00:00,458,False,15,1
UCAlhWWO8Psu7nMyxpXYtL7A,2026-07-17T20:05:11.534945+00:00,24,False,457,11
UCWrN64wbBVWpRGWat_paLSg,2026-07-17T20:05:11.534945+00:00,7650,False,180024,73
UCpIbj-tT_PLFwLUVZkursKQ,2026-07-17T20:05:11.534945+00:00,82,False,2084,139
UCRSWrrhmaigw_yXwoKv2uqw,2026-07-17T20:05:11.534945+00:00,119,False,1469,87
UCUz-4JNAAfclM4YTbPm-NYQ,2026-07-17T20:05:11.534945+00:00,264,False,11103,26
UCUpf9oGkS4Ns0m7ePBB5TTA,2026-07-17T20:05:11.534945+00:00,71,False,3831,13
UChGV7UFNdlRtUmTv_AX7Izg,2026-07-17T20:05:11.534945+00:00,26700,False,2379989,3694
UC7TTg_2UVX8w7B53AspynPA,2026-07-17T20:05:11.534945+00:00,22,False,496,1
UCCeRbItAo1Ugk7v5icCsMoQ,2026-07-17T20:05:11.534945+00:00,448,False,11750,61
UCecL5RXqIzb3N6zO0FaCN9Q,2026-07-17T20:05:11.534945+00:00,6000,False,154844,265
UChOnYwBt6dccs7vny0XBn5A,2026-07-17T20:05:11.534945+00:00,196,False,1388,7
UCyY-Oc4LZxuPCNtrOeIkPXQ,2026-07-17T20:05:11.534945+00:00,485,False,107821,24
UCh1devGAKOxk1FONKNQyWfw,2026-07-17T20:05:11.534945+00:00,240000,False,61849619,600
UC69j0n39Fj53JHIBsectTAw,2026-07-17T20:05:11.534945+00:00,83,False,10584,10
UCkD2Gixzde52jx1XspNvrBw,2026-07-17T20:05:11.534945+00:00,118000,False,40374978,2002
UCSPowuMDhhN8ayovAX28SOA,2026-07-17T20:05:11.534945+00:00,18300,False,4926391,341
UCtfeXEtCF7zlkfZDk8LnqpQ,2026-07-17T20:05:11.534945+00:00,8,False,3847,17
UCESLkkRAOvtHzG-wF7TNofw,2026-07-17T20:05:11.534945+00:00,393,False,21693,9
UCfqMutUM7GnawXWTefUY8dw,2026-07-17T20:05:11.534945+00:00,456,False,101070,36
UCvHgPqX_MU--WMuk2PVZubg,2026-07-17T20:05:11.534945+00:00,54200,False,10875018,139
UCoZJaxWPeeGKZ6ShK5EsIkA,2026-07-17T20:05:11.534945+00:00,54,False,26076,29
UCCSpwCvA20G-b2u7kjjogqw,2026-07-17T20:05:11.534945+00:00,23100,False,8410072,850
UCtxuDDwNMrV_nyE_yrTk3dQ,2026-07-17T20:05:11.534945+00:00,1050,False,6631,11
UCEm59e_lj_y6oP5Bm7l7r3w,2026-07-17T20:05:11.534945+00:00,24600,False,2806401,294
UCDRvVQA5TYL0TFYjA6jcHag,2026-07-17T20:05:11.534945+00:00,3840,False,836601,344
UC7qdij234UAVh6N7M7sszEA,2026-07-17T20:05:11.534945+00:00,3030,False,105159,31
UCCXw0STxDknWiHY0ULP2qdw,2026-07-17T20:05:11.534945+00:00,343000,False,59669624,394
UCG3QSJwsRV2nH5Fo3eoYlOA,2026-07-17T20:05:11.534945+00:00,50,False,13323,16
UCwoZO_4sCD_Bi6uYDeCa1dw,2026-07-17T20:05:11.534945+00:00,210,False,24114,35
UCnEp3XSh0qGO9656xrLK7XA,2026-07-17T20:05:11.534945+00:00,21,False,1246,9
UCmZhSTVkzhssQKyV_vqR3ng,2026-07-17T20:05:11.534945+00:00,11200,False,2088717,49
UCOFhOCgjIgm3JqGo6vSHQkg,2026-07-17T20:05:11.534945+00:00,1,False,35,1
UCEHW7PX0AaScrC3IbUiKO9Q,2026-07-17T20:05:11.534945+00:00,62,False,1268,1
UCQZR3b8KuE1ddvEGYmNHZMg,2026-07-17T20:05:11.534945+00:00,5450,False,359497,112
UCQkThZohN6AuWRPOf5plLNA,2026-07-17T20:05:11.534945+00:00,807,False,49886,21
UCjguZlEbLns5IgN3NM2nMlg,2026-07-17T20:05:11.534945+00:00,203,False,3098,7
UCZlgh5fNy_cuAPWQE7b1WsA,2026-07-17T20:05:11.534945+00:00,14000,False,1073479,24
UCSs9wxjf1Asv9HyFmMym9kQ,2026-07-17T20:05:11.534945+00:00,123,False,10093,18
UCSg2a8l-mUW9gqKFjZZig8g,2026-07-17T20:05:11.534945+00:00,19400,False,2418026,226
UCS5U8OTQXzQXMET3NcRguWQ,2026-07-17T20:05:11.534945+00:00,14600,False,2041163,443
UCZqd2Ow05JEMlpaXHdw0LWQ,2026-07-17T20:05:11.534945+00:00,101,False,4777,10
UC4DCS-GWdPQ3A9ukbJHB65A,2026-07-17T20:05:11.534945+00:00,84,False,4812,14
UCSquzAJZ72PTgZECfAEyYrQ,2026-07-17T20:05:11.534945+00:00,6780,False,1004852,157
UCmnOYj9e1G4MUSyyVK-A9Cg,2026-07-17T20:05:11.534945+00:00,11,False,675,3
UC7SqusQkpNX1hRjRvD_1Ong,2026-07-17T20:05:11.534945+00:00,2380,False,0,0
UC_3_FgfsOhlkBjFzQnJUkEQ,2026-07-17T20:05:11.534945+00:00,683,False,31008,15
UCrF6XEZfuk45pWcQAhrtYKQ,2026-07-17T20:05:11.534945+00:00,68,False,670,4
UCJ4AkYxYPsyxeWin5fAqVSw,2026-07-17T20:05:11.534945+00:00,50,False,24630,89
UCHWF_l-xuTe0fNouIdy8ULw,2026-07-17T20:05:11.534945+00:00,333,False,33008,20
UCdiGwivOErhuFV5uEUWxllw,2026-07-17T20:05:11.534945+00:00,2060,False,153235,6
UCVDevQUUFFRkP-byPUhMQtA,2026-07-17T20:05:11.534945+00:00,84000,False,6928044,142
UCVxzuJhGfjhyw1LmRFK9UxQ,2026-07-17T20:05:11.534945+00:00,33300,False,415582,66
UCYFleXVWEURbSC7bj3sqlPw,2026-07-17T20:05:11.534945+00:00,504000,False,38121992,150
UC4EOaPNYQhUSRmBI-N1EXEg,2026-07-17T20:05:11.534945+00:00,992,False,30516,5
UCf6o_gAivqqYLTRIh9fahTA,2026-07-17T20:05:11.534945+00:00,7280,False,178842,10
UC2OyEezNlfWZB70W9yPT-xw,2026-07-17T20:05:11.534945+00:00,2,False,56,18
UC42bGXt-5heQRPXPLsww3Jw,2026-07-17T20:05:11.534945+00:00,10,False,87,1
UC1XBIWfev3IF4mbw8SEPM-w,2026-07-17T20:05:11.534945+00:00,30100,False,1493215,14
UCN9fwTxVJ8x4vttXTkl59Pw,2026-07-17T20:05:11.534945+00:00,130000,False,7614121,33
UCA-IWqJKqhCDYcF8yAfKraw,2026-07-17T20:05:11.534945+00:00,3,False,21,2
UCNvrY1HYb-cPJTgbji557ig,2026-07-17T20:05:11.534945+00:00,42,False,594,1
UCsV0gCTr6Fdl-fMpg7_3Zuw,2026-07-17T20:05:11.534945+00:00,12,False,6398,7
UCFLr608uAey2074UZtRKuaw,2026-07-17T20:05:11.534945+00:00,4,False,41,2
UCSIcX89arHkxqoi3aiqN3hw,2026-07-17T20:05:11.534945+00:00,15,False,631,10
UC5HK5iZs2UB55Bum9BBbajg,2026-07-17T20:05:11.534945+00:00,81,False,16272,21
UCsGsDaPTOt6VXRPF2FyAJ4g,2026-07-17T20:05:11.534945+00:00,3940,False,385966,131
UCifJEvXNvD8XaK7JMSmnH_w,2026-07-17T20:05:11.534945+00:00,55,False,12091,15
UCJ_5slo-oa7bvnyD92m9c0A,2026-07-17T20:05:11.534945+00:00,220,False,33261,5
UCAewO1gshtHXVsOdxd03gkw,2026-07-17T20:05:11.534945+00:00,1150,False,910599,49
UCxJP7fjfHoOT928_29TyB5w,2026-07-17T20:05:11.534945+00:00,481,False,45247,76
UCmyEUjIqwiTwx6MFT19FD0g,2026-07-17T20:05:11.534945+00:00,354,False,78248,32
UCKurrM38zebptCChSC6QpuQ,2026-07-17T20:05:11.534945+00:00,597,False,20025,101
UCtBhlCYSLlz2TO9hK93micg,2026-07-17T20:05:11.534945+00:00,471000,False,8835014,143
UCWAOuD-vL-mwdNOAXLpMFsA,2026-07-17T20:05:11.534945+00:00,5720,False,2893182,167
UCY8MMMOhm6-om2MX97fFnpQ,2026-07-17T20:05:11.534945+00:00,207000,False,27408667,1783
UCourijd_t76uoWtcXdrzwOg,2026-07-17T20:05:11.534945+00:00,1920,False,192189,46
UCoAAGnfgkDNopG8HT31K_3w,2026-07-17T20:05:11.534945+00:00,2,False,85,4
UCzHCGIaSLRPy2xG6GBIXFYA,2026-07-17T20:05:11.534945+00:00,2040,False,675093,123
UCn-TGQjyzHIA1EgonmCpr8A,2026-07-17T20:05:11.534945+00:00,19100,False,1503286,208
UCdk5_7EZfPGouBqkuJ4pcuQ,2026-07-17T20:05:11.534945+00:00,364000,False,15033140,492
UC7mhtAaF1ESJgCozpoS2lcQ,2026-07-17T20:05:11.534945+00:00,13600,False,2744099,191
UCciHuEKKB73p626H_kjoZtg,2026-07-17T20:05:11.534945+00:00,67,False,4933,10
UCtewEIiXqtEGklFsghrTlsA,2026-07-17T20:05:11.534945+00:00,1530,False,111696,90
UCyrW9aDENkU6G6URdVFwB9g,2026-07-17T20:05:11.534945+00:00,16400,False,504873,418
UCoQXpCWew0Q3qz6buZYOAFg,2026-07-17T20:05:11.534945+00:00,132000,False,20900701,1532
UCxPYVvthidICJb75llNXktg,2026-07-17T20:05:11.534945+00:00,283000,False,82988414,3127
UCXnIrM4ECF___U_7LVkNz8A,2026-07-17T20:05:11.534945+00:00,226,False,123493,48
UCKOkvbdy90Js1JF0KO9sfxQ,2026-07-17T20:05:11.534945+00:00,6,False,1203,1
UCKPo6m2YUuRWhw-18sJPnYA,2026-07-17T20:05:11.534945+00:00,15100,False,38128085,1972
UCFDDinTJk2SPab8sy7QrPnw,2026-07-17T20:05:11.534945+00:00,1530,False,61603,73
UCYYLeuf3OuMj04YCb0vvA8w,2026-07-17T20:05:11.534945+00:00,225000,False,12111167,29
UCjm7vbOwssao7Bhm9wX3-bw,2026-07-17T20:05:11.534945+00:00,147000,False,14475420,2852
UCXx6WMAaI1c0yJ5LFlISadA,2026-07-17T20:05:11.534945+00:00,33600,False,2978254,139
UCNKF91XVC--97H9yyExwOLQ,2026-07-17T20:05:11.534945+00:00,36,False,1219,1
UCjHPBitwISx7xuhYRbUfFdw,2026-07-17T20:05:11.534945+00:00,3920,False,79291,12
UC9R-lccClK7uhR-kf5m60eQ,2026-07-17T20:05:11.534945+00:00,14700,False,1206693,125
UC_wH_kulb6PkXaF6I1a9xKQ,2026-07-17T20:05:11.534945+00:00,599,False,9586,2
UCo7jGFwywOdtesciwW-POqg,2026-07-17T20:05:11.534945+00:00,254000,False,121558789,1611
UC3tvYy-s84yySG7V85jRDnA,2026-07-17T20:05:11.534945+00:00,890000,False,210358258,3340
UCH8YwtCVpDIMNh7_EqLPNCQ,2026-07-17T20:05:11.534945+00:00,710,False,49456,78
UCHhk9EHspPZejY9PnR1PLVg,2026-07-17T20:05:11.534945+00:00,409000,False,148613386,5160
UCTKpmb3bHNDrIDTAaT7rLQQ,2026-07-17T20:05:11.534945+00:00,16,False,698,1
UCZ6MS5ygBzz25PnSMaAw8PA,2026-07-17T20:05:11.534945+00:00,30800,False,15316398,1209
UCAMfYnu9LVaiHTv67cKF9EQ,2026-07-17T20:05:11.534945+00:00,3840,False,742032,451
UCq0hVW_G5kWt2ocLhbjOtGg,2026-07-17T20:05:11.534945+00:00,10400,False,2856908,1209
UCmcJ_cXnhToGOqwIvOtwSVg,2026-07-17T20:05:11.534945+00:00,17,False,13069,8
UCLA8Ovy_NPAwMWvr8IEDquw,2026-07-17T20:05:11.534945+00:00,64900,False,3629314,818
UCbS_glb2N1NVTrDLVryRbng,2026-07-17T20:05:11.534945+00:00,917000,False,605935118,65293
UCbR7juPwtP-bV_w0840ciYQ,2026-07-17T20:05:11.534945+00:00,529000,False,253371710,6160
UCUmkuHIy9TcUhd10BCEVpIg,2026-07-17T20:05:11.534945+00:00,12900,False,2071617,252
UCY7ZeW8kUhwMbpN1uxp6Jkg,2026-07-17T20:05:11.534945+00:00,9,False,11,1
UCr0wete04v0G3l7YhtBROTg,2026-07-17T20:05:11.534945+00:00,18100,False,481993,495
UC-ESiKLk1zFajcoXRtZRDgQ,2026-07-17T20:05:11.534945+00:00,8,False,747,2
UCoUtpHt61tmeSpaznNoqr3g,2026-07-17T20:05:11.534945+00:00,8330,False,2363517,164
UC12Ujt77-UFGXPAalKwuXDg,2026-07-17T20:05:11.534945+00:00,101000,False,12362903,6693
UCF11-Puqxb0jdeWNc7F_Fcw,2026-07-17T20:05:11.534945+00:00,1240,False,294501,3799
UCmGMChEd9jBucufrWcpk3Ew,2026-07-17T20:05:11.534945+00:00,630,False,159636,67
UC1CkcuwxCW_dIchuR0tTCJw,2026-07-17T20:05:11.534945+00:00,139000,False,10903241,3534
UCacIRbbu-hgx4sRW6tZPRoQ,2026-07-17T20:05:11.534945+00:00,155000,False,39580057,4652
UCfVmYgJP_bBt00lLtPGsbcQ,2026-07-17T20:05:11.534945+00:00,26400,False,4562989,158
UCYJIF8T_Nhfcu_q5xvvSRSA,2026-07-17T20:05:11.534945+00:00,29700,False,323151,47
UCh6ZuRqZK3TX9yt-ssydQ8g,2026-07-17T20:05:11.534945+00:00,688,False,156342,107
UC7yF2-xCEXXv_h93qq6urww,2026-07-17T20:05:11.534945+00:00,28200,False,6387838,280
UCfqhE2Lyb-2zpv96EfaV6NA,2026-07-17T20:05:11.534945+00:00,3,False,633,3
UCQxYcvX5hnGJvuTFzKng-Vg,2026-07-17T20:05:11.534945+00:00,27500,False,1940518,315
UCEJ2OW9pd3aUob5SGap2Hzg,2026-07-17T20:05:11.534945+00:00,25400,False,4221704,755
UCVqfoMNwM8SIpL6BMGTZbcA,2026-07-17T20:05:11.534945+00:00,5660,False,616950,48
UCkMHuOw1YS3-p7tpP0g8Oug,2026-07-17T20:05:11.534945+00:00,625,False,99272,289
UCMYGJzk1xRLyb-7nPS91U1A,2026-07-17T20:05:11.534945+00:00,11,False,211,8
UCxAkK6_mU-y8NownflBHl7A,2026-07-17T20:05:11.534945+00:00,946,False,26210,191
UC4WsFD62bjLIlWe6BDyKgLg,2026-07-17T20:05:11.534945+00:00,1,False,10,2
UCiorAyPSc4u8OMhKahkz8Kw,2026-07-17T20:05:11.534945+00:00,10,False,51,2
UC0-wN1j5Encw4db-W0npmAA,2026-07-17T20:05:11.534945+00:00,2680,False,537514,872
UCSTl549eJYdeUAY0NmZLU6A,2026-07-17T20:05:11.534945+00:00,9350,False,707036,1767
UCgnkk8P4G9yQFuRl0dEO1HQ,2026-07-17T20:05:11.534945+00:00,43900,False,5782829,341
UCvr8FfbItix2xyxAqRpq2kw,2026-07-17T20:05:11.534945+00:00,11700,False,1613496,3092
UCpFP00DtyDEHJL38u16JeJQ,2026-07-17T20:05:11.534945+00:00,2790,False,311494,241
UCGyG2Xkr4xR73xgQMXNi8_g,2026-07-17T20:05:11.534945+00:00,4130,False,741612,96
UCZWLWHBB3t-VlJpqMin0MBQ,2026-07-17T20:05:11.534945+00:00,10,False,381,23
UCZEXdsMN3HWEz34uY5PbtXA,2026-07-17T20:05:11.534945+00:00,39,False,7095,30
UC0554zf4RvVkxwt_tS4Wx_g,2026-07-17T20:05:11.534945+00:00,700,False,216899,521
UC5Q_G46Xm2zLk3KENJyNZFw,2026-07-17T20:05:11.534945+00:00,6,False,38,1
UCXiuc0YzkB3Cqm5iGOPCfbg,2026-07-17T20:05:11.534945+00:00,1,False,334,3
UCPt6oRAoW7q6Tc3pVdte8Ow,2026-07-17T20:05:11.534945+00:00,27,False,185,6
UCy3DKiGOrAXgOYZ08p7b13w,2026-07-17T20:05:11.534945+00:00,2730,False,233186,28
UCclsYfuBasiAF0_jKu6UIKg,2026-07-17T20:05:11.534945+00:00,2,False,163,3
UCBqRzgKt-SI9i4J2kK9E1Cw,2026-07-17T20:05:11.534945+00:00,3550,False,454706,103
UCQDKBn0LV7zJfpx0Sjn6K5g,2026-07-17T20:05:11.534945+00:00,487,False,21597,32
UCSskMa5RIcLld1C9-zcXJLA,2026-07-17T20:05:11.534945+00:00,27,False,1195,13
UCvXR8NCCCr5N0edH88hcI_Q,2026-07-17T20:05:11.534945+00:00,3280,False,195026,497
UC_nEV-E7z5c250hGJaf5c0A,2026-07-17T20:05:11.534945+00:00,97,False,71596,72
UCFTKhTLqZ7mfqPy0TG534sw,2026-07-17T20:05:11.534945+00:00,3030,False,15254,79
UCljTXbhUOR5waxd9gRTLgaw,2026-07-17T20:05:11.534945+00:00,1200,False,116942,247
UC9POg6oD76qKaxyM8YimAKQ,2026-07-17T20:05:11.534945+00:00,982,False,69475,22
UCTt-pC0wjGVwhhNWFEOsDMQ,2026-07-17T20:05:11.534945+00:00,1000,False,15137,22
UCUB9xI15sYd8dHq629QP5uQ,2026-07-17T20:05:11.534945+00:00,117,False,16398,17
UCJmP1lPfoeGX8sI1zMCuTOg,2026-07-17T20:05:11.534945+00:00,12,False,363,3
UCxurgeq3vKKjMKZLc1sMl5A,2026-07-17T20:05:11.534945+00:00,1250,False,30945,25
UCPcpwO-IEYGbVxN28vU91Hg,2026-07-17T20:05:11.534945+00:00,61,False,36681,35
UCcramqaCahbkbALKYjdc-VA,2026-07-17T20:05:11.534945+00:00,1600,False,1653,7
UC0KvGxwklSVx0Uww0gMFfwA,2026-07-17T20:05:11.534945+00:00,198,False,25948,16
UCBlP-tEVTVhG0QvIKSnKFqA,2026-07-17T20:05:11.534945+00:00,6,False,2285,9
UCJqvzvbvZeip0hW_q3EW6_A,2026-07-17T20:05:11.534945+00:00,162,False,2806,3
UCzdwVqqrY_z1DJkpLfdMHag,2026-07-17T20:05:11.534945+00:00,1930,False,1204766,290
UCgZpKdr8jE-9VH4P0dEQMyA,2026-07-17T20:05:11.534945+00:00,123000,False,52797627,221
UC2UVrW6JtYPWq0ezzpF16RQ,2026-07-17T20:05:11.534945+00:00,6800,False,1860755,685
UCkhusRWtlkfDXeyaEAqxnvg,2026-07-17T20:05:11.534945+00:00,36,False,35301,32
UCf-nFO-Cr56Cd-BylJDLFAg,2026-07-17T20:05:11.534945+00:00,68,False,2582,11
UCkP-4Do9fA3CY25QAdP2VZA,2026-07-17T20:05:11.534945+00:00,55,False,8252,8
UCc9GEPH0oCt_48VM6AePYgg,2026-07-17T20:05:11.534945+00:00,112,False,2661,13
UCHRbXzdMHzVmbBLrVbrei8g,2026-07-17T20:05:11.534945+00:00,114000,False,30318549,186
UC8dedUAMnca1y5XVjDJu5XQ,2026-07-17T20:05:11.534945+00:00,320,False,5556,33
UCywKYmHKbV3lRW4HOOneGkg,2026-07-17T20:05:11.534945+00:00,87,False,38498,34
UCiH0SQX_tIi1AtaAn0410zA,2026-07-17T20:05:11.534945+00:00,14,False,5007,10
UCDY_htT4nVRXSAIQVydbtyQ,2026-07-17T20:05:11.534945+00:00,16300,False,3909076,119
UCG4iJ9LgvBTfaTCqdtkmMIQ,2026-07-17T20:05:11.534945+00:00,1460,False,868931,363
UCwYZFnfxGmEGqYruNho3beA,2026-07-17T20:05:11.534945+00:00,3090,False,277907,11
UCr1DskOOC0p1agQs4jnkdNg,2026-07-17T20:05:11.534945+00:00,1640,False,1256874,65
UCz_nCLpFKAAwoSTKamwIszQ,2026-07-17T20:05:11.534945+00:00,70100,False,6114683,207
UC4iQrvOdsgpHwbrvNrCJUkA,2026-07-17T20:05:11.534945+00:00,4280,False,447861,138
UCSodo0fV9KfObDMmYTpV5_A,2026-07-17T20:05:11.534945+00:00,41200,False,12933543,350
UC_ym_zKj2eVM5JV7S6wmybw,2026-07-17T20:05:11.534945+00:00,529,False,172127,30
UCLKaX-xMB_hMIgdNrIkiyVw,2026-07-17T20:05:11.534945+00:00,6110,False,370236,52
UCl4aG8npoRPiiPPr5S2-Lgw,2026-07-17T20:05:11.534945+00:00,109,False,39015,75
UCUQKEdJcyunNiHE7J0aJoig,2026-07-17T20:05:11.534945+00:00,791,False,156852,33
UCp1dmXYZMC6LgNiOqUnN_4w,2026-07-17T20:05:11.534945+00:00,2430,False,52838238,90
UC9Tg0Wf5Pyqs1Rm2TA2uTfA,2026-07-17T20:05:11.534945+00:00,32000,False,2154732,134
UCAkJO9PUcuTxu9impjgNWuA,2026-07-17T20:05:11.534945+00:00,2,False,1252,13
UCt6_uKUFzWP7jLJZR9WpEoA,2026-07-17T20:05:11.534945+00:00,694,False,107920,86
UCc1Zs92Xb56Us_XAb2OU7rQ,2026-07-17T20:05:11.534945+00:00,5,False,6,2
UCwaUcCAOyzudilU2vsxtieg,2026-07-17T20:05:11.534945+00:00,16,False,15643,64
UCKHgO2j1mqI5vFxJioRSPMQ,2026-07-17T20:05:11.534945+00:00,33000,False,1829679,617
UCoElcu6NTt-SxyARxAprpmQ,2026-07-17T20:05:11.534945+00:00,336,False,7359,22
UCsyRgC9aY7wm_6BmX9DtM1w,2026-07-17T20:05:11.534945+00:00,76,False,590,18
UCUlCRcQ9scpOnzMfGfDUugA,2026-07-17T20:05:11.534945+00:00,3730,False,226228,40
UC_HxkWZCXAODLKg3ggawmDg,2026-07-17T20:05:11.534945+00:00,9070,False,490696,165
UC-DuVdWFLOQYS93kJdXOR0A,2026-07-17T20:05:11.534945+00:00,145,False,2511,9
UCmTrMV3RUj_n8dO0Ff-wHOQ,2026-07-17T20:05:11.534945+00:00,320000,False,31370929,437
UCWnwsDArGEUHuUBTiv4JnEQ,2026-07-17T20:05:11.534945+00:00,23700,False,2401515,59
UCRGjzu8jJYKy3-5IG3ZV6cA,2026-07-17T20:05:11.534945+00:00,8,False,33,1
UCt1c2_2IHxYppY-vnBem2JA,2026-07-17T20:05:11.534945+00:00,6590,False,236433,207
UC5F9aIQD4W16FyhUDl42zUQ,2026-07-17T20:05:11.534945+00:00,510,False,38202,232
UCqXGW6IGN6fsLCDh4x6D1qw,2026-07-17T20:05:11.534945+00:00,73,False,3390,32
UC6yWjC53qkEzATbC4xczmJw,2026-07-17T20:05:11.534945+00:00,4200,False,251899,54
UC7y523uvfJhftdgPfC6NHPA,2026-07-17T20:05:11.534945+00:00,2470,False,331532,467
UCkXjFNkQdPUGCXGvwqAx7og,2026-07-17T20:05:11.534945+00:00,73,False,2231,138
UCyHeauUetH6yyKhzBD_Iqiw,2026-07-17T20:05:11.534945+00:00,13,False,1002,8
UC_cGGBNE1BYAnZAfdE71KWg,2026-07-17T20:05:11.534945+00:00,1360,False,94534,19
UCJryiZzac7A1AFCTShC4XBA,2026-07-17T20:05:11.534945+00:00,1940,False,28464,21
UCluX2aszbegi4QBNHFQP63A,2026-07-17T20:05:11.534945+00:00,79,False,459,7
UCfCzC_zJomF_Ace4T2wKb6Q,2026-07-17T20:05:11.534945+00:00,273000,False,18784247,637
UCU5c7NAe_j6YcVlkXYLxpmA,2026-07-17T20:05:11.534945+00:00,17400,False,834598,94
UCxEgUOusX-Z7f7zWK_aA79A,2026-07-17T20:05:11.534945+00:00,14700,False,314946,42
UCy2ql63nRG24V2Mn7pxLenw,2026-07-17T20:05:11.534945+00:00,40800,False,3740521,1000
UCcWXp95XWD9efSwF447DXrg,2026-07-17T20:05:11.534945+00:00,1570,False,42478,61
UCYRuRw221bkMM9zHUS5_Y0w,2026-07-17T20:05:11.534945+00:00,312,False,17047,169
UC1ILn3jWWLU0w9cy67SbkPw,2026-07-17T20:05:11.534945+00:00,1740,False,685048,583
UCNdi3r3vkppQh6lFNZg3d-Q,2026-07-17T20:05:11.534945+00:00,782,False,50208,39
UCSObrQoFIQS_-QQOc08_Ssw,2026-07-17T20:05:11.534945+00:00,76,False,1254,19
UC5w6Ug990g-ANPERMC-Y3eA,2026-07-17T20:05:11.534945+00:00,7090,False,158705,88
UCAcPvtBwVq1vqSyPdhqD-UA,2026-07-17T20:05:11.534945+00:00,13200,False,453256,276
UCMug8JAUI3upsBM5sWwYreA,2026-07-17T20:05:11.534945+00:00,42700,False,2290216,259
UC7Q9D6KZJXrwc12395GXVzA,2026-07-17T20:05:11.534945+00:00,549,False,8190,16
UCp6zvc74hxmfInIDehKQ9hA,2026-07-17T20:05:11.534945+00:00,46,False,663,17
UCVJBgDJMJ3wDsSUb4iEHyKg,2026-07-17T20:05:11.534945+00:00,59300,False,3028854,467
UC5ZNkdIVKL-M3KrNaCEzveg,2026-07-17T20:05:11.534945+00:00,76900,False,5454018,565
UCi8MyaVUy0jkE1pmvoxgXWw,2026-07-17T20:05:11.534945+00:00,3580,False,94160,60
UCeLelzi3O-B-HKdfMESnwkQ,2026-07-17T20:05:11.534945+00:00,2430,False,100601,21
UCsrkebjUwVU0pV4gS0RYJGQ,2026-07-17T20:05:11.534945+00:00,1940,False,33320,100
UCXBT25JJF98hQkRL6V2c5dQ,2026-07-17T20:05:11.534945+00:00,2930,False,85624,90
UCCJ89wwdePoKuxJVDNv2o4Q,2026-07-17T20:05:11.534945+00:00,1320,False,21390,12
UCKRJqvAtmN-Wd0t53HHBa2A,2026-07-17T20:05:11.534945+00:00,3830,False,147709,39
UCPZmRk4baYtsuVqwpdHAatw,2026-07-17T20:05:11.534945+00:00,5090,False,1526231,250
UCRGpKZOWMIEjCjMxeH2aN7g,2026-07-17T20:05:11.534945+00:00,113,False,5540,24
UCr6N1fR_Lb9ftvHwqCsadSg,2026-07-17T20:05:11.534945+00:00,5880,False,166962,63
UCk16AZqObhsEu7fUjwroGaA,2026-07-17T20:05:11.534945+00:00,4870,False,574695,901
UCKOwktknl1Nml4md_6xtHWw,2026-07-17T20:05:11.534945+00:00,5390,False,212230,313
UCSt7i0ZW6OGP9kjdWIMvitQ,2026-07-17T20:05:11.534945+00:00,4450,False,19134,16
UClRNtb47OA2TokvvxKsx7JQ,2026-07-17T20:05:11.534945+00:00,1680,False,395684,211
UCU3ecX4WYJwn8QK-ui0tmwA,2026-07-17T20:05:11.534945+00:00,13800,False,457110,23
UCOChhrxHx8lLASkitfBu3-A,2026-07-17T20:05:11.534945+00:00,5870,False,38511616,630
UC0XqZjHP-gdvd66zYTCJfPw,2026-07-17T20:05:11.534945+00:00,12700,False,133117,129
UCelf8BNPSMoNyACywNr-Kpw,2026-07-17T20:05:11.534945+00:00,9240,False,127249,22
UCOFS3qJtjiRq0YY1ibvslYw,2026-07-17T20:05:11.534945+00:00,17,False,263,3
UCnNF2wWnDyhm-yz2CgC5BTA,2026-07-17T20:05:11.534945+00:00,37800,False,14278475,141
UC5lwYwl6l2m4RC-z_ZBHafA,2026-07-17T20:05:11.534945+00:00,633,False,530751,27
UCMNzGVtXq9_Y4oYOYEkd-7Q,2026-07-17T20:05:11.534945+00:00,9850,False,551254,304
UCS2ZjE9iD7LxI67pd6GVKEw,2026-07-17T20:05:11.534945+00:00,103000,False,6909360,995
UCtaw5NwO3T8Do1CobY4uP5A,2026-07-17T20:05:11.534945+00:00,1890,False,449554,227
UCCC3sx1ispa_2wCA3EYBotw,2026-07-17T20:05:11.534945+00:00,1590,False,23373,17
UCSeF9kD4vSmxjsVrRojUjsg,2026-07-17T20:05:11.534945+00:00,341,False,16222,27
UC_wJhm5jkqIBLd8-9fZg0XA,2026-07-17T20:05:11.534945+00:00,6900,False,526621,256
UCsi5-o9gSDEUl2eDi-eJM9g,2026-07-17T20:05:11.534945+00:00,106,False,17301,5
UCl2-7XYoDKAHPBqMPreO19w,2026-07-17T20:05:11.534945+00:00,427,False,12401,33
UCFXQ-ZCsWIr_qOztBYZ906w,2026-07-17T20:05:11.534945+00:00,433,False,235494,51
UCqESOsot-Ppk1def_hDnhsg,2026-07-17T20:05:11.534945+00:00,140,False,10853,19
UC3Kh4e8CHpffrEzt1d1Kspg,2026-07-17T20:05:11.534945+00:00,2180,False,121379,81
UCGmE1COCLwZdQcLNnc2Qp5A,2026-07-17T20:05:11.534945+00:00,640,False,3654,29
UCOYVlEvf-f9e4UCdVojIVUQ,2026-07-17T20:05:11.534945+00:00,18,False,438,3
UCN3JGHUdqHPEOXEY9S6kSfA,2026-07-17T20:05:11.534945+00:00,242,False,6568,23
UCNX0CIE5m_9vxWksVD7asvQ,2026-07-17T20:05:11.534945+00:00,21400,False,1105667,87
UCQIzORcHAhShkUZzIxaV6DQ,2026-07-17T20:05:11.534945+00:00,21,False,605,33
UCQqJTyiqe4C5x94ERghMpBA,2026-07-17T20:05:11.534945+00:00,2,False,1828,5
UC6SZGBCG1i5v10CF3OeafLg,2026-07-17T20:05:11.534945+00:00,32,False,2718,8
UCzU3FXmtrch045NDiIHicaA,2026-07-17T20:05:11.534945+00:00,1570,False,69016,180
UC5buOuCitUpuGPFZKJOeAGw,2026-07-17T20:05:11.534945+00:00,179,False,3119,14
UCwwQRIgp0G6CmZdKQJBlg9A,2026-07-17T20:05:11.534945+00:00,195,False,1459,19
UCw3u8KEMN_0O29g8pOhWceA,2026-07-17T20:05:11.534945+00:00,23,False,788,2
UC_rH4CoL1FNn58WQVg_Y7mA,2026-07-17T20:05:11.534945+00:00,69,False,2991,76
UCZ29uda1Tweo5ENSXJppPAw,2026-07-17T20:05:11.534945+00:00,1910,False,6056,10
UCRSl-U2W-qUulwFPVvndhwA,2026-07-17T20:05:11.534945+00:00,247,False,5512,15
UC7Mjxanti9szzP2pHVzRsqw,2026-07-17T20:05:11.534945+00:00,32,False,22,1
UCR6RSgJxqSju02lm9K-KWmg,2026-07-17T20:05:11.534945+00:00,53,False,944,5
UCuXFwveVodjeJ66lTMrxHkw,2026-07-17T20:05:11.534945+00:00,13,False,170,6
UCDiHT5PUxgVKhJho0KHCPSg,2026-07-17T20:05:11.534945+00:00,45,False,0,0
UC9bdPAkmKvSdWy_L2kGr_hQ,2026-07-17T20:05:11.534945+00:00,315,False,4614,19
UCAKaim711VP13ACUihQF05A,2026-07-17T20:05:11.534945+00:00,41,False,1465,7
UCMaKyH6yopChpZBCvwjYc2Q,2026-07-17T20:05:11.534945+00:00,217,False,7947,18
UCoTwhjWx2AoxTBLLqRbXG5w,2026-07-17T20:05:11.534945+00:00,2140,False,93489,54
UC2RgFroDzxQwKLKV5pH1dMQ,2026-07-17T20:05:11.534945+00:00,105,False,194,2
UCtQ_3GnVAFgU49_wyZg6qow,2026-07-17T20:05:11.534945+00:00,208,False,851,12
UC9D2wB19IK3kHrDCK1B7w4w,2026-07-17T20:05:11.534945+00:00,21,False,114,1
UCKn8mSyZt_qwXK1Kzr6hA9w,2026-07-17T20:05:11.534945+00:00,2690,False,541114,49
UCszOGG2jqk4RGQoMOtD8EHg,2026-07-17T20:05:11.534945+00:00,3650,False,126491,80
UCV2fznLRnZqbta_8npkLB4w,2026-07-17T20:05:11.534945+00:00,1230,False,388358,29
UCqc7EnKqdU5kBd1StGpOvmQ,2026-07-17T20:05:11.534945+00:00,20,False,2668,2
UCqKTOnUJB4FWuf63HiFLbbw,2026-07-17T20:05:11.534945+00:00,15,False,137,4
UC8gSVAEKGlZigj1xK-33TNw,2026-07-17T20:05:11.534945+00:00,93,False,1193,2
UCT4afSpF7vaC-RwCJdcGHCg,2026-07-17T20:05:11.534945+00:00,15,False,1686,3
UCMHjslR-_UU22z9TmV6Q2HA,2026-07-17T20:05:11.534945+00:00,13200,False,730955,62
UCT1onHH7JVkJvr4BYa3gJmg,2026-07-17T20:05:11.534945+00:00,5,False,610,3
UCZ0GXjs6fKPmpUUn-DfnkOw,2026-07-17T20:05:11.534945+00:00,4,False,10,2
UCPsg1Ij4M9AbqU1G77WFLSg,2026-07-17T20:05:11.534945+00:00,205,False,12264,46
UCHtTguUXuXNqadJm-iVG9rw,2026-07-17T20:05:11.534945+00:00,1,False,52,3
UCl4Y73ZM9g5mP5W489jHp3w,2026-07-17T20:05:11.534945+00:00,554000,False,49315838,775
UCls_uDOm2aY8LP8tP1Z4BOQ,2026-07-17T20:05:11.534945+00:00,45600,False,4039250,246
UCYnCzGtmgWT8YajRWBb-fAA,2026-07-17T20:05:11.534945+00:00,7,False,322,2
UCy_y6nMp8Hjyl5HnnuErGuw,2026-07-17T20:05:11.534945+00:00,25500,False,2247336,206
UCp0DdAwRrauIUwUU0hwZMww,2026-07-17T20:05:11.534945+00:00,24,False,2317,7
UCIQ9OZNLnAZTySLZgUxbcQQ,2026-07-17T20:05:11.534945+00:00,693,False,53727,73
UCrIyEj0Xv5j6uSjrvWLnqkw,2026-07-17T20:05:11.534945+00:00,781,False,90513,3
UCgCScS0g93SSr9UmHLXquSQ,2026-07-17T20:05:11.534945+00:00,894,False,5963120,103
UCbMYIzdPgO1WTRA-lZSA5Eg,2026-07-17T20:05:11.534945+00:00,33,False,12805,21
UC2ZX-A6Js8RbeS6uds_RJZw,2026-07-17T20:05:11.534945+00:00,1800,False,14067,45
UC91DBjbGDIfxhi-R0rWQkaQ,2026-07-17T20:05:11.534945+00:00,38700,False,3327538,208
UCVPeicyAm-j34cXOa6OGI9g,2026-07-17T20:05:11.534945+00:00,6,False,72,1
UCH6Cm_2-yEJ_a-PE7JBMDuw,2026-07-17T20:05:11.534945+00:00,84,False,13033,2
UCphiPgK1ctc1QozYfL_BSiQ,2026-07-17T20:05:11.534945+00:00,453,False,43379,11
UC_YEDp_hEdqGHD6cYAHX0KA,2026-07-17T20:05:11.534945+00:00,401000,False,18352326,969
UCt8tjeE8K49R8A-cWmF8z9A,2026-07-17T20:05:11.534945+00:00,9,False,629,5
UCLoI9kreQ9j_TCZx55wmtIw,2026-07-17T20:05:11.534945+00:00,207,False,11843,80
UCgYwpK41WuOyc5K4ysDO7UA,2026-07-17T20:05:11.534945+00:00,445,False,12727,22
UC3M6OzfWtr6tXJ9UDmytWBg,2026-07-17T20:05:11.534945+00:00,5,False,513,2
UCqXCiD5kpbHq8U6r1xfrFnQ,2026-07-17T20:05:11.534945+00:00,33,False,693,11
UCXfKY4J6eRCh8iPUwQ95HmQ,2026-07-17T20:05:11.534945+00:00,360,False,44063,41
UCxgT-PRraH7gJjw9kpY5Rmg,2026-07-17T20:05:11.534945+00:00,464,False,125568,56
UCEIh3ZxB3nAw6L_HbEBny0Q,2026-07-17T20:05:11.534945+00:00,303,False,189540,136
UCupaJUZBUCNncGckZDGSoQw,2026-07-17T20:05:11.534945+00:00,12,False,1376,7
UC8j_8kc0GTdl52VtneEELtg,2026-07-17T20:05:11.534945+00:00,822,False,57857,337
UC8MDcSxi00w_R5mr78N_Qnw,2026-07-17T20:05:11.534945+00:00,1220,False,25430,150
UCnMFUg-Toi1mIknvElW9mUQ,2026-07-17T20:05:11.534945+00:00,1370,False,88647,141
UCAJe39mKx2LACmYIjpUs6XQ,2026-07-17T20:05:11.534945+00:00,7030,False,444079,264
UCa2DhOS0yohLWWdDL1SjtOg,2026-07-17T20:05:11.534945+00:00,13,False,684,4
UCXTMoIwt2CDXXcC3sh4QQcQ,2026-07-17T20:05:11.534945+00:00,0,False,27,2
UCSNTusy_RmBUbTV2aV4ju_w,2026-07-17T20:05:11.534945+00:00,222,False,10189,47
UC_tAL8RywbOgTK1Fbwe633g,2026-07-17T20:05:11.534945+00:00,167,False,5871,48
UC7dh3kXuvONBFPWzs9BCEYQ,2026-07-17T20:05:11.534945+00:00,567,False,11692,70
UCJWipdY23VhNmMywN9NvzGA,2026-07-17T20:05:11.534945+00:00,100,False,5067,40
UCGwNjr4N0uUvqD8MopqsfyA,2026-07-17T20:05:11.534945+00:00,2280,False,30538,74
UCoWjlh2GnpjnppUAzVD_EyA,2026-07-17T20:05:11.534945+00:00,219,False,1461,2
UCpy58w5V4hoDd05mhlpLiRw,2026-07-17T20:05:11.534945+00:00,697,False,4970,20
UCOY1BTAuzZDJHggLNyKUnZQ,2026-07-17T20:05:11.534945+00:00,11,False,253,3
UClKd124-zPV5juJ9fymmRhg,2026-07-17T20:05:11.534945+00:00,632,False,9675,42
UCuORYsduEWY6XGerTtlQJ0Q,2026-07-17T20:05:11.534945+00:00,22,False,938,16
UCQo8ufIJEkgyytpqVWRJ_dw,2026-07-17T20:05:11.534945+00:00,1720,False,51423,56
UCM1XR4yUmryIdI5um99YlKw,2026-07-17T20:05:11.534945+00:00,466,False,27285,117
UCa-3XHyBJlOdKPSc52FSzpg,2026-07-17T20:05:11.534945+00:00,98,False,5439,2
UC2-iKoeLd-v-vAcxbNE4zcg,2026-07-17T20:05:11.534945+00:00,2680,False,201094,508
UCrn-Mja5YBvZzCUhGewsEyQ,2026-07-17T20:05:11.534945+00:00,36,False,561,7
UCNy0uzQw5DbObdXsQ_N20wA,2026-07-17T20:05:11.534945+00:00,57,False,1817,15
UC7_6YvDWxB0nCQKcuA7_HaQ,2026-07-17T20:05:11.534945+00:00,235,False,15553,49
UCEFYhzFnvSFKIN-jDiYGhnw,2026-07-17T20:05:11.534945+00:00,4450,False,87060,90
UCJat4zcnqLpGf45U0yrxM6g,2026-07-17T20:05:11.534945+00:00,3,False,109,3
UChlup18XcBlFNvRe98MBFLg,2026-07-17T20:05:11.534945+00:00,230,False,7982,13
UCGDUKdvO4Oyx96FSVOLPn2w,2026-07-17T20:05:11.534945+00:00,715,False,61658,336
UCKA7SQOUkD1_z5lr016Q70w,2026-07-17T20:18:34.519184+00:00,10900000,False,5118322397,755
UCRDDfbYPHX_GUJ4lcQYTc8A,2026-07-17T20:18:34.519184+00:00,6550000,False,6081864555,33954
UCJA-NQ4MtcRIog66wziD8fA,2026-07-17T20:18:34.519184+00:00,5740000,False,1614844778,4082
UCaIc6SgS90ud_RgMSC6hW_w,2026-07-17T20:18:34.519184+00:00,5300000,False,4377106646,12023
UCOtYyt7W5PmPnwQjWWF_Z-Q,2026-07-17T20:18:34.519184+00:00,5290000,False,4144619150,57691
UCn0XmAUFv6d2tofMFEesSNw,2026-07-17T20:18:34.519184+00:00,4200000,False,3444705354,22538
UCrHB06pIp3WAlyBo30OAdvg,2026-07-17T20:18:34.519184+00:00,4190000,False,145382378,1958
UCh9qXeL8eP3Txra2908xksg,2026-07-17T20:18:34.519184+00:00,4050000,False,883992229,1572
UCGkzF25IZBE1SF9ykM64xEA,2026-07-17T20:18:34.519184+00:00,3890000,False,629758570,119
UCCK3OZi788Ok44K97WAhLKQ,2026-07-17T20:18:34.519184+00:00,3870000,False,2587749001,180979
UCckltLEhFLv8Xz_lQhYfwmg,2026-07-17T20:18:34.519184+00:00,3760000,False,2722344650,163923
UC4UaWbUUwVvCxWNqhb4f16Q,2026-07-17T20:18:34.519184+00:00,3330000,False,628551076,2778
UCQTcNhAZidy1i9wwmdgf2Lw,2026-07-17T20:18:34.519184+00:00,3240000,False,2493241455,37455
UCgnFSj7jQffD5V5m05j4dPw,2026-07-17T20:18:34.519184+00:00,3150000,False,1794920620,328074
UCRtAu8OVYVfuNZmTV-Ug0zA,2026-07-17T20:18:34.519184+00:00,2930000,False,246692518,543
UCuc40qp1ZKB_ZbDw9iml8Kg,2026-07-17T20:18:34.519184+00:00,2890000,False,1627995775,727
UCDm4BW0Q5d-zASSuRyvPGXw,2026-07-17T20:18:34.519184+00:00,2780000,False,387646573,2084
UCVd1jcy6wKFzfQ5E-Txtg-w,2026-07-17T20:18:34.519184+00:00,2440000,False,509691019,1165
UCmqflTSJ6911aCrnaWIXxsA,2026-07-17T20:18:34.519184+00:00,2370000,False,777914430,3752
UC6lDrxy3lS4LNRuuBtryqpQ,2026-07-17T20:18:34.519184+00:00,2250000,False,405927420,871
UCYFn7BOOlmL21iNJ6q5IDfg,2026-07-17T20:18:34.519184+00:00,2180000,False,729510372,398
UCOLdaAcrdzYY3ug15EuuFAg,2026-07-17T20:18:34.519184+00:00,2160000,False,848332661,104
UCMQYRNX1Fg-HJ8Ey7Z3WPrA,2026-07-17T20:18:34.519184+00:00,2130000,False,282687516,93
UCaK7Q39swdiSrp1TBgOi7QQ,2026-07-17T20:18:34.519184+00:00,2070000,False,335715993,4376
UCJsN1Mmx4GRA6sCYdfKqpSQ,2026-07-17T20:18:34.519184+00:00,1950000,False,214049793,184
UCc8W1zUTmtNqXIhOHxPIAuw,2026-07-17T20:18:34.519184+00:00,1930000,False,2038745,155
UC8irIP66QzlZNVgqe4vwN9g,2026-07-17T20:18:34.519184+00:00,1910000,False,1697907889,445
UC3C6rQHX8pkjSyOm-620k3w,2026-07-17T20:18:34.519184+00:00,1860000,False,26562730,408
UCGjZJ0TN1PlJIEwJXKNlm6w,2026-07-17T20:18:34.519184+00:00,1850000,False,191198359,1104
UCa5uVqVCpNGdqkZ4FXjpwig,2026-07-17T20:18:34.519184+00:00,1790000,False,7756644,19
UC9SnUR9ewkPk9h45L0uY6SQ,2026-07-17T20:18:34.519184+00:00,1770000,False,936912308,421
UCwKYO2L9xzLtWhSv4ncYCIA,2026-07-17T20:18:34.519184+00:00,1750000,False,170454954,678
UCtTgIrVyMl405cDQEO55AEg,2026-07-17T20:18:34.519184+00:00,1720000,False,451726393,505
UCs_mHlm5_C82W5WCIJaSMbQ,2026-07-17T20:18:34.519184+00:00,1710000,False,265800628,5637
UCJbxRq_IlWyzvB9KK0Mrs8A,2026-07-17T20:18:34.519184+00:00,1670000,False,296059446,166
UCU57IJhYK4v_XCOo4khbBxA,2026-07-17T20:18:34.519184+00:00,1670000,False,279859196,572
UCVwbUjoiTUXxeVjsxW9Kwng,2026-07-17T20:18:34.519184+00:00,1670000,False,491037198,596
UCT83ymyAGm7Gnk_4ifxjxIA,2026-07-17T20:18:34.519184+00:00,1650000,False,471127086,25673
UCcpvzu2fNDZyKkQ6tETbHLw,2026-07-17T20:18:34.519184+00:00,1620000,False,454791306,622
UCEa6e_J_Xs_GKCzG8Eq15Xw,2026-07-17T20:18:34.519184+00:00,1580000,False,563622211,145
UCc30sTBdN9LRSxEuHaXV_bQ,2026-07-17T20:18:34.519184+00:00,1560000,False,651787033,47279
UCw6-MbidLyoWQlvb9FFz5xQ,2026-07-17T20:18:34.519184+00:00,1560000,False,1249798952,236
UCkuoWSLw-SNu8dvVCU0MjMQ,2026-07-17T20:18:34.519184+00:00,1510000,False,246577637,207
UCfYQW_0xEVwKfePgWRxTYhg,2026-07-17T20:18:34.519184+00:00,1480000,False,391182440,462
UC2sO_F_Ky4LIAUtSJYXqBDA,2026-07-17T20:18:34.519184+00:00,1470000,False,756178956,14881
UCEUSUxrhCt4n0Pp9WB7q7-w,2026-07-17T20:18:34.519184+00:00,1460000,False,91654806,1882
UC95VofaZiQPFwRMaqPhLc0w,2026-07-17T20:18:34.519184+00:00,1450000,False,500670019,927
UCqShCHSDvCBKDN_GAsnLJmQ,2026-07-17T20:18:34.519184+00:00,1440000,False,132647318,1002
UCYf829WTg8Cpx_a-cPtgSQQ,2026-07-17T20:18:34.519184+00:00,1380000,False,1289248828,2275
UCJPorwyXP29nZW95Gh-nrsw,2026-07-17T20:18:34.519184+00:00,1360000,False,248058303,100
UCu3jIK2NBSXc0_YaFqEuIrg,2026-07-17T20:18:34.519184+00:00,1330000,False,244090674,1092
UCNFDDKoTezuSWbIjjHA76xQ,2026-07-17T20:18:34.519184+00:00,1320000,False,751459801,1340
UC2gpLSHUrXCbWiaBwstZsjg,2026-07-17T20:18:34.519184+00:00,1280000,False,166941473,918
UCnPp3f0r4BywxwgAJqaH6QQ,2026-07-17T20:18:34.519184+00:00,1250000,False,1101179202,5568
UCe13xXtdfx_n0_z1qeXV6_g,2026-07-17T20:18:34.519184+00:00,1250000,False,663600150,3935
UCsiJNM6kab7pDU6OnsskjAg,2026-07-17T20:18:34.519184+00:00,1230000,False,68521792,299
UCGN3TM5lZQ1DAvMwI1LIc8Q,2026-07-17T20:18:34.519184+00:00,1230000,False,124676212,1382
UCrVkiG6Tt5y-yNjFOOGdb3Q,2026-07-17T20:18:34.519184+00:00,1230000,False,222547822,808
UCZWbuCJ-SV3QpxRvgEXGByQ,2026-07-17T20:18:34.519184+00:00,1230000,False,569085860,307
UCU5WmQA3Ur1Yriw5pMqoBNQ,2026-07-17T20:18:34.519184+00:00,1230000,False,92720740,256
UCEuz_HGv5er0LZsztjO4g5Q,2026-07-17T20:18:34.519184+00:00,1210000,False,1315,110
UCu_V8lfzyGspxP-LNFowW9w,2026-07-17T20:18:34.519184+00:00,1200000,False,557518845,768
UCu7cGbQEMgGk8TD0ZYucM5g,2026-07-17T20:18:34.519184+00:00,1190000,False,214872822,6437
UCtZO2c3i1PrtwyeaxaIYHKA,2026-07-17T20:18:34.519184+00:00,1180000,False,799506703,842
UCvsksEXBnVKBj0QiQ6cnTdw,2026-07-17T20:18:34.519184+00:00,1180000,False,1197479925,314
UC0RX5hQE6UpHTjfub4NZSPg,2026-07-17T20:18:34.519184+00:00,1180000,False,236487239,1193
UCHwfjlJXhLKCNsuw2VXr6ig,2026-07-17T20:18:34.519184+00:00,1170000,False,61986931,314
UC7OJJA9sk3SCcatYvhC1_cg,2026-07-17T20:18:34.519184+00:00,1160000,False,248257518,277
UCGB1U55Jf7bp7knbUhCCTMA,2026-07-17T20:18:34.519184+00:00,1160000,False,506751120,67664
UCbkMFGQ_RWIf0OiYeOpf6Ng,2026-07-17T20:18:34.519184+00:00,1160000,False,31241870,294
UCNbM4dl9kN5KDpmDdAW6zOg,2026-07-17T20:18:34.519184+00:00,1150000,False,185305694,1102
UCTcATaNqlaCF4zkZp29BJRQ,2026-07-17T20:18:34.519184+00:00,1150000,False,155562735,134
UC9sglGVfDEqPRb-AJgE4r1g,2026-07-17T20:18:34.519184+00:00,1150000,False,250173657,3784
UCAH7R88V7gz7RqJv78nNOzg,2026-07-17T20:18:34.519184+00:00,1130000,False,349461763,11595
UCjjl50eFDiwDAWeGLvQqMiA,2026-07-17T20:18:34.519184+00:00,1130000,False,63059815,223
UCbLcppYDPaXh-SLaYadLJ2g,2026-07-17T20:18:34.519184+00:00,1130000,False,286234444,819
UCOB66xjgJe-D8jq7579BOwA,2026-07-17T20:18:34.519184+00:00,1120000,False,401046754,506
UCVz1bXiY1pz6Fz_Osm0YYBA,2026-07-17T20:18:34.519184+00:00,1120000,False,231069100,1699
UC6MkngMDyobFNaXOZR0ukyQ,2026-07-17T20:18:34.519184+00:00,1120000,False,1155542551,2861
UCoQOQFHBsBAhobpI8NradTA,2026-07-17T20:18:34.519184+00:00,1110000,False,38915606,561
UCGwSu8n08wtb7RVacaPs9Tw,2026-07-17T20:18:34.519184+00:00,1100000,False,693128879,1632
UC_dr25YJaGIFQtA8D0RTjOQ,2026-07-17T20:18:34.519184+00:00,1090000,False,307006671,976
UCVpjudnF83VEmqVBLNG1rbg,2026-07-17T20:18:34.519184+00:00,1040000,False,81690440,499
UCfdBd-9WWZUv1h7d80Omy8g,2026-07-17T20:18:34.519184+00:00,1040000,False,177104647,829
UCdvzidU6j1UdUBhaEw-LLuQ,2026-07-17T20:18:34.519184+00:00,1040000,False,157044719,2779
UCvoMClO68wGoV5Fvu0KRiqA,2026-07-17T20:18:34.519184+00:00,1030000,False,167797790,1909
UCcbOsE5_4LEjtQi8X2PFxDw,2026-07-17T20:18:34.519184+00:00,1030000,False,356312906,12655
UC0RxmX79uHOBvSKKYAQ7Axg,2026-07-17T20:18:34.519184+00:00,1000000,False,233717551,684
UCwrJnrHM2qRjjiSVk1nlx4Q,2026-07-17T20:18:34.519184+00:00,1010000,False,335588235,902
UCKEKf35apTUvSLs-c1DCekw,2026-07-17T20:18:34.519184+00:00,998000,False,45001072,1203
UCBW2dlXYPIVLwuNQw9aVu-A,2026-07-17T20:18:34.519184+00:00,996000,False,86143830,1076
UCFV00xQSCQSKvWRXgearMzg,2026-07-17T20:18:34.519184+00:00,993000,False,102185175,1232
UC9Slp55-nJIx-q1g_TJEY3Q,2026-07-17T20:18:34.519184+00:00,993000,False,531424428,571
UCdJppX3uAMFMvCTuE9qCowg,2026-07-17T20:18:34.519184+00:00,990000,False,137352425,500
UCppSNX9SEvI6TM1U0GLGQyA,2026-07-17T20:18:34.519184+00:00,977000,False,126539667,1426
UCYM-FoL4inC91SfFcoUpWJQ,2026-07-17T20:18:34.519184+00:00,976000,False,35756322,460
UCp1NZ1G3fkJCgh6eNZ7MG6w,2026-07-17T20:18:34.519184+00:00,934000,False,182698886,84
UCF3FOALs3bDzcdfW0xdYbSA,2026-07-17T20:18:34.519184+00:00,931000,False,119065046,80
UCIoyIVPZEfC2p0dQwAxGiEw,2026-07-17T20:18:34.519184+00:00,926000,False,706202225,1560
UC0CXMeU0432EMgBnlBaY_yA,2026-07-17T20:18:34.519184+00:00,924000,False,115822221,3276
UCQdaCUDjn23rXsgQN6oNjuQ,2026-07-17T20:18:34.519184+00:00,167,False,70613,23
UCmbvStroxG2ia5GDytTr0xA,2026-07-17T20:18:34.519184+00:00,20800,False,2070796,41
UC5R7F4Mw_ZV1c4tYe4UKLIg,2026-07-17T20:18:34.519184+00:00,309000,False,77925017,1502
UCTfmp7vG6zJ5W5k2eDOIwcQ,2026-07-17T20:18:34.519184+00:00,401,False,11632,7
UCwG57eRV0mV1ZYQW7Bzw5FA,2026-07-17T20:18:34.519184+00:00,178,False,2615,5
UCW2UaF1nbMbh6Q1FBqc7vng,2026-07-17T20:18:34.519184+00:00,191,False,3587,11
UC6B3Qvye0VmLOXRPusbGF1w,2026-07-17T20:18:34.519184+00:00,2660,False,906521,54
UCrMLkeUAmsKum1a1cedRCFw,2026-07-17T20:18:34.519184+00:00,31,False,6775,2
UC6b5W9oT4CKgeI3jdDwtlZg,2026-07-17T20:18:34.519184+00:00,3760,False,0,0
UCKjCD_fRV6RfcKv8I9dYA2A,2026-07-17T20:18:34.519184+00:00,804,False,79680,17
UCu_e3pCYZDP-TNlEDmWx6bg,2026-07-17T20:18:34.519184+00:00,22,False,1420,6
UChAN3A6E4AsDR0CsgeAZbYA,2026-07-17T20:18:34.519184+00:00,8,False,1941,6
UCNhJPVwWql6hHk5VMuuLLFQ,2026-07-17T20:18:34.519184+00:00,3,False,50,1
UCnNHFsGC9SdQskFNpCRY8DQ,2026-07-17T20:18:34.519184+00:00,4,False,171,1
UCgUTjskRXI38KbDqwsuXZMA,2026-07-17T20:18:34.519184+00:00,35,False,1493,3
UCY8-WqzL7Mo6WHYyn2IHCUQ,2026-07-17T20:18:34.519184+00:00,23100,False,1718237,69
UC9BCwsmcSwv7G27OuEXRw5g,2026-07-17T20:18:34.519184+00:00,409,False,8229,10
UC7I4zfD2OOPZeY0cR7036DA,2026-07-17T20:18:34.519184+00:00,5380,False,210025,57
UCYJCP45-3I0UeASIHPLsFpA,2026-07-17T20:18:34.519184+00:00,1840,False,357776,15
UC-0Mao449ypwT0j6O4Dq1kA,2026-07-17T20:18:34.519184+00:00,180000,False,2728692,67
UCmnI3z49QvFzLWpNwIgeuBA,2026-07-17T20:18:34.519184+00:00,24100,False,1903889,20
UCdzuoILCS3EvHfFB5K89X_Q,2026-07-17T20:18:34.519184+00:00,334,False,11540,8
UCjqiaXPD0-qpI_NmP6oQDHQ,2026-07-17T20:18:34.519184+00:00,14900,False,1518846,82
UCIFATZpxaqJgockV5AypucA,2026-07-17T20:18:34.519184+00:00,4000,False,491948,270
UCsac4rjgoKC4na1GS1bgS8A,2026-07-17T20:18:34.519184+00:00,315,False,30434,11
UCdyQzIFaYWsep5HLb8fNmOw,2026-07-17T20:18:34.519184+00:00,33,False,2713,8
UC0PN_0AjGZ7Rfk_9zlzKW_A,2026-07-17T20:18:34.519184+00:00,60,False,15677,18
UC7zKtnoBMYSDfOGJ0bCbFeg,2026-07-17T20:18:34.519184+00:00,24,False,8829,15
UCrPfqXI9IoCchcaZz9rY50A,2026-07-17T20:18:34.519184+00:00,99700,False,7492127,129
UCl0Hu9Z8GEZeSNzyP-LCm6A,2026-07-17T20:18:34.519184+00:00,9,False,1971,3
UCKQw2OwROuqrhOuiqSttu6g,2026-07-17T20:18:34.519184+00:00,9010,False,994096,2420
UC2uomGog6kAIluGXp-OnAcw,2026-07-17T20:18:34.519184+00:00,26000,False,453855,18
UC0g2qh1vK_S8ItR6ZSMGlCw,2026-07-17T20:18:34.519184+00:00,138000,False,31067963,144
UCVOZ_y2K3fnUOmuMtnxLk1Q,2026-07-17T20:18:34.519184+00:00,285000,False,64096303,731
UClWdV81I0BoL-GlmPf942Nw,2026-07-17T20:18:34.519184+00:00,209000,False,39044501,251
UCgy3gF6d083mEGUKw5Vjq1Q,2026-07-17T20:18:34.519184+00:00,90400,False,34711916,574
UCV5IOYBamwHotBtYVxBdd1Q,2026-07-17T20:18:34.519184+00:00,71,False,1094,5
UCf2jZoOW2OYB66SQ29OH_Ug,2026-07-17T20:18:34.519184+00:00,296,False,8984,22
UCoYMp_Y0XIfgDMoefUzVFew,2026-07-17T20:18:34.519184+00:00,3,False,37,1
UC0BcYitJuDWf3FOhzGSPKqw,2026-07-17T20:18:34.519184+00:00,38100,False,7140764,31
UCGE-_K4q2RnhuhCqyMWRohQ,2026-07-17T20:18:34.519184+00:00,136,False,3321,54
UCxood6HxMjFCIoHa2dRI1Cg,2026-07-17T20:18:34.519184+00:00,1130,False,257290,15
UCMz4bq9hsPRttGoW1c-amjw,2026-07-17T20:18:34.519184+00:00,8980,False,598469,59
UCUR4bBSPunEgqJ_LXlhPy5g,2026-07-17T20:18:34.519184+00:00,7600,False,216677,67
UCrputd-TfRFkuYCFp3noAFA,2026-07-17T20:18:34.519184+00:00,10500,False,712879,15
UC2PXUxzmQE8jNanGxwndSjw,2026-07-17T20:18:34.519184+00:00,142000,False,10716354,347
UCFdCT7ZJCc9ax1yAqDCQPaA,2026-07-17T20:18:34.519184+00:00,9530,False,409773,108
UCpuVqKQHN72bp67rb7HSUNg,2026-07-17T20:18:34.519184+00:00,9,False,46,1
UCb4I3a5sSdVyXdBwQPG3sTw,2026-07-17T20:18:34.519184+00:00,48300,False,3979034,263
UCKMhiMmqyu2uAl8T3LZiEjQ,2026-07-17T20:18:34.519184+00:00,5530,False,523684,35
UC71SYqwZvY_kXqVA30F-awg,2026-07-17T20:18:34.519184+00:00,102000,False,9521513,158
UClBC9kT7SSFliwTgLQ7Ms4g,2026-07-17T20:18:34.519184+00:00,337000,False,29786571,357
UCmrLu4r89ykOzmtmbAeEklA,2026-07-17T20:18:34.519184+00:00,9410,False,7883725,3819
UCl7bA1c-PseZaAQjNyrFkAA,2026-07-17T20:18:34.519184+00:00,12800,False,918426,43
UCp8jFPHjTrBU_WOGyhXiUXg,2026-07-17T20:18:34.519184+00:00,0,False,102,28
UCIPnCyTWcKHe-C-_mtG0GmA,2026-07-17T20:18:34.519184+00:00,392000,False,33997212,459
UC3oMopXIfvenPQSVfaGifnw,2026-07-17T20:18:34.519184+00:00,20200,False,1190927,102
UCH_Ie8olOLHLJPOS1vaVoOA,2026-07-17T20:18:34.519184+00:00,182,False,75809,25
UCR3KzWW0CU4nWY41_QBfAkQ,2026-07-17T20:18:34.519184+00:00,3160,False,428415,20
UCEWKJTdB9-3gWXbfO8M5y9w,2026-07-17T20:18:34.519184+00:00,824,False,71998,37
UCJEnfxBpv0TwLx_mAf9NXHg,2026-07-17T20:18:34.519184+00:00,2710,False,3107124,67
UCUBN8f1H_gd7aulxB-Ik4tA,2026-07-17T20:18:34.519184+00:00,37700,False,10715240,649
UC-dHEjWS4CibzGtijQC6cOg,2026-07-17T20:18:34.519184+00:00,59,False,4553,33
UCko-rtA7XExCrvdlPTVpBuA,2026-07-17T20:18:34.519184+00:00,61,False,32209,27
UCVWqZXv-sjeFu5jKbQ1cA-Q,2026-07-17T20:18:34.519184+00:00,1180,False,17246,31
UCGnnbsbqbCc7KxSIAbC_d2A,2026-07-17T20:18:34.519184+00:00,32200,False,2400193,414
UCQsNlLN15ybNA4kdtwe-OBA,2026-07-17T20:18:34.519184+00:00,25800,False,2505782,179
UCT_mEOG3Y-gemGUMglejpug,2026-07-17T20:18:34.519184+00:00,4230,False,561637,39
UC5mNdm6_f2fv50Hzsg7qW1g,2026-07-17T20:18:34.519184+00:00,5150,False,1546175,586
UCjFSAzgoCbyyRV1gOxj5jFQ,2026-07-17T20:18:34.519184+00:00,7490,False,639537,96
UCS6wii1nENlRXQpu_1mp5CA,2026-07-17T20:18:34.519184+00:00,174000,False,25695357,719
UCnUro1VEvpuIkbqoM9M8L4A,2026-07-17T20:18:34.519184+00:00,2680,False,230419,30
UC7AxZ0tx8pwt2oQ9hWOP1oQ,2026-07-17T20:18:34.519184+00:00,67,False,24664,87
UCG3AQ93iPpdDeo7Wx_OcgwA,2026-07-17T20:18:34.519184+00:00,85,False,14346,16
UCmQ5zlAPO88XZPWUiEJOn0g,2026-07-17T20:18:34.519184+00:00,106,False,16332,10
UCWUR0yiAHj7MdcJwZrF2lpw,2026-07-17T20:18:34.519184+00:00,1,False,32,5
UCVDZMMJxLQhN-pwv1MOIAaQ,2026-07-17T20:18:34.519184+00:00,12300,False,585895,8
UCQga5Hpkev0t-LW7F56C8mQ,2026-07-17T20:18:34.519184+00:00,756,False,45168,63
UCPfU0uygBGutjaaJU5PpEvg,2026-07-17T20:18:34.519184+00:00,10300,False,5325132,353
UCGe9vzavXCSu7GBIgoPebeQ,2026-07-17T20:18:34.519184+00:00,365000,False,33014924,242
UCpIq1UzT1Gc82vsSxFBZsEw,2026-07-17T20:18:34.519184+00:00,60200,False,11801838,104
UC-DEHYgvcA5bBD3cWo_vSuA,2026-07-17T20:18:34.519184+00:00,599,False,68660,57
UCYHgjr-ghKubcYSgTCVHk8A,2026-07-17T20:18:34.519184+00:00,0,False,6,1
UCd0KBZYeiONMV6ogZQI2z2A,2026-07-17T20:18:34.519184+00:00,1920,False,66032,20
UCTi36zetYBtNR4MW2zSmPjQ,2026-07-17T20:18:34.519184+00:00,365000,False,36559390,396
UCRqtN8wk9rFMujQTAYu8eAg,2026-07-17T20:18:34.519184+00:00,88,False,5807,13
UCiOEgWwAKbfrVb795hqQc9A,2026-07-17T20:18:34.519184+00:00,377000,False,45098276,189
UC4dKy-gRylhUE3SEkW_e11g,2026-07-17T20:18:34.519184+00:00,111000,False,45342420,3709
UCegqG9T-A_SJKIC8oihTHhg,2026-07-17T20:18:34.519184+00:00,194,False,22422,18
UCjzTnRl0ujdKwTh7KHxYCKg,2026-07-17T20:18:34.519184+00:00,712000,False,176617791,800
UCSRcG8jFyWZNmXR1J5YRylg,2026-07-17T20:18:34.519184+00:00,20,False,882,8
UCJlqZbsrcEi3ZNknVGTY_9w,2026-07-17T20:18:34.519184+00:00,66,False,4721,10
UCcJpqRpi5w9OV11xtYgUSUQ,2026-07-17T20:18:34.519184+00:00,121000,False,16649401,840
UCQNgAoq_8JvzI5buAqhgL_A,2026-07-17T20:18:34.519184+00:00,1350,False,148842,155
UC3S32URqLCYK2_AW5lbiiMw,2026-07-17T20:18:34.519184+00:00,72100,False,27169987,71
UCIuZDfuUZsVSb8vIXynez3Q,2026-07-17T20:18:34.519184+00:00,511,False,6933,7
UCiunIA3NykAFQWxoBXFXEOg,2026-07-17T20:18:34.519184+00:00,1670,False,144295,27
UCgnFbY7CoU8sr0ftq8FLbVg,2026-07-17T20:18:34.519184+00:00,1690,False,397468,14
UCKTTWcQAAYCDChIFyc3r4aQ,2026-07-17T20:18:34.519184+00:00,2940,False,237525,21
UCysvAsEtv4BNF0LncxnH5ww,2026-07-17T20:18:34.519184+00:00,199,False,5397,11
UCGHp-wJUS3l4BVHiv08qFzw,2026-07-17T20:18:34.519184+00:00,31500,False,5069200,83
UCALlP9-ExjCgzVht-m5zDsg,2026-07-17T20:18:34.519184+00:00,169,False,23921,53
UCvScUEIPU4_zAnW7cKj64HQ,2026-07-17T20:18:34.519184+00:00,885,False,110108,120
UCcgbUApKo1qfxkTOGYml76A,2026-07-17T20:18:34.519184+00:00,1380,False,105871,28
UCPcyus45q7_BCKodTOOdS4g,2026-07-17T20:18:34.519184+00:00,103,False,9644,13
UCpZJJvZ2HMYBAxcDHRc21YA,2026-07-17T20:18:34.519184+00:00,49,False,6876,16
UCRQDi1gOmaLAmNyVdoMQINQ,2026-07-17T20:18:34.519184+00:00,2560,False,208423,33
UCkf7eD9QJ9wsNP2Ys8CrW0Q,2026-07-17T20:18:34.519184+00:00,105,False,13858,129
UCh1GBh9K3ThnZkJjCdB5-bg,2026-07-17T20:18:34.519184+00:00,265,False,40491,7
UCrSPX3GAYbNXkKZQZoBOVpw,2026-07-17T20:18:34.519184+00:00,29,False,881,8
UCMF4AQ_-dhSxnWHI3mK3jwg,2026-07-17T20:18:34.519184+00:00,831,False,128378,405
UC9WC9lfrR4XNDTn1AiBDinQ,2026-07-17T20:18:34.519184+00:00,11,False,24,2
UCX2n8Tz5He1ylXlv-2ovIsQ,2026-07-17T20:18:34.519184+00:00,1430,False,9247,31
UCDYxMheJ0Pntdz_ijL0AUmA,2026-07-17T20:18:34.519184+00:00,384,False,68152,9
UC7naetdL8FfHSzue4aOUbKA,2026-07-17T20:18:34.519184+00:00,5,False,615,1
UCjZU2f82Q8RGqAg9fUyagsw,2026-07-17T20:18:34.519184+00:00,10,False,67,2
UC3XELynXsjo04O3_2NEhhMA,2026-07-17T20:18:34.519184+00:00,32800,False,7513358,56
UCAf9mUcYimBMC5BN4_ynodA,2026-07-17T20:18:34.519184+00:00,49,False,8977,172
UCtClA8ZJg4YUfO_y9opALZQ,2026-07-17T20:18:34.519184+00:00,42,False,0,1
UCtIzUW426lTNR34-GGMQvrQ,2026-07-17T20:18:34.519184+00:00,21200,False,1426124,342
UC-2JPD5wybLAPIPcIQp2Vgg,2026-07-17T20:18:34.519184+00:00,1890,False,113521,23
UCR8rmSZQ1BD-8CZJAtMdl5Q,2026-07-17T20:18:34.519184+00:00,3340,False,165080,10
UCOWCgndXfQ4DZKp34MXHYHg,2026-07-17T20:18:34.519184+00:00,2720,False,235139,125
UCBIrFQIsJA134Nbemr6n_gQ,2026-07-17T20:18:34.519184+00:00,239,False,7522,10
UCnAKeRXHr_rqxkJb3Be-RlQ,2026-07-17T20:18:34.519184+00:00,35900,False,1589432,54
UChSr-u2fodw5-4aflD-g2YA,2026-07-17T20:18:34.519184+00:00,639,False,85834,49
UCO1D6O3Pi6bJjZ3xsrWQvRQ,2026-07-17T20:18:34.519184+00:00,27000,False,2567154,559
UC5oOEwYdNsvYOkCkWVynRow,2026-07-17T20:18:34.519184+00:00,2320,False,111574,7
UC5A28PUkxGuezY0zv-Hk61Q,2026-07-17T20:18:34.519184+00:00,406,False,19256,9
UC5IM2uMULjHt-0aAfiG8E_A,2026-07-17T20:18:34.519184+00:00,82,False,12481,71
UCl72Edycxp0eF0DlxdQFfTw,2026-07-17T20:18:34.519184+00:00,509,False,38007,51
UCkomTk7AtEOnCmh5S2-9_Fg,2026-07-17T20:18:34.519184+00:00,869,False,124285,11
UCdFAl3bZf7bi7A5HX7USKzg,2026-07-17T20:18:34.519184+00:00,458000,False,58258050,759
UC8Y-LGE9ZKpa53aM3zzBryg,2026-07-17T20:18:34.519184+00:00,2470,False,84468,13
UCJPbMQYL6VewUfp5TJK8lqQ,2026-07-17T20:18:34.519184+00:00,113000,False,10683030,289
UCLWofMl6ouENOuxQwYUPhJg,2026-07-17T20:18:34.519184+00:00,438,False,54764,141
UCgk1kT97AePkRpzM63WENiw,2026-07-17T20:18:34.519184+00:00,19200,False,1564167,387
UCrD9Obf9n-hXg2MuS4IEpkg,2026-07-17T20:18:34.519184+00:00,110,False,9853,12
UCR6rhscnujT_Vcze1wXLOhw,2026-07-17T20:18:34.519184+00:00,45700,False,294312,17
UCu2Vwaw7Df7vw9cwC_g57IA,2026-07-17T20:18:34.519184+00:00,6120,False,674123,16
UCil5Biujb5RNJKRVrGOEzSA,2026-07-17T20:18:34.519184+00:00,4260,False,2586,4
UCOZWavCybhl9Imm-DB06BRg,2026-07-17T20:18:34.519184+00:00,85,False,17582,41
UC9eTKSVgTEyL_3zTKfhdMeQ,2026-07-17T20:18:34.519184+00:00,33,False,5773,35
UC3xB1Mcj2xyGTDizr8cJApA,2026-07-17T20:18:34.519184+00:00,2270,False,3074,5
UCYiQ7oxEKv7U78WdLpUVrFQ,2026-07-17T20:18:34.519184+00:00,13,False,178,1
UCfC-WxdopqJP8dQTyakoIeQ,2026-07-17T20:18:34.519184+00:00,13,False,1660,4
UCmxLF29mnXea_nL5kaOqD2w,2026-07-17T20:18:34.519184+00:00,9970,False,1673611,41
UCqDMvUe1Zy9QzR-F6X7B5pw,2026-07-17T20:18:34.519184+00:00,8910,False,1312657,285
UCqxK13l4trqLDRa302oAZIw,2026-07-17T20:18:34.519184+00:00,546,False,189326,19
UCU94S60IBq_xSUtM0FBYC8A,2026-07-17T20:18:34.519184+00:00,768,False,32988,7
UCS7TOzC8cRTnUklI6cch2zA,2026-07-17T20:18:34.519184+00:00,1160,False,151815,63
UCaA8YO1rCyi3bvqnZFLwDtA,2026-07-17T20:18:34.519184+00:00,485,False,40829,27
UCZL4e5M_Wf09fdZJkPuALRw,2026-07-17T20:18:34.519184+00:00,12,False,7104,13
UCxqp4S-Aqq09FNFUbU5L-KA,2026-07-17T20:18:34.519184+00:00,382,False,97113,6
UCc7NENWrEDB0ZNVDV69aavg,2026-07-17T20:18:34.519184+00:00,0,False,3,1
UCUPFH5NDPM3_hOdbqQLKjuQ,2026-07-17T20:18:34.519184+00:00,12,False,951,10
UCkN9tZjeEbf13vyYI4lXKsw,2026-07-17T20:18:34.519184+00:00,34,False,7406,8
UC6DeeXYWVGnGKd68O5x5WQA,2026-07-17T20:18:34.519184+00:00,11,False,727,5
UC2ya22E7myYwZB4BPbUsPtw,2026-07-17T20:18:34.519184+00:00,5400,False,407101,44
UCbGOccaksSx9TbF9vKdH1Mw,2026-07-17T20:18:34.519184+00:00,19,False,1580,21
UCQWHQTa-vX2UjI1yhFSVpOw,2026-07-17T20:18:34.519184+00:00,10,False,22,2
UC3TyI8BNpT1YaEuSTc1Cg-A,2026-07-17T20:18:34.519184+00:00,5,False,244,11
UCl4MonVoWRx3HqAh3Efw2Jg,2026-07-17T20:18:34.519184+00:00,65600,False,6057673,647
UC7di5zivMKpYOmhyhZ2nVvg,2026-07-17T20:18:34.519184+00:00,18800,False,4589256,273
UCmRi6WxTmNsHGRsLCI_h4aA,2026-07-17T20:18:34.519184+00:00,765,False,190710,156
UC9ldW_CaS6RM1OTlmV3llkg,2026-07-17T20:18:34.519184+00:00,719,False,29041,11
UCXcSNGv5IVG6LaKta20Cqwg,2026-07-17T20:18:34.519184+00:00,1330,False,49203,75
UCrcATWZGF_p53r38i6VK0eA,2026-07-17T20:18:34.519184+00:00,11700,False,892688,744
UCvNv4wVoRpqzvaW4p-PnSqw,2026-07-17T20:18:34.519184+00:00,186,False,3331,9
UC7etbDk-NvIZhzvjdUAYXxQ,2026-07-17T20:18:34.519184+00:00,22,False,12710,11
UC-TPAJpit-cnGUG-zWliKFw,2026-07-17T20:18:34.519184+00:00,8320,False,2960686,492
UC6CeurhVnSDDXMAq78FdTTA,2026-07-17T20:18:34.519184+00:00,496,False,47494,70
UCIKg0Ev6Vq2M7hU7bL_jHFQ,2026-07-17T20:18:34.519184+00:00,658000,False,186542063,15889
UCSPkz9U2u1vAsUqGWYEk7MQ,2026-07-17T20:18:34.519184+00:00,204,False,23262,16
UCah_QCw7uHZtIDzOW6-oK4g,2026-07-17T20:18:34.519184+00:00,1510,False,1491779,486
UCo0fodGX_3gepaWfjc2MyLA,2026-07-17T20:18:34.519184+00:00,36,False,16281,8
UCKVq53n8k4csrHeC1T43NYw,2026-07-17T20:18:34.519184+00:00,15200,False,114805,33
UCkVKdDTks0XJ3COH6RI1l8Q,2026-07-17T20:18:34.519184+00:00,32,False,11209,13
UCTap3NT20DO3BaUnxBV9I0A,2026-07-17T20:18:34.519184+00:00,99,False,14960,23
UC8IP1bYxoeFVP5BP7JwG76w,2026-07-17T20:18:34.519184+00:00,286,False,15649,110
UC2_Gkq64V-2UbPLMt39mnaw,2026-07-17T20:18:34.519184+00:00,3750,False,879332,120
UChwjz-THeefGm2mSbYB37Wg,2026-07-17T20:18:34.519184+00:00,2140,False,912220,87
UCh3ACc11ECpUWZKnagOgEbQ,2026-07-17T20:18:34.519184+00:00,8,False,962,6
UCjM-a_T7cY_nR7NbPpV_vvg,2026-07-17T20:18:34.519184+00:00,47800,False,5311623,214
UCx-7U8L664YJgngQp1ew51w,2026-07-17T20:18:34.519184+00:00,121,False,3156,10
UCBwuL2xjgCtQS9sxEjd4xMw,2026-07-17T20:18:34.519184+00:00,45,False,6847,20
UCiN8pQvSxfW1o9TSZN8Bf9g,2026-07-17T20:18:34.519184+00:00,62000,False,6283615,98
UCEneEx_9xYHkAAjFdLnBxQA,2026-07-17T20:18:34.519184+00:00,232,False,285110,178
UCzZNkL3RsR2x30Qs2dE2hqg,2026-07-17T20:18:34.519184+00:00,107,False,57189,58
UCWrJW5qgCKGpYAxyMCp5Hxg,2026-07-17T20:18:34.519184+00:00,186000,False,33141872,775
UCJ3yi0qMXqDFNNEqkMPHwrw,2026-07-17T20:18:34.519184+00:00,194,False,88849,109
UCZw-8vhDi8SvEjHgHI4WTMw,2026-07-17T20:18:34.519184+00:00,6,False,4954,21
UCVJRiEXH8SpQhiL9G6ryynA,2026-07-17T20:18:34.519184+00:00,20800,False,822279,35
UCzfbJKcwa21jG1zYGEG1OBQ,2026-07-17T20:18:34.519184+00:00,258,False,12637,10
UCyeFZYnUsbqGrnIqriHDWxQ,2026-07-17T20:18:34.519184+00:00,2,False,378,1
UC-CPG8774sPO9u5Uykx60Yg,2026-07-17T20:18:34.519184+00:00,0,False,20,6
UCKBotsXrIQ4ZQlGGh-LuttQ,2026-07-17T20:18:34.519184+00:00,6,False,70,3
UCL6CPo74VXtsNZokcnIkzmQ,2026-07-17T20:18:34.519184+00:00,604,False,43035,74
UCzaTdeRzUq5ionIu8qWw88A,2026-07-17T20:18:34.519184+00:00,18,False,685,2
UC52oHirf4jHa4_HSXw6yUhA,2026-07-17T20:18:34.519184+00:00,1,False,7,1
UCHxH_-4U4y6OuGqe5XiWWqA,2026-07-17T20:18:34.519184+00:00,196000,False,11817467,678
UCLbE_xq1etxULkX-7T7FbEA,2026-07-17T20:18:34.519184+00:00,22100,False,337256,152
UC9ZBA7S_lucysinN4TrSeHw,2026-07-17T20:18:34.519184+00:00,114,False,33120,6
UCrXH3bjqSAndzb72KkauIrg,2026-07-17T20:18:34.519184+00:00,66800,False,6362059,187
UCJY1-jawEq7c9U7mY6xA4vQ,2026-07-17T20:18:34.519184+00:00,23500,False,40395536,825
UCP-yI2ffacN8bZyBatqWcbA,2026-07-17T20:18:34.519184+00:00,5340,False,766098,63
UCRkzL0-FkIP36GH4O6CTNqw,2026-07-17T20:18:34.519184+00:00,3,False,9,1
UCJA0a_Ggz9huEg9qmz8zm3g,2026-07-17T20:18:34.519184+00:00,96,False,30977,9
UCjep8IdTLwBrVmwstBfccPw,2026-07-17T20:18:34.519184+00:00,1,False,24,2
UCl7t-NMya4EY-aLXiudLFaA,2026-07-17T20:18:34.519184+00:00,5,False,107,5
UCx5Rp-vL2d7IqLWqV5cBQHg,2026-07-17T20:18:34.519184+00:00,151,False,25443,49
UCQeYJy0YInj69dHrh4cMn5Q,2026-07-17T20:18:34.519184+00:00,352,False,97365,97
UC5-bq5cxEBTPRH58MSb5p7Q,2026-07-17T20:18:34.519184+00:00,110,False,2559,70
UCI2e1y5DEClmDQgSEDl9qZQ,2026-07-17T20:18:34.519184+00:00,236000,False,10953784,143
UC9njmypEq3Xz06jbUJ-85vQ,2026-07-17T20:18:34.519184+00:00,117000,False,35436340,212
UCzawCs4xEp6Nllm4DbnjrxA,2026-07-17T20:18:34.519184+00:00,875,False,34237,11
UCMayHG7j39d11Gh36vV7GnQ,2026-07-17T20:18:34.519184+00:00,34800,False,203210,786
UCxVVJnWg8B7u6fh_U1nZBFQ,2026-07-17T20:18:34.519184+00:00,5,False,61,1
UCSw_5fZrselH_au61zvIpJw,2026-07-17T20:18:34.519184+00:00,76000,False,4955179,1270
UCsHad6HWytp_Xp-6NomY_yQ,2026-07-17T20:18:34.519184+00:00,484,False,80328,77
UCBR9iW2qo_7LP9_9u3A2ZeQ,2026-07-17T20:18:34.519184+00:00,360000,False,24868111,1582
UCXBHPGYTwiBvTIk5dl9-r6Q,2026-07-17T20:18:34.519184+00:00,185000,False,14724940,1728
UC1dfhQyj962rwYPVLi3OHLg,2026-07-17T20:18:34.519184+00:00,708000,False,52743069,1887
UCpoFVjuq1ALkaLXUCpn_GuA,2026-07-17T20:18:34.519184+00:00,2190,False,429759,701
UCcFyjFWJPQ3YA1-BMnmwkhQ,2026-07-17T20:18:34.519184+00:00,44200,False,3205044,349
UCoNaQS6wefjNVFkwvxrzAYw,2026-07-17T20:18:34.519184+00:00,161000,False,31958261,3536
UCnRg3w-mhthPX-3Wa1cAKDQ,2026-07-17T20:18:34.519184+00:00,1,False,10,2
UC72XNqS419B9_0a-wqngKSA,2026-07-17T20:18:34.519184+00:00,8,False,84,7
UC_Yt4EUT5dtwOxMm6sheYrQ,2026-07-17T20:18:34.519184+00:00,371000,False,93585058,944
UCXLyL2Fg5DZouTYsYtRT0WQ,2026-07-17T20:18:34.519184+00:00,60100,False,11426908,2385
UCKC83VK5PenX2ocZ4JF7YiQ,2026-07-17T20:18:34.519184+00:00,26,False,805,10
UCiiq12phPwfMHaGFVolH4Ag,2026-07-17T20:18:34.519184+00:00,60500,False,10126406,817
UCPBzejSb3mj_2xRh_VdIiEg,2026-07-17T20:18:34.519184+00:00,221000,False,20838995,368
UCqeQG7PhP7KDQdGo4ZPP63w,2026-07-17T20:18:34.519184+00:00,56,False,15724,32
UCiLbj6E-dvR3tDLKigo2juQ,2026-07-17T20:18:34.519184+00:00,94800,False,17609728,675
UCjiRWN2f2BN77HG_ueCgldg,2026-07-17T20:18:34.519184+00:00,122,False,16983,13
UCI-teIr7yMeLi4Z3LW4LNRg,2026-07-17T20:18:34.519184+00:00,175000,False,30293960,1330
UC-HguykxEb6N5HPA4kpOTOw,2026-07-17T20:18:34.519184+00:00,1070,False,35110,244
UCAyTTE7S0i95nzjKqcm1Xaw,2026-07-17T20:18:34.519184+00:00,9060,False,240839,266
UCf48pki8AqjBHuV80LcC7kA,2026-07-17T20:18:34.519184+00:00,82000,False,4390369,389
UCRaLvUrrj_901Anrljs1F2g,2026-07-17T20:18:34.519184+00:00,13800,False,1350630,330
UCXDVbH3h2qb8y5POSwIHYGQ,2026-07-17T20:18:34.519184+00:00,17,False,1420,11
UCuKu1AFWC8Wk6AWMveGwcxg,2026-07-17T20:18:34.519184+00:00,21,False,1528,40
UCGcSIA9ATSpQKxa8nxI4wBQ,2026-07-17T20:18:34.519184+00:00,54200,False,3589821,2434
UC5uGexidH3WqbErqSX_EGJA,2026-07-17T20:18:34.519184+00:00,54500,False,10983724,1231
UCwAutt7DEppZqxCQJy70Hgg,2026-07-17T20:18:34.519184+00:00,56,False,2098,29
UC80f3P-Wfj5TL_sl4gxgw1A,2026-07-17T20:18:34.519184+00:00,2310,False,267686,128
UC0PdkCm3QlHJ8HdH4JeNirA,2026-07-17T20:18:34.519184+00:00,396000,False,64432874,374
UCm-TXzgh9U2K3wjWzY0XX0A,2026-07-17T20:18:34.519184+00:00,79300,False,16249480,1025
UCVleILOsIPcrXCuOoM3Od3w,2026-07-17T20:18:34.519184+00:00,18,False,610,14
UCVBt_Exv9FMcM6F09AZNcew,2026-07-17T20:18:34.519184+00:00,158000,False,22199549,550
UCYIDsYMpNDgbjUdTv8b_ywA,2026-07-17T20:18:34.519184+00:00,51,False,554,17
UCzmfyGW0j33HPvGb3hOEIiA,2026-07-17T20:18:34.519184+00:00,2,False,15,1
UCgMhQ6pyGiOyDZYWVByxrow,2026-07-17T20:18:34.519184+00:00,1,False,11,1
UCLc1xgiAaIecWUs1Nqgz_GA,2026-07-17T20:18:34.519184+00:00,41,False,1121,3
UCYTY-C4OFmUdIwi6wghybAA,2026-07-17T20:18:34.519184+00:00,5,False,1047,15
UChrXmunslU0Xg7MVsJs5Kkg,2026-07-17T20:18:34.519184+00:00,2080,False,66903,18
UCjyASLgz5_yLQtK0fNCNNmg,2026-07-17T20:18:34.519184+00:00,113,False,22532,20
UCFT4DBU0rueVksywB2DKhXQ,2026-07-17T20:18:34.519184+00:00,118,False,6645,5
UCt0fx_wES8OcWtaVDxtL5IQ,2026-07-17T20:18:34.519184+00:00,3,False,30,1
UCFSkBRHrYDfJJCa5-Y_-zww,2026-07-17T20:18:34.519184+00:00,10,False,3127,27
UClOoepx2VEpv_of07JeaYuA,2026-07-17T20:18:34.519184+00:00,427,False,6576,13
UC2VxdMY2G0Qab-nI4ufkBUA,2026-07-17T20:18:34.519184+00:00,37,False,1766,11
UCPj9Pb6SMGNVjRnLX19wthw,2026-07-17T20:18:34.519184+00:00,116,False,3165,8
UCEu3EhYF3HsY9ZSGYfpFo2w,2026-07-17T20:18:34.519184+00:00,20,False,390,8
UCatZcG-Y8eowAa6S_PsWSCg,2026-07-17T20:18:34.519184+00:00,126,False,2959,9
UCVwEHCzHFsn8_5LhjMFqSiA,2026-07-17T20:18:34.519184+00:00,8210,False,798375,225
UCMTUdyDebV02ruOdZlcS4Dw,2026-07-17T20:18:34.519184+00:00,809,False,237678,152
UCxSH_l2EKLPUB-HOjlZRabw,2026-07-17T20:18:34.519184+00:00,12800,False,581530,28
UC-t7Vw_L9ORj7gvyGUOaeSg,2026-07-17T20:18:34.519184+00:00,164000,False,19034495,217
UCrdRoTbNO_UgcUFLfpfwFAQ,2026-07-17T20:18:34.519184+00:00,156,False,28265,21
UCkLA7sLLrCERBrtvBTAh_jg,2026-07-17T20:18:34.519184+00:00,25100,False,946790,20
UCxXmqLKcZGhsVDaDbS0PdjQ,2026-07-17T20:18:34.519184+00:00,48,False,310,3
UC9ydRoXpQVhwb3sM7VY8xNg,2026-07-17T20:18:34.519184+00:00,70,False,7930,29
UCKcM7k794WST-IRv1-lhiZg,2026-07-17T20:18:34.519184+00:00,748000,False,236363568,829
UCFR0f22_j0nAbM4KSboSRoQ,2026-07-17T20:18:34.519184+00:00,266,False,5312,5
UCqheHQifQ6fdY_A9PCY5y3A,2026-07-17T20:18:34.519184+00:00,96900,False,20901052,224
UCAqSq3iNGYSbw9mSFzVIANQ,2026-07-17T20:18:34.519184+00:00,170000,False,16727733,577
UCZQmoW-xsgVqtTjupYvu3aQ,2026-07-17T20:18:34.519184+00:00,176000,False,37185509,420
UCEHs7ymn9hxSJMHLlcFLj0w,2026-07-17T20:18:34.519184+00:00,454000,False,57466818,312
UCB6tVmll-6XbKyS3fq8P4MA,2026-07-17T20:18:34.519184+00:00,0,False,464,9
UCwu2-m6rUdk7s7DkxfAX8Ng,2026-07-17T20:18:34.519184+00:00,638,False,144691,176
UCiPssoHLvUfNEXLEhZ29rXg,2026-07-17T20:18:34.519184+00:00,10,False,2806,22
UCSLQ5eH_suWb8TOdNcZRMjw,2026-07-17T20:18:34.519184+00:00,5,False,69,13
UC5IDHX2sg9Hg_FPkXGUj_gw,2026-07-17T20:18:34.519184+00:00,618000,False,94039676,90
UChjjQEg9N3ySQae_eGitULg,2026-07-17T20:18:34.519184+00:00,625000,False,84483453,455
UCkjcwbJJld7G6dCnfgl6qDA,2026-07-17T20:18:34.519184+00:00,2750,False,730781,15
UClfq6WEgQm3MG6b30xJhX3g,2026-07-17T20:18:34.519184+00:00,59400,False,3258331,126
UC4u1g0CCUxvU8-LacEFjNbg,2026-07-17T20:18:34.519184+00:00,10900,False,2574995,89
UCEuS493FuYJu_jGLfEjksUQ,2026-07-17T20:18:34.519184+00:00,1,False,23,5
UC1BSMzeIFCVLaTI2-l8mJbw,2026-07-17T20:18:34.519184+00:00,47000,False,1826202,132
UCeBl9tHpIdmkgw28ksDcksw,2026-07-17T20:18:34.519184+00:00,10,False,722,12
UC86sU6a8ChHViy7d5A572XA,2026-07-17T20:18:34.519184+00:00,2,False,352,1
UCZ15AWyHjVSCJeO23w2XeFQ,2026-07-17T20:18:34.519184+00:00,8450,False,336745,371
UC1ySZNkW3MXd56ZtV8-fz_A,2026-07-17T20:18:34.519184+00:00,11,False,4939,3
UCsFgtHMZvAMQEB5zCevTShg,2026-07-17T20:18:34.519184+00:00,56,False,30896,18
UCXhlGsKYnxqX9TpH09ag1Cw,2026-07-17T20:18:34.519184+00:00,5050,False,1684107,103
UCgGWyBs51NVNDxP-tXEhlZw,2026-07-17T20:18:34.519184+00:00,1380,False,393898,9
UCUWhnu7bh2ECcMKi0wG-pew,2026-07-17T20:18:34.519184+00:00,63,False,27005,11
UCYexbZ1rWNtHaUWenQvdHJA,2026-07-17T20:18:34.519184+00:00,53400,False,2998668,48
UCCtVnTTW7GsgJ8D33k4KbkA,2026-07-17T20:18:34.519184+00:00,34,False,66,3
UCXIS2lijUruCqWeRQKQKCSw,2026-07-17T20:18:34.519184+00:00,134000,False,14790901,128
UC5IxEcbW-cbhLOAKg7UQsyA,2026-07-17T20:18:34.519184+00:00,578,False,1436,11
UCh3MHrepNNU7gNTcbiFzStQ,2026-07-17T20:18:34.519184+00:00,104000,False,18827323,74
UCOje-ElpruRxg2XWnWwue7w,2026-07-17T20:18:34.519184+00:00,7420,False,1146118,642
UCgPL5V2N_KEDSyWvMwHt2nw,2026-07-17T20:18:34.519184+00:00,475000,False,23836772,42
UCosifsD2B8zG_XK8cZaJBpA,2026-07-17T20:18:34.519184+00:00,146,False,2413,6
UCBYLGKCYp3Rif2-b4pavuFQ,2026-07-17T20:18:34.519184+00:00,169,False,72457,12
UCTnx__S9s_zFVrC-Fitk7aw,2026-07-17T20:18:34.519184+00:00,30,False,15899,32
UC7bgn4zfZzuw5-MihWRgvaA,2026-07-17T20:18:34.519184+00:00,1,False,375,6
UCOPqjdQOIF6faslRMEruJmA,2026-07-17T20:18:34.519184+00:00,38,False,46036,17
UCXPIsa4Ttpl8_o2eBiwD-AA,2026-07-17T20:18:34.519184+00:00,24,False,78,7
UC4H4KmSqTkpWz0EoTIrsiig,2026-07-17T20:18:34.519184+00:00,17400,False,2068626,60
UCVga8hUL-cDl-VoMsKo6N5Q,2026-07-17T20:18:34.519184+00:00,17,False,494,43
UCHkXFXiZv85kyB7t99NqDdA,2026-07-17T20:18:34.519184+00:00,154,False,141731,81
UCLUj4rhnM1CTio9dwMYSejw,2026-07-17T20:18:34.519184+00:00,3,False,753,1
UCJVVJ5pZyCRNV3AZOIuJf6w,2026-07-17T20:18:34.519184+00:00,137000,False,5578163,44
UCDKnzkS4TyUKVc-vpLMMSDQ,2026-07-17T20:18:34.519184+00:00,125,False,39846,36
UCrWPzTW4EjXNQGcCkCfOvog,2026-07-17T20:18:34.519184+00:00,261000,False,74519040,1232
UCGRcGg4t8Q3iMit9hbQg7WA,2026-07-17T20:18:34.519184+00:00,15,False,1844,33
UCioXrNKJmGBJGR0ilJhRDag,2026-07-17T20:18:34.519184+00:00,1,False,34,1
UCkVbb15N6sp5SryO7prYixA,2026-07-17T20:18:34.519184+00:00,37,False,10153,12
UCFRwOpIwDtvvGme0tKvPJyA,2026-07-17T20:18:34.519184+00:00,2,False,10,2
UCxUaYBTmKLpsziwQVMytY6g,2026-07-17T20:18:34.519184+00:00,36800,False,7388363,12
UCcspHoBTj_aLhnJLwkMpWHQ,2026-07-17T20:18:34.519184+00:00,870000,False,94990249,6435
UC_q4jmKoF4FfB43jwAqpm2Q,2026-07-17T20:18:34.519184+00:00,440,False,68899,52
UCjnltM-l0BRyM0b8cGkxMfQ,2026-07-17T20:18:34.519184+00:00,161000,False,11222634,105
UCTeryK_nffN6lnRo8dTD3_g,2026-07-17T20:18:34.519184+00:00,207,False,22256,56
UCsBb0l44dVKTb1D3PEBQBHg,2026-07-17T20:18:34.519184+00:00,9650,False,362563,27
UC3B8DsQfdiZhRW1NgPLW5RA,2026-07-17T20:18:34.519184+00:00,8250,False,1151625,27
UC86pHmODF9apAFq1YT_XeGQ,2026-07-17T20:18:34.519184+00:00,3,False,348,1
UCUuFKRtJqnTVb0aFfvpvBFA,2026-07-17T20:18:34.519184+00:00,41800,False,12219512,177
UCqCA-n5WK8EUw4Eoahevw9Q,2026-07-17T20:18:34.519184+00:00,1270,False,600234,19
UClgUjjsMd98qJ8FsND9pnDA,2026-07-17T20:18:34.519184+00:00,733,False,19016,11
UC12ZTj8klKOLs6vmJO_vWkQ,2026-07-17T20:18:34.519184+00:00,1300,False,216288,33
UCEbTQZF9_vDOducFY8gOfag,2026-07-17T20:18:34.519184+00:00,31800,False,12585978,283
UCu_ocDeJ-wty_Y1IiittaBA,2026-07-17T20:18:34.519184+00:00,643000,False,183834738,252
UCZivNOQ8ZxF_ruxCbgmF--w,2026-07-17T20:18:34.519184+00:00,418,False,93147,64
UCvsGfSa4Cr_XCUKml0Tf5Kw,2026-07-17T20:18:34.519184+00:00,3,False,28,2
UC8FYRKeN-lbZaNr2qRYGSZA,2026-07-17T20:18:34.519184+00:00,4820,False,1304243,72
UCIWwramZAbndPTyFIMXWXlA,2026-07-17T20:18:34.519184+00:00,9170,False,3137632,1003
UC2T_spwjvYZerN3QGuXsBhQ,2026-07-17T20:18:34.519184+00:00,12200,False,924672,182
UCWJpvaMY_cRnUm6GvK_89ng,2026-07-17T20:18:34.519184+00:00,15200,False,1242292,53
UCPXSUKHTNc1_hnHuj-UiQWQ,2026-07-17T20:18:34.519184+00:00,535000,False,200342687,28770
UCn9hHwCJBKMiuch85uM6rNg,2026-07-17T20:18:34.519184+00:00,14200,False,848018,195
UCAGQUfHzdsgxJ1pq2XDS2TQ,2026-07-17T20:18:34.519184+00:00,82600,False,10641858,2219
UCDuaezc_5fyQleDwoxwKtbg,2026-07-17T20:18:34.519184+00:00,684,False,2393,3
UCxPInZUzPis7B5UWJN3ZXLA,2026-07-17T20:18:34.519184+00:00,178000,False,0,0
UCPpvyKrN0dA1_D2RL8mORVA,2026-07-17T20:18:34.519184+00:00,214000,False,22368637,67
UCs_EGe7JGaWlCFlMIPpYZGg,2026-07-17T20:18:34.519184+00:00,59500,False,5244390,189
UCS0DeHog4YaV5e87rkANmKw,2026-07-17T20:18:34.519184+00:00,1800,False,123176,61
UC3TT-kt050TudOWfym4uhMQ,2026-07-17T20:18:34.519184+00:00,197000,False,30404887,657
UC3JbjbgQtvmwoadU-oT6YUA,2026-07-17T20:18:34.519184+00:00,11,False,62,5
UC23xOSeqSr40JFEOkohtAGQ,2026-07-17T20:18:34.519184+00:00,114000,False,26144851,487
UCvbxIKWQmX355KaGtSqLXKQ,2026-07-17T20:18:34.519184+00:00,382000,False,77444346,211
UCIsE2RY5O1mE0hl67gvDD7w,2026-07-17T20:18:34.519184+00:00,2850,False,915158,481
UCHk640jo72xmcs5gKtd3GVw,2026-07-17T20:18:34.519184+00:00,25200,False,3247532,123
UCOiMY00_ZLijPF6InrCl0TA,2026-07-17T20:18:34.519184+00:00,331000,False,72179933,2540
UC0_9-ADpcwC-YNiWuDz1bKA,2026-07-17T20:18:34.519184+00:00,419000,False,29991583,709
UCp3vt0JWTbhd15j9PSn3RnQ,2026-07-17T20:18:34.519184+00:00,85000,False,57149747,1428
UC18KIGLmSb0K312PHClqtHw,2026-07-17T20:18:34.519184+00:00,178000,False,33609458,1258
UCUnPyz9Zu480oqfO9n_RDiA,2026-07-17T20:18:34.519184+00:00,159000,False,40205009,558
UCfBXT1XI3BfBFML8Wg00FTA,2026-07-17T20:18:34.519184+00:00,427,False,14233,47
UCUpvT0j2QZvlkbJmM38erCQ,2026-07-17T20:18:34.519184+00:00,4450,False,584894,22
UCLNz9bgiJfM3ImTtYDOt8Ew,2026-07-17T20:18:34.519184+00:00,339000,False,114380691,4889
UCzU_6iBDwAcqYomK_a_rmuQ,2026-07-17T20:18:34.519184+00:00,602,False,100574,10
UCTxXY_FT-63kBRYoW3-sGNg,2026-07-17T20:18:34.519184+00:00,13400,False,260463,4
UC6YskSjbx6ejLZxlw0ou7ug,2026-07-17T20:18:34.519184+00:00,11100,False,1389322,30
UCcg4tDKgPLIc_x3lhWdogLg,2026-07-17T20:18:34.519184+00:00,810000,False,323460116,7445
UCvDr-HqfLpzfuj5lx7GcGXQ,2026-07-17T20:18:34.519184+00:00,0,False,1721,4
UCFdAs4DEkB7WkCbgrU9J1fA,2026-07-17T20:18:34.519184+00:00,15700,False,3164136,590
UCA0moWkA3pQGtAP4hHMqrOA,2026-07-17T20:18:34.519184+00:00,84,False,31679,91
UCn39xNZ42C93DHXbbRH2mgA,2026-07-17T20:18:34.519184+00:00,7450,False,467589,351
UCqrqt9Egbp4Voh3iEUUoorw,2026-07-17T20:18:34.519184+00:00,131000,False,20940940,34126
UCMkW7S3IszN1L9u1bLw23rQ,2026-07-17T20:18:34.519184+00:00,69700,False,2224847,816
UCEmpXzM-MOJMHaT5UsVfaEg,2026-07-17T20:18:34.519184+00:00,16,False,7752,13
UChahDwQQmHd9j751l7fuH7Q,2026-07-17T20:18:34.519184+00:00,114000,False,2971495,288
UCcijXxFzSXgoM6q9cCtT9PA,2026-07-17T20:18:34.519184+00:00,287000,False,67993550,10213
UC8lKgUHo-2mSR5cRRXO9xow,2026-07-17T20:18:34.519184+00:00,615000,False,177322691,26594
UC3bSm764H0fTAoYuutH9ggw,2026-07-17T20:18:34.519184+00:00,1590,False,77604,65
UC_AuTY5qqpUUYFLSDQIbOsg,2026-07-17T20:18:34.519184+00:00,94200,False,25664256,2975
UCrEtbePpVwOMRaAootmBCAg,2026-07-17T20:18:34.519184+00:00,4630,False,223160,42
UC6Ev8_cL6cG66bFVzRaUepw,2026-07-17T20:18:34.519184+00:00,35,False,183,5
UC3E_EvS__3XRgrUzv8D3L-g,2026-07-17T20:18:34.519184+00:00,5470,False,21111,415
UC_Urg845xBIOarYXBx_Ko2w,2026-07-17T20:18:34.519184+00:00,732,False,539230,196
UCafYOro0A5GJOp-KrVRDvcQ,2026-07-17T20:18:34.519184+00:00,113,False,15705,133
UC51zuWdRyNbQxFfy-4x6U6Q,2026-07-17T20:18:34.519184+00:00,24,False,163,14
UCyhM9-y17fHHp-laYCEvT2g,2026-07-17T20:18:34.519184+00:00,37900,False,4314796,882
UCbs_P6cKId42qs_FDMsz19Q,2026-07-17T20:18:34.519184+00:00,1360,False,194121,70
UCML_TNcLNqyCSdeDgnNyJTw,2026-07-17T20:18:34.519184+00:00,1,False,3,3
UCaKYfTolJ4s286DJ5QOFffw,2026-07-17T20:18:34.519184+00:00,1200,False,266634,321
UCPaa9NR1c6o7QW8kHYbR9Rg,2026-07-17T20:18:34.519184+00:00,3160,False,2396869,399
UC157V7VoMJATIyMjFgdpqZg,2026-07-17T20:18:34.519184+00:00,3,False,135,42
UCM4-TLxH9bFDlsjc6BlbsIA,2026-07-17T20:18:34.519184+00:00,20500,False,2306243,269
UChDDErhFN18hQ-NifYMMbVA,2026-07-17T20:18:34.519184+00:00,22,False,2324,15
UCzCVi9bCpsIZUUffGpxLfiA,2026-07-17T20:18:34.519184+00:00,3,False,939,9
UC2g41HU_n90TRNyLO6fUXew,2026-07-17T20:18:34.519184+00:00,1160,False,1961,4
UCcL1eq4qKv6-JueaA7b9bYg,2026-07-17T20:18:34.519184+00:00,6,False,891,4
UClcIQJ6q-HsROoyWms8B8tg,2026-07-17T20:18:34.519184+00:00,997,False,84682,138
UCXn1a_JRiiunkEVS9tamdCA,2026-07-17T20:18:34.519184+00:00,37500,False,7776768,357
UCmpeSI8ZXpacOJxa8ZmcvwQ,2026-07-17T20:18:34.519184+00:00,5,False,8,1
UC8aWSj_OsQSWPtENE_x8fxA,2026-07-17T20:18:34.519184+00:00,3,False,221,3
UCFha4tuRJFmgCWWrMBaa7wQ,2026-07-17T20:18:34.519184+00:00,0,False,1397,3
UCsUTgXEGvOQ8u1HOsd84d4A,2026-07-17T20:18:34.519184+00:00,59,False,5824,18
UCbCAIiyYUDoFFIzXS0HxYTA,2026-07-17T20:18:34.519184+00:00,14000,False,1577405,740
UCs3KUhfBDaWTMbkowlETe7w,2026-07-17T20:18:34.519184+00:00,85,False,34207,363
UC96GNvGfTbmk48uPiB5niog,2026-07-17T20:18:34.519184+00:00,3,False,705,19
UCa0nd8c704ALVa1c2co029g,2026-07-17T20:18:34.519184+00:00,2450,False,247093,137
UCd-gmzevnJBe9jHuNDMrI0w,2026-07-17T20:18:34.519184+00:00,74600,False,13335839,696
UC2kr46MvcoHAxgdJUNMFTiQ,2026-07-17T20:18:34.519184+00:00,2,False,79,2
UCr27vXsqJXYjFy-vepngPWg,2026-07-17T20:18:34.519184+00:00,3,False,3393,5
UCA4AwsXHfkJgvxErkzu5_6Q,2026-07-17T20:18:34.519184+00:00,6,False,11,1
UC324VVhYKykBv01GecF4aYg,2026-07-17T20:18:34.519184+00:00,57,False,2041,134
UCg22fUwQQF-7Sf6-TIVIFrA,2026-07-17T20:18:34.519184+00:00,112000,False,14178482,833
UCZa8YdngxbZdNnokd4h4bLA,2026-07-17T20:18:34.519184+00:00,20,False,610,16
UC2XIOeKtUY6lDhZRzhvKAVw,2026-07-17T20:18:34.519184+00:00,13200,False,1112127,29
UClQCAmEX_lgQeIYpZc0bYLw,2026-07-17T20:18:34.519184+00:00,5510,False,938062,107
UCA21VfIEhw6g7rv2Q08Cp6w,2026-07-17T20:18:34.519184+00:00,272,False,159556,29
UCVNgjnq_n7i_8GJOca0DIeQ,2026-07-17T20:18:34.519184+00:00,9830,False,1084902,165
UC7t96q4ic7RS3LRQ5OoT8Gg,2026-07-17T20:18:34.519184+00:00,13600,False,238340,208
UCyPTRwrPdjYbyQNwSqXWGQA,2026-07-17T20:18:34.519184+00:00,439,False,89821,27
UCYjFzTrxVAS_AyHXxZ_2S3Q,2026-07-17T20:18:34.519184+00:00,0,False,77,6
UC1UXGTUVCRr_viauBj_T5sQ,2026-07-17T20:18:34.519184+00:00,73700,False,5113091,92
UC74au1FHMPoIrtMg_aGl3_w,2026-07-17T20:18:34.519184+00:00,48400,False,18625901,31
UCwquSiTPHX3xzzjvmJGlkyg,2026-07-17T20:18:34.519184+00:00,178000,False,14478925,499
UCBjqPS6IHsXGeW1-0xmIlMg,2026-07-17T20:18:34.519184+00:00,13100,False,2634208,136
UCiUP46GBnwTKLrWsO_iOlyw,2026-07-17T20:18:34.519184+00:00,653,False,355944,270
UCavthknYN0x2nM4xplVP1oQ,2026-07-17T20:18:34.519184+00:00,24400,False,11872347,163
UCP5hOs9xuHFrHMlBuj6CTvA,2026-07-17T20:18:34.519184+00:00,5990,False,350142,134
UCJq6hfgz7MOEcvS1hbhxmxg,2026-07-17T20:18:34.519184+00:00,234,False,32506,45
UCaY_Mf80TrM6ESTtSJdY_Yw,2026-07-17T20:18:34.519184+00:00,3470,False,197163,136
UCvyalhna2_BckncYWdeqcwQ,2026-07-17T20:18:34.519184+00:00,5100,False,163343,59
UC5SkudzqxJtC-xCU-xreX9w,2026-07-17T20:18:34.519184+00:00,84,False,9604,7
UC6EbEwByu4tHEU8lBQ1nouw,2026-07-17T20:18:34.519184+00:00,105000,False,3059813,70
UCPPpEOsocilkC2IMRodK81g,2026-07-17T20:18:34.519184+00:00,31,False,570,5
UC3re5L0YoJSpwt2VJ4Y92Ug,2026-07-17T20:18:34.519184+00:00,27700,False,1280428,74
UCWAXniaoSy5z9qv1IjS1J4A,2026-07-17T20:18:34.519184+00:00,4680,False,2725925,613
UC4SPXYMpajTMZdALp-6Ug-w,2026-07-17T20:18:34.519184+00:00,6770,False,310079,61
UCoDvO1KbLPjMXYa-Aj18PYQ,2026-07-17T20:18:34.519184+00:00,2160,False,163138,242
UCAOAqdh0wJ6lmzO8j33v8fQ,2026-07-17T20:18:34.519184+00:00,2800,False,77,19
UCdbwajThwc2u5VTv1IBV08g,2026-07-17T20:18:34.519184+00:00,2130,False,778875,31
UCuL55IHBKAumK5hKWa_ZumQ,2026-07-17T20:18:34.519184+00:00,51,False,7614,23
UCfyhC0QzEkixD8QZZkdYJuA,2026-07-17T20:18:34.519184+00:00,21900,False,556937,300
UCc_K7MQbwIm7zB0BpsFqgfw,2026-07-17T20:18:34.519184+00:00,4750,False,404188,182
UCoTE3ZZRLUzqUVAfA8lwhtQ,2026-07-17T20:18:34.519184+00:00,7730,False,3381,16
UCEhkKkMt6u0SUo4ivZH9MFw,2026-07-17T20:18:34.519184+00:00,48900,False,57153,10
UCXmLfo2g7UHD4cQnTuDTMfQ,2026-07-17T20:18:34.519184+00:00,48,False,11437,18
UCRUC1HEydcM3vgYbbCbZ5ZQ,2026-07-17T20:18:34.519184+00:00,2100,False,105856,13
UCh-cPhwaVIJTFLMq0ZNf-hg,2026-07-17T20:18:34.519184+00:00,87500,False,7759987,499
UCTJmVd5Vcu8KQk2oS6pGNzg,2026-07-17T20:18:34.519184+00:00,30300,False,11430336,699
UCSFcCUQVf0beGJPWSt5uUhA,2026-07-17T20:18:34.519184+00:00,6530,False,362759,205
UCLMzLUfoF0siAzQcIBRG8Xw,2026-07-17T20:18:34.519184+00:00,667,False,23070,55
UCVA3haEfmrRIruY-rkDtCRQ,2026-07-17T20:18:34.519184+00:00,1240,False,555967,489
UCzBCCO9q9k9gQBm1BhtzC6w,2026-07-17T20:18:34.519184+00:00,4790,False,1685113,239
UCULeO4zpJMcG3kQI8iZ9PCw,2026-07-17T20:18:34.519184+00:00,202000,False,45578899,207
UCsm5Wj-HmSj7D0nmXV88J3g,2026-07-17T20:18:34.519184+00:00,215000,False,11204341,201
UCkLJso3QO4L08r5yIiwXDzw,2026-07-17T20:18:34.519184+00:00,11,False,8618,19
UCzPyz8TYW4LRcIwUSyOwNrg,2026-07-17T20:18:34.519184+00:00,21,False,12378,31
UC26VRuzyIws063aBlfjPuug,2026-07-17T20:18:34.519184+00:00,1,False,5,2
UCkTcRd7oWWTbDBKFwIaSX0Q,2026-07-17T20:18:34.519184+00:00,186000,False,7027067,630
UCSL3Jd1qtL3RkeKCpbhOspg,2026-07-17T20:18:34.519184+00:00,445000,False,46401548,2239
UCPfyJ8ACV1DXh_6Yx68IxhA,2026-07-17T20:18:34.519184+00:00,116000,False,33647821,3577
UCuw8HxsyF6wUeptyhhZaB6g,2026-07-17T20:18:34.519184+00:00,6000,False,437415,144
UCu7BL-lajtjd42QuNqV3kiQ,2026-07-17T20:18:34.519184+00:00,5290,False,166394,66
UCaXHgF7cAdDElEtgG2XSjlw,2026-07-17T20:18:34.519184+00:00,245000,False,25288069,2151
UC9jFFLKWirEIBYMPHtjcJmA,2026-07-17T20:18:34.519184+00:00,2450,False,213987,31
UCmvrdaSYX8PlZO09bHDp4PQ,2026-07-17T20:18:34.519184+00:00,4050,False,218843,12
UCfGkuimLRsrJLW0gjQ8eIGg,2026-07-17T20:18:34.519184+00:00,237000,False,15703004,194
UCLwwxYXhMc1fCIAnaO8nYrQ,2026-07-17T20:18:34.519184+00:00,18600,False,3103852,666
UCa0Dx86qHZ2UQCf7IMiHC6w,2026-07-17T20:18:34.519184+00:00,1360,False,76504,60
UCWKfcASnSA4krA-mXgcSF1A,2026-07-17T20:18:34.519184+00:00,8690,False,933649,100
UCA9KuBy0Gx2lv4-qgvijeRg,2026-07-17T20:18:34.519184+00:00,11100,False,276057,112
UCxEf-eXn3ejmSzt7XEwzrHg,2026-07-17T20:18:34.519184+00:00,7190,False,204440,105
UCh0SZ0sQHfta4KZLizw7Xsw,2026-07-17T20:18:34.519184+00:00,1840,False,2564284,348
UC7-7U4ToSmTlYciU71F2eXA,2026-07-17T20:18:34.519184+00:00,1200,False,4198,24
UC5Q1ny6-imUICARjiYVvbrA,2026-07-17T20:18:34.519184+00:00,16,False,647,5
UCFgCY_hRcewKGqE5LmaeT8Q,2026-07-17T20:18:34.519184+00:00,19500,False,253493,26
UCXIpu2XnvmvaGP3CtJKBm1g,2026-07-17T20:18:34.519184+00:00,11400,False,330563,41
UCmTcA0rOwOPCaKvfsXFeZ8w,2026-07-17T20:18:34.519184+00:00,255000,False,46359330,6791
UCa3BMXA9qcVqMtfnq7d977w,2026-07-17T20:18:34.519184+00:00,154000,False,11418874,4310
UCKoBVjh6j8amPM6tw6Lb-cA,2026-07-17T20:18:34.519184+00:00,66000,False,666738,367
UCfCxPLBK1BYkaSqlrRwRXkA,2026-07-17T20:18:34.519184+00:00,427000,False,28020135,414
UCQcaWJDpjCe9t3PQdr4o3MQ,2026-07-17T20:18:34.519184+00:00,9630,False,391286,212
UCuFfmVqX2Znbj8VYImVo-MQ,2026-07-17T20:18:34.519184+00:00,28200,False,1921965,296
UCpJBoKmoAOpj8kMZ-238P9g,2026-07-17T20:18:34.519184+00:00,164000,False,14880511,87
UCLmJsEw6cV5HmOdTJ1OFfTg,2026-07-17T20:18:34.519184+00:00,909,False,28984,123
UCRf29wQfrsRfhNIVPtkTA_A,2026-07-17T20:18:34.519184+00:00,4540,False,63244,56
UCIoYrB3EKtwmTHiLhy10KTw,2026-07-17T20:18:34.519184+00:00,266000,False,55701906,3830
UCmfa1qNLj1OEkbumGRkgfSw,2026-07-17T20:18:34.519184+00:00,10700,False,272626,500
UCPF1EIWtFOvBe9YXwfCbsvw,2026-07-17T20:18:34.519184+00:00,3990,False,112009,86
UC3K00sDszkujssjSORnipvg,2026-07-17T20:18:34.519184+00:00,120,False,22,2
UCa-Oknc_xa3tGBgiUoKGqOg,2026-07-17T20:18:34.519184+00:00,0,False,11,1
UCG6xbZaxspUcmVNDmm09EHA,2026-07-17T20:18:34.519184+00:00,2170,False,397,3
UCzU0yKrV9asu_0WQ-QhPPOw,2026-07-17T20:18:34.519184+00:00,52,False,618,7
UCjboX8rWtjAyU7dI2bd67KQ,2026-07-17T20:18:34.519184+00:00,9220,False,226449,127
UCFMVncdxIw-kfoB-mBluGxw,2026-07-17T20:18:34.519184+00:00,0,False,8,1
UCbcvE4dQvyLxDKjHdE_XCOA,2026-07-17T20:18:34.519184+00:00,488,False,10992,10
UCBC6kj6oWeLuAiByuEYFVTQ,2026-07-17T20:18:34.519184+00:00,2570,False,116563,321
UCfQzTP1jc7JXj8hYtG31osw,2026-07-17T20:18:34.519184+00:00,19700,False,1830352,460
UCbqkofQ3IIzfzCJj79Gul7A,2026-07-17T20:18:34.519184+00:00,30,False,1387,14
UCTIi9jL0_XH6wCRyHDygl9A,2026-07-17T20:18:34.519184+00:00,6490,False,360874,117
UClPIl4UYEOJZWhURZdiktXg,2026-07-17T20:18:34.519184+00:00,97,False,15091,9
UCTJDN8KoFiIvTsiQdLnToKA,2026-07-17T20:18:34.519184+00:00,1580,False,92789,53
UCkG1mzZHOS_11faHbAgOXwg,2026-07-17T20:18:34.519184+00:00,949,False,53270,475
UCDxSSI3_n3bkFKzaJMO5veQ,2026-07-17T20:18:34.519184+00:00,5650,False,439185,152
UCqZir8BUwNNRxmBWHYsTypA,2026-07-17T20:18:34.519184+00:00,85,False,17475,13
UCr4SyRFd7gLDjBFw8DjHJMw,2026-07-17T20:18:34.519184+00:00,63,False,1509,3
UCcCtG2QKIuXSEJ9vPR1sc4w,2026-07-17T20:18:34.519184+00:00,8090,False,167577,160
UCqccPm6-YIBjbzQwpxCLOcg,2026-07-17T20:18:34.519184+00:00,0,False,51,10
UCUz06yHz7YZWF737tof7rYQ,2026-07-17T20:18:34.519184+00:00,868000,False,60760335,248
UCj-1PF5mW8s0Y4wg08M4inQ,2026-07-17T20:18:34.519184+00:00,4150,False,796061,124
UC7dNSXUwTKMIm42Y1s48pPQ,2026-07-17T20:18:34.519184+00:00,28800,False,3660645,515
UCX7xT2CweFolTMojXtuzayw,2026-07-17T20:18:34.519184+00:00,82,False,6013,8
UCIE_huSOHYOCeBAGe_OIuew,2026-07-17T20:18:34.519184+00:00,579,False,18898,107
UCpA0sSPTCBVrQFx0y7k00xQ,2026-07-17T20:18:34.519184+00:00,3480,False,362326,71
UCVDk_wsQZA2Tu4JzXpc3gVg,2026-07-17T20:18:34.519184+00:00,13,False,68,3
UCMgnxTg0x7lfZs480sdpREg,2026-07-17T20:18:34.519184+00:00,4380,False,277650,54
UCLcEIlORlJiHx_UlCwF943g,2026-07-17T20:18:34.519184+00:00,144000,False,999207,14
UCbtIUUFz6dB1GoNdJk-Irdw,2026-07-17T20:18:34.519184+00:00,8000,False,1203177,103
UCvwa-qsGh7-KMTOjbkAhQeA,2026-07-17T20:18:34.519184+00:00,176,False,15079,3
UCtv_DvLOBwce4W-BvJ8F3Cg,2026-07-17T20:18:34.519184+00:00,39,False,720,5
UCF5hZWbvQovfgehKBywZJcg,2026-07-17T20:18:34.519184+00:00,490,False,28564,37
UCLH6umJw5noeUxxDxZOR8ug,2026-07-17T20:18:34.519184+00:00,19500,False,701497,41
UCl2UORrBoS7_HjzFyB9I2qg,2026-07-17T20:18:34.519184+00:00,513,False,431037,111
UCe7fzqUpU5ZvygQbJeZ6JvA,2026-07-17T20:18:34.519184+00:00,3430,False,617281,201
UCCGEqESioRlas0CFwEZ1fww,2026-07-17T20:18:34.519184+00:00,324000,False,5276420,183
UCRy_kvtH_UPrEs0ycI3cZmQ,2026-07-17T20:18:34.519184+00:00,65,False,1820,10
UCDpDFEKiRYiKB7LVxbzv5Dg,2026-07-17T20:18:34.519184+00:00,470,False,48829,20
UCb6-rOFGlduX5HMokLioIew,2026-07-17T20:18:34.519184+00:00,1,False,201,1
UClLTHKpnQFKcnTFiH9O973A,2026-07-17T20:18:34.519184+00:00,13000,False,572055,83
UCtiCGbtEa0x-L6-YjBxGd8w,2026-07-17T20:18:34.519184+00:00,1920,False,0,0
UCQa_KSx_sMwg0K57IllohHw,2026-07-17T20:18:34.519184+00:00,6620,False,388047,106
UC3Yqhsaw7lWHb2TdjyZWTvQ,2026-07-17T20:18:34.519184+00:00,49,False,3003,12
UCFAJ1eybWfsflOuXtn_9yZQ,2026-07-17T20:18:34.519184+00:00,23,False,149,1
UCmHUz3tsGu5BHi6Awx0qOkA,2026-07-17T20:18:34.519184+00:00,438,False,0,0
UCHT6F9HJ9DtLUjTOH16yg6g,2026-07-17T20:18:34.519184+00:00,3110,False,803985,590
UCZ29PE-vJ0GO9i6PGjCpvxg,2026-07-17T20:18:34.519184+00:00,1090,False,59298,75
UCe5VGDq_lkGVYr3nmvV_58Q,2026-07-17T20:18:34.519184+00:00,27,False,2454,15
UC1WPoxIg5zphyBqiUEdSePA,2026-07-17T20:18:34.519184+00:00,12,False,3736,8
UC-myDbJ5Iqd9k3y7f0cd0mQ,2026-07-17T20:18:34.519184+00:00,50,False,7208,6
UCsbPUu0F_qqCmDFVjiRva1Q,2026-07-17T20:18:34.519184+00:00,113000,False,45637101,373
UC8fri9Q-YbMItcZivCuk6_g,2026-07-17T20:18:34.519184+00:00,15,False,119,7
UCNGEtj-O2VcNMRqJUkTP-XQ,2026-07-17T20:18:34.519184+00:00,287,False,8839,106
UCFByBzvo6xGtrYpkIALFCIA,2026-07-17T20:18:34.519184+00:00,854,False,27185,28
UCxY-fWTqpvYMRUeRvxlrC2g,2026-07-17T20:18:34.519184+00:00,8200,False,789924,148
UCpTbQ8rowBytgoF2YTvCsYQ,2026-07-17T20:18:34.519184+00:00,380,False,28093,55
UCWQG9Xm1gW5-vtW5h5z0QYg,2026-07-17T20:18:34.519184+00:00,3120,False,276206,46
UC0UC13e3Fec7jx_RBwKyX0A,2026-07-17T20:18:34.519184+00:00,451,False,29191,42
UC33WYr7nngdWtU8Sb6mf7aA,2026-07-17T20:18:34.519184+00:00,55200,False,40655430,211
UCQ4H3usLeUebgaFF7Rt53MQ,2026-07-17T20:18:34.519184+00:00,12100,False,973383,550
UC-k23IT4BIkIDiEPq4wfuvg,2026-07-17T20:18:34.519184+00:00,217000,False,12924173,598
UCiwCvtlqcYAyU7yFpqaB7Lw,2026-07-17T20:18:34.519184+00:00,7770,False,500157,49
UCxmvnjkkdrSZjAPzVfOousQ,2026-07-17T20:18:34.519184+00:00,3970,False,171936,39
UC2cWWUUkCIlPzPACw-APVMQ,2026-07-17T20:18:34.519184+00:00,1250,False,20941,84
UCf3bIp32dchfn_bVAWtzLPw,2026-07-17T20:18:34.519184+00:00,6090,False,372092,49
UCSRPWsKMym8ed266_OTcBbw,2026-07-17T20:18:34.519184+00:00,22700,False,379229,35
UCPwlq6mrxcXrHrAqDexXhcg,2026-07-17T20:18:34.519184+00:00,15200,False,727347,57
UCnByssex1Zh1FboteFyUSPg,2026-07-17T20:18:34.519184+00:00,57,False,1550,5
UCHgQ30ptHrrixdv7joxTcBg,2026-07-17T20:18:34.519184+00:00,142,False,740,6
UCrmc83vHc9Enn-DBvQz0y1g,2026-07-17T20:18:34.519184+00:00,1510,False,104886,83
UC5zkDm7jDZ9qUBDspq6YnAQ,2026-07-17T20:18:34.519184+00:00,37,False,167,4
UCBO8CtXUc74YzG3ZRA-41Tw,2026-07-17T20:18:34.519184+00:00,1080,False,5707,9
UChioSRvSVkgYhyG5qDW2JtQ,2026-07-17T20:18:34.519184+00:00,2180,False,43655,50
UCxm3qT6MukO0l_vlfjy_ziw,2026-07-17T20:18:34.519184+00:00,16600,False,1457022,244
UCvqUMTSBaUcr3jo6VZcAOww,2026-07-17T20:18:34.519184+00:00,986,False,29874,23
UCbp4MroFWUKbISfkWVtP44w,2026-07-17T20:18:34.519184+00:00,726,False,24198,6
UCjCokZPTSqgMhYO8ZWinhTA,2026-07-17T20:18:34.519184+00:00,59100,False,1809680,47
UCGMwIFulQGMMg9HoKjj7utA,2026-07-17T20:18:34.519184+00:00,137,False,2236,24
UCo4xyFe54pnZgxc1ztPYzaA,2026-07-17T20:18:34.519184+00:00,850,False,44620,78
UCGiUl_50PVio16C4MHClDVQ,2026-07-17T20:18:34.519184+00:00,287,False,35585,16
UCNqkWhEuuUHlF38Ix-D667Q,2026-07-17T20:18:34.519184+00:00,2880,False,245252,363
UCeS8rbr3AqDgkYmEMLMWjnQ,2026-07-17T20:18:34.519184+00:00,822,False,36511,31
UCq4ItoanM4e5nqZRtxwcVjg,2026-07-17T20:18:34.519184+00:00,660,False,37224,7
UCciWJbS8FCsgM8asue6Jvug,2026-07-17T20:18:34.519184+00:00,125,False,4503,69
UCu1Cd4XNTuv5z8MNZjFq1Xg,2026-07-17T20:18:34.519184+00:00,1440,False,61300,25
UCSVP1lQ0t5Lm7BSQx2Tz0JQ,2026-07-17T20:18:34.519184+00:00,435,False,142096,71
UCGtqXMSH7N6-DnhpiU8wnIg,2026-07-17T20:18:34.519184+00:00,85,False,2940,8
UC7yKlELRdtcK5x54CEUCuWw,2026-07-17T20:18:34.519184+00:00,1160,False,8493,33
UClqpNiv2-mFhnxTNx4HhNtw,2026-07-17T20:18:34.519184+00:00,4,False,6,1
UCm7MP72vh0Unw4cWDL2l0Fw,2026-07-17T20:18:34.519184+00:00,12,False,217,6
UC8OjFbeEyCC8wpPWPYRA0SQ,2026-07-17T20:18:34.519184+00:00,16,False,797,10
UCw48Rkx5LeKzVbSfb9Cukhg,2026-07-17T20:18:34.519184+00:00,36,False,6027,33
UCgTVEOflRneP2HphC6zNrHg,2026-07-17T20:18:34.519184+00:00,183,False,993,4
UChHP_CvPx861-HHnCoMAtUA,2026-07-17T20:18:34.519184+00:00,141,False,48461,79
UCjh3yckixYKKLHWFolp49eQ,2026-07-17T20:18:34.519184+00:00,11,False,332,5
UCKnqIu8eR2U-75hvI5GQv8g,2026-07-17T20:18:34.519184+00:00,4990,False,22981,10
UC4q8VVq5HMJmXRjZ7QZwVmw,2026-07-17T20:18:34.519184+00:00,39200,False,1537150,585
UCcsxQFWrFBlECkKlr4MhpQQ,2026-07-17T20:18:34.519184+00:00,4,False,2940,118
UCX8_4_mztunqgfWhD8g0DVA,2026-07-17T20:18:34.519184+00:00,42,False,148,5
UC-1uJQliiQgu8WH0II6TmTw,2026-07-17T20:18:34.519184+00:00,745,False,20752,116
UCxi9YcUZtUY_-ZfRKgHVjMQ,2026-07-17T20:18:34.519184+00:00,3,False,235,3
UCi2flGysyx4mr9Sr2E5sGmA,2026-07-17T20:18:34.519184+00:00,873,False,11632,86
UCiFgXNrYONEvGd6fHeG3zUQ,2026-07-17T20:18:34.519184+00:00,42,False,1218,15
UCqQYbw8rgQ_p4jYBrk168Mg,2026-07-17T20:18:34.519184+00:00,725,False,98460,47
UCdmS1jq-jyc9qfkhMXyvU9w,2026-07-17T20:18:34.519184+00:00,3150,False,856366,462
UCjGq_2qhX-nEYtMzjg6_YIA,2026-07-17T20:18:34.519184+00:00,52,False,524,4
UCYW8XY-RkpQi6wqNSypzfXQ,2026-07-17T20:18:34.519184+00:00,627,False,190297,103
UCcQnd-T1zXdMbajg0mJA8OQ,2026-07-17T20:18:34.519184+00:00,1,False,228,3
UCpamW3WJjX0CgjWGsBxIm2w,2026-07-17T20:18:34.519184+00:00,7890,False,586449,439
UCaG8knQcGPSApmArtxDdskQ,2026-07-17T20:18:34.519184+00:00,230,False,8349,21
UCJRiUKCZnCdgSJ7szrS8DfA,2026-07-17T20:18:34.519184+00:00,380,False,11440,20
UCE6nq54CxwAF5XDRKnFb96A,2026-07-17T20:18:34.519184+00:00,454,False,26574,4
UCcu8qHo94_5Sw1DaKphRdVw,2026-07-17T20:18:34.519184+00:00,633,False,79876,218
UCQkddibMMoTyv5gXGWRvXcA,2026-07-17T20:18:34.519184+00:00,185000,False,90910371,113
UCf2Iar2LDcFaSCnVH1ZMUkA,2026-07-17T20:18:34.519184+00:00,501000,False,95110792,3324
UCCKkCmuBvdFAdok_QIPxXKQ,2026-07-17T20:18:34.519184+00:00,547,False,230603,90
UCBvafC487L5tgwpeDC2qAWA,2026-07-17T20:18:34.519184+00:00,1590,False,5848,17
UCi_8h4-2yCvUINiFfJJEiig,2026-07-17T20:18:34.519184+00:00,358,False,24210,25
UC4X_PPw0EVKwTHkm4JJxIjg,2026-07-17T20:18:34.519184+00:00,6430,False,2226667,14
UCZTWgcDDQj5u90mdZKfjPZA,2026-07-17T20:18:34.519184+00:00,380,False,12884,14
UCd7V9fsvAmpmgTwkqTOVS4Q,2026-07-17T20:18:34.519184+00:00,133,False,10984,35
UCHod2KqD1vX9IrKlpbUMWdA,2026-07-17T20:18:34.519184+00:00,117,False,11701,13
UCoQ9oh9mfK12durUzIE2I0A,2026-07-17T20:18:34.519184+00:00,16,False,771,4
UCaTmeInJ7dt4CzuVv-zKC6w,2026-07-17T20:18:34.519184+00:00,129,False,5180,15
UCpQWw__o75_ZtjcyTBqTyLg,2026-07-17T20:18:34.519184+00:00,2540,False,1568316,299
UC5bBYpvPhh_A58VKfVuO1pw,2026-07-17T20:18:34.519184+00:00,23700,False,5688566,26
UCfshUAynelX8vkAT5UXb1DA,2026-07-17T20:18:34.519184+00:00,1030,False,38067,61
UC3CsotIchs_fM4XwaQXcTMw,2026-07-17T20:18:34.519184+00:00,121,False,4014,16
UCsFiimRAF02Pg2tkVehi9_Q,2026-07-17T20:18:34.519184+00:00,116,False,2530,8
UC3HExvUcWzV9ihsReEIcvNg,2026-07-17T20:18:34.519184+00:00,26,False,347,5
UCBoyBI3KhdBRnm4qo4hwTLg,2026-07-17T20:18:34.519184+00:00,52,False,1660,13
UCIfmdQFKSNrU2hb9XqEpy1g,2026-07-17T20:18:34.519184+00:00,48,False,32578,44
UCQbzzbM-EGERjLIpKLRGgPQ,2026-07-17T20:18:34.519184+00:00,34600,False,31339,20
UCJ6fr3Ga7ZV2Gbeb9F1duCg,2026-07-17T20:18:34.519184+00:00,11,False,1961,8
UC-MKS7nDzhqJtvgzq9VzTqA,2026-07-17T20:18:34.519184+00:00,1250,False,15726,48
UClz-gBcrU1QlKyQ7zka5crw,2026-07-17T20:18:34.519184+00:00,13000,False,597902,69
UCcvHzQiVySqeTBQbTZ-ElOw,2026-07-17T20:18:34.519184+00:00,0,False,11,1
UCkNx9e7yQNWPiXe5zCOuUiw,2026-07-17T20:18:34.519184+00:00,96500,False,12964593,200
UCEwzz9RYod_tEjLYhFZVNlw,2026-07-17T20:18:34.519184+00:00,3,False,1753,6
UCwuJODQ8B5Y_Sqch7jTPhuA,2026-07-17T20:18:34.519184+00:00,1630,False,169618,33
UCxWYUcPmjoB9BUaePOe8Sgw,2026-07-17T20:18:34.519184+00:00,3,False,40,2
UCddg5ApIuFU9zHjh9_35EWA,2026-07-17T20:18:34.519184+00:00,63,False,5089,19
UCAxEsOiiqDS0rWIm-KHnPYg,2026-07-17T20:18:34.519184+00:00,189,False,78375,11
UCtXJIcf-3RAVJw6W1rhfz8g,2026-07-17T20:18:34.519184+00:00,922,False,98952,71
UCkK1vGnW0LlSfacaHX7GmAQ,2026-07-17T20:18:34.519184+00:00,392,False,40708,25
UCdr_vomvUD-6z7Rz16oim-g,2026-07-17T20:18:34.519184+00:00,52,False,1703,10
UCe7DmcaEk8MrqEmwM_tFNqQ,2026-07-17T20:18:34.519184+00:00,143,False,36526,14
UCsvrW9k0uqrFMEXuF0HDgJQ,2026-07-17T20:18:34.519184+00:00,104,False,7581,29
UC_icTbRXb8efN1TQz-yFLsg,2026-07-17T20:18:34.519184+00:00,3090,False,681167,30
UCgQqfBHSBi2HscWGdF8CsJg,2026-07-17T20:18:34.519184+00:00,84,False,6254,45
UCSMg7ZKZfvSfoHKOEuJwU1w,2026-07-17T20:18:34.519184+00:00,1900,False,321077,30
UC7lzwHLzITXsphCJ5MVn4qw,2026-07-17T20:18:34.519184+00:00,6350,False,604433,70
UCtCcBybfx93NJwNAP_58rPQ,2026-07-17T20:18:34.519184+00:00,45,False,118,10
UCls8NUOtublzp1jUcihZ9pg,2026-07-17T20:18:34.519184+00:00,356,False,101917,65
UCbsxsmfRNd6oOxKtFLhjEUQ,2026-07-17T20:18:34.519184+00:00,23900,False,6690396,653
UCv3gqYnoTSpUT4Wr1mq2hrg,2026-07-17T20:18:34.519184+00:00,18400,False,1759350,247
UC0nMJ3QNryBHZpy1P3Wamwg,2026-07-17T20:18:34.519184+00:00,255,False,126913,103
UCJ_r6w_EX9v589Y56nE3WGg,2026-07-17T20:18:34.519184+00:00,0,False,916,2
UCh1gyxZxm0osk7GipwmsOgA,2026-07-17T20:18:34.519184+00:00,25,False,339,20
UCJ0_2tSsPFH0Eh1qbH6otaQ,2026-07-17T20:18:34.519184+00:00,5740,False,464043,60
UCxMSQGHZNChCr_sqKmdX8EQ,2026-07-17T20:18:34.519184+00:00,27,False,5645,8
UCn836Q9tM8nYs-8fzqGmuIg,2026-07-17T20:18:34.519184+00:00,22,False,326,3
UCpRF7T1Y81YktioApy8jP9A,2026-07-17T20:18:34.519184+00:00,37100,False,4505600,208
UCx6xNXS6NzhbSyJIccs3kGA,2026-07-17T20:18:34.519184+00:00,4060,False,1036125,192
UCnYF9KvymYmNlskEJnEGYFw,2026-07-17T20:18:34.519184+00:00,1570,False,56379,19
UCA6OvQn1SYABA_Mj_wz0qsw,2026-07-17T20:18:34.519184+00:00,772,False,184270,136
UCPZ5BVdQNI36_gBwBLhPUiQ,2026-07-17T20:18:34.519184+00:00,124000,False,44437949,1641
UCdDKWVfkMuicr92a6Z7ikUA,2026-07-17T20:18:34.519184+00:00,101,False,11423,20
UCkznI-AMbht1PLgVuuIef7Q,2026-07-17T20:18:34.519184+00:00,38800,False,5501,9
UCBGcLDP6kcgPz4JNN4E_5rA,2026-07-17T20:18:34.519184+00:00,347,False,33291,38
UCcM0vptubHl1E-H1r_3T53w,2026-07-17T20:18:34.519184+00:00,2320,False,3071653,165
UCm_cUbvQZt8A02HMU6vyguA,2026-07-17T20:18:34.519184+00:00,17800,False,10945018,393
UCQMq9xQQlI46pahL4BhX8Mw,2026-07-17T20:18:34.519184+00:00,8660,False,63669,37
UCzJkU-8sbFCBuuVwR3cLy5w,2026-07-17T20:18:34.519184+00:00,99,False,22464,50
UCNqwpPFHkSOl6RMShPm3R1Q,2026-07-17T20:18:34.519184+00:00,1280,False,127595,213
UCeL5fLio37XiYzBVYXGl73g,2026-07-17T20:18:34.519184+00:00,1370,False,144257,21
UC8-EbxIDcnX9rm5g0RM-e8Q,2026-07-17T20:18:34.519184+00:00,0,False,19,3
UCdCmqcH-SdLqNTmzA_cIbLQ,2026-07-17T20:18:34.519184+00:00,265,False,3050,10
UCgNisDupy_6hIBkw3pjDdWw,2026-07-17T20:18:34.519184+00:00,354,False,429211,29
UC3rs8Xl74E850e7pNtr9hMw,2026-07-17T20:18:34.519184+00:00,2210,False,1025535,321
UCdQQmUYoi4ncfKtMh21dVww,2026-07-17T20:18:34.519184+00:00,394,False,72816,29
UC4_jjlNoa3g_V3y9YoiE24Q,2026-07-17T20:18:34.519184+00:00,1390,False,64099,15
UCHCCA-XX30GUBXRdi0fSy-A,2026-07-17T20:18:34.519184+00:00,420000,False,79570962,62
UCC0R9UeV1Oh7K8NlcYPycsw,2026-07-17T20:18:34.519184+00:00,218,False,20766,48
UCTtmvUiXmgXQKakESlyB4sQ,2026-07-17T20:18:34.519184+00:00,60400,False,6578646,24
UCI9B6cvPkauAUvfV2CvKMMQ,2026-07-17T20:18:34.519184+00:00,71800,False,7887731,600
UCnVO0YbtoK4HyvQgChNvK9w,2026-07-17T20:18:34.519184+00:00,10400,False,948708,52
UC_R35RSV-86rk38no2Qxdow,2026-07-17T20:18:34.519184+00:00,42900,False,4695705,70
UCG_qsovwOdJZEdRpzQMoBoQ,2026-07-17T20:18:34.519184+00:00,2020,False,31651,20
UC7hnVkL4yNhzha-fmW1r9aA,2026-07-17T20:18:34.519184+00:00,5280,False,497699,2
UCtmb-Ini3eUbS1nMktyDgTQ,2026-07-17T20:18:34.519184+00:00,24200,False,7655,1
UCDC7wunTby0IhT6j_HLoi5A,2026-07-17T20:18:34.519184+00:00,8510,False,958580,57
UCCs99tIqD-OqRbVlNjRPPoQ,2026-07-17T20:18:34.519184+00:00,114000,False,27449825,36
UC6ClgNoiMI8i6EVnBBmlE1Q,2026-07-17T20:18:34.519184+00:00,665000,False,160765468,85
UCzbSklEJnEkeqBIREvJA8fw,2026-07-17T20:18:34.519184+00:00,112,False,10316,18
UCiFSGwe2ihgvPzRG6J2oAcQ,2026-07-17T20:18:34.519184+00:00,315000,False,86295634,53
UC9dlW43_P7QDHlSlPIEkWkQ,2026-07-17T20:18:34.519184+00:00,14000,False,822807,46
UC8b1vHYDjd4v4DLxHXL-UiQ,2026-07-17T20:18:34.519184+00:00,22000,False,2680124,16
UCEcYjPMUG0X4vvX99J6m8YA,2026-07-17T20:18:34.519184+00:00,32900,False,8487156,16
UCgxKgEAcJcKKyWTBdzDXQag,2026-07-17T20:18:34.519184+00:00,12200,False,1327650,32
UCYVsFoYhtjrOzCgbaG-yiag,2026-07-17T20:18:34.519184+00:00,25000,False,1251505,10
UCJEbxceR8FFUcZU0Ez83lPQ,2026-07-17T20:18:34.519184+00:00,4070,False,1094568,293
UCiZSpZ1fyqsT7rJb3ssgBrA,2026-07-17T20:18:34.519184+00:00,250000,False,40928991,12
UCSGjjIMkvIJh9vdbbNPb3pw,2026-07-17T20:18:34.519184+00:00,25800,False,3169001,13
UCzo5m5I2IzH8A__B3WZPC_g,2026-07-17T20:18:34.519184+00:00,60800,False,9189296,6
UCah2xR5R0nYaI4YrArPcSCg,2026-07-17T20:18:34.519184+00:00,106000,False,5551893,145
UCpqdK1XXfPH-oJ_c96ZTRNQ,2026-07-17T20:18:34.519184+00:00,244000,False,41578655,47
UCpBsjRgpKH3zZwwLHSBSySA,2026-07-17T20:18:34.519184+00:00,271000,False,35994726,106
UCqDPDmVqRFD7o1tY1S6Cskw,2026-07-17T20:18:34.519184+00:00,286000,False,32388556,48
UCKLi2WEfWKoo6JvZJCJsYOw,2026-07-17T20:18:34.519184+00:00,39000,False,10525731,187
UCrG36PjxPG2rgCHXmZEGmvQ,2026-07-17T20:18:34.519184+00:00,85300,False,20350883,400
UCRT9B6WBsaYGs9QsM0ZBNjA,2026-07-17T20:18:34.519184+00:00,334,False,50004,44
UCOs5SfpuovdhUhQqGZl9NOg,2026-07-17T20:18:34.519184+00:00,525,False,41867,28
UCioOLRA1euuTkNUiEOUdy0A,2026-07-17T20:18:34.519184+00:00,27000,False,5385920,64
UCAGCAiaAAs6foi_-CNDMRsw,2026-07-17T20:18:34.519184+00:00,18500,False,9630098,75
UCOGqY1GxiXCSP8F9pSqMHFQ,2026-07-17T20:18:34.519184+00:00,10600,False,2245126,179
UCTroPt7ajezU0xywQ8Ymb5g,2026-07-17T20:18:34.519184+00:00,12100,False,493398,144
UCfxaF-qcXrUGglR-HLMIhXA,2026-07-17T20:18:34.519184+00:00,1810,False,256397,80
UCspb2j229RKT267nQ736Tfw,2026-07-17T20:18:34.519184+00:00,9060,False,168,1
UC6sMTVclMvAdg4fZJYWdZhw,2026-07-17T20:18:34.519184+00:00,58700,False,6957615,25
UChgYU9sDMmUJ-PE37sUOIhg,2026-07-17T20:18:34.519184+00:00,3300,False,500701,29
UC-nB-EeC9qdmv0aJ5OU6avg,2026-07-17T20:18:34.519184+00:00,0,False,4,1
UCf2qcVZck1jgGoMvccY1Xfg,2026-07-17T20:18:34.519184+00:00,58700,False,11243119,97
UC54paN9XtANKncLgsNXpxuw,2026-07-17T20:18:34.519184+00:00,31900,False,7983181,80
UCJi-bkCmevi27lScSXlrUbw,2026-07-17T20:18:34.519184+00:00,1970,False,200696,41
UC8Z-aOFJe-SmwXFRobzs0QA,2026-07-17T20:18:34.519184+00:00,531000,False,136110538,186
UC94kX8sCqFj-3I4DgLGoQMg,2026-07-17T20:18:34.519184+00:00,11800,False,1637769,178
UClEUyN3C6oIAMOkc8TEN8Xg,2026-07-17T20:18:34.519184+00:00,184000,False,23944702,215
UCrh65i5dV0K4iaSknIOTogA,2026-07-17T20:18:34.519184+00:00,40100,False,134708,41
UCPdHXNbuwmONyFUnIANlJvg,2026-07-17T20:18:34.519184+00:00,25100,False,6272017,117
UCnaS6CqY_EGmnFD-G7sHNtQ,2026-07-17T20:18:34.519184+00:00,2,False,71,1
UC4VkNi2RZSJyqXsFaJYfsPg,2026-07-17T20:18:34.519184+00:00,868000,False,702910222,2548
UCKPT0j6sKw5wj-WmC7DaJMQ,2026-07-17T20:18:34.519184+00:00,1390,False,373598,170
UCWLsp2EDG3iT02-xaP_U96Q,2026-07-17T20:18:34.519184+00:00,801,False,168475,70
UCFtEiNuNNFr1SqbLamWsLVg,2026-07-17T20:18:34.519184+00:00,334000,False,163442976,170
UCRuTigrib17EQPZO2eTynZw,2026-07-17T20:18:34.519184+00:00,647,False,63333,187
UCzMm9bl7hcr8h0shcs6HgpA,2026-07-17T20:18:34.519184+00:00,138,False,384,17
UCGDWZx4CiP1wBSXUL2YBgvg,2026-07-17T20:18:34.519184+00:00,2,False,18,1
UCPtJKPgYHqe-K3xU5prWgDA,2026-07-17T20:18:34.519184+00:00,238,False,71914,87
UCUz4m5qXBUlbg_W2P-5dh5Q,2026-07-17T20:18:34.519184+00:00,22,False,5030,10
UCl5m1hcAdrpnQjFgonDYypA,2026-07-17T20:18:34.519184+00:00,329,False,51682,46
UCi7OUst2l_JggYhoVvV-11w,2026-07-17T20:18:34.519184+00:00,55,False,1613,13
UCNV5JHj2OLJpDsqvtRHEOOQ,2026-07-17T20:18:34.519184+00:00,104,False,9860,42
UCjSmyQpggeFqeyvJoZzruxA,2026-07-17T20:18:34.519184+00:00,1060,False,463363,559
UCj8bmPhngDpX5uA3QGcXxrg,2026-07-17T20:18:34.519184+00:00,322,False,14979,26
UChxJl7qeii3X3uaippbe1Zw,2026-07-17T20:18:34.519184+00:00,184,False,135893,43
UCxNorjh8miVWTnWmc9I01qg,2026-07-17T20:18:34.519184+00:00,1,False,130,16
UCjNLXO6WOy7xL0pT9xVjmXQ,2026-07-17T20:18:34.519184+00:00,1390,False,119781,230
UCBsJP0vRpDVt3NBP3pcf-tg,2026-07-17T20:18:34.519184+00:00,9960,False,198332,72
UCVWRIsZS1uilw0hqy0eHf9A,2026-07-17T20:18:34.519184+00:00,6880,False,2049227,124
UCfJsvn44PXZV4wWqDWB3gGw,2026-07-17T20:18:34.519184+00:00,1370,False,122165,69
UC0QnTPi6MCtWiDvFSTu0nLg,2026-07-17T20:18:34.519184+00:00,0,False,96,3
UClWpyw-uEKIufD2XctHu1Kw,2026-07-17T20:18:34.519184+00:00,680,False,7883,28
UCEC8e_Vpy67U4xnGwpo6v9Q,2026-07-17T20:18:34.519184+00:00,1700,False,38694,91
UCseliFPwzYWDLcsnz-gT2jA,2026-07-17T20:18:34.519184+00:00,507,False,10259,25
UC5hpZafAD5yLoI5dvyu7EAg,2026-07-17T20:18:34.519184+00:00,2450,False,851041,58
UCzyNj_K68UUMGku6elS3-Vw,2026-07-17T20:18:34.519184+00:00,117,False,11841,29
UChyXO66sH_11FUaqcN2K8mQ,2026-07-17T20:18:34.519184+00:00,96,False,997,6
UCcoMRdBwZ94F-v1o19v8C9A,2026-07-17T20:18:34.519184+00:00,2,False,73,1
UCZ_FsgcUmSz66ytXZo4ghUg,2026-07-17T20:18:34.519184+00:00,969,False,248019,23
UCOk9zSvzL_G02l8-5o2J0aw,2026-07-17T20:18:34.519184+00:00,12,False,5017,7
UCpmLphkq-n1GHMXxMWouURg,2026-07-17T20:18:34.519184+00:00,51,False,26918,26
UCEb1uUTOCTk178owtr6ycig,2026-07-17T20:18:34.519184+00:00,1450,False,352684,89
UCQ4WnlUXQgijxnKoxhS1fsA,2026-07-17T20:18:34.519184+00:00,1810,False,519592,108
UCVyYvZ_Tfp-eHC_Mdt7OgUg,2026-07-17T20:18:34.519184+00:00,4,False,52,2
UCQfScNdtr5cZ3AAjxnlhEfQ,2026-07-17T20:18:34.519184+00:00,832,False,908871,58
UCaoE0V-bRqIl-gqHX2mRRlw,2026-07-17T20:18:34.519184+00:00,7,False,788,16
UCJHnKlt5Jvs9eX_HoALh78Q,2026-07-17T20:18:34.519184+00:00,216,False,26349,35
UCnAPLrDh7HWge4MqPvHocgQ,2026-07-17T20:18:34.519184+00:00,6160,False,482548,97
UCeregcA7V24wo3vGVVsitfA,2026-07-17T20:18:34.519184+00:00,37900,False,4588916,643
UCeqzpsiMK9z6f-owiiUZeiQ,2026-07-17T20:18:34.519184+00:00,5,False,37,4
UCPbRBGkrAnnWGxBfpyTiUXg,2026-07-17T20:18:34.519184+00:00,54,False,12922,11
UCkt4LTivoYJuOkPROhayw0Q,2026-07-17T20:18:34.519184+00:00,295,False,19195,72
UCUATRdkuL0zxxmXWXBySgWw,2026-07-17T20:18:34.519184+00:00,185,False,262500,72
UCVkbgGtKLhJBylz9boUyP4Q,2026-07-17T20:18:34.519184+00:00,42,False,3951,11
UCYNtjJyosDXPToT3MdOzf1w,2026-07-17T20:18:34.519184+00:00,14,False,2828,7
UC0GrWdetiZpYVtF9nUTwRlg,2026-07-17T20:18:34.519184+00:00,1080,False,45482,71
UC0Qer2VuLfImP5KlKcPQ8dg,2026-07-17T20:18:34.519184+00:00,145,False,7654,9
UC1pk9EamTPBCunsTD7BxoAg,2026-07-17T20:18:34.519184+00:00,81,False,15870,17
UCWN7PzASZk2ju8GWF47NhSg,2026-07-17T20:18:34.519184+00:00,678,False,372065,222
UC9qjk1rYA0XpAbJ8CH7DFeA,2026-07-17T20:18:34.519184+00:00,430,False,89854,21
UCjLRdJQ2hHlhU10AswNiQ0A,2026-07-17T20:18:34.519184+00:00,57,False,630,3
UC3bN_qLws_jgNZmwUKyfuIg,2026-07-17T20:18:34.519184+00:00,423,False,28742,7
UC6Jkv_Am-0j20RxhDBS0PEA,2026-07-17T20:18:34.519184+00:00,11,False,1794,5
UCcvMPCUQ6EgqoZ9Du6Pym0Q,2026-07-17T20:18:34.519184+00:00,2910,False,150646,23
UCGa1_vxtCaUijKxNt0DB7aQ,2026-07-17T20:18:34.519184+00:00,158,False,46279,43
UC3oEN2nseVOuP6XUhFICRqA,2026-07-17T20:18:34.519184+00:00,268,False,90070,33
UCT_U9KV6byLeWkPcagCmMhQ,2026-07-17T20:18:34.519184+00:00,671,False,102436,29
UCVN7yd14BXmR_Ylg3MDCORg,2026-07-17T20:18:34.519184+00:00,57,False,36144,8
UCOlMa7eBVngg14Qnu8eAXgA,2026-07-17T20:18:34.519184+00:00,70,False,33677,49
UCAfSZ4d_LQ3v6gs6r4IADcw,2026-07-17T20:18:34.519184+00:00,27,False,9316,18
UC7Z3B_lEhVwpF-eHtbwfppw,2026-07-17T20:18:34.519184+00:00,2,False,21,3
UChVL7KZaoIqUActsaHZAoEA,2026-07-17T20:18:34.519184+00:00,1,False,4,2
UCusSUTH8cIHPvnzP0rXgfqA,2026-07-17T20:18:34.519184+00:00,15,False,10057,25
UCAbnKwbHRlhEXMvtSUzrrng,2026-07-17T20:18:34.519184+00:00,67,False,19547,24
UCgm1AkjIpLGAoBDdCPx1tMQ,2026-07-17T20:18:34.519184+00:00,1000,False,10331,12
UCVrABzvIgdjI0O2loGgZAGg,2026-07-17T20:18:34.519184+00:00,128,False,27515,33
UCVqb8_SOl0sTqsD6htnwBBQ,2026-07-17T20:18:34.519184+00:00,22,False,161,1
UCQRK4eZqMrDxQkb2e73bI1g,2026-07-17T20:18:34.519184+00:00,15,False,6521,6
UCfLUmA5cxq66Xud7ZrW_lGQ,2026-07-17T20:18:34.519184+00:00,2,False,344,3
UCrAW52TcVvMIP0pZpZcbELw,2026-07-17T20:18:34.519184+00:00,100,False,8873,34
UC8xM-XWUOolEEA2SHpm-B9A,2026-07-17T20:18:34.519184+00:00,10,False,873,11
UC_zR76WfAJj_-nPZgcPfZfA,2026-07-17T20:18:34.519184+00:00,7,False,3623,4
UCvADrZB8kSC6Ly-4NLrsksQ,2026-07-17T20:18:34.519184+00:00,0,False,329,2
UCA7B8K34SVOG95zpEoIs_bA,2026-07-17T20:18:34.519184+00:00,0,False,0,1
UCW_SDys00Yv9Fjq3ttcrvUw,2026-07-17T20:18:34.519184+00:00,189,False,76121,58
UCDuuXPVevJsTaFAv_kkqHOA,2026-07-17T20:18:34.519184+00:00,1010,False,184428,33
UC5ZAQUDD-zXVkZt3fALdq2Q,2026-07-17T20:18:34.519184+00:00,9770,False,2989856,317
UC7wRtuVWDxL2o8-74-y6LLg,2026-07-17T20:18:34.519184+00:00,231,False,4016,31
UCs2n9rcT5RTQRJZWRx-2F3g,2026-07-17T20:18:34.519184+00:00,22500,False,1094676,196
UC6gmE7AKU6TPG2iIx_q3kBQ,2026-07-17T20:18:34.519184+00:00,2000,False,450385,147
UCpb37g4I8pMnEv5NcSbf4Bw,2026-07-17T20:18:34.519184+00:00,47,False,6371,9
UCbuW88tFdrevpCcS8M6I07A,2026-07-17T20:18:34.519184+00:00,41,False,6630,29
UCUYXSaH7gW9DGZHItFsvJ_A,2026-07-17T20:18:34.519184+00:00,80000,False,28724348,651
UC0Acca2PGDyDGuNjk0JEB1Q,2026-07-17T20:18:34.519184+00:00,13200,False,1291445,73
UCPSAbhuBUTXhdB2tqgdmeVw,2026-07-17T20:18:34.519184+00:00,634,False,20169,11
UCjScMUhYoJTvPvPowUzPGqA,2026-07-17T20:18:34.519184+00:00,136,False,10830,46
UCZNreSxdvd50nzMz5zkXg4w,2026-07-17T20:18:34.519184+00:00,3360,False,2570513,66
UCsAYQL3fa-MtbeWv2aM5ntQ,2026-07-17T20:18:34.519184+00:00,11900,False,2681354,191
UCPbmJjqlpI2nV8Y2HobP1pw,2026-07-17T20:18:34.519184+00:00,91,False,30692,49
UC97ykIgaRLrsMJt226jpa9w,2026-07-17T20:18:34.519184+00:00,4,False,421,91
UCQhw_ZtCGmmCjR37BgcacAw,2026-07-17T20:18:34.519184+00:00,14,False,5126,5
UCQ1YtBI0uRoTGiIAytLKaGA,2026-07-17T20:18:34.519184+00:00,9050,False,1673928,136
UCzHhl8kAbLv6iTr9AT2vg3g,2026-07-17T20:18:34.519184+00:00,74,False,30124,9
UC-dCazLLgEAZm5PqSbHPyng,2026-07-17T20:18:34.519184+00:00,2200,False,629843,82
UCObCXpFPND_N_S2MTtkI-Rw,2026-07-17T20:18:34.519184+00:00,1200,False,472438,91
UCG9r38aVUA7qTRfKnBDNHEQ,2026-07-17T20:18:34.519184+00:00,5,False,22,1
UCBgsTH2adMQ4gmUV5qkyRhw,2026-07-17T20:18:34.519184+00:00,25,False,207,3
UCSuqB9kGrKU1Svh8S5BpKPA,2026-07-17T20:18:34.519184+00:00,1480,False,1143374,937
UCjmCkFFwHNiBtRUF94d0A_w,2026-07-17T20:18:34.519184+00:00,45,False,1860,17
UCR3tNGyaStfQooxU4cQkY3A,2026-07-17T20:18:34.519184+00:00,1,False,8,1
UCS0vl4-rOhiTQegftPOcNBw,2026-07-17T20:18:34.519184+00:00,133,False,41955,19
UCOjWIcNSjDDSJDaeo-AZERQ,2026-07-17T20:18:34.519184+00:00,0,False,18,5
UCn8o1RDwQ9yjHvha3e7x_VA,2026-07-17T20:18:34.519184+00:00,16000,False,1635379,1667
UCmwIKQQjwpjNT8OQ_VZuRfg,2026-07-17T20:18:34.519184+00:00,1230,False,722511,1510
UCSnNjJuwP1ZO9S7WoHnebSA,2026-07-17T20:18:34.519184+00:00,27,False,498,12
UCtCj1QVEHyXSNplt9SD6V-w,2026-07-17T20:18:34.519184+00:00,20,False,76,2
UCK0bPjNra_d-ezW5vQVfYaA,2026-07-17T20:18:34.519184+00:00,212,False,15470,19
UC-SGR59YzynMC5K6nbbH-og,2026-07-17T20:18:34.519184+00:00,153,False,2771,58
UC0ZcZzDZe8x6-olaRR5-wYw,2026-07-17T20:18:34.519184+00:00,70,False,1302,99
UCdy9Wdw7Sl9o05k1goBaB2Q,2026-07-17T20:18:34.519184+00:00,71,False,711,42
UCGQxfwFHFezIxXurJNgP2ug,2026-07-17T20:18:34.519184+00:00,9200,False,2816307,638
UCjCbWQXwuZlCLh5ncWlBTsA,2026-07-17T20:18:34.519184+00:00,1,False,15,1
UC4adsLXDnuV3w78KvQKrLgA,2026-07-17T20:18:34.519184+00:00,448,False,29367,121
UCljaMOnndd_7nhdApJr9lJg,2026-07-17T20:18:34.519184+00:00,11,False,2448,13
UC0Gy3iGhX2FqlDg6-LHiyWg,2026-07-17T20:18:34.519184+00:00,166,False,10325,53
UCaBfLajanCJS5yv5HDacKbg,2026-07-17T20:18:34.519184+00:00,458,False,15,1
UCAlhWWO8Psu7nMyxpXYtL7A,2026-07-17T20:18:34.519184+00:00,24,False,457,11
UCWrN64wbBVWpRGWat_paLSg,2026-07-17T20:18:34.519184+00:00,7650,False,180024,73
UCpIbj-tT_PLFwLUVZkursKQ,2026-07-17T20:18:34.519184+00:00,82,False,2084,139
UCRSWrrhmaigw_yXwoKv2uqw,2026-07-17T20:18:34.519184+00:00,119,False,1469,87
UCUz-4JNAAfclM4YTbPm-NYQ,2026-07-17T20:18:34.519184+00:00,264,False,11103,26
UCUpf9oGkS4Ns0m7ePBB5TTA,2026-07-17T20:18:34.519184+00:00,71,False,3831,13
UChGV7UFNdlRtUmTv_AX7Izg,2026-07-17T20:18:34.519184+00:00,26700,False,2379989,3694
UC7TTg_2UVX8w7B53AspynPA,2026-07-17T20:18:34.519184+00:00,22,False,496,1
UCCeRbItAo1Ugk7v5icCsMoQ,2026-07-17T20:18:34.519184+00:00,448,False,11750,61
UCecL5RXqIzb3N6zO0FaCN9Q,2026-07-17T20:18:34.519184+00:00,6000,False,154844,265
UChOnYwBt6dccs7vny0XBn5A,2026-07-17T20:18:34.519184+00:00,196,False,1388,7
UCyY-Oc4LZxuPCNtrOeIkPXQ,2026-07-17T20:18:34.519184+00:00,485,False,107821,24
UCh1devGAKOxk1FONKNQyWfw,2026-07-17T20:18:34.519184+00:00,240000,False,61849619,600
UC69j0n39Fj53JHIBsectTAw,2026-07-17T20:18:34.519184+00:00,83,False,10584,10
UCkD2Gixzde52jx1XspNvrBw,2026-07-17T20:18:34.519184+00:00,118000,False,40374978,2002
UCSPowuMDhhN8ayovAX28SOA,2026-07-17T20:18:34.519184+00:00,18300,False,4926391,341
UCtfeXEtCF7zlkfZDk8LnqpQ,2026-07-17T20:18:34.519184+00:00,8,False,3847,17
UCESLkkRAOvtHzG-wF7TNofw,2026-07-17T20:18:34.519184+00:00,393,False,21693,9
UCfqMutUM7GnawXWTefUY8dw,2026-07-17T20:18:34.519184+00:00,456,False,101070,36
UCvHgPqX_MU--WMuk2PVZubg,2026-07-17T20:18:34.519184+00:00,54200,False,10875018,139
UCoZJaxWPeeGKZ6ShK5EsIkA,2026-07-17T20:18:34.519184+00:00,54,False,26076,29
UCCSpwCvA20G-b2u7kjjogqw,2026-07-17T20:18:34.519184+00:00,23100,False,8410072,850
UCtxuDDwNMrV_nyE_yrTk3dQ,2026-07-17T20:18:34.519184+00:00,1050,False,6631,11
UCEm59e_lj_y6oP5Bm7l7r3w,2026-07-17T20:18:34.519184+00:00,24600,False,2806401,294
UCDRvVQA5TYL0TFYjA6jcHag,2026-07-17T20:18:34.519184+00:00,3840,False,836601,344
UC7qdij234UAVh6N7M7sszEA,2026-07-17T20:18:34.519184+00:00,3030,False,105159,31
UCCXw0STxDknWiHY0ULP2qdw,2026-07-17T20:18:34.519184+00:00,343000,False,59669624,394
UCG3QSJwsRV2nH5Fo3eoYlOA,2026-07-17T20:18:34.519184+00:00,50,False,13323,16
UCwoZO_4sCD_Bi6uYDeCa1dw,2026-07-17T20:18:34.519184+00:00,210,False,24114,35
UCnEp3XSh0qGO9656xrLK7XA,2026-07-17T20:18:34.519184+00:00,21,False,1246,9
UCmZhSTVkzhssQKyV_vqR3ng,2026-07-17T20:18:34.519184+00:00,11200,False,2088717,49
UCOFhOCgjIgm3JqGo6vSHQkg,2026-07-17T20:18:34.519184+00:00,1,False,35,1
UCEHW7PX0AaScrC3IbUiKO9Q,2026-07-17T20:18:34.519184+00:00,62,False,1268,1
UCQZR3b8KuE1ddvEGYmNHZMg,2026-07-17T20:18:34.519184+00:00,5450,False,359497,112
UCQkThZohN6AuWRPOf5plLNA,2026-07-17T20:18:34.519184+00:00,807,False,49886,21
UCjguZlEbLns5IgN3NM2nMlg,2026-07-17T20:18:34.519184+00:00,203,False,3098,7
UCZlgh5fNy_cuAPWQE7b1WsA,2026-07-17T20:18:34.519184+00:00,14000,False,1073479,24
UCSs9wxjf1Asv9HyFmMym9kQ,2026-07-17T20:18:34.519184+00:00,123,False,10093,18
UCSg2a8l-mUW9gqKFjZZig8g,2026-07-17T20:18:34.519184+00:00,19400,False,2418026,226
UCS5U8OTQXzQXMET3NcRguWQ,2026-07-17T20:18:34.519184+00:00,14600,False,2041163,443
UCZqd2Ow05JEMlpaXHdw0LWQ,2026-07-17T20:18:34.519184+00:00,101,False,4777,10
UC4DCS-GWdPQ3A9ukbJHB65A,2026-07-17T20:18:34.519184+00:00,84,False,4812,14
UCSquzAJZ72PTgZECfAEyYrQ,2026-07-17T20:18:34.519184+00:00,6780,False,1004852,157
UCmnOYj9e1G4MUSyyVK-A9Cg,2026-07-17T20:18:34.519184+00:00,11,False,675,3
UC7SqusQkpNX1hRjRvD_1Ong,2026-07-17T20:18:34.519184+00:00,2380,False,0,0
UC_3_FgfsOhlkBjFzQnJUkEQ,2026-07-17T20:18:34.519184+00:00,683,False,31008,15
UCrF6XEZfuk45pWcQAhrtYKQ,2026-07-17T20:18:34.519184+00:00,68,False,670,4
UCJ4AkYxYPsyxeWin5fAqVSw,2026-07-17T20:18:34.519184+00:00,50,False,24630,89
UCHWF_l-xuTe0fNouIdy8ULw,2026-07-17T20:18:34.519184+00:00,333,False,33008,20
UCdiGwivOErhuFV5uEUWxllw,2026-07-17T20:18:34.519184+00:00,2060,False,153235,6
UCVDevQUUFFRkP-byPUhMQtA,2026-07-17T20:18:34.519184+00:00,84000,False,6928044,142
UCVxzuJhGfjhyw1LmRFK9UxQ,2026-07-17T20:18:34.519184+00:00,33300,False,415582,66
UCYFleXVWEURbSC7bj3sqlPw,2026-07-17T20:18:34.519184+00:00,504000,False,38121992,150
UC4EOaPNYQhUSRmBI-N1EXEg,2026-07-17T20:18:34.519184+00:00,992,False,30516,5
UCf6o_gAivqqYLTRIh9fahTA,2026-07-17T20:18:34.519184+00:00,7280,False,178842,10
UC2OyEezNlfWZB70W9yPT-xw,2026-07-17T20:18:34.519184+00:00,2,False,56,18
UC42bGXt-5heQRPXPLsww3Jw,2026-07-17T20:18:34.519184+00:00,10,False,87,1
UC1XBIWfev3IF4mbw8SEPM-w,2026-07-17T20:18:34.519184+00:00,30100,False,1493215,14
UCN9fwTxVJ8x4vttXTkl59Pw,2026-07-17T20:18:34.519184+00:00,130000,False,7614121,33
UCA-IWqJKqhCDYcF8yAfKraw,2026-07-17T20:18:34.519184+00:00,3,False,21,2
UCNvrY1HYb-cPJTgbji557ig,2026-07-17T20:18:34.519184+00:00,42,False,594,1
UCsV0gCTr6Fdl-fMpg7_3Zuw,2026-07-17T20:18:34.519184+00:00,12,False,6398,7
UCFLr608uAey2074UZtRKuaw,2026-07-17T20:18:34.519184+00:00,4,False,41,2
UCSIcX89arHkxqoi3aiqN3hw,2026-07-17T20:18:34.519184+00:00,15,False,631,10
UC5HK5iZs2UB55Bum9BBbajg,2026-07-17T20:18:34.519184+00:00,81,False,16272,21
UCsGsDaPTOt6VXRPF2FyAJ4g,2026-07-17T20:18:34.519184+00:00,3940,False,385966,131
UCifJEvXNvD8XaK7JMSmnH_w,2026-07-17T20:18:34.519184+00:00,55,False,12091,15
UCJ_5slo-oa7bvnyD92m9c0A,2026-07-17T20:18:34.519184+00:00,220,False,33261,5
UCAewO1gshtHXVsOdxd03gkw,2026-07-17T20:18:34.519184+00:00,1150,False,910599,49
UCxJP7fjfHoOT928_29TyB5w,2026-07-17T20:18:34.519184+00:00,481,False,45247,76
UCmyEUjIqwiTwx6MFT19FD0g,2026-07-17T20:18:34.519184+00:00,354,False,78248,32
UCKurrM38zebptCChSC6QpuQ,2026-07-17T20:18:34.519184+00:00,597,False,20025,101
UCtBhlCYSLlz2TO9hK93micg,2026-07-17T20:18:34.519184+00:00,471000,False,8835014,143
UCWAOuD-vL-mwdNOAXLpMFsA,2026-07-17T20:18:34.519184+00:00,5720,False,2893182,167
UCY8MMMOhm6-om2MX97fFnpQ,2026-07-17T20:18:34.519184+00:00,207000,False,27408667,1783
UCourijd_t76uoWtcXdrzwOg,2026-07-17T20:18:34.519184+00:00,1920,False,192189,46
UCoAAGnfgkDNopG8HT31K_3w,2026-07-17T20:18:34.519184+00:00,2,False,85,4
UCzHCGIaSLRPy2xG6GBIXFYA,2026-07-17T20:18:34.519184+00:00,2040,False,675093,123
UCn-TGQjyzHIA1EgonmCpr8A,2026-07-17T20:18:34.519184+00:00,19100,False,1503286,208
UCdk5_7EZfPGouBqkuJ4pcuQ,2026-07-17T20:18:34.519184+00:00,364000,False,15033140,492
UC7mhtAaF1ESJgCozpoS2lcQ,2026-07-17T20:18:34.519184+00:00,13600,False,2744099,191
UCciHuEKKB73p626H_kjoZtg,2026-07-17T20:18:34.519184+00:00,67,False,4933,10
UCtewEIiXqtEGklFsghrTlsA,2026-07-17T20:18:34.519184+00:00,1530,False,111696,90
UCyrW9aDENkU6G6URdVFwB9g,2026-07-17T20:18:34.519184+00:00,16400,False,504873,418
UCoQXpCWew0Q3qz6buZYOAFg,2026-07-17T20:18:34.519184+00:00,132000,False,20900701,1532
UCxPYVvthidICJb75llNXktg,2026-07-17T20:18:34.519184+00:00,283000,False,82988414,3127
UCXnIrM4ECF___U_7LVkNz8A,2026-07-17T20:18:34.519184+00:00,226,False,123493,48
UCKOkvbdy90Js1JF0KO9sfxQ,2026-07-17T20:18:34.519184+00:00,6,False,1203,1
UCKPo6m2YUuRWhw-18sJPnYA,2026-07-17T20:18:34.519184+00:00,15100,False,38128085,1972
UCFDDinTJk2SPab8sy7QrPnw,2026-07-17T20:18:34.519184+00:00,1530,False,61603,73
UCYYLeuf3OuMj04YCb0vvA8w,2026-07-17T20:18:34.519184+00:00,225000,False,12111167,29
UCjm7vbOwssao7Bhm9wX3-bw,2026-07-17T20:18:34.519184+00:00,147000,False,14475420,2852
UCXx6WMAaI1c0yJ5LFlISadA,2026-07-17T20:18:34.519184+00:00,33600,False,2978254,139
UCNKF91XVC--97H9yyExwOLQ,2026-07-17T20:18:34.519184+00:00,36,False,1219,1
UCjHPBitwISx7xuhYRbUfFdw,2026-07-17T20:18:34.519184+00:00,3920,False,79291,12
UC9R-lccClK7uhR-kf5m60eQ,2026-07-17T20:18:34.519184+00:00,14700,False,1206693,125
UC_wH_kulb6PkXaF6I1a9xKQ,2026-07-17T20:18:34.519184+00:00,599,False,9586,2
UCo7jGFwywOdtesciwW-POqg,2026-07-17T20:18:34.519184+00:00,254000,False,121558789,1611
UC3tvYy-s84yySG7V85jRDnA,2026-07-17T20:18:34.519184+00:00,890000,False,210358258,3340
UCH8YwtCVpDIMNh7_EqLPNCQ,2026-07-17T20:18:34.519184+00:00,710,False,49456,78
UCHhk9EHspPZejY9PnR1PLVg,2026-07-17T20:18:34.519184+00:00,409000,False,148613386,5160
UCTKpmb3bHNDrIDTAaT7rLQQ,2026-07-17T20:18:34.519184+00:00,16,False,698,1
UCZ6MS5ygBzz25PnSMaAw8PA,2026-07-17T20:18:34.519184+00:00,30800,False,15316398,1209
UCAMfYnu9LVaiHTv67cKF9EQ,2026-07-17T20:18:34.519184+00:00,3840,False,742032,451
UCq0hVW_G5kWt2ocLhbjOtGg,2026-07-17T20:18:34.519184+00:00,10400,False,2856908,1209
UCmcJ_cXnhToGOqwIvOtwSVg,2026-07-17T20:18:34.519184+00:00,17,False,13069,8
UCLA8Ovy_NPAwMWvr8IEDquw,2026-07-17T20:18:34.519184+00:00,64900,False,3629314,818
UCbS_glb2N1NVTrDLVryRbng,2026-07-17T20:18:34.519184+00:00,917000,False,605935118,65293
UCbR7juPwtP-bV_w0840ciYQ,2026-07-17T20:18:34.519184+00:00,529000,False,253371710,6160
UCUmkuHIy9TcUhd10BCEVpIg,2026-07-17T20:18:34.519184+00:00,12900,False,2071617,252
UCY7ZeW8kUhwMbpN1uxp6Jkg,2026-07-17T20:18:34.519184+00:00,9,False,11,1
UCr0wete04v0G3l7YhtBROTg,2026-07-17T20:18:34.519184+00:00,18100,False,481993,495
UC-ESiKLk1zFajcoXRtZRDgQ,2026-07-17T20:18:34.519184+00:00,8,False,747,2
UCoUtpHt61tmeSpaznNoqr3g,2026-07-17T20:18:34.519184+00:00,8330,False,2363517,164
UC12Ujt77-UFGXPAalKwuXDg,2026-07-17T20:18:34.519184+00:00,101000,False,12362903,6693
UCF11-Puqxb0jdeWNc7F_Fcw,2026-07-17T20:18:34.519184+00:00,1240,False,294501,3799
UCmGMChEd9jBucufrWcpk3Ew,2026-07-17T20:18:34.519184+00:00,630,False,159636,67
UC1CkcuwxCW_dIchuR0tTCJw,2026-07-17T20:18:34.519184+00:00,139000,False,10903241,3534
UCacIRbbu-hgx4sRW6tZPRoQ,2026-07-17T20:18:34.519184+00:00,155000,False,39580057,4652
UCfVmYgJP_bBt00lLtPGsbcQ,2026-07-17T20:18:34.519184+00:00,26400,False,4562989,158
UCYJIF8T_Nhfcu_q5xvvSRSA,2026-07-17T20:18:34.519184+00:00,29700,False,323151,47
UCh6ZuRqZK3TX9yt-ssydQ8g,2026-07-17T20:18:34.519184+00:00,688,False,156342,107
UC7yF2-xCEXXv_h93qq6urww,2026-07-17T20:18:34.519184+00:00,28200,False,6387838,280
UCfqhE2Lyb-2zpv96EfaV6NA,2026-07-17T20:18:34.519184+00:00,3,False,633,3
UCQxYcvX5hnGJvuTFzKng-Vg,2026-07-17T20:18:34.519184+00:00,27500,False,1940518,315
UCEJ2OW9pd3aUob5SGap2Hzg,2026-07-17T20:18:34.519184+00:00,25400,False,4221704,755
UCVqfoMNwM8SIpL6BMGTZbcA,2026-07-17T20:18:34.519184+00:00,5660,False,616950,48
UCkMHuOw1YS3-p7tpP0g8Oug,2026-07-17T20:18:34.519184+00:00,625,False,99272,289
UCMYGJzk1xRLyb-7nPS91U1A,2026-07-17T20:18:34.519184+00:00,11,False,211,8
UCxAkK6_mU-y8NownflBHl7A,2026-07-17T20:18:34.519184+00:00,946,False,26210,191
UC4WsFD62bjLIlWe6BDyKgLg,2026-07-17T20:18:34.519184+00:00,1,False,10,2
UCiorAyPSc4u8OMhKahkz8Kw,2026-07-17T20:18:34.519184+00:00,10,False,51,2
UC0-wN1j5Encw4db-W0npmAA,2026-07-17T20:18:34.519184+00:00,2680,False,537514,872
UCSTl549eJYdeUAY0NmZLU6A,2026-07-17T20:18:34.519184+00:00,9350,False,707036,1767
UCgnkk8P4G9yQFuRl0dEO1HQ,2026-07-17T20:18:34.519184+00:00,43900,False,5782829,341
UCvr8FfbItix2xyxAqRpq2kw,2026-07-17T20:18:34.519184+00:00,11700,False,1613496,3092
UCpFP00DtyDEHJL38u16JeJQ,2026-07-17T20:18:34.519184+00:00,2790,False,311494,241
UCGyG2Xkr4xR73xgQMXNi8_g,2026-07-17T20:18:34.519184+00:00,4130,False,741612,96
UCZWLWHBB3t-VlJpqMin0MBQ,2026-07-17T20:18:34.519184+00:00,10,False,381,23
UCZEXdsMN3HWEz34uY5PbtXA,2026-07-17T20:18:34.519184+00:00,41,False,7162,30
UC0554zf4RvVkxwt_tS4Wx_g,2026-07-17T20:18:34.519184+00:00,700,False,216899,521
UC5Q_G46Xm2zLk3KENJyNZFw,2026-07-17T20:18:34.519184+00:00,6,False,38,1
UCXiuc0YzkB3Cqm5iGOPCfbg,2026-07-17T20:18:34.519184+00:00,1,False,334,3
UCPt6oRAoW7q6Tc3pVdte8Ow,2026-07-17T20:18:34.519184+00:00,27,False,185,6
UCy3DKiGOrAXgOYZ08p7b13w,2026-07-17T20:18:34.519184+00:00,2730,False,233186,28
UCclsYfuBasiAF0_jKu6UIKg,2026-07-17T20:18:34.519184+00:00,2,False,163,3
UCBqRzgKt-SI9i4J2kK9E1Cw,2026-07-17T20:18:34.519184+00:00,3550,False,454706,103
UCQDKBn0LV7zJfpx0Sjn6K5g,2026-07-17T20:18:34.519184+00:00,487,False,21597,32
UCSskMa5RIcLld1C9-zcXJLA,2026-07-17T20:18:34.519184+00:00,27,False,1195,13
UCvXR8NCCCr5N0edH88hcI_Q,2026-07-17T20:18:34.519184+00:00,3280,False,195026,497
UC_nEV-E7z5c250hGJaf5c0A,2026-07-17T20:18:34.519184+00:00,97,False,71596,72
UCFTKhTLqZ7mfqPy0TG534sw,2026-07-17T20:18:34.519184+00:00,3030,False,15254,79
UCljTXbhUOR5waxd9gRTLgaw,2026-07-17T20:18:34.519184+00:00,1200,False,116942,247
UC9POg6oD76qKaxyM8YimAKQ,2026-07-17T20:18:34.519184+00:00,982,False,69475,22
UCTt-pC0wjGVwhhNWFEOsDMQ,2026-07-17T20:18:34.519184+00:00,1000,False,15137,22
UCUB9xI15sYd8dHq629QP5uQ,2026-07-17T20:18:34.519184+00:00,117,False,16398,17
UCJmP1lPfoeGX8sI1zMCuTOg,2026-07-17T20:18:34.519184+00:00,12,False,363,3
UCxurgeq3vKKjMKZLc1sMl5A,2026-07-17T20:18:34.519184+00:00,1250,False,30945,25
UCPcpwO-IEYGbVxN28vU91Hg,2026-07-17T20:18:34.519184+00:00,61,False,36681,35
UCcramqaCahbkbALKYjdc-VA,2026-07-17T20:18:34.519184+00:00,1600,False,1653,7
UC0KvGxwklSVx0Uww0gMFfwA,2026-07-17T20:18:34.519184+00:00,198,False,25948,16
UCBlP-tEVTVhG0QvIKSnKFqA,2026-07-17T20:18:34.519184+00:00,6,False,2285,9
UCJqvzvbvZeip0hW_q3EW6_A,2026-07-17T20:18:34.519184+00:00,162,False,2806,3
UCzdwVqqrY_z1DJkpLfdMHag,2026-07-17T20:18:34.519184+00:00,1930,False,1204766,290
UCgZpKdr8jE-9VH4P0dEQMyA,2026-07-17T20:18:34.519184+00:00,123000,False,52797627,221
UC2UVrW6JtYPWq0ezzpF16RQ,2026-07-17T20:18:34.519184+00:00,6800,False,1860755,685
UCkhusRWtlkfDXeyaEAqxnvg,2026-07-17T20:18:34.519184+00:00,36,False,35301,32
UCf-nFO-Cr56Cd-BylJDLFAg,2026-07-17T20:18:34.519184+00:00,68,False,2582,11
UCkP-4Do9fA3CY25QAdP2VZA,2026-07-17T20:18:34.519184+00:00,55,False,8252,8
UCc9GEPH0oCt_48VM6AePYgg,2026-07-17T20:18:34.519184+00:00,112,False,2661,13
UCHRbXzdMHzVmbBLrVbrei8g,2026-07-17T20:18:34.519184+00:00,114000,False,30318549,186
UC8dedUAMnca1y5XVjDJu5XQ,2026-07-17T20:18:34.519184+00:00,320,False,5556,33
UCywKYmHKbV3lRW4HOOneGkg,2026-07-17T20:18:34.519184+00:00,87,False,38498,34
UCiH0SQX_tIi1AtaAn0410zA,2026-07-17T20:18:34.519184+00:00,14,False,5007,10
UCDY_htT4nVRXSAIQVydbtyQ,2026-07-17T20:18:34.519184+00:00,16300,False,3909076,119
UCG4iJ9LgvBTfaTCqdtkmMIQ,2026-07-17T20:18:34.519184+00:00,1460,False,868931,363
UCwYZFnfxGmEGqYruNho3beA,2026-07-17T20:18:34.519184+00:00,3090,False,277907,11
UCr1DskOOC0p1agQs4jnkdNg,2026-07-17T20:18:34.519184+00:00,1640,False,1256874,65
UCz_nCLpFKAAwoSTKamwIszQ,2026-07-17T20:18:34.519184+00:00,70100,False,6114683,207
UC4iQrvOdsgpHwbrvNrCJUkA,2026-07-17T20:18:34.519184+00:00,4280,False,447861,138
UCSodo0fV9KfObDMmYTpV5_A,2026-07-17T20:18:34.519184+00:00,41200,False,12933543,350
UC_ym_zKj2eVM5JV7S6wmybw,2026-07-17T20:18:34.519184+00:00,529,False,172141,30
UCLKaX-xMB_hMIgdNrIkiyVw,2026-07-17T20:18:34.519184+00:00,6110,False,370236,52
UCl4aG8npoRPiiPPr5S2-Lgw,2026-07-17T20:18:34.519184+00:00,109,False,39015,75
UCUQKEdJcyunNiHE7J0aJoig,2026-07-17T20:18:34.519184+00:00,791,False,156852,33
UCp1dmXYZMC6LgNiOqUnN_4w,2026-07-17T20:18:34.519184+00:00,2430,False,52838238,90
UC9Tg0Wf5Pyqs1Rm2TA2uTfA,2026-07-17T20:18:34.519184+00:00,32000,False,2154732,134
UCAkJO9PUcuTxu9impjgNWuA,2026-07-17T20:18:34.519184+00:00,2,False,1252,13
UCt6_uKUFzWP7jLJZR9WpEoA,2026-07-17T20:18:34.519184+00:00,694,False,107920,86
UCc1Zs92Xb56Us_XAb2OU7rQ,2026-07-17T20:18:34.519184+00:00,5,False,6,2
UCwaUcCAOyzudilU2vsxtieg,2026-07-17T20:18:34.519184+00:00,16,False,15643,64
UCKHgO2j1mqI5vFxJioRSPMQ,2026-07-17T20:18:34.519184+00:00,33000,False,1829679,617
UCoElcu6NTt-SxyARxAprpmQ,2026-07-17T20:18:34.519184+00:00,336,False,7359,22
UCsyRgC9aY7wm_6BmX9DtM1w,2026-07-17T20:18:34.519184+00:00,76,False,590,18
UCUlCRcQ9scpOnzMfGfDUugA,2026-07-17T20:18:34.519184+00:00,3730,False,226228,40
UC_HxkWZCXAODLKg3ggawmDg,2026-07-17T20:18:34.519184+00:00,9070,False,490696,165
UC-DuVdWFLOQYS93kJdXOR0A,2026-07-17T20:18:34.519184+00:00,145,False,2511,9
UCmTrMV3RUj_n8dO0Ff-wHOQ,2026-07-17T20:18:34.519184+00:00,320000,False,31370929,437
UCWnwsDArGEUHuUBTiv4JnEQ,2026-07-17T20:18:34.519184+00:00,23700,False,2401515,59
UCRGjzu8jJYKy3-5IG3ZV6cA,2026-07-17T20:18:34.519184+00:00,8,False,33,1
UCt1c2_2IHxYppY-vnBem2JA,2026-07-17T20:18:34.519184+00:00,6590,False,236433,207
UC5F9aIQD4W16FyhUDl42zUQ,2026-07-17T20:18:34.519184+00:00,510,False,38202,232
UCqXGW6IGN6fsLCDh4x6D1qw,2026-07-17T20:18:34.519184+00:00,73,False,3390,32
UC6yWjC53qkEzATbC4xczmJw,2026-07-17T20:18:34.519184+00:00,4200,False,251899,54
UC7y523uvfJhftdgPfC6NHPA,2026-07-17T20:18:34.519184+00:00,2470,False,331532,467
UCkXjFNkQdPUGCXGvwqAx7og,2026-07-17T20:18:34.519184+00:00,73,False,2231,138
UCyHeauUetH6yyKhzBD_Iqiw,2026-07-17T20:18:34.519184+00:00,13,False,1002,8
UC_cGGBNE1BYAnZAfdE71KWg,2026-07-17T20:18:34.519184+00:00,1360,False,94534,19
UCJryiZzac7A1AFCTShC4XBA,2026-07-17T20:18:34.519184+00:00,1940,False,28464,21
UCluX2aszbegi4QBNHFQP63A,2026-07-17T20:18:34.519184+00:00,79,False,459,7
UCfCzC_zJomF_Ace4T2wKb6Q,2026-07-17T20:18:34.519184+00:00,273000,False,18784247,637
UCU5c7NAe_j6YcVlkXYLxpmA,2026-07-17T20:18:34.519184+00:00,17400,False,834598,94
UCxEgUOusX-Z7f7zWK_aA79A,2026-07-17T20:18:34.519184+00:00,14700,False,314946,42
UCy2ql63nRG24V2Mn7pxLenw,2026-07-17T20:18:34.519184+00:00,40800,False,3740521,1000
UCcWXp95XWD9efSwF447DXrg,2026-07-17T20:18:34.519184+00:00,1570,False,42478,61
UCYRuRw221bkMM9zHUS5_Y0w,2026-07-17T20:18:34.519184+00:00,312,False,17047,169
UC1ILn3jWWLU0w9cy67SbkPw,2026-07-17T20:18:34.519184+00:00,1740,False,685048,583
UCNdi3r3vkppQh6lFNZg3d-Q,2026-07-17T20:18:34.519184+00:00,782,False,50208,39
UCSObrQoFIQS_-QQOc08_Ssw,2026-07-17T20:18:34.519184+00:00,76,False,1254,19
UC5w6Ug990g-ANPERMC-Y3eA,2026-07-17T20:18:34.519184+00:00,7090,False,158705,88
UCAcPvtBwVq1vqSyPdhqD-UA,2026-07-17T20:18:34.519184+00:00,13200,False,453256,276
UCMug8JAUI3upsBM5sWwYreA,2026-07-17T20:18:34.519184+00:00,42700,False,2290216,259
UC7Q9D6KZJXrwc12395GXVzA,2026-07-17T20:18:34.519184+00:00,549,False,8190,16
UCp6zvc74hxmfInIDehKQ9hA,2026-07-17T20:18:34.519184+00:00,46,False,663,17
UCVJBgDJMJ3wDsSUb4iEHyKg,2026-07-17T20:18:34.519184+00:00,59300,False,3028854,467
UC5ZNkdIVKL-M3KrNaCEzveg,2026-07-17T20:18:34.519184+00:00,76900,False,5454018,565
UCi8MyaVUy0jkE1pmvoxgXWw,2026-07-17T20:18:34.519184+00:00,3580,False,94164,60
UCeLelzi3O-B-HKdfMESnwkQ,2026-07-17T20:18:34.519184+00:00,2430,False,100601,21
UCsrkebjUwVU0pV4gS0RYJGQ,2026-07-17T20:18:34.519184+00:00,1940,False,33320,100
UCXBT25JJF98hQkRL6V2c5dQ,2026-07-17T20:18:34.519184+00:00,2930,False,85624,90
UCCJ89wwdePoKuxJVDNv2o4Q,2026-07-17T20:18:34.519184+00:00,1320,False,21390,12
UCKRJqvAtmN-Wd0t53HHBa2A,2026-07-17T20:18:34.519184+00:00,3830,False,147709,39
UCPZmRk4baYtsuVqwpdHAatw,2026-07-17T20:18:34.519184+00:00,5090,False,1526231,250
UCRGpKZOWMIEjCjMxeH2aN7g,2026-07-17T20:18:34.519184+00:00,113,False,5540,24
UCr6N1fR_Lb9ftvHwqCsadSg,2026-07-17T20:18:34.519184+00:00,5880,False,166962,63
UCk16AZqObhsEu7fUjwroGaA,2026-07-17T20:18:34.519184+00:00,4870,False,574695,901
UCKOwktknl1Nml4md_6xtHWw,2026-07-17T20:18:34.519184+00:00,5390,False,212230,313
UCSt7i0ZW6OGP9kjdWIMvitQ,2026-07-17T20:18:34.519184+00:00,4450,False,19134,16
UClRNtb47OA2TokvvxKsx7JQ,2026-07-17T20:18:34.519184+00:00,1680,False,395684,211
UCU3ecX4WYJwn8QK-ui0tmwA,2026-07-17T20:18:34.519184+00:00,13800,False,457110,23
UCOChhrxHx8lLASkitfBu3-A,2026-07-17T20:18:34.519184+00:00,5870,False,38511616,630
UC0XqZjHP-gdvd66zYTCJfPw,2026-07-17T20:18:34.519184+00:00,12700,False,133117,129
UCelf8BNPSMoNyACywNr-Kpw,2026-07-17T20:18:34.519184+00:00,9240,False,127249,22
UCOFS3qJtjiRq0YY1ibvslYw,2026-07-17T20:18:34.519184+00:00,17,False,263,3
UCnNF2wWnDyhm-yz2CgC5BTA,2026-07-17T20:18:34.519184+00:00,37800,False,14278475,141
UC5lwYwl6l2m4RC-z_ZBHafA,2026-07-17T20:18:34.519184+00:00,633,False,530751,27
UCMNzGVtXq9_Y4oYOYEkd-7Q,2026-07-17T20:18:34.519184+00:00,9850,False,551254,304
UCS2ZjE9iD7LxI67pd6GVKEw,2026-07-17T20:18:34.519184+00:00,103000,False,6909360,995
UCtaw5NwO3T8Do1CobY4uP5A,2026-07-17T20:18:34.519184+00:00,1890,False,449554,227
UCCC3sx1ispa_2wCA3EYBotw,2026-07-17T20:18:34.519184+00:00,1590,False,23373,17
UCSeF9kD4vSmxjsVrRojUjsg,2026-07-17T20:18:34.519184+00:00,341,False,16222,27
UC_wJhm5jkqIBLd8-9fZg0XA,2026-07-17T20:18:34.519184+00:00,6900,False,526621,256
UCsi5-o9gSDEUl2eDi-eJM9g,2026-07-17T20:18:34.519184+00:00,106,False,17301,5
UCl2-7XYoDKAHPBqMPreO19w,2026-07-17T20:18:34.519184+00:00,427,False,12401,33
UCFXQ-ZCsWIr_qOztBYZ906w,2026-07-17T20:18:34.519184+00:00,433,False,235500,51
UCqESOsot-Ppk1def_hDnhsg,2026-07-17T20:18:34.519184+00:00,140,False,10853,19
UC3Kh4e8CHpffrEzt1d1Kspg,2026-07-17T20:18:34.519184+00:00,2180,False,121379,81
UCGmE1COCLwZdQcLNnc2Qp5A,2026-07-17T20:18:34.519184+00:00,640,False,3654,29
UCOYVlEvf-f9e4UCdVojIVUQ,2026-07-17T20:18:34.519184+00:00,18,False,438,3
UCN3JGHUdqHPEOXEY9S6kSfA,2026-07-17T20:18:34.519184+00:00,242,False,6568,23
UCNX0CIE5m_9vxWksVD7asvQ,2026-07-17T20:18:34.519184+00:00,21400,False,1105667,87
UCQIzORcHAhShkUZzIxaV6DQ,2026-07-17T20:18:34.519184+00:00,21,False,605,33
UCQqJTyiqe4C5x94ERghMpBA,2026-07-17T20:18:34.519184+00:00,2,False,1828,5
UC6SZGBCG1i5v10CF3OeafLg,2026-07-17T20:18:34.519184+00:00,32,False,2718,8
UCzU3FXmtrch045NDiIHicaA,2026-07-17T20:18:34.519184+00:00,1570,False,69016,180
UC5buOuCitUpuGPFZKJOeAGw,2026-07-17T20:18:34.519184+00:00,179,False,3119,14
UCwwQRIgp0G6CmZdKQJBlg9A,2026-07-17T20:18:34.519184+00:00,195,False,1459,19
UCw3u8KEMN_0O29g8pOhWceA,2026-07-17T20:18:34.519184+00:00,23,False,788,2
UC_rH4CoL1FNn58WQVg_Y7mA,2026-07-17T20:18:34.519184+00:00,69,False,2991,76
UCZ29uda1Tweo5ENSXJppPAw,2026-07-17T20:18:34.519184+00:00,1910,False,6056,10
UCRSl-U2W-qUulwFPVvndhwA,2026-07-17T20:18:34.519184+00:00,247,False,5512,15
UC7Mjxanti9szzP2pHVzRsqw,2026-07-17T20:18:34.519184+00:00,32,False,22,1
UCR6RSgJxqSju02lm9K-KWmg,2026-07-17T20:18:34.519184+00:00,53,False,944,5
UCuXFwveVodjeJ66lTMrxHkw,2026-07-17T20:18:34.519184+00:00,13,False,170,6
UCDiHT5PUxgVKhJho0KHCPSg,2026-07-17T20:18:34.519184+00:00,45,False,0,0
UC9bdPAkmKvSdWy_L2kGr_hQ,2026-07-17T20:18:34.519184+00:00,315,False,4614,19
UCAKaim711VP13ACUihQF05A,2026-07-17T20:18:34.519184+00:00,41,False,1465,7
UCMaKyH6yopChpZBCvwjYc2Q,2026-07-17T20:18:34.519184+00:00,217,False,7947,18
UCoTwhjWx2AoxTBLLqRbXG5w,2026-07-17T20:18:34.519184+00:00,2140,False,93489,54
UC2RgFroDzxQwKLKV5pH1dMQ,2026-07-17T20:18:34.519184+00:00,105,False,194,2
UCtQ_3GnVAFgU49_wyZg6qow,2026-07-17T20:18:34.519184+00:00,208,False,851,12
UC9D2wB19IK3kHrDCK1B7w4w,2026-07-17T20:18:34.519184+00:00,21,False,114,1
UCKn8mSyZt_qwXK1Kzr6hA9w,2026-07-17T20:18:34.519184+00:00,2690,False,541114,49
UCszOGG2jqk4RGQoMOtD8EHg,2026-07-17T20:18:34.519184+00:00,3650,False,126491,80
UCV2fznLRnZqbta_8npkLB4w,2026-07-17T20:18:34.519184+00:00,1230,False,388358,29
UCqc7EnKqdU5kBd1StGpOvmQ,2026-07-17T20:18:34.519184+00:00,20,False,2668,2
UCqKTOnUJB4FWuf63HiFLbbw,2026-07-17T20:18:34.519184+00:00,15,False,137,4
UC8gSVAEKGlZigj1xK-33TNw,2026-07-17T20:18:34.519184+00:00,93,False,1193,2
UCT4afSpF7vaC-RwCJdcGHCg,2026-07-17T20:18:34.519184+00:00,15,False,1686,3
UCMHjslR-_UU22z9TmV6Q2HA,2026-07-17T20:18:34.519184+00:00,13200,False,730955,62
UCT1onHH7JVkJvr4BYa3gJmg,2026-07-17T20:18:34.519184+00:00,5,False,610,3
UCZ0GXjs6fKPmpUUn-DfnkOw,2026-07-17T20:18:34.519184+00:00,4,False,10,2
UCPsg1Ij4M9AbqU1G77WFLSg,2026-07-17T20:18:34.519184+00:00,205,False,12264,46
UCHtTguUXuXNqadJm-iVG9rw,2026-07-17T20:18:34.519184+00:00,1,False,52,3
UCl4Y73ZM9g5mP5W489jHp3w,2026-07-17T20:18:34.519184+00:00,554000,False,49315838,775
UCls_uDOm2aY8LP8tP1Z4BOQ,2026-07-17T20:18:34.519184+00:00,45600,False,4039250,246
UCYnCzGtmgWT8YajRWBb-fAA,2026-07-17T20:18:34.519184+00:00,7,False,322,2
UCy_y6nMp8Hjyl5HnnuErGuw,2026-07-17T20:18:34.519184+00:00,25500,False,2247336,206
UCp0DdAwRrauIUwUU0hwZMww,2026-07-17T20:18:34.519184+00:00,24,False,2317,7
UCIQ9OZNLnAZTySLZgUxbcQQ,2026-07-17T20:18:34.519184+00:00,693,False,53727,73
UCrIyEj0Xv5j6uSjrvWLnqkw,2026-07-17T20:18:34.519184+00:00,781,False,90513,3
UCgCScS0g93SSr9UmHLXquSQ,2026-07-17T20:18:34.519184+00:00,894,False,5963120,103
UCbMYIzdPgO1WTRA-lZSA5Eg,2026-07-17T20:18:34.519184+00:00,33,False,12805,21
UC2ZX-A6Js8RbeS6uds_RJZw,2026-07-17T20:18:34.519184+00:00,1800,False,14067,45
UC91DBjbGDIfxhi-R0rWQkaQ,2026-07-17T20:18:34.519184+00:00,38700,False,3327538,208
UCVPeicyAm-j34cXOa6OGI9g,2026-07-17T20:18:34.519184+00:00,6,False,72,1
UCH6Cm_2-yEJ_a-PE7JBMDuw,2026-07-17T20:18:34.519184+00:00,84,False,13033,2
UCphiPgK1ctc1QozYfL_BSiQ,2026-07-17T20:18:34.519184+00:00,453,False,43379,11
UC_YEDp_hEdqGHD6cYAHX0KA,2026-07-17T20:18:34.519184+00:00,401000,False,18352326,969
UCt8tjeE8K49R8A-cWmF8z9A,2026-07-17T20:18:34.519184+00:00,9,False,629,5
UCLoI9kreQ9j_TCZx55wmtIw,2026-07-17T20:18:34.519184+00:00,207,False,11843,80
UCgYwpK41WuOyc5K4ysDO7UA,2026-07-17T20:18:34.519184+00:00,445,False,12727,22
UC3M6OzfWtr6tXJ9UDmytWBg,2026-07-17T20:18:34.519184+00:00,5,False,513,2
UCqXCiD5kpbHq8U6r1xfrFnQ,2026-07-17T20:18:34.519184+00:00,33,False,693,11
UCXfKY4J6eRCh8iPUwQ95HmQ,2026-07-17T20:18:34.519184+00:00,360,False,44063,41
UCxgT-PRraH7gJjw9kpY5Rmg,2026-07-17T20:18:34.519184+00:00,464,False,125568,56
UCEIh3ZxB3nAw6L_HbEBny0Q,2026-07-17T20:18:34.519184+00:00,303,False,189540,136
UCupaJUZBUCNncGckZDGSoQw,2026-07-17T20:18:34.519184+00:00,12,False,1376,7
UC8j_8kc0GTdl52VtneEELtg,2026-07-17T20:18:34.519184+00:00,822,False,57857,337
UC8MDcSxi00w_R5mr78N_Qnw,2026-07-17T20:18:34.519184+00:00,1220,False,25430,150
UCnMFUg-Toi1mIknvElW9mUQ,2026-07-17T20:18:34.519184+00:00,1370,False,88647,141
UCAJe39mKx2LACmYIjpUs6XQ,2026-07-17T20:18:34.519184+00:00,7030,False,444115,264
UCa2DhOS0yohLWWdDL1SjtOg,2026-07-17T20:18:34.519184+00:00,13,False,684,4
UCXTMoIwt2CDXXcC3sh4QQcQ,2026-07-17T20:18:34.519184+00:00,0,False,27,2
UCSNTusy_RmBUbTV2aV4ju_w,2026-07-17T20:18:34.519184+00:00,222,False,10189,47
UC_tAL8RywbOgTK1Fbwe633g,2026-07-17T20:18:34.519184+00:00,167,False,5871,48
UC7dh3kXuvONBFPWzs9BCEYQ,2026-07-17T20:18:34.519184+00:00,567,False,11692,70
UCJWipdY23VhNmMywN9NvzGA,2026-07-17T20:18:34.519184+00:00,100,False,5089,40
UCGwNjr4N0uUvqD8MopqsfyA,2026-07-17T20:18:34.519184+00:00,2280,False,30538,74
UCoWjlh2GnpjnppUAzVD_EyA,2026-07-17T20:18:34.519184+00:00,219,False,1461,2
UCpy58w5V4hoDd05mhlpLiRw,2026-07-17T20:18:34.519184+00:00,697,False,4970,20
UCOY1BTAuzZDJHggLNyKUnZQ,2026-07-17T20:18:34.519184+00:00,11,False,253,3
UClKd124-zPV5juJ9fymmRhg,2026-07-17T20:18:34.519184+00:00,632,False,9675,42
UCuORYsduEWY6XGerTtlQJ0Q,2026-07-17T20:18:34.519184+00:00,22,False,938,16
UCQo8ufIJEkgyytpqVWRJ_dw,2026-07-17T20:18:34.519184+00:00,1720,False,51427,56
UCM1XR4yUmryIdI5um99YlKw,2026-07-17T20:18:34.519184+00:00,466,False,27285,117
UCa-3XHyBJlOdKPSc52FSzpg,2026-07-17T20:18:34.519184+00:00,98,False,5439,2
UC2-iKoeLd-v-vAcxbNE4zcg,2026-07-17T20:18:34.519184+00:00,2680,False,201094,508
UCrn-Mja5YBvZzCUhGewsEyQ,2026-07-17T20:18:34.519184+00:00,36,False,561,7
UCNy0uzQw5DbObdXsQ_N20wA,2026-07-17T20:18:34.519184+00:00,57,False,1817,15
UC7_6YvDWxB0nCQKcuA7_HaQ,2026-07-17T20:18:34.519184+00:00,235,False,15553,49
UCEFYhzFnvSFKIN-jDiYGhnw,2026-07-17T20:18:34.519184+00:00,4450,False,87061,90
UCJat4zcnqLpGf45U0yrxM6g,2026-07-17T20:18:34.519184+00:00,3,False,109,3
UChlup18XcBlFNvRe98MBFLg,2026-07-17T20:18:34.519184+00:00,230,False,7982,13
UCGDUKdvO4Oyx96FSVOLPn2w,2026-07-17T20:18:34.519184+00:00,715,False,61658,336
UCKA7SQOUkD1_z5lr016Q70w,2026-07-18T00:30:25.040659+00:00,10900000,False,5118322397,755
UCRDDfbYPHX_GUJ4lcQYTc8A,2026-07-18T00:30:25.040659+00:00,6550000,False,6081864555,33954
UCJA-NQ4MtcRIog66wziD8fA,2026-07-18T00:30:25.040659+00:00,5740000,False,1614844778,4082
UCaIc6SgS90ud_RgMSC6hW_w,2026-07-18T00:30:25.040659+00:00,5300000,False,4377106646,12023
UCOtYyt7W5PmPnwQjWWF_Z-Q,2026-07-18T00:30:25.040659+00:00,5290000,False,4144619150,57691
UCn0XmAUFv6d2tofMFEesSNw,2026-07-18T00:30:25.040659+00:00,4200000,False,3444705354,22538
UCrHB06pIp3WAlyBo30OAdvg,2026-07-18T00:30:25.040659+00:00,4190000,False,145382378,1958
UCh9qXeL8eP3Txra2908xksg,2026-07-18T00:30:25.040659+00:00,4050000,False,883992229,1572
UCGkzF25IZBE1SF9ykM64xEA,2026-07-18T00:30:25.040659+00:00,3890000,False,629758570,119
UCCK3OZi788Ok44K97WAhLKQ,2026-07-18T00:30:25.040659+00:00,3870000,False,2587749001,180979
UCckltLEhFLv8Xz_lQhYfwmg,2026-07-18T00:30:25.040659+00:00,3760000,False,2722344650,163923
UC4UaWbUUwVvCxWNqhb4f16Q,2026-07-18T00:30:25.040659+00:00,3330000,False,628551076,2778
UCQTcNhAZidy1i9wwmdgf2Lw,2026-07-18T00:30:25.040659+00:00,3240000,False,2493241455,37455
UCgnFSj7jQffD5V5m05j4dPw,2026-07-18T00:30:25.040659+00:00,3150000,False,1794920620,328074
UCRtAu8OVYVfuNZmTV-Ug0zA,2026-07-18T00:30:25.040659+00:00,2930000,False,246692518,543
UCuc40qp1ZKB_ZbDw9iml8Kg,2026-07-18T00:30:25.040659+00:00,2890000,False,1627995775,727
UCDm4BW0Q5d-zASSuRyvPGXw,2026-07-18T00:30:25.040659+00:00,2780000,False,387646573,2084
UCVd1jcy6wKFzfQ5E-Txtg-w,2026-07-18T00:30:25.040659+00:00,2440000,False,509691019,1165
UCmqflTSJ6911aCrnaWIXxsA,2026-07-18T00:30:25.040659+00:00,2370000,False,777914430,3752
UC6lDrxy3lS4LNRuuBtryqpQ,2026-07-18T00:30:25.040659+00:00,2250000,False,405927420,871
UCYFn7BOOlmL21iNJ6q5IDfg,2026-07-18T00:30:25.040659+00:00,2180000,False,729510372,398
UCOLdaAcrdzYY3ug15EuuFAg,2026-07-18T00:30:25.040659+00:00,2160000,False,848332661,104
UCMQYRNX1Fg-HJ8Ey7Z3WPrA,2026-07-18T00:30:25.040659+00:00,2130000,False,282687516,93
UCaK7Q39swdiSrp1TBgOi7QQ,2026-07-18T00:30:25.040659+00:00,2070000,False,335715993,4376
UCJsN1Mmx4GRA6sCYdfKqpSQ,2026-07-18T00:30:25.040659+00:00,1950000,False,214049793,184
UCc8W1zUTmtNqXIhOHxPIAuw,2026-07-18T00:30:25.040659+00:00,1930000,False,2038745,155
UC8irIP66QzlZNVgqe4vwN9g,2026-07-18T00:30:25.040659+00:00,1910000,False,1697907889,445
UC3C6rQHX8pkjSyOm-620k3w,2026-07-18T00:30:25.040659+00:00,1860000,False,26562730,408
UCGjZJ0TN1PlJIEwJXKNlm6w,2026-07-18T00:30:25.040659+00:00,1850000,False,191198359,1104
UCa5uVqVCpNGdqkZ4FXjpwig,2026-07-18T00:30:25.040659+00:00,1790000,False,7756644,19
UC9SnUR9ewkPk9h45L0uY6SQ,2026-07-18T00:30:25.040659+00:00,1770000,False,936912308,421
UCwKYO2L9xzLtWhSv4ncYCIA,2026-07-18T00:30:25.040659+00:00,1750000,False,170454954,678
UCtTgIrVyMl405cDQEO55AEg,2026-07-18T00:30:25.040659+00:00,1720000,False,451726393,505
UCs_mHlm5_C82W5WCIJaSMbQ,2026-07-18T00:30:25.040659+00:00,1710000,False,265800628,5637
UCJbxRq_IlWyzvB9KK0Mrs8A,2026-07-18T00:30:25.040659+00:00,1670000,False,296059446,166
UCU57IJhYK4v_XCOo4khbBxA,2026-07-18T00:30:25.040659+00:00,1670000,False,279859196,572
UCVwbUjoiTUXxeVjsxW9Kwng,2026-07-18T00:30:25.040659+00:00,1670000,False,491037198,596
UCT83ymyAGm7Gnk_4ifxjxIA,2026-07-18T00:30:25.040659+00:00,1650000,False,471127086,25673
UCcpvzu2fNDZyKkQ6tETbHLw,2026-07-18T00:30:25.040659+00:00,1620000,False,454791306,622
UCEa6e_J_Xs_GKCzG8Eq15Xw,2026-07-18T00:30:25.040659+00:00,1580000,False,563622211,145
UCc30sTBdN9LRSxEuHaXV_bQ,2026-07-18T00:30:25.040659+00:00,1560000,False,651787033,47279
UCw6-MbidLyoWQlvb9FFz5xQ,2026-07-18T00:30:25.040659+00:00,1560000,False,1249798952,236
UCkuoWSLw-SNu8dvVCU0MjMQ,2026-07-18T00:30:25.040659+00:00,1510000,False,246577637,207
UCfYQW_0xEVwKfePgWRxTYhg,2026-07-18T00:30:25.040659+00:00,1480000,False,391182440,462
UC2sO_F_Ky4LIAUtSJYXqBDA,2026-07-18T00:30:25.040659+00:00,1470000,False,756178956,14881
UCEUSUxrhCt4n0Pp9WB7q7-w,2026-07-18T00:30:25.040659+00:00,1460000,False,91654806,1882
UC95VofaZiQPFwRMaqPhLc0w,2026-07-18T00:30:25.040659+00:00,1450000,False,500670019,927
UCqShCHSDvCBKDN_GAsnLJmQ,2026-07-18T00:30:25.040659+00:00,1440000,False,132647318,1002
UCYf829WTg8Cpx_a-cPtgSQQ,2026-07-18T00:30:25.040659+00:00,1380000,False,1289248828,2275
UCJPorwyXP29nZW95Gh-nrsw,2026-07-18T00:30:25.040659+00:00,1360000,False,248058303,100
UCu3jIK2NBSXc0_YaFqEuIrg,2026-07-18T00:30:25.040659+00:00,1330000,False,244090674,1092
UCNFDDKoTezuSWbIjjHA76xQ,2026-07-18T00:30:25.040659+00:00,1320000,False,751459801,1340
UC2gpLSHUrXCbWiaBwstZsjg,2026-07-18T00:30:25.040659+00:00,1280000,False,166941473,918
UCnPp3f0r4BywxwgAJqaH6QQ,2026-07-18T00:30:25.040659+00:00,1250000,False,1101179202,5568
UCe13xXtdfx_n0_z1qeXV6_g,2026-07-18T00:30:25.040659+00:00,1250000,False,663600150,3935
UCsiJNM6kab7pDU6OnsskjAg,2026-07-18T00:30:25.040659+00:00,1230000,False,68521792,299
UCGN3TM5lZQ1DAvMwI1LIc8Q,2026-07-18T00:30:25.040659+00:00,1230000,False,124676212,1382
UCrVkiG6Tt5y-yNjFOOGdb3Q,2026-07-18T00:30:25.040659+00:00,1230000,False,222547822,808
UCZWbuCJ-SV3QpxRvgEXGByQ,2026-07-18T00:30:25.040659+00:00,1230000,False,569085860,307
UCU5WmQA3Ur1Yriw5pMqoBNQ,2026-07-18T00:30:25.040659+00:00,1230000,False,92720740,256
UCEuz_HGv5er0LZsztjO4g5Q,2026-07-18T00:30:25.040659+00:00,1210000,False,1315,110
UCu_V8lfzyGspxP-LNFowW9w,2026-07-18T00:30:25.040659+00:00,1200000,False,557518845,768
UCu7cGbQEMgGk8TD0ZYucM5g,2026-07-18T00:30:25.040659+00:00,1190000,False,214872822,6437
UCtZO2c3i1PrtwyeaxaIYHKA,2026-07-18T00:30:25.040659+00:00,1180000,False,799506703,842
UCvsksEXBnVKBj0QiQ6cnTdw,2026-07-18T00:30:25.040659+00:00,1180000,False,1197479925,314
UC0RX5hQE6UpHTjfub4NZSPg,2026-07-18T00:30:25.040659+00:00,1180000,False,236487239,1193
UCHwfjlJXhLKCNsuw2VXr6ig,2026-07-18T00:30:25.040659+00:00,1170000,False,61986931,314
UC7OJJA9sk3SCcatYvhC1_cg,2026-07-18T00:30:25.040659+00:00,1160000,False,248257518,277
UCGB1U55Jf7bp7knbUhCCTMA,2026-07-18T00:30:25.040659+00:00,1160000,False,506751120,67664
UCbkMFGQ_RWIf0OiYeOpf6Ng,2026-07-18T00:30:25.040659+00:00,1160000,False,31241870,294
UCNbM4dl9kN5KDpmDdAW6zOg,2026-07-18T00:30:25.040659+00:00,1150000,False,185305694,1102
UCTcATaNqlaCF4zkZp29BJRQ,2026-07-18T00:30:25.040659+00:00,1150000,False,155562735,134
UC9sglGVfDEqPRb-AJgE4r1g,2026-07-18T00:30:25.040659+00:00,1150000,False,250173657,3784
UCAH7R88V7gz7RqJv78nNOzg,2026-07-18T00:30:25.040659+00:00,1130000,False,349461763,11595
UCjjl50eFDiwDAWeGLvQqMiA,2026-07-18T00:30:25.040659+00:00,1130000,False,63059815,223
UCbLcppYDPaXh-SLaYadLJ2g,2026-07-18T00:30:25.040659+00:00,1130000,False,286234444,819
UCOB66xjgJe-D8jq7579BOwA,2026-07-18T00:30:25.040659+00:00,1120000,False,401046754,506
UCVz1bXiY1pz6Fz_Osm0YYBA,2026-07-18T00:30:25.040659+00:00,1120000,False,231069100,1699
UC6MkngMDyobFNaXOZR0ukyQ,2026-07-18T00:30:25.040659+00:00,1120000,False,1155542551,2861
UCoQOQFHBsBAhobpI8NradTA,2026-07-18T00:30:25.040659+00:00,1110000,False,38915606,561
UCGwSu8n08wtb7RVacaPs9Tw,2026-07-18T00:30:25.040659+00:00,1100000,False,693128879,1632
UC_dr25YJaGIFQtA8D0RTjOQ,2026-07-18T00:30:25.040659+00:00,1090000,False,307006671,976
UCVpjudnF83VEmqVBLNG1rbg,2026-07-18T00:30:25.040659+00:00,1040000,False,81690440,499
UCfdBd-9WWZUv1h7d80Omy8g,2026-07-18T00:30:25.040659+00:00,1040000,False,177104647,829
UCdvzidU6j1UdUBhaEw-LLuQ,2026-07-18T00:30:25.040659+00:00,1040000,False,157044719,2779
UCvoMClO68wGoV5Fvu0KRiqA,2026-07-18T00:30:25.040659+00:00,1030000,False,167797790,1909
UCcbOsE5_4LEjtQi8X2PFxDw,2026-07-18T00:30:25.040659+00:00,1030000,False,356312906,12655
UC0RxmX79uHOBvSKKYAQ7Axg,2026-07-18T00:30:25.040659+00:00,1000000,False,233717551,684
UCwrJnrHM2qRjjiSVk1nlx4Q,2026-07-18T00:30:25.040659+00:00,1010000,False,335588235,902
UCKEKf35apTUvSLs-c1DCekw,2026-07-18T00:30:25.040659+00:00,998000,False,45001072,1203
UCBW2dlXYPIVLwuNQw9aVu-A,2026-07-18T00:30:25.040659+00:00,996000,False,86143830,1076
UCFV00xQSCQSKvWRXgearMzg,2026-07-18T00:30:25.040659+00:00,993000,False,102185175,1232
UC9Slp55-nJIx-q1g_TJEY3Q,2026-07-18T00:30:25.040659+00:00,993000,False,531424428,571
UCdJppX3uAMFMvCTuE9qCowg,2026-07-18T00:30:25.040659+00:00,990000,False,137352425,500
UCppSNX9SEvI6TM1U0GLGQyA,2026-07-18T00:30:25.040659+00:00,977000,False,126539667,1426
UCYM-FoL4inC91SfFcoUpWJQ,2026-07-18T00:30:25.040659+00:00,976000,False,35756322,460
UCp1NZ1G3fkJCgh6eNZ7MG6w,2026-07-18T00:30:25.040659+00:00,934000,False,182698886,84
UCF3FOALs3bDzcdfW0xdYbSA,2026-07-18T00:30:25.040659+00:00,931000,False,119065046,80
UCIoyIVPZEfC2p0dQwAxGiEw,2026-07-18T00:30:25.040659+00:00,926000,False,706202225,1560
UC0CXMeU0432EMgBnlBaY_yA,2026-07-18T00:30:25.040659+00:00,924000,False,115822221,3276
UCQdaCUDjn23rXsgQN6oNjuQ,2026-07-18T00:30:25.040659+00:00,167,False,70613,23
UCmbvStroxG2ia5GDytTr0xA,2026-07-18T00:30:25.040659+00:00,20800,False,2070796,41
UC5R7F4Mw_ZV1c4tYe4UKLIg,2026-07-18T00:30:25.040659+00:00,309000,False,77925017,1502
UCTfmp7vG6zJ5W5k2eDOIwcQ,2026-07-18T00:30:25.040659+00:00,401,False,11632,7
UCwG57eRV0mV1ZYQW7Bzw5FA,2026-07-18T00:30:25.040659+00:00,178,False,2615,5
UCW2UaF1nbMbh6Q1FBqc7vng,2026-07-18T00:30:25.040659+00:00,191,False,3587,11
UC6B3Qvye0VmLOXRPusbGF1w,2026-07-18T00:30:25.040659+00:00,2660,False,906521,54
UCrMLkeUAmsKum1a1cedRCFw,2026-07-18T00:30:25.040659+00:00,31,False,6775,2
UC6b5W9oT4CKgeI3jdDwtlZg,2026-07-18T00:30:25.040659+00:00,3760,False,0,0
UCKjCD_fRV6RfcKv8I9dYA2A,2026-07-18T00:30:25.040659+00:00,804,False,79680,17
UCu_e3pCYZDP-TNlEDmWx6bg,2026-07-18T00:30:25.040659+00:00,22,False,1420,6
UChAN3A6E4AsDR0CsgeAZbYA,2026-07-18T00:30:25.040659+00:00,8,False,1941,6
UCNhJPVwWql6hHk5VMuuLLFQ,2026-07-18T00:30:25.040659+00:00,3,False,50,1
UCnNHFsGC9SdQskFNpCRY8DQ,2026-07-18T00:30:25.040659+00:00,4,False,171,1
UCgUTjskRXI38KbDqwsuXZMA,2026-07-18T00:30:25.040659+00:00,35,False,1493,3
UCY8-WqzL7Mo6WHYyn2IHCUQ,2026-07-18T00:30:25.040659+00:00,23100,False,1718237,69
UC9BCwsmcSwv7G27OuEXRw5g,2026-07-18T00:30:25.040659+00:00,409,False,8229,10
UC7I4zfD2OOPZeY0cR7036DA,2026-07-18T00:30:25.040659+00:00,5380,False,210025,57
UCYJCP45-3I0UeASIHPLsFpA,2026-07-18T00:30:25.040659+00:00,1840,False,357776,15
UC-0Mao449ypwT0j6O4Dq1kA,2026-07-18T00:30:25.040659+00:00,180000,False,2728692,67
UCmnI3z49QvFzLWpNwIgeuBA,2026-07-18T00:30:25.040659+00:00,24100,False,1903889,20
UCdzuoILCS3EvHfFB5K89X_Q,2026-07-18T00:30:25.040659+00:00,334,False,11540,8
UCjqiaXPD0-qpI_NmP6oQDHQ,2026-07-18T00:30:25.040659+00:00,14900,False,1518846,82
UCIFATZpxaqJgockV5AypucA,2026-07-18T00:30:25.040659+00:00,4000,False,491948,270
UCsac4rjgoKC4na1GS1bgS8A,2026-07-18T00:30:25.040659+00:00,315,False,30434,11
UCdyQzIFaYWsep5HLb8fNmOw,2026-07-18T00:30:25.040659+00:00,33,False,2713,8
UC0PN_0AjGZ7Rfk_9zlzKW_A,2026-07-18T00:30:25.040659+00:00,60,False,15677,18
UC7zKtnoBMYSDfOGJ0bCbFeg,2026-07-18T00:30:25.040659+00:00,24,False,8829,15
UCrPfqXI9IoCchcaZz9rY50A,2026-07-18T00:30:25.040659+00:00,99700,False,7492127,129
UCl0Hu9Z8GEZeSNzyP-LCm6A,2026-07-18T00:30:25.040659+00:00,9,False,1971,3
UCKQw2OwROuqrhOuiqSttu6g,2026-07-18T00:30:25.040659+00:00,9010,False,994096,2420
UC2uomGog6kAIluGXp-OnAcw,2026-07-18T00:30:25.040659+00:00,26000,False,453855,18
UC0g2qh1vK_S8ItR6ZSMGlCw,2026-07-18T00:30:25.040659+00:00,138000,False,31067963,144
UCVOZ_y2K3fnUOmuMtnxLk1Q,2026-07-18T00:30:25.040659+00:00,285000,False,64096303,731
UClWdV81I0BoL-GlmPf942Nw,2026-07-18T00:30:25.040659+00:00,209000,False,39044501,251
UCgy3gF6d083mEGUKw5Vjq1Q,2026-07-18T00:30:25.040659+00:00,90400,False,34711916,574
UCV5IOYBamwHotBtYVxBdd1Q,2026-07-18T00:30:25.040659+00:00,71,False,1094,5
UCf2jZoOW2OYB66SQ29OH_Ug,2026-07-18T00:30:25.040659+00:00,296,False,8984,22
UCoYMp_Y0XIfgDMoefUzVFew,2026-07-18T00:30:25.040659+00:00,3,False,37,1
UC0BcYitJuDWf3FOhzGSPKqw,2026-07-18T00:30:25.040659+00:00,38100,False,7140764,31
UCGE-_K4q2RnhuhCqyMWRohQ,2026-07-18T00:30:25.040659+00:00,136,False,3321,54
UCxood6HxMjFCIoHa2dRI1Cg,2026-07-18T00:30:25.040659+00:00,1130,False,257290,15
UCMz4bq9hsPRttGoW1c-amjw,2026-07-18T00:30:25.040659+00:00,8980,False,598469,59
UCUR4bBSPunEgqJ_LXlhPy5g,2026-07-18T00:30:25.040659+00:00,7600,False,216677,67
UCrputd-TfRFkuYCFp3noAFA,2026-07-18T00:30:25.040659+00:00,10500,False,712879,15
UC2PXUxzmQE8jNanGxwndSjw,2026-07-18T00:30:25.040659+00:00,142000,False,10716354,347
UCFdCT7ZJCc9ax1yAqDCQPaA,2026-07-18T00:30:25.040659+00:00,9530,False,409773,108
UCpuVqKQHN72bp67rb7HSUNg,2026-07-18T00:30:25.040659+00:00,9,False,46,1
UCb4I3a5sSdVyXdBwQPG3sTw,2026-07-18T00:30:25.040659+00:00,48300,False,3979034,263
UCKMhiMmqyu2uAl8T3LZiEjQ,2026-07-18T00:30:25.040659+00:00,5530,False,523684,35
UC71SYqwZvY_kXqVA30F-awg,2026-07-18T00:30:25.040659+00:00,102000,False,9521513,158
UClBC9kT7SSFliwTgLQ7Ms4g,2026-07-18T00:30:25.040659+00:00,337000,False,29786571,357
UCmrLu4r89ykOzmtmbAeEklA,2026-07-18T00:30:25.040659+00:00,9410,False,7883725,3819
UCl7bA1c-PseZaAQjNyrFkAA,2026-07-18T00:30:25.040659+00:00,12800,False,918426,43
UCp8jFPHjTrBU_WOGyhXiUXg,2026-07-18T00:30:25.040659+00:00,0,False,102,28
UCIPnCyTWcKHe-C-_mtG0GmA,2026-07-18T00:30:25.040659+00:00,392000,False,33997212,459
UC3oMopXIfvenPQSVfaGifnw,2026-07-18T00:30:25.040659+00:00,20200,False,1190927,102
UCH_Ie8olOLHLJPOS1vaVoOA,2026-07-18T00:30:25.040659+00:00,182,False,75809,25
UCR3KzWW0CU4nWY41_QBfAkQ,2026-07-18T00:30:25.040659+00:00,3160,False,428415,20
UCEWKJTdB9-3gWXbfO8M5y9w,2026-07-18T00:30:25.040659+00:00,824,False,71998,37
UCJEnfxBpv0TwLx_mAf9NXHg,2026-07-18T00:30:25.040659+00:00,2710,False,3107124,67
UCUBN8f1H_gd7aulxB-Ik4tA,2026-07-18T00:30:25.040659+00:00,37700,False,10715240,649
UC-dHEjWS4CibzGtijQC6cOg,2026-07-18T00:30:25.040659+00:00,59,False,4553,33
UCko-rtA7XExCrvdlPTVpBuA,2026-07-18T00:30:25.040659+00:00,61,False,32209,27
UCVWqZXv-sjeFu5jKbQ1cA-Q,2026-07-18T00:30:25.040659+00:00,1180,False,17246,31
UCGnnbsbqbCc7KxSIAbC_d2A,2026-07-18T00:30:25.040659+00:00,32200,False,2400193,414
UCQsNlLN15ybNA4kdtwe-OBA,2026-07-18T00:30:25.040659+00:00,25800,False,2505782,179
UCT_mEOG3Y-gemGUMglejpug,2026-07-18T00:30:25.040659+00:00,4230,False,561637,39
UC5mNdm6_f2fv50Hzsg7qW1g,2026-07-18T00:30:25.040659+00:00,5160,False,1546175,586
UCjFSAzgoCbyyRV1gOxj5jFQ,2026-07-18T00:30:25.040659+00:00,7490,False,639537,96
UCS6wii1nENlRXQpu_1mp5CA,2026-07-18T00:30:25.040659+00:00,174000,False,25695357,719
UCnUro1VEvpuIkbqoM9M8L4A,2026-07-18T00:30:25.040659+00:00,2680,False,230419,30
UC7AxZ0tx8pwt2oQ9hWOP1oQ,2026-07-18T00:30:25.040659+00:00,67,False,24664,87
UCG3AQ93iPpdDeo7Wx_OcgwA,2026-07-18T00:30:25.040659+00:00,85,False,14346,16
UCmQ5zlAPO88XZPWUiEJOn0g,2026-07-18T00:30:25.040659+00:00,106,False,16332,10
UCWUR0yiAHj7MdcJwZrF2lpw,2026-07-18T00:30:25.040659+00:00,1,False,32,5
UCVDZMMJxLQhN-pwv1MOIAaQ,2026-07-18T00:30:25.040659+00:00,12300,False,585895,8
UCQga5Hpkev0t-LW7F56C8mQ,2026-07-18T00:30:25.040659+00:00,756,False,45168,63
UCPfU0uygBGutjaaJU5PpEvg,2026-07-18T00:30:25.040659+00:00,10300,False,5325132,353
UCGe9vzavXCSu7GBIgoPebeQ,2026-07-18T00:30:25.040659+00:00,365000,False,33014924,242
UCpIq1UzT1Gc82vsSxFBZsEw,2026-07-18T00:30:25.040659+00:00,60200,False,11801838,104
UC-DEHYgvcA5bBD3cWo_vSuA,2026-07-18T00:30:25.040659+00:00,599,False,68660,57
UCYHgjr-ghKubcYSgTCVHk8A,2026-07-18T00:30:25.040659+00:00,0,False,6,1
UCd0KBZYeiONMV6ogZQI2z2A,2026-07-18T00:30:25.040659+00:00,1920,False,66032,20
UCTi36zetYBtNR4MW2zSmPjQ,2026-07-18T00:30:25.040659+00:00,365000,False,36559390,396
UCRqtN8wk9rFMujQTAYu8eAg,2026-07-18T00:30:25.040659+00:00,88,False,5807,13
UCiOEgWwAKbfrVb795hqQc9A,2026-07-18T00:30:25.040659+00:00,377000,False,45098276,189
UC4dKy-gRylhUE3SEkW_e11g,2026-07-18T00:30:25.040659+00:00,111000,False,45342420,3709
UCegqG9T-A_SJKIC8oihTHhg,2026-07-18T00:30:25.040659+00:00,194,False,22422,18
UCjzTnRl0ujdKwTh7KHxYCKg,2026-07-18T00:30:25.040659+00:00,712000,False,176617791,800
UCSRcG8jFyWZNmXR1J5YRylg,2026-07-18T00:30:25.040659+00:00,20,False,882,8
UCJlqZbsrcEi3ZNknVGTY_9w,2026-07-18T00:30:25.040659+00:00,66,False,4721,10
UCcJpqRpi5w9OV11xtYgUSUQ,2026-07-18T00:30:25.040659+00:00,121000,False,16649401,840
UCQNgAoq_8JvzI5buAqhgL_A,2026-07-18T00:30:25.040659+00:00,1350,False,148842,155
UC3S32URqLCYK2_AW5lbiiMw,2026-07-18T00:30:25.040659+00:00,72100,False,27169987,71
UCIuZDfuUZsVSb8vIXynez3Q,2026-07-18T00:30:25.040659+00:00,511,False,6933,7
UCiunIA3NykAFQWxoBXFXEOg,2026-07-18T00:30:25.040659+00:00,1670,False,144295,27
UCgnFbY7CoU8sr0ftq8FLbVg,2026-07-18T00:30:25.040659+00:00,1690,False,397468,14
UCKTTWcQAAYCDChIFyc3r4aQ,2026-07-18T00:30:25.040659+00:00,2940,False,237525,21
UCysvAsEtv4BNF0LncxnH5ww,2026-07-18T00:30:25.040659+00:00,199,False,5397,11
UCGHp-wJUS3l4BVHiv08qFzw,2026-07-18T00:30:25.040659+00:00,31500,False,5069200,83
UCALlP9-ExjCgzVht-m5zDsg,2026-07-18T00:30:25.040659+00:00,170,False,23921,53
UCvScUEIPU4_zAnW7cKj64HQ,2026-07-18T00:30:25.040659+00:00,885,False,110108,120
UCcgbUApKo1qfxkTOGYml76A,2026-07-18T00:30:25.040659+00:00,1380,False,105871,28
UCPcyus45q7_BCKodTOOdS4g,2026-07-18T00:30:25.040659+00:00,103,False,9644,13
UCpZJJvZ2HMYBAxcDHRc21YA,2026-07-18T00:30:25.040659+00:00,49,False,6876,16
UCRQDi1gOmaLAmNyVdoMQINQ,2026-07-18T00:30:25.040659+00:00,2560,False,208423,33
UCkf7eD9QJ9wsNP2Ys8CrW0Q,2026-07-18T00:30:25.040659+00:00,105,False,13858,129
UCh1GBh9K3ThnZkJjCdB5-bg,2026-07-18T00:30:25.040659+00:00,265,False,40491,7
UCrSPX3GAYbNXkKZQZoBOVpw,2026-07-18T00:30:25.040659+00:00,29,False,881,8
UCMF4AQ_-dhSxnWHI3mK3jwg,2026-07-18T00:30:25.040659+00:00,831,False,128378,405
UC9WC9lfrR4XNDTn1AiBDinQ,2026-07-18T00:30:25.040659+00:00,11,False,24,2
UCX2n8Tz5He1ylXlv-2ovIsQ,2026-07-18T00:30:25.040659+00:00,1430,False,9247,31
UCDYxMheJ0Pntdz_ijL0AUmA,2026-07-18T00:30:25.040659+00:00,384,False,68152,9
UC7naetdL8FfHSzue4aOUbKA,2026-07-18T00:30:25.040659+00:00,5,False,615,1
UCjZU2f82Q8RGqAg9fUyagsw,2026-07-18T00:30:25.040659+00:00,10,False,67,2
UC3XELynXsjo04O3_2NEhhMA,2026-07-18T00:30:25.040659+00:00,32800,False,7513358,56
UCAf9mUcYimBMC5BN4_ynodA,2026-07-18T00:30:25.040659+00:00,49,False,8977,172
UCtClA8ZJg4YUfO_y9opALZQ,2026-07-18T00:30:25.040659+00:00,42,False,0,1
UCtIzUW426lTNR34-GGMQvrQ,2026-07-18T00:30:25.040659+00:00,21200,False,1426124,342
UC-2JPD5wybLAPIPcIQp2Vgg,2026-07-18T00:30:25.040659+00:00,1890,False,113521,23
UCR8rmSZQ1BD-8CZJAtMdl5Q,2026-07-18T00:30:25.040659+00:00,3340,False,165080,10
UCOWCgndXfQ4DZKp34MXHYHg,2026-07-18T00:30:25.040659+00:00,2720,False,235139,125
UCBIrFQIsJA134Nbemr6n_gQ,2026-07-18T00:30:25.040659+00:00,239,False,7522,10
UCnAKeRXHr_rqxkJb3Be-RlQ,2026-07-18T00:30:25.040659+00:00,35900,False,1589432,54
UChSr-u2fodw5-4aflD-g2YA,2026-07-18T00:30:25.040659+00:00,639,False,85834,49
UCO1D6O3Pi6bJjZ3xsrWQvRQ,2026-07-18T00:30:25.040659+00:00,27000,False,2567154,559
UC5oOEwYdNsvYOkCkWVynRow,2026-07-18T00:30:25.040659+00:00,2320,False,111574,7
UC5A28PUkxGuezY0zv-Hk61Q,2026-07-18T00:30:25.040659+00:00,406,False,19256,9
UC5IM2uMULjHt-0aAfiG8E_A,2026-07-18T00:30:25.040659+00:00,82,False,12481,71
UCl72Edycxp0eF0DlxdQFfTw,2026-07-18T00:30:25.040659+00:00,509,False,38007,51
UCkomTk7AtEOnCmh5S2-9_Fg,2026-07-18T00:30:25.040659+00:00,869,False,124285,11
UCdFAl3bZf7bi7A5HX7USKzg,2026-07-18T00:30:25.040659+00:00,458000,False,58258050,759
UC8Y-LGE9ZKpa53aM3zzBryg,2026-07-18T00:30:25.040659+00:00,2470,False,84468,13
UCJPbMQYL6VewUfp5TJK8lqQ,2026-07-18T00:30:25.040659+00:00,113000,False,10683030,289
UCLWofMl6ouENOuxQwYUPhJg,2026-07-18T00:30:25.040659+00:00,438,False,54764,141
UCgk1kT97AePkRpzM63WENiw,2026-07-18T00:30:25.040659+00:00,19200,False,1564167,387
UCrD9Obf9n-hXg2MuS4IEpkg,2026-07-18T00:30:25.040659+00:00,110,False,9853,12
UCR6rhscnujT_Vcze1wXLOhw,2026-07-18T00:30:25.040659+00:00,45700,False,294312,17
UCu2Vwaw7Df7vw9cwC_g57IA,2026-07-18T00:30:25.040659+00:00,6120,False,674123,16
UCil5Biujb5RNJKRVrGOEzSA,2026-07-18T00:30:25.040659+00:00,4260,False,2586,4
UCOZWavCybhl9Imm-DB06BRg,2026-07-18T00:30:25.040659+00:00,85,False,17582,41
UC9eTKSVgTEyL_3zTKfhdMeQ,2026-07-18T00:30:25.040659+00:00,33,False,5773,35
UC3xB1Mcj2xyGTDizr8cJApA,2026-07-18T00:30:25.040659+00:00,2270,False,3074,5
UCYiQ7oxEKv7U78WdLpUVrFQ,2026-07-18T00:30:25.040659+00:00,13,False,178,1
UCfC-WxdopqJP8dQTyakoIeQ,2026-07-18T00:30:25.040659+00:00,13,False,1660,4
UCmxLF29mnXea_nL5kaOqD2w,2026-07-18T00:30:25.040659+00:00,9970,False,1673611,41
UCqDMvUe1Zy9QzR-F6X7B5pw,2026-07-18T00:30:25.040659+00:00,8910,False,1312657,285
UCqxK13l4trqLDRa302oAZIw,2026-07-18T00:30:25.040659+00:00,546,False,189326,19
UCU94S60IBq_xSUtM0FBYC8A,2026-07-18T00:30:25.040659+00:00,768,False,32988,7
UCS7TOzC8cRTnUklI6cch2zA,2026-07-18T00:30:25.040659+00:00,1160,False,151815,63
UCaA8YO1rCyi3bvqnZFLwDtA,2026-07-18T00:30:25.040659+00:00,485,False,40829,27
UCZL4e5M_Wf09fdZJkPuALRw,2026-07-18T00:30:25.040659+00:00,12,False,7104,13
UCxqp4S-Aqq09FNFUbU5L-KA,2026-07-18T00:30:25.040659+00:00,382,False,97113,6
UCc7NENWrEDB0ZNVDV69aavg,2026-07-18T00:30:25.040659+00:00,0,False,3,1
UCUPFH5NDPM3_hOdbqQLKjuQ,2026-07-18T00:30:25.040659+00:00,12,False,951,10
UCkN9tZjeEbf13vyYI4lXKsw,2026-07-18T00:30:25.040659+00:00,34,False,7406,8
UC6DeeXYWVGnGKd68O5x5WQA,2026-07-18T00:30:25.040659+00:00,11,False,727,5
UC2ya22E7myYwZB4BPbUsPtw,2026-07-18T00:30:25.040659+00:00,5400,False,407101,44
UCbGOccaksSx9TbF9vKdH1Mw,2026-07-18T00:30:25.040659+00:00,19,False,1580,21
UCQWHQTa-vX2UjI1yhFSVpOw,2026-07-18T00:30:25.040659+00:00,10,False,22,2
UC3TyI8BNpT1YaEuSTc1Cg-A,2026-07-18T00:30:25.040659+00:00,5,False,244,11
UCl4MonVoWRx3HqAh3Efw2Jg,2026-07-18T00:30:25.040659+00:00,65600,False,6057673,647
UC7di5zivMKpYOmhyhZ2nVvg,2026-07-18T00:30:25.040659+00:00,18800,False,4589256,273
UCmRi6WxTmNsHGRsLCI_h4aA,2026-07-18T00:30:25.040659+00:00,765,False,190710,156
UC9ldW_CaS6RM1OTlmV3llkg,2026-07-18T00:30:25.040659+00:00,719,False,29041,11
UCXcSNGv5IVG6LaKta20Cqwg,2026-07-18T00:30:25.040659+00:00,1330,False,49203,75
UCrcATWZGF_p53r38i6VK0eA,2026-07-18T00:30:25.040659+00:00,11700,False,892688,744
UCvNv4wVoRpqzvaW4p-PnSqw,2026-07-18T00:30:25.040659+00:00,186,False,3331,9
UC7etbDk-NvIZhzvjdUAYXxQ,2026-07-18T00:30:25.040659+00:00,22,False,12710,11
UC-TPAJpit-cnGUG-zWliKFw,2026-07-18T00:30:25.040659+00:00,8320,False,2960686,492
UC6CeurhVnSDDXMAq78FdTTA,2026-07-18T00:30:25.040659+00:00,496,False,47494,70
UCIKg0Ev6Vq2M7hU7bL_jHFQ,2026-07-18T00:30:25.040659+00:00,658000,False,186542063,15889
UCSPkz9U2u1vAsUqGWYEk7MQ,2026-07-18T00:30:25.040659+00:00,204,False,23262,16
UCah_QCw7uHZtIDzOW6-oK4g,2026-07-18T00:30:25.040659+00:00,1510,False,1491779,486
UCo0fodGX_3gepaWfjc2MyLA,2026-07-18T00:30:25.040659+00:00,36,False,16281,8
UCKVq53n8k4csrHeC1T43NYw,2026-07-18T00:30:25.040659+00:00,15200,False,114805,33
UCkVKdDTks0XJ3COH6RI1l8Q,2026-07-18T00:30:25.040659+00:00,32,False,11209,13
UCTap3NT20DO3BaUnxBV9I0A,2026-07-18T00:30:25.040659+00:00,99,False,14960,23
UC8IP1bYxoeFVP5BP7JwG76w,2026-07-18T00:30:25.040659+00:00,286,False,15649,110
UC2_Gkq64V-2UbPLMt39mnaw,2026-07-18T00:30:25.040659+00:00,3750,False,879332,120
UChwjz-THeefGm2mSbYB37Wg,2026-07-18T00:30:25.040659+00:00,2140,False,912220,87
UCh3ACc11ECpUWZKnagOgEbQ,2026-07-18T00:30:25.040659+00:00,8,False,962,6
UCjM-a_T7cY_nR7NbPpV_vvg,2026-07-18T00:30:25.040659+00:00,47800,False,5311623,214
UCx-7U8L664YJgngQp1ew51w,2026-07-18T00:30:25.040659+00:00,121,False,3156,10
UCBwuL2xjgCtQS9sxEjd4xMw,2026-07-18T00:30:25.040659+00:00,45,False,6847,20
UCiN8pQvSxfW1o9TSZN8Bf9g,2026-07-18T00:30:25.040659+00:00,62000,False,6283615,98
UCEneEx_9xYHkAAjFdLnBxQA,2026-07-18T00:30:25.040659+00:00,232,False,285110,178
UCzZNkL3RsR2x30Qs2dE2hqg,2026-07-18T00:30:25.040659+00:00,107,False,57189,58
UCWrJW5qgCKGpYAxyMCp5Hxg,2026-07-18T00:30:25.040659+00:00,186000,False,33141872,775
UCJ3yi0qMXqDFNNEqkMPHwrw,2026-07-18T00:30:25.040659+00:00,194,False,88849,109
UCZw-8vhDi8SvEjHgHI4WTMw,2026-07-18T00:30:25.040659+00:00,6,False,4954,21
UCVJRiEXH8SpQhiL9G6ryynA,2026-07-18T00:30:25.040659+00:00,20800,False,822279,35
UCzfbJKcwa21jG1zYGEG1OBQ,2026-07-18T00:30:25.040659+00:00,258,False,12637,10
UCyeFZYnUsbqGrnIqriHDWxQ,2026-07-18T00:30:25.040659+00:00,2,False,378,1
UC-CPG8774sPO9u5Uykx60Yg,2026-07-18T00:30:25.040659+00:00,0,False,20,6
UCKBotsXrIQ4ZQlGGh-LuttQ,2026-07-18T00:30:25.040659+00:00,6,False,70,3
UCL6CPo74VXtsNZokcnIkzmQ,2026-07-18T00:30:25.040659+00:00,604,False,43035,74
UCzaTdeRzUq5ionIu8qWw88A,2026-07-18T00:30:25.040659+00:00,18,False,685,2
UC52oHirf4jHa4_HSXw6yUhA,2026-07-18T00:30:25.040659+00:00,1,False,7,1
UCHxH_-4U4y6OuGqe5XiWWqA,2026-07-18T00:30:25.040659+00:00,196000,False,11817467,678
UCLbE_xq1etxULkX-7T7FbEA,2026-07-18T00:30:25.040659+00:00,22100,False,337256,152
UC9ZBA7S_lucysinN4TrSeHw,2026-07-18T00:30:25.040659+00:00,114,False,33120,6
UCrXH3bjqSAndzb72KkauIrg,2026-07-18T00:30:25.040659+00:00,66800,False,6362059,187
UCJY1-jawEq7c9U7mY6xA4vQ,2026-07-18T00:30:25.040659+00:00,23500,False,40395536,825
UCP-yI2ffacN8bZyBatqWcbA,2026-07-18T00:30:25.040659+00:00,5340,False,766100,63
UCRkzL0-FkIP36GH4O6CTNqw,2026-07-18T00:30:25.040659+00:00,3,False,9,1
UCJA0a_Ggz9huEg9qmz8zm3g,2026-07-18T00:30:25.040659+00:00,96,False,30977,9
UCjep8IdTLwBrVmwstBfccPw,2026-07-18T00:30:25.040659+00:00,1,False,24,2
UCl7t-NMya4EY-aLXiudLFaA,2026-07-18T00:30:25.040659+00:00,5,False,107,5
UCx5Rp-vL2d7IqLWqV5cBQHg,2026-07-18T00:30:25.040659+00:00,151,False,25443,49
UCQeYJy0YInj69dHrh4cMn5Q,2026-07-18T00:30:25.040659+00:00,352,False,97365,97
UC5-bq5cxEBTPRH58MSb5p7Q,2026-07-18T00:30:25.040659+00:00,110,False,2559,70
UCI2e1y5DEClmDQgSEDl9qZQ,2026-07-18T00:30:25.040659+00:00,236000,False,10953784,143
UC9njmypEq3Xz06jbUJ-85vQ,2026-07-18T00:30:25.040659+00:00,117000,False,35436340,212
UCzawCs4xEp6Nllm4DbnjrxA,2026-07-18T00:30:25.040659+00:00,875,False,34237,11
UCMayHG7j39d11Gh36vV7GnQ,2026-07-18T00:30:25.040659+00:00,34800,False,203210,786
UCxVVJnWg8B7u6fh_U1nZBFQ,2026-07-18T00:30:25.040659+00:00,5,False,61,1
UCSw_5fZrselH_au61zvIpJw,2026-07-18T00:30:25.040659+00:00,76000,False,4955179,1270
UCsHad6HWytp_Xp-6NomY_yQ,2026-07-18T00:30:25.040659+00:00,484,False,80328,77
UCBR9iW2qo_7LP9_9u3A2ZeQ,2026-07-18T00:30:25.040659+00:00,360000,False,24868111,1582
UCXBHPGYTwiBvTIk5dl9-r6Q,2026-07-18T00:30:25.040659+00:00,185000,False,14724940,1728
UC1dfhQyj962rwYPVLi3OHLg,2026-07-18T00:30:25.040659+00:00,708000,False,52743069,1887
UCpoFVjuq1ALkaLXUCpn_GuA,2026-07-18T00:30:25.040659+00:00,2190,False,429759,701
UCcFyjFWJPQ3YA1-BMnmwkhQ,2026-07-18T00:30:25.040659+00:00,44200,False,3205044,349
UCoNaQS6wefjNVFkwvxrzAYw,2026-07-18T00:30:25.040659+00:00,161000,False,31958261,3536
UCnRg3w-mhthPX-3Wa1cAKDQ,2026-07-18T00:30:25.040659+00:00,1,False,10,2
UC72XNqS419B9_0a-wqngKSA,2026-07-18T00:30:25.040659+00:00,8,False,84,7
UC_Yt4EUT5dtwOxMm6sheYrQ,2026-07-18T00:30:25.040659+00:00,371000,False,93585058,944
UCXLyL2Fg5DZouTYsYtRT0WQ,2026-07-18T00:30:25.040659+00:00,60100,False,11426908,2385
UCKC83VK5PenX2ocZ4JF7YiQ,2026-07-18T00:30:25.040659+00:00,26,False,805,10
UCiiq12phPwfMHaGFVolH4Ag,2026-07-18T00:30:25.040659+00:00,60500,False,10126406,817
UCPBzejSb3mj_2xRh_VdIiEg,2026-07-18T00:30:25.040659+00:00,221000,False,20838995,368
UCqeQG7PhP7KDQdGo4ZPP63w,2026-07-18T00:30:25.040659+00:00,56,False,15724,32
UCiLbj6E-dvR3tDLKigo2juQ,2026-07-18T00:30:25.040659+00:00,94800,False,17609728,675
UCjiRWN2f2BN77HG_ueCgldg,2026-07-18T00:30:25.040659+00:00,122,False,16983,13
UCI-teIr7yMeLi4Z3LW4LNRg,2026-07-18T00:30:25.040659+00:00,175000,False,30293960,1330
UC-HguykxEb6N5HPA4kpOTOw,2026-07-18T00:30:25.040659+00:00,1070,False,35110,244
UCAyTTE7S0i95nzjKqcm1Xaw,2026-07-18T00:30:25.040659+00:00,9060,False,240839,266
UCf48pki8AqjBHuV80LcC7kA,2026-07-18T00:30:25.040659+00:00,82000,False,4390369,389
UCRaLvUrrj_901Anrljs1F2g,2026-07-18T00:30:25.040659+00:00,13800,False,1350630,330
UCXDVbH3h2qb8y5POSwIHYGQ,2026-07-18T00:30:25.040659+00:00,17,False,1420,11
UCuKu1AFWC8Wk6AWMveGwcxg,2026-07-18T00:30:25.040659+00:00,21,False,1528,40
UCGcSIA9ATSpQKxa8nxI4wBQ,2026-07-18T00:30:25.040659+00:00,54200,False,3589821,2434
UC5uGexidH3WqbErqSX_EGJA,2026-07-18T00:30:25.040659+00:00,54500,False,10983724,1231
UCwAutt7DEppZqxCQJy70Hgg,2026-07-18T00:30:25.040659+00:00,56,False,2098,29
UC80f3P-Wfj5TL_sl4gxgw1A,2026-07-18T00:30:25.040659+00:00,2310,False,267686,128
UC0PdkCm3QlHJ8HdH4JeNirA,2026-07-18T00:30:25.040659+00:00,396000,False,64432874,374
UCm-TXzgh9U2K3wjWzY0XX0A,2026-07-18T00:30:25.040659+00:00,79300,False,16249480,1025
UCVleILOsIPcrXCuOoM3Od3w,2026-07-18T00:30:25.040659+00:00,18,False,610,14
UCVBt_Exv9FMcM6F09AZNcew,2026-07-18T00:30:25.040659+00:00,158000,False,22199549,550
UCYIDsYMpNDgbjUdTv8b_ywA,2026-07-18T00:30:25.040659+00:00,51,False,554,17
UCzmfyGW0j33HPvGb3hOEIiA,2026-07-18T00:30:25.040659+00:00,2,False,15,1
UCgMhQ6pyGiOyDZYWVByxrow,2026-07-18T00:30:25.040659+00:00,1,False,11,1
UCLc1xgiAaIecWUs1Nqgz_GA,2026-07-18T00:30:25.040659+00:00,41,False,1121,3
UCYTY-C4OFmUdIwi6wghybAA,2026-07-18T00:30:25.040659+00:00,5,False,1047,15
UChrXmunslU0Xg7MVsJs5Kkg,2026-07-18T00:30:25.040659+00:00,2080,False,66903,18
UCjyASLgz5_yLQtK0fNCNNmg,2026-07-18T00:30:25.040659+00:00,114,False,22532,20
UCFT4DBU0rueVksywB2DKhXQ,2026-07-18T00:30:25.040659+00:00,118,False,6645,5
UCt0fx_wES8OcWtaVDxtL5IQ,2026-07-18T00:30:25.040659+00:00,3,False,30,1
UCFSkBRHrYDfJJCa5-Y_-zww,2026-07-18T00:30:25.040659+00:00,10,False,3127,27
UClOoepx2VEpv_of07JeaYuA,2026-07-18T00:30:25.040659+00:00,427,False,6576,13
UC2VxdMY2G0Qab-nI4ufkBUA,2026-07-18T00:30:25.040659+00:00,37,False,1766,11
UCPj9Pb6SMGNVjRnLX19wthw,2026-07-18T00:30:25.040659+00:00,116,False,3165,8
UCEu3EhYF3HsY9ZSGYfpFo2w,2026-07-18T00:30:25.040659+00:00,20,False,390,8
UCatZcG-Y8eowAa6S_PsWSCg,2026-07-18T00:30:25.040659+00:00,126,False,2959,9
UCVwEHCzHFsn8_5LhjMFqSiA,2026-07-18T00:30:25.040659+00:00,8210,False,798375,225
UCMTUdyDebV02ruOdZlcS4Dw,2026-07-18T00:30:25.040659+00:00,809,False,237678,152
UCxSH_l2EKLPUB-HOjlZRabw,2026-07-18T00:30:25.040659+00:00,12800,False,581530,28
UC-t7Vw_L9ORj7gvyGUOaeSg,2026-07-18T00:30:25.040659+00:00,164000,False,19034495,217
UCrdRoTbNO_UgcUFLfpfwFAQ,2026-07-18T00:30:25.040659+00:00,156,False,28265,21
UCkLA7sLLrCERBrtvBTAh_jg,2026-07-18T00:30:25.040659+00:00,25100,False,946790,20
UCxXmqLKcZGhsVDaDbS0PdjQ,2026-07-18T00:30:25.040659+00:00,48,False,310,3
UC9ydRoXpQVhwb3sM7VY8xNg,2026-07-18T00:30:25.040659+00:00,70,False,7930,29
UCKcM7k794WST-IRv1-lhiZg,2026-07-18T00:30:25.040659+00:00,748000,False,236363568,829
UCFR0f22_j0nAbM4KSboSRoQ,2026-07-18T00:30:25.040659+00:00,265,False,5312,5
UCqheHQifQ6fdY_A9PCY5y3A,2026-07-18T00:30:25.040659+00:00,96900,False,20901052,224
UCAqSq3iNGYSbw9mSFzVIANQ,2026-07-18T00:30:25.040659+00:00,170000,False,16727733,577
UCZQmoW-xsgVqtTjupYvu3aQ,2026-07-18T00:30:25.040659+00:00,176000,False,37185509,420
UCEHs7ymn9hxSJMHLlcFLj0w,2026-07-18T00:30:25.040659+00:00,454000,False,57466818,312
UCB6tVmll-6XbKyS3fq8P4MA,2026-07-18T00:30:25.040659+00:00,1,False,464,10
UCwu2-m6rUdk7s7DkxfAX8Ng,2026-07-18T00:30:25.040659+00:00,638,False,144691,176
UCiPssoHLvUfNEXLEhZ29rXg,2026-07-18T00:30:25.040659+00:00,10,False,2806,22
UCSLQ5eH_suWb8TOdNcZRMjw,2026-07-18T00:30:25.040659+00:00,5,False,69,13
UC5IDHX2sg9Hg_FPkXGUj_gw,2026-07-18T00:30:25.040659+00:00,618000,False,94039676,90
UChjjQEg9N3ySQae_eGitULg,2026-07-18T00:30:25.040659+00:00,625000,False,84483453,455
UCkjcwbJJld7G6dCnfgl6qDA,2026-07-18T00:30:25.040659+00:00,2750,False,730781,15
UClfq6WEgQm3MG6b30xJhX3g,2026-07-18T00:30:25.040659+00:00,59400,False,3258331,126
UC4u1g0CCUxvU8-LacEFjNbg,2026-07-18T00:30:25.040659+00:00,10900,False,2574995,89
UCEuS493FuYJu_jGLfEjksUQ,2026-07-18T00:30:25.040659+00:00,1,False,23,5
UC1BSMzeIFCVLaTI2-l8mJbw,2026-07-18T00:30:25.040659+00:00,47000,False,1826202,132
UCeBl9tHpIdmkgw28ksDcksw,2026-07-18T00:30:25.040659+00:00,10,False,722,12
UC86sU6a8ChHViy7d5A572XA,2026-07-18T00:30:25.040659+00:00,2,False,352,1
UCZ15AWyHjVSCJeO23w2XeFQ,2026-07-18T00:30:25.040659+00:00,8450,False,336745,371
UC1ySZNkW3MXd56ZtV8-fz_A,2026-07-18T00:30:25.040659+00:00,11,False,4939,3
UCsFgtHMZvAMQEB5zCevTShg,2026-07-18T00:30:25.040659+00:00,56,False,30896,18
UCXhlGsKYnxqX9TpH09ag1Cw,2026-07-18T00:30:25.040659+00:00,5050,False,1684107,103
UCgGWyBs51NVNDxP-tXEhlZw,2026-07-18T00:30:25.040659+00:00,1380,False,393898,9
UCUWhnu7bh2ECcMKi0wG-pew,2026-07-18T00:30:25.040659+00:00,63,False,27005,11
UCYexbZ1rWNtHaUWenQvdHJA,2026-07-18T00:30:25.040659+00:00,53400,False,2998668,48
UCCtVnTTW7GsgJ8D33k4KbkA,2026-07-18T00:30:25.040659+00:00,34,False,66,3
UCXIS2lijUruCqWeRQKQKCSw,2026-07-18T00:30:25.040659+00:00,134000,False,14790901,128
UC5IxEcbW-cbhLOAKg7UQsyA,2026-07-18T00:30:25.040659+00:00,578,False,1436,11
UCh3MHrepNNU7gNTcbiFzStQ,2026-07-18T00:30:25.040659+00:00,104000,False,18827323,74
UCOje-ElpruRxg2XWnWwue7w,2026-07-18T00:30:25.040659+00:00,7420,False,1146118,642
UCgPL5V2N_KEDSyWvMwHt2nw,2026-07-18T00:30:25.040659+00:00,475000,False,23836772,42
UCosifsD2B8zG_XK8cZaJBpA,2026-07-18T00:30:25.040659+00:00,146,False,2413,6
UCBYLGKCYp3Rif2-b4pavuFQ,2026-07-18T00:30:25.040659+00:00,169,False,72457,12
UCTnx__S9s_zFVrC-Fitk7aw,2026-07-18T00:30:25.040659+00:00,30,False,15899,32
UC7bgn4zfZzuw5-MihWRgvaA,2026-07-18T00:30:25.040659+00:00,1,False,375,6
UCOPqjdQOIF6faslRMEruJmA,2026-07-18T00:30:25.040659+00:00,38,False,46036,17
UCXPIsa4Ttpl8_o2eBiwD-AA,2026-07-18T00:30:25.040659+00:00,24,False,78,7
UC4H4KmSqTkpWz0EoTIrsiig,2026-07-18T00:30:25.040659+00:00,17400,False,2068626,60
UCVga8hUL-cDl-VoMsKo6N5Q,2026-07-18T00:30:25.040659+00:00,17,False,494,43
UCHkXFXiZv85kyB7t99NqDdA,2026-07-18T00:30:25.040659+00:00,154,False,141731,81
UCLUj4rhnM1CTio9dwMYSejw,2026-07-18T00:30:25.040659+00:00,3,False,753,1
UCJVVJ5pZyCRNV3AZOIuJf6w,2026-07-18T00:30:25.040659+00:00,137000,False,5578163,44
UCDKnzkS4TyUKVc-vpLMMSDQ,2026-07-18T00:30:25.040659+00:00,125,False,39846,36
UCrWPzTW4EjXNQGcCkCfOvog,2026-07-18T00:30:25.040659+00:00,261000,False,74519040,1232
UCGRcGg4t8Q3iMit9hbQg7WA,2026-07-18T00:30:25.040659+00:00,15,False,1844,33
UCioXrNKJmGBJGR0ilJhRDag,2026-07-18T00:30:25.040659+00:00,1,False,34,1
UCkVbb15N6sp5SryO7prYixA,2026-07-18T00:30:25.040659+00:00,37,False,10153,12
UCFRwOpIwDtvvGme0tKvPJyA,2026-07-18T00:30:25.040659+00:00,2,False,10,2
UCxUaYBTmKLpsziwQVMytY6g,2026-07-18T00:30:25.040659+00:00,36800,False,7388363,12
UCcspHoBTj_aLhnJLwkMpWHQ,2026-07-18T00:30:25.040659+00:00,870000,False,94990249,6435
UC_q4jmKoF4FfB43jwAqpm2Q,2026-07-18T00:30:25.040659+00:00,440,False,68899,52
UCjnltM-l0BRyM0b8cGkxMfQ,2026-07-18T00:30:25.040659+00:00,161000,False,11222634,105
UCTeryK_nffN6lnRo8dTD3_g,2026-07-18T00:30:25.040659+00:00,207,False,22256,56
UCsBb0l44dVKTb1D3PEBQBHg,2026-07-18T00:30:25.040659+00:00,9650,False,362563,27
UC3B8DsQfdiZhRW1NgPLW5RA,2026-07-18T00:30:25.040659+00:00,8250,False,1151625,27
UC86pHmODF9apAFq1YT_XeGQ,2026-07-18T00:30:25.040659+00:00,3,False,348,1
UCUuFKRtJqnTVb0aFfvpvBFA,2026-07-18T00:30:25.040659+00:00,41800,False,12219512,177
UCqCA-n5WK8EUw4Eoahevw9Q,2026-07-18T00:30:25.040659+00:00,1270,False,600234,19
UClgUjjsMd98qJ8FsND9pnDA,2026-07-18T00:30:25.040659+00:00,733,False,19016,11
UC12ZTj8klKOLs6vmJO_vWkQ,2026-07-18T00:30:25.040659+00:00,1300,False,216288,33
UCEbTQZF9_vDOducFY8gOfag,2026-07-18T00:30:25.040659+00:00,31800,False,12585978,283
UCu_ocDeJ-wty_Y1IiittaBA,2026-07-18T00:30:25.040659+00:00,643000,False,183834738,254
UCZivNOQ8ZxF_ruxCbgmF--w,2026-07-18T00:30:25.040659+00:00,418,False,93147,64
UCvsGfSa4Cr_XCUKml0Tf5Kw,2026-07-18T00:30:25.040659+00:00,3,False,28,2
UC8FYRKeN-lbZaNr2qRYGSZA,2026-07-18T00:30:25.040659+00:00,4820,False,1304243,72
UCIWwramZAbndPTyFIMXWXlA,2026-07-18T00:30:25.040659+00:00,9170,False,3137632,1003
UC2T_spwjvYZerN3QGuXsBhQ,2026-07-18T00:30:25.040659+00:00,12200,False,924672,182
UCWJpvaMY_cRnUm6GvK_89ng,2026-07-18T00:30:25.040659+00:00,15200,False,1242292,53
UCPXSUKHTNc1_hnHuj-UiQWQ,2026-07-18T00:30:25.040659+00:00,535000,False,200342687,28770
UCn9hHwCJBKMiuch85uM6rNg,2026-07-18T00:30:25.040659+00:00,14200,False,848018,195
UCAGQUfHzdsgxJ1pq2XDS2TQ,2026-07-18T00:30:25.040659+00:00,82600,False,10641858,2219
UCDuaezc_5fyQleDwoxwKtbg,2026-07-18T00:30:25.040659+00:00,684,False,2393,3
UCxPInZUzPis7B5UWJN3ZXLA,2026-07-18T00:30:25.040659+00:00,178000,False,0,0
UCPpvyKrN0dA1_D2RL8mORVA,2026-07-18T00:30:25.040659+00:00,214000,False,22368637,67
UCs_EGe7JGaWlCFlMIPpYZGg,2026-07-18T00:30:25.040659+00:00,59500,False,5244390,189
UCS0DeHog4YaV5e87rkANmKw,2026-07-18T00:30:25.040659+00:00,1800,False,123176,61
UC3TT-kt050TudOWfym4uhMQ,2026-07-18T00:30:25.040659+00:00,197000,False,30404887,657
UC3JbjbgQtvmwoadU-oT6YUA,2026-07-18T00:30:25.040659+00:00,11,False,62,5
UC23xOSeqSr40JFEOkohtAGQ,2026-07-18T00:30:25.040659+00:00,114000,False,26144851,487
UCvbxIKWQmX355KaGtSqLXKQ,2026-07-18T00:30:25.040659+00:00,382000,False,77444346,211
UCIsE2RY5O1mE0hl67gvDD7w,2026-07-18T00:30:25.040659+00:00,2850,False,915158,481
UCHk640jo72xmcs5gKtd3GVw,2026-07-18T00:30:25.040659+00:00,25200,False,3247532,123
UCOiMY00_ZLijPF6InrCl0TA,2026-07-18T00:30:25.040659+00:00,331000,False,72179933,2540
UC0_9-ADpcwC-YNiWuDz1bKA,2026-07-18T00:30:25.040659+00:00,419000,False,29991583,709
UCp3vt0JWTbhd15j9PSn3RnQ,2026-07-18T00:30:25.040659+00:00,85000,False,57149747,1428
UC18KIGLmSb0K312PHClqtHw,2026-07-18T00:30:25.040659+00:00,178000,False,33609458,1258
UCUnPyz9Zu480oqfO9n_RDiA,2026-07-18T00:30:25.040659+00:00,159000,False,40205009,558
UCfBXT1XI3BfBFML8Wg00FTA,2026-07-18T00:30:25.040659+00:00,427,False,14233,47
UCUpvT0j2QZvlkbJmM38erCQ,2026-07-18T00:30:25.040659+00:00,4450,False,584894,22
UCLNz9bgiJfM3ImTtYDOt8Ew,2026-07-18T00:30:25.040659+00:00,339000,False,114380691,4889
UCzU_6iBDwAcqYomK_a_rmuQ,2026-07-18T00:30:25.040659+00:00,602,False,100574,10
UCTxXY_FT-63kBRYoW3-sGNg,2026-07-18T00:30:25.040659+00:00,13400,False,260463,4
UC6YskSjbx6ejLZxlw0ou7ug,2026-07-18T00:30:25.040659+00:00,11100,False,1389322,30
UCcg4tDKgPLIc_x3lhWdogLg,2026-07-18T00:30:25.040659+00:00,810000,False,323460116,7445
UCvDr-HqfLpzfuj5lx7GcGXQ,2026-07-18T00:30:25.040659+00:00,0,False,1721,4
UCFdAs4DEkB7WkCbgrU9J1fA,2026-07-18T00:30:25.040659+00:00,15700,False,3164136,590
UCA0moWkA3pQGtAP4hHMqrOA,2026-07-18T00:30:25.040659+00:00,84,False,31679,91
UCn39xNZ42C93DHXbbRH2mgA,2026-07-18T00:30:25.040659+00:00,7450,False,467589,351
UCqrqt9Egbp4Voh3iEUUoorw,2026-07-18T00:30:25.040659+00:00,131000,False,20940940,34126
UCMkW7S3IszN1L9u1bLw23rQ,2026-07-18T00:30:25.040659+00:00,69700,False,2224847,816
UCEmpXzM-MOJMHaT5UsVfaEg,2026-07-18T00:30:25.040659+00:00,16,False,7752,13
UChahDwQQmHd9j751l7fuH7Q,2026-07-18T00:30:25.040659+00:00,114000,False,2971495,288
UCcijXxFzSXgoM6q9cCtT9PA,2026-07-18T00:30:25.040659+00:00,287000,False,67993550,10213
UC8lKgUHo-2mSR5cRRXO9xow,2026-07-18T00:30:25.040659+00:00,615000,False,177322691,26594
UC3bSm764H0fTAoYuutH9ggw,2026-07-18T00:30:25.040659+00:00,1590,False,77604,65
UC_AuTY5qqpUUYFLSDQIbOsg,2026-07-18T00:30:25.040659+00:00,94200,False,25664256,2975
UCrEtbePpVwOMRaAootmBCAg,2026-07-18T00:30:25.040659+00:00,4630,False,223160,42
UC6Ev8_cL6cG66bFVzRaUepw,2026-07-18T00:30:25.040659+00:00,35,False,183,5
UC3E_EvS__3XRgrUzv8D3L-g,2026-07-18T00:30:25.040659+00:00,5470,False,21111,415
UC_Urg845xBIOarYXBx_Ko2w,2026-07-18T00:30:25.040659+00:00,732,False,539230,196
UCafYOro0A5GJOp-KrVRDvcQ,2026-07-18T00:30:25.040659+00:00,113,False,15705,133
UC51zuWdRyNbQxFfy-4x6U6Q,2026-07-18T00:30:25.040659+00:00,24,False,163,14
UCyhM9-y17fHHp-laYCEvT2g,2026-07-18T00:30:25.040659+00:00,37900,False,4314796,882
UCbs_P6cKId42qs_FDMsz19Q,2026-07-18T00:30:25.040659+00:00,1360,False,194121,70
UCML_TNcLNqyCSdeDgnNyJTw,2026-07-18T00:30:25.040659+00:00,1,False,3,3
UCaKYfTolJ4s286DJ5QOFffw,2026-07-18T00:30:25.040659+00:00,1200,False,266634,321
UCPaa9NR1c6o7QW8kHYbR9Rg,2026-07-18T00:30:25.040659+00:00,3160,False,2396870,400
UC157V7VoMJATIyMjFgdpqZg,2026-07-18T00:30:25.040659+00:00,3,False,135,42
UCM4-TLxH9bFDlsjc6BlbsIA,2026-07-18T00:30:25.040659+00:00,20500,False,2306243,269
UChDDErhFN18hQ-NifYMMbVA,2026-07-18T00:30:25.040659+00:00,22,False,2324,15
UCzCVi9bCpsIZUUffGpxLfiA,2026-07-18T00:30:25.040659+00:00,3,False,939,9
UC2g41HU_n90TRNyLO6fUXew,2026-07-18T00:30:25.040659+00:00,1160,False,1961,4
UCcL1eq4qKv6-JueaA7b9bYg,2026-07-18T00:30:25.040659+00:00,6,False,891,4
UClcIQJ6q-HsROoyWms8B8tg,2026-07-18T00:30:25.040659+00:00,997,False,84682,139
UCXn1a_JRiiunkEVS9tamdCA,2026-07-18T00:30:25.040659+00:00,37500,False,7776768,357
UCmpeSI8ZXpacOJxa8ZmcvwQ,2026-07-18T00:30:25.040659+00:00,5,False,8,1
UC8aWSj_OsQSWPtENE_x8fxA,2026-07-18T00:30:25.040659+00:00,3,False,221,3
UCFha4tuRJFmgCWWrMBaa7wQ,2026-07-18T00:30:25.040659+00:00,0,False,1397,3
UCsUTgXEGvOQ8u1HOsd84d4A,2026-07-18T00:30:25.040659+00:00,59,False,5824,18
UCbCAIiyYUDoFFIzXS0HxYTA,2026-07-18T00:30:25.040659+00:00,14000,False,1577405,740
UCs3KUhfBDaWTMbkowlETe7w,2026-07-18T00:30:25.040659+00:00,85,False,34207,363
UC96GNvGfTbmk48uPiB5niog,2026-07-18T00:30:25.040659+00:00,3,False,705,19
UCa0nd8c704ALVa1c2co029g,2026-07-18T00:30:25.040659+00:00,2450,False,247093,137
UCd-gmzevnJBe9jHuNDMrI0w,2026-07-18T00:30:25.040659+00:00,74600,False,13335839,696
UC2kr46MvcoHAxgdJUNMFTiQ,2026-07-18T00:30:25.040659+00:00,2,False,79,2
UCr27vXsqJXYjFy-vepngPWg,2026-07-18T00:30:25.040659+00:00,3,False,3393,5
UCA4AwsXHfkJgvxErkzu5_6Q,2026-07-18T00:30:25.040659+00:00,6,False,11,1
UC324VVhYKykBv01GecF4aYg,2026-07-18T00:30:25.040659+00:00,57,False,2041,134
UCg22fUwQQF-7Sf6-TIVIFrA,2026-07-18T00:30:25.040659+00:00,112000,False,14178482,833
UCZa8YdngxbZdNnokd4h4bLA,2026-07-18T00:30:25.040659+00:00,20,False,610,16
UC2XIOeKtUY6lDhZRzhvKAVw,2026-07-18T00:30:25.040659+00:00,13200,False,1112127,29
UClQCAmEX_lgQeIYpZc0bYLw,2026-07-18T00:30:25.040659+00:00,5510,False,938062,107
UCA21VfIEhw6g7rv2Q08Cp6w,2026-07-18T00:30:25.040659+00:00,272,False,159556,29
UCVNgjnq_n7i_8GJOca0DIeQ,2026-07-18T00:30:25.040659+00:00,9830,False,1084902,165
UC7t96q4ic7RS3LRQ5OoT8Gg,2026-07-18T00:30:25.040659+00:00,13600,False,238340,208
UCyPTRwrPdjYbyQNwSqXWGQA,2026-07-18T00:30:25.040659+00:00,439,False,89821,27
UCYjFzTrxVAS_AyHXxZ_2S3Q,2026-07-18T00:30:25.040659+00:00,0,False,77,6
UC1UXGTUVCRr_viauBj_T5sQ,2026-07-18T00:30:25.040659+00:00,73700,False,5113091,92
UC74au1FHMPoIrtMg_aGl3_w,2026-07-18T00:30:25.040659+00:00,48400,False,18625901,31
UCwquSiTPHX3xzzjvmJGlkyg,2026-07-18T00:30:25.040659+00:00,178000,False,14478925,499
UCBjqPS6IHsXGeW1-0xmIlMg,2026-07-18T00:30:25.040659+00:00,13100,False,2634208,136
UCiUP46GBnwTKLrWsO_iOlyw,2026-07-18T00:30:25.040659+00:00,653,False,355944,270
UCavthknYN0x2nM4xplVP1oQ,2026-07-18T00:30:25.040659+00:00,24400,False,11872347,163
UCP5hOs9xuHFrHMlBuj6CTvA,2026-07-18T00:30:25.040659+00:00,5990,False,350142,134
UCJq6hfgz7MOEcvS1hbhxmxg,2026-07-18T00:30:25.040659+00:00,234,False,32506,45
UCaY_Mf80TrM6ESTtSJdY_Yw,2026-07-18T00:30:25.040659+00:00,3470,False,197163,136
UCvyalhna2_BckncYWdeqcwQ,2026-07-18T00:30:25.040659+00:00,5100,False,163343,59
UC5SkudzqxJtC-xCU-xreX9w,2026-07-18T00:30:25.040659+00:00,84,False,9604,7
UC6EbEwByu4tHEU8lBQ1nouw,2026-07-18T00:30:25.040659+00:00,105000,False,3059813,70
UCPPpEOsocilkC2IMRodK81g,2026-07-18T00:30:25.040659+00:00,31,False,570,5
UC3re5L0YoJSpwt2VJ4Y92Ug,2026-07-18T00:30:25.040659+00:00,27700,False,1280428,74
UCWAXniaoSy5z9qv1IjS1J4A,2026-07-18T00:30:25.040659+00:00,4680,False,2725925,613
UC4SPXYMpajTMZdALp-6Ug-w,2026-07-18T00:30:25.040659+00:00,6770,False,310079,61
UCoDvO1KbLPjMXYa-Aj18PYQ,2026-07-18T00:30:25.040659+00:00,2160,False,163138,242
UCAOAqdh0wJ6lmzO8j33v8fQ,2026-07-18T00:30:25.040659+00:00,2800,False,77,20
UCdbwajThwc2u5VTv1IBV08g,2026-07-18T00:30:25.040659+00:00,2130,False,778875,31
UCuL55IHBKAumK5hKWa_ZumQ,2026-07-18T00:30:25.040659+00:00,51,False,7614,23
UCfyhC0QzEkixD8QZZkdYJuA,2026-07-18T00:30:25.040659+00:00,21900,False,556937,300
UCc_K7MQbwIm7zB0BpsFqgfw,2026-07-18T00:30:25.040659+00:00,4750,False,404188,182
UCoTE3ZZRLUzqUVAfA8lwhtQ,2026-07-18T00:30:25.040659+00:00,7730,False,3381,16
UCEhkKkMt6u0SUo4ivZH9MFw,2026-07-18T00:30:25.040659+00:00,48900,False,57153,10
UCXmLfo2g7UHD4cQnTuDTMfQ,2026-07-18T00:30:25.040659+00:00,48,False,11437,18
UCRUC1HEydcM3vgYbbCbZ5ZQ,2026-07-18T00:30:25.040659+00:00,2100,False,105856,13
UCh-cPhwaVIJTFLMq0ZNf-hg,2026-07-18T00:30:25.040659+00:00,87500,False,7759987,499
UCTJmVd5Vcu8KQk2oS6pGNzg,2026-07-18T00:30:25.040659+00:00,30300,False,11430336,699
UCSFcCUQVf0beGJPWSt5uUhA,2026-07-18T00:30:25.040659+00:00,6530,False,362759,205
UCLMzLUfoF0siAzQcIBRG8Xw,2026-07-18T00:30:25.040659+00:00,667,False,23070,55
UCVA3haEfmrRIruY-rkDtCRQ,2026-07-18T00:30:25.040659+00:00,1240,False,555967,489
UCzBCCO9q9k9gQBm1BhtzC6w,2026-07-18T00:30:25.040659+00:00,4790,False,1685113,239
UCULeO4zpJMcG3kQI8iZ9PCw,2026-07-18T00:30:25.040659+00:00,202000,False,45578899,207
UCsm5Wj-HmSj7D0nmXV88J3g,2026-07-18T00:30:25.040659+00:00,215000,False,11204341,201
UCkLJso3QO4L08r5yIiwXDzw,2026-07-18T00:30:25.040659+00:00,11,False,8618,19
UCzPyz8TYW4LRcIwUSyOwNrg,2026-07-18T00:30:25.040659+00:00,21,False,12378,31
UC26VRuzyIws063aBlfjPuug,2026-07-18T00:30:25.040659+00:00,1,False,5,2
UCkTcRd7oWWTbDBKFwIaSX0Q,2026-07-18T00:30:25.040659+00:00,186000,False,7027067,630
UCSL3Jd1qtL3RkeKCpbhOspg,2026-07-18T00:30:25.040659+00:00,445000,False,46401548,2239
UCPfyJ8ACV1DXh_6Yx68IxhA,2026-07-18T00:30:25.040659+00:00,116000,False,33647821,3577
UCuw8HxsyF6wUeptyhhZaB6g,2026-07-18T00:30:25.040659+00:00,6000,False,437415,144
UCu7BL-lajtjd42QuNqV3kiQ,2026-07-18T00:30:25.040659+00:00,5290,False,166394,66
UCaXHgF7cAdDElEtgG2XSjlw,2026-07-18T00:30:25.040659+00:00,245000,False,25288069,2151
UC9jFFLKWirEIBYMPHtjcJmA,2026-07-18T00:30:25.040659+00:00,2450,False,213987,31
UCmvrdaSYX8PlZO09bHDp4PQ,2026-07-18T00:30:25.040659+00:00,4050,False,218843,12
UCfGkuimLRsrJLW0gjQ8eIGg,2026-07-18T00:30:25.040659+00:00,237000,False,15703004,194
UCLwwxYXhMc1fCIAnaO8nYrQ,2026-07-18T00:30:25.040659+00:00,18600,False,3103852,666
UCa0Dx86qHZ2UQCf7IMiHC6w,2026-07-18T00:30:25.040659+00:00,1360,False,76504,60
UCWKfcASnSA4krA-mXgcSF1A,2026-07-18T00:30:25.040659+00:00,8690,False,933649,100
UCA9KuBy0Gx2lv4-qgvijeRg,2026-07-18T00:30:25.040659+00:00,11100,False,276057,112
UCxEf-eXn3ejmSzt7XEwzrHg,2026-07-18T00:30:25.040659+00:00,7190,False,204440,105
UCh0SZ0sQHfta4KZLizw7Xsw,2026-07-18T00:30:25.040659+00:00,1840,False,2564284,348
UC7-7U4ToSmTlYciU71F2eXA,2026-07-18T00:30:25.040659+00:00,1200,False,4198,24
UC5Q1ny6-imUICARjiYVvbrA,2026-07-18T00:30:25.040659+00:00,16,False,647,5
UCFgCY_hRcewKGqE5LmaeT8Q,2026-07-18T00:30:25.040659+00:00,19500,False,253493,26
UCXIpu2XnvmvaGP3CtJKBm1g,2026-07-18T00:30:25.040659+00:00,11400,False,330563,41
UCmTcA0rOwOPCaKvfsXFeZ8w,2026-07-18T00:30:25.040659+00:00,255000,False,46359330,6791
UCa3BMXA9qcVqMtfnq7d977w,2026-07-18T00:30:25.040659+00:00,154000,False,11418874,4311
UCKoBVjh6j8amPM6tw6Lb-cA,2026-07-18T00:30:25.040659+00:00,66000,False,666738,367
UCfCxPLBK1BYkaSqlrRwRXkA,2026-07-18T00:30:25.040659+00:00,427000,False,28020135,414
UCQcaWJDpjCe9t3PQdr4o3MQ,2026-07-18T00:30:25.040659+00:00,9630,False,391286,212
UCuFfmVqX2Znbj8VYImVo-MQ,2026-07-18T00:30:25.040659+00:00,28200,False,1921965,296
UCpJBoKmoAOpj8kMZ-238P9g,2026-07-18T00:30:25.040659+00:00,164000,False,14880511,87
UCLmJsEw6cV5HmOdTJ1OFfTg,2026-07-18T00:30:25.040659+00:00,909,False,28984,123
UCRf29wQfrsRfhNIVPtkTA_A,2026-07-18T00:30:25.040659+00:00,4540,False,63244,56
UCIoYrB3EKtwmTHiLhy10KTw,2026-07-18T00:30:25.040659+00:00,266000,False,55701906,3830
UCmfa1qNLj1OEkbumGRkgfSw,2026-07-18T00:30:25.040659+00:00,10700,False,272626,500
UCPF1EIWtFOvBe9YXwfCbsvw,2026-07-18T00:30:25.040659+00:00,3990,False,112009,86
UC3K00sDszkujssjSORnipvg,2026-07-18T00:30:25.040659+00:00,120,False,22,2
UCa-Oknc_xa3tGBgiUoKGqOg,2026-07-18T00:30:25.040659+00:00,0,False,11,1
UCG6xbZaxspUcmVNDmm09EHA,2026-07-18T00:30:25.040659+00:00,2170,False,397,3
UCzU0yKrV9asu_0WQ-QhPPOw,2026-07-18T00:30:25.040659+00:00,52,False,618,7
UCjboX8rWtjAyU7dI2bd67KQ,2026-07-18T00:30:25.040659+00:00,9220,False,226449,127
UCFMVncdxIw-kfoB-mBluGxw,2026-07-18T00:30:25.040659+00:00,0,False,8,1
UCbcvE4dQvyLxDKjHdE_XCOA,2026-07-18T00:30:25.040659+00:00,488,False,10992,10
UCBC6kj6oWeLuAiByuEYFVTQ,2026-07-18T00:30:25.040659+00:00,2570,False,116563,321
UCfQzTP1jc7JXj8hYtG31osw,2026-07-18T00:30:25.040659+00:00,19700,False,1830352,460
UCbqkofQ3IIzfzCJj79Gul7A,2026-07-18T00:30:25.040659+00:00,30,False,1387,14
UCTIi9jL0_XH6wCRyHDygl9A,2026-07-18T00:30:25.040659+00:00,6490,False,360874,117
UClPIl4UYEOJZWhURZdiktXg,2026-07-18T00:30:25.040659+00:00,97,False,15091,9
UCTJDN8KoFiIvTsiQdLnToKA,2026-07-18T00:30:25.040659+00:00,1580,False,92789,53
UCkG1mzZHOS_11faHbAgOXwg,2026-07-18T00:30:25.040659+00:00,950,False,53270,475
UCDxSSI3_n3bkFKzaJMO5veQ,2026-07-18T00:30:25.040659+00:00,5650,False,439185,152
UCqZir8BUwNNRxmBWHYsTypA,2026-07-18T00:30:25.040659+00:00,85,False,17475,13
UCr4SyRFd7gLDjBFw8DjHJMw,2026-07-18T00:30:25.040659+00:00,63,False,1509,3
UCcCtG2QKIuXSEJ9vPR1sc4w,2026-07-18T00:30:25.040659+00:00,8090,False,167577,160
UCqccPm6-YIBjbzQwpxCLOcg,2026-07-18T00:30:25.040659+00:00,0,False,51,10
UCUz06yHz7YZWF737tof7rYQ,2026-07-18T00:30:25.040659+00:00,868000,False,60760335,248
UCj-1PF5mW8s0Y4wg08M4inQ,2026-07-18T00:30:25.040659+00:00,4150,False,796061,124
UC7dNSXUwTKMIm42Y1s48pPQ,2026-07-18T00:30:25.040659+00:00,28800,False,3660645,515
UCX7xT2CweFolTMojXtuzayw,2026-07-18T00:30:25.040659+00:00,82,False,6013,8
UCIE_huSOHYOCeBAGe_OIuew,2026-07-18T00:30:25.040659+00:00,579,False,18898,107
UCpA0sSPTCBVrQFx0y7k00xQ,2026-07-18T00:30:25.040659+00:00,3480,False,362326,71
UCVDk_wsQZA2Tu4JzXpc3gVg,2026-07-18T00:30:25.040659+00:00,13,False,68,3
UCMgnxTg0x7lfZs480sdpREg,2026-07-18T00:30:25.040659+00:00,4380,False,277685,54
UCLcEIlORlJiHx_UlCwF943g,2026-07-18T00:30:25.040659+00:00,144000,False,999207,14
UCbtIUUFz6dB1GoNdJk-Irdw,2026-07-18T00:30:25.040659+00:00,8000,False,1203177,103
UCvwa-qsGh7-KMTOjbkAhQeA,2026-07-18T00:30:25.040659+00:00,176,False,15079,3
UCtv_DvLOBwce4W-BvJ8F3Cg,2026-07-18T00:30:25.040659+00:00,39,False,720,5
UCF5hZWbvQovfgehKBywZJcg,2026-07-18T00:30:25.040659+00:00,490,False,28564,37
UCLH6umJw5noeUxxDxZOR8ug,2026-07-18T00:30:25.040659+00:00,19500,False,701497,41
UCl2UORrBoS7_HjzFyB9I2qg,2026-07-18T00:30:25.040659+00:00,513,False,431037,111
UCe7fzqUpU5ZvygQbJeZ6JvA,2026-07-18T00:30:25.040659+00:00,3430,False,617281,201
UCCGEqESioRlas0CFwEZ1fww,2026-07-18T00:30:25.040659+00:00,324000,False,5276420,183
UCRy_kvtH_UPrEs0ycI3cZmQ,2026-07-18T00:30:25.040659+00:00,65,False,1820,10
UCDpDFEKiRYiKB7LVxbzv5Dg,2026-07-18T00:30:25.040659+00:00,470,False,48829,20
UCb6-rOFGlduX5HMokLioIew,2026-07-18T00:30:25.040659+00:00,1,False,201,1
UClLTHKpnQFKcnTFiH9O973A,2026-07-18T00:30:25.040659+00:00,13000,False,572055,83
UCtiCGbtEa0x-L6-YjBxGd8w,2026-07-18T00:30:25.040659+00:00,1920,False,0,0
UCQa_KSx_sMwg0K57IllohHw,2026-07-18T00:30:25.040659+00:00,6620,False,388047,106
UC3Yqhsaw7lWHb2TdjyZWTvQ,2026-07-18T00:30:25.040659+00:00,49,False,3003,12
UCFAJ1eybWfsflOuXtn_9yZQ,2026-07-18T00:30:25.040659+00:00,23,False,149,1
UCmHUz3tsGu5BHi6Awx0qOkA,2026-07-18T00:30:25.040659+00:00,438,False,0,0
UCHT6F9HJ9DtLUjTOH16yg6g,2026-07-18T00:30:25.040659+00:00,3110,False,803985,590
UCZ29PE-vJ0GO9i6PGjCpvxg,2026-07-18T00:30:25.040659+00:00,1090,False,59298,75
UCe5VGDq_lkGVYr3nmvV_58Q,2026-07-18T00:30:25.040659+00:00,27,False,2454,15
UC1WPoxIg5zphyBqiUEdSePA,2026-07-18T00:30:25.040659+00:00,12,False,3736,8
UC-myDbJ5Iqd9k3y7f0cd0mQ,2026-07-18T00:30:25.040659+00:00,50,False,7208,6
UCsbPUu0F_qqCmDFVjiRva1Q,2026-07-18T00:30:25.040659+00:00,113000,False,45637101,373
UC8fri9Q-YbMItcZivCuk6_g,2026-07-18T00:30:25.040659+00:00,15,False,119,7
UCNGEtj-O2VcNMRqJUkTP-XQ,2026-07-18T00:30:25.040659+00:00,287,False,8839,106
UCFByBzvo6xGtrYpkIALFCIA,2026-07-18T00:30:25.040659+00:00,854,False,27185,28
UCxY-fWTqpvYMRUeRvxlrC2g,2026-07-18T00:30:25.040659+00:00,8200,False,789924,148
UCpTbQ8rowBytgoF2YTvCsYQ,2026-07-18T00:30:25.040659+00:00,380,False,28093,55
UCWQG9Xm1gW5-vtW5h5z0QYg,2026-07-18T00:30:25.040659+00:00,3120,False,276206,46
UC0UC13e3Fec7jx_RBwKyX0A,2026-07-18T00:30:25.040659+00:00,451,False,29191,42
UC33WYr7nngdWtU8Sb6mf7aA,2026-07-18T00:30:25.040659+00:00,55200,False,40655430,211
UCQ4H3usLeUebgaFF7Rt53MQ,2026-07-18T00:30:25.040659+00:00,12100,False,973383,550
UC-k23IT4BIkIDiEPq4wfuvg,2026-07-18T00:30:25.040659+00:00,217000,False,12924173,598
UCiwCvtlqcYAyU7yFpqaB7Lw,2026-07-18T00:30:25.040659+00:00,7770,False,500157,49
UCxmvnjkkdrSZjAPzVfOousQ,2026-07-18T00:30:25.040659+00:00,3970,False,171936,39
UC2cWWUUkCIlPzPACw-APVMQ,2026-07-18T00:30:25.040659+00:00,1250,False,20941,84
UCf3bIp32dchfn_bVAWtzLPw,2026-07-18T00:30:25.040659+00:00,6090,False,372092,49
UCSRPWsKMym8ed266_OTcBbw,2026-07-18T00:30:25.040659+00:00,22700,False,379229,35
UCPwlq6mrxcXrHrAqDexXhcg,2026-07-18T00:30:25.040659+00:00,15200,False,727347,57
UCnByssex1Zh1FboteFyUSPg,2026-07-18T00:30:25.040659+00:00,57,False,1550,5
UCHgQ30ptHrrixdv7joxTcBg,2026-07-18T00:30:25.040659+00:00,142,False,740,6
UCrmc83vHc9Enn-DBvQz0y1g,2026-07-18T00:30:25.040659+00:00,1510,False,104886,83
UC5zkDm7jDZ9qUBDspq6YnAQ,2026-07-18T00:30:25.040659+00:00,37,False,167,4
UCBO8CtXUc74YzG3ZRA-41Tw,2026-07-18T00:30:25.040659+00:00,1080,False,5707,9
UChioSRvSVkgYhyG5qDW2JtQ,2026-07-18T00:30:25.040659+00:00,2180,False,43655,50
UCxm3qT6MukO0l_vlfjy_ziw,2026-07-18T00:30:25.040659+00:00,16600,False,1457022,244
UCvqUMTSBaUcr3jo6VZcAOww,2026-07-18T00:30:25.040659+00:00,986,False,29874,23
UCbp4MroFWUKbISfkWVtP44w,2026-07-18T00:30:25.040659+00:00,726,False,24198,6
UCjCokZPTSqgMhYO8ZWinhTA,2026-07-18T00:30:25.040659+00:00,59100,False,1809680,47
UCGMwIFulQGMMg9HoKjj7utA,2026-07-18T00:30:25.040659+00:00,137,False,2236,24
UCo4xyFe54pnZgxc1ztPYzaA,2026-07-18T00:30:25.040659+00:00,850,False,44620,78
UCGiUl_50PVio16C4MHClDVQ,2026-07-18T00:30:25.040659+00:00,287,False,35585,16
UCNqkWhEuuUHlF38Ix-D667Q,2026-07-18T00:30:25.040659+00:00,2880,False,245252,363
UCeS8rbr3AqDgkYmEMLMWjnQ,2026-07-18T00:30:25.040659+00:00,822,False,36511,31
UCq4ItoanM4e5nqZRtxwcVjg,2026-07-18T00:30:25.040659+00:00,660,False,37224,7
UCciWJbS8FCsgM8asue6Jvug,2026-07-18T00:30:25.040659+00:00,125,False,4503,69
UCu1Cd4XNTuv5z8MNZjFq1Xg,2026-07-18T00:30:25.040659+00:00,1450,False,61300,25
UCSVP1lQ0t5Lm7BSQx2Tz0JQ,2026-07-18T00:30:25.040659+00:00,435,False,142096,71
UCGtqXMSH7N6-DnhpiU8wnIg,2026-07-18T00:30:25.040659+00:00,85,False,2940,8
UC7yKlELRdtcK5x54CEUCuWw,2026-07-18T00:30:25.040659+00:00,1160,False,8493,33
UClqpNiv2-mFhnxTNx4HhNtw,2026-07-18T00:30:25.040659+00:00,4,False,6,1
UCm7MP72vh0Unw4cWDL2l0Fw,2026-07-18T00:30:25.040659+00:00,12,False,217,6
UC8OjFbeEyCC8wpPWPYRA0SQ,2026-07-18T00:30:25.040659+00:00,16,False,797,10
UCw48Rkx5LeKzVbSfb9Cukhg,2026-07-18T00:30:25.040659+00:00,36,False,6027,33
UCgTVEOflRneP2HphC6zNrHg,2026-07-18T00:30:25.040659+00:00,183,False,993,4
UChHP_CvPx861-HHnCoMAtUA,2026-07-18T00:30:25.040659+00:00,141,False,48461,79
UCjh3yckixYKKLHWFolp49eQ,2026-07-18T00:30:25.040659+00:00,11,False,332,5
UCKnqIu8eR2U-75hvI5GQv8g,2026-07-18T00:30:25.040659+00:00,4990,False,22981,10
UC4q8VVq5HMJmXRjZ7QZwVmw,2026-07-18T00:30:25.040659+00:00,39200,False,1537150,585
UCcsxQFWrFBlECkKlr4MhpQQ,2026-07-18T00:30:25.040659+00:00,4,False,2940,118
UCX8_4_mztunqgfWhD8g0DVA,2026-07-18T00:30:25.040659+00:00,42,False,148,5
UC-1uJQliiQgu8WH0II6TmTw,2026-07-18T00:30:25.040659+00:00,745,False,20752,116
UCxi9YcUZtUY_-ZfRKgHVjMQ,2026-07-18T00:30:25.040659+00:00,3,False,235,3
UCi2flGysyx4mr9Sr2E5sGmA,2026-07-18T00:30:25.040659+00:00,873,False,11632,86
UCiFgXNrYONEvGd6fHeG3zUQ,2026-07-18T00:30:25.040659+00:00,42,False,1218,15
UCqQYbw8rgQ_p4jYBrk168Mg,2026-07-18T00:30:25.040659+00:00,725,False,98460,47
UCdmS1jq-jyc9qfkhMXyvU9w,2026-07-18T00:30:25.040659+00:00,3150,False,856366,462
UCjGq_2qhX-nEYtMzjg6_YIA,2026-07-18T00:30:25.040659+00:00,52,False,524,4
UCYW8XY-RkpQi6wqNSypzfXQ,2026-07-18T00:30:25.040659+00:00,627,False,190297,103
UCcQnd-T1zXdMbajg0mJA8OQ,2026-07-18T00:30:25.040659+00:00,1,False,228,3
UCpamW3WJjX0CgjWGsBxIm2w,2026-07-18T00:30:25.040659+00:00,7890,False,586449,439
UCaG8knQcGPSApmArtxDdskQ,2026-07-18T00:30:25.040659+00:00,230,False,8349,21
UCJRiUKCZnCdgSJ7szrS8DfA,2026-07-18T00:30:25.040659+00:00,380,False,11440,20
UCE6nq54CxwAF5XDRKnFb96A,2026-07-18T00:30:25.040659+00:00,454,False,26574,4
UCcu8qHo94_5Sw1DaKphRdVw,2026-07-18T00:30:25.040659+00:00,633,False,79876,218
UCQkddibMMoTyv5gXGWRvXcA,2026-07-18T00:30:25.040659+00:00,185000,False,90910371,113
UCf2Iar2LDcFaSCnVH1ZMUkA,2026-07-18T00:30:25.040659+00:00,501000,False,95110792,3324
UCCKkCmuBvdFAdok_QIPxXKQ,2026-07-18T00:30:25.040659+00:00,547,False,230603,90
UCBvafC487L5tgwpeDC2qAWA,2026-07-18T00:30:25.040659+00:00,1590,False,5848,17
UCi_8h4-2yCvUINiFfJJEiig,2026-07-18T00:30:25.040659+00:00,358,False,24210,25
UC4X_PPw0EVKwTHkm4JJxIjg,2026-07-18T00:30:25.040659+00:00,6430,False,2226667,14
UCZTWgcDDQj5u90mdZKfjPZA,2026-07-18T00:30:25.040659+00:00,380,False,12884,14
UCd7V9fsvAmpmgTwkqTOVS4Q,2026-07-18T00:30:25.040659+00:00,133,False,10984,35
UCHod2KqD1vX9IrKlpbUMWdA,2026-07-18T00:30:25.040659+00:00,117,False,11701,13
UCoQ9oh9mfK12durUzIE2I0A,2026-07-18T00:30:25.040659+00:00,16,False,771,4
UCaTmeInJ7dt4CzuVv-zKC6w,2026-07-18T00:30:25.040659+00:00,129,False,5180,15
UCpQWw__o75_ZtjcyTBqTyLg,2026-07-18T00:30:25.040659+00:00,2540,False,1568316,299
UC5bBYpvPhh_A58VKfVuO1pw,2026-07-18T00:30:25.040659+00:00,23700,False,5688566,26
UCfshUAynelX8vkAT5UXb1DA,2026-07-18T00:30:25.040659+00:00,1030,False,38067,61
UC3CsotIchs_fM4XwaQXcTMw,2026-07-18T00:30:25.040659+00:00,121,False,4014,16
UCsFiimRAF02Pg2tkVehi9_Q,2026-07-18T00:30:25.040659+00:00,116,False,2530,8
UC3HExvUcWzV9ihsReEIcvNg,2026-07-18T00:30:25.040659+00:00,26,False,347,5
UCBoyBI3KhdBRnm4qo4hwTLg,2026-07-18T00:30:25.040659+00:00,52,False,1660,13
UCIfmdQFKSNrU2hb9XqEpy1g,2026-07-18T00:30:25.040659+00:00,48,False,32578,44
UCQbzzbM-EGERjLIpKLRGgPQ,2026-07-18T00:30:25.040659+00:00,34600,False,31339,20
UCJ6fr3Ga7ZV2Gbeb9F1duCg,2026-07-18T00:30:25.040659+00:00,11,False,1961,8
UC-MKS7nDzhqJtvgzq9VzTqA,2026-07-18T00:30:25.040659+00:00,1250,False,15726,48
UClz-gBcrU1QlKyQ7zka5crw,2026-07-18T00:30:25.040659+00:00,13000,False,597902,69
UCcvHzQiVySqeTBQbTZ-ElOw,2026-07-18T00:30:25.040659+00:00,0,False,11,1
UCkNx9e7yQNWPiXe5zCOuUiw,2026-07-18T00:30:25.040659+00:00,96500,False,12964593,200
UCEwzz9RYod_tEjLYhFZVNlw,2026-07-18T00:30:25.040659+00:00,3,False,1753,6
UCwuJODQ8B5Y_Sqch7jTPhuA,2026-07-18T00:30:25.040659+00:00,1630,False,169618,33
UCxWYUcPmjoB9BUaePOe8Sgw,2026-07-18T00:30:25.040659+00:00,3,False,40,2
UCddg5ApIuFU9zHjh9_35EWA,2026-07-18T00:30:25.040659+00:00,63,False,5089,19
UCAxEsOiiqDS0rWIm-KHnPYg,2026-07-18T00:30:25.040659+00:00,189,False,78375,11
UCtXJIcf-3RAVJw6W1rhfz8g,2026-07-18T00:30:25.040659+00:00,922,False,98952,71
UCkK1vGnW0LlSfacaHX7GmAQ,2026-07-18T00:30:25.040659+00:00,392,False,40708,25
UCdr_vomvUD-6z7Rz16oim-g,2026-07-18T00:30:25.040659+00:00,52,False,1703,10
UCe7DmcaEk8MrqEmwM_tFNqQ,2026-07-18T00:30:25.040659+00:00,143,False,36526,14
UCsvrW9k0uqrFMEXuF0HDgJQ,2026-07-18T00:30:25.040659+00:00,104,False,7581,29
UC_icTbRXb8efN1TQz-yFLsg,2026-07-18T00:30:25.040659+00:00,3090,False,681167,30
UCgQqfBHSBi2HscWGdF8CsJg,2026-07-18T00:30:25.040659+00:00,84,False,6254,45
UCSMg7ZKZfvSfoHKOEuJwU1w,2026-07-18T00:30:25.040659+00:00,1900,False,321077,30
UC7lzwHLzITXsphCJ5MVn4qw,2026-07-18T00:30:25.040659+00:00,6350,False,604433,70
UCtCcBybfx93NJwNAP_58rPQ,2026-07-18T00:30:25.040659+00:00,45,False,118,10
UCls8NUOtublzp1jUcihZ9pg,2026-07-18T00:30:25.040659+00:00,356,False,101917,65
UCbsxsmfRNd6oOxKtFLhjEUQ,2026-07-18T00:30:25.040659+00:00,23900,False,6690396,653
UCv3gqYnoTSpUT4Wr1mq2hrg,2026-07-18T00:30:25.040659+00:00,18400,False,1759350,247
UC0nMJ3QNryBHZpy1P3Wamwg,2026-07-18T00:30:25.040659+00:00,255,False,126913,103
UCJ_r6w_EX9v589Y56nE3WGg,2026-07-18T00:30:25.040659+00:00,0,False,916,2
UCh1gyxZxm0osk7GipwmsOgA,2026-07-18T00:30:25.040659+00:00,25,False,339,20
UCJ0_2tSsPFH0Eh1qbH6otaQ,2026-07-18T00:30:25.040659+00:00,5740,False,464043,60
UCxMSQGHZNChCr_sqKmdX8EQ,2026-07-18T00:30:25.040659+00:00,27,False,5645,8
UCn836Q9tM8nYs-8fzqGmuIg,2026-07-18T00:30:25.040659+00:00,22,False,326,3
UCpRF7T1Y81YktioApy8jP9A,2026-07-18T00:30:25.040659+00:00,37200,False,4505600,208
UCx6xNXS6NzhbSyJIccs3kGA,2026-07-18T00:30:25.040659+00:00,4060,False,1036125,192
UCnYF9KvymYmNlskEJnEGYFw,2026-07-18T00:30:25.040659+00:00,1570,False,56379,19
UCA6OvQn1SYABA_Mj_wz0qsw,2026-07-18T00:30:25.040659+00:00,772,False,184270,136
UCPZ5BVdQNI36_gBwBLhPUiQ,2026-07-18T00:30:25.040659+00:00,124000,False,44437949,1641
UCdDKWVfkMuicr92a6Z7ikUA,2026-07-18T00:30:25.040659+00:00,101,False,11423,20
UCkznI-AMbht1PLgVuuIef7Q,2026-07-18T00:30:25.040659+00:00,38800,False,5501,9
UCBGcLDP6kcgPz4JNN4E_5rA,2026-07-18T00:30:25.040659+00:00,347,False,33291,38
UCcM0vptubHl1E-H1r_3T53w,2026-07-18T00:30:25.040659+00:00,2320,False,3071653,165
UCm_cUbvQZt8A02HMU6vyguA,2026-07-18T00:30:25.040659+00:00,17800,False,10945018,393
UCQMq9xQQlI46pahL4BhX8Mw,2026-07-18T00:30:25.040659+00:00,8660,False,63669,37
UCzJkU-8sbFCBuuVwR3cLy5w,2026-07-18T00:30:25.040659+00:00,99,False,22464,50
UCNqwpPFHkSOl6RMShPm3R1Q,2026-07-18T00:30:25.040659+00:00,1280,False,127595,213
UCeL5fLio37XiYzBVYXGl73g,2026-07-18T00:30:25.040659+00:00,1370,False,144257,21
UC8-EbxIDcnX9rm5g0RM-e8Q,2026-07-18T00:30:25.040659+00:00,0,False,19,3
UCdCmqcH-SdLqNTmzA_cIbLQ,2026-07-18T00:30:25.040659+00:00,265,False,3050,10
UCgNisDupy_6hIBkw3pjDdWw,2026-07-18T00:30:25.040659+00:00,354,False,429211,29
UC3rs8Xl74E850e7pNtr9hMw,2026-07-18T00:30:25.040659+00:00,2210,False,1025535,321
UCdQQmUYoi4ncfKtMh21dVww,2026-07-18T00:30:25.040659+00:00,394,False,72816,29
UC4_jjlNoa3g_V3y9YoiE24Q,2026-07-18T00:30:25.040659+00:00,1390,False,64099,15
UCHCCA-XX30GUBXRdi0fSy-A,2026-07-18T00:30:25.040659+00:00,420000,False,79570962,62
UCC0R9UeV1Oh7K8NlcYPycsw,2026-07-18T00:30:25.040659+00:00,218,False,20766,48
UCTtmvUiXmgXQKakESlyB4sQ,2026-07-18T00:30:25.040659+00:00,60400,False,6578646,24
UCI9B6cvPkauAUvfV2CvKMMQ,2026-07-18T00:30:25.040659+00:00,71800,False,7887731,600
UCnVO0YbtoK4HyvQgChNvK9w,2026-07-18T00:30:25.040659+00:00,10400,False,948708,52
UC_R35RSV-86rk38no2Qxdow,2026-07-18T00:30:25.040659+00:00,42900,False,4695705,70
UCG_qsovwOdJZEdRpzQMoBoQ,2026-07-18T00:30:25.040659+00:00,2020,False,31651,20
UC7hnVkL4yNhzha-fmW1r9aA,2026-07-18T00:30:25.040659+00:00,5280,False,497699,2
UCtmb-Ini3eUbS1nMktyDgTQ,2026-07-18T00:30:25.040659+00:00,24200,False,7655,1
UCDC7wunTby0IhT6j_HLoi5A,2026-07-18T00:30:25.040659+00:00,8510,False,958580,57
UCCs99tIqD-OqRbVlNjRPPoQ,2026-07-18T00:30:25.040659+00:00,114000,False,27449825,36
UC6ClgNoiMI8i6EVnBBmlE1Q,2026-07-18T00:30:25.040659+00:00,665000,False,160765468,85
UCzbSklEJnEkeqBIREvJA8fw,2026-07-18T00:30:25.040659+00:00,112,False,10316,18
UCiFSGwe2ihgvPzRG6J2oAcQ,2026-07-18T00:30:25.040659+00:00,315000,False,86295634,53
UC9dlW43_P7QDHlSlPIEkWkQ,2026-07-18T00:30:25.040659+00:00,14000,False,822807,46
UC8b1vHYDjd4v4DLxHXL-UiQ,2026-07-18T00:30:25.040659+00:00,22000,False,2680124,16
UCEcYjPMUG0X4vvX99J6m8YA,2026-07-18T00:30:25.040659+00:00,32900,False,8487156,16
UCgxKgEAcJcKKyWTBdzDXQag,2026-07-18T00:30:25.040659+00:00,12200,False,1327650,32
UCYVsFoYhtjrOzCgbaG-yiag,2026-07-18T00:30:25.040659+00:00,25000,False,1251505,10
UCJEbxceR8FFUcZU0Ez83lPQ,2026-07-18T00:30:25.040659+00:00,4070,False,1094568,293
UCiZSpZ1fyqsT7rJb3ssgBrA,2026-07-18T00:30:25.040659+00:00,250000,False,40928991,12
UCSGjjIMkvIJh9vdbbNPb3pw,2026-07-18T00:30:25.040659+00:00,25800,False,3169001,13
UCzo5m5I2IzH8A__B3WZPC_g,2026-07-18T00:30:25.040659+00:00,60800,False,9189296,6
UCah2xR5R0nYaI4YrArPcSCg,2026-07-18T00:30:25.040659+00:00,106000,False,5551893,145
UCpqdK1XXfPH-oJ_c96ZTRNQ,2026-07-18T00:30:25.040659+00:00,244000,False,41578655,47
UCpBsjRgpKH3zZwwLHSBSySA,2026-07-18T00:30:25.040659+00:00,271000,False,35994726,106
UCqDPDmVqRFD7o1tY1S6Cskw,2026-07-18T00:30:25.040659+00:00,286000,False,32388556,48
UCKLi2WEfWKoo6JvZJCJsYOw,2026-07-18T00:30:25.040659+00:00,39000,False,10525731,187
UCrG36PjxPG2rgCHXmZEGmvQ,2026-07-18T00:30:25.040659+00:00,85300,False,20350883,400
UCRT9B6WBsaYGs9QsM0ZBNjA,2026-07-18T00:30:25.040659+00:00,334,False,50004,44
UCOs5SfpuovdhUhQqGZl9NOg,2026-07-18T00:30:25.040659+00:00,525,False,41867,28
UCioOLRA1euuTkNUiEOUdy0A,2026-07-18T00:30:25.040659+00:00,27000,False,5385920,64
UCAGCAiaAAs6foi_-CNDMRsw,2026-07-18T00:30:25.040659+00:00,18500,False,9630098,75
UCOGqY1GxiXCSP8F9pSqMHFQ,2026-07-18T00:30:25.040659+00:00,10600,False,2245126,179
UCTroPt7ajezU0xywQ8Ymb5g,2026-07-18T00:30:25.040659+00:00,12100,False,493398,144
UCfxaF-qcXrUGglR-HLMIhXA,2026-07-18T00:30:25.040659+00:00,1810,False,256397,80
UCspb2j229RKT267nQ736Tfw,2026-07-18T00:30:25.040659+00:00,9060,False,168,1
UC6sMTVclMvAdg4fZJYWdZhw,2026-07-18T00:30:25.040659+00:00,58700,False,6957615,25
UChgYU9sDMmUJ-PE37sUOIhg,2026-07-18T00:30:25.040659+00:00,3300,False,500701,29
UC-nB-EeC9qdmv0aJ5OU6avg,2026-07-18T00:30:25.040659+00:00,0,False,4,1
UCf2qcVZck1jgGoMvccY1Xfg,2026-07-18T00:30:25.040659+00:00,58700,False,11243119,97
UC54paN9XtANKncLgsNXpxuw,2026-07-18T00:30:25.040659+00:00,31900,False,7983181,80
UCJi-bkCmevi27lScSXlrUbw,2026-07-18T00:30:25.040659+00:00,1970,False,200696,41
UC8Z-aOFJe-SmwXFRobzs0QA,2026-07-18T00:30:25.040659+00:00,531000,False,136110538,186
UC94kX8sCqFj-3I4DgLGoQMg,2026-07-18T00:30:25.040659+00:00,11800,False,1637769,178
UClEUyN3C6oIAMOkc8TEN8Xg,2026-07-18T00:30:25.040659+00:00,184000,False,23944702,215
UCrh65i5dV0K4iaSknIOTogA,2026-07-18T00:30:25.040659+00:00,40100,False,134708,41
UCPdHXNbuwmONyFUnIANlJvg,2026-07-18T00:30:25.040659+00:00,25100,False,6272017,117
UCnaS6CqY_EGmnFD-G7sHNtQ,2026-07-18T00:30:25.040659+00:00,2,False,71,1
UC4VkNi2RZSJyqXsFaJYfsPg,2026-07-18T00:30:25.040659+00:00,868000,False,702910222,2548
UCKPT0j6sKw5wj-WmC7DaJMQ,2026-07-18T00:30:25.040659+00:00,1390,False,373598,170
UCWLsp2EDG3iT02-xaP_U96Q,2026-07-18T00:30:25.040659+00:00,801,False,168475,70
UCFtEiNuNNFr1SqbLamWsLVg,2026-07-18T00:30:25.040659+00:00,334000,False,163442976,170
UCRuTigrib17EQPZO2eTynZw,2026-07-18T00:30:25.040659+00:00,647,False,63333,187
UCzMm9bl7hcr8h0shcs6HgpA,2026-07-18T00:30:25.040659+00:00,138,False,384,17
UCGDWZx4CiP1wBSXUL2YBgvg,2026-07-18T00:30:25.040659+00:00,2,False,18,1
UCPtJKPgYHqe-K3xU5prWgDA,2026-07-18T00:30:25.040659+00:00,238,False,71914,87
UCUz4m5qXBUlbg_W2P-5dh5Q,2026-07-18T00:30:25.040659+00:00,22,False,5030,10
UCl5m1hcAdrpnQjFgonDYypA,2026-07-18T00:30:25.040659+00:00,329,False,51682,46
UCi7OUst2l_JggYhoVvV-11w,2026-07-18T00:30:25.040659+00:00,55,False,1613,13
UCNV5JHj2OLJpDsqvtRHEOOQ,2026-07-18T00:30:25.040659+00:00,104,False,9860,42
UCjSmyQpggeFqeyvJoZzruxA,2026-07-18T00:30:25.040659+00:00,1060,False,463363,559
UCj8bmPhngDpX5uA3QGcXxrg,2026-07-18T00:30:25.040659+00:00,322,False,14979,26
UChxJl7qeii3X3uaippbe1Zw,2026-07-18T00:30:25.040659+00:00,184,False,135893,43
UCxNorjh8miVWTnWmc9I01qg,2026-07-18T00:30:25.040659+00:00,1,False,130,16
UCjNLXO6WOy7xL0pT9xVjmXQ,2026-07-18T00:30:25.040659+00:00,1390,False,119781,230
UCBsJP0vRpDVt3NBP3pcf-tg,2026-07-18T00:30:25.040659+00:00,9960,False,198332,72
UCVWRIsZS1uilw0hqy0eHf9A,2026-07-18T00:30:25.040659+00:00,6880,False,2049227,124
UCfJsvn44PXZV4wWqDWB3gGw,2026-07-18T00:30:25.040659+00:00,1370,False,122165,69
UC0QnTPi6MCtWiDvFSTu0nLg,2026-07-18T00:30:25.040659+00:00,0,False,96,3
UClWpyw-uEKIufD2XctHu1Kw,2026-07-18T00:30:25.040659+00:00,680,False,7883,28
UCEC8e_Vpy67U4xnGwpo6v9Q,2026-07-18T00:30:25.040659+00:00,1700,False,38694,91
UCseliFPwzYWDLcsnz-gT2jA,2026-07-18T00:30:25.040659+00:00,507,False,10259,25
UC5hpZafAD5yLoI5dvyu7EAg,2026-07-18T00:30:25.040659+00:00,2450,False,851041,58
UCzyNj_K68UUMGku6elS3-Vw,2026-07-18T00:30:25.040659+00:00,117,False,11841,29
UChyXO66sH_11FUaqcN2K8mQ,2026-07-18T00:30:25.040659+00:00,96,False,997,6
UCcoMRdBwZ94F-v1o19v8C9A,2026-07-18T00:30:25.040659+00:00,2,False,73,1
UCZ_FsgcUmSz66ytXZo4ghUg,2026-07-18T00:30:25.040659+00:00,969,False,248019,23
UCOk9zSvzL_G02l8-5o2J0aw,2026-07-18T00:30:25.040659+00:00,12,False,5017,7
UCpmLphkq-n1GHMXxMWouURg,2026-07-18T00:30:25.040659+00:00,51,False,26918,26
UCEb1uUTOCTk178owtr6ycig,2026-07-18T00:30:25.040659+00:00,1450,False,352684,89
UCQ4WnlUXQgijxnKoxhS1fsA,2026-07-18T00:30:25.040659+00:00,1810,False,519592,108
UCVyYvZ_Tfp-eHC_Mdt7OgUg,2026-07-18T00:30:25.040659+00:00,4,False,52,2
UCQfScNdtr5cZ3AAjxnlhEfQ,2026-07-18T00:30:25.040659+00:00,832,False,908871,58
UCaoE0V-bRqIl-gqHX2mRRlw,2026-07-18T00:30:25.040659+00:00,7,False,788,16
UCJHnKlt5Jvs9eX_HoALh78Q,2026-07-18T00:30:25.040659+00:00,216,False,26349,35
UCnAPLrDh7HWge4MqPvHocgQ,2026-07-18T00:30:25.040659+00:00,6160,False,482576,97
UCeregcA7V24wo3vGVVsitfA,2026-07-18T00:30:25.040659+00:00,37900,False,4588916,643
UCeqzpsiMK9z6f-owiiUZeiQ,2026-07-18T00:30:25.040659+00:00,5,False,37,4
UCPbRBGkrAnnWGxBfpyTiUXg,2026-07-18T00:30:25.040659+00:00,54,False,12922,11
UCkt4LTivoYJuOkPROhayw0Q,2026-07-18T00:30:25.040659+00:00,295,False,19195,72
UCUATRdkuL0zxxmXWXBySgWw,2026-07-18T00:30:25.040659+00:00,185,False,262500,72
UCVkbgGtKLhJBylz9boUyP4Q,2026-07-18T00:30:25.040659+00:00,42,False,3951,11
UCYNtjJyosDXPToT3MdOzf1w,2026-07-18T00:30:25.040659+00:00,14,False,2828,7
UC0GrWdetiZpYVtF9nUTwRlg,2026-07-18T00:30:25.040659+00:00,1080,False,45482,71
UC0Qer2VuLfImP5KlKcPQ8dg,2026-07-18T00:30:25.040659+00:00,145,False,7654,9
UC1pk9EamTPBCunsTD7BxoAg,2026-07-18T00:30:25.040659+00:00,81,False,15870,17
UCWN7PzASZk2ju8GWF47NhSg,2026-07-18T00:30:25.040659+00:00,678,False,372065,222
UC9qjk1rYA0XpAbJ8CH7DFeA,2026-07-18T00:30:25.040659+00:00,430,False,89854,21
UCjLRdJQ2hHlhU10AswNiQ0A,2026-07-18T00:30:25.040659+00:00,57,False,630,3
UC3bN_qLws_jgNZmwUKyfuIg,2026-07-18T00:30:25.040659+00:00,424,False,28742,7
UC6Jkv_Am-0j20RxhDBS0PEA,2026-07-18T00:30:25.040659+00:00,11,False,1794,5
UCcvMPCUQ6EgqoZ9Du6Pym0Q,2026-07-18T00:30:25.040659+00:00,2910,False,150646,23
UCGa1_vxtCaUijKxNt0DB7aQ,2026-07-18T00:30:25.040659+00:00,158,False,46279,43
UC3oEN2nseVOuP6XUhFICRqA,2026-07-18T00:30:25.040659+00:00,268,False,90070,33
UCT_U9KV6byLeWkPcagCmMhQ,2026-07-18T00:30:25.040659+00:00,671,False,102436,29
UCVN7yd14BXmR_Ylg3MDCORg,2026-07-18T00:30:25.040659+00:00,57,False,36144,8
UCOlMa7eBVngg14Qnu8eAXgA,2026-07-18T00:30:25.040659+00:00,70,False,33677,49
UCAfSZ4d_LQ3v6gs6r4IADcw,2026-07-18T00:30:25.040659+00:00,27,False,9316,18
UC7Z3B_lEhVwpF-eHtbwfppw,2026-07-18T00:30:25.040659+00:00,2,False,21,3
UChVL7KZaoIqUActsaHZAoEA,2026-07-18T00:30:25.040659+00:00,1,False,4,2
UCusSUTH8cIHPvnzP0rXgfqA,2026-07-18T00:30:25.040659+00:00,15,False,10057,25
UCAbnKwbHRlhEXMvtSUzrrng,2026-07-18T00:30:25.040659+00:00,67,False,19547,24
UCgm1AkjIpLGAoBDdCPx1tMQ,2026-07-18T00:30:25.040659+00:00,1000,False,10331,12
UCVrABzvIgdjI0O2loGgZAGg,2026-07-18T00:30:25.040659+00:00,128,False,27515,33
UCVqb8_SOl0sTqsD6htnwBBQ,2026-07-18T00:30:25.040659+00:00,22,False,161,1
UCQRK4eZqMrDxQkb2e73bI1g,2026-07-18T00:30:25.040659+00:00,15,False,6521,6
UCfLUmA5cxq66Xud7ZrW_lGQ,2026-07-18T00:30:25.040659+00:00,2,False,344,3
UCrAW52TcVvMIP0pZpZcbELw,2026-07-18T00:30:25.040659+00:00,100,False,8873,34
UC8xM-XWUOolEEA2SHpm-B9A,2026-07-18T00:30:25.040659+00:00,10,False,873,11
UC_zR76WfAJj_-nPZgcPfZfA,2026-07-18T00:30:25.040659+00:00,7,False,3623,4
UCvADrZB8kSC6Ly-4NLrsksQ,2026-07-18T00:30:25.040659+00:00,0,False,329,2
UCA7B8K34SVOG95zpEoIs_bA,2026-07-18T00:30:25.040659+00:00,0,False,0,1
UCW_SDys00Yv9Fjq3ttcrvUw,2026-07-18T00:30:25.040659+00:00,189,False,76121,58
UCDuuXPVevJsTaFAv_kkqHOA,2026-07-18T00:30:25.040659+00:00,1010,False,184428,33
UC5ZAQUDD-zXVkZt3fALdq2Q,2026-07-18T00:30:25.040659+00:00,9770,False,2989856,317
UC7wRtuVWDxL2o8-74-y6LLg,2026-07-18T00:30:25.040659+00:00,231,False,4016,31
UCs2n9rcT5RTQRJZWRx-2F3g,2026-07-18T00:30:25.040659+00:00,22500,False,1094676,196
UC6gmE7AKU6TPG2iIx_q3kBQ,2026-07-18T00:30:25.040659+00:00,2000,False,450385,147
UCpb37g4I8pMnEv5NcSbf4Bw,2026-07-18T00:30:25.040659+00:00,47,False,6371,9
UCbuW88tFdrevpCcS8M6I07A,2026-07-18T00:30:25.040659+00:00,41,False,6630,29
UCUYXSaH7gW9DGZHItFsvJ_A,2026-07-18T00:30:25.040659+00:00,80000,False,28724348,651
UC0Acca2PGDyDGuNjk0JEB1Q,2026-07-18T00:30:25.040659+00:00,13200,False,1291445,73
UCPSAbhuBUTXhdB2tqgdmeVw,2026-07-18T00:30:25.040659+00:00,634,False,20169,11
UCjScMUhYoJTvPvPowUzPGqA,2026-07-18T00:30:25.040659+00:00,136,False,10830,46
UCZNreSxdvd50nzMz5zkXg4w,2026-07-18T00:30:25.040659+00:00,3370,False,2570513,66
UCsAYQL3fa-MtbeWv2aM5ntQ,2026-07-18T00:30:25.040659+00:00,11900,False,2681354,191
UCPbmJjqlpI2nV8Y2HobP1pw,2026-07-18T00:30:25.040659+00:00,91,False,30692,49
UC97ykIgaRLrsMJt226jpa9w,2026-07-18T00:30:25.040659+00:00,4,False,421,91
UCQhw_ZtCGmmCjR37BgcacAw,2026-07-18T00:30:25.040659+00:00,14,False,5126,5
UCQ1YtBI0uRoTGiIAytLKaGA,2026-07-18T00:30:25.040659+00:00,9050,False,1673928,136
UCzHhl8kAbLv6iTr9AT2vg3g,2026-07-18T00:30:25.040659+00:00,74,False,30124,9
UC-dCazLLgEAZm5PqSbHPyng,2026-07-18T00:30:25.040659+00:00,2200,False,629843,82
UCObCXpFPND_N_S2MTtkI-Rw,2026-07-18T00:30:25.040659+00:00,1200,False,472438,91
UCG9r38aVUA7qTRfKnBDNHEQ,2026-07-18T00:30:25.040659+00:00,5,False,22,1
UCBgsTH2adMQ4gmUV5qkyRhw,2026-07-18T00:30:25.040659+00:00,25,False,207,3
UCSuqB9kGrKU1Svh8S5BpKPA,2026-07-18T00:30:25.040659+00:00,1480,False,1143374,937
UCjmCkFFwHNiBtRUF94d0A_w,2026-07-18T00:30:25.040659+00:00,45,False,1860,17
UCR3tNGyaStfQooxU4cQkY3A,2026-07-18T00:30:25.040659+00:00,1,False,8,1
UCS0vl4-rOhiTQegftPOcNBw,2026-07-18T00:30:25.040659+00:00,133,False,41955,19
UCOjWIcNSjDDSJDaeo-AZERQ,2026-07-18T00:30:25.040659+00:00,0,False,18,5
UCn8o1RDwQ9yjHvha3e7x_VA,2026-07-18T00:30:25.040659+00:00,16000,False,1635381,1667
UCmwIKQQjwpjNT8OQ_VZuRfg,2026-07-18T00:30:25.040659+00:00,1230,False,722511,1510
UCSnNjJuwP1ZO9S7WoHnebSA,2026-07-18T00:30:25.040659+00:00,27,False,498,12
UCtCj1QVEHyXSNplt9SD6V-w,2026-07-18T00:30:25.040659+00:00,20,False,76,2
UCK0bPjNra_d-ezW5vQVfYaA,2026-07-18T00:30:25.040659+00:00,212,False,15470,19
UC-SGR59YzynMC5K6nbbH-og,2026-07-18T00:30:25.040659+00:00,153,False,2771,58
UC0ZcZzDZe8x6-olaRR5-wYw,2026-07-18T00:30:25.040659+00:00,70,False,1302,99
UCdy9Wdw7Sl9o05k1goBaB2Q,2026-07-18T00:30:25.040659+00:00,71,False,711,42
UCGQxfwFHFezIxXurJNgP2ug,2026-07-18T00:30:25.040659+00:00,9200,False,2816397,638
UCjCbWQXwuZlCLh5ncWlBTsA,2026-07-18T00:30:25.040659+00:00,1,False,15,1
UC4adsLXDnuV3w78KvQKrLgA,2026-07-18T00:30:25.040659+00:00,448,False,29367,121
UCljaMOnndd_7nhdApJr9lJg,2026-07-18T00:30:25.040659+00:00,11,False,2448,13
UC0Gy3iGhX2FqlDg6-LHiyWg,2026-07-18T00:30:25.040659+00:00,166,False,10325,53
UCaBfLajanCJS5yv5HDacKbg,2026-07-18T00:30:25.040659+00:00,458,False,15,1
UCAlhWWO8Psu7nMyxpXYtL7A,2026-07-18T00:30:25.040659+00:00,24,False,457,11
UCWrN64wbBVWpRGWat_paLSg,2026-07-18T00:30:25.040659+00:00,7650,False,180024,73
UCpIbj-tT_PLFwLUVZkursKQ,2026-07-18T00:30:25.040659+00:00,82,False,2084,139
UCRSWrrhmaigw_yXwoKv2uqw,2026-07-18T00:30:25.040659+00:00,119,False,1469,87
UCUz-4JNAAfclM4YTbPm-NYQ,2026-07-18T00:30:25.040659+00:00,264,False,11103,26
UCUpf9oGkS4Ns0m7ePBB5TTA,2026-07-18T00:30:25.040659+00:00,71,False,3831,13
UChGV7UFNdlRtUmTv_AX7Izg,2026-07-18T00:30:25.040659+00:00,26700,False,2379989,3694
UC7TTg_2UVX8w7B53AspynPA,2026-07-18T00:30:25.040659+00:00,22,False,496,1
UCCeRbItAo1Ugk7v5icCsMoQ,2026-07-18T00:30:25.040659+00:00,448,False,11750,61
UCecL5RXqIzb3N6zO0FaCN9Q,2026-07-18T00:30:25.040659+00:00,6000,False,154844,265
UChOnYwBt6dccs7vny0XBn5A,2026-07-18T00:30:25.040659+00:00,196,False,1388,7
UCyY-Oc4LZxuPCNtrOeIkPXQ,2026-07-18T00:30:25.040659+00:00,485,False,107821,24
UCh1devGAKOxk1FONKNQyWfw,2026-07-18T00:30:25.040659+00:00,240000,False,61849619,600
UC69j0n39Fj53JHIBsectTAw,2026-07-18T00:30:25.040659+00:00,83,False,10584,10
UCkD2Gixzde52jx1XspNvrBw,2026-07-18T00:30:25.040659+00:00,118000,False,40374978,2002
UCSPowuMDhhN8ayovAX28SOA,2026-07-18T00:30:25.040659+00:00,18300,False,4926391,341
UCtfeXEtCF7zlkfZDk8LnqpQ,2026-07-18T00:30:25.040659+00:00,8,False,3847,17
UCESLkkRAOvtHzG-wF7TNofw,2026-07-18T00:30:25.040659+00:00,394,False,21693,9
UCfqMutUM7GnawXWTefUY8dw,2026-07-18T00:30:25.040659+00:00,456,False,101070,36
UCvHgPqX_MU--WMuk2PVZubg,2026-07-18T00:30:25.040659+00:00,54200,False,10875018,139
UCoZJaxWPeeGKZ6ShK5EsIkA,2026-07-18T00:30:25.040659+00:00,54,False,26078,29
UCCSpwCvA20G-b2u7kjjogqw,2026-07-18T00:30:25.040659+00:00,23100,False,8410072,850
UCtxuDDwNMrV_nyE_yrTk3dQ,2026-07-18T00:30:25.040659+00:00,1050,False,6631,11
UCEm59e_lj_y6oP5Bm7l7r3w,2026-07-18T00:30:25.040659+00:00,24600,False,2806401,294
UCDRvVQA5TYL0TFYjA6jcHag,2026-07-18T00:30:25.040659+00:00,3840,False,836601,344
UC7qdij234UAVh6N7M7sszEA,2026-07-18T00:30:25.040659+00:00,3030,False,105159,31
UCCXw0STxDknWiHY0ULP2qdw,2026-07-18T00:30:25.040659+00:00,343000,False,59669624,394
UCG3QSJwsRV2nH5Fo3eoYlOA,2026-07-18T00:30:25.040659+00:00,50,False,13323,16
UCwoZO_4sCD_Bi6uYDeCa1dw,2026-07-18T00:30:25.040659+00:00,210,False,24114,35
UCnEp3XSh0qGO9656xrLK7XA,2026-07-18T00:30:25.040659+00:00,21,False,1246,9
UCmZhSTVkzhssQKyV_vqR3ng,2026-07-18T00:30:25.040659+00:00,11200,False,2088717,49
UCOFhOCgjIgm3JqGo6vSHQkg,2026-07-18T00:30:25.040659+00:00,1,False,35,1
UCEHW7PX0AaScrC3IbUiKO9Q,2026-07-18T00:30:25.040659+00:00,62,False,1268,1
UCQZR3b8KuE1ddvEGYmNHZMg,2026-07-18T00:30:25.040659+00:00,5450,False,359497,112
UCQkThZohN6AuWRPOf5plLNA,2026-07-18T00:30:25.040659+00:00,807,False,49886,21
UCjguZlEbLns5IgN3NM2nMlg,2026-07-18T00:30:25.040659+00:00,203,False,3098,7
UCZlgh5fNy_cuAPWQE7b1WsA,2026-07-18T00:30:25.040659+00:00,14000,False,1073479,24
UCSs9wxjf1Asv9HyFmMym9kQ,2026-07-18T00:30:25.040659+00:00,123,False,10093,18
UCSg2a8l-mUW9gqKFjZZig8g,2026-07-18T00:30:25.040659+00:00,19400,False,2418026,226
UCS5U8OTQXzQXMET3NcRguWQ,2026-07-18T00:30:25.040659+00:00,14600,False,2041163,443
UCZqd2Ow05JEMlpaXHdw0LWQ,2026-07-18T00:30:25.040659+00:00,101,False,4777,10
UC4DCS-GWdPQ3A9ukbJHB65A,2026-07-18T00:30:25.040659+00:00,84,False,4812,14
UCSquzAJZ72PTgZECfAEyYrQ,2026-07-18T00:30:25.040659+00:00,6780,False,1004852,157
UCmnOYj9e1G4MUSyyVK-A9Cg,2026-07-18T00:30:25.040659+00:00,11,False,675,3
UC7SqusQkpNX1hRjRvD_1Ong,2026-07-18T00:30:25.040659+00:00,2380,False,0,0
UC_3_FgfsOhlkBjFzQnJUkEQ,2026-07-18T00:30:25.040659+00:00,683,False,31008,15
UCrF6XEZfuk45pWcQAhrtYKQ,2026-07-18T00:30:25.040659+00:00,68,False,670,4
UCJ4AkYxYPsyxeWin5fAqVSw,2026-07-18T00:30:25.040659+00:00,50,False,24630,89
UCHWF_l-xuTe0fNouIdy8ULw,2026-07-18T00:30:25.040659+00:00,333,False,33008,20
UCdiGwivOErhuFV5uEUWxllw,2026-07-18T00:30:25.040659+00:00,2060,False,153235,6
UCVDevQUUFFRkP-byPUhMQtA,2026-07-18T00:30:25.040659+00:00,84000,False,6928044,142
UCVxzuJhGfjhyw1LmRFK9UxQ,2026-07-18T00:30:25.040659+00:00,33300,False,415582,66
UCYFleXVWEURbSC7bj3sqlPw,2026-07-18T00:30:25.040659+00:00,504000,False,38121992,150
UC4EOaPNYQhUSRmBI-N1EXEg,2026-07-18T00:30:25.040659+00:00,992,False,30516,5
UCf6o_gAivqqYLTRIh9fahTA,2026-07-18T00:30:25.040659+00:00,7280,False,178842,10
UC2OyEezNlfWZB70W9yPT-xw,2026-07-18T00:30:25.040659+00:00,2,False,56,18
UC42bGXt-5heQRPXPLsww3Jw,2026-07-18T00:30:25.040659+00:00,10,False,87,1
UC1XBIWfev3IF4mbw8SEPM-w,2026-07-18T00:30:25.040659+00:00,30100,False,1493215,14
UCN9fwTxVJ8x4vttXTkl59Pw,2026-07-18T00:30:25.040659+00:00,130000,False,7614121,33
UCA-IWqJKqhCDYcF8yAfKraw,2026-07-18T00:30:25.040659+00:00,3,False,21,2
UCNvrY1HYb-cPJTgbji557ig,2026-07-18T00:30:25.040659+00:00,42,False,594,1
UCsV0gCTr6Fdl-fMpg7_3Zuw,2026-07-18T00:30:25.040659+00:00,12,False,6398,7
UCFLr608uAey2074UZtRKuaw,2026-07-18T00:30:25.040659+00:00,4,False,41,2
UCSIcX89arHkxqoi3aiqN3hw,2026-07-18T00:30:25.040659+00:00,15,False,631,10
UC5HK5iZs2UB55Bum9BBbajg,2026-07-18T00:30:25.040659+00:00,81,False,16272,21
UCsGsDaPTOt6VXRPF2FyAJ4g,2026-07-18T00:30:25.040659+00:00,3940,False,385966,131
UCifJEvXNvD8XaK7JMSmnH_w,2026-07-18T00:30:25.040659+00:00,55,False,12091,15
UCJ_5slo-oa7bvnyD92m9c0A,2026-07-18T00:30:25.040659+00:00,220,False,33261,5
UCAewO1gshtHXVsOdxd03gkw,2026-07-18T00:30:25.040659+00:00,1150,False,910599,49
UCxJP7fjfHoOT928_29TyB5w,2026-07-18T00:30:25.040659+00:00,481,False,45247,76
UCmyEUjIqwiTwx6MFT19FD0g,2026-07-18T00:30:25.040659+00:00,354,False,78248,32
UCKurrM38zebptCChSC6QpuQ,2026-07-18T00:30:25.040659+00:00,597,False,20025,101
UCtBhlCYSLlz2TO9hK93micg,2026-07-18T00:30:25.040659+00:00,471000,False,8835014,143
UCWAOuD-vL-mwdNOAXLpMFsA,2026-07-18T00:30:25.040659+00:00,5720,False,2893182,167
UCY8MMMOhm6-om2MX97fFnpQ,2026-07-18T00:30:25.040659+00:00,207000,False,27408667,1783
UCourijd_t76uoWtcXdrzwOg,2026-07-18T00:30:25.040659+00:00,1920,False,192189,46
UCoAAGnfgkDNopG8HT31K_3w,2026-07-18T00:30:25.040659+00:00,2,False,85,4
UCzHCGIaSLRPy2xG6GBIXFYA,2026-07-18T00:30:25.040659+00:00,2040,False,675093,123
UCn-TGQjyzHIA1EgonmCpr8A,2026-07-18T00:30:25.040659+00:00,19100,False,1503286,208
UCdk5_7EZfPGouBqkuJ4pcuQ,2026-07-18T00:30:25.040659+00:00,364000,False,15033140,492
UC7mhtAaF1ESJgCozpoS2lcQ,2026-07-18T00:30:25.040659+00:00,13600,False,2744099,191
UCciHuEKKB73p626H_kjoZtg,2026-07-18T00:30:25.040659+00:00,67,False,4933,10
UCtewEIiXqtEGklFsghrTlsA,2026-07-18T00:30:25.040659+00:00,1530,False,111696,90
UCyrW9aDENkU6G6URdVFwB9g,2026-07-18T00:30:25.040659+00:00,16400,False,504873,418
UCoQXpCWew0Q3qz6buZYOAFg,2026-07-18T00:30:25.040659+00:00,132000,False,20900701,1532
UCxPYVvthidICJb75llNXktg,2026-07-18T00:30:25.040659+00:00,283000,False,82988414,3127
UCXnIrM4ECF___U_7LVkNz8A,2026-07-18T00:30:25.040659+00:00,226,False,123493,48
UCKOkvbdy90Js1JF0KO9sfxQ,2026-07-18T00:30:25.040659+00:00,6,False,1203,1
UCKPo6m2YUuRWhw-18sJPnYA,2026-07-18T00:30:25.040659+00:00,15100,False,38128085,1972
UCFDDinTJk2SPab8sy7QrPnw,2026-07-18T00:30:25.040659+00:00,1530,False,61603,73
UCYYLeuf3OuMj04YCb0vvA8w,2026-07-18T00:30:25.040659+00:00,225000,False,12111167,29
UCjm7vbOwssao7Bhm9wX3-bw,2026-07-18T00:30:25.040659+00:00,147000,False,14475420,2853
UCXx6WMAaI1c0yJ5LFlISadA,2026-07-18T00:30:25.040659+00:00,33600,False,2978254,139
UCNKF91XVC--97H9yyExwOLQ,2026-07-18T00:30:25.040659+00:00,36,False,1219,1
UCjHPBitwISx7xuhYRbUfFdw,2026-07-18T00:30:25.040659+00:00,3920,False,79291,12
UC9R-lccClK7uhR-kf5m60eQ,2026-07-18T00:30:25.040659+00:00,14700,False,1206693,125
UC_wH_kulb6PkXaF6I1a9xKQ,2026-07-18T00:30:25.040659+00:00,599,False,9586,2
UCo7jGFwywOdtesciwW-POqg,2026-07-18T00:30:25.040659+00:00,254000,False,121558789,1611
UC3tvYy-s84yySG7V85jRDnA,2026-07-18T00:30:25.040659+00:00,890000,False,210358258,3340
UCH8YwtCVpDIMNh7_EqLPNCQ,2026-07-18T00:30:25.040659+00:00,710,False,49456,78
UCHhk9EHspPZejY9PnR1PLVg,2026-07-18T00:30:25.040659+00:00,409000,False,148613386,5160
UCTKpmb3bHNDrIDTAaT7rLQQ,2026-07-18T00:30:25.040659+00:00,16,False,698,1
UCZ6MS5ygBzz25PnSMaAw8PA,2026-07-18T00:30:25.040659+00:00,30800,False,15316398,1209
UCAMfYnu9LVaiHTv67cKF9EQ,2026-07-18T00:30:25.040659+00:00,3840,False,742032,451
UCq0hVW_G5kWt2ocLhbjOtGg,2026-07-18T00:30:25.040659+00:00,10400,False,2856908,1209
UCmcJ_cXnhToGOqwIvOtwSVg,2026-07-18T00:30:25.040659+00:00,17,False,13069,8
UCLA8Ovy_NPAwMWvr8IEDquw,2026-07-18T00:30:25.040659+00:00,65000,False,3629314,818
UCbS_glb2N1NVTrDLVryRbng,2026-07-18T00:30:25.040659+00:00,917000,False,605935118,65293
UCbR7juPwtP-bV_w0840ciYQ,2026-07-18T00:30:25.040659+00:00,529000,False,253371710,6161
UCUmkuHIy9TcUhd10BCEVpIg,2026-07-18T00:30:25.040659+00:00,12900,False,2071617,252
UCY7ZeW8kUhwMbpN1uxp6Jkg,2026-07-18T00:30:25.040659+00:00,9,False,11,1
UCr0wete04v0G3l7YhtBROTg,2026-07-18T00:30:25.040659+00:00,18100,False,481993,495
UC-ESiKLk1zFajcoXRtZRDgQ,2026-07-18T00:30:25.040659+00:00,8,False,747,2
UCoUtpHt61tmeSpaznNoqr3g,2026-07-18T00:30:25.040659+00:00,8330,False,2363517,164
UC12Ujt77-UFGXPAalKwuXDg,2026-07-18T00:30:25.040659+00:00,101000,False,12362903,6693
UCF11-Puqxb0jdeWNc7F_Fcw,2026-07-18T00:30:25.040659+00:00,1240,False,294501,3799
UCmGMChEd9jBucufrWcpk3Ew,2026-07-18T00:30:25.040659+00:00,630,False,159636,67
UC1CkcuwxCW_dIchuR0tTCJw,2026-07-18T00:30:25.040659+00:00,139000,False,10903241,3534
UCacIRbbu-hgx4sRW6tZPRoQ,2026-07-18T00:30:25.040659+00:00,155000,False,39580057,4653
UCfVmYgJP_bBt00lLtPGsbcQ,2026-07-18T00:30:25.040659+00:00,26400,False,4562989,158
UCYJIF8T_Nhfcu_q5xvvSRSA,2026-07-18T00:30:25.040659+00:00,29700,False,323151,47
UCh6ZuRqZK3TX9yt-ssydQ8g,2026-07-18T00:30:25.040659+00:00,688,False,156342,107
UC7yF2-xCEXXv_h93qq6urww,2026-07-18T00:30:25.040659+00:00,28200,False,6387838,280
UCfqhE2Lyb-2zpv96EfaV6NA,2026-07-18T00:30:25.040659+00:00,3,False,633,3
UCQxYcvX5hnGJvuTFzKng-Vg,2026-07-18T00:30:25.040659+00:00,27500,False,1940518,315
UCEJ2OW9pd3aUob5SGap2Hzg,2026-07-18T00:30:25.040659+00:00,25400,False,4221704,755
UCVqfoMNwM8SIpL6BMGTZbcA,2026-07-18T00:30:25.040659+00:00,5670,False,616950,49
UCkMHuOw1YS3-p7tpP0g8Oug,2026-07-18T00:30:25.040659+00:00,625,False,99272,289
UCMYGJzk1xRLyb-7nPS91U1A,2026-07-18T00:30:25.040659+00:00,11,False,211,8
UCxAkK6_mU-y8NownflBHl7A,2026-07-18T00:30:25.040659+00:00,946,False,26210,191
UC4WsFD62bjLIlWe6BDyKgLg,2026-07-18T00:30:25.040659+00:00,1,False,10,2
UCiorAyPSc4u8OMhKahkz8Kw,2026-07-18T00:30:25.040659+00:00,10,False,51,2
UC0-wN1j5Encw4db-W0npmAA,2026-07-18T00:30:25.040659+00:00,2680,False,537514,872
UCSTl549eJYdeUAY0NmZLU6A,2026-07-18T00:30:25.040659+00:00,9350,False,707036,1767
UCgnkk8P4G9yQFuRl0dEO1HQ,2026-07-18T00:30:25.040659+00:00,43900,False,5782829,341
UCvr8FfbItix2xyxAqRpq2kw,2026-07-18T00:30:25.040659+00:00,11700,False,1613496,3092
UCpFP00DtyDEHJL38u16JeJQ,2026-07-18T00:30:25.040659+00:00,2790,False,311494,241
UCGyG2Xkr4xR73xgQMXNi8_g,2026-07-18T00:30:25.040659+00:00,4130,False,741612,96
UCZWLWHBB3t-VlJpqMin0MBQ,2026-07-18T00:30:25.040659+00:00,10,False,381,23
UCZEXdsMN3HWEz34uY5PbtXA,2026-07-18T00:30:25.040659+00:00,41,False,7162,30
UC0554zf4RvVkxwt_tS4Wx_g,2026-07-18T00:30:25.040659+00:00,700,False,216899,521
UC5Q_G46Xm2zLk3KENJyNZFw,2026-07-18T00:30:25.040659+00:00,6,False,38,1
UCXiuc0YzkB3Cqm5iGOPCfbg,2026-07-18T00:30:25.040659+00:00,1,False,334,3
UCPt6oRAoW7q6Tc3pVdte8Ow,2026-07-18T00:30:25.040659+00:00,27,False,185,6
UCy3DKiGOrAXgOYZ08p7b13w,2026-07-18T00:30:25.040659+00:00,2730,False,233186,28
UCclsYfuBasiAF0_jKu6UIKg,2026-07-18T00:30:25.040659+00:00,2,False,163,3
UCBqRzgKt-SI9i4J2kK9E1Cw,2026-07-18T00:30:25.040659+00:00,3550,False,454706,103
UCQDKBn0LV7zJfpx0Sjn6K5g,2026-07-18T00:30:25.040659+00:00,487,False,21597,32
UCSskMa5RIcLld1C9-zcXJLA,2026-07-18T00:30:25.040659+00:00,27,False,1195,13
UCvXR8NCCCr5N0edH88hcI_Q,2026-07-18T00:30:25.040659+00:00,3280,False,195026,497
UC_nEV-E7z5c250hGJaf5c0A,2026-07-18T00:30:25.040659+00:00,97,False,71596,72
UCFTKhTLqZ7mfqPy0TG534sw,2026-07-18T00:30:25.040659+00:00,3030,False,15254,79
UCljTXbhUOR5waxd9gRTLgaw,2026-07-18T00:30:25.040659+00:00,1200,False,116947,247
UC9POg6oD76qKaxyM8YimAKQ,2026-07-18T00:30:25.040659+00:00,982,False,69475,22
UCTt-pC0wjGVwhhNWFEOsDMQ,2026-07-18T00:30:25.040659+00:00,1000,False,15137,22
UCUB9xI15sYd8dHq629QP5uQ,2026-07-18T00:30:25.040659+00:00,117,False,16398,17
UCJmP1lPfoeGX8sI1zMCuTOg,2026-07-18T00:30:25.040659+00:00,12,False,363,3
UCxurgeq3vKKjMKZLc1sMl5A,2026-07-18T00:30:25.040659+00:00,1250,False,30945,25
UCPcpwO-IEYGbVxN28vU91Hg,2026-07-18T00:30:25.040659+00:00,61,False,36681,35
UCcramqaCahbkbALKYjdc-VA,2026-07-18T00:30:25.040659+00:00,1600,False,1653,7
UC0KvGxwklSVx0Uww0gMFfwA,2026-07-18T00:30:25.040659+00:00,198,False,25948,16
UCBlP-tEVTVhG0QvIKSnKFqA,2026-07-18T00:30:25.040659+00:00,6,False,2285,9
UCJqvzvbvZeip0hW_q3EW6_A,2026-07-18T00:30:25.040659+00:00,162,False,2806,3
UCzdwVqqrY_z1DJkpLfdMHag,2026-07-18T00:30:25.040659+00:00,1930,False,1204766,290
UCgZpKdr8jE-9VH4P0dEQMyA,2026-07-18T00:30:25.040659+00:00,123000,False,52797627,221
UC2UVrW6JtYPWq0ezzpF16RQ,2026-07-18T00:30:25.040659+00:00,6800,False,1860755,685
UCkhusRWtlkfDXeyaEAqxnvg,2026-07-18T00:30:25.040659+00:00,36,False,35301,32
UCf-nFO-Cr56Cd-BylJDLFAg,2026-07-18T00:30:25.040659+00:00,68,False,2582,11
UCkP-4Do9fA3CY25QAdP2VZA,2026-07-18T00:30:25.040659+00:00,55,False,8252,8
UCc9GEPH0oCt_48VM6AePYgg,2026-07-18T00:30:25.040659+00:00,112,False,2661,13
UCHRbXzdMHzVmbBLrVbrei8g,2026-07-18T00:30:25.040659+00:00,114000,False,30318549,186
UC8dedUAMnca1y5XVjDJu5XQ,2026-07-18T00:30:25.040659+00:00,320,False,5556,33
UCywKYmHKbV3lRW4HOOneGkg,2026-07-18T00:30:25.040659+00:00,87,False,38498,34
UCiH0SQX_tIi1AtaAn0410zA,2026-07-18T00:30:25.040659+00:00,14,False,5007,10
UCDY_htT4nVRXSAIQVydbtyQ,2026-07-18T00:30:25.040659+00:00,16300,False,3909152,119
UCG4iJ9LgvBTfaTCqdtkmMIQ,2026-07-18T00:30:25.040659+00:00,1460,False,868931,363
UCwYZFnfxGmEGqYruNho3beA,2026-07-18T00:30:25.040659+00:00,3090,False,277907,11
UCr1DskOOC0p1agQs4jnkdNg,2026-07-18T00:30:25.040659+00:00,1640,False,1256874,65
UCz_nCLpFKAAwoSTKamwIszQ,2026-07-18T00:30:25.040659+00:00,70100,False,6114683,207
UC4iQrvOdsgpHwbrvNrCJUkA,2026-07-18T00:30:25.040659+00:00,4280,False,447861,138
UCSodo0fV9KfObDMmYTpV5_A,2026-07-18T00:30:25.040659+00:00,41200,False,12933543,350
UC_ym_zKj2eVM5JV7S6wmybw,2026-07-18T00:30:25.040659+00:00,529,False,172141,30
UCLKaX-xMB_hMIgdNrIkiyVw,2026-07-18T00:30:25.040659+00:00,6110,False,370236,52
UCl4aG8npoRPiiPPr5S2-Lgw,2026-07-18T00:30:25.040659+00:00,109,False,39015,75
UCUQKEdJcyunNiHE7J0aJoig,2026-07-18T00:30:25.040659+00:00,791,False,156852,33
UCp1dmXYZMC6LgNiOqUnN_4w,2026-07-18T00:30:25.040659+00:00,2430,False,52838238,90
UC9Tg0Wf5Pyqs1Rm2TA2uTfA,2026-07-18T00:30:25.040659+00:00,32000,False,2154732,134
UCAkJO9PUcuTxu9impjgNWuA,2026-07-18T00:30:25.040659+00:00,2,False,1252,13
UCt6_uKUFzWP7jLJZR9WpEoA,2026-07-18T00:30:25.040659+00:00,694,False,107920,86
UCc1Zs92Xb56Us_XAb2OU7rQ,2026-07-18T00:30:25.040659+00:00,5,False,6,2
UCwaUcCAOyzudilU2vsxtieg,2026-07-18T00:30:25.040659+00:00,16,False,15643,64
UCKHgO2j1mqI5vFxJioRSPMQ,2026-07-18T00:30:25.040659+00:00,33000,False,1829679,617
UCoElcu6NTt-SxyARxAprpmQ,2026-07-18T00:30:25.040659+00:00,336,False,7359,22
UCsyRgC9aY7wm_6BmX9DtM1w,2026-07-18T00:30:25.040659+00:00,76,False,590,18
UCUlCRcQ9scpOnzMfGfDUugA,2026-07-18T00:30:25.040659+00:00,3730,False,226255,40
UC_HxkWZCXAODLKg3ggawmDg,2026-07-18T00:30:25.040659+00:00,9070,False,490696,165
UC-DuVdWFLOQYS93kJdXOR0A,2026-07-18T00:30:25.040659+00:00,145,False,2511,9
UCmTrMV3RUj_n8dO0Ff-wHOQ,2026-07-18T00:30:25.040659+00:00,320000,False,31370929,437
UCWnwsDArGEUHuUBTiv4JnEQ,2026-07-18T00:30:25.040659+00:00,23700,False,2401515,59
UCRGjzu8jJYKy3-5IG3ZV6cA,2026-07-18T00:30:25.040659+00:00,8,False,33,1
UCt1c2_2IHxYppY-vnBem2JA,2026-07-18T00:30:25.040659+00:00,6590,False,236433,207
UC5F9aIQD4W16FyhUDl42zUQ,2026-07-18T00:30:25.040659+00:00,510,False,38202,232
UCqXGW6IGN6fsLCDh4x6D1qw,2026-07-18T00:30:25.040659+00:00,73,False,3390,32
UC6yWjC53qkEzATbC4xczmJw,2026-07-18T00:30:25.040659+00:00,4200,False,251899,54
UC7y523uvfJhftdgPfC6NHPA,2026-07-18T00:30:25.040659+00:00,2470,False,331532,467
UCkXjFNkQdPUGCXGvwqAx7og,2026-07-18T00:30:25.040659+00:00,73,False,2231,139
UCyHeauUetH6yyKhzBD_Iqiw,2026-07-18T00:30:25.040659+00:00,13,False,1002,8
UC_cGGBNE1BYAnZAfdE71KWg,2026-07-18T00:30:25.040659+00:00,1360,False,94534,19
UCJryiZzac7A1AFCTShC4XBA,2026-07-18T00:30:25.040659+00:00,1950,False,28464,21
UCluX2aszbegi4QBNHFQP63A,2026-07-18T00:30:25.040659+00:00,79,False,459,7
UCfCzC_zJomF_Ace4T2wKb6Q,2026-07-18T00:30:25.040659+00:00,273000,False,18784247,637
UCU5c7NAe_j6YcVlkXYLxpmA,2026-07-18T00:30:25.040659+00:00,17400,False,834609,94
UCxEgUOusX-Z7f7zWK_aA79A,2026-07-18T00:30:25.040659+00:00,14700,False,314946,42
UCy2ql63nRG24V2Mn7pxLenw,2026-07-18T00:30:25.040659+00:00,40800,False,3740521,1000
UCcWXp95XWD9efSwF447DXrg,2026-07-18T00:30:25.040659+00:00,1570,False,42478,61
UCYRuRw221bkMM9zHUS5_Y0w,2026-07-18T00:30:25.040659+00:00,312,False,17047,169
UC1ILn3jWWLU0w9cy67SbkPw,2026-07-18T00:30:25.040659+00:00,1740,False,685048,583
UCNdi3r3vkppQh6lFNZg3d-Q,2026-07-18T00:30:25.040659+00:00,782,False,50208,39
UCSObrQoFIQS_-QQOc08_Ssw,2026-07-18T00:30:25.040659+00:00,76,False,1254,19
UC5w6Ug990g-ANPERMC-Y3eA,2026-07-18T00:30:25.040659+00:00,7090,False,158705,88
UCAcPvtBwVq1vqSyPdhqD-UA,2026-07-18T00:30:25.040659+00:00,13200,False,453256,276
UCMug8JAUI3upsBM5sWwYreA,2026-07-18T00:30:25.040659+00:00,42700,False,2290216,259
UC7Q9D6KZJXrwc12395GXVzA,2026-07-18T00:30:25.040659+00:00,549,False,8190,16
UCp6zvc74hxmfInIDehKQ9hA,2026-07-18T00:30:25.040659+00:00,46,False,663,17
UCVJBgDJMJ3wDsSUb4iEHyKg,2026-07-18T00:30:25.040659+00:00,59300,False,3028854,467
UC5ZNkdIVKL-M3KrNaCEzveg,2026-07-18T00:30:25.040659+00:00,76900,False,5454018,565
UCi8MyaVUy0jkE1pmvoxgXWw,2026-07-18T00:30:25.040659+00:00,3580,False,94164,60
UCeLelzi3O-B-HKdfMESnwkQ,2026-07-18T00:30:25.040659+00:00,2430,False,100601,21
UCsrkebjUwVU0pV4gS0RYJGQ,2026-07-18T00:30:25.040659+00:00,1940,False,33320,100
UCXBT25JJF98hQkRL6V2c5dQ,2026-07-18T00:30:25.040659+00:00,2930,False,85624,90
UCCJ89wwdePoKuxJVDNv2o4Q,2026-07-18T00:30:25.040659+00:00,1320,False,21390,12
UCKRJqvAtmN-Wd0t53HHBa2A,2026-07-18T00:30:25.040659+00:00,3830,False,147709,39
UCPZmRk4baYtsuVqwpdHAatw,2026-07-18T00:30:25.040659+00:00,5090,False,1526231,250
UCRGpKZOWMIEjCjMxeH2aN7g,2026-07-18T00:30:25.040659+00:00,113,False,5540,24
UCr6N1fR_Lb9ftvHwqCsadSg,2026-07-18T00:30:25.040659+00:00,5880,False,166962,63
UCk16AZqObhsEu7fUjwroGaA,2026-07-18T00:30:25.040659+00:00,4870,False,574695,901
UCKOwktknl1Nml4md_6xtHWw,2026-07-18T00:30:25.040659+00:00,5390,False,212244,313
UCSt7i0ZW6OGP9kjdWIMvitQ,2026-07-18T00:30:25.040659+00:00,4450,False,19134,16
UClRNtb47OA2TokvvxKsx7JQ,2026-07-18T00:30:25.040659+00:00,1680,False,395684,211
UCU3ecX4WYJwn8QK-ui0tmwA,2026-07-18T00:30:25.040659+00:00,13800,False,457110,23
UCOChhrxHx8lLASkitfBu3-A,2026-07-18T00:30:25.040659+00:00,5870,False,38511616,630
UC0XqZjHP-gdvd66zYTCJfPw,2026-07-18T00:30:25.040659+00:00,12700,False,133117,129
UCelf8BNPSMoNyACywNr-Kpw,2026-07-18T00:30:25.040659+00:00,9240,False,127249,22
UCOFS3qJtjiRq0YY1ibvslYw,2026-07-18T00:30:25.040659+00:00,17,False,263,3
UCnNF2wWnDyhm-yz2CgC5BTA,2026-07-18T00:30:25.040659+00:00,37800,False,14278475,141
UC5lwYwl6l2m4RC-z_ZBHafA,2026-07-18T00:30:25.040659+00:00,633,False,530751,27
UCMNzGVtXq9_Y4oYOYEkd-7Q,2026-07-18T00:30:25.040659+00:00,9860,False,551286,304
UCS2ZjE9iD7LxI67pd6GVKEw,2026-07-18T00:30:25.040659+00:00,103000,False,6909360,995
UCtaw5NwO3T8Do1CobY4uP5A,2026-07-18T00:30:25.040659+00:00,1890,False,449554,227
UCCC3sx1ispa_2wCA3EYBotw,2026-07-18T00:30:25.040659+00:00,1590,False,23373,17
UCSeF9kD4vSmxjsVrRojUjsg,2026-07-18T00:30:25.040659+00:00,341,False,16222,27
UC_wJhm5jkqIBLd8-9fZg0XA,2026-07-18T00:30:25.040659+00:00,6900,False,526621,256
UCsi5-o9gSDEUl2eDi-eJM9g,2026-07-18T00:30:25.040659+00:00,106,False,17301,5
UCl2-7XYoDKAHPBqMPreO19w,2026-07-18T00:30:25.040659+00:00,427,False,12401,33
UCFXQ-ZCsWIr_qOztBYZ906w,2026-07-18T00:30:25.040659+00:00,433,False,235500,51
UCqESOsot-Ppk1def_hDnhsg,2026-07-18T00:30:25.040659+00:00,140,False,10853,19
UC3Kh4e8CHpffrEzt1d1Kspg,2026-07-18T00:30:25.040659+00:00,2180,False,121379,81
UCGmE1COCLwZdQcLNnc2Qp5A,2026-07-18T00:30:25.040659+00:00,640,False,3654,29
UCOYVlEvf-f9e4UCdVojIVUQ,2026-07-18T00:30:25.040659+00:00,18,False,438,3
UCN3JGHUdqHPEOXEY9S6kSfA,2026-07-18T00:30:25.040659+00:00,242,False,6568,23
UCNX0CIE5m_9vxWksVD7asvQ,2026-07-18T00:30:25.040659+00:00,21400,False,1105667,87
UCQIzORcHAhShkUZzIxaV6DQ,2026-07-18T00:30:25.040659+00:00,21,False,605,33
UCQqJTyiqe4C5x94ERghMpBA,2026-07-18T00:30:25.040659+00:00,2,False,1828,5
UC6SZGBCG1i5v10CF3OeafLg,2026-07-18T00:30:25.040659+00:00,32,False,2718,8
UCzU3FXmtrch045NDiIHicaA,2026-07-18T00:30:25.040659+00:00,1570,False,69016,180
UC5buOuCitUpuGPFZKJOeAGw,2026-07-18T00:30:25.040659+00:00,179,False,3119,14
UCwwQRIgp0G6CmZdKQJBlg9A,2026-07-18T00:30:25.040659+00:00,195,False,1459,19
UCw3u8KEMN_0O29g8pOhWceA,2026-07-18T00:30:25.040659+00:00,23,False,788,2
UC_rH4CoL1FNn58WQVg_Y7mA,2026-07-18T00:30:25.040659+00:00,69,False,2991,76
UCZ29uda1Tweo5ENSXJppPAw,2026-07-18T00:30:25.040659+00:00,1910,False,6056,10
UCRSl-U2W-qUulwFPVvndhwA,2026-07-18T00:30:25.040659+00:00,247,False,5512,15
UC7Mjxanti9szzP2pHVzRsqw,2026-07-18T00:30:25.040659+00:00,32,False,22,1
UCR6RSgJxqSju02lm9K-KWmg,2026-07-18T00:30:25.040659+00:00,53,False,944,5
UCuXFwveVodjeJ66lTMrxHkw,2026-07-18T00:30:25.040659+00:00,13,False,170,6
UCDiHT5PUxgVKhJho0KHCPSg,2026-07-18T00:30:25.040659+00:00,45,False,0,0
UC9bdPAkmKvSdWy_L2kGr_hQ,2026-07-18T00:30:25.040659+00:00,315,False,4614,19
UCAKaim711VP13ACUihQF05A,2026-07-18T00:30:25.040659+00:00,41,False,1465,7
UCMaKyH6yopChpZBCvwjYc2Q,2026-07-18T00:30:25.040659+00:00,217,False,7947,18
UCoTwhjWx2AoxTBLLqRbXG5w,2026-07-18T00:30:25.040659+00:00,2140,False,93489,54
UC2RgFroDzxQwKLKV5pH1dMQ,2026-07-18T00:30:25.040659+00:00,105,False,194,2
UCtQ_3GnVAFgU49_wyZg6qow,2026-07-18T00:30:25.040659+00:00,208,False,851,12
UC9D2wB19IK3kHrDCK1B7w4w,2026-07-18T00:30:25.040659+00:00,21,False,114,1
UCKn8mSyZt_qwXK1Kzr6hA9w,2026-07-18T00:30:25.040659+00:00,2690,False,541114,49
UCszOGG2jqk4RGQoMOtD8EHg,2026-07-18T00:30:25.040659+00:00,3650,False,126491,80
UCV2fznLRnZqbta_8npkLB4w,2026-07-18T00:30:25.040659+00:00,1230,False,388358,29
UCqc7EnKqdU5kBd1StGpOvmQ,2026-07-18T00:30:25.040659+00:00,20,False,2668,2
UCqKTOnUJB4FWuf63HiFLbbw,2026-07-18T00:30:25.040659+00:00,15,False,137,4
UC8gSVAEKGlZigj1xK-33TNw,2026-07-18T00:30:25.040659+00:00,93,False,1193,2
UCT4afSpF7vaC-RwCJdcGHCg,2026-07-18T00:30:25.040659+00:00,15,False,1686,3
UCMHjslR-_UU22z9TmV6Q2HA,2026-07-18T00:30:25.040659+00:00,13200,False,730955,62
UCT1onHH7JVkJvr4BYa3gJmg,2026-07-18T00:30:25.040659+00:00,5,False,610,3
UCZ0GXjs6fKPmpUUn-DfnkOw,2026-07-18T00:30:25.040659+00:00,4,False,10,2
UCPsg1Ij4M9AbqU1G77WFLSg,2026-07-18T00:30:25.040659+00:00,205,False,12264,46
UCHtTguUXuXNqadJm-iVG9rw,2026-07-18T00:30:25.040659+00:00,1,False,52,3
UCl4Y73ZM9g5mP5W489jHp3w,2026-07-18T00:30:25.040659+00:00,554000,False,49315838,775
UCls_uDOm2aY8LP8tP1Z4BOQ,2026-07-18T00:30:25.040659+00:00,45600,False,4039250,246
UCYnCzGtmgWT8YajRWBb-fAA,2026-07-18T00:30:25.040659+00:00,7,False,322,2
UCy_y6nMp8Hjyl5HnnuErGuw,2026-07-18T00:30:25.040659+00:00,25500,False,2247336,206
UCp0DdAwRrauIUwUU0hwZMww,2026-07-18T00:30:25.040659+00:00,24,False,2317,7
UCIQ9OZNLnAZTySLZgUxbcQQ,2026-07-18T00:30:25.040659+00:00,693,False,53727,73
UCrIyEj0Xv5j6uSjrvWLnqkw,2026-07-18T00:30:25.040659+00:00,781,False,90513,3
UCgCScS0g93SSr9UmHLXquSQ,2026-07-18T00:30:25.040659+00:00,894,False,5963120,103
UCbMYIzdPgO1WTRA-lZSA5Eg,2026-07-18T00:30:25.040659+00:00,33,False,12805,21
UC2ZX-A6Js8RbeS6uds_RJZw,2026-07-18T00:30:25.040659+00:00,1800,False,14067,45
UC91DBjbGDIfxhi-R0rWQkaQ,2026-07-18T00:30:25.040659+00:00,38700,False,3327538,208
UCVPeicyAm-j34cXOa6OGI9g,2026-07-18T00:30:25.040659+00:00,6,False,72,1
UCH6Cm_2-yEJ_a-PE7JBMDuw,2026-07-18T00:30:25.040659+00:00,84,False,13033,2
UCphiPgK1ctc1QozYfL_BSiQ,2026-07-18T00:30:25.040659+00:00,453,False,43379,11
UC_YEDp_hEdqGHD6cYAHX0KA,2026-07-18T00:30:25.040659+00:00,401000,False,18352326,969
UCt8tjeE8K49R8A-cWmF8z9A,2026-07-18T00:30:25.040659+00:00,9,False,629,5
UCLoI9kreQ9j_TCZx55wmtIw,2026-07-18T00:30:25.040659+00:00,207,False,11843,80
UCgYwpK41WuOyc5K4ysDO7UA,2026-07-18T00:30:25.040659+00:00,445,False,12727,22
UC3M6OzfWtr6tXJ9UDmytWBg,2026-07-18T00:30:25.040659+00:00,5,False,513,2
UCqXCiD5kpbHq8U6r1xfrFnQ,2026-07-18T00:30:25.040659+00:00,33,False,693,11
UCXfKY4J6eRCh8iPUwQ95HmQ,2026-07-18T00:30:25.040659+00:00,360,False,44063,41
UCxgT-PRraH7gJjw9kpY5Rmg,2026-07-18T00:30:25.040659+00:00,464,False,125568,56
UCEIh3ZxB3nAw6L_HbEBny0Q,2026-07-18T00:30:25.040659+00:00,303,False,189540,136
UCupaJUZBUCNncGckZDGSoQw,2026-07-18T00:30:25.040659+00:00,12,False,1376,7
UC8j_8kc0GTdl52VtneEELtg,2026-07-18T00:30:25.040659+00:00,822,False,57857,337
UC8MDcSxi00w_R5mr78N_Qnw,2026-07-18T00:30:25.040659+00:00,1220,False,25430,150
UCnMFUg-Toi1mIknvElW9mUQ,2026-07-18T00:30:25.040659+00:00,1370,False,88647,141
UCAJe39mKx2LACmYIjpUs6XQ,2026-07-18T00:30:25.040659+00:00,7030,False,444115,264
UCa2DhOS0yohLWWdDL1SjtOg,2026-07-18T00:30:25.040659+00:00,13,False,684,4
UCXTMoIwt2CDXXcC3sh4QQcQ,2026-07-18T00:30:25.040659+00:00,0,False,27,2
UCSNTusy_RmBUbTV2aV4ju_w,2026-07-18T00:30:25.040659+00:00,222,False,10189,47
UC_tAL8RywbOgTK1Fbwe633g,2026-07-18T00:30:25.040659+00:00,167,False,5871,48
UC7dh3kXuvONBFPWzs9BCEYQ,2026-07-18T00:30:25.040659+00:00,567,False,11692,70
UCJWipdY23VhNmMywN9NvzGA,2026-07-18T00:30:25.040659+00:00,100,False,5089,40
UCGwNjr4N0uUvqD8MopqsfyA,2026-07-18T00:30:25.040659+00:00,2280,False,30538,74
UCoWjlh2GnpjnppUAzVD_EyA,2026-07-18T00:30:25.040659+00:00,219,False,1461,2
UCpy58w5V4hoDd05mhlpLiRw,2026-07-18T00:30:25.040659+00:00,697,False,4970,20
UCOY1BTAuzZDJHggLNyKUnZQ,2026-07-18T00:30:25.040659+00:00,11,False,253,3
UClKd124-zPV5juJ9fymmRhg,2026-07-18T00:30:25.040659+00:00,632,False,9675,42
UCuORYsduEWY6XGerTtlQJ0Q,2026-07-18T00:30:25.040659+00:00,22,False,938,16
UCQo8ufIJEkgyytpqVWRJ_dw,2026-07-18T00:30:25.040659+00:00,1720,False,51427,56
UCM1XR4yUmryIdI5um99YlKw,2026-07-18T00:30:25.040659+00:00,466,False,27291,117
UCa-3XHyBJlOdKPSc52FSzpg,2026-07-18T00:30:25.040659+00:00,98,False,5439,2
UC2-iKoeLd-v-vAcxbNE4zcg,2026-07-18T00:30:25.040659+00:00,2680,False,201108,508
UCrn-Mja5YBvZzCUhGewsEyQ,2026-07-18T00:30:25.040659+00:00,36,False,561,7
UCNy0uzQw5DbObdXsQ_N20wA,2026-07-18T00:30:25.040659+00:00,57,False,1817,15
UC7_6YvDWxB0nCQKcuA7_HaQ,2026-07-18T00:30:25.040659+00:00,235,False,15553,49
UCEFYhzFnvSFKIN-jDiYGhnw,2026-07-18T00:30:25.040659+00:00,4450,False,87061,90
UCJat4zcnqLpGf45U0yrxM6g,2026-07-18T00:30:25.040659+00:00,3,False,109,3
UChlup18XcBlFNvRe98MBFLg,2026-07-18T00:30:25.040659+00:00,230,False,7982,13
UCGDUKdvO4Oyx96FSVOLPn2w,2026-07-18T00:30:25.040659+00:00,715,False,61660,336
UCKA7SQOUkD1_z5lr016Q70w,2026-07-18T07:26:54.671174+00:00,10900000,False,5119318911,755
UCRDDfbYPHX_GUJ4lcQYTc8A,2026-07-18T07:26:54.671174+00:00,6550000,False,6083698856,33960
UCJA-NQ4MtcRIog66wziD8fA,2026-07-18T07:26:54.671174+00:00,5740000,False,1614928264,4082
UCaIc6SgS90ud_RgMSC6hW_w,2026-07-18T07:26:54.671174+00:00,5300000,False,4378104316,12023
UCOtYyt7W5PmPnwQjWWF_Z-Q,2026-07-18T07:26:54.671174+00:00,5290000,False,4146147233,57707
UCn0XmAUFv6d2tofMFEesSNw,2026-07-18T07:26:54.671174+00:00,4200000,False,3446333243,22547
UCrHB06pIp3WAlyBo30OAdvg,2026-07-18T07:26:54.671174+00:00,4190000,False,145385482,1958
UCh9qXeL8eP3Txra2908xksg,2026-07-18T07:26:54.671174+00:00,4050000,False,883992229,1572
UCGkzF25IZBE1SF9ykM64xEA,2026-07-18T07:26:54.671174+00:00,3890000,False,629898827,119
UCCK3OZi788Ok44K97WAhLKQ,2026-07-18T07:26:54.671174+00:00,3870000,False,2589002988,181014
UCckltLEhFLv8Xz_lQhYfwmg,2026-07-18T07:26:54.671174+00:00,3760000,False,2723421931,163969
UC4UaWbUUwVvCxWNqhb4f16Q,2026-07-18T07:26:54.671174+00:00,3330000,False,628603090,2778
UCQTcNhAZidy1i9wwmdgf2Lw,2026-07-18T07:26:54.671174+00:00,3240000,False,2493974269,37465
UCgnFSj7jQffD5V5m05j4dPw,2026-07-18T07:26:54.671174+00:00,3150000,False,1795212810,328079
UCRtAu8OVYVfuNZmTV-Ug0zA,2026-07-18T07:26:54.671174+00:00,2930000,False,246741661,543
UCuc40qp1ZKB_ZbDw9iml8Kg,2026-07-18T07:26:54.671174+00:00,2890000,False,1628012990,727
UCDm4BW0Q5d-zASSuRyvPGXw,2026-07-18T07:26:54.671174+00:00,2780000,False,387699151,2084
UCVd1jcy6wKFzfQ5E-Txtg-w,2026-07-18T07:26:54.671174+00:00,2440000,False,509769518,1165
UCmqflTSJ6911aCrnaWIXxsA,2026-07-18T07:26:54.671174+00:00,2370000,False,778490999,3752
UC6lDrxy3lS4LNRuuBtryqpQ,2026-07-18T07:26:54.671174+00:00,2250000,False,406000081,871
UCYFn7BOOlmL21iNJ6q5IDfg,2026-07-18T07:26:54.671174+00:00,2180000,False,729842888,398
UCOLdaAcrdzYY3ug15EuuFAg,2026-07-18T07:26:54.671174+00:00,2160000,False,848338521,104
UCMQYRNX1Fg-HJ8Ey7Z3WPrA,2026-07-18T07:26:54.671174+00:00,2130000,False,282712548,93
UCaK7Q39swdiSrp1TBgOi7QQ,2026-07-18T07:26:54.671174+00:00,2070000,False,335716037,4376
UCJsN1Mmx4GRA6sCYdfKqpSQ,2026-07-18T07:26:54.671174+00:00,1950000,False,214049793,184
UCc8W1zUTmtNqXIhOHxPIAuw,2026-07-18T07:26:54.671174+00:00,1930000,False,2038846,155
UC8irIP66QzlZNVgqe4vwN9g,2026-07-18T07:26:54.671174+00:00,1910000,False,1697994702,445
UC3C6rQHX8pkjSyOm-620k3w,2026-07-18T07:26:54.671174+00:00,1860000,False,26566365,408
UCGjZJ0TN1PlJIEwJXKNlm6w,2026-07-18T07:26:54.671174+00:00,1850000,False,191222757,1104
UCa5uVqVCpNGdqkZ4FXjpwig,2026-07-18T07:26:54.671174+00:00,1790000,False,7756724,19
UC9SnUR9ewkPk9h45L0uY6SQ,2026-07-18T07:26:54.671174+00:00,1770000,False,937742565,421
UCwKYO2L9xzLtWhSv4ncYCIA,2026-07-18T07:26:54.671174+00:00,1750000,False,170511504,678
UCtTgIrVyMl405cDQEO55AEg,2026-07-18T07:26:54.671174+00:00,1720000,False,451726495,505
UCs_mHlm5_C82W5WCIJaSMbQ,2026-07-18T07:26:54.671174+00:00,1710000,False,265852115,5638
UCJbxRq_IlWyzvB9KK0Mrs8A,2026-07-18T07:26:54.671174+00:00,1670000,False,296094356,166
UCU57IJhYK4v_XCOo4khbBxA,2026-07-18T07:26:54.671174+00:00,1670000,False,279969108,572
UCVwbUjoiTUXxeVjsxW9Kwng,2026-07-18T07:26:54.671174+00:00,1670000,False,491140862,596
UCT83ymyAGm7Gnk_4ifxjxIA,2026-07-18T07:26:54.671174+00:00,1650000,False,471339803,25674
UCcpvzu2fNDZyKkQ6tETbHLw,2026-07-18T07:26:54.671174+00:00,1620000,False,454993079,622
UCEa6e_J_Xs_GKCzG8Eq15Xw,2026-07-18T07:26:54.671174+00:00,1580000,False,563738779,146
UCc30sTBdN9LRSxEuHaXV_bQ,2026-07-18T07:26:54.671174+00:00,1560000,False,651928959,47279
UCw6-MbidLyoWQlvb9FFz5xQ,2026-07-18T07:26:54.671174+00:00,1560000,False,1250304209,236
UCkuoWSLw-SNu8dvVCU0MjMQ,2026-07-18T07:26:54.671174+00:00,1510000,False,246687307,207
UCfYQW_0xEVwKfePgWRxTYhg,2026-07-18T07:26:54.671174+00:00,1480000,False,391272710,462
UC2sO_F_Ky4LIAUtSJYXqBDA,2026-07-18T07:26:54.671174+00:00,1470000,False,756315751,14881
UCEUSUxrhCt4n0Pp9WB7q7-w,2026-07-18T07:26:54.671174+00:00,1460000,False,91659478,1882
UC95VofaZiQPFwRMaqPhLc0w,2026-07-18T07:26:54.671174+00:00,1450000,False,502024277,927
UCqShCHSDvCBKDN_GAsnLJmQ,2026-07-18T07:26:54.671174+00:00,1440000,False,132711366,1002
UCYf829WTg8Cpx_a-cPtgSQQ,2026-07-18T07:26:54.671174+00:00,1380000,False,1289509151,2275
UCJPorwyXP29nZW95Gh-nrsw,2026-07-18T07:26:54.671174+00:00,1360000,False,248776060,100
UCu3jIK2NBSXc0_YaFqEuIrg,2026-07-18T07:26:54.671174+00:00,1330000,False,244260577,1092
UCNFDDKoTezuSWbIjjHA76xQ,2026-07-18T07:26:54.671174+00:00,1320000,False,751465593,1340
UC2gpLSHUrXCbWiaBwstZsjg,2026-07-18T07:26:54.671174+00:00,1280000,False,166949814,918
UCnPp3f0r4BywxwgAJqaH6QQ,2026-07-18T07:26:54.671174+00:00,1250000,False,1101179568,5568
UCe13xXtdfx_n0_z1qeXV6_g,2026-07-18T07:26:54.671174+00:00,1250000,False,663940958,3935
UCsiJNM6kab7pDU6OnsskjAg,2026-07-18T07:26:54.671174+00:00,1230000,False,68522459,299
UCGN3TM5lZQ1DAvMwI1LIc8Q,2026-07-18T07:26:54.671174+00:00,1230000,False,124682332,1382
UCrVkiG6Tt5y-yNjFOOGdb3Q,2026-07-18T07:26:54.671174+00:00,1230000,False,222594385,808
UCZWbuCJ-SV3QpxRvgEXGByQ,2026-07-18T07:26:54.671174+00:00,1230000,False,569113030,307
UCU5WmQA3Ur1Yriw5pMqoBNQ,2026-07-18T07:26:54.671174+00:00,1230000,False,92736101,256
UCEuz_HGv5er0LZsztjO4g5Q,2026-07-18T07:26:54.671174+00:00,1210000,False,1317,110
UCu_V8lfzyGspxP-LNFowW9w,2026-07-18T07:26:54.671174+00:00,1200000,False,557627833,768
UCu7cGbQEMgGk8TD0ZYucM5g,2026-07-18T07:26:54.671174+00:00,1190000,False,214915707,6437
UCtZO2c3i1PrtwyeaxaIYHKA,2026-07-18T07:26:54.671174+00:00,1180000,False,799779442,842
UCvsksEXBnVKBj0QiQ6cnTdw,2026-07-18T07:26:54.671174+00:00,1180000,False,1197485567,314
UC0RX5hQE6UpHTjfub4NZSPg,2026-07-18T07:26:54.671174+00:00,1180000,False,236536618,1193
UCHwfjlJXhLKCNsuw2VXr6ig,2026-07-18T07:26:54.671174+00:00,1170000,False,62015653,314
UC7OJJA9sk3SCcatYvhC1_cg,2026-07-18T07:26:54.671174+00:00,1160000,False,248262210,277
UCGB1U55Jf7bp7knbUhCCTMA,2026-07-18T07:26:54.671174+00:00,1160000,False,506768246,67664
UCbkMFGQ_RWIf0OiYeOpf6Ng,2026-07-18T07:26:54.671174+00:00,1160000,False,31274800,294
UCNbM4dl9kN5KDpmDdAW6zOg,2026-07-18T07:26:54.671174+00:00,1150000,False,185445256,1102
UCTcATaNqlaCF4zkZp29BJRQ,2026-07-18T07:26:54.671174+00:00,1150000,False,155585154,134
UC9sglGVfDEqPRb-AJgE4r1g,2026-07-18T07:26:54.671174+00:00,1150000,False,250176280,3784
UCAH7R88V7gz7RqJv78nNOzg,2026-07-18T07:26:54.671174+00:00,1130000,False,349811411,11615
UCjjl50eFDiwDAWeGLvQqMiA,2026-07-18T07:26:54.671174+00:00,1130000,False,63063325,223
UCbLcppYDPaXh-SLaYadLJ2g,2026-07-18T07:26:54.671174+00:00,1130000,False,286342965,819
UCOB66xjgJe-D8jq7579BOwA,2026-07-18T07:26:54.671174+00:00,1120000,False,400646451,506
UCVz1bXiY1pz6Fz_Osm0YYBA,2026-07-18T07:26:54.671174+00:00,1120000,False,231109453,1699
UC6MkngMDyobFNaXOZR0ukyQ,2026-07-18T07:26:54.671174+00:00,1120000,False,1155905535,2863
UCoQOQFHBsBAhobpI8NradTA,2026-07-18T07:26:54.671174+00:00,1110000,False,38949242,561
UCGwSu8n08wtb7RVacaPs9Tw,2026-07-18T07:26:54.671174+00:00,1100000,False,693392280,1632
UC_dr25YJaGIFQtA8D0RTjOQ,2026-07-18T07:26:54.671174+00:00,1090000,False,307055218,976
UCVpjudnF83VEmqVBLNG1rbg,2026-07-18T07:26:54.671174+00:00,1040000,False,81693528,499
UCfdBd-9WWZUv1h7d80Omy8g,2026-07-18T07:26:54.671174+00:00,1040000,False,177132551,829
UCdvzidU6j1UdUBhaEw-LLuQ,2026-07-18T07:26:54.671174+00:00,1040000,False,157080805,2779
UCvoMClO68wGoV5Fvu0KRiqA,2026-07-18T07:26:54.671174+00:00,1030000,False,167841691,1909
UCcbOsE5_4LEjtQi8X2PFxDw,2026-07-18T07:26:54.671174+00:00,1030000,False,356440922,12656
UC0RxmX79uHOBvSKKYAQ7Axg,2026-07-18T07:26:54.671174+00:00,1000000,False,233854678,684
UCwrJnrHM2qRjjiSVk1nlx4Q,2026-07-18T07:26:54.671174+00:00,1010000,False,335731547,902
UCKEKf35apTUvSLs-c1DCekw,2026-07-18T07:26:54.671174+00:00,998000,False,45015820,1203
UCBW2dlXYPIVLwuNQw9aVu-A,2026-07-18T07:26:54.671174+00:00,996000,False,86165425,1076
UCFV00xQSCQSKvWRXgearMzg,2026-07-18T07:26:54.671174+00:00,993000,False,102195847,1232
UC9Slp55-nJIx-q1g_TJEY3Q,2026-07-18T07:26:54.671174+00:00,993000,False,531463585,571
UCdJppX3uAMFMvCTuE9qCowg,2026-07-18T07:26:54.671174+00:00,990000,False,137398487,500
UCppSNX9SEvI6TM1U0GLGQyA,2026-07-18T07:26:54.671174+00:00,978000,False,126608437,1426
UCYM-FoL4inC91SfFcoUpWJQ,2026-07-18T07:26:54.671174+00:00,976000,False,35769850,460
UCp1NZ1G3fkJCgh6eNZ7MG6w,2026-07-18T07:26:54.671174+00:00,934000,False,182698898,84
UCF3FOALs3bDzcdfW0xdYbSA,2026-07-18T07:26:54.671174+00:00,931000,False,119136336,80
UCIoyIVPZEfC2p0dQwAxGiEw,2026-07-18T07:26:54.671174+00:00,926000,False,706247451,1560
UC0CXMeU0432EMgBnlBaY_yA,2026-07-18T07:26:54.671174+00:00,924000,False,115839534,3276
UCQdaCUDjn23rXsgQN6oNjuQ,2026-07-18T07:26:54.671174+00:00,167,False,70618,23
UCmbvStroxG2ia5GDytTr0xA,2026-07-18T07:26:54.671174+00:00,20800,False,2071574,41
UC5R7F4Mw_ZV1c4tYe4UKLIg,2026-07-18T07:26:54.671174+00:00,309000,False,77948483,1503
UCTfmp7vG6zJ5W5k2eDOIwcQ,2026-07-18T07:26:54.671174+00:00,401,False,11632,7
UCwG57eRV0mV1ZYQW7Bzw5FA,2026-07-18T07:26:54.671174+00:00,178,False,2615,5
UCW2UaF1nbMbh6Q1FBqc7vng,2026-07-18T07:26:54.671174+00:00,191,False,3587,11
UC6B3Qvye0VmLOXRPusbGF1w,2026-07-18T07:26:54.671174+00:00,2660,False,907047,54
UCrMLkeUAmsKum1a1cedRCFw,2026-07-18T07:26:54.671174+00:00,31,False,6775,2
UC6b5W9oT4CKgeI3jdDwtlZg,2026-07-18T07:26:54.671174+00:00,3760,False,0,0
UCKjCD_fRV6RfcKv8I9dYA2A,2026-07-18T07:26:54.671174+00:00,804,False,79680,17
UCu_e3pCYZDP-TNlEDmWx6bg,2026-07-18T07:26:54.671174+00:00,22,False,1420,6
UChAN3A6E4AsDR0CsgeAZbYA,2026-07-18T07:26:54.671174+00:00,8,False,1941,6
UCNhJPVwWql6hHk5VMuuLLFQ,2026-07-18T07:26:54.671174+00:00,3,False,52,1
UCnNHFsGC9SdQskFNpCRY8DQ,2026-07-18T07:26:54.671174+00:00,4,False,172,1
UCgUTjskRXI38KbDqwsuXZMA,2026-07-18T07:26:54.671174+00:00,35,False,1493,3
UCY8-WqzL7Mo6WHYyn2IHCUQ,2026-07-18T07:26:54.671174+00:00,23100,False,1719017,69
UC9BCwsmcSwv7G27OuEXRw5g,2026-07-18T07:26:54.671174+00:00,409,False,8229,10
UC7I4zfD2OOPZeY0cR7036DA,2026-07-18T07:26:54.671174+00:00,5380,False,210035,57
UCYJCP45-3I0UeASIHPLsFpA,2026-07-18T07:26:54.671174+00:00,1840,False,358036,15
UC-0Mao449ypwT0j6O4Dq1kA,2026-07-18T07:26:54.671174+00:00,180000,False,2729347,68
UCmnI3z49QvFzLWpNwIgeuBA,2026-07-18T07:26:54.671174+00:00,24100,False,1905307,20
UCdzuoILCS3EvHfFB5K89X_Q,2026-07-18T07:26:54.671174+00:00,334,False,11545,8
UCjqiaXPD0-qpI_NmP6oQDHQ,2026-07-18T07:26:54.671174+00:00,14900,False,1518986,82
UCIFATZpxaqJgockV5AypucA,2026-07-18T07:26:54.671174+00:00,4000,False,491960,270
UCsac4rjgoKC4na1GS1bgS8A,2026-07-18T07:26:54.671174+00:00,315,False,30448,11
UCdyQzIFaYWsep5HLb8fNmOw,2026-07-18T07:26:54.671174+00:00,33,False,2713,8
UC0PN_0AjGZ7Rfk_9zlzKW_A,2026-07-18T07:26:54.671174+00:00,60,False,15677,18
UC7zKtnoBMYSDfOGJ0bCbFeg,2026-07-18T07:26:54.671174+00:00,24,False,8829,15
UCrPfqXI9IoCchcaZz9rY50A,2026-07-18T07:26:54.671174+00:00,99700,False,7504983,129
UCl0Hu9Z8GEZeSNzyP-LCm6A,2026-07-18T07:26:54.671174+00:00,9,False,1973,3
UCKQw2OwROuqrhOuiqSttu6g,2026-07-18T07:26:54.671174+00:00,9010,False,994356,2420
UC2uomGog6kAIluGXp-OnAcw,2026-07-18T07:26:54.671174+00:00,26000,False,455611,18
UC0g2qh1vK_S8ItR6ZSMGlCw,2026-07-18T07:26:54.671174+00:00,138000,False,31077816,144
UCVOZ_y2K3fnUOmuMtnxLk1Q,2026-07-18T07:26:54.671174+00:00,285000,False,64146832,731
UClWdV81I0BoL-GlmPf942Nw,2026-07-18T07:26:54.671174+00:00,209000,False,39069698,251
UCgy3gF6d083mEGUKw5Vjq1Q,2026-07-18T07:26:54.671174+00:00,90400,False,34720481,574
UCV5IOYBamwHotBtYVxBdd1Q,2026-07-18T07:26:54.671174+00:00,71,False,1094,5
UCf2jZoOW2OYB66SQ29OH_Ug,2026-07-18T07:26:54.671174+00:00,296,False,8984,22
UCoYMp_Y0XIfgDMoefUzVFew,2026-07-18T07:26:54.671174+00:00,3,False,37,1
UC0BcYitJuDWf3FOhzGSPKqw,2026-07-18T07:26:54.671174+00:00,38100,False,7141290,31
UCGE-_K4q2RnhuhCqyMWRohQ,2026-07-18T07:26:54.671174+00:00,136,False,3321,54
UCxood6HxMjFCIoHa2dRI1Cg,2026-07-18T07:26:54.671174+00:00,1130,False,257432,15
UCMz4bq9hsPRttGoW1c-amjw,2026-07-18T07:26:54.671174+00:00,8980,False,598504,59
UCUR4bBSPunEgqJ_LXlhPy5g,2026-07-18T07:26:54.671174+00:00,7600,False,216677,67
UCrputd-TfRFkuYCFp3noAFA,2026-07-18T07:26:54.671174+00:00,10500,False,712905,15
UC2PXUxzmQE8jNanGxwndSjw,2026-07-18T07:26:54.671174+00:00,142000,False,10718955,347
UCFdCT7ZJCc9ax1yAqDCQPaA,2026-07-18T07:26:54.671174+00:00,9540,False,413130,108
UCpuVqKQHN72bp67rb7HSUNg,2026-07-18T07:26:54.671174+00:00,9,False,47,1
UCb4I3a5sSdVyXdBwQPG3sTw,2026-07-18T07:26:54.671174+00:00,48300,False,3981118,263
UCKMhiMmqyu2uAl8T3LZiEjQ,2026-07-18T07:26:54.671174+00:00,5540,False,524881,35
UC71SYqwZvY_kXqVA30F-awg,2026-07-18T07:26:54.671174+00:00,102000,False,9524336,158
UClBC9kT7SSFliwTgLQ7Ms4g,2026-07-18T07:26:54.671174+00:00,337000,False,29795782,357
UCmrLu4r89ykOzmtmbAeEklA,2026-07-18T07:26:54.671174+00:00,9410,False,7888347,3819
UCl7bA1c-PseZaAQjNyrFkAA,2026-07-18T07:26:54.671174+00:00,12800,False,918501,43
UCp8jFPHjTrBU_WOGyhXiUXg,2026-07-18T07:26:54.671174+00:00,0,False,102,28
UCIPnCyTWcKHe-C-_mtG0GmA,2026-07-18T07:26:54.671174+00:00,392000,False,34006016,459
UC3oMopXIfvenPQSVfaGifnw,2026-07-18T07:26:54.671174+00:00,20200,False,1192359,102
UCH_Ie8olOLHLJPOS1vaVoOA,2026-07-18T07:26:54.671174+00:00,183,False,75821,25
UCR3KzWW0CU4nWY41_QBfAkQ,2026-07-18T07:26:54.671174+00:00,3160,False,428461,20
UCEWKJTdB9-3gWXbfO8M5y9w,2026-07-18T07:26:54.671174+00:00,824,False,72112,37
UCJEnfxBpv0TwLx_mAf9NXHg,2026-07-18T07:26:54.671174+00:00,2720,False,3107186,67
UCUBN8f1H_gd7aulxB-Ik4tA,2026-07-18T07:26:54.671174+00:00,37700,False,10724056,650
UC-dHEjWS4CibzGtijQC6cOg,2026-07-18T07:26:54.671174+00:00,60,False,4636,33
UCko-rtA7XExCrvdlPTVpBuA,2026-07-18T07:26:54.671174+00:00,61,False,32222,27
UCVWqZXv-sjeFu5jKbQ1cA-Q,2026-07-18T07:26:54.671174+00:00,1180,False,17286,31
UCGnnbsbqbCc7KxSIAbC_d2A,2026-07-18T07:26:54.671174+00:00,32200,False,2403455,414
UCQsNlLN15ybNA4kdtwe-OBA,2026-07-18T07:26:54.671174+00:00,25800,False,2508096,179
UCT_mEOG3Y-gemGUMglejpug,2026-07-18T07:26:54.671174+00:00,4230,False,561663,39
UC5mNdm6_f2fv50Hzsg7qW1g,2026-07-18T07:26:54.671174+00:00,5160,False,1548445,587
UCjFSAzgoCbyyRV1gOxj5jFQ,2026-07-18T07:26:54.671174+00:00,7490,False,639870,96
UCS6wii1nENlRXQpu_1mp5CA,2026-07-18T07:26:54.671174+00:00,174000,False,25698885,720
UCnUro1VEvpuIkbqoM9M8L4A,2026-07-18T07:26:54.671174+00:00,2680,False,230670,30
UC7AxZ0tx8pwt2oQ9hWOP1oQ,2026-07-18T07:26:54.671174+00:00,67,False,24679,87
UCG3AQ93iPpdDeo7Wx_OcgwA,2026-07-18T07:26:54.671174+00:00,85,False,14348,16
UCmQ5zlAPO88XZPWUiEJOn0g,2026-07-18T07:26:54.671174+00:00,106,False,16332,10
UCWUR0yiAHj7MdcJwZrF2lpw,2026-07-18T07:26:54.671174+00:00,1,False,32,5
UCVDZMMJxLQhN-pwv1MOIAaQ,2026-07-18T07:26:54.671174+00:00,12300,False,586201,8
UCQga5Hpkev0t-LW7F56C8mQ,2026-07-18T07:26:54.671174+00:00,757,False,45325,63
UCPfU0uygBGutjaaJU5PpEvg,2026-07-18T07:26:54.671174+00:00,10400,False,5497319,354
UCGe9vzavXCSu7GBIgoPebeQ,2026-07-18T07:26:54.671174+00:00,365000,False,33023281,242
UCpIq1UzT1Gc82vsSxFBZsEw,2026-07-18T07:26:54.671174+00:00,60200,False,11809059,104
UC-DEHYgvcA5bBD3cWo_vSuA,2026-07-18T07:26:54.671174+00:00,599,False,68682,57
UCYHgjr-ghKubcYSgTCVHk8A,2026-07-18T07:26:54.671174+00:00,0,False,6,1
UCd0KBZYeiONMV6ogZQI2z2A,2026-07-18T07:26:54.671174+00:00,1920,False,66037,20
UCTi36zetYBtNR4MW2zSmPjQ,2026-07-18T07:26:54.671174+00:00,365000,False,36563561,396
UCRqtN8wk9rFMujQTAYu8eAg,2026-07-18T07:26:54.671174+00:00,88,False,5815,13
UCiOEgWwAKbfrVb795hqQc9A,2026-07-18T07:26:54.671174+00:00,377000,False,45142366,189
UC4dKy-gRylhUE3SEkW_e11g,2026-07-18T07:26:54.671174+00:00,111000,False,45359052,3709
UCegqG9T-A_SJKIC8oihTHhg,2026-07-18T07:26:54.671174+00:00,194,False,22422,18
UCjzTnRl0ujdKwTh7KHxYCKg,2026-07-18T07:26:54.671174+00:00,712000,False,176640203,800
UCSRcG8jFyWZNmXR1J5YRylg,2026-07-18T07:26:54.671174+00:00,20,False,883,8
UCJlqZbsrcEi3ZNknVGTY_9w,2026-07-18T07:26:54.671174+00:00,66,False,4721,10
UCcJpqRpi5w9OV11xtYgUSUQ,2026-07-18T07:26:54.671174+00:00,121000,False,16651964,840
UCQNgAoq_8JvzI5buAqhgL_A,2026-07-18T07:26:54.671174+00:00,1350,False,148842,155
UC3S32URqLCYK2_AW5lbiiMw,2026-07-18T07:26:54.671174+00:00,72100,False,27169987,71
UCIuZDfuUZsVSb8vIXynez3Q,2026-07-18T07:26:54.671174+00:00,511,False,6933,7
UCiunIA3NykAFQWxoBXFXEOg,2026-07-18T07:26:54.671174+00:00,1670,False,144400,27
UCgnFbY7CoU8sr0ftq8FLbVg,2026-07-18T07:26:54.671174+00:00,1700,False,399354,14
UCKTTWcQAAYCDChIFyc3r4aQ,2026-07-18T07:26:54.671174+00:00,2940,False,237525,21
UCysvAsEtv4BNF0LncxnH5ww,2026-07-18T07:26:54.671174+00:00,199,False,5397,11
UCGHp-wJUS3l4BVHiv08qFzw,2026-07-18T07:26:54.671174+00:00,31500,False,5069745,83
UCALlP9-ExjCgzVht-m5zDsg,2026-07-18T07:26:54.671174+00:00,171,False,24206,53
UCvScUEIPU4_zAnW7cKj64HQ,2026-07-18T07:26:54.671174+00:00,885,False,110116,120
UCcgbUApKo1qfxkTOGYml76A,2026-07-18T07:26:54.671174+00:00,1380,False,105879,28
UCPcyus45q7_BCKodTOOdS4g,2026-07-18T07:26:54.671174+00:00,103,False,9644,13
UCpZJJvZ2HMYBAxcDHRc21YA,2026-07-18T07:26:54.671174+00:00,49,False,6877,16
UCRQDi1gOmaLAmNyVdoMQINQ,2026-07-18T07:26:54.671174+00:00,2560,False,208477,33
UCkf7eD9QJ9wsNP2Ys8CrW0Q,2026-07-18T07:26:54.671174+00:00,105,False,13861,129
UCh1GBh9K3ThnZkJjCdB5-bg,2026-07-18T07:26:54.671174+00:00,285,False,48417,7
UCrSPX3GAYbNXkKZQZoBOVpw,2026-07-18T07:26:54.671174+00:00,29,False,881,8
UCMF4AQ_-dhSxnWHI3mK3jwg,2026-07-18T07:26:54.671174+00:00,831,False,128387,405
UC9WC9lfrR4XNDTn1AiBDinQ,2026-07-18T07:26:54.671174+00:00,11,False,24,2
UCX2n8Tz5He1ylXlv-2ovIsQ,2026-07-18T07:26:54.671174+00:00,1430,False,9247,31
UCDYxMheJ0Pntdz_ijL0AUmA,2026-07-18T07:26:54.671174+00:00,384,False,68155,9
UC7naetdL8FfHSzue4aOUbKA,2026-07-18T07:26:54.671174+00:00,5,False,615,1
UCjZU2f82Q8RGqAg9fUyagsw,2026-07-18T07:26:54.671174+00:00,10,False,67,2
UC3XELynXsjo04O3_2NEhhMA,2026-07-18T07:26:54.671174+00:00,32800,False,7514269,56
UCAf9mUcYimBMC5BN4_ynodA,2026-07-18T07:26:54.671174+00:00,49,False,8977,172
UCtClA8ZJg4YUfO_y9opALZQ,2026-07-18T07:26:54.671174+00:00,47,False,404,1
UCtIzUW426lTNR34-GGMQvrQ,2026-07-18T07:26:54.671174+00:00,21200,False,1427761,342
UC-2JPD5wybLAPIPcIQp2Vgg,2026-07-18T07:26:54.671174+00:00,1890,False,113675,23
UCR8rmSZQ1BD-8CZJAtMdl5Q,2026-07-18T07:26:54.671174+00:00,3340,False,165121,10
UCOWCgndXfQ4DZKp34MXHYHg,2026-07-18T07:26:54.671174+00:00,2720,False,235274,125
UCBIrFQIsJA134Nbemr6n_gQ,2026-07-18T07:26:54.671174+00:00,239,False,7522,10
UCnAKeRXHr_rqxkJb3Be-RlQ,2026-07-18T07:26:54.671174+00:00,35900,False,1589507,54
UChSr-u2fodw5-4aflD-g2YA,2026-07-18T07:26:54.671174+00:00,639,False,85862,49
UCO1D6O3Pi6bJjZ3xsrWQvRQ,2026-07-18T07:26:54.671174+00:00,27000,False,2567734,559
UC5oOEwYdNsvYOkCkWVynRow,2026-07-18T07:26:54.671174+00:00,2320,False,111626,7
UC5A28PUkxGuezY0zv-Hk61Q,2026-07-18T07:26:54.671174+00:00,406,False,19259,9
UC5IM2uMULjHt-0aAfiG8E_A,2026-07-18T07:26:54.671174+00:00,82,False,12799,71
UCl72Edycxp0eF0DlxdQFfTw,2026-07-18T07:26:54.671174+00:00,511,False,38045,51
UCkomTk7AtEOnCmh5S2-9_Fg,2026-07-18T07:26:54.671174+00:00,869,False,124285,11
UCdFAl3bZf7bi7A5HX7USKzg,2026-07-18T07:26:54.671174+00:00,458000,False,58276518,760
UC8Y-LGE9ZKpa53aM3zzBryg,2026-07-18T07:26:54.671174+00:00,2470,False,84483,13
UCJPbMQYL6VewUfp5TJK8lqQ,2026-07-18T07:26:54.671174+00:00,113000,False,10688660,289
UCLWofMl6ouENOuxQwYUPhJg,2026-07-18T07:26:54.671174+00:00,438,False,54884,141
UCgk1kT97AePkRpzM63WENiw,2026-07-18T07:26:54.671174+00:00,19200,False,1564167,387
UCrD9Obf9n-hXg2MuS4IEpkg,2026-07-18T07:26:54.671174+00:00,110,False,9853,12
UCR6rhscnujT_Vcze1wXLOhw,2026-07-18T07:26:54.671174+00:00,45700,False,294312,17
UCu2Vwaw7Df7vw9cwC_g57IA,2026-07-18T07:26:54.671174+00:00,6120,False,674123,16
UCil5Biujb5RNJKRVrGOEzSA,2026-07-18T07:26:54.671174+00:00,4260,False,2586,4
UCOZWavCybhl9Imm-DB06BRg,2026-07-18T07:26:54.671174+00:00,85,False,17582,41
UC9eTKSVgTEyL_3zTKfhdMeQ,2026-07-18T07:26:54.671174+00:00,33,False,5773,35
UC3xB1Mcj2xyGTDizr8cJApA,2026-07-18T07:26:54.671174+00:00,2270,False,3083,5
UCYiQ7oxEKv7U78WdLpUVrFQ,2026-07-18T07:26:54.671174+00:00,13,False,179,1
UCfC-WxdopqJP8dQTyakoIeQ,2026-07-18T07:26:54.671174+00:00,13,False,1660,4
UCmxLF29mnXea_nL5kaOqD2w,2026-07-18T07:26:54.671174+00:00,9970,False,1673618,41
UCqDMvUe1Zy9QzR-F6X7B5pw,2026-07-18T07:26:54.671174+00:00,8910,False,1319556,286
UCqxK13l4trqLDRa302oAZIw,2026-07-18T07:26:54.671174+00:00,547,False,190126,19
UCU94S60IBq_xSUtM0FBYC8A,2026-07-18T07:26:54.671174+00:00,768,False,32988,7
UCS7TOzC8cRTnUklI6cch2zA,2026-07-18T07:26:54.671174+00:00,1190,False,163881,63
UCaA8YO1rCyi3bvqnZFLwDtA,2026-07-18T07:26:54.671174+00:00,485,False,40829,27
UCZL4e5M_Wf09fdZJkPuALRw,2026-07-18T07:26:54.671174+00:00,12,False,7104,13
UCxqp4S-Aqq09FNFUbU5L-KA,2026-07-18T07:26:54.671174+00:00,382,False,97119,6
UCc7NENWrEDB0ZNVDV69aavg,2026-07-18T07:26:54.671174+00:00,0,False,3,1
UCUPFH5NDPM3_hOdbqQLKjuQ,2026-07-18T07:26:54.671174+00:00,12,False,951,10
UCkN9tZjeEbf13vyYI4lXKsw,2026-07-18T07:26:54.671174+00:00,34,False,7406,8
UC6DeeXYWVGnGKd68O5x5WQA,2026-07-18T07:26:54.671174+00:00,11,False,728,5
UC2ya22E7myYwZB4BPbUsPtw,2026-07-18T07:26:54.671174+00:00,5400,False,407101,44
UCbGOccaksSx9TbF9vKdH1Mw,2026-07-18T07:26:54.671174+00:00,19,False,1580,21
UCQWHQTa-vX2UjI1yhFSVpOw,2026-07-18T07:26:54.671174+00:00,10,False,22,2
UC3TyI8BNpT1YaEuSTc1Cg-A,2026-07-18T07:26:54.671174+00:00,5,False,244,11
UCl4MonVoWRx3HqAh3Efw2Jg,2026-07-18T07:26:54.671174+00:00,65600,False,6064779,648
UC7di5zivMKpYOmhyhZ2nVvg,2026-07-18T07:26:54.671174+00:00,18800,False,4594421,273
UCmRi6WxTmNsHGRsLCI_h4aA,2026-07-18T07:26:54.671174+00:00,765,False,190720,156
UC9ldW_CaS6RM1OTlmV3llkg,2026-07-18T07:26:54.671174+00:00,719,False,29041,11
UCXcSNGv5IVG6LaKta20Cqwg,2026-07-18T07:26:54.671174+00:00,1330,False,49209,75
UCrcATWZGF_p53r38i6VK0eA,2026-07-18T07:26:54.671174+00:00,11700,False,893080,744
UCvNv4wVoRpqzvaW4p-PnSqw,2026-07-18T07:26:54.671174+00:00,186,False,3331,9
UC7etbDk-NvIZhzvjdUAYXxQ,2026-07-18T07:26:54.671174+00:00,22,False,12721,11
UC-TPAJpit-cnGUG-zWliKFw,2026-07-18T07:26:54.671174+00:00,8320,False,2961563,492
UC6CeurhVnSDDXMAq78FdTTA,2026-07-18T07:26:54.671174+00:00,496,False,47526,70
UCIKg0Ev6Vq2M7hU7bL_jHFQ,2026-07-18T07:26:54.671174+00:00,658000,False,186556294,15890
UCSPkz9U2u1vAsUqGWYEk7MQ,2026-07-18T07:26:54.671174+00:00,204,False,23268,16
UCah_QCw7uHZtIDzOW6-oK4g,2026-07-18T07:26:54.671174+00:00,1510,False,1491788,486
UCo0fodGX_3gepaWfjc2MyLA,2026-07-18T07:26:54.671174+00:00,36,False,16281,8
UCKVq53n8k4csrHeC1T43NYw,2026-07-18T07:26:54.671174+00:00,15200,False,114805,33
UCkVKdDTks0XJ3COH6RI1l8Q,2026-07-18T07:26:54.671174+00:00,32,False,11209,13
UCTap3NT20DO3BaUnxBV9I0A,2026-07-18T07:26:54.671174+00:00,99,False,14965,23
UC8IP1bYxoeFVP5BP7JwG76w,2026-07-18T07:26:54.671174+00:00,287,False,15664,110
UC2_Gkq64V-2UbPLMt39mnaw,2026-07-18T07:26:54.671174+00:00,3750,False,879408,120
UChwjz-THeefGm2mSbYB37Wg,2026-07-18T07:26:54.671174+00:00,2160,False,922312,88
UCh3ACc11ECpUWZKnagOgEbQ,2026-07-18T07:26:54.671174+00:00,8,False,962,6
UCjM-a_T7cY_nR7NbPpV_vvg,2026-07-18T07:26:54.671174+00:00,47900,False,5316270,214
UCx-7U8L664YJgngQp1ew51w,2026-07-18T07:26:54.671174+00:00,121,False,3157,10
UCBwuL2xjgCtQS9sxEjd4xMw,2026-07-18T07:26:54.671174+00:00,45,False,6849,20
UCiN8pQvSxfW1o9TSZN8Bf9g,2026-07-18T07:26:54.671174+00:00,62000,False,6298626,98
UCEneEx_9xYHkAAjFdLnBxQA,2026-07-18T07:26:54.671174+00:00,232,False,285114,178
UCzZNkL3RsR2x30Qs2dE2hqg,2026-07-18T07:26:54.671174+00:00,107,False,57204,58
UCWrJW5qgCKGpYAxyMCp5Hxg,2026-07-18T07:26:54.671174+00:00,186000,False,33191691,775
UCJ3yi0qMXqDFNNEqkMPHwrw,2026-07-18T07:26:54.671174+00:00,194,False,88857,109
UCZw-8vhDi8SvEjHgHI4WTMw,2026-07-18T07:26:54.671174+00:00,6,False,5892,23
UCVJRiEXH8SpQhiL9G6ryynA,2026-07-18T07:26:54.671174+00:00,20800,False,822288,35
UCzfbJKcwa21jG1zYGEG1OBQ,2026-07-18T07:26:54.671174+00:00,258,False,12655,10
UCyeFZYnUsbqGrnIqriHDWxQ,2026-07-18T07:26:54.671174+00:00,2,False,379,1
UC-CPG8774sPO9u5Uykx60Yg,2026-07-18T07:26:54.671174+00:00,0,False,20,6
UCKBotsXrIQ4ZQlGGh-LuttQ,2026-07-18T07:26:54.671174+00:00,6,False,86,3
UCL6CPo74VXtsNZokcnIkzmQ,2026-07-18T07:26:54.671174+00:00,604,False,43081,74
UCzaTdeRzUq5ionIu8qWw88A,2026-07-18T07:26:54.671174+00:00,18,False,685,2
UC52oHirf4jHa4_HSXw6yUhA,2026-07-18T07:26:54.671174+00:00,1,False,7,1
UCHxH_-4U4y6OuGqe5XiWWqA,2026-07-18T07:26:54.671174+00:00,196000,False,11818129,678
UCLbE_xq1etxULkX-7T7FbEA,2026-07-18T07:26:54.671174+00:00,22100,False,337332,152
UC9ZBA7S_lucysinN4TrSeHw,2026-07-18T07:26:54.671174+00:00,114,False,33137,6
UCrXH3bjqSAndzb72KkauIrg,2026-07-18T07:26:54.671174+00:00,66800,False,6375537,187
UCJY1-jawEq7c9U7mY6xA4vQ,2026-07-18T07:26:54.671174+00:00,23500,False,40396149,825
UCP-yI2ffacN8bZyBatqWcbA,2026-07-18T07:26:54.671174+00:00,5340,False,766110,63
UCRkzL0-FkIP36GH4O6CTNqw,2026-07-18T07:26:54.671174+00:00,3,False,9,1
UCJA0a_Ggz9huEg9qmz8zm3g,2026-07-18T07:26:54.671174+00:00,96,False,31022,9
UCjep8IdTLwBrVmwstBfccPw,2026-07-18T07:26:54.671174+00:00,1,False,24,2
UCl7t-NMya4EY-aLXiudLFaA,2026-07-18T07:26:54.671174+00:00,5,False,107,5
UCx5Rp-vL2d7IqLWqV5cBQHg,2026-07-18T07:26:54.671174+00:00,151,False,25450,49
UCQeYJy0YInj69dHrh4cMn5Q,2026-07-18T07:26:54.671174+00:00,352,False,97464,97
UC5-bq5cxEBTPRH58MSb5p7Q,2026-07-18T07:26:54.671174+00:00,110,False,2559,70
UCI2e1y5DEClmDQgSEDl9qZQ,2026-07-18T07:26:54.671174+00:00,236000,False,10953852,143
UC9njmypEq3Xz06jbUJ-85vQ,2026-07-18T07:26:54.671174+00:00,117000,False,35451322,212
UCzawCs4xEp6Nllm4DbnjrxA,2026-07-18T07:26:54.671174+00:00,875,False,34237,11
UCMayHG7j39d11Gh36vV7GnQ,2026-07-18T07:26:54.671174+00:00,34800,False,203404,787
UCxVVJnWg8B7u6fh_U1nZBFQ,2026-07-18T07:26:54.671174+00:00,5,False,61,1
UCSw_5fZrselH_au61zvIpJw,2026-07-18T07:26:54.671174+00:00,76000,False,4955683,1270
UCsHad6HWytp_Xp-6NomY_yQ,2026-07-18T07:26:54.671174+00:00,484,False,80332,77
UCBR9iW2qo_7LP9_9u3A2ZeQ,2026-07-18T07:26:54.671174+00:00,360000,False,24877995,1582
UCXBHPGYTwiBvTIk5dl9-r6Q,2026-07-18T07:26:54.671174+00:00,185000,False,14725899,1728
UC1dfhQyj962rwYPVLi3OHLg,2026-07-18T07:26:54.671174+00:00,708000,False,52746794,1887
UCpoFVjuq1ALkaLXUCpn_GuA,2026-07-18T07:26:54.671174+00:00,2190,False,429819,702
UCcFyjFWJPQ3YA1-BMnmwkhQ,2026-07-18T07:26:54.671174+00:00,44200,False,3209292,349
UCoNaQS6wefjNVFkwvxrzAYw,2026-07-18T07:26:54.671174+00:00,161000,False,31973127,3537
UCnRg3w-mhthPX-3Wa1cAKDQ,2026-07-18T07:26:54.671174+00:00,1,False,10,2
UC72XNqS419B9_0a-wqngKSA,2026-07-18T07:26:54.671174+00:00,8,False,84,7
UC_Yt4EUT5dtwOxMm6sheYrQ,2026-07-18T07:26:54.671174+00:00,371000,False,93626587,944
UCXLyL2Fg5DZouTYsYtRT0WQ,2026-07-18T07:26:54.671174+00:00,60100,False,11429364,2385
UCKC83VK5PenX2ocZ4JF7YiQ,2026-07-18T07:26:54.671174+00:00,26,False,805,10
UCiiq12phPwfMHaGFVolH4Ag,2026-07-18T07:26:54.671174+00:00,60600,False,10128299,817
UCPBzejSb3mj_2xRh_VdIiEg,2026-07-18T07:26:54.671174+00:00,221000,False,20860869,368
UCqeQG7PhP7KDQdGo4ZPP63w,2026-07-18T07:26:54.671174+00:00,57,False,15756,32
UCiLbj6E-dvR3tDLKigo2juQ,2026-07-18T07:26:54.671174+00:00,94800,False,17622178,675
UCjiRWN2f2BN77HG_ueCgldg,2026-07-18T07:26:54.671174+00:00,122,False,17035,13
UCI-teIr7yMeLi4Z3LW4LNRg,2026-07-18T07:26:54.671174+00:00,175000,False,30297219,1330
UC-HguykxEb6N5HPA4kpOTOw,2026-07-18T07:26:54.671174+00:00,1070,False,35110,244
UCAyTTE7S0i95nzjKqcm1Xaw,2026-07-18T07:26:54.671174+00:00,9060,False,240935,266
UCf48pki8AqjBHuV80LcC7kA,2026-07-18T07:26:54.671174+00:00,82100,False,4435687,390
UCRaLvUrrj_901Anrljs1F2g,2026-07-18T07:26:54.671174+00:00,13800,False,1351050,330
UCXDVbH3h2qb8y5POSwIHYGQ,2026-07-18T07:26:54.671174+00:00,17,False,1420,11
UCuKu1AFWC8Wk6AWMveGwcxg,2026-07-18T07:26:54.671174+00:00,21,False,1528,40
UCGcSIA9ATSpQKxa8nxI4wBQ,2026-07-18T07:26:54.671174+00:00,54200,False,3589826,2434
UC5uGexidH3WqbErqSX_EGJA,2026-07-18T07:26:54.671174+00:00,54500,False,10990966,1231
UCwAutt7DEppZqxCQJy70Hgg,2026-07-18T07:26:54.671174+00:00,56,False,2098,29
UC80f3P-Wfj5TL_sl4gxgw1A,2026-07-18T07:26:54.671174+00:00,2310,False,267698,128
UC0PdkCm3QlHJ8HdH4JeNirA,2026-07-18T07:26:54.671174+00:00,396000,False,64471475,374
UCm-TXzgh9U2K3wjWzY0XX0A,2026-07-18T07:26:54.671174+00:00,79300,False,16253781,1025
UCVleILOsIPcrXCuOoM3Od3w,2026-07-18T07:26:54.671174+00:00,18,False,611,14
UCVBt_Exv9FMcM6F09AZNcew,2026-07-18T07:26:54.671174+00:00,158000,False,22203413,550
UCYIDsYMpNDgbjUdTv8b_ywA,2026-07-18T07:26:54.671174+00:00,51,False,554,17
UCzmfyGW0j33HPvGb3hOEIiA,2026-07-18T07:26:54.671174+00:00,2,False,15,1
UCgMhQ6pyGiOyDZYWVByxrow,2026-07-18T07:26:54.671174+00:00,1,False,11,1
UCLc1xgiAaIecWUs1Nqgz_GA,2026-07-18T07:26:54.671174+00:00,41,False,1122,3
UCYTY-C4OFmUdIwi6wghybAA,2026-07-18T07:26:54.671174+00:00,5,False,1047,15
UChrXmunslU0Xg7MVsJs5Kkg,2026-07-18T07:26:54.671174+00:00,2080,False,66939,18
UCjyASLgz5_yLQtK0fNCNNmg,2026-07-18T07:26:54.671174+00:00,116,False,23504,19
UCFT4DBU0rueVksywB2DKhXQ,2026-07-18T07:26:54.671174+00:00,118,False,6645,5
UCt0fx_wES8OcWtaVDxtL5IQ,2026-07-18T07:26:54.671174+00:00,3,False,30,1
UCFSkBRHrYDfJJCa5-Y_-zww,2026-07-18T07:26:54.671174+00:00,10,False,3128,27
UClOoepx2VEpv_of07JeaYuA,2026-07-18T07:26:54.671174+00:00,427,False,6576,13
UC2VxdMY2G0Qab-nI4ufkBUA,2026-07-18T07:26:54.671174+00:00,37,False,1766,11
UCPj9Pb6SMGNVjRnLX19wthw,2026-07-18T07:26:54.671174+00:00,116,False,3166,8
UCEu3EhYF3HsY9ZSGYfpFo2w,2026-07-18T07:26:54.671174+00:00,20,False,390,8
UCatZcG-Y8eowAa6S_PsWSCg,2026-07-18T07:26:54.671174+00:00,126,False,2960,9
UCVwEHCzHFsn8_5LhjMFqSiA,2026-07-18T07:26:54.671174+00:00,8220,False,798835,225
UCMTUdyDebV02ruOdZlcS4Dw,2026-07-18T07:26:54.671174+00:00,809,False,237680,152
UCxSH_l2EKLPUB-HOjlZRabw,2026-07-18T07:26:54.671174+00:00,12800,False,581646,28
UC-t7Vw_L9ORj7gvyGUOaeSg,2026-07-18T07:26:54.671174+00:00,164000,False,19035373,217
UCrdRoTbNO_UgcUFLfpfwFAQ,2026-07-18T07:26:54.671174+00:00,157,False,28466,21
UCkLA7sLLrCERBrtvBTAh_jg,2026-07-18T07:26:54.671174+00:00,25100,False,948178,20
UCxXmqLKcZGhsVDaDbS0PdjQ,2026-07-18T07:26:54.671174+00:00,48,False,310,3
UC9ydRoXpQVhwb3sM7VY8xNg,2026-07-18T07:26:54.671174+00:00,74,False,8073,30
UCKcM7k794WST-IRv1-lhiZg,2026-07-18T07:26:54.671174+00:00,748000,False,236387585,829
UCFR0f22_j0nAbM4KSboSRoQ,2026-07-18T07:26:54.671174+00:00,265,False,5314,5
UCqheHQifQ6fdY_A9PCY5y3A,2026-07-18T07:26:54.671174+00:00,97000,False,20910801,224
UCAqSq3iNGYSbw9mSFzVIANQ,2026-07-18T07:26:54.671174+00:00,170000,False,16733071,577
UCZQmoW-xsgVqtTjupYvu3aQ,2026-07-18T07:26:54.671174+00:00,176000,False,37296507,420
UCEHs7ymn9hxSJMHLlcFLj0w,2026-07-18T07:26:54.671174+00:00,454000,False,57475411,312
UCB6tVmll-6XbKyS3fq8P4MA,2026-07-18T07:26:54.671174+00:00,1,False,477,10
UCwu2-m6rUdk7s7DkxfAX8Ng,2026-07-18T07:26:54.671174+00:00,638,False,144693,176
UCiPssoHLvUfNEXLEhZ29rXg,2026-07-18T07:26:54.671174+00:00,10,False,2806,22
UCSLQ5eH_suWb8TOdNcZRMjw,2026-07-18T07:26:54.671174+00:00,5,False,69,13
UC5IDHX2sg9Hg_FPkXGUj_gw,2026-07-18T07:26:54.671174+00:00,618000,False,94045994,90
UChjjQEg9N3ySQae_eGitULg,2026-07-18T07:26:54.671174+00:00,625000,False,84494408,455
UCkjcwbJJld7G6dCnfgl6qDA,2026-07-18T07:26:54.671174+00:00,2760,False,730842,15
UClfq6WEgQm3MG6b30xJhX3g,2026-07-18T07:26:54.671174+00:00,59400,False,3258546,126
UC4u1g0CCUxvU8-LacEFjNbg,2026-07-18T07:26:54.671174+00:00,10900,False,2577236,89
UCEuS493FuYJu_jGLfEjksUQ,2026-07-18T07:26:54.671174+00:00,1,False,23,5
UC1BSMzeIFCVLaTI2-l8mJbw,2026-07-18T07:26:54.671174+00:00,47000,False,1831580,132
UCeBl9tHpIdmkgw28ksDcksw,2026-07-18T07:26:54.671174+00:00,10,False,725,12
UC86sU6a8ChHViy7d5A572XA,2026-07-18T07:26:54.671174+00:00,2,False,352,1
UCZ15AWyHjVSCJeO23w2XeFQ,2026-07-18T07:26:54.671174+00:00,8450,False,336750,371
UC1ySZNkW3MXd56ZtV8-fz_A,2026-07-18T07:26:54.671174+00:00,11,False,4682,3
UCsFgtHMZvAMQEB5zCevTShg,2026-07-18T07:26:54.671174+00:00,56,False,31051,18
UCXhlGsKYnxqX9TpH09ag1Cw,2026-07-18T07:26:54.671174+00:00,5050,False,1684120,103
UCgGWyBs51NVNDxP-tXEhlZw,2026-07-18T07:26:54.671174+00:00,1380,False,394375,9
UCUWhnu7bh2ECcMKi0wG-pew,2026-07-18T07:26:54.671174+00:00,63,False,27005,11
UCYexbZ1rWNtHaUWenQvdHJA,2026-07-18T07:26:54.671174+00:00,53400,False,3002275,48
UCCtVnTTW7GsgJ8D33k4KbkA,2026-07-18T07:26:54.671174+00:00,34,False,66,3
UCXIS2lijUruCqWeRQKQKCSw,2026-07-18T07:26:54.671174+00:00,134000,False,14791669,128
UC5IxEcbW-cbhLOAKg7UQsyA,2026-07-18T07:26:54.671174+00:00,578,False,1436,11
UCh3MHrepNNU7gNTcbiFzStQ,2026-07-18T07:26:54.671174+00:00,104000,False,18831280,74
UCOje-ElpruRxg2XWnWwue7w,2026-07-18T07:26:54.671174+00:00,7420,False,1146544,642
UCgPL5V2N_KEDSyWvMwHt2nw,2026-07-18T07:26:54.671174+00:00,475000,False,23848657,42
UCosifsD2B8zG_XK8cZaJBpA,2026-07-18T07:26:54.671174+00:00,146,False,2413,6
UCBYLGKCYp3Rif2-b4pavuFQ,2026-07-18T07:26:54.671174+00:00,169,False,72457,12
UCTnx__S9s_zFVrC-Fitk7aw,2026-07-18T07:26:54.671174+00:00,30,False,15899,32
UC7bgn4zfZzuw5-MihWRgvaA,2026-07-18T07:26:54.671174+00:00,1,False,375,6
UCOPqjdQOIF6faslRMEruJmA,2026-07-18T07:26:54.671174+00:00,40,False,55834,18
UCXPIsa4Ttpl8_o2eBiwD-AA,2026-07-18T07:26:54.671174+00:00,24,False,78,7
UC4H4KmSqTkpWz0EoTIrsiig,2026-07-18T07:26:54.671174+00:00,17400,False,2069422,60
UCVga8hUL-cDl-VoMsKo6N5Q,2026-07-18T07:26:54.671174+00:00,17,False,494,43
UCHkXFXiZv85kyB7t99NqDdA,2026-07-18T07:26:54.671174+00:00,154,False,141733,81
UCLUj4rhnM1CTio9dwMYSejw,2026-07-18T07:26:54.671174+00:00,3,False,753,1
UCJVVJ5pZyCRNV3AZOIuJf6w,2026-07-18T07:26:54.671174+00:00,137000,False,5578439,44
UCDKnzkS4TyUKVc-vpLMMSDQ,2026-07-18T07:26:54.671174+00:00,125,False,39867,36
UCrWPzTW4EjXNQGcCkCfOvog,2026-07-18T07:26:54.671174+00:00,261000,False,74531831,1232
UCGRcGg4t8Q3iMit9hbQg7WA,2026-07-18T07:26:54.671174+00:00,15,False,1849,33
UCioXrNKJmGBJGR0ilJhRDag,2026-07-18T07:26:54.671174+00:00,1,False,34,1
UCkVbb15N6sp5SryO7prYixA,2026-07-18T07:26:54.671174+00:00,37,False,10153,12
UCFRwOpIwDtvvGme0tKvPJyA,2026-07-18T07:26:54.671174+00:00,2,False,10,2
UCxUaYBTmKLpsziwQVMytY6g,2026-07-18T07:26:54.671174+00:00,36800,False,7391816,12
UCcspHoBTj_aLhnJLwkMpWHQ,2026-07-18T07:26:54.671174+00:00,870000,False,95003811,6436
UC_q4jmKoF4FfB43jwAqpm2Q,2026-07-18T07:26:54.671174+00:00,440,False,68922,52
UCjnltM-l0BRyM0b8cGkxMfQ,2026-07-18T07:26:54.671174+00:00,161000,False,11225935,105
UCTeryK_nffN6lnRo8dTD3_g,2026-07-18T07:26:54.671174+00:00,207,False,22280,56
UCsBb0l44dVKTb1D3PEBQBHg,2026-07-18T07:26:54.671174+00:00,9650,False,362599,27
UC3B8DsQfdiZhRW1NgPLW5RA,2026-07-18T07:26:54.671174+00:00,8250,False,1151755,27
UC86pHmODF9apAFq1YT_XeGQ,2026-07-18T07:26:54.671174+00:00,3,False,348,1
UCUuFKRtJqnTVb0aFfvpvBFA,2026-07-18T07:26:54.671174+00:00,41800,False,12219512,177
UCqCA-n5WK8EUw4Eoahevw9Q,2026-07-18T07:26:54.671174+00:00,1270,False,600234,19
UClgUjjsMd98qJ8FsND9pnDA,2026-07-18T07:26:54.671174+00:00,733,False,19018,11
UC12ZTj8klKOLs6vmJO_vWkQ,2026-07-18T07:26:54.671174+00:00,1300,False,216818,33
UCEbTQZF9_vDOducFY8gOfag,2026-07-18T07:26:54.671174+00:00,31800,False,12587567,283
UCu_ocDeJ-wty_Y1IiittaBA,2026-07-18T07:26:54.671174+00:00,644000,False,183882055,254
UCZivNOQ8ZxF_ruxCbgmF--w,2026-07-18T07:26:54.671174+00:00,418,False,93165,64
UCvsGfSa4Cr_XCUKml0Tf5Kw,2026-07-18T07:26:54.671174+00:00,3,False,28,2
UC8FYRKeN-lbZaNr2qRYGSZA,2026-07-18T07:26:54.671174+00:00,4820,False,1304243,72
UCIWwramZAbndPTyFIMXWXlA,2026-07-18T07:26:54.671174+00:00,9170,False,3138101,1003
UC2T_spwjvYZerN3QGuXsBhQ,2026-07-18T07:26:54.671174+00:00,12200,False,924831,182
UCWJpvaMY_cRnUm6GvK_89ng,2026-07-18T07:26:54.671174+00:00,15200,False,1246510,53
UCPXSUKHTNc1_hnHuj-UiQWQ,2026-07-18T07:26:54.671174+00:00,535000,False,200463071,28778
UCn9hHwCJBKMiuch85uM6rNg,2026-07-18T07:26:54.671174+00:00,14200,False,848018,195
UCAGQUfHzdsgxJ1pq2XDS2TQ,2026-07-18T07:26:54.671174+00:00,82600,False,10639849,2219
UCDuaezc_5fyQleDwoxwKtbg,2026-07-18T07:26:54.671174+00:00,684,False,2393,3
UCxPInZUzPis7B5UWJN3ZXLA,2026-07-18T07:26:54.671174+00:00,178000,False,0,0
UCPpvyKrN0dA1_D2RL8mORVA,2026-07-18T07:26:54.671174+00:00,214000,False,22376405,67
UCs_EGe7JGaWlCFlMIPpYZGg,2026-07-18T07:26:54.671174+00:00,59500,False,5246066,189
UCS0DeHog4YaV5e87rkANmKw,2026-07-18T07:26:54.671174+00:00,1800,False,123201,61
UC3TT-kt050TudOWfym4uhMQ,2026-07-18T07:26:54.671174+00:00,197000,False,30421848,657
UC3JbjbgQtvmwoadU-oT6YUA,2026-07-18T07:26:54.671174+00:00,11,False,62,5
UC23xOSeqSr40JFEOkohtAGQ,2026-07-18T07:26:54.671174+00:00,114000,False,26146715,487
UCvbxIKWQmX355KaGtSqLXKQ,2026-07-18T07:26:54.671174+00:00,382000,False,77484882,211
UCIsE2RY5O1mE0hl67gvDD7w,2026-07-18T07:26:54.671174+00:00,2850,False,916122,481
UCHk640jo72xmcs5gKtd3GVw,2026-07-18T07:26:54.671174+00:00,25200,False,3248918,123
UCOiMY00_ZLijPF6InrCl0TA,2026-07-18T07:26:54.671174+00:00,331000,False,72232093,2541
UC0_9-ADpcwC-YNiWuDz1bKA,2026-07-18T07:26:54.671174+00:00,419000,False,29996480,709
UCp3vt0JWTbhd15j9PSn3RnQ,2026-07-18T07:26:54.671174+00:00,85000,False,57192756,1428
UC18KIGLmSb0K312PHClqtHw,2026-07-18T07:26:54.671174+00:00,178000,False,33609676,1258
UCUnPyz9Zu480oqfO9n_RDiA,2026-07-18T07:26:54.671174+00:00,159000,False,40227291,558
UCfBXT1XI3BfBFML8Wg00FTA,2026-07-18T07:26:54.671174+00:00,427,False,14233,47
UCUpvT0j2QZvlkbJmM38erCQ,2026-07-18T07:26:54.671174+00:00,4450,False,584894,22
UCLNz9bgiJfM3ImTtYDOt8Ew,2026-07-18T07:26:54.671174+00:00,339000,False,114435322,4889
UCzU_6iBDwAcqYomK_a_rmuQ,2026-07-18T07:26:54.671174+00:00,602,False,100619,10
UCTxXY_FT-63kBRYoW3-sGNg,2026-07-18T07:26:54.671174+00:00,13400,False,260492,4
UC6YskSjbx6ejLZxlw0ou7ug,2026-07-18T07:26:54.671174+00:00,11100,False,1389883,30
UCcg4tDKgPLIc_x3lhWdogLg,2026-07-18T07:26:54.671174+00:00,810000,False,323506932,7445
UCvDr-HqfLpzfuj5lx7GcGXQ,2026-07-18T07:26:54.671174+00:00,0,False,1721,4
UCFdAs4DEkB7WkCbgrU9J1fA,2026-07-18T07:26:54.671174+00:00,15700,False,3164600,590
UCA0moWkA3pQGtAP4hHMqrOA,2026-07-18T07:26:54.671174+00:00,84,False,31689,91
UCn39xNZ42C93DHXbbRH2mgA,2026-07-18T07:26:54.671174+00:00,7450,False,467882,351
UCqrqt9Egbp4Voh3iEUUoorw,2026-07-18T07:26:54.671174+00:00,131000,False,20943207,34134
UCMkW7S3IszN1L9u1bLw23rQ,2026-07-18T07:26:54.671174+00:00,69700,False,2229144,816
UCEmpXzM-MOJMHaT5UsVfaEg,2026-07-18T07:26:54.671174+00:00,16,False,7754,13
UChahDwQQmHd9j751l7fuH7Q,2026-07-18T07:26:54.671174+00:00,114000,False,2972076,288
UCcijXxFzSXgoM6q9cCtT9PA,2026-07-18T07:26:54.671174+00:00,287000,False,68085218,10226
UC8lKgUHo-2mSR5cRRXO9xow,2026-07-18T07:26:54.671174+00:00,615000,False,177400327,26595
UC3bSm764H0fTAoYuutH9ggw,2026-07-18T07:26:54.671174+00:00,1590,False,77605,65
UC_AuTY5qqpUUYFLSDQIbOsg,2026-07-18T07:26:54.671174+00:00,94300,False,25673881,2975
UCrEtbePpVwOMRaAootmBCAg,2026-07-18T07:26:54.671174+00:00,4640,False,223224,42
UC6Ev8_cL6cG66bFVzRaUepw,2026-07-18T07:26:54.671174+00:00,35,False,183,5
UC3E_EvS__3XRgrUzv8D3L-g,2026-07-18T07:26:54.671174+00:00,5470,False,21111,415
UC_Urg845xBIOarYXBx_Ko2w,2026-07-18T07:26:54.671174+00:00,732,False,541907,196
UCafYOro0A5GJOp-KrVRDvcQ,2026-07-18T07:26:54.671174+00:00,113,False,15706,133
UC51zuWdRyNbQxFfy-4x6U6Q,2026-07-18T07:26:54.671174+00:00,24,False,163,14
UCyhM9-y17fHHp-laYCEvT2g,2026-07-18T07:26:54.671174+00:00,37900,False,4314871,882
UCbs_P6cKId42qs_FDMsz19Q,2026-07-18T07:26:54.671174+00:00,1360,False,194124,70
UCML_TNcLNqyCSdeDgnNyJTw,2026-07-18T07:26:54.671174+00:00,1,False,3,3
UCaKYfTolJ4s286DJ5QOFffw,2026-07-18T07:26:54.671174+00:00,1200,False,266841,321
UCPaa9NR1c6o7QW8kHYbR9Rg,2026-07-18T07:26:54.671174+00:00,3160,False,2396870,400
UC157V7VoMJATIyMjFgdpqZg,2026-07-18T07:26:54.671174+00:00,3,False,135,42
UCM4-TLxH9bFDlsjc6BlbsIA,2026-07-18T07:26:54.671174+00:00,20500,False,2306488,269
UChDDErhFN18hQ-NifYMMbVA,2026-07-18T07:26:54.671174+00:00,22,False,2361,15
UCzCVi9bCpsIZUUffGpxLfiA,2026-07-18T07:26:54.671174+00:00,3,False,939,9
UC2g41HU_n90TRNyLO6fUXew,2026-07-18T07:26:54.671174+00:00,1160,False,1961,4
UCcL1eq4qKv6-JueaA7b9bYg,2026-07-18T07:26:54.671174+00:00,6,False,891,4
UClcIQJ6q-HsROoyWms8B8tg,2026-07-18T07:26:54.671174+00:00,997,False,84929,139
UCXn1a_JRiiunkEVS9tamdCA,2026-07-18T07:26:54.671174+00:00,37500,False,7781495,357
UCmpeSI8ZXpacOJxa8ZmcvwQ,2026-07-18T07:26:54.671174+00:00,5,False,8,1
UC8aWSj_OsQSWPtENE_x8fxA,2026-07-18T07:26:54.671174+00:00,3,False,221,3
UCFha4tuRJFmgCWWrMBaa7wQ,2026-07-18T07:26:54.671174+00:00,0,False,1397,3
UCsUTgXEGvOQ8u1HOsd84d4A,2026-07-18T07:26:54.671174+00:00,59,False,5825,18
UCbCAIiyYUDoFFIzXS0HxYTA,2026-07-18T07:26:54.671174+00:00,14000,False,1577916,740
UCs3KUhfBDaWTMbkowlETe7w,2026-07-18T07:26:54.671174+00:00,85,False,34208,363
UC96GNvGfTbmk48uPiB5niog,2026-07-18T07:26:54.671174+00:00,3,False,705,19
UCa0nd8c704ALVa1c2co029g,2026-07-18T07:26:54.671174+00:00,2450,False,247109,137
UCd-gmzevnJBe9jHuNDMrI0w,2026-07-18T07:26:54.671174+00:00,74600,False,13338765,696
UC2kr46MvcoHAxgdJUNMFTiQ,2026-07-18T07:26:54.671174+00:00,2,False,79,2
UCr27vXsqJXYjFy-vepngPWg,2026-07-18T07:26:54.671174+00:00,3,False,3398,5
UCA4AwsXHfkJgvxErkzu5_6Q,2026-07-18T07:26:54.671174+00:00,6,False,11,1
UC324VVhYKykBv01GecF4aYg,2026-07-18T07:26:54.671174+00:00,57,False,2078,135
UCg22fUwQQF-7Sf6-TIVIFrA,2026-07-18T07:26:54.671174+00:00,112000,False,14191087,834
UCZa8YdngxbZdNnokd4h4bLA,2026-07-18T07:26:54.671174+00:00,20,False,611,16
UC2XIOeKtUY6lDhZRzhvKAVw,2026-07-18T07:26:54.671174+00:00,13200,False,1112129,29
UClQCAmEX_lgQeIYpZc0bYLw,2026-07-18T07:26:54.671174+00:00,5510,False,938094,107
UCA21VfIEhw6g7rv2Q08Cp6w,2026-07-18T07:26:54.671174+00:00,272,False,159564,29
UCVNgjnq_n7i_8GJOca0DIeQ,2026-07-18T07:26:54.671174+00:00,9830,False,1086833,165
UC7t96q4ic7RS3LRQ5OoT8Gg,2026-07-18T07:26:54.671174+00:00,13600,False,238361,208
UCyPTRwrPdjYbyQNwSqXWGQA,2026-07-18T07:26:54.671174+00:00,439,False,89823,27
UCYjFzTrxVAS_AyHXxZ_2S3Q,2026-07-18T07:26:54.671174+00:00,0,False,77,6
UC1UXGTUVCRr_viauBj_T5sQ,2026-07-18T07:26:54.671174+00:00,73700,False,5113164,92
UC74au1FHMPoIrtMg_aGl3_w,2026-07-18T07:26:54.671174+00:00,48400,False,18625922,31
UCwquSiTPHX3xzzjvmJGlkyg,2026-07-18T07:26:54.671174+00:00,178000,False,14479344,499
UCBjqPS6IHsXGeW1-0xmIlMg,2026-07-18T07:26:54.671174+00:00,13100,False,2634512,136
UCiUP46GBnwTKLrWsO_iOlyw,2026-07-18T07:26:54.671174+00:00,653,False,355950,270
UCavthknYN0x2nM4xplVP1oQ,2026-07-18T07:26:54.671174+00:00,24400,False,11873587,163
UCP5hOs9xuHFrHMlBuj6CTvA,2026-07-18T07:26:54.671174+00:00,5990,False,350234,134
UCJq6hfgz7MOEcvS1hbhxmxg,2026-07-18T07:26:54.671174+00:00,234,False,32508,45
UCaY_Mf80TrM6ESTtSJdY_Yw,2026-07-18T07:26:54.671174+00:00,3470,False,197163,136
UCvyalhna2_BckncYWdeqcwQ,2026-07-18T07:26:54.671174+00:00,5100,False,163373,59
UC5SkudzqxJtC-xCU-xreX9w,2026-07-18T07:26:54.671174+00:00,85,False,9604,7
UC6EbEwByu4tHEU8lBQ1nouw,2026-07-18T07:26:54.671174+00:00,105000,False,3059963,70
UCPPpEOsocilkC2IMRodK81g,2026-07-18T07:26:54.671174+00:00,31,False,570,5
UC3re5L0YoJSpwt2VJ4Y92Ug,2026-07-18T07:26:54.671174+00:00,27700,False,1280675,74
UCWAXniaoSy5z9qv1IjS1J4A,2026-07-18T07:26:54.671174+00:00,4680,False,2725926,613
UC4SPXYMpajTMZdALp-6Ug-w,2026-07-18T07:26:54.671174+00:00,6780,False,310358,61
UCoDvO1KbLPjMXYa-Aj18PYQ,2026-07-18T07:26:54.671174+00:00,2160,False,163158,242
UCAOAqdh0wJ6lmzO8j33v8fQ,2026-07-18T07:26:54.671174+00:00,2800,False,79,20
UCdbwajThwc2u5VTv1IBV08g,2026-07-18T07:26:54.671174+00:00,2130,False,779045,31
UCuL55IHBKAumK5hKWa_ZumQ,2026-07-18T07:26:54.671174+00:00,51,False,7615,23
UCfyhC0QzEkixD8QZZkdYJuA,2026-07-18T07:26:54.671174+00:00,21900,False,557076,300
UCc_K7MQbwIm7zB0BpsFqgfw,2026-07-18T07:26:54.671174+00:00,4750,False,404226,182
UCoTE3ZZRLUzqUVAfA8lwhtQ,2026-07-18T07:26:54.671174+00:00,7730,False,3389,16
UCEhkKkMt6u0SUo4ivZH9MFw,2026-07-18T07:26:54.671174+00:00,48900,False,57153,10
UCXmLfo2g7UHD4cQnTuDTMfQ,2026-07-18T07:26:54.671174+00:00,48,False,11437,18
UCRUC1HEydcM3vgYbbCbZ5ZQ,2026-07-18T07:26:54.671174+00:00,2100,False,105901,13
UCh-cPhwaVIJTFLMq0ZNf-hg,2026-07-18T07:26:54.671174+00:00,87500,False,7762561,499
UCTJmVd5Vcu8KQk2oS6pGNzg,2026-07-18T07:26:54.671174+00:00,30300,False,11434105,699
UCSFcCUQVf0beGJPWSt5uUhA,2026-07-18T07:26:54.671174+00:00,6530,False,362934,205
UCLMzLUfoF0siAzQcIBRG8Xw,2026-07-18T07:26:54.671174+00:00,667,False,23070,55
UCVA3haEfmrRIruY-rkDtCRQ,2026-07-18T07:26:54.671174+00:00,1240,False,556070,489
UCzBCCO9q9k9gQBm1BhtzC6w,2026-07-18T07:26:54.671174+00:00,4790,False,1685113,239
UCULeO4zpJMcG3kQI8iZ9PCw,2026-07-18T07:26:54.671174+00:00,202000,False,45592222,207
UCsm5Wj-HmSj7D0nmXV88J3g,2026-07-18T07:26:54.671174+00:00,215000,False,11205977,201
UCkLJso3QO4L08r5yIiwXDzw,2026-07-18T07:26:54.671174+00:00,11,False,8618,19
UCzPyz8TYW4LRcIwUSyOwNrg,2026-07-18T07:26:54.671174+00:00,21,False,12378,31
UC26VRuzyIws063aBlfjPuug,2026-07-18T07:26:54.671174+00:00,1,False,7,1
UCkTcRd7oWWTbDBKFwIaSX0Q,2026-07-18T07:26:54.671174+00:00,186000,False,7028603,630
UCSL3Jd1qtL3RkeKCpbhOspg,2026-07-18T07:26:54.671174+00:00,445000,False,46414134,2239
UCPfyJ8ACV1DXh_6Yx68IxhA,2026-07-18T07:26:54.671174+00:00,116000,False,33652374,3577
UCuw8HxsyF6wUeptyhhZaB6g,2026-07-18T07:26:54.671174+00:00,6000,False,437449,144
UCu7BL-lajtjd42QuNqV3kiQ,2026-07-18T07:26:54.671174+00:00,5290,False,166400,66
UCaXHgF7cAdDElEtgG2XSjlw,2026-07-18T07:26:54.671174+00:00,245000,False,25295165,2151
UC9jFFLKWirEIBYMPHtjcJmA,2026-07-18T07:26:54.671174+00:00,2450,False,214041,31
UCmvrdaSYX8PlZO09bHDp4PQ,2026-07-18T07:26:54.671174+00:00,4050,False,218855,12
UCfGkuimLRsrJLW0gjQ8eIGg,2026-07-18T07:26:54.671174+00:00,237000,False,15673795,194
UCLwwxYXhMc1fCIAnaO8nYrQ,2026-07-18T07:26:54.671174+00:00,18600,False,3104647,666
UCa0Dx86qHZ2UQCf7IMiHC6w,2026-07-18T07:26:54.671174+00:00,1360,False,76543,60
UCWKfcASnSA4krA-mXgcSF1A,2026-07-18T07:26:54.671174+00:00,8690,False,934180,100
UCA9KuBy0Gx2lv4-qgvijeRg,2026-07-18T07:26:54.671174+00:00,11100,False,276147,113
UCxEf-eXn3ejmSzt7XEwzrHg,2026-07-18T07:26:54.671174+00:00,7190,False,204499,105
UCh0SZ0sQHfta4KZLizw7Xsw,2026-07-18T07:26:54.671174+00:00,1840,False,2564325,348
UC7-7U4ToSmTlYciU71F2eXA,2026-07-18T07:26:54.671174+00:00,1200,False,4199,24
UC5Q1ny6-imUICARjiYVvbrA,2026-07-18T07:26:54.671174+00:00,16,False,647,5
UCFgCY_hRcewKGqE5LmaeT8Q,2026-07-18T07:26:54.671174+00:00,19600,False,255939,26
UCXIpu2XnvmvaGP3CtJKBm1g,2026-07-18T07:26:54.671174+00:00,11400,False,330564,41
UCmTcA0rOwOPCaKvfsXFeZ8w,2026-07-18T07:26:54.671174+00:00,255000,False,46359786,6791
UCa3BMXA9qcVqMtfnq7d977w,2026-07-18T07:26:54.671174+00:00,154000,False,11426493,4311
UCKoBVjh6j8amPM6tw6Lb-cA,2026-07-18T07:26:54.671174+00:00,66000,False,667067,367
UCfCxPLBK1BYkaSqlrRwRXkA,2026-07-18T07:26:54.671174+00:00,427000,False,28031542,414
UCQcaWJDpjCe9t3PQdr4o3MQ,2026-07-18T07:26:54.671174+00:00,9630,False,391605,212
UCuFfmVqX2Znbj8VYImVo-MQ,2026-07-18T07:26:54.671174+00:00,28200,False,1922732,296
UCpJBoKmoAOpj8kMZ-238P9g,2026-07-18T07:26:54.671174+00:00,164000,False,14883950,87
UCLmJsEw6cV5HmOdTJ1OFfTg,2026-07-18T07:26:54.671174+00:00,909,False,28996,123
UCRf29wQfrsRfhNIVPtkTA_A,2026-07-18T07:26:54.671174+00:00,4540,False,63282,56
UCIoYrB3EKtwmTHiLhy10KTw,2026-07-18T07:26:54.671174+00:00,267000,False,55711531,3830
UCmfa1qNLj1OEkbumGRkgfSw,2026-07-18T07:26:54.671174+00:00,10700,False,273207,500
UCPF1EIWtFOvBe9YXwfCbsvw,2026-07-18T07:26:54.671174+00:00,3990,False,112018,86
UC3K00sDszkujssjSORnipvg,2026-07-18T07:26:54.671174+00:00,120,False,22,2
UCa-Oknc_xa3tGBgiUoKGqOg,2026-07-18T07:26:54.671174+00:00,0,False,11,1
UCG6xbZaxspUcmVNDmm09EHA,2026-07-18T07:26:54.671174+00:00,2170,False,398,3
UCzU0yKrV9asu_0WQ-QhPPOw,2026-07-18T07:26:54.671174+00:00,52,False,618,7
UCjboX8rWtjAyU7dI2bd67KQ,2026-07-18T07:26:54.671174+00:00,9220,False,226722,127
UCFMVncdxIw-kfoB-mBluGxw,2026-07-18T07:26:54.671174+00:00,0,False,8,1
UCbcvE4dQvyLxDKjHdE_XCOA,2026-07-18T07:26:54.671174+00:00,488,False,10997,10
UCBC6kj6oWeLuAiByuEYFVTQ,2026-07-18T07:26:54.671174+00:00,2570,False,116567,321
UCfQzTP1jc7JXj8hYtG31osw,2026-07-18T07:26:54.671174+00:00,19700,False,1834193,460
UCbqkofQ3IIzfzCJj79Gul7A,2026-07-18T07:26:54.671174+00:00,30,False,1387,14
UCTIi9jL0_XH6wCRyHDygl9A,2026-07-18T07:26:54.671174+00:00,6500,False,362303,117
UClPIl4UYEOJZWhURZdiktXg,2026-07-18T07:26:54.671174+00:00,97,False,15091,9
UCTJDN8KoFiIvTsiQdLnToKA,2026-07-18T07:26:54.671174+00:00,1580,False,92790,53
UCkG1mzZHOS_11faHbAgOXwg,2026-07-18T07:26:54.671174+00:00,950,False,53453,475
UCDxSSI3_n3bkFKzaJMO5veQ,2026-07-18T07:26:54.671174+00:00,5650,False,439737,152
UCqZir8BUwNNRxmBWHYsTypA,2026-07-18T07:26:54.671174+00:00,85,False,17475,13
UCr4SyRFd7gLDjBFw8DjHJMw,2026-07-18T07:26:54.671174+00:00,63,False,1509,3
UCcCtG2QKIuXSEJ9vPR1sc4w,2026-07-18T07:26:54.671174+00:00,8090,False,167612,160
UCqccPm6-YIBjbzQwpxCLOcg,2026-07-18T07:26:54.671174+00:00,0,False,53,10
UCUz06yHz7YZWF737tof7rYQ,2026-07-18T07:26:54.671174+00:00,868000,False,60764664,248
UCj-1PF5mW8s0Y4wg08M4inQ,2026-07-18T07:26:54.671174+00:00,4150,False,796102,125
UC7dNSXUwTKMIm42Y1s48pPQ,2026-07-18T07:26:54.671174+00:00,28800,False,3665354,515
UCX7xT2CweFolTMojXtuzayw,2026-07-18T07:26:54.671174+00:00,82,False,6013,8
UCIE_huSOHYOCeBAGe_OIuew,2026-07-18T07:26:54.671174+00:00,579,False,18954,107
UCpA0sSPTCBVrQFx0y7k00xQ,2026-07-18T07:26:54.671174+00:00,3480,False,362505,71
UCVDk_wsQZA2Tu4JzXpc3gVg,2026-07-18T07:26:54.671174+00:00,13,False,68,3
UCMgnxTg0x7lfZs480sdpREg,2026-07-18T07:26:54.671174+00:00,4380,False,277789,54
UCLcEIlORlJiHx_UlCwF943g,2026-07-18T07:26:54.671174+00:00,144000,False,999688,14
UCbtIUUFz6dB1GoNdJk-Irdw,2026-07-18T07:26:54.671174+00:00,8000,False,1203221,103
UCvwa-qsGh7-KMTOjbkAhQeA,2026-07-18T07:26:54.671174+00:00,176,False,15090,3
UCtv_DvLOBwce4W-BvJ8F3Cg,2026-07-18T07:26:54.671174+00:00,39,False,722,5
UCF5hZWbvQovfgehKBywZJcg,2026-07-18T07:26:54.671174+00:00,490,False,28569,37
UCLH6umJw5noeUxxDxZOR8ug,2026-07-18T07:26:54.671174+00:00,19500,False,701576,41
UCl2UORrBoS7_HjzFyB9I2qg,2026-07-18T07:26:54.671174+00:00,513,False,431047,111
UCe7fzqUpU5ZvygQbJeZ6JvA,2026-07-18T07:26:54.671174+00:00,3430,False,617287,201
UCCGEqESioRlas0CFwEZ1fww,2026-07-18T07:26:54.671174+00:00,324000,False,5278492,183
UCRy_kvtH_UPrEs0ycI3cZmQ,2026-07-18T07:26:54.671174+00:00,65,False,1820,10
UCDpDFEKiRYiKB7LVxbzv5Dg,2026-07-18T07:26:54.671174+00:00,470,False,48858,20
UCb6-rOFGlduX5HMokLioIew,2026-07-18T07:26:54.671174+00:00,1,False,201,1
UClLTHKpnQFKcnTFiH9O973A,2026-07-18T07:26:54.671174+00:00,13000,False,572083,83
UCtiCGbtEa0x-L6-YjBxGd8w,2026-07-18T07:26:54.671174+00:00,1920,False,0,0
UCQa_KSx_sMwg0K57IllohHw,2026-07-18T07:26:54.671174+00:00,6620,False,388765,106
UC3Yqhsaw7lWHb2TdjyZWTvQ,2026-07-18T07:26:54.671174+00:00,49,False,3003,12
UCFAJ1eybWfsflOuXtn_9yZQ,2026-07-18T07:26:54.671174+00:00,23,False,149,1
UCmHUz3tsGu5BHi6Awx0qOkA,2026-07-18T07:26:54.671174+00:00,438,False,0,0
UCHT6F9HJ9DtLUjTOH16yg6g,2026-07-18T07:26:54.671174+00:00,3110,False,805026,590
UCZ29PE-vJ0GO9i6PGjCpvxg,2026-07-18T07:26:54.671174+00:00,1090,False,59359,75
UCe5VGDq_lkGVYr3nmvV_58Q,2026-07-18T07:26:54.671174+00:00,27,False,2461,15
UC1WPoxIg5zphyBqiUEdSePA,2026-07-18T07:26:54.671174+00:00,12,False,3736,8
UC-myDbJ5Iqd9k3y7f0cd0mQ,2026-07-18T07:26:54.671174+00:00,50,False,7210,6
UCsbPUu0F_qqCmDFVjiRva1Q,2026-07-18T07:26:54.671174+00:00,113000,False,45653069,374
UC8fri9Q-YbMItcZivCuk6_g,2026-07-18T07:26:54.671174+00:00,15,False,119,7
UCNGEtj-O2VcNMRqJUkTP-XQ,2026-07-18T07:26:54.671174+00:00,287,False,8839,106
UCFByBzvo6xGtrYpkIALFCIA,2026-07-18T07:26:54.671174+00:00,861,False,27662,28
UCxY-fWTqpvYMRUeRvxlrC2g,2026-07-18T07:26:54.671174+00:00,8200,False,789988,148
UCpTbQ8rowBytgoF2YTvCsYQ,2026-07-18T07:26:54.671174+00:00,380,False,28098,55
UCWQG9Xm1gW5-vtW5h5z0QYg,2026-07-18T07:26:54.671174+00:00,3120,False,276209,46
UC0UC13e3Fec7jx_RBwKyX0A,2026-07-18T07:26:54.671174+00:00,451,False,29223,42
UC33WYr7nngdWtU8Sb6mf7aA,2026-07-18T07:26:54.671174+00:00,55200,False,40684248,211
UCQ4H3usLeUebgaFF7Rt53MQ,2026-07-18T07:26:54.671174+00:00,12100,False,973417,550
UC-k23IT4BIkIDiEPq4wfuvg,2026-07-18T07:26:54.671174+00:00,217000,False,12924478,598
UCiwCvtlqcYAyU7yFpqaB7Lw,2026-07-18T07:26:54.671174+00:00,7770,False,500198,49
UCxmvnjkkdrSZjAPzVfOousQ,2026-07-18T07:26:54.671174+00:00,3970,False,171951,39
UC2cWWUUkCIlPzPACw-APVMQ,2026-07-18T07:26:54.671174+00:00,1250,False,20947,84
UCf3bIp32dchfn_bVAWtzLPw,2026-07-18T07:26:54.671174+00:00,6100,False,372514,49
UCSRPWsKMym8ed266_OTcBbw,2026-07-18T07:26:54.671174+00:00,22700,False,379336,35
UCPwlq6mrxcXrHrAqDexXhcg,2026-07-18T07:26:54.671174+00:00,15200,False,727565,57
UCnByssex1Zh1FboteFyUSPg,2026-07-18T07:26:54.671174+00:00,57,False,1550,5
UCHgQ30ptHrrixdv7joxTcBg,2026-07-18T07:26:54.671174+00:00,142,False,740,6
UCrmc83vHc9Enn-DBvQz0y1g,2026-07-18T07:26:54.671174+00:00,1510,False,104914,83
UC5zkDm7jDZ9qUBDspq6YnAQ,2026-07-18T07:26:54.671174+00:00,37,False,167,4
UCBO8CtXUc74YzG3ZRA-41Tw,2026-07-18T07:26:54.671174+00:00,1080,False,5723,9
UChioSRvSVkgYhyG5qDW2JtQ,2026-07-18T07:26:54.671174+00:00,2180,False,43662,50
UCxm3qT6MukO0l_vlfjy_ziw,2026-07-18T07:26:54.671174+00:00,16600,False,1457546,244
UCvqUMTSBaUcr3jo6VZcAOww,2026-07-18T07:26:54.671174+00:00,986,False,29876,23
UCbp4MroFWUKbISfkWVtP44w,2026-07-18T07:26:54.671174+00:00,726,False,24198,6
UCjCokZPTSqgMhYO8ZWinhTA,2026-07-18T07:26:54.671174+00:00,59100,False,1809800,47
UCGMwIFulQGMMg9HoKjj7utA,2026-07-18T07:26:54.671174+00:00,137,False,2237,24
UCo4xyFe54pnZgxc1ztPYzaA,2026-07-18T07:26:54.671174+00:00,852,False,44691,78
UCGiUl_50PVio16C4MHClDVQ,2026-07-18T07:26:54.671174+00:00,287,False,35628,16
UCNqkWhEuuUHlF38Ix-D667Q,2026-07-18T07:26:54.671174+00:00,2880,False,245299,363
UCeS8rbr3AqDgkYmEMLMWjnQ,2026-07-18T07:26:54.671174+00:00,822,False,36696,31
UCq4ItoanM4e5nqZRtxwcVjg,2026-07-18T07:26:54.671174+00:00,660,False,37224,7
UCciWJbS8FCsgM8asue6Jvug,2026-07-18T07:26:54.671174+00:00,125,False,4503,69
UCu1Cd4XNTuv5z8MNZjFq1Xg,2026-07-18T07:26:54.671174+00:00,1450,False,61308,25
UCSVP1lQ0t5Lm7BSQx2Tz0JQ,2026-07-18T07:26:54.671174+00:00,435,False,142096,71
UCGtqXMSH7N6-DnhpiU8wnIg,2026-07-18T07:26:54.671174+00:00,85,False,2942,8
UC7yKlELRdtcK5x54CEUCuWw,2026-07-18T07:26:54.671174+00:00,1160,False,8494,33
UClqpNiv2-mFhnxTNx4HhNtw,2026-07-18T07:26:54.671174+00:00,4,False,6,1
UCm7MP72vh0Unw4cWDL2l0Fw,2026-07-18T07:26:54.671174+00:00,12,False,217,6
UC8OjFbeEyCC8wpPWPYRA0SQ,2026-07-18T07:26:54.671174+00:00,16,False,797,10
UCw48Rkx5LeKzVbSfb9Cukhg,2026-07-18T07:26:54.671174+00:00,36,False,6027,33
UCgTVEOflRneP2HphC6zNrHg,2026-07-18T07:26:54.671174+00:00,183,False,993,4
UChHP_CvPx861-HHnCoMAtUA,2026-07-18T07:26:54.671174+00:00,141,False,48470,79
UCjh3yckixYKKLHWFolp49eQ,2026-07-18T07:26:54.671174+00:00,11,False,332,5
UCKnqIu8eR2U-75hvI5GQv8g,2026-07-18T07:26:54.671174+00:00,4990,False,22981,10
UC4q8VVq5HMJmXRjZ7QZwVmw,2026-07-18T07:26:54.671174+00:00,39200,False,1537377,585
UCcsxQFWrFBlECkKlr4MhpQQ,2026-07-18T07:26:54.671174+00:00,4,False,2939,118
UCX8_4_mztunqgfWhD8g0DVA,2026-07-18T07:26:54.671174+00:00,42,False,148,5
UC-1uJQliiQgu8WH0II6TmTw,2026-07-18T07:26:54.671174+00:00,745,False,20753,116
UCxi9YcUZtUY_-ZfRKgHVjMQ,2026-07-18T07:26:54.671174+00:00,3,False,235,3
UCi2flGysyx4mr9Sr2E5sGmA,2026-07-18T07:26:54.671174+00:00,873,False,11636,86
UCiFgXNrYONEvGd6fHeG3zUQ,2026-07-18T07:26:54.671174+00:00,42,False,1219,15
UCqQYbw8rgQ_p4jYBrk168Mg,2026-07-18T07:26:54.671174+00:00,725,False,98467,47
UCdmS1jq-jyc9qfkhMXyvU9w,2026-07-18T07:26:54.671174+00:00,3150,False,856370,462
UCjGq_2qhX-nEYtMzjg6_YIA,2026-07-18T07:26:54.671174+00:00,52,False,524,4
UCYW8XY-RkpQi6wqNSypzfXQ,2026-07-18T07:26:54.671174+00:00,627,False,190312,103
UCcQnd-T1zXdMbajg0mJA8OQ,2026-07-18T07:26:54.671174+00:00,1,False,228,3
UCpamW3WJjX0CgjWGsBxIm2w,2026-07-18T07:26:54.671174+00:00,7890,False,586449,439
UCaG8knQcGPSApmArtxDdskQ,2026-07-18T07:26:54.671174+00:00,230,False,8352,21
UCJRiUKCZnCdgSJ7szrS8DfA,2026-07-18T07:26:54.671174+00:00,380,False,11440,20
UCE6nq54CxwAF5XDRKnFb96A,2026-07-18T07:26:54.671174+00:00,454,False,26578,4
UCcu8qHo94_5Sw1DaKphRdVw,2026-07-18T07:26:54.671174+00:00,633,False,79876,218
UCQkddibMMoTyv5gXGWRvXcA,2026-07-18T07:26:54.671174+00:00,185000,False,90956985,113
UCf2Iar2LDcFaSCnVH1ZMUkA,2026-07-18T07:26:54.671174+00:00,501000,False,95203998,3327
UCCKkCmuBvdFAdok_QIPxXKQ,2026-07-18T07:26:54.671174+00:00,547,False,230603,90
UCBvafC487L5tgwpeDC2qAWA,2026-07-18T07:26:54.671174+00:00,1590,False,5853,17
UCi_8h4-2yCvUINiFfJJEiig,2026-07-18T07:26:54.671174+00:00,358,False,24210,25
UC4X_PPw0EVKwTHkm4JJxIjg,2026-07-18T07:26:54.671174+00:00,6430,False,2227486,14
UCZTWgcDDQj5u90mdZKfjPZA,2026-07-18T07:26:54.671174+00:00,380,False,12884,14
UCd7V9fsvAmpmgTwkqTOVS4Q,2026-07-18T07:26:54.671174+00:00,138,False,11109,35
UCHod2KqD1vX9IrKlpbUMWdA,2026-07-18T07:26:54.671174+00:00,117,False,11701,13
UCoQ9oh9mfK12durUzIE2I0A,2026-07-18T07:26:54.671174+00:00,16,False,771,4
UCaTmeInJ7dt4CzuVv-zKC6w,2026-07-18T07:26:54.671174+00:00,129,False,5180,15
UCpQWw__o75_ZtjcyTBqTyLg,2026-07-18T07:26:54.671174+00:00,2540,False,1568367,299
UC5bBYpvPhh_A58VKfVuO1pw,2026-07-18T07:26:54.671174+00:00,23700,False,5689396,26
UCfshUAynelX8vkAT5UXb1DA,2026-07-18T07:26:54.671174+00:00,1030,False,38069,61
UC3CsotIchs_fM4XwaQXcTMw,2026-07-18T07:26:54.671174+00:00,121,False,4014,16
UCsFiimRAF02Pg2tkVehi9_Q,2026-07-18T07:26:54.671174+00:00,116,False,2530,8
UC3HExvUcWzV9ihsReEIcvNg,2026-07-18T07:26:54.671174+00:00,26,False,347,5
UCBoyBI3KhdBRnm4qo4hwTLg,2026-07-18T07:26:54.671174+00:00,52,False,1660,13
UCIfmdQFKSNrU2hb9XqEpy1g,2026-07-18T07:26:54.671174+00:00,48,False,32578,44
UCQbzzbM-EGERjLIpKLRGgPQ,2026-07-18T07:26:54.671174+00:00,34600,False,31341,20
UCJ6fr3Ga7ZV2Gbeb9F1duCg,2026-07-18T07:26:54.671174+00:00,11,False,1961,8
UC-MKS7nDzhqJtvgzq9VzTqA,2026-07-18T07:26:54.671174+00:00,1250,False,15732,48
UClz-gBcrU1QlKyQ7zka5crw,2026-07-18T07:26:54.671174+00:00,13000,False,536546,69
UCcvHzQiVySqeTBQbTZ-ElOw,2026-07-18T07:26:54.671174+00:00,0,False,14,1
UCkNx9e7yQNWPiXe5zCOuUiw,2026-07-18T07:26:54.671174+00:00,96700,False,13021941,200
UCEwzz9RYod_tEjLYhFZVNlw,2026-07-18T07:26:54.671174+00:00,3,False,1753,6
UCwuJODQ8B5Y_Sqch7jTPhuA,2026-07-18T07:26:54.671174+00:00,1630,False,169673,33
UCxWYUcPmjoB9BUaePOe8Sgw,2026-07-18T07:26:54.671174+00:00,3,False,40,2
UCddg5ApIuFU9zHjh9_35EWA,2026-07-18T07:26:54.671174+00:00,63,False,5089,19
UCAxEsOiiqDS0rWIm-KHnPYg,2026-07-18T07:26:54.671174+00:00,189,False,78376,11
UCtXJIcf-3RAVJw6W1rhfz8g,2026-07-18T07:26:54.671174+00:00,922,False,98956,71
UCkK1vGnW0LlSfacaHX7GmAQ,2026-07-18T07:26:54.671174+00:00,393,False,40727,25
UCdr_vomvUD-6z7Rz16oim-g,2026-07-18T07:26:54.671174+00:00,52,False,1703,10
UCe7DmcaEk8MrqEmwM_tFNqQ,2026-07-18T07:26:54.671174+00:00,143,False,36644,14
UCsvrW9k0uqrFMEXuF0HDgJQ,2026-07-18T07:26:54.671174+00:00,104,False,7582,29
UC_icTbRXb8efN1TQz-yFLsg,2026-07-18T07:26:54.671174+00:00,3090,False,681789,30
UCgQqfBHSBi2HscWGdF8CsJg,2026-07-18T07:26:54.671174+00:00,84,False,6254,45
UCSMg7ZKZfvSfoHKOEuJwU1w,2026-07-18T07:26:54.671174+00:00,1900,False,321169,30
UC7lzwHLzITXsphCJ5MVn4qw,2026-07-18T07:26:54.671174+00:00,6350,False,604474,70
UCtCcBybfx93NJwNAP_58rPQ,2026-07-18T07:26:54.671174+00:00,45,False,118,10
UCls8NUOtublzp1jUcihZ9pg,2026-07-18T07:26:54.671174+00:00,356,False,101920,65
UCbsxsmfRNd6oOxKtFLhjEUQ,2026-07-18T07:26:54.671174+00:00,24000,False,6691803,653
UCv3gqYnoTSpUT4Wr1mq2hrg,2026-07-18T07:26:54.671174+00:00,18400,False,1759672,247
UC0nMJ3QNryBHZpy1P3Wamwg,2026-07-18T07:26:54.671174+00:00,256,False,128268,105
UCJ_r6w_EX9v589Y56nE3WGg,2026-07-18T07:26:54.671174+00:00,0,False,916,2
UCh1gyxZxm0osk7GipwmsOgA,2026-07-18T07:26:54.671174+00:00,25,False,339,22
UCJ0_2tSsPFH0Eh1qbH6otaQ,2026-07-18T07:26:54.671174+00:00,5740,False,464094,60
UCxMSQGHZNChCr_sqKmdX8EQ,2026-07-18T07:26:54.671174+00:00,27,False,5652,8
UCn836Q9tM8nYs-8fzqGmuIg,2026-07-18T07:26:54.671174+00:00,22,False,326,3
UCpRF7T1Y81YktioApy8jP9A,2026-07-18T07:26:54.671174+00:00,37200,False,4507654,208
UCx6xNXS6NzhbSyJIccs3kGA,2026-07-18T07:26:54.671174+00:00,4060,False,1036448,192
UCnYF9KvymYmNlskEJnEGYFw,2026-07-18T07:26:54.671174+00:00,1570,False,56400,19
UCA6OvQn1SYABA_Mj_wz0qsw,2026-07-18T07:26:54.671174+00:00,772,False,184315,136
UCPZ5BVdQNI36_gBwBLhPUiQ,2026-07-18T07:26:54.671174+00:00,124000,False,44458325,1641
UCdDKWVfkMuicr92a6Z7ikUA,2026-07-18T07:26:54.671174+00:00,101,False,11432,20
UCkznI-AMbht1PLgVuuIef7Q,2026-07-18T07:26:54.671174+00:00,38800,False,5501,9
UCBGcLDP6kcgPz4JNN4E_5rA,2026-07-18T07:26:54.671174+00:00,347,False,33293,38
UCcM0vptubHl1E-H1r_3T53w,2026-07-18T07:26:54.671174+00:00,2320,False,3071814,165
UCm_cUbvQZt8A02HMU6vyguA,2026-07-18T07:26:54.671174+00:00,17800,False,10954512,393
UCQMq9xQQlI46pahL4BhX8Mw,2026-07-18T07:26:54.671174+00:00,8660,False,63670,37
UCzJkU-8sbFCBuuVwR3cLy5w,2026-07-18T07:26:54.671174+00:00,99,False,22471,50
UCNqwpPFHkSOl6RMShPm3R1Q,2026-07-18T07:26:54.671174+00:00,1280,False,127609,213
UCeL5fLio37XiYzBVYXGl73g,2026-07-18T07:26:54.671174+00:00,1370,False,144429,21
UC8-EbxIDcnX9rm5g0RM-e8Q,2026-07-18T07:26:54.671174+00:00,0,False,19,3
UCdCmqcH-SdLqNTmzA_cIbLQ,2026-07-18T07:26:54.671174+00:00,265,False,3050,10
UCgNisDupy_6hIBkw3pjDdWw,2026-07-18T07:26:54.671174+00:00,354,False,429227,29
UC3rs8Xl74E850e7pNtr9hMw,2026-07-18T07:26:54.671174+00:00,2210,False,1025821,321
UCdQQmUYoi4ncfKtMh21dVww,2026-07-18T07:26:54.671174+00:00,396,False,72992,29
UC4_jjlNoa3g_V3y9YoiE24Q,2026-07-18T07:26:54.671174+00:00,1390,False,64104,15
UCHCCA-XX30GUBXRdi0fSy-A,2026-07-18T07:26:54.671174+00:00,420000,False,79570962,62
UCC0R9UeV1Oh7K8NlcYPycsw,2026-07-18T07:26:54.671174+00:00,218,False,20812,48
UCTtmvUiXmgXQKakESlyB4sQ,2026-07-18T07:26:54.671174+00:00,60400,False,6578646,24
UCI9B6cvPkauAUvfV2CvKMMQ,2026-07-18T07:26:54.671174+00:00,71800,False,7908089,600
UCnVO0YbtoK4HyvQgChNvK9w,2026-07-18T07:26:54.671174+00:00,10400,False,950596,52
UC_R35RSV-86rk38no2Qxdow,2026-07-18T07:26:54.671174+00:00,42900,False,4695705,70
UCG_qsovwOdJZEdRpzQMoBoQ,2026-07-18T07:26:54.671174+00:00,2020,False,31666,20
UC7hnVkL4yNhzha-fmW1r9aA,2026-07-18T07:26:54.671174+00:00,5290,False,498817,2
UCtmb-Ini3eUbS1nMktyDgTQ,2026-07-18T07:26:54.671174+00:00,24200,False,7658,1
UCDC7wunTby0IhT6j_HLoi5A,2026-07-18T07:26:54.671174+00:00,8540,False,971244,57
UCCs99tIqD-OqRbVlNjRPPoQ,2026-07-18T07:26:54.671174+00:00,114000,False,27449825,36
UC6ClgNoiMI8i6EVnBBmlE1Q,2026-07-18T07:26:54.671174+00:00,665000,False,160765468,85
UCzbSklEJnEkeqBIREvJA8fw,2026-07-18T07:26:54.671174+00:00,112,False,10323,18
UCiFSGwe2ihgvPzRG6J2oAcQ,2026-07-18T07:26:54.671174+00:00,315000,False,86295634,53
UC9dlW43_P7QDHlSlPIEkWkQ,2026-07-18T07:26:54.671174+00:00,14100,False,822807,46
UC8b1vHYDjd4v4DLxHXL-UiQ,2026-07-18T07:26:54.671174+00:00,22000,False,2680124,16
UCEcYjPMUG0X4vvX99J6m8YA,2026-07-18T07:26:54.671174+00:00,32900,False,8487156,16
UCgxKgEAcJcKKyWTBdzDXQag,2026-07-18T07:26:54.671174+00:00,12200,False,1328059,32
UCYVsFoYhtjrOzCgbaG-yiag,2026-07-18T07:26:54.671174+00:00,25000,False,1261148,11
UCJEbxceR8FFUcZU0Ez83lPQ,2026-07-18T07:26:54.671174+00:00,4070,False,1096013,293
UCiZSpZ1fyqsT7rJb3ssgBrA,2026-07-18T07:26:54.671174+00:00,250000,False,40928991,12
UCSGjjIMkvIJh9vdbbNPb3pw,2026-07-18T07:26:54.671174+00:00,25800,False,3169001,13
UCzo5m5I2IzH8A__B3WZPC_g,2026-07-18T07:26:54.671174+00:00,60800,False,9189296,6
UCah2xR5R0nYaI4YrArPcSCg,2026-07-18T07:26:54.671174+00:00,106000,False,5551893,145
UCpqdK1XXfPH-oJ_c96ZTRNQ,2026-07-18T07:26:54.671174+00:00,244000,False,41652204,47
UCpBsjRgpKH3zZwwLHSBSySA,2026-07-18T07:26:54.671174+00:00,271000,False,35994726,106
UCqDPDmVqRFD7o1tY1S6Cskw,2026-07-18T07:26:54.671174+00:00,286000,False,32396580,48
UCKLi2WEfWKoo6JvZJCJsYOw,2026-07-18T07:26:54.671174+00:00,39000,False,10530539,187
UCrG36PjxPG2rgCHXmZEGmvQ,2026-07-18T07:26:54.671174+00:00,85300,False,20350883,400
UCRT9B6WBsaYGs9QsM0ZBNjA,2026-07-18T07:26:54.671174+00:00,334,False,50074,44
UCOs5SfpuovdhUhQqGZl9NOg,2026-07-18T07:26:54.671174+00:00,525,False,41875,28
UCioOLRA1euuTkNUiEOUdy0A,2026-07-18T07:26:54.671174+00:00,27000,False,5385920,64
UCAGCAiaAAs6foi_-CNDMRsw,2026-07-18T07:26:54.671174+00:00,18500,False,9635951,75
UCOGqY1GxiXCSP8F9pSqMHFQ,2026-07-18T07:26:54.671174+00:00,10600,False,2246719,179
UCTroPt7ajezU0xywQ8Ymb5g,2026-07-18T07:26:54.671174+00:00,12100,False,493440,144
UCfxaF-qcXrUGglR-HLMIhXA,2026-07-18T07:26:54.671174+00:00,1810,False,256441,80
UCspb2j229RKT267nQ736Tfw,2026-07-18T07:26:54.671174+00:00,9060,False,168,1
UC6sMTVclMvAdg4fZJYWdZhw,2026-07-18T07:26:54.671174+00:00,58700,False,6961809,25
UChgYU9sDMmUJ-PE37sUOIhg,2026-07-18T07:26:54.671174+00:00,3300,False,500701,29
UC-nB-EeC9qdmv0aJ5OU6avg,2026-07-18T07:26:54.671174+00:00,0,False,4,1
UCf2qcVZck1jgGoMvccY1Xfg,2026-07-18T07:26:54.671174+00:00,58700,False,11243119,97
UC54paN9XtANKncLgsNXpxuw,2026-07-18T07:26:54.671174+00:00,31900,False,7983181,80
UCJi-bkCmevi27lScSXlrUbw,2026-07-18T07:26:54.671174+00:00,1970,False,201562,41
UC8Z-aOFJe-SmwXFRobzs0QA,2026-07-18T07:26:54.671174+00:00,531000,False,136110538,186
UC94kX8sCqFj-3I4DgLGoQMg,2026-07-18T07:26:54.671174+00:00,11800,False,1638274,178
UClEUyN3C6oIAMOkc8TEN8Xg,2026-07-18T07:26:54.671174+00:00,184000,False,23947258,215
UCrh65i5dV0K4iaSknIOTogA,2026-07-18T07:26:54.671174+00:00,40100,False,134720,41
UCPdHXNbuwmONyFUnIANlJvg,2026-07-18T07:26:54.671174+00:00,25100,False,6275450,117
UCnaS6CqY_EGmnFD-G7sHNtQ,2026-07-18T07:26:54.671174+00:00,2,False,71,1
UC4VkNi2RZSJyqXsFaJYfsPg,2026-07-18T07:26:54.671174+00:00,868000,False,703313419,2548
UCKPT0j6sKw5wj-WmC7DaJMQ,2026-07-18T07:26:54.671174+00:00,1390,False,373821,170
UCWLsp2EDG3iT02-xaP_U96Q,2026-07-18T07:26:54.671174+00:00,802,False,168592,70
UCFtEiNuNNFr1SqbLamWsLVg,2026-07-18T07:26:54.671174+00:00,334000,False,163442976,170
UCRuTigrib17EQPZO2eTynZw,2026-07-18T07:26:54.671174+00:00,647,False,63387,187
UCzMm9bl7hcr8h0shcs6HgpA,2026-07-18T07:26:54.671174+00:00,138,False,384,17
UCGDWZx4CiP1wBSXUL2YBgvg,2026-07-18T07:26:54.671174+00:00,2,False,18,1
UCPtJKPgYHqe-K3xU5prWgDA,2026-07-18T07:26:54.671174+00:00,238,False,71916,87
UCUz4m5qXBUlbg_W2P-5dh5Q,2026-07-18T07:26:54.671174+00:00,22,False,5031,10
UCl5m1hcAdrpnQjFgonDYypA,2026-07-18T07:26:54.671174+00:00,329,False,51754,46
UCi7OUst2l_JggYhoVvV-11w,2026-07-18T07:26:54.671174+00:00,55,False,1613,13
UCNV5JHj2OLJpDsqvtRHEOOQ,2026-07-18T07:26:54.671174+00:00,104,False,9860,42
UCjSmyQpggeFqeyvJoZzruxA,2026-07-18T07:26:54.671174+00:00,1060,False,463367,560
UCj8bmPhngDpX5uA3QGcXxrg,2026-07-18T07:26:54.671174+00:00,322,False,14979,26
UChxJl7qeii3X3uaippbe1Zw,2026-07-18T07:26:54.671174+00:00,184,False,135893,43
UCxNorjh8miVWTnWmc9I01qg,2026-07-18T07:26:54.671174+00:00,1,False,130,16
UCjNLXO6WOy7xL0pT9xVjmXQ,2026-07-18T07:26:54.671174+00:00,1390,False,119789,230
UCBsJP0vRpDVt3NBP3pcf-tg,2026-07-18T07:26:54.671174+00:00,9960,False,198380,72
UCVWRIsZS1uilw0hqy0eHf9A,2026-07-18T07:26:54.671174+00:00,6880,False,2049235,124
UCfJsvn44PXZV4wWqDWB3gGw,2026-07-18T07:26:54.671174+00:00,1370,False,122189,69
UC0QnTPi6MCtWiDvFSTu0nLg,2026-07-18T07:26:54.671174+00:00,0,False,96,3
UClWpyw-uEKIufD2XctHu1Kw,2026-07-18T07:26:54.671174+00:00,680,False,7883,28
UCEC8e_Vpy67U4xnGwpo6v9Q,2026-07-18T07:26:54.671174+00:00,1700,False,38706,91
UCseliFPwzYWDLcsnz-gT2jA,2026-07-18T07:26:54.671174+00:00,507,False,10260,25
UC5hpZafAD5yLoI5dvyu7EAg,2026-07-18T07:26:54.671174+00:00,2450,False,851041,58
UCzyNj_K68UUMGku6elS3-Vw,2026-07-18T07:26:54.671174+00:00,117,False,11841,29
UChyXO66sH_11FUaqcN2K8mQ,2026-07-18T07:26:54.671174+00:00,96,False,1000,6
UCcoMRdBwZ94F-v1o19v8C9A,2026-07-18T07:26:54.671174+00:00,2,False,73,1
UCZ_FsgcUmSz66ytXZo4ghUg,2026-07-18T07:26:54.671174+00:00,969,False,248020,23
UCOk9zSvzL_G02l8-5o2J0aw,2026-07-18T07:26:54.671174+00:00,13,False,5017,7
UCpmLphkq-n1GHMXxMWouURg,2026-07-18T07:26:54.671174+00:00,51,False,26927,26
UCEb1uUTOCTk178owtr6ycig,2026-07-18T07:26:54.671174+00:00,1450,False,352686,89
UCQ4WnlUXQgijxnKoxhS1fsA,2026-07-18T07:26:54.671174+00:00,1810,False,519602,108
UCVyYvZ_Tfp-eHC_Mdt7OgUg,2026-07-18T07:26:54.671174+00:00,4,False,52,2
UCQfScNdtr5cZ3AAjxnlhEfQ,2026-07-18T07:26:54.671174+00:00,832,False,914331,58
UCaoE0V-bRqIl-gqHX2mRRlw,2026-07-18T07:26:54.671174+00:00,7,False,792,16
UCJHnKlt5Jvs9eX_HoALh78Q,2026-07-18T07:26:54.671174+00:00,216,False,26349,35
UCnAPLrDh7HWge4MqPvHocgQ,2026-07-18T07:26:54.671174+00:00,6160,False,482644,97
UCeregcA7V24wo3vGVVsitfA,2026-07-18T07:26:54.671174+00:00,37900,False,4589092,644
UCeqzpsiMK9z6f-owiiUZeiQ,2026-07-18T07:26:54.671174+00:00,5,False,37,4
UCPbRBGkrAnnWGxBfpyTiUXg,2026-07-18T07:26:54.671174+00:00,54,False,12922,11
UCkt4LTivoYJuOkPROhayw0Q,2026-07-18T07:26:54.671174+00:00,295,False,19250,72
UCUATRdkuL0zxxmXWXBySgWw,2026-07-18T07:26:54.671174+00:00,185,False,262501,72
UCVkbgGtKLhJBylz9boUyP4Q,2026-07-18T07:26:54.671174+00:00,42,False,3951,11
UCYNtjJyosDXPToT3MdOzf1w,2026-07-18T07:26:54.671174+00:00,14,False,3054,7
UC0GrWdetiZpYVtF9nUTwRlg,2026-07-18T07:26:54.671174+00:00,1080,False,45498,71
UC0Qer2VuLfImP5KlKcPQ8dg,2026-07-18T07:26:54.671174+00:00,145,False,7659,9
UC1pk9EamTPBCunsTD7BxoAg,2026-07-18T07:26:54.671174+00:00,81,False,15872,17
UCWN7PzASZk2ju8GWF47NhSg,2026-07-18T07:26:54.671174+00:00,678,False,372082,222
UC9qjk1rYA0XpAbJ8CH7DFeA,2026-07-18T07:26:54.671174+00:00,430,False,89854,21
UCjLRdJQ2hHlhU10AswNiQ0A,2026-07-18T07:26:54.671174+00:00,57,False,630,3
UC3bN_qLws_jgNZmwUKyfuIg,2026-07-18T07:26:54.671174+00:00,425,False,28804,7
UC6Jkv_Am-0j20RxhDBS0PEA,2026-07-18T07:26:54.671174+00:00,11,False,1795,5
UCcvMPCUQ6EgqoZ9Du6Pym0Q,2026-07-18T07:26:54.671174+00:00,2910,False,150653,23
UCGa1_vxtCaUijKxNt0DB7aQ,2026-07-18T07:26:54.671174+00:00,158,False,46282,43
UC3oEN2nseVOuP6XUhFICRqA,2026-07-18T07:26:54.671174+00:00,268,False,90236,33
UCT_U9KV6byLeWkPcagCmMhQ,2026-07-18T07:26:54.671174+00:00,671,False,102436,29
UCVN7yd14BXmR_Ylg3MDCORg,2026-07-18T07:26:54.671174+00:00,57,False,36189,8
UCOlMa7eBVngg14Qnu8eAXgA,2026-07-18T07:26:54.671174+00:00,70,False,33685,49
UCAfSZ4d_LQ3v6gs6r4IADcw,2026-07-18T07:26:54.671174+00:00,27,False,9316,18
UC7Z3B_lEhVwpF-eHtbwfppw,2026-07-18T07:26:54.671174+00:00,2,False,21,3
UChVL7KZaoIqUActsaHZAoEA,2026-07-18T07:26:54.671174+00:00,1,False,10,2
UCusSUTH8cIHPvnzP0rXgfqA,2026-07-18T07:26:54.671174+00:00,15,False,10057,25
UCAbnKwbHRlhEXMvtSUzrrng,2026-07-18T07:26:54.671174+00:00,67,False,19548,24
UCgm1AkjIpLGAoBDdCPx1tMQ,2026-07-18T07:26:54.671174+00:00,1000,False,10338,12
UCVrABzvIgdjI0O2loGgZAGg,2026-07-18T07:26:54.671174+00:00,128,False,27516,33
UCVqb8_SOl0sTqsD6htnwBBQ,2026-07-18T07:26:54.671174+00:00,22,False,161,1
UCQRK4eZqMrDxQkb2e73bI1g,2026-07-18T07:26:54.671174+00:00,15,False,6521,6
UCfLUmA5cxq66Xud7ZrW_lGQ,2026-07-18T07:26:54.671174+00:00,2,False,344,3
UCrAW52TcVvMIP0pZpZcbELw,2026-07-18T07:26:54.671174+00:00,100,False,8890,34
UC8xM-XWUOolEEA2SHpm-B9A,2026-07-18T07:26:54.671174+00:00,10,False,873,11
UC_zR76WfAJj_-nPZgcPfZfA,2026-07-18T07:26:54.671174+00:00,7,False,3623,4
UCvADrZB8kSC6Ly-4NLrsksQ,2026-07-18T07:26:54.671174+00:00,0,False,329,2
UCA7B8K34SVOG95zpEoIs_bA,2026-07-18T07:26:54.671174+00:00,0,False,0,1
UCW_SDys00Yv9Fjq3ttcrvUw,2026-07-18T07:26:54.671174+00:00,189,False,76125,58
UCDuuXPVevJsTaFAv_kkqHOA,2026-07-18T07:26:54.671174+00:00,1010,False,184429,33
UC5ZAQUDD-zXVkZt3fALdq2Q,2026-07-18T07:26:54.671174+00:00,9770,False,2990852,317
UC7wRtuVWDxL2o8-74-y6LLg,2026-07-18T07:26:54.671174+00:00,231,False,4026,31
UCs2n9rcT5RTQRJZWRx-2F3g,2026-07-18T07:26:54.671174+00:00,22500,False,1095066,196
UC6gmE7AKU6TPG2iIx_q3kBQ,2026-07-18T07:26:54.671174+00:00,2000,False,450418,147
UCpb37g4I8pMnEv5NcSbf4Bw,2026-07-18T07:26:54.671174+00:00,47,False,6371,9
UCbuW88tFdrevpCcS8M6I07A,2026-07-18T07:26:54.671174+00:00,41,False,6630,29
UCUYXSaH7gW9DGZHItFsvJ_A,2026-07-18T07:26:54.671174+00:00,80000,False,28790360,652
UC0Acca2PGDyDGuNjk0JEB1Q,2026-07-18T07:26:54.671174+00:00,13200,False,1291537,73
UCPSAbhuBUTXhdB2tqgdmeVw,2026-07-18T07:26:54.671174+00:00,634,False,20258,11
UCjScMUhYoJTvPvPowUzPGqA,2026-07-18T07:26:54.671174+00:00,136,False,10830,46
UCZNreSxdvd50nzMz5zkXg4w,2026-07-18T07:26:54.671174+00:00,3420,False,2672490,66
UCsAYQL3fa-MtbeWv2aM5ntQ,2026-07-18T07:26:54.671174+00:00,11900,False,2681641,191
UCPbmJjqlpI2nV8Y2HobP1pw,2026-07-18T07:26:54.671174+00:00,91,False,30745,49
UC97ykIgaRLrsMJt226jpa9w,2026-07-18T07:26:54.671174+00:00,4,False,421,91
UCQhw_ZtCGmmCjR37BgcacAw,2026-07-18T07:26:54.671174+00:00,14,False,5127,5
UCQ1YtBI0uRoTGiIAytLKaGA,2026-07-18T07:26:54.671174+00:00,9050,False,1674315,136
UCzHhl8kAbLv6iTr9AT2vg3g,2026-07-18T07:26:54.671174+00:00,74,False,30144,9
UC-dCazLLgEAZm5PqSbHPyng,2026-07-18T07:26:54.671174+00:00,2200,False,630139,82
UCObCXpFPND_N_S2MTtkI-Rw,2026-07-18T07:26:54.671174+00:00,1200,False,472668,91
UCG9r38aVUA7qTRfKnBDNHEQ,2026-07-18T07:26:54.671174+00:00,5,False,22,1
UCBgsTH2adMQ4gmUV5qkyRhw,2026-07-18T07:26:54.671174+00:00,25,False,207,3
UCSuqB9kGrKU1Svh8S5BpKPA,2026-07-18T07:26:54.671174+00:00,1480,False,1143451,937
UCjmCkFFwHNiBtRUF94d0A_w,2026-07-18T07:26:54.671174+00:00,45,False,1860,17
UCR3tNGyaStfQooxU4cQkY3A,2026-07-18T07:26:54.671174+00:00,1,False,8,1
UCS0vl4-rOhiTQegftPOcNBw,2026-07-18T07:26:54.671174+00:00,133,False,41955,19
UCOjWIcNSjDDSJDaeo-AZERQ,2026-07-18T07:26:54.671174+00:00,0,False,18,5
UCn8o1RDwQ9yjHvha3e7x_VA,2026-07-18T07:26:54.671174+00:00,16000,False,1635387,1667
UCmwIKQQjwpjNT8OQ_VZuRfg,2026-07-18T07:26:54.671174+00:00,1230,False,722639,1512
UCSnNjJuwP1ZO9S7WoHnebSA,2026-07-18T07:26:54.671174+00:00,27,False,498,12
UCtCj1QVEHyXSNplt9SD6V-w,2026-07-18T07:26:54.671174+00:00,20,False,76,2
UCK0bPjNra_d-ezW5vQVfYaA,2026-07-18T07:26:54.671174+00:00,212,False,15470,19
UC-SGR59YzynMC5K6nbbH-og,2026-07-18T07:26:54.671174+00:00,153,False,2771,58
UC0ZcZzDZe8x6-olaRR5-wYw,2026-07-18T07:26:54.671174+00:00,70,False,1487,99
UCdy9Wdw7Sl9o05k1goBaB2Q,2026-07-18T07:26:54.671174+00:00,71,False,711,42
UCGQxfwFHFezIxXurJNgP2ug,2026-07-18T07:26:54.671174+00:00,9200,False,2816615,638
UCjCbWQXwuZlCLh5ncWlBTsA,2026-07-18T07:26:54.671174+00:00,1,False,15,1
UC4adsLXDnuV3w78KvQKrLgA,2026-07-18T07:26:54.671174+00:00,448,False,29367,121
UCljaMOnndd_7nhdApJr9lJg,2026-07-18T07:26:54.671174+00:00,11,False,2448,13
UC0Gy3iGhX2FqlDg6-LHiyWg,2026-07-18T07:26:54.671174+00:00,166,False,10325,53
UCaBfLajanCJS5yv5HDacKbg,2026-07-18T07:26:54.671174+00:00,458,False,15,1
UCAlhWWO8Psu7nMyxpXYtL7A,2026-07-18T07:26:54.671174+00:00,24,False,457,11
UCWrN64wbBVWpRGWat_paLSg,2026-07-18T07:26:54.671174+00:00,7650,False,180088,73
UCpIbj-tT_PLFwLUVZkursKQ,2026-07-18T07:26:54.671174+00:00,82,False,2084,139
UCRSWrrhmaigw_yXwoKv2uqw,2026-07-18T07:26:54.671174+00:00,119,False,1469,87
UCUz-4JNAAfclM4YTbPm-NYQ,2026-07-18T07:26:54.671174+00:00,264,False,11104,26
UCUpf9oGkS4Ns0m7ePBB5TTA,2026-07-18T07:26:54.671174+00:00,71,False,3831,13
UChGV7UFNdlRtUmTv_AX7Izg,2026-07-18T07:26:54.671174+00:00,26700,False,2380024,3694
UC7TTg_2UVX8w7B53AspynPA,2026-07-18T07:26:54.671174+00:00,22,False,496,1
UCCeRbItAo1Ugk7v5icCsMoQ,2026-07-18T07:26:54.671174+00:00,448,False,11750,61
UCecL5RXqIzb3N6zO0FaCN9Q,2026-07-18T07:26:54.671174+00:00,6000,False,154999,266
UChOnYwBt6dccs7vny0XBn5A,2026-07-18T07:26:54.671174+00:00,196,False,1388,7
UCyY-Oc4LZxuPCNtrOeIkPXQ,2026-07-18T07:26:54.671174+00:00,485,False,107821,24
UCh1devGAKOxk1FONKNQyWfw,2026-07-18T07:26:54.671174+00:00,240000,False,61894849,600
UC69j0n39Fj53JHIBsectTAw,2026-07-18T07:26:54.671174+00:00,83,False,10603,10
UCkD2Gixzde52jx1XspNvrBw,2026-07-18T07:26:54.671174+00:00,118000,False,40387216,2002
UCSPowuMDhhN8ayovAX28SOA,2026-07-18T07:26:54.671174+00:00,18300,False,4926804,341
UCtfeXEtCF7zlkfZDk8LnqpQ,2026-07-18T07:26:54.671174+00:00,8,False,3853,17
UCESLkkRAOvtHzG-wF7TNofw,2026-07-18T07:26:54.671174+00:00,395,False,22227,9
UCfqMutUM7GnawXWTefUY8dw,2026-07-18T07:26:54.671174+00:00,456,False,101071,36
UCvHgPqX_MU--WMuk2PVZubg,2026-07-18T07:26:54.671174+00:00,54200,False,10882935,140
UCoZJaxWPeeGKZ6ShK5EsIkA,2026-07-18T07:26:54.671174+00:00,54,False,26087,29
UCCSpwCvA20G-b2u7kjjogqw,2026-07-18T07:26:54.671174+00:00,23100,False,8410868,850
UCtxuDDwNMrV_nyE_yrTk3dQ,2026-07-18T07:26:54.671174+00:00,1050,False,6633,11
UCEm59e_lj_y6oP5Bm7l7r3w,2026-07-18T07:26:54.671174+00:00,24600,False,2807530,294
UCDRvVQA5TYL0TFYjA6jcHag,2026-07-18T07:26:54.671174+00:00,3840,False,837410,344
UC7qdij234UAVh6N7M7sszEA,2026-07-18T07:26:54.671174+00:00,3030,False,105170,31
UCCXw0STxDknWiHY0ULP2qdw,2026-07-18T07:26:54.671174+00:00,343000,False,59680784,394
UCG3QSJwsRV2nH5Fo3eoYlOA,2026-07-18T07:26:54.671174+00:00,50,False,13328,15
UCwoZO_4sCD_Bi6uYDeCa1dw,2026-07-18T07:26:54.671174+00:00,210,False,24167,35
UCnEp3XSh0qGO9656xrLK7XA,2026-07-18T07:26:54.671174+00:00,21,False,1246,9
UCmZhSTVkzhssQKyV_vqR3ng,2026-07-18T07:26:54.671174+00:00,11200,False,2090962,49
UCOFhOCgjIgm3JqGo6vSHQkg,2026-07-18T07:26:54.671174+00:00,1,False,35,1
UCEHW7PX0AaScrC3IbUiKO9Q,2026-07-18T07:26:54.671174+00:00,62,False,1268,1
UCQZR3b8KuE1ddvEGYmNHZMg,2026-07-18T07:26:54.671174+00:00,5450,False,359577,112
UCQkThZohN6AuWRPOf5plLNA,2026-07-18T07:26:54.671174+00:00,807,False,49891,21
UCjguZlEbLns5IgN3NM2nMlg,2026-07-18T07:26:54.671174+00:00,203,False,3102,7
UCZlgh5fNy_cuAPWQE7b1WsA,2026-07-18T07:26:54.671174+00:00,14000,False,1073529,24
UCSs9wxjf1Asv9HyFmMym9kQ,2026-07-18T07:26:54.671174+00:00,123,False,10102,18
UCSg2a8l-mUW9gqKFjZZig8g,2026-07-18T07:26:54.671174+00:00,19400,False,2418454,226
UCS5U8OTQXzQXMET3NcRguWQ,2026-07-18T07:26:54.671174+00:00,14600,False,2045571,443
UCZqd2Ow05JEMlpaXHdw0LWQ,2026-07-18T07:26:54.671174+00:00,101,False,4777,10
UC4DCS-GWdPQ3A9ukbJHB65A,2026-07-18T07:26:54.671174+00:00,84,False,4812,14
UCSquzAJZ72PTgZECfAEyYrQ,2026-07-18T07:26:54.671174+00:00,6780,False,1005318,157
UCmnOYj9e1G4MUSyyVK-A9Cg,2026-07-18T07:26:54.671174+00:00,11,False,675,3
UC7SqusQkpNX1hRjRvD_1Ong,2026-07-18T07:26:54.671174+00:00,2380,False,0,0
UC_3_FgfsOhlkBjFzQnJUkEQ,2026-07-18T07:26:54.671174+00:00,683,False,31009,15
UCrF6XEZfuk45pWcQAhrtYKQ,2026-07-18T07:26:54.671174+00:00,68,False,670,4
UCJ4AkYxYPsyxeWin5fAqVSw,2026-07-18T07:26:54.671174+00:00,50,False,24632,89
UCHWF_l-xuTe0fNouIdy8ULw,2026-07-18T07:26:54.671174+00:00,333,False,33008,20
UCdiGwivOErhuFV5uEUWxllw,2026-07-18T07:26:54.671174+00:00,2060,False,153235,6
UCVDevQUUFFRkP-byPUhMQtA,2026-07-18T07:26:54.671174+00:00,84000,False,6928505,142
UCVxzuJhGfjhyw1LmRFK9UxQ,2026-07-18T07:26:54.671174+00:00,33300,False,415628,66
UCYFleXVWEURbSC7bj3sqlPw,2026-07-18T07:26:54.671174+00:00,504000,False,38123972,150
UC4EOaPNYQhUSRmBI-N1EXEg,2026-07-18T07:26:54.671174+00:00,992,False,30516,5
UCf6o_gAivqqYLTRIh9fahTA,2026-07-18T07:26:54.671174+00:00,7280,False,178842,10
UC2OyEezNlfWZB70W9yPT-xw,2026-07-18T07:26:54.671174+00:00,2,False,56,18
UC42bGXt-5heQRPXPLsww3Jw,2026-07-18T07:26:54.671174+00:00,10,False,87,1
UC1XBIWfev3IF4mbw8SEPM-w,2026-07-18T07:26:54.671174+00:00,30100,False,1493235,14
UCN9fwTxVJ8x4vttXTkl59Pw,2026-07-18T07:26:54.671174+00:00,130000,False,7614215,33
UCA-IWqJKqhCDYcF8yAfKraw,2026-07-18T07:26:54.671174+00:00,3,False,21,2
UCNvrY1HYb-cPJTgbji557ig,2026-07-18T07:26:54.671174+00:00,42,False,594,1
UCsV0gCTr6Fdl-fMpg7_3Zuw,2026-07-18T07:26:54.671174+00:00,12,False,6398,7
UCFLr608uAey2074UZtRKuaw,2026-07-18T07:26:54.671174+00:00,4,False,41,2
UCSIcX89arHkxqoi3aiqN3hw,2026-07-18T07:26:54.671174+00:00,15,False,631,10
UC5HK5iZs2UB55Bum9BBbajg,2026-07-18T07:26:54.671174+00:00,81,False,16302,21
UCsGsDaPTOt6VXRPF2FyAJ4g,2026-07-18T07:26:54.671174+00:00,3950,False,387310,131
UCifJEvXNvD8XaK7JMSmnH_w,2026-07-18T07:26:54.671174+00:00,55,False,12091,15
UCJ_5slo-oa7bvnyD92m9c0A,2026-07-18T07:26:54.671174+00:00,220,False,33261,5
UCAewO1gshtHXVsOdxd03gkw,2026-07-18T07:26:54.671174+00:00,1150,False,910613,49
UCxJP7fjfHoOT928_29TyB5w,2026-07-18T07:26:54.671174+00:00,481,False,45252,76
UCmyEUjIqwiTwx6MFT19FD0g,2026-07-18T07:26:54.671174+00:00,361,False,78279,32
UCKurrM38zebptCChSC6QpuQ,2026-07-18T07:26:54.671174+00:00,597,False,20062,101
UCtBhlCYSLlz2TO9hK93micg,2026-07-18T07:26:54.671174+00:00,471000,False,8837483,143
UCWAOuD-vL-mwdNOAXLpMFsA,2026-07-18T07:26:54.671174+00:00,5720,False,2893290,167
UCY8MMMOhm6-om2MX97fFnpQ,2026-07-18T07:26:54.671174+00:00,207000,False,27415352,1783
UCourijd_t76uoWtcXdrzwOg,2026-07-18T07:26:54.671174+00:00,1920,False,192282,46
UCoAAGnfgkDNopG8HT31K_3w,2026-07-18T07:26:54.671174+00:00,2,False,85,4
UCzHCGIaSLRPy2xG6GBIXFYA,2026-07-18T07:26:54.671174+00:00,2040,False,675093,123
UCn-TGQjyzHIA1EgonmCpr8A,2026-07-18T07:26:54.671174+00:00,19100,False,1503437,208
UCdk5_7EZfPGouBqkuJ4pcuQ,2026-07-18T07:26:54.671174+00:00,364000,False,15033580,492
UC7mhtAaF1ESJgCozpoS2lcQ,2026-07-18T07:26:54.671174+00:00,13600,False,2747832,191
UCciHuEKKB73p626H_kjoZtg,2026-07-18T07:26:54.671174+00:00,67,False,4955,10
UCtewEIiXqtEGklFsghrTlsA,2026-07-18T07:26:54.671174+00:00,1530,False,111706,90
UCyrW9aDENkU6G6URdVFwB9g,2026-07-18T07:26:54.671174+00:00,16500,False,512969,418
UCoQXpCWew0Q3qz6buZYOAFg,2026-07-18T07:26:54.671174+00:00,132000,False,20901097,1532
UCxPYVvthidICJb75llNXktg,2026-07-18T07:26:54.671174+00:00,283000,False,82993929,3127
UCXnIrM4ECF___U_7LVkNz8A,2026-07-18T07:26:54.671174+00:00,226,False,123498,48
UCKOkvbdy90Js1JF0KO9sfxQ,2026-07-18T07:26:54.671174+00:00,6,False,1203,1
UCKPo6m2YUuRWhw-18sJPnYA,2026-07-18T07:26:54.671174+00:00,15100,False,38128107,1972
UCFDDinTJk2SPab8sy7QrPnw,2026-07-18T07:26:54.671174+00:00,1530,False,61603,73
UCYYLeuf3OuMj04YCb0vvA8w,2026-07-18T07:26:54.671174+00:00,225000,False,12111942,29
UCjm7vbOwssao7Bhm9wX3-bw,2026-07-18T07:26:54.671174+00:00,147000,False,14486742,2853
UCXx6WMAaI1c0yJ5LFlISadA,2026-07-18T07:26:54.671174+00:00,33600,False,2978599,139
UCNKF91XVC--97H9yyExwOLQ,2026-07-18T07:26:54.671174+00:00,36,False,1219,1
UCjHPBitwISx7xuhYRbUfFdw,2026-07-18T07:26:54.671174+00:00,3920,False,79297,12
UC9R-lccClK7uhR-kf5m60eQ,2026-07-18T07:26:54.671174+00:00,14700,False,1206821,125
UC_wH_kulb6PkXaF6I1a9xKQ,2026-07-18T07:26:54.671174+00:00,599,False,9586,2
UCo7jGFwywOdtesciwW-POqg,2026-07-18T07:26:54.671174+00:00,254000,False,121579219,1611
UC3tvYy-s84yySG7V85jRDnA,2026-07-18T07:26:54.671174+00:00,890000,False,210459935,3341
UCH8YwtCVpDIMNh7_EqLPNCQ,2026-07-18T07:26:54.671174+00:00,710,False,49459,78
UCHhk9EHspPZejY9PnR1PLVg,2026-07-18T07:26:54.671174+00:00,409000,False,148624731,5160
UCTKpmb3bHNDrIDTAaT7rLQQ,2026-07-18T07:26:54.671174+00:00,16,False,698,1
UCZ6MS5ygBzz25PnSMaAw8PA,2026-07-18T07:26:54.671174+00:00,30800,False,15316542,1209
UCAMfYnu9LVaiHTv67cKF9EQ,2026-07-18T07:26:54.671174+00:00,3840,False,742036,451
UCq0hVW_G5kWt2ocLhbjOtGg,2026-07-18T07:26:54.671174+00:00,10400,False,2857990,1209
UCmcJ_cXnhToGOqwIvOtwSVg,2026-07-18T07:26:54.671174+00:00,17,False,13082,8
UCLA8Ovy_NPAwMWvr8IEDquw,2026-07-18T07:26:54.671174+00:00,65000,False,3654211,818
UCbS_glb2N1NVTrDLVryRbng,2026-07-18T07:26:54.671174+00:00,918000,False,606291492,65304
UCbR7juPwtP-bV_w0840ciYQ,2026-07-18T07:26:54.671174+00:00,529000,False,253735369,6164
UCUmkuHIy9TcUhd10BCEVpIg,2026-07-18T07:26:54.671174+00:00,12900,False,2071767,252
UCY7ZeW8kUhwMbpN1uxp6Jkg,2026-07-18T07:26:54.671174+00:00,9,False,11,1
UCr0wete04v0G3l7YhtBROTg,2026-07-18T07:26:54.671174+00:00,18100,False,482135,495
UC-ESiKLk1zFajcoXRtZRDgQ,2026-07-18T07:26:54.671174+00:00,8,False,747,2
UCoUtpHt61tmeSpaznNoqr3g,2026-07-18T07:26:54.671174+00:00,8330,False,2363656,164
UC12Ujt77-UFGXPAalKwuXDg,2026-07-18T07:26:54.671174+00:00,101000,False,12363066,6693
UCF11-Puqxb0jdeWNc7F_Fcw,2026-07-18T07:26:54.671174+00:00,1240,False,298663,3800
UCmGMChEd9jBucufrWcpk3Ew,2026-07-18T07:26:54.671174+00:00,630,False,161640,67
UC1CkcuwxCW_dIchuR0tTCJw,2026-07-18T07:26:54.671174+00:00,139000,False,10905142,3535
UCacIRbbu-hgx4sRW6tZPRoQ,2026-07-18T07:26:54.671174+00:00,155000,False,39580949,4653
UCfVmYgJP_bBt00lLtPGsbcQ,2026-07-18T07:26:54.671174+00:00,26400,False,4593115,158
UCYJIF8T_Nhfcu_q5xvvSRSA,2026-07-18T07:26:54.671174+00:00,29700,False,323168,47
UCh6ZuRqZK3TX9yt-ssydQ8g,2026-07-18T07:26:54.671174+00:00,688,False,156346,108
UC7yF2-xCEXXv_h93qq6urww,2026-07-18T07:26:54.671174+00:00,28200,False,6387910,280
UCfqhE2Lyb-2zpv96EfaV6NA,2026-07-18T07:26:54.671174+00:00,3,False,634,3
UCQxYcvX5hnGJvuTFzKng-Vg,2026-07-18T07:26:54.671174+00:00,27500,False,1942250,315
UCEJ2OW9pd3aUob5SGap2Hzg,2026-07-18T07:26:54.671174+00:00,25400,False,4222683,755
UCVqfoMNwM8SIpL6BMGTZbcA,2026-07-18T07:26:54.671174+00:00,5780,False,621823,49
UCkMHuOw1YS3-p7tpP0g8Oug,2026-07-18T07:26:54.671174+00:00,626,False,99278,289
UCMYGJzk1xRLyb-7nPS91U1A,2026-07-18T07:26:54.671174+00:00,11,False,211,8
UCxAkK6_mU-y8NownflBHl7A,2026-07-18T07:26:54.671174+00:00,946,False,26234,191
UC4WsFD62bjLIlWe6BDyKgLg,2026-07-18T07:26:54.671174+00:00,1,False,10,2
UCiorAyPSc4u8OMhKahkz8Kw,2026-07-18T07:26:54.671174+00:00,10,False,51,2
UC0-wN1j5Encw4db-W0npmAA,2026-07-18T07:26:54.671174+00:00,2680,False,537528,872
UCSTl549eJYdeUAY0NmZLU6A,2026-07-18T07:26:54.671174+00:00,9350,False,707087,1767
UCgnkk8P4G9yQFuRl0dEO1HQ,2026-07-18T07:26:54.671174+00:00,43900,False,5788900,341
UCvr8FfbItix2xyxAqRpq2kw,2026-07-18T07:26:54.671174+00:00,11700,False,1613646,3092
UCpFP00DtyDEHJL38u16JeJQ,2026-07-18T07:26:54.671174+00:00,2790,False,311504,241
UCGyG2Xkr4xR73xgQMXNi8_g,2026-07-18T07:26:54.671174+00:00,4130,False,742326,96
UCZWLWHBB3t-VlJpqMin0MBQ,2026-07-18T07:26:54.671174+00:00,10,False,381,23
UCZEXdsMN3HWEz34uY5PbtXA,2026-07-18T07:26:54.671174+00:00,41,False,7316,30
UC0554zf4RvVkxwt_tS4Wx_g,2026-07-18T07:26:54.671174+00:00,700,False,216905,523
UC5Q_G46Xm2zLk3KENJyNZFw,2026-07-18T07:26:54.671174+00:00,6,False,38,1
UCXiuc0YzkB3Cqm5iGOPCfbg,2026-07-18T07:26:54.671174+00:00,1,False,334,3
UCPt6oRAoW7q6Tc3pVdte8Ow,2026-07-18T07:26:54.671174+00:00,27,False,185,6
UCy3DKiGOrAXgOYZ08p7b13w,2026-07-18T07:26:54.671174+00:00,2730,False,233187,28
UCclsYfuBasiAF0_jKu6UIKg,2026-07-18T07:26:54.671174+00:00,2,False,163,3
UCBqRzgKt-SI9i4J2kK9E1Cw,2026-07-18T07:26:54.671174+00:00,3550,False,454713,103
UCQDKBn0LV7zJfpx0Sjn6K5g,2026-07-18T07:26:54.671174+00:00,487,False,21604,32
UCSskMa5RIcLld1C9-zcXJLA,2026-07-18T07:26:54.671174+00:00,27,False,1195,13
UCvXR8NCCCr5N0edH88hcI_Q,2026-07-18T07:26:54.671174+00:00,3280,False,195144,497
UC_nEV-E7z5c250hGJaf5c0A,2026-07-18T07:26:54.671174+00:00,97,False,71598,72
UCFTKhTLqZ7mfqPy0TG534sw,2026-07-18T07:26:54.671174+00:00,3030,False,15257,79
UCljTXbhUOR5waxd9gRTLgaw,2026-07-18T07:26:54.671174+00:00,1200,False,116956,247
UC9POg6oD76qKaxyM8YimAKQ,2026-07-18T07:26:54.671174+00:00,982,False,69569,22
UCTt-pC0wjGVwhhNWFEOsDMQ,2026-07-18T07:26:54.671174+00:00,1000,False,15139,22
UCUB9xI15sYd8dHq629QP5uQ,2026-07-18T07:26:54.671174+00:00,117,False,16398,17
UCJmP1lPfoeGX8sI1zMCuTOg,2026-07-18T07:26:54.671174+00:00,12,False,363,3
UCxurgeq3vKKjMKZLc1sMl5A,2026-07-18T07:26:54.671174+00:00,1250,False,30992,25
UCPcpwO-IEYGbVxN28vU91Hg,2026-07-18T07:26:54.671174+00:00,61,False,36682,35
UCcramqaCahbkbALKYjdc-VA,2026-07-18T07:26:54.671174+00:00,1600,False,1653,7
UC0KvGxwklSVx0Uww0gMFfwA,2026-07-18T07:26:54.671174+00:00,198,False,25964,16
UCBlP-tEVTVhG0QvIKSnKFqA,2026-07-18T07:26:54.671174+00:00,6,False,2285,9
UCJqvzvbvZeip0hW_q3EW6_A,2026-07-18T07:26:54.671174+00:00,162,False,2812,3
UCzdwVqqrY_z1DJkpLfdMHag,2026-07-18T07:26:54.671174+00:00,1930,False,1204971,290
UCgZpKdr8jE-9VH4P0dEQMyA,2026-07-18T07:26:54.671174+00:00,123000,False,52804576,221
UC2UVrW6JtYPWq0ezzpF16RQ,2026-07-18T07:26:54.671174+00:00,6800,False,1861023,685
UCkhusRWtlkfDXeyaEAqxnvg,2026-07-18T07:26:54.671174+00:00,37,False,35302,32
UCf-nFO-Cr56Cd-BylJDLFAg,2026-07-18T07:26:54.671174+00:00,68,False,2582,11
UCkP-4Do9fA3CY25QAdP2VZA,2026-07-18T07:26:54.671174+00:00,55,False,8252,8
UCc9GEPH0oCt_48VM6AePYgg,2026-07-18T07:26:54.671174+00:00,112,False,2662,13
UCHRbXzdMHzVmbBLrVbrei8g,2026-07-18T07:26:54.671174+00:00,114000,False,30319591,186
UC8dedUAMnca1y5XVjDJu5XQ,2026-07-18T07:26:54.671174+00:00,320,False,5560,33
UCywKYmHKbV3lRW4HOOneGkg,2026-07-18T07:26:54.671174+00:00,87,False,38560,34
UCiH0SQX_tIi1AtaAn0410zA,2026-07-18T07:26:54.671174+00:00,14,False,5007,10
UCDY_htT4nVRXSAIQVydbtyQ,2026-07-18T07:26:54.671174+00:00,16300,False,3909299,119
UCG4iJ9LgvBTfaTCqdtkmMIQ,2026-07-18T07:26:54.671174+00:00,1460,False,869008,363
UCwYZFnfxGmEGqYruNho3beA,2026-07-18T07:26:54.671174+00:00,3090,False,277922,11
UCr1DskOOC0p1agQs4jnkdNg,2026-07-18T07:26:54.671174+00:00,1640,False,1264263,65
UCz_nCLpFKAAwoSTKamwIszQ,2026-07-18T07:26:54.671174+00:00,70100,False,6115396,207
UC4iQrvOdsgpHwbrvNrCJUkA,2026-07-18T07:26:54.671174+00:00,4280,False,448161,138
UCSodo0fV9KfObDMmYTpV5_A,2026-07-18T07:26:54.671174+00:00,41200,False,12946030,350
UC_ym_zKj2eVM5JV7S6wmybw,2026-07-18T07:26:54.671174+00:00,529,False,172177,30
UCLKaX-xMB_hMIgdNrIkiyVw,2026-07-18T07:26:54.671174+00:00,6110,False,370269,52
UCl4aG8npoRPiiPPr5S2-Lgw,2026-07-18T07:26:54.671174+00:00,109,False,39116,75
UCUQKEdJcyunNiHE7J0aJoig,2026-07-18T07:26:54.671174+00:00,791,False,157287,33
UCp1dmXYZMC6LgNiOqUnN_4w,2026-07-18T07:26:54.671174+00:00,2430,False,52906071,90
UC9Tg0Wf5Pyqs1Rm2TA2uTfA,2026-07-18T07:26:54.671174+00:00,32000,False,2154884,134
UCAkJO9PUcuTxu9impjgNWuA,2026-07-18T07:26:54.671174+00:00,2,False,1252,13
UCt6_uKUFzWP7jLJZR9WpEoA,2026-07-18T07:26:54.671174+00:00,694,False,108056,86
UCc1Zs92Xb56Us_XAb2OU7rQ,2026-07-18T07:26:54.671174+00:00,5,False,7,2
UCwaUcCAOyzudilU2vsxtieg,2026-07-18T07:26:54.671174+00:00,16,False,15644,64
UCKHgO2j1mqI5vFxJioRSPMQ,2026-07-18T07:26:54.671174+00:00,33000,False,1830688,618
UCoElcu6NTt-SxyARxAprpmQ,2026-07-18T07:26:54.671174+00:00,336,False,7362,22
UCsyRgC9aY7wm_6BmX9DtM1w,2026-07-18T07:26:54.671174+00:00,76,False,590,18
UCUlCRcQ9scpOnzMfGfDUugA,2026-07-18T07:26:54.671174+00:00,3730,False,226279,40
UC_HxkWZCXAODLKg3ggawmDg,2026-07-18T07:26:54.671174+00:00,9070,False,490863,165
UC-DuVdWFLOQYS93kJdXOR0A,2026-07-18T07:26:54.671174+00:00,145,False,2511,9
UCmTrMV3RUj_n8dO0Ff-wHOQ,2026-07-18T07:26:54.671174+00:00,320000,False,31414858,437
UCWnwsDArGEUHuUBTiv4JnEQ,2026-07-18T07:26:54.671174+00:00,23700,False,2408196,59
UCRGjzu8jJYKy3-5IG3ZV6cA,2026-07-18T07:26:54.671174+00:00,8,False,33,1
UCt1c2_2IHxYppY-vnBem2JA,2026-07-18T07:26:54.671174+00:00,6600,False,236691,207
UC5F9aIQD4W16FyhUDl42zUQ,2026-07-18T07:26:54.671174+00:00,510,False,38207,232
UCqXGW6IGN6fsLCDh4x6D1qw,2026-07-18T07:26:54.671174+00:00,73,False,3406,32
UC6yWjC53qkEzATbC4xczmJw,2026-07-18T07:26:54.671174+00:00,4200,False,251966,54
UC7y523uvfJhftdgPfC6NHPA,2026-07-18T07:26:54.671174+00:00,2470,False,331697,467
UCkXjFNkQdPUGCXGvwqAx7og,2026-07-18T07:26:54.671174+00:00,73,False,2287,139
UCyHeauUetH6yyKhzBD_Iqiw,2026-07-18T07:26:54.671174+00:00,13,False,1002,8
UC_cGGBNE1BYAnZAfdE71KWg,2026-07-18T07:26:54.671174+00:00,1360,False,94535,19
UCJryiZzac7A1AFCTShC4XBA,2026-07-18T07:26:54.671174+00:00,1950,False,28468,21
UCluX2aszbegi4QBNHFQP63A,2026-07-18T07:26:54.671174+00:00,82,False,463,7
UCfCzC_zJomF_Ace4T2wKb6Q,2026-07-18T07:26:54.671174+00:00,273000,False,18786105,637
UCU5c7NAe_j6YcVlkXYLxpmA,2026-07-18T07:26:54.671174+00:00,17400,False,834653,94
UCxEgUOusX-Z7f7zWK_aA79A,2026-07-18T07:26:54.671174+00:00,14800,False,315387,42
UCy2ql63nRG24V2Mn7pxLenw,2026-07-18T07:26:54.671174+00:00,40800,False,3740789,1000
UCcWXp95XWD9efSwF447DXrg,2026-07-18T07:26:54.671174+00:00,1570,False,42529,61
UCYRuRw221bkMM9zHUS5_Y0w,2026-07-18T07:26:54.671174+00:00,312,False,17073,170
UC1ILn3jWWLU0w9cy67SbkPw,2026-07-18T07:26:54.671174+00:00,1740,False,685602,583
UCNdi3r3vkppQh6lFNZg3d-Q,2026-07-18T07:26:54.671174+00:00,782,False,50232,39
UCSObrQoFIQS_-QQOc08_Ssw,2026-07-18T07:26:54.671174+00:00,76,False,1254,19
UC5w6Ug990g-ANPERMC-Y3eA,2026-07-18T07:26:54.671174+00:00,7100,False,158969,88
UCAcPvtBwVq1vqSyPdhqD-UA,2026-07-18T07:26:54.671174+00:00,13200,False,453483,276
UCMug8JAUI3upsBM5sWwYreA,2026-07-18T07:26:54.671174+00:00,42700,False,2290965,259
UC7Q9D6KZJXrwc12395GXVzA,2026-07-18T07:26:54.671174+00:00,549,False,8190,16
UCp6zvc74hxmfInIDehKQ9hA,2026-07-18T07:26:54.671174+00:00,46,False,663,17
UCVJBgDJMJ3wDsSUb4iEHyKg,2026-07-18T07:26:54.671174+00:00,59300,False,3029802,467
UC5ZNkdIVKL-M3KrNaCEzveg,2026-07-18T07:26:54.671174+00:00,76900,False,5456775,565
UCi8MyaVUy0jkE1pmvoxgXWw,2026-07-18T07:26:54.671174+00:00,3580,False,94176,60
UCeLelzi3O-B-HKdfMESnwkQ,2026-07-18T07:26:54.671174+00:00,2430,False,100608,21
UCsrkebjUwVU0pV4gS0RYJGQ,2026-07-18T07:26:54.671174+00:00,1940,False,33329,100
UCXBT25JJF98hQkRL6V2c5dQ,2026-07-18T07:26:54.671174+00:00,2940,False,85642,90
UCCJ89wwdePoKuxJVDNv2o4Q,2026-07-18T07:26:54.671174+00:00,1320,False,21401,12
UCKRJqvAtmN-Wd0t53HHBa2A,2026-07-18T07:26:54.671174+00:00,3830,False,147719,39
UCPZmRk4baYtsuVqwpdHAatw,2026-07-18T07:26:54.671174+00:00,5090,False,1526259,250
UCRGpKZOWMIEjCjMxeH2aN7g,2026-07-18T07:26:54.671174+00:00,113,False,5542,24
UCr6N1fR_Lb9ftvHwqCsadSg,2026-07-18T07:26:54.671174+00:00,5880,False,167097,63
UCk16AZqObhsEu7fUjwroGaA,2026-07-18T07:26:54.671174+00:00,4870,False,574808,901
UCKOwktknl1Nml4md_6xtHWw,2026-07-18T07:26:54.671174+00:00,5390,False,212302,313
UCSt7i0ZW6OGP9kjdWIMvitQ,2026-07-18T07:26:54.671174+00:00,4450,False,19134,16
UClRNtb47OA2TokvvxKsx7JQ,2026-07-18T07:26:54.671174+00:00,1680,False,395714,211
UCU3ecX4WYJwn8QK-ui0tmwA,2026-07-18T07:26:54.671174+00:00,13800,False,457167,23
UCOChhrxHx8lLASkitfBu3-A,2026-07-18T07:26:54.671174+00:00,5870,False,38513930,630
UC0XqZjHP-gdvd66zYTCJfPw,2026-07-18T07:26:54.671174+00:00,12700,False,133140,129
UCelf8BNPSMoNyACywNr-Kpw,2026-07-18T07:26:54.671174+00:00,9240,False,127249,22
UCOFS3qJtjiRq0YY1ibvslYw,2026-07-18T07:26:54.671174+00:00,17,False,263,3
UCnNF2wWnDyhm-yz2CgC5BTA,2026-07-18T07:26:54.671174+00:00,37800,False,14278557,141
UC5lwYwl6l2m4RC-z_ZBHafA,2026-07-18T07:26:54.671174+00:00,633,False,530751,27
UCMNzGVtXq9_Y4oYOYEkd-7Q,2026-07-18T07:26:54.671174+00:00,9860,False,551309,304
UCS2ZjE9iD7LxI67pd6GVKEw,2026-07-18T07:26:54.671174+00:00,103000,False,6910107,995
UCtaw5NwO3T8Do1CobY4uP5A,2026-07-18T07:26:54.671174+00:00,1890,False,449566,227
UCCC3sx1ispa_2wCA3EYBotw,2026-07-18T07:26:54.671174+00:00,1590,False,23383,17
UCSeF9kD4vSmxjsVrRojUjsg,2026-07-18T07:26:54.671174+00:00,341,False,16222,27
UC_wJhm5jkqIBLd8-9fZg0XA,2026-07-18T07:26:54.671174+00:00,6900,False,526674,256
UCsi5-o9gSDEUl2eDi-eJM9g,2026-07-18T07:26:54.671174+00:00,106,False,17301,5
UCl2-7XYoDKAHPBqMPreO19w,2026-07-18T07:26:54.671174+00:00,427,False,12410,33
UCFXQ-ZCsWIr_qOztBYZ906w,2026-07-18T07:26:54.671174+00:00,434,False,235505,51
UCqESOsot-Ppk1def_hDnhsg,2026-07-18T07:26:54.671174+00:00,140,False,10854,19
UC3Kh4e8CHpffrEzt1d1Kspg,2026-07-18T07:26:54.671174+00:00,2180,False,121458,81
UCGmE1COCLwZdQcLNnc2Qp5A,2026-07-18T07:26:54.671174+00:00,640,False,3656,29
UCOYVlEvf-f9e4UCdVojIVUQ,2026-07-18T07:26:54.671174+00:00,18,False,438,3
UCN3JGHUdqHPEOXEY9S6kSfA,2026-07-18T07:26:54.671174+00:00,242,False,6571,23
UCNX0CIE5m_9vxWksVD7asvQ,2026-07-18T07:26:54.671174+00:00,21400,False,1105713,87
UCQIzORcHAhShkUZzIxaV6DQ,2026-07-18T07:26:54.671174+00:00,21,False,605,33
UCQqJTyiqe4C5x94ERghMpBA,2026-07-18T07:26:54.671174+00:00,2,False,1828,5
UC6SZGBCG1i5v10CF3OeafLg,2026-07-18T07:26:54.671174+00:00,32,False,2719,8
UCzU3FXmtrch045NDiIHicaA,2026-07-18T07:26:54.671174+00:00,1570,False,69016,180
UC5buOuCitUpuGPFZKJOeAGw,2026-07-18T07:26:54.671174+00:00,179,False,3119,14
UCwwQRIgp0G6CmZdKQJBlg9A,2026-07-18T07:26:54.671174+00:00,195,False,1459,19
UCw3u8KEMN_0O29g8pOhWceA,2026-07-18T07:26:54.671174+00:00,23,False,789,2
UC_rH4CoL1FNn58WQVg_Y7mA,2026-07-18T07:26:54.671174+00:00,69,False,2991,76
UCZ29uda1Tweo5ENSXJppPAw,2026-07-18T07:26:54.671174+00:00,1910,False,6056,10
UCRSl-U2W-qUulwFPVvndhwA,2026-07-18T07:26:54.671174+00:00,247,False,5512,15
UC7Mjxanti9szzP2pHVzRsqw,2026-07-18T07:26:54.671174+00:00,32,False,22,1
UCR6RSgJxqSju02lm9K-KWmg,2026-07-18T07:26:54.671174+00:00,53,False,944,5
UCuXFwveVodjeJ66lTMrxHkw,2026-07-18T07:26:54.671174+00:00,13,False,170,6
UCDiHT5PUxgVKhJho0KHCPSg,2026-07-18T07:26:54.671174+00:00,45,False,0,0
UC9bdPAkmKvSdWy_L2kGr_hQ,2026-07-18T07:26:54.671174+00:00,315,False,4620,19
UCAKaim711VP13ACUihQF05A,2026-07-18T07:26:54.671174+00:00,41,False,1465,7
UCMaKyH6yopChpZBCvwjYc2Q,2026-07-18T07:26:54.671174+00:00,217,False,7947,18
UCoTwhjWx2AoxTBLLqRbXG5w,2026-07-18T07:26:54.671174+00:00,2140,False,93509,54
UC2RgFroDzxQwKLKV5pH1dMQ,2026-07-18T07:26:54.671174+00:00,105,False,194,2
UCtQ_3GnVAFgU49_wyZg6qow,2026-07-18T07:26:54.671174+00:00,208,False,851,12
UC9D2wB19IK3kHrDCK1B7w4w,2026-07-18T07:26:54.671174+00:00,21,False,114,1
UCKn8mSyZt_qwXK1Kzr6hA9w,2026-07-18T07:26:54.671174+00:00,2690,False,541124,49
UCszOGG2jqk4RGQoMOtD8EHg,2026-07-18T07:26:54.671174+00:00,3650,False,126491,80
UCV2fznLRnZqbta_8npkLB4w,2026-07-18T07:26:54.671174+00:00,1230,False,389625,29
UCqc7EnKqdU5kBd1StGpOvmQ,2026-07-18T07:26:54.671174+00:00,20,False,2671,2
UCqKTOnUJB4FWuf63HiFLbbw,2026-07-18T07:26:54.671174+00:00,15,False,137,4
UC8gSVAEKGlZigj1xK-33TNw,2026-07-18T07:26:54.671174+00:00,93,False,1193,2
UCT4afSpF7vaC-RwCJdcGHCg,2026-07-18T07:26:54.671174+00:00,15,False,1726,3
UCMHjslR-_UU22z9TmV6Q2HA,2026-07-18T07:26:54.671174+00:00,13200,False,731052,62
UCT1onHH7JVkJvr4BYa3gJmg,2026-07-18T07:26:54.671174+00:00,5,False,610,3
UCZ0GXjs6fKPmpUUn-DfnkOw,2026-07-18T07:26:54.671174+00:00,4,False,10,2
UCPsg1Ij4M9AbqU1G77WFLSg,2026-07-18T07:26:54.671174+00:00,205,False,12265,46
UCHtTguUXuXNqadJm-iVG9rw,2026-07-18T07:26:54.671174+00:00,1,False,52,3
UCl4Y73ZM9g5mP5W489jHp3w,2026-07-18T07:26:54.671174+00:00,554000,False,49323955,775
UCls_uDOm2aY8LP8tP1Z4BOQ,2026-07-18T07:26:54.671174+00:00,45600,False,4041026,246
UCYnCzGtmgWT8YajRWBb-fAA,2026-07-18T07:26:54.671174+00:00,7,False,322,2
UCy_y6nMp8Hjyl5HnnuErGuw,2026-07-18T07:26:54.671174+00:00,25500,False,2248192,206
UCp0DdAwRrauIUwUU0hwZMww,2026-07-18T07:26:54.671174+00:00,24,False,2317,7
UCIQ9OZNLnAZTySLZgUxbcQQ,2026-07-18T07:26:54.671174+00:00,693,False,53900,73
UCrIyEj0Xv5j6uSjrvWLnqkw,2026-07-18T07:26:54.671174+00:00,781,False,90606,3
UCgCScS0g93SSr9UmHLXquSQ,2026-07-18T07:26:54.671174+00:00,894,False,5963125,103
UCbMYIzdPgO1WTRA-lZSA5Eg,2026-07-18T07:26:54.671174+00:00,33,False,12806,21
UC2ZX-A6Js8RbeS6uds_RJZw,2026-07-18T07:26:54.671174+00:00,1800,False,14102,45
UC91DBjbGDIfxhi-R0rWQkaQ,2026-07-18T07:26:54.671174+00:00,38700,False,3328651,208
UCVPeicyAm-j34cXOa6OGI9g,2026-07-18T07:26:54.671174+00:00,6,False,72,1
UCH6Cm_2-yEJ_a-PE7JBMDuw,2026-07-18T07:26:54.671174+00:00,84,False,13033,2
UCphiPgK1ctc1QozYfL_BSiQ,2026-07-18T07:26:54.671174+00:00,453,False,43381,11
UC_YEDp_hEdqGHD6cYAHX0KA,2026-07-18T07:26:54.671174+00:00,401000,False,18353914,969
UCt8tjeE8K49R8A-cWmF8z9A,2026-07-18T07:26:54.671174+00:00,9,False,629,5
UCLoI9kreQ9j_TCZx55wmtIw,2026-07-18T07:26:54.671174+00:00,207,False,11843,80
UCgYwpK41WuOyc5K4ysDO7UA,2026-07-18T07:26:54.671174+00:00,445,False,12734,22
UC3M6OzfWtr6tXJ9UDmytWBg,2026-07-18T07:26:54.671174+00:00,5,False,513,2
UCqXCiD5kpbHq8U6r1xfrFnQ,2026-07-18T07:26:54.671174+00:00,33,False,693,11
UCXfKY4J6eRCh8iPUwQ95HmQ,2026-07-18T07:26:54.671174+00:00,360,False,44066,41
UCxgT-PRraH7gJjw9kpY5Rmg,2026-07-18T07:26:54.671174+00:00,464,False,125574,56
UCEIh3ZxB3nAw6L_HbEBny0Q,2026-07-18T07:26:54.671174+00:00,303,False,189549,136
UCupaJUZBUCNncGckZDGSoQw,2026-07-18T07:26:54.671174+00:00,12,False,1376,7
UC8j_8kc0GTdl52VtneEELtg,2026-07-18T07:26:54.671174+00:00,822,False,57876,337
UC8MDcSxi00w_R5mr78N_Qnw,2026-07-18T07:26:54.671174+00:00,1220,False,25437,150
UCnMFUg-Toi1mIknvElW9mUQ,2026-07-18T07:26:54.671174+00:00,1380,False,89237,141
UCAJe39mKx2LACmYIjpUs6XQ,2026-07-18T07:26:54.671174+00:00,7030,False,444220,264
UCa2DhOS0yohLWWdDL1SjtOg,2026-07-18T07:26:54.671174+00:00,13,False,684,4
UCXTMoIwt2CDXXcC3sh4QQcQ,2026-07-18T07:26:54.671174+00:00,0,False,27,2
UCSNTusy_RmBUbTV2aV4ju_w,2026-07-18T07:26:54.671174+00:00,222,False,10190,47
UC_tAL8RywbOgTK1Fbwe633g,2026-07-18T07:26:54.671174+00:00,167,False,5872,48
UC7dh3kXuvONBFPWzs9BCEYQ,2026-07-18T07:26:54.671174+00:00,567,False,11693,70
UCJWipdY23VhNmMywN9NvzGA,2026-07-18T07:26:54.671174+00:00,100,False,5124,40
UCGwNjr4N0uUvqD8MopqsfyA,2026-07-18T07:26:54.671174+00:00,2280,False,30609,74
UCoWjlh2GnpjnppUAzVD_EyA,2026-07-18T07:26:54.671174+00:00,219,False,1461,2
UCpy58w5V4hoDd05mhlpLiRw,2026-07-18T07:26:54.671174+00:00,697,False,4971,20
UCOY1BTAuzZDJHggLNyKUnZQ,2026-07-18T07:26:54.671174+00:00,11,False,253,3
UClKd124-zPV5juJ9fymmRhg,2026-07-18T07:26:54.671174+00:00,632,False,9695,42
UCuORYsduEWY6XGerTtlQJ0Q,2026-07-18T07:26:54.671174+00:00,22,False,938,16
UCQo8ufIJEkgyytpqVWRJ_dw,2026-07-18T07:26:54.671174+00:00,1720,False,51434,56
UCM1XR4yUmryIdI5um99YlKw,2026-07-18T07:26:54.671174+00:00,467,False,27301,117
UCa-3XHyBJlOdKPSc52FSzpg,2026-07-18T07:26:54.671174+00:00,98,False,5439,2
UC2-iKoeLd-v-vAcxbNE4zcg,2026-07-18T07:26:54.671174+00:00,2680,False,201125,508
UCrn-Mja5YBvZzCUhGewsEyQ,2026-07-18T07:26:54.671174+00:00,36,False,561,7
UCNy0uzQw5DbObdXsQ_N20wA,2026-07-18T07:26:54.671174+00:00,57,False,1817,15
UC7_6YvDWxB0nCQKcuA7_HaQ,2026-07-18T07:26:54.671174+00:00,235,False,15559,49
UCEFYhzFnvSFKIN-jDiYGhnw,2026-07-18T07:26:54.671174+00:00,4450,False,87064,90
UCJat4zcnqLpGf45U0yrxM6g,2026-07-18T07:26:54.671174+00:00,3,False,109,3
UChlup18XcBlFNvRe98MBFLg,2026-07-18T07:26:54.671174+00:00,230,False,7982,13
UCGDUKdvO4Oyx96FSVOLPn2w,2026-07-18T07:26:54.671174+00:00,715,False,61661,336
