channel_id,title,description,country,channel_published_at,uploads_playlist_id,topic_categories
UCKA7SQOUkD1_z5lr016Q70w,Wild Cookbook,"Ayubowan!
Welcome to Wild Cookbook!  
Let's make 'cooking' wild :)
Stay tuned for  yummy experiences. 

Love, 
Charith N Silva 

",LK,2020-11-01T13:28:13.251688Z,UUKA7SQOUkD1_z5lr016Q70w,https://en.wikipedia.org/wiki/Food|https://en.wikipedia.org/wiki/Lifestyle_(sociology)
UCRDDfbYPHX_GUJ4lcQYTc8A,TV Derana,"Sri Lanka's No. 1 television channel that broadcasts contemporary content which uploads authentic Sri Lankan values. Launched in 2005, TV Derana is one of Sri Lanka's most popular television networks.

",LK,2012-01-26T11:02:27Z,UURDDfbYPHX_GUJ4lcQYTc8A,https://en.wikipedia.org/wiki/Film|https://en.wikipedia.org/wiki/Entertainment|https://en.wikipedia.org/wiki/Television_program
UCJA-NQ4MtcRIog66wziD8fA,Sri Lanka Cricket,"The official YouTube channel of Sri Lanka Cricket where you can find the latest interviews, features and highlights packages.
For more content, visit our other social media pages below.",LK,2012-10-26T05:58:34Z,UUJA-NQ4MtcRIog66wziD8fA,https://en.wikipedia.org/wiki/Lifestyle_(sociology)|https://en.wikipedia.org/wiki/Cricket|https://en.wikipedia.org/wiki/Sport
UCaIc6SgS90ud_RgMSC6hW_w,Swarnavahini TV,"Welcome to Swarnavahini TV, Sri Lanka’s premier television channel on YouTube.

Watch the latest Sinhala teledramas, Sri Lankan TV shows, reality shows, talk shows, lifestyle programs, music shows, and entertainment content — all in one place.

Stay updated with full episodes, trending clips, behind-the-scenes videos, and exclusive features from your favorite shows. Swarnavahini TV delivers content that connects audiences locally and globally, inspiring, entertaining, and uniting viewers worldwide.

👉 Subscribe now and stay connected with the heartbeat of the nation!

#Swarnavahini 
",LK,2014-11-19T09:51:36Z,UUaIc6SgS90ud_RgMSC6hW_w,https://en.wikipedia.org/wiki/Entertainment|https://en.wikipedia.org/wiki/Film|https://en.wikipedia.org/wiki/Television_program
UCOtYyt7W5PmPnwQjWWF_Z-Q,Hiru TV,"A new revolution begins. The first and only digitally-enabled HD television channel in the country, Hiru TV entered Sri Lanka's television history by offering island-wide coverage from day one.

Hiru TV combines high definition technology and quality program lineups to provide television audiences with an unmatched array of entertainment options. Viewers can enjoy programs ranging from teledramas to documentaries or simply watch their favourite song videos on music shows.

With the option of watching live telecasts on TV or online, hours of entertainment is guaranteed to viewers. Hiru TV,a proud brand of the Asia Broadcasting Corporation Private limited, a member of Rayynor Silva holdings.",LK,2015-05-19T06:33:12Z,UUOtYyt7W5PmPnwQjWWF_Z-Q,https://en.wikipedia.org/wiki/Television_program|https://en.wikipedia.org/wiki/Entertainment|https://en.wikipedia.org/wiki/Film
UCn0XmAUFv6d2tofMFEesSNw,Sirasa TV,"Welcome to the Official Sirasa TV YouTube Channel!

Sirasa TV has been at the forefront of the industry, catering to all three languages while pioneering reality television shows, franchise television programs, and daily soaps in Sri Lanka. Equipped with state-of-the-art audio-visual receiving and transmitting equipment, our signals are broadcast free-to-air across the country.

#SirasaTV #ThePeoplesChannel #LKA 
",LK,2011-12-22T12:20:09Z,UUn0XmAUFv6d2tofMFEesSNw,https://en.wikipedia.org/wiki/Entertainment|https://en.wikipedia.org/wiki/Television_program|https://en.wikipedia.org/wiki/Film
UCrHB06pIp3WAlyBo30OAdvg,Cute,"💖 Hi Everyone, Warmly Welcome to Cute! 💖

We are delighted that you are enjoying our videos. Babies are the stars of this channel and have a wonderful gift that makes people happy and relaxed. 

If our videos make you smile, please consider:
👍 Liking our videos
💬 Leaving a comment
🔔 Subscribing so you never miss a new upload! 

Thank you for being part of our growing community. We hope our videos bring a little extra happiness to your day! 💖

Disclaimer:
Our content is produced using a combination of human creativity and AI-assisted production tools. Each video is uniquely created with original editing, voice, and storytelling. Short videos are designed to complement and promote our original long-form content.

Audience Notice:
This channel is intended for a general audience and is not made for kids. While our videos feature cute baby characters and family-friendly content, they are created for a broad audience to enjoy as entertainment.


",LK,2012-08-26T06:22:56Z,UUrHB06pIp3WAlyBo30OAdvg,https://en.wikipedia.org/wiki/Hobby|https://en.wikipedia.org/wiki/Lifestyle_(sociology)
UCh9qXeL8eP3Txra2908xksg,Yohani,"https://linktr.ee/yohanimusic
",LK,2016-03-01T17:54:54Z,UUh9qXeL8eP3Txra2908xksg,https://en.wikipedia.org/wiki/Music_of_Asia|https://en.wikipedia.org/wiki/Music|https://en.wikipedia.org/wiki/Pop_music
UCGkzF25IZBE1SF9ykM64xEA,Vini Productions - විනී,"Hotline - 0704980980
Vini Productions - විනී

contactviniproductions@gmail.com",LK,2014-12-21T09:05:24Z,UUGkzF25IZBE1SF9ykM64xEA,https://en.wikipedia.org/wiki/Film|https://en.wikipedia.org/wiki/Entertainment
UCCK3OZi788Ok44K97WAhLKQ,Ada Derana,"In the highly competitive news broadcasting space, Derana has built probably the most unbiased and comprehensive news property on offer “Ada Derana” – with a news team geared to deliver the most accurate and timely information. Ada Derana is recognized as the number one News Brand among Sri Lankans in terms of loyalty and viewership by reaching them through every possible opportunity.
",LK,2014-10-07T06:22:16Z,UUCK3OZi788Ok44K97WAhLKQ,https://en.wikipedia.org/wiki/Politics|https://en.wikipedia.org/wiki/Society
UCckltLEhFLv8Xz_lQhYfwmg,Hiru News,"Hiru News YouTube - Premier No 1 news channel in Sri Lanka for accurate and timely news-  www.hirunews.lk - 'when it happens' & 'as it happens' with creative and distinctive content to inform, educate entertain and add value to you, our audience. ""Truth at all costs"" - Truth because we care and Truth because you deserve it.
",LK,2016-01-12T11:22:32Z,UUckltLEhFLv8Xz_lQhYfwmg,https://en.wikipedia.org/wiki/Society|https://en.wikipedia.org/wiki/Politics
UC4UaWbUUwVvCxWNqhb4f16Q,Apé Amma,"3.3 Million subscribers and 620 million people watched and learned Sri lankan cooking. I'm a 67 years old 'first class' trained graduate Home science teacher, I started this channel to share Sri lankan & International healthy & tasty recipes, using the experience gained throughout my life being a teacher. I'll be sharing not only Sri Lankan recipes but also other recipes that are close to Sri Lankan's taste buds, and about medicinal ayurvedic plants that cure many non communicable diseases. Thank you! Ape Amma
සබ්ස්ක්‍රයිබර්ස් මිලියන 3.3යි. මිලියන 620ක් නරඹා උයන්න ඉගෙන ගත් චැනලය. ශ්‍රී ලංකා රජයේ ගුරු සේවය(ɪ) ගුරුවරියක් වන මා පාසලේ පන්ති කාමරයෙන් ඔබ්බට ගොස් අන්තර්ජාලය ඔස්සේ ඔබේ නිවසට පැමිනෙණ්නේ මගේ ගුරු ජීවිතයේ වගේම ළමා කාලයේ සිට මෙතෙක් මා ලැබු අත්දැකීම්, දැනුම, ආකල්ප කුසලතා ඹබ සමග බෙදා ගන්නයි. 'ශ්‍රී ලංකිකයන්ගේ දිවට හුරු' වෙනත් රටවල් වල ආහාරත්, ආයුර්වේද ඖෂධ සහ පැලෑටි ගැනත් මෙම චැනල් එකෙන් කියලා දෙනවා.මම හිතනවා ශ්‍රී ලාංකිකයන්ට මගේ චැනල් එක අලුත් අත්දැකීමක් වෙයි කියලා.ස්තුතියි!
",LK,2016-04-15T18:11:33Z,UU4UaWbUUwVvCxWNqhb4f16Q,https://en.wikipedia.org/wiki/Food|https://en.wikipedia.org/wiki/Lifestyle_(sociology)
UCQTcNhAZidy1i9wwmdgf2Lw,ITN Sri Lanka,"The Independent Television Network (ITN) The Pioneer Television Station in Sri Lanka since 1979. With Thirty years behind us, local programs are given pride of place catering to all strata of society News and Current Affairs, Tele-Dramas, Discussion, Educational, Entertainment, Magazines, and Sports are given pride of place. Special emphasis is also given to Children's Women's and religious programs.

* Our Vision - The most creative media organization in South East Asia.
* Our Mission - Uplifting people's lives with news and programs that inform, inspire, educate, and entertain in keeping with Sri Lankan cultural values.
* Our Values - 
• We are patriotic and Independent.
• We are honest and trustworthy
• We treat our audiences with due respect
• We respect all human beings
• We respect Professionalism
",LK,2018-03-02T06:03:22Z,UUQTcNhAZidy1i9wwmdgf2Lw,https://en.wikipedia.org/wiki/Film|https://en.wikipedia.org/wiki/Entertainment|https://en.wikipedia.org/wiki/Television_program
UCgnFSj7jQffD5V5m05j4dPw,Newsfirst Sri Lanka,"Sri Lankas first international news channel, broadcasting in Sinhalese, Tamil and English across three TV channels, four radio channels and streamed live at www.newsfirst.lk.",LK,2011-07-02T17:12:55Z,UUgnFSj7jQffD5V5m05j4dPw,https://en.wikipedia.org/wiki/Politics|https://en.wikipedia.org/wiki/Society
UCRtAu8OVYVfuNZmTV-Ug0zA,Buddhism,"Let's Learn Buddhism in simple English

Shraddha TV

Mahamevnawa Bodhignana Monastery,
Hewagama, Kaduwela, Sri Lanka.

info@shraddha.lk
www.shraddha.lk

(+94) 112 571 471

",LK,2013-06-04T02:29:09Z,UURtAu8OVYVfuNZmTV-Ug0zA,https://en.wikipedia.org/wiki/Lifestyle_(sociology)|https://en.wikipedia.org/wiki/Religion|https://en.wikipedia.org/wiki/Society
UCuc40qp1ZKB_ZbDw9iml8Kg,Imsachin,"Hi friends, This channel Only to entertain you completely. Not to hurt anyone’s mind. Give as much support as well.

To talk to and any promotions with us😀:  📧kk8628229@gmail.com 
",LK,2020-05-12T05:47:48.361322Z,UUuc40qp1ZKB_ZbDw9iml8Kg,https://en.wikipedia.org/wiki/Entertainment
UCDm4BW0Q5d-zASSuRyvPGXw,Wishma Lokaya,"Hey peeps, If you're in search of a cyber knowledge bar to get yourself stock up on different flavors, we got the best recipes and menu to serve with your desired taste from the widest array.  Bringing you the right mix of scientific discoveries, space exploration, Health & Fitness , Tech Videos , Relationship Tips , Mysteries of the world and all these at your fingertips with high quality virtual/visual effects. 

Our community is rich with over 2,300,000 members & growing all with knowledge tasters. 

Let us quench your thirst while tingling your taste buds with every drop you sip from our amazing blends, which you may find yourself lacking.

Contact Us -  0703978326 / 0702190209
",LK,2016-07-01T05:02:36Z,UUDm4BW0Q5d-zASSuRyvPGXw,https://en.wikipedia.org/wiki/Society
UCVd1jcy6wKFzfQ5E-Txtg-w,Fury Goal FC,"Welcome to Fury Goal! ⚽️🏆

Every video is crafted with passion to bring you the best football content.
My goal is to make each moment exciting, unforgettable, and enjoyable for my viewers.

About Me:

I started this YouTube channel to support my education at university while sharing my love for football.

For inquiries or copyright/removal requests, please email furygoal9@gmail.com.
I’ll be happy to cooperate and will respond within 24 hours!

Want to submit your own content? Reach out to furygoal9@gmail.com!

Thank you for your support!",LK,2025-03-16T07:12:06.194685Z,UUVd1jcy6wKFzfQ5E-Txtg-w,https://en.wikipedia.org/wiki/Lifestyle_(sociology)|https://en.wikipedia.org/wiki/Sport|https://en.wikipedia.org/wiki/Association_football
UCmqflTSJ6911aCrnaWIXxsA,The Voice Sri Lanka ,"The Voice Sri Lanka

The Voice One of the most successful reality TV formats in the world. Extremely successful in 180 countries. 
SRI LANKA’S NEWEST TELEVISION EXPERIENCE - The Voice Sri Lanka

The Voice is an international reality television singing competition franchise of Dutch origin. It is based on the reality singing competition The Voice of Holland, which was originally created by Dutch television producer John de Mol. The show's format features five stages of competition: producers' auditions, blind auditions, battle rounds, knockouts (since 2012), and live performance shows.

A combined 438 singers have won The Voice, The Voice Kids, The Voice Teens and The Voice Senior in 145 countries/regions. Each winner is given a recording contract, a monetary prize, and a title as that nation's ""Voice"". 

#TheVoiceSL #SirasaTV #TheVoiceSriLanka #TheVoiceSL #TheVoiceLK #VoiceSriLanka #VoiceLK #lka
",LK,2019-10-23T12:20:15.115302Z,UUmqflTSJ6911aCrnaWIXxsA,https://en.wikipedia.org/wiki/Entertainment|https://en.wikipedia.org/wiki/Television_program|https://en.wikipedia.org/wiki/Music|https://en.wikipedia.org/wiki/Music_of_Asia
UC6lDrxy3lS4LNRuuBtryqpQ,M.R kitchen,"Hi,
Im Madu Rajapaksha. This is my effort to bring you the method of delicious food in an easy way with less time and I make local food without artificial flavors.",LK,2019-08-23T18:31:03Z,UU6lDrxy3lS4LNRuuBtryqpQ,https://en.wikipedia.org/wiki/Lifestyle_(sociology)|https://en.wikipedia.org/wiki/Food
UCYFn7BOOlmL21iNJ6q5IDfg,Lochi,This is the official YouTube channel of Lochana Jayakodi,LK,2018-10-15T16:26:52Z,UUYFn7BOOlmL21iNJ6q5IDfg,https://en.wikipedia.org/wiki/Film|https://en.wikipedia.org/wiki/Entertainment|https://en.wikipedia.org/wiki/Lifestyle_(sociology)
UCOLdaAcrdzYY3ug15EuuFAg,The Rustic Kitchen & Tranquil Village,"We are in a Small village in Sri Lanka. me and my mother going to show our day-to-day life and our cooking recipes and gardening etc. 
this is our village kitchen and this is how our life going.  Subscribe to watch our videos. 

For business inquires, please contact: trktvmarketing@gmail.com

",LK,2023-04-26T12:05:07.592064Z,UUOLdaAcrdzYY3ug15EuuFAg,https://en.wikipedia.org/wiki/Lifestyle_(sociology)|https://en.wikipedia.org/wiki/Food
UCMQYRNX1Fg-HJ8Ey7Z3WPrA,"Wasthi Productions ""වස්ති""","Wasthi Productions ""වස්ති""  -  සම්ප්‍රදාය අතික්‍රමණයට..!! 

",LK,2016-02-20T09:12:42Z,UUMQYRNX1Fg-HJ8Ey7Z3WPrA,https://en.wikipedia.org/wiki/Film|https://en.wikipedia.org/wiki/Entertainment|https://en.wikipedia.org/wiki/Music_of_Asia|https://en.wikipedia.org/wiki/Music
UCaK7Q39swdiSrp1TBgOi7QQ,Tom like yt,"
WELCOME MY LOVELY FRIENDS 🤗❤️


❄️ IAM ILAN, IAM 22 YEARS OLD 

* I SHOW MY PRESENCE IN MY EVERY SINGLE VIDEO.
5 VIDEOS ON IT DAILY, IN THOSE 5 VIDEOS I SHOW MY 5 DIFFERENT PRESENCES.    THOSE VIDEOS ARE SHOWING  (SIGMA, RESPECTFUL, SADNESS, HAPPINESS, EXCITEMENT) 
EVERY VIDEO I POST HAS A LESSON FOR YOU 💯👍. 
 
I HOPE EVERYONE UNDERSTANDS MY EVERY SINGLE VIDEO. 🔥😎


IAM WOKE UP TO THE REALITY 😎 AND YOU? 🤔 🤔 


COME ON COME ON YOU CAN DO EVERYTHING 🔥🔥💯💯


",LK,2022-01-08T08:03:06.460082Z,UUaK7Q39swdiSrp1TBgOi7QQ,https://en.wikipedia.org/wiki/Lifestyle_(sociology)|https://en.wikipedia.org/wiki/Pet|https://en.wikipedia.org/wiki/Entertainment
UCJsN1Mmx4GRA6sCYdfKqpSQ,Sandaru Sathsara,,LK,2020-10-22T22:23:13.804338Z,UUJsN1Mmx4GRA6sCYdfKqpSQ,https://en.wikipedia.org/wiki/Lifestyle_(sociology)|https://en.wikipedia.org/wiki/Music_of_Asia|https://en.wikipedia.org/wiki/Music
UCc8W1zUTmtNqXIhOHxPIAuw,Akalanka Ekanayake,"Our mission is to create lessons worth sharing – to feed and expand your curiosity! Our channel explores the latest in technology, artificial intelligence, programming, and coding. With in-depth tutorials, step-by-step guides, and insights into groundbreaking tools, we’re here to keep you at the forefront of the tech world.

Beyond tech, we share short reaction videos highlighting uplifting acts of humanity, inspiring us all to work toward a kinder, better world. Join us in learning, growing, and making a difference!

Subscribe and become part of a community dedicated to knowledge, innovation, and positive impact.
",LK,2021-08-05T20:00:53.907347Z,UUc8W1zUTmtNqXIhOHxPIAuw,https://en.wikipedia.org/wiki/Technology|https://en.wikipedia.org/wiki/Lifestyle_(sociology)|https://en.wikipedia.org/wiki/Hobby
UC8irIP66QzlZNVgqe4vwN9g,MADU MEE,"Ayubowan! Hello, Music lovers are welcome to my channel, I am always here to share with you all that I know about music, So I invite you to join me. My name is Nethum Madushan. ",LK,2020-02-11T08:20:51.731189Z,UU8irIP66QzlZNVgqe4vwN9g,https://en.wikipedia.org/wiki/Music|https://en.wikipedia.org/wiki/Music_of_Asia
UC3C6rQHX8pkjSyOm-620k3w,Marvel Tech,"Greetings! Welcome to the Marvel Tech channel. 

The primary focus of this channel is to provide information and insights into agricultural machinery, construction equipment, tools, cutting-edge technologies, innovative inventions, and notable projects. 

For any inquiries or questions, please feel free to contact us at marveltech78@gmail.com. We value your feedback and are committed to assisting you in any way we can.
",LK,2021-01-15T18:40:02.524763Z,UU3C6rQHX8pkjSyOm-620k3w,https://en.wikipedia.org/wiki/Lifestyle_(sociology)|https://en.wikipedia.org/wiki/Vehicle|https://en.wikipedia.org/wiki/Knowledge
UCGjZJ0TN1PlJIEwJXKNlm6w,HandiWorks,"Welcome to HandiWorks, your home for high-end hand embroidery and slow-fashion inspiration. On this channel, I share detailed tutorials on how to elevate your wardrobe—transforming plain dresses, sleeves, and bodices into designer pieces using traditional and modern stitching techniques. If you love the idea of creating one-of-a-kind, handmade garments, you’ve found the right place. Don’t forget to subscribe and join our creative community!
",LK,2014-09-22T15:32:19Z,UUGjZJ0TN1PlJIEwJXKNlm6w,https://en.wikipedia.org/wiki/Hobby|https://en.wikipedia.org/wiki/Lifestyle_(sociology)|https://en.wikipedia.org/wiki/Fashion
UCa5uVqVCpNGdqkZ4FXjpwig,Cricket Insight Hindi By Amit Majithia,"🏏 Cricket Insight Hindi – By Amit Majithia

Cricket Insight Hindi is your one-stop destination for Hindi cricket news, match analysis, pitch reports, team previews, and data-based cricket insights.
From IPL, World Cup, T20 leagues, Test cricket, ODI matches, match predictions, we break every game down in simple Hindi so every cricket fan can understand the real story.

🔍 What You’ll Get on This Channel:

✔ Match previews & post-match analysis
✔ Pitch & weather report analysis
✔ Playing XI & match prediction
✔ Data-driven cricket breakdowns
✔ Honest, unbiased cricket opinions

🧠 Why Follow Cricket Insight Hindi?

Because cricket is not just about runs and wickets — it’s about strategy, numbers, conditions, and mindset. We convert complex cricket data into easy Hindi insights for fans who want to think like a cricket expert.

📍 If you love cricket with logic, facts, and insight, this channel is for you.
👉 Subscribe now and join the growing community of smart Hindi cricket fans.
",LK,2025-05-04T14:11:05.824251Z,UUa5uVqVCpNGdqkZ4FXjpwig,https://en.wikipedia.org/wiki/Entertainment|https://en.wikipedia.org/wiki/Cricket|https://en.wikipedia.org/wiki/Sport
UC9SnUR9ewkPk9h45L0uY6SQ,CocoBunny,"Welcome to CocoBunny, your ultimate destination for hilarious and adorable animal videos! 🐰🐾 From playful puppies and mischievous cats to quirky bunnies and exotic wildlife, we bring you the funniest and most heartwarming moments from the animal kingdom.

Laugh out loud as you watch funny animal fails, cute pet antics, and epic moments that will brighten your day. Whether you're a dog lover, a cat enthusiast, or just someone who enjoys a good laugh, there's something here for everyone!

Subscribe now for regular uploads of entertaining animal clips and share the joy with your friends and family. 🐱😻

",LK,2024-12-15T04:27:26.311688Z,UU9SnUR9ewkPk9h45L0uY6SQ,https://en.wikipedia.org/wiki/Lifestyle_(sociology)|https://en.wikipedia.org/wiki/Entertainment|https://en.wikipedia.org/wiki/Pet
UCwKYO2L9xzLtWhSv4ncYCIA,Nilame,"ආයුබෝවන් සියළුම දෙනාට 

""නිළමේ"" ශ්‍රී ලංකාවේ විශේෂිත දේවල් හොයාගෙනයන කෙනෙක්.අපේ රටේ තියෙන විශේෂිත තැන්, විශේෂිත දක්‍ෂතා/හැකියාවන් තිබෙන අය,අලුත් අලුත් දේ කරන අය ලෝකෙටම පෙන්නන්න අපි ඉදිරිපත් වෙනවා.ඔබත් සබ්ස්ක්‍රයිබ් කරලා එකතු වෙන්න නිළමේ එක්ක අලුත් විශේෂ ලාංකික අපේ දේවල් බලන්න.

Wellcome Everyone

""Nilame"" is a channel that always try to find new speciel places and speciel people in sri lanka, Speciely looking for Sri lanka Heritages and introduce them to the world.So join with us Subscribe now then you also can see the speciel things

- Nilame -",LK,2019-04-21T04:18:30Z,UUwKYO2L9xzLtWhSv4ncYCIA,https://en.wikipedia.org/wiki/Society|https://en.wikipedia.org/wiki/Religion
UCtTgIrVyMl405cDQEO55AEg,We are raskol,🔥Nan Youtuberda...🔥ithanda En Lebel...🔥,LK,2022-04-19T16:41:05.706284Z,UUtTgIrVyMl405cDQEO55AEg,https://en.wikipedia.org/wiki/Entertainment|https://en.wikipedia.org/wiki/Film
UCs_mHlm5_C82W5WCIJaSMbQ,Vishwakarma | විශ්වකර්ම,"Welcome to Vishwakarma | විශ්වකර්ම – your reliable source for bridging ancient wisdom and modern life.

We bring you the secrets of Astrology, Universal Energy, traditional health knowledge, and in-depth News and Political analysis needed to illuminate your path to success and awareness.

Our Content Focus:

🔮 Authentic Astrology & Predictions: Horoscope readings, planetary transits (Graha Maru), and auspicious times.
📢 News & Politics: Current affairs, political predictions, and social analysis.
✨ Universal Energy Secrets: Techniques to align with cosmic power for progress and positivity.
🌿 Traditional Wellness: Ancient secrets for health and beauty.

Contact & Company Details:

Founder: Dinesh Suranga
Company: Vishwakarma (Pvt) Ltd
Contact: If you wish to contact me, don't hesitate to call +94 777 006 069

Subscribe now and awaken the power within you! 🙏
",LK,2014-12-13T14:47:42Z,UUs_mHlm5_C82W5WCIJaSMbQ,https://en.wikipedia.org/wiki/Society
UCJbxRq_IlWyzvB9KK0Mrs8A,Ratta,"This is the official channel Youtube channel of Ratta
For business enquiries - 0776736500
",LK,2012-01-26T17:16:27Z,UUJbxRq_IlWyzvB9KK0Mrs8A,https://en.wikipedia.org/wiki/Film|https://en.wikipedia.org/wiki/Entertainment
UCU57IJhYK4v_XCOo4khbBxA,Harindra Jayalal,"Official youtube channel of Harindra Jayalal: A veteran TV news and program presenter/Media trainer/ Lecturer/ former director of news in Swarnavahini/ Founder and director of Best Choice Tours and Travels (PVT) Ltd and Best Voice Media and Language Academy. 

For inquiries and suggestions please contact us through 
emails: harindra28@hotmail.com 
Face book: harindra jayalal (Profile and fan page)


",LK,2018-03-31T15:28:59Z,UUU57IJhYK4v_XCOo4khbBxA,https://en.wikipedia.org/wiki/Society
UCVwbUjoiTUXxeVjsxW9Kwng,Desawana Music,"Desawana Music is the best place to find popular SRI LANKAN MUSIC online.

Do you want your Music Video to be featured on the channel? Do you have any questions or requests?
Don't hesitate to Contact Us!

Email: contact@desawanamusic.com
Call: 077 9840660",LK,2017-02-25T16:52:36Z,UUVwbUjoiTUXxeVjsxW9Kwng,https://en.wikipedia.org/wiki/Music_of_Asia|https://en.wikipedia.org/wiki/Music|https://en.wikipedia.org/wiki/Pop_music
UCT83ymyAGm7Gnk_4ifxjxIA,Sri Lanka Rupavahini,"Sri Lanka Rupavahini (TV) Corporation, the State Television stands for the benefit of all Sri Lankans. We do recognise the peoples diversity of expectations, values , interests and needs. We reach our target groups in Sinhala, Tamil and English languages.
The Sri Lanka Rupavahini Corporation, the National Television Network was commissioned on 15th February 1982. Its studio complex is situated in Colombo the commercial capital of Sri Lanka.  

Our Vision is  The continuing Audio Visual Icon of Sri Lankans. Our Mission is With commitment and unity,creating timely, meaningful and intuitive programmes rich in knowledge, entertainment and education and disseminating them chiseled with state-of-the-art technology exceeding the expectations of Sri Lankans everywhere.  

Address : 
P.O. Box 2204, Independance Square
Colombo - 07
Sri Lanka00700 

Contact: 
Tel - +94 112 50 10 50
Fax -+94 112 58 09 29 





 
",LK,2017-09-21T05:46:49Z,UUT83ymyAGm7Gnk_4ifxjxIA,https://en.wikipedia.org/wiki/Film|https://en.wikipedia.org/wiki/Television_program|https://en.wikipedia.org/wiki/Entertainment
UCcpvzu2fNDZyKkQ6tETbHLw,Dazzling Divine,"Hey guys, welcome to our channel. We do 3D animation, game development, music and many more. 

We regularly upload 3D animation short films, tutorials and game development videos. 

Subscribe us now!

Software that we use to create these content:
Maya: Modelling, Animation, Rigging, Simulation and Rendering
Houdini: Modelling and Simulation Effects
Nuke: Compositing
Unreal Engine: Environment Design, Rendering
",LK,2017-03-16T16:42:47Z,UUcpvzu2fNDZyKkQ6tETbHLw,https://en.wikipedia.org/wiki/Video_game_culture|https://en.wikipedia.org/wiki/Entertainment|https://en.wikipedia.org/wiki/Film
UCEa6e_J_Xs_GKCzG8Eq15Xw,SGM Tunes,"Premier Sri Lankan Record Label.


Connect with us
sgm@sgmtunes.com",LK,2013-08-01T07:33:07Z,UUEa6e_J_Xs_GKCzG8Eq15Xw,https://en.wikipedia.org/wiki/Music_of_Asia|https://en.wikipedia.org/wiki/Music|https://en.wikipedia.org/wiki/Pop_music
UCc30sTBdN9LRSxEuHaXV_bQ,Siyatha TV,"The First and the Only 4K ULTRA HD Television channel in Sri Lanka - Siyatha TV - ලංකාවේ ප්‍රථම සහ එකම 4K ULTRA HD නාලිකාව - සියත tv  
-
Access our Videos as soon as we upload them - Subscribe to our youtube channel today from here 👉  https://goo.gl/Lf9SPh 👈

වීඩියෝ දැමු සැනින් දැනගැනීමට අපගේ youtube channel එක දැන්ම Subscribe කරන්න මෙම link එක ක්ලික් කරන්න 
👉👉  https://goo.gl/Lf9SPh 👈👈

-
Watch all episodes - http://siyathatv.lk/
-
Like us on facebook - https://www.facebook.com/siyathatv/
-
Follow us on Instagram - https://www.instagram.com/siyathatv/
-
Follow us on Twitter - https://twitter.com/Siyatha_TV
-
Subscribe on Youtube - https://goo.gl/Lf9SPh 
-
Watch Siyatha TV Online on http://siyathatv.lk/live/
-
#SiyathaTV #SriLanka

® Property of Voice of Asia Network (Pvt) Ltd - The Largest Media Network in Sri Lanka 
www.voa.lk
",LK,2014-08-04T03:41:02Z,UUc30sTBdN9LRSxEuHaXV_bQ,https://en.wikipedia.org/wiki/Society|https://en.wikipedia.org/wiki/Television_program|https://en.wikipedia.org/wiki/Entertainment|https://en.wikipedia.org/wiki/Film
UCw6-MbidLyoWQlvb9FFz5xQ,Mage thaththa,"Ayubowan 🙏.. 

Hellow this is my youtube chanal.
My name is darmasena
Am 64 years old. 
I will tell you my experience,skills and inventions from my childhood till now through videos
Thnk you.

For business inquiries,please contact dsena2426@gmail.com",LK,2023-08-11T07:00:17.05511Z,UUw6-MbidLyoWQlvb9FFz5xQ,https://en.wikipedia.org/wiki/Hobby|https://en.wikipedia.org/wiki/Lifestyle_(sociology)|https://en.wikipedia.org/wiki/Cricket
UCkuoWSLw-SNu8dvVCU0MjMQ,Lakai Sikai - ලකයි සිකයි,Relax with us,LK,2017-06-15T07:59:18Z,UUkuoWSLw-SNu8dvVCU0MjMQ,https://en.wikipedia.org/wiki/Film|https://en.wikipedia.org/wiki/Entertainment
UCfYQW_0xEVwKfePgWRxTYhg,Janai Priyai,"The Official YouTube Channel of Sri Lankan Creators “Janai Priyai” 🇱🇰

🎬 Entertainment | Comedy | Lifestyle
📈 Bringing you quality content with a Sri Lankan vibe

📩 For Business & Collaborations:
📞 0777 24 3925
📧 janaipriyai.official@gmail.com
",LK,2016-06-26T00:03:42Z,UUfYQW_0xEVwKfePgWRxTYhg,https://en.wikipedia.org/wiki/Entertainment|https://en.wikipedia.org/wiki/Film
UC2sO_F_Ky4LIAUtSJYXqBDA,Hiru TV  LIVE,"A new revolution begins. The first and only digitally-enabled HD television channel in the country, Hiru TV entered Sri Lanka's television history by offering island-wide coverage from day one. 

Hiru TV combines high definition technology and quality program lineups to provide television audiences with an unmatched array of entertainment options. Viewers can enjoy programs ranging from teledramas to documentaries or simply watch their favourite song videos on music shows. 

With the option of watching live telecasts on TV or online, hours of entertainment is guaranteed to viewers. Hiru TV,a proud brand of the Asia Broadcasting Corporation Private limited, a member of Rayynor Silva holdings.",LK,2011-07-29T07:23:22Z,UU2sO_F_Ky4LIAUtSJYXqBDA,https://en.wikipedia.org/wiki/Film|https://en.wikipedia.org/wiki/Entertainment|https://en.wikipedia.org/wiki/Television_program
UCEUSUxrhCt4n0Pp9WB7q7-w,SLTMobitel,Welcome to the official YouTube Channel of SLTMobitel Sri Lanka.,LK,2010-04-05T07:45:54Z,UUEUSUxrhCt4n0Pp9WB7q7-w,https://en.wikipedia.org/wiki/Lifestyle_(sociology)|https://en.wikipedia.org/wiki/Society|https://en.wikipedia.org/wiki/Technology
UC95VofaZiQPFwRMaqPhLc0w,Nava Talk,A nava community Presents : Nava Talk. To Contact Us for Business Purposes: foodcurry58@gmail.com,LK,2022-04-03T14:35:48.864185Z,UU95VofaZiQPFwRMaqPhLc0w,https://en.wikipedia.org/wiki/Film|https://en.wikipedia.org/wiki/Entertainment
UCqShCHSDvCBKDN_GAsnLJmQ,iQ Meter by Wishwa Danuma,"iQ Meter - Wishwa Danuma | ලෝකය දකින අලුත්ම ඇස 👁️

සැඟවුණු අභිරහස්, විශ්මිත විද්‍යාත්මක සොයාගැනීම් සහ ජීවිතය වෙනස් කරන මනෝවිද්‍යාත්මක හා සෞඛ්‍ය රහස් එකම තැනකින්! iQ Meter යනු හුදෙක් තොරතුරු ගෙන එන නාලිකාවක් නොව, ඔබේ බුද්ධිය (IQ) තියුණු කරන සැබෑ 'දැනුමේ මීටරයයි'.

අපෙන් ඔබට ලැබෙන දේ:

🌌 Mystery & Science: NASA හෙළි නොකරන අභිරහස්, අභ්‍යවකාශය, AI සහ ලෝක බලවතුන් සඟවන රහස් පිළිබඳ විද්‍යාත්මක ගවේෂණ.

🧠 Psychology: මිනිස් මනසේ බලය, මතක ශක්තිය සහ අවධානය වර්ධනය කරන ක්‍රම හා සාර්ථකත්වයේ මනෝවිද්‍යාත්මක රහස්.

🌿 Health: නිරෝගී ජීවිතයකට අවශ්‍ය ස්වාභාවික සෞඛ්‍ය රහස් හා ඔබ නොදත් විද්‍යාත්මක සත්‍යයන්.

💡 Future: ලෝකයේ සිදුවන දැවැන්ත වෙනස්වීම් සහ අනාගතය දිනන බුද්ධිමත් ක්‍රම.

අපේ අරමුණ දත්ත සහ මූලාශ්‍ර සහිතව (Fact-checked) නිවැරදිම තොරතුරු සිංහලෙන් ඔබ වෙත ගෙන ඒමයි.

🚀 අලුත්ම වීඩියෝ නැරඹීමට iQ Meter දැන්ම Subscribe කරන්න!

#iQMeter #WishwaDanuma #MysterySinhala #ScienceSinhala #PsychologySinhala
",LK,2019-09-26T09:10:51Z,UUqShCHSDvCBKDN_GAsnLJmQ,https://en.wikipedia.org/wiki/Health|https://en.wikipedia.org/wiki/Lifestyle_(sociology)
UCYf829WTg8Cpx_a-cPtgSQQ,M.C.U-தமிழ்,,LK,2022-05-08T14:58:51.524251Z,UUYf829WTg8Cpx_a-cPtgSQQ,https://en.wikipedia.org/wiki/Entertainment|https://en.wikipedia.org/wiki/Lifestyle_(sociology)
UCJPorwyXP29nZW95Gh-nrsw,Ronaldo Diaries,"Subscribe for Ronaldo!

Welcome to Ronaldo Diaries! Dive into the thrilling world of football through the lens of the greatest player of all time, Cristiano Ronaldo. Here, we bring you captivating stories, iconic moments, and the latest updates from the world of football, all inspired by the legendary career of CR7. Whether you're a die-hard Ronaldo fan or just love the beautiful game, this is your ultimate destination for football shorts and unforgettable memories. Join us on this exciting journey and experience football like never before!

Contact me - ronaldodiaries7@gmail.com",LK,2019-11-06T04:17:31.283416Z,UUJPorwyXP29nZW95Gh-nrsw,https://en.wikipedia.org/wiki/Association_football|https://en.wikipedia.org/wiki/Sport|https://en.wikipedia.org/wiki/Entertainment
UCu3jIK2NBSXc0_YaFqEuIrg,Kick Master FC,"Welcome to Kick Master! ⚽️🏆 

Every video is crafted with passion to bring you the best football content.
My goal is to make each moment exciting, unforgettable, and enjoyable for my viewers.

About Me:
I started this YouTube channel to support my education at university while sharing my love for football.

For inquiries or copyright/removal requests, please email kickmasteryt2004@gmail.com.
I’ll be happy to cooperate and will respond within 24 hours!

Want to submit your own content? Reach out to kickmasteryt2004@gmail.com!

Thank you for your support! Let’s make every kick count!",LK,2025-02-25T04:33:21.564836Z,UUu3jIK2NBSXc0_YaFqEuIrg,https://en.wikipedia.org/wiki/Association_football|https://en.wikipedia.org/wiki/Sport|https://en.wikipedia.org/wiki/Lifestyle_(sociology)
UCNFDDKoTezuSWbIjjHA76xQ,TR Creativity,"Well come to my channel Be Creativity, satisfying video and tattoos 😍",LK,2022-12-23T14:19:08.114029Z,UUNFDDKoTezuSWbIjjHA76xQ,https://en.wikipedia.org/wiki/Lifestyle_(sociology)|https://en.wikipedia.org/wiki/Hobby
UC2gpLSHUrXCbWiaBwstZsjg,Chammi Imalka,"Hi,
I'm Chammi Imalka. This is my Youtube channel. I post here about baking, cooking, kitchen tips, cake designs, nail arts and  make up .... :-)",LK,2015-10-20T07:56:41Z,UU2gpLSHUrXCbWiaBwstZsjg,https://en.wikipedia.org/wiki/Lifestyle_(sociology)|https://en.wikipedia.org/wiki/Food
UCnPp3f0r4BywxwgAJqaH6QQ,The Coconut,"
Welcome to The Coconut,

“Equal justice under law is perhaps the most inspiring deal of our society, it is one of the ends for which our entire legal system exists. It is fundamental that justice should be the same, in substance and availability, without regard to economic status.” (U.S. Supreme Court Justice Lewis Powell, Jr.1907 – 1998)

Justice should be served among all different communities equally and fairly around the globe.


Join us, we'll see you in your Comment,


",LK,2021-10-31T12:46:31.177185Z,UUnPp3f0r4BywxwgAJqaH6QQ,https://en.wikipedia.org/wiki/Society|https://en.wikipedia.org/wiki/Lifestyle_(sociology)
UCe13xXtdfx_n0_z1qeXV6_g,M Entertainments,"Welcome to the official YouTube channel of Maharaja Entertainments   brought to you by Capital Maharaja Group with the  excellence of 93 years. Presenting you the ultimate entertaining content from Sinhalese, Tamil and English,our channel is open for the artists from different genres. Always having the concept of Artist Oriented nature,we proudly present all types of songs, movies and other video content and audio content. we are a library of masterpieces from more than five decades.The immortal voices from the Sri Lankan music industry are still in front of your eyes now. From classical lovers to the new trendsetters, we are providing a platform to empower the newest local artists to showcase their talent. Being the country’s largest music management and distribution company, now you can watch your favorite song at any time within a distance of a finger tip. Not only music,now we are known to be the leading film distribution company in the country. Subscribe,Enjoy and Stay connected!
",LK,2013-03-07T02:29:42Z,UUe13xXtdfx_n0_z1qeXV6_g,https://en.wikipedia.org/wiki/Music_of_Asia|https://en.wikipedia.org/wiki/Music
UCsiJNM6kab7pDU6OnsskjAg,Daniel Shorts,"Hello, my name is Daniel and welcome to the channel! On this channel, we talk about people, animals, wholesome moments, and more. Here, we react and provide transformative commentary to add entertainment and highlight details you might otherwise miss. Our team spends over 3 hours per video editing to transform these clips into something the internet has never seen before! My edits include creative subtitles, transitions, sound effects, memes, and much more.

Clips are carefully collected and reacted to in an effort to maximize viewer satisfaction. We absolutely DO NOT re-upload or reuse content without any sort of transformative nature. 
",LK,2024-08-06T07:53:51.231276Z,UUsiJNM6kab7pDU6OnsskjAg,https://en.wikipedia.org/wiki/Film|https://en.wikipedia.org/wiki/Entertainment
UCGN3TM5lZQ1DAvMwI1LIc8Q,Nodutu Lokaya - නොදුටු ලෝකය ,"I can proudly say that this is Sri Lanka's top educational channel. Since 2014 of June 13th, I uploaded hundreds of educational videos, especially about astronomy and science. In Sri Lanka, there are only a handful of channels that are talking about astronomy.  Anyone who reads comments on my channel may understand how much people admire that.  

All of my videos are created by me.  Usually, it takes almost a day to create a new video because it is not an easy task to collect information from trusted sources. The voice you hear in those videos Is also mine. 

Ever wonder how I edit videos? I use many editing programs such as After Effects, Premiere Pro, Audacity and Explanido.  As you noticed, with these programs I create special animations to give you a better understanding. 

I have only one purpose in my mind. To give you a good knowledge about the space, universe, and science.",LK,2014-01-13T16:38:10Z,UUGN3TM5lZQ1DAvMwI1LIc8Q,https://en.wikipedia.org/wiki/Society
UCrVkiG6Tt5y-yNjFOOGdb3Q,Bandi Full,"Bandifull- Simple Cooking, Premium taste ",LK,2020-03-21T14:29:01.13147Z,UUrVkiG6Tt5y-yNjFOOGdb3Q,https://en.wikipedia.org/wiki/Lifestyle_(sociology)|https://en.wikipedia.org/wiki/Food
UCZWbuCJ-SV3QpxRvgEXGByQ,Birdy ASMR,"Hi..!! I am Birdy ASMR
All of you are warmly welcome to my channel.

I am an animated content creator on you tube, you can enjoy watching ASMR Medical treatment videos on my channel. Most of these videos are created based on some accurate incidents. If you enjoy watching my videos don't forget to subscribe me and hit the like button. Your valuable comments are highly appreciated and it will be a huge motivation for me.

Thank you....!  
",LK,2022-09-20T04:57:21.813489Z,UUZWbuCJ-SV3QpxRvgEXGByQ,https://en.wikipedia.org/wiki/Entertainment|https://en.wikipedia.org/wiki/Health|https://en.wikipedia.org/wiki/Film
UCU5WmQA3Ur1Yriw5pMqoBNQ,FactsVibe,"Welcome
We are dedicated to creating high-quality, transformative content. Every video is a product of immense effort, crafted with professional tools like CapCut, DaVinci Resolve, and After Effects.
The editing process alone takes 6-7 hours daily. Including research and scripting, we invest 12-15 hours every day to ensure each video meets the highest standard.

Disclaimers:
Fair Use: All media is used under the Fair Use doctrine for commentary, criticism, and educational purposes. We strive to add unique value and transformative commentary to all works used.
Safety: All stunts and actions are performed for educational and entertainment purposes only. Please do not attempt to replicate them.
",LK,2025-02-01T11:02:00.916462Z,UUU5WmQA3Ur1Yriw5pMqoBNQ,https://en.wikipedia.org/wiki/Film|https://en.wikipedia.org/wiki/Entertainment
UCEuz_HGv5er0LZsztjO4g5Q,Buddhist Path - දෙලොවම සුවපත්වන බුදු බණ,"🙏 Buddhist Path – දෙලොවම සුවපත්වන බුදු බණ 🙏

Welcome to Buddhist Path, a peaceful spiritual YouTube channel dedicated to sharing the timeless teachings of Lord Buddha. Through powerful Sinhala Bana sermons, calming Dharma discussions, meditation guidance, and inspiring Buddhist content, this channel helps people find inner peace, happiness, mindfulness, and spiritual strength. 🌿

In today’s stressful world, Buddha’s teachings continue to guide people toward a meaningful and peaceful life. Our mission is to spread compassion, wisdom, kindness, and positive thinking through the sacred Dhamma. Listening to these teachings can help reduce stress, control anger, heal the mind, and bring peace to both this life and the next

#BuddhistPath #Buddhism #BuduBana #Dhamma #SinhalaBana #Meditation #Mindfulness #InnerPeace #Spirituality #BuddhaTeachings #PeacefulLife #SriLanka
",LK,2018-09-15T11:28:07Z,UUEuz_HGv5er0LZsztjO4g5Q,https://en.wikipedia.org/wiki/Religion|https://en.wikipedia.org/wiki/Society
UCu_V8lfzyGspxP-LNFowW9w,eTunes,,LK,2014-10-07T06:23:07Z,UUu_V8lfzyGspxP-LNFowW9w,https://en.wikipedia.org/wiki/Music_of_Asia|https://en.wikipedia.org/wiki/Music|https://en.wikipedia.org/wiki/Pop_music
UCu7cGbQEMgGk8TD0ZYucM5g,Shraddha TV,"
Shraddha TV can be watched twenty-four hours a day via Peo TV channel number 99 and Dialog TV channel number 27 in Sri Lanka. The live streaming can be watched worldwide via youtube and www.shraddha.lk/tv as well.

You can also contribute to this meritorious deed of gifting dhamma.
Bank: Sampath Bank, Kaduwela Branch.
Account Name: ""Shraddha Media Network""
Account No: 016 2 100 00 910

Shraddha TV Address: No 369, Shraddha Media Network, Hewagama, Kaduwela 
Telephone: (+94)112 571 471 
Fax:  (+94)112 548 400 
Email: Info@shraddha.lk 
ලක්විරු ගුවන් විදුලිය: (+94) 71 214 8888
ශ්‍රද්ධා ධර්මදාන:  (+94)71 437 4904
දායකත්ව ධර්ම දේශනා: (+94)71 232 8887
සමාජ සත්කාර අංශය: (+94)71 437 1522
අධ්‍යාපන ශිෂ්‍යත්ව: (+94)71 232 8883
පිවිතුරු පැන් පූජා: (+94)70 643 2836
ශ්‍රද්ධා අභය දාන: (+94)70 643 2836
ශ්‍රද්ධා වෙබ් අඩවිය: (+94)71 775 47 37



",LK,2012-09-30T21:09:51Z,UUu7cGbQEMgGk8TD0ZYucM5g,https://en.wikipedia.org/wiki/Society|https://en.wikipedia.org/wiki/Religion
UCtZO2c3i1PrtwyeaxaIYHKA,Keepest,Enjoy my videos 😍,LK,2023-07-08T09:46:53.477096Z,UUtZO2c3i1PrtwyeaxaIYHKA,https://en.wikipedia.org/wiki/Humour|https://en.wikipedia.org/wiki/Entertainment|https://en.wikipedia.org/wiki/Film
UCvsksEXBnVKBj0QiQ6cnTdw,Tools Garage,"At Tool Garage, we are passionate about all things welding. From sharing welding tips, tricks and techniques to exploring DIY projects, homemade tools, reusing waste and offering life hacks, our channel covers it all.",LK,2018-10-12T14:52:12Z,UUvsksEXBnVKBj0QiQ6cnTdw,https://en.wikipedia.org/wiki/Lifestyle_(sociology)|https://en.wikipedia.org/wiki/Hobby
UC0RX5hQE6UpHTjfub4NZSPg,Hari Tv,Television channel,LK,2017-05-23T08:52:47Z,UU0RX5hQE6UpHTjfub4NZSPg,https://en.wikipedia.org/wiki/Entertainment|https://en.wikipedia.org/wiki/Society|https://en.wikipedia.org/wiki/Television_program
UCHwfjlJXhLKCNsuw2VXr6ig,Cyber Clinic,"sinhala medical and health channel. consist of interviews on common important illnesses with specialist doctors.
Topics on  - life style medicine ,cosmetic medicine, child psychology, healthy food habits  and  current health issues are discussed.
",LK,2020-11-20T13:57:25.274058Z,UUHwfjlJXhLKCNsuw2VXr6ig,https://en.wikipedia.org/wiki/Health|https://en.wikipedia.org/wiki/Lifestyle_(sociology)
UC7OJJA9sk3SCcatYvhC1_cg,Restoration of Everything,,LK,2019-01-02T12:42:33Z,UU7OJJA9sk3SCcatYvhC1_cg,https://en.wikipedia.org/wiki/Vehicle|https://en.wikipedia.org/wiki/Lifestyle_(sociology)
UCGB1U55Jf7bp7knbUhCCTMA,Live at Sri Lanka,"ඇත්ත දැනගන්න ස්වර්ණවාහිනී පුවත් නරඹන්න Live at Sri Lanka Youtube නාළිකාව දැන්ම Subscribe කරන්න 
👉 https://www.youtube.com/channel/UCGB1U55Jf7bp7knbUhCCTMA?sub_confirmation=1

FOLLOW US ON:
🔹Facebook: https://www.facebook.com/liveatsrilanka
🔹Instagram: https://www.instagram.com/liveatsrilank
🔹TikTok: https://www.tiktok.com/@liveatsrilanka
🔹Website: https://liveatsrilanka.lk

#LiveatSriLanka #SwarnavahiniNews #lka 

",LK,2015-11-10T11:39:24Z,UUGB1U55Jf7bp7knbUhCCTMA,https://en.wikipedia.org/wiki/Society|https://en.wikipedia.org/wiki/Politics
UCbkMFGQ_RWIf0OiYeOpf6Ng,TV Derana LIVE,Tv Derana - Sri Lanka's Premium Entertainment Channel,LK,2014-04-02T04:34:06Z,UUbkMFGQ_RWIf0OiYeOpf6Ng,https://en.wikipedia.org/wiki/Television_program|https://en.wikipedia.org/wiki/Entertainment|https://en.wikipedia.org/wiki/Film
UCNbM4dl9kN5KDpmDdAW6zOg,Artzy,"About me:
If you're new, Hi 
This is an art and drawing channel. I always try to make satisfying arts and crafts. I post a video daily. I show how to draw shade and paint to improve your skills and ideas on essential techniques. The latest trends and exciting crafts in short videos.
-Satisfying arts and crafts 
-Scenery drawings
-ASMR 
-Instructions for drawings
-Simple tricks and tips for satisfying art
",LK,2023-06-15T13:41:24.981628Z,UUNbM4dl9kN5KDpmDdAW6zOg,https://en.wikipedia.org/wiki/Lifestyle_(sociology)|https://en.wikipedia.org/wiki/Hobby|https://en.wikipedia.org/wiki/Entertainment|https://en.wikipedia.org/wiki/Video_game_culture|https://en.wikipedia.org/wiki/Film|https://en.wikipedia.org/wiki/Action_game
UCTcATaNqlaCF4zkZp29BJRQ,Blok & Dino,This is the official YouTube channel dedicated to comedians Gehan Blok and Dino Corera.,LK,2018-11-09T08:30:33Z,UUTcATaNqlaCF4zkZp29BJRQ,https://en.wikipedia.org/wiki/Film|https://en.wikipedia.org/wiki/Entertainment
UC9sglGVfDEqPRb-AJgE4r1g,Naifm,"Welcome Everyone

""Naifm""  Thanks for visiting Official YouTube channel 

Sri Lanka Latest News, Gossip Portal

Thank You All !!! 

Contact Gmail : naifmvideos@gmail.com  Facebook : Naifm 

",LK,2014-08-03T04:52:36Z,UU9sglGVfDEqPRb-AJgE4r1g,https://en.wikipedia.org/wiki/Society|https://en.wikipedia.org/wiki/Politics
UCAH7R88V7gz7RqJv78nNOzg,Swarnavahini Digital,"ස්වර්ණවාහිනී සියළුම වැඩසටහන් නරඹන්න Swarnavahini Digital Youtube නාළිකාව දැන්ම Subscribe කරන්න 
👉 https://www.youtube.com/channel/UCAH7R88V7gz7RqJv78nNOzg?sub_confirmation=1

FOLLOW US ON:
🔹Facebook: https://www.facebook.com/swarnavahini  
🔹Instagram: https://www.instagram.com/swarnavahini.tv
🔹TikTok: https://www.tiktok.com/@swarnavahinisl
🔹Website: https://swarnavahini.lk

#Swarnavahini #SwarnavahiniDigital
",LK,2017-01-02T04:46:04Z,UUAH7R88V7gz7RqJv78nNOzg,https://en.wikipedia.org/wiki/Television_program|https://en.wikipedia.org/wiki/Entertainment|https://en.wikipedia.org/wiki/Film
UCjjl50eFDiwDAWeGLvQqMiA,Nimesh Academy,"
For official Purposes , Sponsorships & Offers , Contact me
manilkanimesh23@gmail.com
",LK,2018-10-30T04:55:49Z,UUjjl50eFDiwDAWeGLvQqMiA,https://en.wikipedia.org/wiki/Lifestyle_(sociology)|https://en.wikipedia.org/wiki/Technology
UCbLcppYDPaXh-SLaYadLJ2g,Evoke Music,"Evoke Music, a proud division of Evoke International Limited, serves as Sri Lanka's ultimate destination for music lovers seeking quality in both classical and contemporary genres...
Subscribe & Follow Evoke Music to get your regular dose of exceptional music and video releases!
",LK,2012-08-02T14:32:31Z,UUbLcppYDPaXh-SLaYadLJ2g,https://en.wikipedia.org/wiki/Music_of_Asia|https://en.wikipedia.org/wiki/Music
UCOB66xjgJe-D8jq7579BOwA,Shanudrie,"Welcome to my official YouTube channel. 
Work | Lifestyle | Everything else 

Subscribe to keep in touch ♥️

",LK,2014-02-14T11:53:53Z,UUOB66xjgJe-D8jq7579BOwA,https://en.wikipedia.org/wiki/Lifestyle_(sociology)
UCVz1bXiY1pz6Fz_Osm0YYBA,Anoma's Kitchen,"Hello Everyone! I'm Anoma Wijetunga. And this is my Official Youtube Channel: Anoma's Kitchen, Started on July 30th 2016.The best place for delicious and authentic Sri Lankan recipes with easy to follow steps.

I believe that the young generation is getting further and further away from the kitchen and are eating out most of the time. My goal is to get the young generation of Sri Lanka interested Not only in Sri Lankan And International Cooking, but also in Easy Cooking.  I hope to make their busy lives much more convenient and also promote the love of cooking based on my personal experience. I hope you enjoy this Channel and start to fall in love with cooking. 

Happy Cooking!
Anoma, with Love.",LK,2013-01-11T14:53:30Z,UUVz1bXiY1pz6Fz_Osm0YYBA,https://en.wikipedia.org/wiki/Lifestyle_(sociology)|https://en.wikipedia.org/wiki/Food
UC6MkngMDyobFNaXOZR0ukyQ,C ONLINE EDUCATION,"Motivation and inspiration with Education💯

Sinhala & English  Motivation shorts

Welcome to  C ONLINE EDUCATION Chanel.

Our Channel Delivers Dynamic Motivational Videos Covering Inspiring Speeches, Heartfelt Stories, Personal Growth, Self-Discovery, and Beyond.""

⭕Promotion Post.📧 
ceducationonline@gmail.com

Our educational content 

motivational status 
sigma
quotes reels 
short notes download
motivation shorts
G.K shorts
facts shorts
Education videos
O/L & A/L exam 
map marking  

#motivation #sigma #quiz #motivational  #shortsfeed #gk #facts #fact #factshorts #education #educationalvideo #educação #educationalquiz #educationalfact #educationalfacts #pastpapers #shortnotes #ol #al #olexam #alexam #motivationsinhala #map #knowledge #information #world #geography #textbook #today #india #srilanka #englishquiz #sinhala #how #what #when #shortnotes #study #shorts #short #studymotivation #studytips #download #shortsfeed #youtubeshorts #shorts #fyp #reels #exam #viral #sad #trending #fy",LK,2021-10-15T18:55:16.857132Z,UU6MkngMDyobFNaXOZR0ukyQ,https://en.wikipedia.org/wiki/Music_of_Asia|https://en.wikipedia.org/wiki/Entertainment|https://en.wikipedia.org/wiki/Lifestyle_(sociology)|https://en.wikipedia.org/wiki/Music
UCoQOQFHBsBAhobpI8NradTA,SL Idea,Thanks for visiting and make sure to subscribe and join with us,LK,2019-11-16T06:01:57.024814Z,UUoQOQFHBsBAhobpI8NradTA,https://en.wikipedia.org/wiki/Society
UCGwSu8n08wtb7RVacaPs9Tw,Saranga - Dinakshie Online,Official YouTube Channel of Saranga Disasekara & Dinakshie Priyasad,LK,2018-08-24T03:25:49Z,UUGwSu8n08wtb7RVacaPs9Tw,https://en.wikipedia.org/wiki/Lifestyle_(sociology)|https://en.wikipedia.org/wiki/Entertainment
UC_dr25YJaGIFQtA8D0RTjOQ,Social Art Studio,"Hey, I'm Nisha (Founder of Social Art Studio). Thanks for visiting and make sure to SUBSCRIBE and join with us for daily Mehndi Art Videos.

⭕ For sponsorships -
      Email: nsdsbit@gmail.com


vRlfXK
",LK,2021-04-25T16:52:50.011978Z,UU_dr25YJaGIFQtA8D0RTjOQ,https://en.wikipedia.org/wiki/Lifestyle_(sociology)|https://en.wikipedia.org/wiki/Hobby
UCVpjudnF83VEmqVBLNG1rbg,Waruni's Kitchen,"Hi all, welcome to my YouTube channel “Waruni’s Kitchen”,  my first cooking video channel in which I have shown up most of the delicious and uncommon cooking methods. Background for this video channel backed by the experience I got while traveling across different countries . Been into different cultures and societies pushed me to create this video channel where the in born talents I gained from my mom thrived me so often as well.

Hope the recipes found in this video will help you in cooking your delicious and favorites. Be in touch with the channel as it will bring more uncommon trends and all for you.",LK,2013-01-06T10:06:14Z,UUVpjudnF83VEmqVBLNG1rbg,https://en.wikipedia.org/wiki/Lifestyle_(sociology)|https://en.wikipedia.org/wiki/Food
UCfdBd-9WWZUv1h7d80Omy8g,Truth with Chamuditha,"සමාජයේ ඇති ඔබ නොදකින ඇත්ත, සාකච්ඡාවට ලක් කිරීම Truth with Chamuditha නාලිකාවේ පරමාර්ථයයි. ශ්‍රී ලංකාවේ ප්‍රවීනතම රූපවාහිනී දේශපාලන වැඩසටහන්  නිවේදකයකු වන චමුදිත සමරවික්‍රම විසින් කාලීන මාතෘකාවන් ඔස්සේ වැඩසටහන මෙහෙයවනු ලබයි.",LK,2020-04-19T15:07:14.07701Z,UUfdBd-9WWZUv1h7d80Omy8g,https://en.wikipedia.org/wiki/Society|https://en.wikipedia.org/wiki/Politics
UCdvzidU6j1UdUBhaEw-LLuQ,Dhanush Vlogs SL,"ආයුබෝවන් !!

The Dhanush Vlogs SL YouTube channel is Copyright ©2022 by Dhanush Vlogs (Pvt) Ltd. 

ධනුෂ් නාලිකාවේ අරමුණ ඔබේ ජීවිතයට හරවත් වචන දායාද කිරීමයි.
ජීවිතය, ආදරය, සමාජය මේ සියල්ල ගැනම,සියුම් තැනක සිට කරනා හරවත් කතා බහක්.
මේ වැඩසටහන් සියල්ලම ඔබට සමහර විට ගැලපෙන්නේ නැතුව ඇති,නමුත් එක් වැඩසටහනකින් හෝ ඔබේ ජීවිතයට ගතයුතු කරුණක් ඇත.
ඒ නිසා මේ නාලිකාවේ අන්තර්ගත කරුණු වලින් ඔබේ ජීවිතය එලිය කරගන්න.එය අපේ බලාපොරොත්තුව සහ එකම සතුටයි 

ලස්සන ආදරණිය දවසක් ඔබට 

ධනුෂ් 


For business inquiries 0775016611

🔹  ✅ Like   ✅ Share   ✅ Comment   ✅ Subscribe
""Dhanush Vlogs SL"" Subscribe කරලා 🔔 සීනු ලකුන ඔබන්න.
Subscribe කරලා එකතු  වුනු හැමෝටම ස්තුතියි !!

මෙම නාලිකාව විසින් ඉදිරිපත් කරන ලද වැඩසටහන් වල සම්පත් දායකයා ලබාදෙන දත්ත හා තොරතුරු වල සම්පුර්ණ වගකීම ඔහු සතු වේ. 
එම තොරතුරු හුදෙක් පර්යේෂණය හා අවබෝධය අරඹයා ඉදිරිපත් කර ඇත.
මෙම කරුණු මගින් කිසිවෙකුට හෝ කිසිදු විශ්වාසයකට අවමාන කිරීම මෙම නාලිකාවේ අරමුණ නොවේ.
",LK,2019-07-13T00:53:26Z,UUdvzidU6j1UdUBhaEw-LLuQ,https://en.wikipedia.org/wiki/Society
UCvoMClO68wGoV5Fvu0KRiqA,Ape Pansala - අපේ පන්සල,"අපේ පංසල "" ශ්‍රී ලංකාවේ මෙන්ම, විදෙස් රට වල ජීවත් වන බොදු ජනයාගේ හිතසුව පිණිස පවත්වාගෙන යන බෞද්ධ හා දේව විස්වාසී  යූටියුබ් නාලිකාවකි. ඔබට ඇතිවන සියලු දෝෂ දුරුවී සෞභාග්‍ය අත්වී ජීවිතය සාර්ථක කරලීමට අවශ්‍ය අධ්‍යාත්මික සුවය  වෙනුවෙන් අප කැපවෙන්නෙමු. 

එමෙන්ම මෙම නාලිකාව හරහා ලැබෙන ආදායමෙන් කොටසක් අවශ්‍යතා ඇති පුද්ගලයන් වෙනුවෙන් උපකාර කිරීමට අපි ලබා දෙන්නෙමු. ඒ සියලු පින් ද  ""අපේ පංසල "" ශ්‍රාවක ඔබට අනුමෝදන් කිරීමට අප පසුබට නොවන්නෙමු. 

ඔබ සියලු දෙනාටම තෙරුවන් සරණයි. 🙏🙏🙏


Contact No. ~ 077 5196538

Our Temple is a Buddhist and God-fearing YouTube channel run for the benefit of Buddhists living in Sri Lanka as well as abroad.

We also donate a portion of the proceeds from this channel to help people in need. We would not hesitate to approve all those merits to you in ""Our Temple"" Shravaka.

May the Triple Gem bless you all. ⁇




Tik Tok Link - https://www.tiktok.com/@ape_pansala_official?_r=1&_t=ZS-96zLnk9Tamy",LK,2015-11-19T18:19:13Z,UUvoMClO68wGoV5Fvu0KRiqA,https://en.wikipedia.org/wiki/Society|https://en.wikipedia.org/wiki/Religion
UCcbOsE5_4LEjtQi8X2PFxDw,Hiru Star,"A UNIQUE format that promises to be the
The evolution of LIVE TELEVISION in Sri Lanka
as for the FIRST TIME ever, the audience will watch a show with LIVE VOTING as it Happens,
when it Happens!

HIRU STAR is a Reality Television Singing Competition where for the first time in Sri Lanka the show marks the real-time voting by the viewers via an innovative free App

In contrast to other singing TV Reality shows which feature a cast of celebrity judges, Hiru Star features a cast of celebrity experts and ELEVATES the viewers at home to be the JUDGES.
",LK,2018-04-19T05:57:08Z,UUcbOsE5_4LEjtQi8X2PFxDw,https://en.wikipedia.org/wiki/Pop_music|https://en.wikipedia.org/wiki/Music_of_Asia|https://en.wikipedia.org/wiki/Music|https://en.wikipedia.org/wiki/Television_program|https://en.wikipedia.org/wiki/Entertainment
UC0RxmX79uHOBvSKKYAQ7Axg,WANESA TV,"0777618418 - Sanjeewa -  ""Wanesa TV"" 

 Wellcome Everyone
""Wanesa TV""  Thanks for visiting Official YouTube channel 

Contact Phone : +94777618418  
Gmail : youturnmedialk@gmail.com  
Facebook : Sanjeewa rathnayake 


SANJEEWA RATHNAYAKE (Journalist)
මාධ්‍යවේදී - සංජීව රත්නායක",LK,2020-08-10T15:15:58.282985Z,UU0RxmX79uHOBvSKKYAQ7Axg,https://en.wikipedia.org/wiki/Society
UCwrJnrHM2qRjjiSVk1nlx4Q,Oshan Liyanage Dance,"Welcome to the official YouTube channel of Oshan Liyanage Dance Crew! 

Dive into a world of rhythm, creativity, and breathtaking performances. 

Our channel brings you a diverse range of dance content, from energetic music video choreography to captivating live event performances.

Here, you'll find:

Electrifying dance routines and original choreography
Performances across multiple dance styles and genres
Dance Covers & Music Video Dances
Insights into our dance studio's activities and student showcases

  Let's dance our way through the rhythm of life together! 
",LK,2011-10-31T10:49:33Z,UUwrJnrHM2qRjjiSVk1nlx4Q,https://en.wikipedia.org/wiki/Music|https://en.wikipedia.org/wiki/Entertainment|https://en.wikipedia.org/wiki/Performing_arts|https://en.wikipedia.org/wiki/Music_of_Asia|https://en.wikipedia.org/wiki/Lifestyle_(sociology)
UCKEKf35apTUvSLs-c1DCekw,English with Sakvithi,"This is an English learning channel for beginners and advanced students, created by Sakvithi Ranasinghe, who is a famous English teacher in Sri Lanka. I have been teaching English for over 25 years. I’m always trying my best to give you the best English learning experience in a very interesting way. All my lessons are very simple but practical. Most of the time, I explain English phrases by using film clips. Now, my channel is nearing one million subscribers. I need your support to hit the target. Please subscribe and click the bell icon.🔔

We upload videos every day.

For online classes, please contact us on WhatsApp at +94 74 022 3126
",LK,2019-06-11T14:26:15Z,UUKEKf35apTUvSLs-c1DCekw,https://en.wikipedia.org/wiki/Lifestyle_(sociology)|https://en.wikipedia.org/wiki/Knowledge
UCBW2dlXYPIVLwuNQw9aVu-A,vinadiyak - විනාඩියක්,"Welcome to Vinadiyak ( විනාඩියක් ) Education YouTube channel.. 

Here I share incredible videos videos that boost your knowledge and
information about the world.

I spend over 12 - 15 Hours to transform this contents in to something that have never seen before. 
There is also commentary that is included within the video for either added for entertainment or to highlight 
something important that the audience may have missed out and for your further education.
we also add background music to give viewers the best experience. 

I license videos under exclusive, Non exclusive agreements get the permission or use 
under the fair use policy. 

Make sure to Subscribe and Enable all notifications.. Thank YOU.

For Any reasons, Contact Us at our email address .
I Will response immediately. 
 
 ➤grandpapa6618@gmail.com 


",LK,2021-06-22T06:52:26.409745Z,UUBW2dlXYPIVLwuNQw9aVu-A,
UCFV00xQSCQSKvWRXgearMzg,Slviki Media,"Do you want to educate yourself on how to enhance your beauty naturally? This channel will give you a lot of knowledge about that. Also, we do a lot of educational videos to educate everyone in the society. Keep in touch with us!

Disclaimer: The materials and the information contained on this Slviki Media channel are provided 
for general and educational purposes only and do not constitute any legal, medical or other professional advice on any subject matter. These statements have not been evaluated by the FDA and are not intended to diagnose, treat, or cure any disease. Always seek the advice of your physician or other qualified health providers prior to starting any new diet or treatment and with any questions you may have regarding a medical condition. If you have or suspect that you have a medical problem, promptly contact your health care provider.",LK,2013-12-01T00:56:36Z,UUFV00xQSCQSKvWRXgearMzg,https://en.wikipedia.org/wiki/Lifestyle_(sociology)|https://en.wikipedia.org/wiki/Health
UC9Slp55-nJIx-q1g_TJEY3Q,Rj Chandru Menaka Comedy,"A warm welcome to our channel!  We're Sri Lanka-based Tamil husband and wife who own a comedy channel that aims to add life and laughter to your dull day!

Subscribe to Tamil comedy, funny videos, unlimited fun, and jokes that will make you laugh so hard. - RJ Chandru & Menaka 

For any business inquiries please contact - paramalingam.chandru@gmail.com
",LK,2021-01-22T16:24:04.594983Z,UU9Slp55-nJIx-q1g_TJEY3Q,https://en.wikipedia.org/wiki/Film|https://en.wikipedia.org/wiki/Entertainment
UCdJppX3uAMFMvCTuE9qCowg,Inside Cinemax,"⭕Welcome to Inside Cinemax!
We bring the magic of movies to life for those who love films but don’t have time to watch them in full. Through detailed narrations, we capture the essence of each story, letting you experience all the excitement and drama—whenever you need it.

⭕Respect for Creators:
We give full credit to the film’s creators. If you have any copyright concerns, feel free to reach out at contact.insidecinemax@gmail.com. We’re happy to remove content or direct revenue as requested.

⭕Our Promise:
We’re here to share the story, with no intent to harm or disrespect anyone—just a love for great films and respect for their creators.

⭕Beyond the Plot:
Reading a summary is one thing, but with our narrations, you experience the emotional depth of each movie—suspense, drama, and all the magic of cinema, without pressing play.

⭕Join Us:
Subscribe to never miss a breakdown! Share your thoughts and suggest the next film!

⭕For inquiries, contact us at 077 9025193.
",LK,2022-05-20T15:47:43.606214Z,UUdJppX3uAMFMvCTuE9qCowg,https://en.wikipedia.org/wiki/Entertainment|https://en.wikipedia.org/wiki/Film|https://en.wikipedia.org/wiki/Society
UCppSNX9SEvI6TM1U0GLGQyA,Kusala's Simple Life ,"Natural Food cooking, Food and nutrition, Physical and mental well-being.
නීරෝගීව ජීවත් වෙන ගමන් කටට රසට කෑම හදන විදිය බලන්න එකතු වෙන්න මගෙ චැනල් එකත් එක්ක..
සරලව සැහැල්ලුවෙන්..ජීවිතේ සුන්දරත්වය විඳින්න...නීරෝගීව රස කෑමක අත්දැකීම් විඳින්න...පරිසරයට ආදරය කරන්න...එන්න මා සමඟින්..
Kusala's Simple Life
මම ඔබේ ආදරණීය කුසලා ජයමාන්න...
Join my channel to see how to make delicious food while living a healthy life ..
Simply relaxed..enjoy the beauty of life ... experience a healthy taste ... love the environment ... come with me ..
Kusala's Simple Life
I wish you all the best...
I'm your loving Kusala Jayamanna
",LK,2018-01-09T20:52:44Z,UUppSNX9SEvI6TM1U0GLGQyA,https://en.wikipedia.org/wiki/Lifestyle_(sociology)|https://en.wikipedia.org/wiki/Food
UCYM-FoL4inC91SfFcoUpWJQ,Janet Sri Lanka,"Janet Ayurvedics (Pvt) Ltd is the pioneer in the manufacture of Ayurvedic beauty and personal care in Sri Lanka. Since 1961, we have been producing natural skin and hair care preparations on a small scale. In 1991 the Company embarked on a program of research and development especially aimed at presenting a range of herbal beauty preparations incorporating Ayurvedic medicinal formulae and the latest advancements in western skin science.",LK,2017-05-15T04:28:14Z,UUYM-FoL4inC91SfFcoUpWJQ,https://en.wikipedia.org/wiki/Lifestyle_(sociology)
UCp1NZ1G3fkJCgh6eNZ7MG6w,ADA NOW,"""Welcome to Success Moods! Join us for daily doses of motivation and practical tips on achieving success in life, career, and beyond. Let's empower your journey with insights and inspiration. Subscribe now and let's embark on this transformative adventure together!""

My Introduction 
Name - Achala
   18 years old

COPYRIGHT DISCLAIMER :- 

In accordance with section 107 of the Copyright Act 1976, fair use is permitted for purposes such as criticism, comment, news reporting, teaching, scholarship, and research. Fair use is a provision allowed by copyright statutes that may otherwise be considered infringing. Non-profit, educational, or personal use tips the balance in favor of fair use

Any issues about Music Please Don't Give A Strike Contact Us Email ÷ 
 successmoods07@gmail.com

Daily Video Upload ❤❗

Thank You For Supporting 🙏❤🗿",LK,2021-02-04T03:35:08.04618Z,UUp1NZ1G3fkJCgh6eNZ7MG6w,https://en.wikipedia.org/wiki/Entertainment|https://en.wikipedia.org/wiki/Lifestyle_(sociology)
UCF3FOALs3bDzcdfW0xdYbSA,Mini Caption,"I do everything :)

Make sure to SUBSCRIBE 

Our Facebook Page-: MiniCaption
Instagram -:  _mini_caption_
Tiktok -: mini_caption

Contact us 
Email-: -:minicaption@gmail.com

Business 
WhatsApp -:+94711364650
",LK,2019-08-24T17:39:38Z,UUF3FOALs3bDzcdfW0xdYbSA,https://en.wikipedia.org/wiki/Lifestyle_(sociology)
UCIoyIVPZEfC2p0dQwAxGiEw,පිනි මුතු,"Wellcome to pinimuthu 

Your go-to source for the latest celebrity gossip, industry rumors, and entertainment buzz. Delivering fresh, engaging content that goes beyond the headlines to bring you insider perspectives on your favorite stars. Subscribe for weekly updates that keep you in the know about everything happening in the entertainment world!""

ඔයාලගෙ channel  promote  කරගන්න 🤝 community post එකක් දාගන්න අපිව අමතන්න 0704029066( whatsapp ) පමනයි,එකවර නාලිකා 10ක් හරහා

Hey subscribe ❤️ 
Welcome To my Channel ❤️‍🔥
Daily Uploading short video 😘😍
Please Help Me Grow my channel ❤️
Subscribed | share| like |comment

මෙම වීඩියෝවල මුල්  අයිතිය මුල්අයිතිකරු සතුය.

කිසියම් විඩියෝවක් ඉවත් කර ගැනීමට අවශ්‍ය නම් එම විඩියෝව ඉවත් කර ගැනීමට අපව අමතන්න.",LK,2021-12-14T13:58:40.210043Z,UUIoyIVPZEfC2p0dQwAxGiEw,https://en.wikipedia.org/wiki/Lifestyle_(sociology)|https://en.wikipedia.org/wiki/Entertainment
UC0CXMeU0432EMgBnlBaY_yA,DP Education - ගණිතය,"About Us
Dhammika & Priscilla Foundation is a private charitable organization focused on providing free quality education and healthcare facilities for all. DP Education is the digital learning platform that delivers the Foundation's vision of equal access to world-class free digital learning and healthcare in accelerating human capability development that leads to poverty alleviation.
DP Education Sinhala medium YouTube channel has all subjects that are taught in Sinhala language. 

Vision
We provide equal access to world-class digital learning, and healthcare facilities to develop  human capability to eliminate poverty.

Mission
Dedicated to transform learning and teaching experiences through free online education, best-in-class teachers, and the development of education infrastructure.

Leadership 
The Foundation is led under the direction of the Founder & Chairman Mr. Dhammika Perera.


",LK,2019-10-18T04:11:05.559491Z,UU0CXMeU0432EMgBnlBaY_yA,https://en.wikipedia.org/wiki/Society|https://en.wikipedia.org/wiki/Knowledge
UCKA7SQOUkD1_z5lr016Q70w,Wild Cookbook,"Ayubowan!
Welcome to Wild Cookbook!  
Let's make 'cooking' wild :)
Stay tuned for  yummy experiences. 

Love, 
Charith N Silva 

",LK,2020-11-01T13:28:13.251688Z,UUKA7SQOUkD1_z5lr016Q70w,https://en.wikipedia.org/wiki/Food|https://en.wikipedia.org/wiki/Lifestyle_(sociology)
UCRDDfbYPHX_GUJ4lcQYTc8A,TV Derana,"Sri Lanka's No. 1 television channel that broadcasts contemporary content which uploads authentic Sri Lankan values. Launched in 2005, TV Derana is one of Sri Lanka's most popular television networks.

",LK,2012-01-26T11:02:27Z,UURDDfbYPHX_GUJ4lcQYTc8A,https://en.wikipedia.org/wiki/Television_program|https://en.wikipedia.org/wiki/Entertainment|https://en.wikipedia.org/wiki/Film
UCJA-NQ4MtcRIog66wziD8fA,Sri Lanka Cricket,"The official YouTube channel of Sri Lanka Cricket where you can find the latest interviews, features and highlights packages.
For more content, visit our other social media pages below.",LK,2012-10-26T05:58:34Z,UUJA-NQ4MtcRIog66wziD8fA,https://en.wikipedia.org/wiki/Lifestyle_(sociology)|https://en.wikipedia.org/wiki/Cricket|https://en.wikipedia.org/wiki/Sport
UCaIc6SgS90ud_RgMSC6hW_w,Swarnavahini TV,"Welcome to Swarnavahini TV, Sri Lanka’s premier television channel on YouTube.

Watch the latest Sinhala teledramas, Sri Lankan TV shows, reality shows, talk shows, lifestyle programs, music shows, and entertainment content — all in one place.

Stay updated with full episodes, trending clips, behind-the-scenes videos, and exclusive features from your favorite shows. Swarnavahini TV delivers content that connects audiences locally and globally, inspiring, entertaining, and uniting viewers worldwide.

👉 Subscribe now and stay connected with the heartbeat of the nation!

#Swarnavahini 
",LK,2014-11-19T09:51:36Z,UUaIc6SgS90ud_RgMSC6hW_w,https://en.wikipedia.org/wiki/Entertainment|https://en.wikipedia.org/wiki/Film|https://en.wikipedia.org/wiki/Television_program
UCOtYyt7W5PmPnwQjWWF_Z-Q,Hiru TV,"A new revolution begins. The first and only digitally-enabled HD television channel in the country, Hiru TV entered Sri Lanka's television history by offering island-wide coverage from day one.

Hiru TV combines high definition technology and quality program lineups to provide television audiences with an unmatched array of entertainment options. Viewers can enjoy programs ranging from teledramas to documentaries or simply watch their favourite song videos on music shows.

With the option of watching live telecasts on TV or online, hours of entertainment is guaranteed to viewers. Hiru TV,a proud brand of the Asia Broadcasting Corporation Private limited, a member of Rayynor Silva holdings.",LK,2015-05-19T06:33:12Z,UUOtYyt7W5PmPnwQjWWF_Z-Q,https://en.wikipedia.org/wiki/Film|https://en.wikipedia.org/wiki/Entertainment|https://en.wikipedia.org/wiki/Television_program
UCn0XmAUFv6d2tofMFEesSNw,Sirasa TV,"Welcome to the Official Sirasa TV YouTube Channel!

Sirasa TV has been at the forefront of the industry, catering to all three languages while pioneering reality television shows, franchise television programs, and daily soaps in Sri Lanka. Equipped with state-of-the-art audio-visual receiving and transmitting equipment, our signals are broadcast free-to-air across the country.

#SirasaTV #ThePeoplesChannel #LKA 
",LK,2011-12-22T12:20:09Z,UUn0XmAUFv6d2tofMFEesSNw,https://en.wikipedia.org/wiki/Film|https://en.wikipedia.org/wiki/Television_program|https://en.wikipedia.org/wiki/Entertainment
UCrHB06pIp3WAlyBo30OAdvg,Cute,"💖 Hi Everyone, Warmly Welcome to Cute! 💖

We are delighted that you are enjoying our videos. Babies are the stars of this channel and have a wonderful gift that makes people happy and relaxed. 

If our videos make you smile, please consider:
👍 Liking our videos
💬 Leaving a comment
🔔 Subscribing so you never miss a new upload! 

Thank you for being part of our growing community. We hope our videos bring a little extra happiness to your day! 💖

Disclaimer:
Our content is produced using a combination of human creativity and AI-assisted production tools. Each video is uniquely created with original editing, voice, and storytelling. Short videos are designed to complement and promote our original long-form content.

Audience Notice:
This channel is intended for a general audience and is not made for kids. While our videos feature cute baby characters and family-friendly content, they are created for a broad audience to enjoy as entertainment.


",LK,2012-08-26T06:22:56Z,UUrHB06pIp3WAlyBo30OAdvg,https://en.wikipedia.org/wiki/Lifestyle_(sociology)|https://en.wikipedia.org/wiki/Hobby
UCh9qXeL8eP3Txra2908xksg,Yohani,"https://linktr.ee/yohanimusic
",LK,2016-03-01T17:54:54Z,UUh9qXeL8eP3Txra2908xksg,https://en.wikipedia.org/wiki/Pop_music|https://en.wikipedia.org/wiki/Music|https://en.wikipedia.org/wiki/Music_of_Asia
UCGkzF25IZBE1SF9ykM64xEA,Vini Productions - විනී,"Hotline - 0704980980
Vini Productions - විනී

contactviniproductions@gmail.com",LK,2014-12-21T09:05:24Z,UUGkzF25IZBE1SF9ykM64xEA,https://en.wikipedia.org/wiki/Film|https://en.wikipedia.org/wiki/Entertainment
UCCK3OZi788Ok44K97WAhLKQ,Ada Derana,"In the highly competitive news broadcasting space, Derana has built probably the most unbiased and comprehensive news property on offer “Ada Derana” – with a news team geared to deliver the most accurate and timely information. Ada Derana is recognized as the number one News Brand among Sri Lankans in terms of loyalty and viewership by reaching them through every possible opportunity.
",LK,2014-10-07T06:22:16Z,UUCK3OZi788Ok44K97WAhLKQ,https://en.wikipedia.org/wiki/Politics|https://en.wikipedia.org/wiki/Society
UCckltLEhFLv8Xz_lQhYfwmg,Hiru News,"Hiru News YouTube - Premier No 1 news channel in Sri Lanka for accurate and timely news-  www.hirunews.lk - 'when it happens' & 'as it happens' with creative and distinctive content to inform, educate entertain and add value to you, our audience. ""Truth at all costs"" - Truth because we care and Truth because you deserve it.
",LK,2016-01-12T11:22:32Z,UUckltLEhFLv8Xz_lQhYfwmg,https://en.wikipedia.org/wiki/Society|https://en.wikipedia.org/wiki/Politics
UC4UaWbUUwVvCxWNqhb4f16Q,Apé Amma,"3.3 Million subscribers and 620 million people watched and learned Sri lankan cooking. I'm a 67 years old 'first class' trained graduate Home science teacher, I started this channel to share Sri lankan & International healthy & tasty recipes, using the experience gained throughout my life being a teacher. I'll be sharing not only Sri Lankan recipes but also other recipes that are close to Sri Lankan's taste buds, and about medicinal ayurvedic plants that cure many non communicable diseases. Thank you! Ape Amma
සබ්ස්ක්‍රයිබර්ස් මිලියන 3.3යි. මිලියන 620ක් නරඹා උයන්න ඉගෙන ගත් චැනලය. ශ්‍රී ලංකා රජයේ ගුරු සේවය(ɪ) ගුරුවරියක් වන මා පාසලේ පන්ති කාමරයෙන් ඔබ්බට ගොස් අන්තර්ජාලය ඔස්සේ ඔබේ නිවසට පැමිනෙණ්නේ මගේ ගුරු ජීවිතයේ වගේම ළමා කාලයේ සිට මෙතෙක් මා ලැබු අත්දැකීම්, දැනුම, ආකල්ප කුසලතා ඹබ සමග බෙදා ගන්නයි. 'ශ්‍රී ලංකිකයන්ගේ දිවට හුරු' වෙනත් රටවල් වල ආහාරත්, ආයුර්වේද ඖෂධ සහ පැලෑටි ගැනත් මෙම චැනල් එකෙන් කියලා දෙනවා.මම හිතනවා ශ්‍රී ලාංකිකයන්ට මගේ චැනල් එක අලුත් අත්දැකීමක් වෙයි කියලා.ස්තුතියි!
",LK,2016-04-15T18:11:33Z,UU4UaWbUUwVvCxWNqhb4f16Q,https://en.wikipedia.org/wiki/Lifestyle_(sociology)|https://en.wikipedia.org/wiki/Food
UCQTcNhAZidy1i9wwmdgf2Lw,ITN Sri Lanka,"The Independent Television Network (ITN) The Pioneer Television Station in Sri Lanka since 1979. With Thirty years behind us, local programs are given pride of place catering to all strata of society News and Current Affairs, Tele-Dramas, Discussion, Educational, Entertainment, Magazines, and Sports are given pride of place. Special emphasis is also given to Children's Women's and religious programs.

* Our Vision - The most creative media organization in South East Asia.
* Our Mission - Uplifting people's lives with news and programs that inform, inspire, educate, and entertain in keeping with Sri Lankan cultural values.
* Our Values - 
• We are patriotic and Independent.
• We are honest and trustworthy
• We treat our audiences with due respect
• We respect all human beings
• We respect Professionalism
",LK,2018-03-02T06:03:22Z,UUQTcNhAZidy1i9wwmdgf2Lw,https://en.wikipedia.org/wiki/Film|https://en.wikipedia.org/wiki/Entertainment|https://en.wikipedia.org/wiki/Television_program
UCgnFSj7jQffD5V5m05j4dPw,Newsfirst Sri Lanka,"Sri Lankas first international news channel, broadcasting in Sinhalese, Tamil and English across three TV channels, four radio channels and streamed live at www.newsfirst.lk.",LK,2011-07-02T17:12:55Z,UUgnFSj7jQffD5V5m05j4dPw,https://en.wikipedia.org/wiki/Politics|https://en.wikipedia.org/wiki/Society
UCRtAu8OVYVfuNZmTV-Ug0zA,Buddhism,"Let's Learn Buddhism in simple English

Shraddha TV

Mahamevnawa Bodhignana Monastery,
Hewagama, Kaduwela, Sri Lanka.

info@shraddha.lk
www.shraddha.lk

(+94) 112 571 471

",LK,2013-06-04T02:29:09Z,UURtAu8OVYVfuNZmTV-Ug0zA,https://en.wikipedia.org/wiki/Lifestyle_(sociology)|https://en.wikipedia.org/wiki/Religion|https://en.wikipedia.org/wiki/Society
UCuc40qp1ZKB_ZbDw9iml8Kg,Imsachin,"Hi friends, This channel Only to entertain you completely. Not to hurt anyone’s mind. Give as much support as well.

To talk to and any promotions with us😀:  📧kk8628229@gmail.com 
",LK,2020-05-12T05:47:48.361322Z,UUuc40qp1ZKB_ZbDw9iml8Kg,https://en.wikipedia.org/wiki/Entertainment
UCDm4BW0Q5d-zASSuRyvPGXw,Wishma Lokaya,"Hey peeps, If you're in search of a cyber knowledge bar to get yourself stock up on different flavors, we got the best recipes and menu to serve with your desired taste from the widest array.  Bringing you the right mix of scientific discoveries, space exploration, Health & Fitness , Tech Videos , Relationship Tips , Mysteries of the world and all these at your fingertips with high quality virtual/visual effects. 

Our community is rich with over 2,300,000 members & growing all with knowledge tasters. 

Let us quench your thirst while tingling your taste buds with every drop you sip from our amazing blends, which you may find yourself lacking.

Contact Us -  0703978326 / 0702190209
",LK,2016-07-01T05:02:36Z,UUDm4BW0Q5d-zASSuRyvPGXw,https://en.wikipedia.org/wiki/Society
UCVd1jcy6wKFzfQ5E-Txtg-w,Fury Goal FC,"Welcome to Fury Goal! ⚽️🏆

Every video is crafted with passion to bring you the best football content.
My goal is to make each moment exciting, unforgettable, and enjoyable for my viewers.

About Me:

I started this YouTube channel to support my education at university while sharing my love for football.

For inquiries or copyright/removal requests, please email furygoal9@gmail.com.
I’ll be happy to cooperate and will respond within 24 hours!

Want to submit your own content? Reach out to furygoal9@gmail.com!

Thank you for your support!",LK,2025-03-16T07:12:06.194685Z,UUVd1jcy6wKFzfQ5E-Txtg-w,https://en.wikipedia.org/wiki/Association_football|https://en.wikipedia.org/wiki/Sport|https://en.wikipedia.org/wiki/Lifestyle_(sociology)
UCmqflTSJ6911aCrnaWIXxsA,The Voice Sri Lanka ,"The Voice Sri Lanka

The Voice One of the most successful reality TV formats in the world. Extremely successful in 180 countries. 
SRI LANKA’S NEWEST TELEVISION EXPERIENCE - The Voice Sri Lanka

The Voice is an international reality television singing competition franchise of Dutch origin. It is based on the reality singing competition The Voice of Holland, which was originally created by Dutch television producer John de Mol. The show's format features five stages of competition: producers' auditions, blind auditions, battle rounds, knockouts (since 2012), and live performance shows.

A combined 438 singers have won The Voice, The Voice Kids, The Voice Teens and The Voice Senior in 145 countries/regions. Each winner is given a recording contract, a monetary prize, and a title as that nation's ""Voice"". 

#TheVoiceSL #SirasaTV #TheVoiceSriLanka #TheVoiceSL #TheVoiceLK #VoiceSriLanka #VoiceLK #lka
",LK,2019-10-23T12:20:15.115302Z,UUmqflTSJ6911aCrnaWIXxsA,https://en.wikipedia.org/wiki/Television_program|https://en.wikipedia.org/wiki/Music|https://en.wikipedia.org/wiki/Music_of_Asia|https://en.wikipedia.org/wiki/Entertainment
UC6lDrxy3lS4LNRuuBtryqpQ,M.R kitchen,"Hi,
Im Madu Rajapaksha. This is my effort to bring you the method of delicious food in an easy way with less time and I make local food without artificial flavors.",LK,2019-08-23T18:31:03Z,UU6lDrxy3lS4LNRuuBtryqpQ,https://en.wikipedia.org/wiki/Food|https://en.wikipedia.org/wiki/Lifestyle_(sociology)
UCYFn7BOOlmL21iNJ6q5IDfg,Lochi,This is the official YouTube channel of Lochana Jayakodi,LK,2018-10-15T16:26:52Z,UUYFn7BOOlmL21iNJ6q5IDfg,https://en.wikipedia.org/wiki/Film|https://en.wikipedia.org/wiki/Entertainment|https://en.wikipedia.org/wiki/Lifestyle_(sociology)
UCOLdaAcrdzYY3ug15EuuFAg,The Rustic Kitchen & Tranquil Village,"We are in a Small village in Sri Lanka. me and my mother going to show our day-to-day life and our cooking recipes and gardening etc. 
this is our village kitchen and this is how our life going.  Subscribe to watch our videos. 

For business inquires, please contact: trktvmarketing@gmail.com

",LK,2023-04-26T12:05:07.592064Z,UUOLdaAcrdzYY3ug15EuuFAg,https://en.wikipedia.org/wiki/Food|https://en.wikipedia.org/wiki/Lifestyle_(sociology)
UCMQYRNX1Fg-HJ8Ey7Z3WPrA,"Wasthi Productions ""වස්ති""","Wasthi Productions ""වස්ති""  -  සම්ප්‍රදාය අතික්‍රමණයට..!! 

",LK,2016-02-20T09:12:42Z,UUMQYRNX1Fg-HJ8Ey7Z3WPrA,https://en.wikipedia.org/wiki/Film|https://en.wikipedia.org/wiki/Entertainment|https://en.wikipedia.org/wiki/Music_of_Asia|https://en.wikipedia.org/wiki/Music
UCaK7Q39swdiSrp1TBgOi7QQ,Tom like yt,"
WELCOME MY LOVELY FRIENDS 🤗❤️


❄️ IAM ILAN, IAM 22 YEARS OLD 

* I SHOW MY PRESENCE IN MY EVERY SINGLE VIDEO.
5 VIDEOS ON IT DAILY, IN THOSE 5 VIDEOS I SHOW MY 5 DIFFERENT PRESENCES.    THOSE VIDEOS ARE SHOWING  (SIGMA, RESPECTFUL, SADNESS, HAPPINESS, EXCITEMENT) 
EVERY VIDEO I POST HAS A LESSON FOR YOU 💯👍. 
 
I HOPE EVERYONE UNDERSTANDS MY EVERY SINGLE VIDEO. 🔥😎


IAM WOKE UP TO THE REALITY 😎 AND YOU? 🤔 🤔 


COME ON COME ON YOU CAN DO EVERYTHING 🔥🔥💯💯


",LK,2022-01-08T08:03:06.460082Z,UUaK7Q39swdiSrp1TBgOi7QQ,https://en.wikipedia.org/wiki/Entertainment|https://en.wikipedia.org/wiki/Pet|https://en.wikipedia.org/wiki/Lifestyle_(sociology)
UCJsN1Mmx4GRA6sCYdfKqpSQ,Sandaru Sathsara,,LK,2020-10-22T22:23:13.804338Z,UUJsN1Mmx4GRA6sCYdfKqpSQ,https://en.wikipedia.org/wiki/Lifestyle_(sociology)|https://en.wikipedia.org/wiki/Music_of_Asia|https://en.wikipedia.org/wiki/Music
UCc8W1zUTmtNqXIhOHxPIAuw,Akalanka Ekanayake,"Our mission is to create lessons worth sharing – to feed and expand your curiosity! Our channel explores the latest in technology, artificial intelligence, programming, and coding. With in-depth tutorials, step-by-step guides, and insights into groundbreaking tools, we’re here to keep you at the forefront of the tech world.

Beyond tech, we share short reaction videos highlighting uplifting acts of humanity, inspiring us all to work toward a kinder, better world. Join us in learning, growing, and making a difference!

Subscribe and become part of a community dedicated to knowledge, innovation, and positive impact.
",LK,2021-08-05T20:00:53.907347Z,UUc8W1zUTmtNqXIhOHxPIAuw,https://en.wikipedia.org/wiki/Hobby|https://en.wikipedia.org/wiki/Lifestyle_(sociology)|https://en.wikipedia.org/wiki/Technology
UC8irIP66QzlZNVgqe4vwN9g,MADU MEE,"Ayubowan! Hello, Music lovers are welcome to my channel, I am always here to share with you all that I know about music, So I invite you to join me. My name is Nethum Madushan. ",LK,2020-02-11T08:20:51.731189Z,UU8irIP66QzlZNVgqe4vwN9g,https://en.wikipedia.org/wiki/Music_of_Asia|https://en.wikipedia.org/wiki/Music
UC3C6rQHX8pkjSyOm-620k3w,Marvel Tech,"Greetings! Welcome to the Marvel Tech channel. 

The primary focus of this channel is to provide information and insights into agricultural machinery, construction equipment, tools, cutting-edge technologies, innovative inventions, and notable projects. 

For any inquiries or questions, please feel free to contact us at marveltech78@gmail.com. We value your feedback and are committed to assisting you in any way we can.
",LK,2021-01-15T18:40:02.524763Z,UU3C6rQHX8pkjSyOm-620k3w,https://en.wikipedia.org/wiki/Knowledge|https://en.wikipedia.org/wiki/Vehicle|https://en.wikipedia.org/wiki/Lifestyle_(sociology)
UCGjZJ0TN1PlJIEwJXKNlm6w,HandiWorks,"Welcome to HandiWorks, your home for high-end hand embroidery and slow-fashion inspiration. On this channel, I share detailed tutorials on how to elevate your wardrobe—transforming plain dresses, sleeves, and bodices into designer pieces using traditional and modern stitching techniques. If you love the idea of creating one-of-a-kind, handmade garments, you’ve found the right place. Don’t forget to subscribe and join our creative community!
",LK,2014-09-22T15:32:19Z,UUGjZJ0TN1PlJIEwJXKNlm6w,https://en.wikipedia.org/wiki/Fashion|https://en.wikipedia.org/wiki/Lifestyle_(sociology)|https://en.wikipedia.org/wiki/Hobby
UCa5uVqVCpNGdqkZ4FXjpwig,Cricket Insight Hindi By Amit Majithia,"🏏 Cricket Insight Hindi – By Amit Majithia

Cricket Insight Hindi is your one-stop destination for Hindi cricket news, match analysis, pitch reports, team previews, and data-based cricket insights.
From IPL, World Cup, T20 leagues, Test cricket, ODI matches, match predictions, we break every game down in simple Hindi so every cricket fan can understand the real story.

🔍 What You’ll Get on This Channel:

✔ Match previews & post-match analysis
✔ Pitch & weather report analysis
✔ Playing XI & match prediction
✔ Data-driven cricket breakdowns
✔ Honest, unbiased cricket opinions

🧠 Why Follow Cricket Insight Hindi?

Because cricket is not just about runs and wickets — it’s about strategy, numbers, conditions, and mindset. We convert complex cricket data into easy Hindi insights for fans who want to think like a cricket expert.

📍 If you love cricket with logic, facts, and insight, this channel is for you.
👉 Subscribe now and join the growing community of smart Hindi cricket fans.
",LK,2025-05-04T14:11:05.824251Z,UUa5uVqVCpNGdqkZ4FXjpwig,https://en.wikipedia.org/wiki/Entertainment|https://en.wikipedia.org/wiki/Cricket|https://en.wikipedia.org/wiki/Sport
UC9SnUR9ewkPk9h45L0uY6SQ,CocoBunny,"Welcome to CocoBunny, your ultimate destination for hilarious and adorable animal videos! 🐰🐾 From playful puppies and mischievous cats to quirky bunnies and exotic wildlife, we bring you the funniest and most heartwarming moments from the animal kingdom.

Laugh out loud as you watch funny animal fails, cute pet antics, and epic moments that will brighten your day. Whether you're a dog lover, a cat enthusiast, or just someone who enjoys a good laugh, there's something here for everyone!

Subscribe now for regular uploads of entertaining animal clips and share the joy with your friends and family. 🐱😻

",LK,2024-12-15T04:27:26.311688Z,UU9SnUR9ewkPk9h45L0uY6SQ,https://en.wikipedia.org/wiki/Pet|https://en.wikipedia.org/wiki/Entertainment|https://en.wikipedia.org/wiki/Lifestyle_(sociology)
UCwKYO2L9xzLtWhSv4ncYCIA,Nilame,"ආයුබෝවන් සියළුම දෙනාට 

""නිළමේ"" ශ්‍රී ලංකාවේ විශේෂිත දේවල් හොයාගෙනයන කෙනෙක්.අපේ රටේ තියෙන විශේෂිත තැන්, විශේෂිත දක්‍ෂතා/හැකියාවන් තිබෙන අය,අලුත් අලුත් දේ කරන අය ලෝකෙටම පෙන්නන්න අපි ඉදිරිපත් වෙනවා.ඔබත් සබ්ස්ක්‍රයිබ් කරලා එකතු වෙන්න නිළමේ එක්ක අලුත් විශේෂ ලාංකික අපේ දේවල් බලන්න.

Wellcome Everyone

""Nilame"" is a channel that always try to find new speciel places and speciel people in sri lanka, Speciely looking for Sri lanka Heritages and introduce them to the world.So join with us Subscribe now then you also can see the speciel things

- Nilame -",LK,2019-04-21T04:18:30Z,UUwKYO2L9xzLtWhSv4ncYCIA,https://en.wikipedia.org/wiki/Society|https://en.wikipedia.org/wiki/Religion
UCtTgIrVyMl405cDQEO55AEg,We are raskol,🔥Nan Youtuberda...🔥ithanda En Lebel...🔥,LK,2022-04-19T16:41:05.706284Z,UUtTgIrVyMl405cDQEO55AEg,https://en.wikipedia.org/wiki/Film|https://en.wikipedia.org/wiki/Entertainment
UCs_mHlm5_C82W5WCIJaSMbQ,Vishwakarma | විශ්වකර්ම,"Welcome to Vishwakarma | විශ්වකර්ම – your reliable source for bridging ancient wisdom and modern life.

We bring you the secrets of Astrology, Universal Energy, traditional health knowledge, and in-depth News and Political analysis needed to illuminate your path to success and awareness.

Our Content Focus:

🔮 Authentic Astrology & Predictions: Horoscope readings, planetary transits (Graha Maru), and auspicious times.
📢 News & Politics: Current affairs, political predictions, and social analysis.
✨ Universal Energy Secrets: Techniques to align with cosmic power for progress and positivity.
🌿 Traditional Wellness: Ancient secrets for health and beauty.

Contact & Company Details:

Founder: Dinesh Suranga
Company: Vishwakarma (Pvt) Ltd
Contact: If you wish to contact me, don't hesitate to call +94 777 006 069

Subscribe now and awaken the power within you! 🙏
",LK,2014-12-13T14:47:42Z,UUs_mHlm5_C82W5WCIJaSMbQ,https://en.wikipedia.org/wiki/Society
UCJbxRq_IlWyzvB9KK0Mrs8A,Ratta,"This is the official channel Youtube channel of Ratta
For business enquiries - 0776736500
",LK,2012-01-26T17:16:27Z,UUJbxRq_IlWyzvB9KK0Mrs8A,https://en.wikipedia.org/wiki/Film|https://en.wikipedia.org/wiki/Entertainment
UCU57IJhYK4v_XCOo4khbBxA,Harindra Jayalal,"Official youtube channel of Harindra Jayalal: A veteran TV news and program presenter/Media trainer/ Lecturer/ former director of news in Swarnavahini/ Founder and director of Best Choice Tours and Travels (PVT) Ltd and Best Voice Media and Language Academy. 

For inquiries and suggestions please contact us through 
emails: harindra28@hotmail.com 
Face book: harindra jayalal (Profile and fan page)


",LK,2018-03-31T15:28:59Z,UUU57IJhYK4v_XCOo4khbBxA,https://en.wikipedia.org/wiki/Society
UCVwbUjoiTUXxeVjsxW9Kwng,Desawana Music,"Desawana Music is the best place to find popular SRI LANKAN MUSIC online.

Do you want your Music Video to be featured on the channel? Do you have any questions or requests?
Don't hesitate to Contact Us!

Email: contact@desawanamusic.com
Call: 077 9840660",LK,2017-02-25T16:52:36Z,UUVwbUjoiTUXxeVjsxW9Kwng,https://en.wikipedia.org/wiki/Music_of_Asia|https://en.wikipedia.org/wiki/Music|https://en.wikipedia.org/wiki/Pop_music
UCT83ymyAGm7Gnk_4ifxjxIA,Sri Lanka Rupavahini,"Sri Lanka Rupavahini (TV) Corporation, the State Television stands for the benefit of all Sri Lankans. We do recognise the peoples diversity of expectations, values , interests and needs. We reach our target groups in Sinhala, Tamil and English languages.
The Sri Lanka Rupavahini Corporation, the National Television Network was commissioned on 15th February 1982. Its studio complex is situated in Colombo the commercial capital of Sri Lanka.  

Our Vision is  The continuing Audio Visual Icon of Sri Lankans. Our Mission is With commitment and unity,creating timely, meaningful and intuitive programmes rich in knowledge, entertainment and education and disseminating them chiseled with state-of-the-art technology exceeding the expectations of Sri Lankans everywhere.  

Address : 
P.O. Box 2204, Independance Square
Colombo - 07
Sri Lanka00700 

Contact: 
Tel - +94 112 50 10 50
Fax -+94 112 58 09 29 





 
",LK,2017-09-21T05:46:49Z,UUT83ymyAGm7Gnk_4ifxjxIA,https://en.wikipedia.org/wiki/Film|https://en.wikipedia.org/wiki/Television_program|https://en.wikipedia.org/wiki/Entertainment
UCcpvzu2fNDZyKkQ6tETbHLw,Dazzling Divine,"Hey guys, welcome to our channel. We do 3D animation, game development, music and many more. 

We regularly upload 3D animation short films, tutorials and game development videos. 

Subscribe us now!

Software that we use to create these content:
Maya: Modelling, Animation, Rigging, Simulation and Rendering
Houdini: Modelling and Simulation Effects
Nuke: Compositing
Unreal Engine: Environment Design, Rendering
",LK,2017-03-16T16:42:47Z,UUcpvzu2fNDZyKkQ6tETbHLw,https://en.wikipedia.org/wiki/Video_game_culture|https://en.wikipedia.org/wiki/Entertainment|https://en.wikipedia.org/wiki/Film
UCEa6e_J_Xs_GKCzG8Eq15Xw,SGM Tunes,"Premier Sri Lankan Record Label.


Connect with us
sgm@sgmtunes.com",LK,2013-08-01T07:33:07Z,UUEa6e_J_Xs_GKCzG8Eq15Xw,https://en.wikipedia.org/wiki/Music_of_Asia|https://en.wikipedia.org/wiki/Music|https://en.wikipedia.org/wiki/Pop_music
UCc30sTBdN9LRSxEuHaXV_bQ,Siyatha TV,"The First and the Only 4K ULTRA HD Television channel in Sri Lanka - Siyatha TV - ලංකාවේ ප්‍රථම සහ එකම 4K ULTRA HD නාලිකාව - සියත tv  
-
Access our Videos as soon as we upload them - Subscribe to our youtube channel today from here 👉  https://goo.gl/Lf9SPh 👈

වීඩියෝ දැමු සැනින් දැනගැනීමට අපගේ youtube channel එක දැන්ම Subscribe කරන්න මෙම link එක ක්ලික් කරන්න 
👉👉  https://goo.gl/Lf9SPh 👈👈

-
Watch all episodes - http://siyathatv.lk/
-
Like us on facebook - https://www.facebook.com/siyathatv/
-
Follow us on Instagram - https://www.instagram.com/siyathatv/
-
Follow us on Twitter - https://twitter.com/Siyatha_TV
-
Subscribe on Youtube - https://goo.gl/Lf9SPh 
-
Watch Siyatha TV Online on http://siyathatv.lk/live/
-
#SiyathaTV #SriLanka

® Property of Voice of Asia Network (Pvt) Ltd - The Largest Media Network in Sri Lanka 
www.voa.lk
",LK,2014-08-04T03:41:02Z,UUc30sTBdN9LRSxEuHaXV_bQ,https://en.wikipedia.org/wiki/Entertainment|https://en.wikipedia.org/wiki/Television_program|https://en.wikipedia.org/wiki/Society|https://en.wikipedia.org/wiki/Film
UCw6-MbidLyoWQlvb9FFz5xQ,Mage thaththa,"Ayubowan 🙏.. 

Hellow this is my youtube chanal.
My name is darmasena
Am 64 years old. 
I will tell you my experience,skills and inventions from my childhood till now through videos
Thnk you.

For business inquiries,please contact dsena2426@gmail.com",LK,2023-08-11T07:00:17.05511Z,UUw6-MbidLyoWQlvb9FFz5xQ,https://en.wikipedia.org/wiki/Hobby|https://en.wikipedia.org/wiki/Lifestyle_(sociology)|https://en.wikipedia.org/wiki/Cricket
UCkuoWSLw-SNu8dvVCU0MjMQ,Lakai Sikai - ලකයි සිකයි,Relax with us,LK,2017-06-15T07:59:18Z,UUkuoWSLw-SNu8dvVCU0MjMQ,https://en.wikipedia.org/wiki/Film|https://en.wikipedia.org/wiki/Entertainment
UCfYQW_0xEVwKfePgWRxTYhg,Janai Priyai,"The Official YouTube Channel of Sri Lankan Creators “Janai Priyai” 🇱🇰

🎬 Entertainment | Comedy | Lifestyle
📈 Bringing you quality content with a Sri Lankan vibe

📩 For Business & Collaborations:
📞 0777 24 3925
📧 janaipriyai.official@gmail.com
",LK,2016-06-26T00:03:42Z,UUfYQW_0xEVwKfePgWRxTYhg,https://en.wikipedia.org/wiki/Entertainment|https://en.wikipedia.org/wiki/Film
UC2sO_F_Ky4LIAUtSJYXqBDA,Hiru TV  LIVE,"A new revolution begins. The first and only digitally-enabled HD television channel in the country, Hiru TV entered Sri Lanka's television history by offering island-wide coverage from day one. 

Hiru TV combines high definition technology and quality program lineups to provide television audiences with an unmatched array of entertainment options. Viewers can enjoy programs ranging from teledramas to documentaries or simply watch their favourite song videos on music shows. 

With the option of watching live telecasts on TV or online, hours of entertainment is guaranteed to viewers. Hiru TV,a proud brand of the Asia Broadcasting Corporation Private limited, a member of Rayynor Silva holdings.",LK,2011-07-29T07:23:22Z,UU2sO_F_Ky4LIAUtSJYXqBDA,https://en.wikipedia.org/wiki/Film|https://en.wikipedia.org/wiki/Entertainment|https://en.wikipedia.org/wiki/Television_program
UCEUSUxrhCt4n0Pp9WB7q7-w,SLTMobitel,Welcome to the official YouTube Channel of SLTMobitel Sri Lanka.,LK,2010-04-05T07:45:54Z,UUEUSUxrhCt4n0Pp9WB7q7-w,https://en.wikipedia.org/wiki/Technology|https://en.wikipedia.org/wiki/Society|https://en.wikipedia.org/wiki/Lifestyle_(sociology)
UC95VofaZiQPFwRMaqPhLc0w,Nava Talk,A nava community Presents : Nava Talk. To Contact Us for Business Purposes: foodcurry58@gmail.com,LK,2022-04-03T14:35:48.864185Z,UU95VofaZiQPFwRMaqPhLc0w,https://en.wikipedia.org/wiki/Film|https://en.wikipedia.org/wiki/Entertainment
UCqShCHSDvCBKDN_GAsnLJmQ,iQ Meter by Wishwa Danuma,"iQ Meter - Wishwa Danuma | ලෝකය දකින අලුත්ම ඇස 👁️

සැඟවුණු අභිරහස්, විශ්මිත විද්‍යාත්මක සොයාගැනීම් සහ ජීවිතය වෙනස් කරන මනෝවිද්‍යාත්මක හා සෞඛ්‍ය රහස් එකම තැනකින්! iQ Meter යනු හුදෙක් තොරතුරු ගෙන එන නාලිකාවක් නොව, ඔබේ බුද්ධිය (IQ) තියුණු කරන සැබෑ 'දැනුමේ මීටරයයි'.

අපෙන් ඔබට ලැබෙන දේ:

🌌 Mystery & Science: NASA හෙළි නොකරන අභිරහස්, අභ්‍යවකාශය, AI සහ ලෝක බලවතුන් සඟවන රහස් පිළිබඳ විද්‍යාත්මක ගවේෂණ.

🧠 Psychology: මිනිස් මනසේ බලය, මතක ශක්තිය සහ අවධානය වර්ධනය කරන ක්‍රම හා සාර්ථකත්වයේ මනෝවිද්‍යාත්මක රහස්.

🌿 Health: නිරෝගී ජීවිතයකට අවශ්‍ය ස්වාභාවික සෞඛ්‍ය රහස් හා ඔබ නොදත් විද්‍යාත්මක සත්‍යයන්.

💡 Future: ලෝකයේ සිදුවන දැවැන්ත වෙනස්වීම් සහ අනාගතය දිනන බුද්ධිමත් ක්‍රම.

අපේ අරමුණ දත්ත සහ මූලාශ්‍ර සහිතව (Fact-checked) නිවැරදිම තොරතුරු සිංහලෙන් ඔබ වෙත ගෙන ඒමයි.

🚀 අලුත්ම වීඩියෝ නැරඹීමට iQ Meter දැන්ම Subscribe කරන්න!

#iQMeter #WishwaDanuma #MysterySinhala #ScienceSinhala #PsychologySinhala
",LK,2019-09-26T09:10:51Z,UUqShCHSDvCBKDN_GAsnLJmQ,https://en.wikipedia.org/wiki/Health|https://en.wikipedia.org/wiki/Lifestyle_(sociology)
UCYf829WTg8Cpx_a-cPtgSQQ,M.C.U-தமிழ்,,LK,2022-05-08T14:58:51.524251Z,UUYf829WTg8Cpx_a-cPtgSQQ,https://en.wikipedia.org/wiki/Entertainment|https://en.wikipedia.org/wiki/Lifestyle_(sociology)
UCJPorwyXP29nZW95Gh-nrsw,Ronaldo Diaries,"Subscribe for Ronaldo!

Welcome to Ronaldo Diaries! Dive into the thrilling world of football through the lens of the greatest player of all time, Cristiano Ronaldo. Here, we bring you captivating stories, iconic moments, and the latest updates from the world of football, all inspired by the legendary career of CR7. Whether you're a die-hard Ronaldo fan or just love the beautiful game, this is your ultimate destination for football shorts and unforgettable memories. Join us on this exciting journey and experience football like never before!

Contact me - ronaldodiaries7@gmail.com",LK,2019-11-06T04:17:31.283416Z,UUJPorwyXP29nZW95Gh-nrsw,https://en.wikipedia.org/wiki/Entertainment|https://en.wikipedia.org/wiki/Sport|https://en.wikipedia.org/wiki/Association_football
UCu3jIK2NBSXc0_YaFqEuIrg,Kick Master FC,"Welcome to Kick Master! ⚽️🏆 

Every video is crafted with passion to bring you the best football content.
My goal is to make each moment exciting, unforgettable, and enjoyable for my viewers.

About Me:
I started this YouTube channel to support my education at university while sharing my love for football.

For inquiries or copyright/removal requests, please email kickmasteryt2004@gmail.com.
I’ll be happy to cooperate and will respond within 24 hours!

Want to submit your own content? Reach out to kickmasteryt2004@gmail.com!

Thank you for your support! Let’s make every kick count!",LK,2025-02-25T04:33:21.564836Z,UUu3jIK2NBSXc0_YaFqEuIrg,https://en.wikipedia.org/wiki/Association_football|https://en.wikipedia.org/wiki/Sport|https://en.wikipedia.org/wiki/Lifestyle_(sociology)
UCNFDDKoTezuSWbIjjHA76xQ,TR Creativity,"Well come to my channel Be Creativity, satisfying video and tattoos 😍",LK,2022-12-23T14:19:08.114029Z,UUNFDDKoTezuSWbIjjHA76xQ,https://en.wikipedia.org/wiki/Hobby|https://en.wikipedia.org/wiki/Lifestyle_(sociology)
UC2gpLSHUrXCbWiaBwstZsjg,Chammi Imalka,"Hi,
I'm Chammi Imalka. This is my Youtube channel. I post here about baking, cooking, kitchen tips, cake designs, nail arts and  make up .... :-)",LK,2015-10-20T07:56:41Z,UU2gpLSHUrXCbWiaBwstZsjg,https://en.wikipedia.org/wiki/Food|https://en.wikipedia.org/wiki/Lifestyle_(sociology)
UCnPp3f0r4BywxwgAJqaH6QQ,The Coconut,"
Welcome to The Coconut,

“Equal justice under law is perhaps the most inspiring deal of our society, it is one of the ends for which our entire legal system exists. It is fundamental that justice should be the same, in substance and availability, without regard to economic status.” (U.S. Supreme Court Justice Lewis Powell, Jr.1907 – 1998)

Justice should be served among all different communities equally and fairly around the globe.


Join us, we'll see you in your Comment,


",LK,2021-10-31T12:46:31.177185Z,UUnPp3f0r4BywxwgAJqaH6QQ,https://en.wikipedia.org/wiki/Society|https://en.wikipedia.org/wiki/Lifestyle_(sociology)
UCe13xXtdfx_n0_z1qeXV6_g,M Entertainments,"Welcome to the official YouTube channel of Maharaja Entertainments   brought to you by Capital Maharaja Group with the  excellence of 93 years. Presenting you the ultimate entertaining content from Sinhalese, Tamil and English,our channel is open for the artists from different genres. Always having the concept of Artist Oriented nature,we proudly present all types of songs, movies and other video content and audio content. we are a library of masterpieces from more than five decades.The immortal voices from the Sri Lankan music industry are still in front of your eyes now. From classical lovers to the new trendsetters, we are providing a platform to empower the newest local artists to showcase their talent. Being the country’s largest music management and distribution company, now you can watch your favorite song at any time within a distance of a finger tip. Not only music,now we are known to be the leading film distribution company in the country. Subscribe,Enjoy and Stay connected!
",LK,2013-03-07T02:29:42Z,UUe13xXtdfx_n0_z1qeXV6_g,https://en.wikipedia.org/wiki/Music_of_Asia|https://en.wikipedia.org/wiki/Music
UCsiJNM6kab7pDU6OnsskjAg,Daniel Shorts,"Hello, my name is Daniel and welcome to the channel! On this channel, we talk about people, animals, wholesome moments, and more. Here, we react and provide transformative commentary to add entertainment and highlight details you might otherwise miss. Our team spends over 3 hours per video editing to transform these clips into something the internet has never seen before! My edits include creative subtitles, transitions, sound effects, memes, and much more.

Clips are carefully collected and reacted to in an effort to maximize viewer satisfaction. We absolutely DO NOT re-upload or reuse content without any sort of transformative nature. 
",LK,2024-08-06T07:53:51.231276Z,UUsiJNM6kab7pDU6OnsskjAg,https://en.wikipedia.org/wiki/Film|https://en.wikipedia.org/wiki/Entertainment
UCGN3TM5lZQ1DAvMwI1LIc8Q,Nodutu Lokaya - නොදුටු ලෝකය ,"I can proudly say that this is Sri Lanka's top educational channel. Since 2014 of June 13th, I uploaded hundreds of educational videos, especially about astronomy and science. In Sri Lanka, there are only a handful of channels that are talking about astronomy.  Anyone who reads comments on my channel may understand how much people admire that.  

All of my videos are created by me.  Usually, it takes almost a day to create a new video because it is not an easy task to collect information from trusted sources. The voice you hear in those videos Is also mine. 

Ever wonder how I edit videos? I use many editing programs such as After Effects, Premiere Pro, Audacity and Explanido.  As you noticed, with these programs I create special animations to give you a better understanding. 

I have only one purpose in my mind. To give you a good knowledge about the space, universe, and science.",LK,2014-01-13T16:38:10Z,UUGN3TM5lZQ1DAvMwI1LIc8Q,https://en.wikipedia.org/wiki/Society
UCrVkiG6Tt5y-yNjFOOGdb3Q,Bandi Full,"Bandifull- Simple Cooking, Premium taste ",LK,2020-03-21T14:29:01.13147Z,UUrVkiG6Tt5y-yNjFOOGdb3Q,https://en.wikipedia.org/wiki/Food|https://en.wikipedia.org/wiki/Lifestyle_(sociology)
UCZWbuCJ-SV3QpxRvgEXGByQ,Birdy ASMR,"Hi..!! I am Birdy ASMR
All of you are warmly welcome to my channel.

I am an animated content creator on you tube, you can enjoy watching ASMR Medical treatment videos on my channel. Most of these videos are created based on some accurate incidents. If you enjoy watching my videos don't forget to subscribe me and hit the like button. Your valuable comments are highly appreciated and it will be a huge motivation for me.

Thank you....!  
",LK,2022-09-20T04:57:21.813489Z,UUZWbuCJ-SV3QpxRvgEXGByQ,https://en.wikipedia.org/wiki/Entertainment|https://en.wikipedia.org/wiki/Health|https://en.wikipedia.org/wiki/Film
UCU5WmQA3Ur1Yriw5pMqoBNQ,FactsVibe,"Welcome
We are dedicated to creating high-quality, transformative content. Every video is a product of immense effort, crafted with professional tools like CapCut, DaVinci Resolve, and After Effects.
The editing process alone takes 6-7 hours daily. Including research and scripting, we invest 12-15 hours every day to ensure each video meets the highest standard.

Disclaimers:
Fair Use: All media is used under the Fair Use doctrine for commentary, criticism, and educational purposes. We strive to add unique value and transformative commentary to all works used.
Safety: All stunts and actions are performed for educational and entertainment purposes only. Please do not attempt to replicate them.
",LK,2025-02-01T11:02:00.916462Z,UUU5WmQA3Ur1Yriw5pMqoBNQ,https://en.wikipedia.org/wiki/Entertainment|https://en.wikipedia.org/wiki/Film
UCEuz_HGv5er0LZsztjO4g5Q,Buddhist Path - දෙලොවම සුවපත්වන බුදු බණ,"🙏 Buddhist Path – දෙලොවම සුවපත්වන බුදු බණ 🙏

Welcome to Buddhist Path, a peaceful spiritual YouTube channel dedicated to sharing the timeless teachings of Lord Buddha. Through powerful Sinhala Bana sermons, calming Dharma discussions, meditation guidance, and inspiring Buddhist content, this channel helps people find inner peace, happiness, mindfulness, and spiritual strength. 🌿

In today’s stressful world, Buddha’s teachings continue to guide people toward a meaningful and peaceful life. Our mission is to spread compassion, wisdom, kindness, and positive thinking through the sacred Dhamma. Listening to these teachings can help reduce stress, control anger, heal the mind, and bring peace to both this life and the next

#BuddhistPath #Buddhism #BuduBana #Dhamma #SinhalaBana #Meditation #Mindfulness #InnerPeace #Spirituality #BuddhaTeachings #PeacefulLife #SriLanka
",LK,2018-09-15T11:28:07Z,UUEuz_HGv5er0LZsztjO4g5Q,https://en.wikipedia.org/wiki/Society|https://en.wikipedia.org/wiki/Religion
UCu_V8lfzyGspxP-LNFowW9w,eTunes,,LK,2014-10-07T06:23:07Z,UUu_V8lfzyGspxP-LNFowW9w,https://en.wikipedia.org/wiki/Pop_music|https://en.wikipedia.org/wiki/Music|https://en.wikipedia.org/wiki/Music_of_Asia
UCu7cGbQEMgGk8TD0ZYucM5g,Shraddha TV,"
Shraddha TV can be watched twenty-four hours a day via Peo TV channel number 99 and Dialog TV channel number 27 in Sri Lanka. The live streaming can be watched worldwide via youtube and www.shraddha.lk/tv as well.

You can also contribute to this meritorious deed of gifting dhamma.
Bank: Sampath Bank, Kaduwela Branch.
Account Name: ""Shraddha Media Network""
Account No: 016 2 100 00 910

Shraddha TV Address: No 369, Shraddha Media Network, Hewagama, Kaduwela 
Telephone: (+94)112 571 471 
Fax:  (+94)112 548 400 
Email: Info@shraddha.lk 
ලක්විරු ගුවන් විදුලිය: (+94) 71 214 8888
ශ්‍රද්ධා ධර්මදාන:  (+94)71 437 4904
දායකත්ව ධර්ම දේශනා: (+94)71 232 8887
සමාජ සත්කාර අංශය: (+94)71 437 1522
අධ්‍යාපන ශිෂ්‍යත්ව: (+94)71 232 8883
පිවිතුරු පැන් පූජා: (+94)70 643 2836
ශ්‍රද්ධා අභය දාන: (+94)70 643 2836
ශ්‍රද්ධා වෙබ් අඩවිය: (+94)71 775 47 37



",LK,2012-09-30T21:09:51Z,UUu7cGbQEMgGk8TD0ZYucM5g,https://en.wikipedia.org/wiki/Religion|https://en.wikipedia.org/wiki/Society
UCtZO2c3i1PrtwyeaxaIYHKA,Keepest,Enjoy my videos 😍,LK,2023-07-08T09:46:53.477096Z,UUtZO2c3i1PrtwyeaxaIYHKA,https://en.wikipedia.org/wiki/Humour|https://en.wikipedia.org/wiki/Entertainment|https://en.wikipedia.org/wiki/Film
UCvsksEXBnVKBj0QiQ6cnTdw,Tools Garage,"At Tool Garage, we are passionate about all things welding. From sharing welding tips, tricks and techniques to exploring DIY projects, homemade tools, reusing waste and offering life hacks, our channel covers it all.",LK,2018-10-12T14:52:12Z,UUvsksEXBnVKBj0QiQ6cnTdw,https://en.wikipedia.org/wiki/Lifestyle_(sociology)|https://en.wikipedia.org/wiki/Hobby
UC0RX5hQE6UpHTjfub4NZSPg,Hari Tv,Television channel,LK,2017-05-23T08:52:47Z,UU0RX5hQE6UpHTjfub4NZSPg,https://en.wikipedia.org/wiki/Entertainment|https://en.wikipedia.org/wiki/Society|https://en.wikipedia.org/wiki/Television_program
UCHwfjlJXhLKCNsuw2VXr6ig,Cyber Clinic,"sinhala medical and health channel. consist of interviews on common important illnesses with specialist doctors.
Topics on  - life style medicine ,cosmetic medicine, child psychology, healthy food habits  and  current health issues are discussed.
",LK,2020-11-20T13:57:25.274058Z,UUHwfjlJXhLKCNsuw2VXr6ig,https://en.wikipedia.org/wiki/Health|https://en.wikipedia.org/wiki/Lifestyle_(sociology)
UC7OJJA9sk3SCcatYvhC1_cg,Restoration of Everything,,LK,2019-01-02T12:42:33Z,UU7OJJA9sk3SCcatYvhC1_cg,https://en.wikipedia.org/wiki/Vehicle|https://en.wikipedia.org/wiki/Lifestyle_(sociology)
UCGB1U55Jf7bp7knbUhCCTMA,Live at Sri Lanka,"ඇත්ත දැනගන්න ස්වර්ණවාහිනී පුවත් නරඹන්න Live at Sri Lanka Youtube නාළිකාව දැන්ම Subscribe කරන්න 
👉 https://www.youtube.com/channel/UCGB1U55Jf7bp7knbUhCCTMA?sub_confirmation=1

FOLLOW US ON:
🔹Facebook: https://www.facebook.com/liveatsrilanka
🔹Instagram: https://www.instagram.com/liveatsrilank
🔹TikTok: https://www.tiktok.com/@liveatsrilanka
🔹Website: https://liveatsrilanka.lk

#LiveatSriLanka #SwarnavahiniNews #lka 

",LK,2015-11-10T11:39:24Z,UUGB1U55Jf7bp7knbUhCCTMA,https://en.wikipedia.org/wiki/Politics|https://en.wikipedia.org/wiki/Society
UCbkMFGQ_RWIf0OiYeOpf6Ng,TV Derana LIVE,Tv Derana - Sri Lanka's Premium Entertainment Channel,LK,2014-04-02T04:34:06Z,UUbkMFGQ_RWIf0OiYeOpf6Ng,https://en.wikipedia.org/wiki/Television_program|https://en.wikipedia.org/wiki/Entertainment|https://en.wikipedia.org/wiki/Film
UCNbM4dl9kN5KDpmDdAW6zOg,Artzy,"About me:
If you're new, Hi 
This is an art and drawing channel. I always try to make satisfying arts and crafts. I post a video daily. I show how to draw shade and paint to improve your skills and ideas on essential techniques. The latest trends and exciting crafts in short videos.
-Satisfying arts and crafts 
-Scenery drawings
-ASMR 
-Instructions for drawings
-Simple tricks and tips for satisfying art
",LK,2023-06-15T13:41:24.981628Z,UUNbM4dl9kN5KDpmDdAW6zOg,https://en.wikipedia.org/wiki/Film|https://en.wikipedia.org/wiki/Video_game_culture|https://en.wikipedia.org/wiki/Entertainment|https://en.wikipedia.org/wiki/Hobby|https://en.wikipedia.org/wiki/Action_game|https://en.wikipedia.org/wiki/Lifestyle_(sociology)
UCTcATaNqlaCF4zkZp29BJRQ,Blok & Dino,This is the official YouTube channel dedicated to comedians Gehan Blok and Dino Corera.,LK,2018-11-09T08:30:33Z,UUTcATaNqlaCF4zkZp29BJRQ,https://en.wikipedia.org/wiki/Entertainment|https://en.wikipedia.org/wiki/Film
UC9sglGVfDEqPRb-AJgE4r1g,Naifm,"Welcome Everyone

""Naifm""  Thanks for visiting Official YouTube channel 

Sri Lanka Latest News, Gossip Portal

Thank You All !!! 

Contact Gmail : naifmvideos@gmail.com  Facebook : Naifm 

",LK,2014-08-03T04:52:36Z,UU9sglGVfDEqPRb-AJgE4r1g,https://en.wikipedia.org/wiki/Society|https://en.wikipedia.org/wiki/Politics
UCAH7R88V7gz7RqJv78nNOzg,Swarnavahini Digital,"ස්වර්ණවාහිනී සියළුම වැඩසටහන් නරඹන්න Swarnavahini Digital Youtube නාළිකාව දැන්ම Subscribe කරන්න 
👉 https://www.youtube.com/channel/UCAH7R88V7gz7RqJv78nNOzg?sub_confirmation=1

FOLLOW US ON:
🔹Facebook: https://www.facebook.com/swarnavahini  
🔹Instagram: https://www.instagram.com/swarnavahini.tv
🔹TikTok: https://www.tiktok.com/@swarnavahinisl
🔹Website: https://swarnavahini.lk

#Swarnavahini #SwarnavahiniDigital
",LK,2017-01-02T04:46:04Z,UUAH7R88V7gz7RqJv78nNOzg,https://en.wikipedia.org/wiki/Film|https://en.wikipedia.org/wiki/Entertainment|https://en.wikipedia.org/wiki/Television_program
UCjjl50eFDiwDAWeGLvQqMiA,Nimesh Academy,"
For official Purposes , Sponsorships & Offers , Contact me
manilkanimesh23@gmail.com
",LK,2018-10-30T04:55:49Z,UUjjl50eFDiwDAWeGLvQqMiA,https://en.wikipedia.org/wiki/Lifestyle_(sociology)|https://en.wikipedia.org/wiki/Technology
UCbLcppYDPaXh-SLaYadLJ2g,Evoke Music,"Evoke Music, a proud division of Evoke International Limited, serves as Sri Lanka's ultimate destination for music lovers seeking quality in both classical and contemporary genres...
Subscribe & Follow Evoke Music to get your regular dose of exceptional music and video releases!
",LK,2012-08-02T14:32:31Z,UUbLcppYDPaXh-SLaYadLJ2g,https://en.wikipedia.org/wiki/Music_of_Asia|https://en.wikipedia.org/wiki/Music
UCOB66xjgJe-D8jq7579BOwA,Shanudrie,"Welcome to my official YouTube channel. 
Work | Lifestyle | Everything else 

Subscribe to keep in touch ♥️

",LK,2014-02-14T11:53:53Z,UUOB66xjgJe-D8jq7579BOwA,https://en.wikipedia.org/wiki/Lifestyle_(sociology)
UCVz1bXiY1pz6Fz_Osm0YYBA,Anoma's Kitchen,"Hello Everyone! I'm Anoma Wijetunga. And this is my Official Youtube Channel: Anoma's Kitchen, Started on July 30th 2016.The best place for delicious and authentic Sri Lankan recipes with easy to follow steps.

I believe that the young generation is getting further and further away from the kitchen and are eating out most of the time. My goal is to get the young generation of Sri Lanka interested Not only in Sri Lankan And International Cooking, but also in Easy Cooking.  I hope to make their busy lives much more convenient and also promote the love of cooking based on my personal experience. I hope you enjoy this Channel and start to fall in love with cooking. 

Happy Cooking!
Anoma, with Love.",LK,2013-01-11T14:53:30Z,UUVz1bXiY1pz6Fz_Osm0YYBA,https://en.wikipedia.org/wiki/Food|https://en.wikipedia.org/wiki/Lifestyle_(sociology)
UC6MkngMDyobFNaXOZR0ukyQ,C ONLINE EDUCATION,"Motivation and inspiration with Education💯

Sinhala & English  Motivation shorts

Welcome to  C ONLINE EDUCATION Chanel.

Our Channel Delivers Dynamic Motivational Videos Covering Inspiring Speeches, Heartfelt Stories, Personal Growth, Self-Discovery, and Beyond.""

⭕Promotion Post.📧 
ceducationonline@gmail.com

Our educational content 

motivational status 
sigma
quotes reels 
short notes download
motivation shorts
G.K shorts
facts shorts
Education videos
O/L & A/L exam 
map marking  

#motivation #sigma #quiz #motivational  #shortsfeed #gk #facts #fact #factshorts #education #educationalvideo #educação #educationalquiz #educationalfact #educationalfacts #pastpapers #shortnotes #ol #al #olexam #alexam #motivationsinhala #map #knowledge #information #world #geography #textbook #today #india #srilanka #englishquiz #sinhala #how #what #when #shortnotes #study #shorts #short #studymotivation #studytips #download #shortsfeed #youtubeshorts #shorts #fyp #reels #exam #viral #sad #trending #fy",LK,2021-10-15T18:55:16.857132Z,UU6MkngMDyobFNaXOZR0ukyQ,https://en.wikipedia.org/wiki/Music_of_Asia|https://en.wikipedia.org/wiki/Entertainment|https://en.wikipedia.org/wiki/Lifestyle_(sociology)|https://en.wikipedia.org/wiki/Music
UCoQOQFHBsBAhobpI8NradTA,SL Idea,Thanks for visiting and make sure to subscribe and join with us,LK,2019-11-16T06:01:57.024814Z,UUoQOQFHBsBAhobpI8NradTA,https://en.wikipedia.org/wiki/Society
UCGwSu8n08wtb7RVacaPs9Tw,Saranga - Dinakshie Online,Official YouTube Channel of Saranga Disasekara & Dinakshie Priyasad,LK,2018-08-24T03:25:49Z,UUGwSu8n08wtb7RVacaPs9Tw,https://en.wikipedia.org/wiki/Entertainment|https://en.wikipedia.org/wiki/Lifestyle_(sociology)
UC_dr25YJaGIFQtA8D0RTjOQ,Social Art Studio,"Hey, I'm Nisha (Founder of Social Art Studio). Thanks for visiting and make sure to SUBSCRIBE and join with us for daily Mehndi Art Videos.

⭕ For sponsorships -
      Email: nsdsbit@gmail.com


vRlfXK
",LK,2021-04-25T16:52:50.011978Z,UU_dr25YJaGIFQtA8D0RTjOQ,https://en.wikipedia.org/wiki/Lifestyle_(sociology)|https://en.wikipedia.org/wiki/Hobby
UCVpjudnF83VEmqVBLNG1rbg,Waruni's Kitchen,"Hi all, welcome to my YouTube channel “Waruni’s Kitchen”,  my first cooking video channel in which I have shown up most of the delicious and uncommon cooking methods. Background for this video channel backed by the experience I got while traveling across different countries . Been into different cultures and societies pushed me to create this video channel where the in born talents I gained from my mom thrived me so often as well.

Hope the recipes found in this video will help you in cooking your delicious and favorites. Be in touch with the channel as it will bring more uncommon trends and all for you.",LK,2013-01-06T10:06:14Z,UUVpjudnF83VEmqVBLNG1rbg,https://en.wikipedia.org/wiki/Food|https://en.wikipedia.org/wiki/Lifestyle_(sociology)
UCfdBd-9WWZUv1h7d80Omy8g,Truth with Chamuditha,"සමාජයේ ඇති ඔබ නොදකින ඇත්ත, සාකච්ඡාවට ලක් කිරීම Truth with Chamuditha නාලිකාවේ පරමාර්ථයයි. ශ්‍රී ලංකාවේ ප්‍රවීනතම රූපවාහිනී දේශපාලන වැඩසටහන්  නිවේදකයකු වන චමුදිත සමරවික්‍රම විසින් කාලීන මාතෘකාවන් ඔස්සේ වැඩසටහන මෙහෙයවනු ලබයි.",LK,2020-04-19T15:07:14.07701Z,UUfdBd-9WWZUv1h7d80Omy8g,https://en.wikipedia.org/wiki/Society|https://en.wikipedia.org/wiki/Politics
UCdvzidU6j1UdUBhaEw-LLuQ,Dhanush Vlogs SL,"ආයුබෝවන් !!

The Dhanush Vlogs SL YouTube channel is Copyright ©2022 by Dhanush Vlogs (Pvt) Ltd. 

ධනුෂ් නාලිකාවේ අරමුණ ඔබේ ජීවිතයට හරවත් වචන දායාද කිරීමයි.
ජීවිතය, ආදරය, සමාජය මේ සියල්ල ගැනම,සියුම් තැනක සිට කරනා හරවත් කතා බහක්.
මේ වැඩසටහන් සියල්ලම ඔබට සමහර විට ගැලපෙන්නේ නැතුව ඇති,නමුත් එක් වැඩසටහනකින් හෝ ඔබේ ජීවිතයට ගතයුතු කරුණක් ඇත.
ඒ නිසා මේ නාලිකාවේ අන්තර්ගත කරුණු වලින් ඔබේ ජීවිතය එලිය කරගන්න.එය අපේ බලාපොරොත්තුව සහ එකම සතුටයි 

ලස්සන ආදරණිය දවසක් ඔබට 

ධනුෂ් 


For business inquiries 0775016611

🔹  ✅ Like   ✅ Share   ✅ Comment   ✅ Subscribe
""Dhanush Vlogs SL"" Subscribe කරලා 🔔 සීනු ලකුන ඔබන්න.
Subscribe කරලා එකතු  වුනු හැමෝටම ස්තුතියි !!

මෙම නාලිකාව විසින් ඉදිරිපත් කරන ලද වැඩසටහන් වල සම්පත් දායකයා ලබාදෙන දත්ත හා තොරතුරු වල සම්පුර්ණ වගකීම ඔහු සතු වේ. 
එම තොරතුරු හුදෙක් පර්යේෂණය හා අවබෝධය අරඹයා ඉදිරිපත් කර ඇත.
මෙම කරුණු මගින් කිසිවෙකුට හෝ කිසිදු විශ්වාසයකට අවමාන කිරීම මෙම නාලිකාවේ අරමුණ නොවේ.
",LK,2019-07-13T00:53:26Z,UUdvzidU6j1UdUBhaEw-LLuQ,https://en.wikipedia.org/wiki/Society
UCvoMClO68wGoV5Fvu0KRiqA,Ape Pansala - අපේ පන්සල,"අපේ පංසල "" ශ්‍රී ලංකාවේ මෙන්ම, විදෙස් රට වල ජීවත් වන බොදු ජනයාගේ හිතසුව පිණිස පවත්වාගෙන යන බෞද්ධ හා දේව විස්වාසී  යූටියුබ් නාලිකාවකි. ඔබට ඇතිවන සියලු දෝෂ දුරුවී සෞභාග්‍ය අත්වී ජීවිතය සාර්ථක කරලීමට අවශ්‍ය අධ්‍යාත්මික සුවය  වෙනුවෙන් අප කැපවෙන්නෙමු. 

එමෙන්ම මෙම නාලිකාව හරහා ලැබෙන ආදායමෙන් කොටසක් අවශ්‍යතා ඇති පුද්ගලයන් වෙනුවෙන් උපකාර කිරීමට අපි ලබා දෙන්නෙමු. ඒ සියලු පින් ද  ""අපේ පංසල "" ශ්‍රාවක ඔබට අනුමෝදන් කිරීමට අප පසුබට නොවන්නෙමු. 

ඔබ සියලු දෙනාටම තෙරුවන් සරණයි. 🙏🙏🙏


Contact No. ~ 077 5196538

Our Temple is a Buddhist and God-fearing YouTube channel run for the benefit of Buddhists living in Sri Lanka as well as abroad.

We also donate a portion of the proceeds from this channel to help people in need. We would not hesitate to approve all those merits to you in ""Our Temple"" Shravaka.

May the Triple Gem bless you all. ⁇




Tik Tok Link - https://www.tiktok.com/@ape_pansala_official?_r=1&_t=ZS-96zLnk9Tamy",LK,2015-11-19T18:19:13Z,UUvoMClO68wGoV5Fvu0KRiqA,https://en.wikipedia.org/wiki/Religion|https://en.wikipedia.org/wiki/Society
UCcbOsE5_4LEjtQi8X2PFxDw,Hiru Star,"A UNIQUE format that promises to be the
The evolution of LIVE TELEVISION in Sri Lanka
as for the FIRST TIME ever, the audience will watch a show with LIVE VOTING as it Happens,
when it Happens!

HIRU STAR is a Reality Television Singing Competition where for the first time in Sri Lanka the show marks the real-time voting by the viewers via an innovative free App

In contrast to other singing TV Reality shows which feature a cast of celebrity judges, Hiru Star features a cast of celebrity experts and ELEVATES the viewers at home to be the JUDGES.
",LK,2018-04-19T05:57:08Z,UUcbOsE5_4LEjtQi8X2PFxDw,https://en.wikipedia.org/wiki/Music_of_Asia|https://en.wikipedia.org/wiki/Music|https://en.wikipedia.org/wiki/Television_program|https://en.wikipedia.org/wiki/Entertainment|https://en.wikipedia.org/wiki/Pop_music
UC0RxmX79uHOBvSKKYAQ7Axg,WANESA TV,"0777618418 - Sanjeewa -  ""Wanesa TV"" 

 Wellcome Everyone
""Wanesa TV""  Thanks for visiting Official YouTube channel 

Contact Phone : +94777618418  
Gmail : youturnmedialk@gmail.com  
Facebook : Sanjeewa rathnayake 


SANJEEWA RATHNAYAKE (Journalist)
මාධ්‍යවේදී - සංජීව රත්නායක",LK,2020-08-10T15:15:58.282985Z,UU0RxmX79uHOBvSKKYAQ7Axg,https://en.wikipedia.org/wiki/Society
UCwrJnrHM2qRjjiSVk1nlx4Q,Oshan Liyanage Dance,"Welcome to the official YouTube channel of Oshan Liyanage Dance Crew! 

Dive into a world of rhythm, creativity, and breathtaking performances. 

Our channel brings you a diverse range of dance content, from energetic music video choreography to captivating live event performances.

Here, you'll find:

Electrifying dance routines and original choreography
Performances across multiple dance styles and genres
Dance Covers & Music Video Dances
Insights into our dance studio's activities and student showcases

  Let's dance our way through the rhythm of life together! 
",LK,2011-10-31T10:49:33Z,UUwrJnrHM2qRjjiSVk1nlx4Q,https://en.wikipedia.org/wiki/Music|https://en.wikipedia.org/wiki/Music_of_Asia|https://en.wikipedia.org/wiki/Performing_arts|https://en.wikipedia.org/wiki/Entertainment|https://en.wikipedia.org/wiki/Lifestyle_(sociology)
UCKEKf35apTUvSLs-c1DCekw,English with Sakvithi,"This is an English learning channel for beginners and advanced students, created by Sakvithi Ranasinghe, who is a famous English teacher in Sri Lanka. I have been teaching English for over 25 years. I’m always trying my best to give you the best English learning experience in a very interesting way. All my lessons are very simple but practical. Most of the time, I explain English phrases by using film clips. Now, my channel is nearing one million subscribers. I need your support to hit the target. Please subscribe and click the bell icon.🔔

We upload videos every day.

For online classes, please contact us on WhatsApp at +94 74 022 3126
",LK,2019-06-11T14:26:15Z,UUKEKf35apTUvSLs-c1DCekw,https://en.wikipedia.org/wiki/Knowledge|https://en.wikipedia.org/wiki/Lifestyle_(sociology)
UCBW2dlXYPIVLwuNQw9aVu-A,vinadiyak - විනාඩියක්,"Welcome to Vinadiyak ( විනාඩියක් ) Education YouTube channel.. 

Here I share incredible videos videos that boost your knowledge and
information about the world.

I spend over 12 - 15 Hours to transform this contents in to something that have never seen before. 
There is also commentary that is included within the video for either added for entertainment or to highlight 
something important that the audience may have missed out and for your further education.
we also add background music to give viewers the best experience. 

I license videos under exclusive, Non exclusive agreements get the permission or use 
under the fair use policy. 

Make sure to Subscribe and Enable all notifications.. Thank YOU.

For Any reasons, Contact Us at our email address .
I Will response immediately. 
 
 ➤grandpapa6618@gmail.com 


",LK,2021-06-22T06:52:26.409745Z,UUBW2dlXYPIVLwuNQw9aVu-A,
UCFV00xQSCQSKvWRXgearMzg,Slviki Media,"Do you want to educate yourself on how to enhance your beauty naturally? This channel will give you a lot of knowledge about that. Also, we do a lot of educational videos to educate everyone in the society. Keep in touch with us!

Disclaimer: The materials and the information contained on this Slviki Media channel are provided 
for general and educational purposes only and do not constitute any legal, medical or other professional advice on any subject matter. These statements have not been evaluated by the FDA and are not intended to diagnose, treat, or cure any disease. Always seek the advice of your physician or other qualified health providers prior to starting any new diet or treatment and with any questions you may have regarding a medical condition. If you have or suspect that you have a medical problem, promptly contact your health care provider.",LK,2013-12-01T00:56:36Z,UUFV00xQSCQSKvWRXgearMzg,https://en.wikipedia.org/wiki/Lifestyle_(sociology)|https://en.wikipedia.org/wiki/Health
UC9Slp55-nJIx-q1g_TJEY3Q,Rj Chandru Menaka Comedy,"A warm welcome to our channel!  We're Sri Lanka-based Tamil husband and wife who own a comedy channel that aims to add life and laughter to your dull day!

Subscribe to Tamil comedy, funny videos, unlimited fun, and jokes that will make you laugh so hard. - RJ Chandru & Menaka 

For any business inquiries please contact - paramalingam.chandru@gmail.com
",LK,2021-01-22T16:24:04.594983Z,UU9Slp55-nJIx-q1g_TJEY3Q,https://en.wikipedia.org/wiki/Film|https://en.wikipedia.org/wiki/Entertainment
UCdJppX3uAMFMvCTuE9qCowg,Inside Cinemax,"⭕Welcome to Inside Cinemax!
We bring the magic of movies to life for those who love films but don’t have time to watch them in full. Through detailed narrations, we capture the essence of each story, letting you experience all the excitement and drama—whenever you need it.

⭕Respect for Creators:
We give full credit to the film’s creators. If you have any copyright concerns, feel free to reach out at contact.insidecinemax@gmail.com. We’re happy to remove content or direct revenue as requested.

⭕Our Promise:
We’re here to share the story, with no intent to harm or disrespect anyone—just a love for great films and respect for their creators.

⭕Beyond the Plot:
Reading a summary is one thing, but with our narrations, you experience the emotional depth of each movie—suspense, drama, and all the magic of cinema, without pressing play.

⭕Join Us:
Subscribe to never miss a breakdown! Share your thoughts and suggest the next film!

⭕For inquiries, contact us at 077 9025193.
",LK,2022-05-20T15:47:43.606214Z,UUdJppX3uAMFMvCTuE9qCowg,https://en.wikipedia.org/wiki/Entertainment|https://en.wikipedia.org/wiki/Film|https://en.wikipedia.org/wiki/Society
UCppSNX9SEvI6TM1U0GLGQyA,Kusala's Simple Life ,"Natural Food cooking, Food and nutrition, Physical and mental well-being.
නීරෝගීව ජීවත් වෙන ගමන් කටට රසට කෑම හදන විදිය බලන්න එකතු වෙන්න මගෙ චැනල් එකත් එක්ක..
සරලව සැහැල්ලුවෙන්..ජීවිතේ සුන්දරත්වය විඳින්න...නීරෝගීව රස කෑමක අත්දැකීම් විඳින්න...පරිසරයට ආදරය කරන්න...එන්න මා සමඟින්..
Kusala's Simple Life
මම ඔබේ ආදරණීය කුසලා ජයමාන්න...
Join my channel to see how to make delicious food while living a healthy life ..
Simply relaxed..enjoy the beauty of life ... experience a healthy taste ... love the environment ... come with me ..
Kusala's Simple Life
I wish you all the best...
I'm your loving Kusala Jayamanna
",LK,2018-01-09T20:52:44Z,UUppSNX9SEvI6TM1U0GLGQyA,https://en.wikipedia.org/wiki/Food|https://en.wikipedia.org/wiki/Lifestyle_(sociology)
UCYM-FoL4inC91SfFcoUpWJQ,Janet Sri Lanka,"Janet Ayurvedics (Pvt) Ltd is the pioneer in the manufacture of Ayurvedic beauty and personal care in Sri Lanka. Since 1961, we have been producing natural skin and hair care preparations on a small scale. In 1991 the Company embarked on a program of research and development especially aimed at presenting a range of herbal beauty preparations incorporating Ayurvedic medicinal formulae and the latest advancements in western skin science.",LK,2017-05-15T04:28:14Z,UUYM-FoL4inC91SfFcoUpWJQ,https://en.wikipedia.org/wiki/Lifestyle_(sociology)
UCp1NZ1G3fkJCgh6eNZ7MG6w,ADA NOW,"""Welcome to Success Moods! Join us for daily doses of motivation and practical tips on achieving success in life, career, and beyond. Let's empower your journey with insights and inspiration. Subscribe now and let's embark on this transformative adventure together!""

My Introduction 
Name - Achala
   18 years old

COPYRIGHT DISCLAIMER :- 

In accordance with section 107 of the Copyright Act 1976, fair use is permitted for purposes such as criticism, comment, news reporting, teaching, scholarship, and research. Fair use is a provision allowed by copyright statutes that may otherwise be considered infringing. Non-profit, educational, or personal use tips the balance in favor of fair use

Any issues about Music Please Don't Give A Strike Contact Us Email ÷ 
 successmoods07@gmail.com

Daily Video Upload ❤❗

Thank You For Supporting 🙏❤🗿",LK,2021-02-04T03:35:08.04618Z,UUp1NZ1G3fkJCgh6eNZ7MG6w,https://en.wikipedia.org/wiki/Entertainment|https://en.wikipedia.org/wiki/Lifestyle_(sociology)
UCF3FOALs3bDzcdfW0xdYbSA,Mini Caption,"I do everything :)

Make sure to SUBSCRIBE 

Our Facebook Page-: MiniCaption
Instagram -:  _mini_caption_
Tiktok -: mini_caption

Contact us 
Email-: -:minicaption@gmail.com

Business 
WhatsApp -:+94711364650
",LK,2019-08-24T17:39:38Z,UUF3FOALs3bDzcdfW0xdYbSA,https://en.wikipedia.org/wiki/Lifestyle_(sociology)
UCIoyIVPZEfC2p0dQwAxGiEw,පිනි මුතු,"Wellcome to pinimuthu 

Your go-to source for the latest celebrity gossip, industry rumors, and entertainment buzz. Delivering fresh, engaging content that goes beyond the headlines to bring you insider perspectives on your favorite stars. Subscribe for weekly updates that keep you in the know about everything happening in the entertainment world!""

ඔයාලගෙ channel  promote  කරගන්න 🤝 community post එකක් දාගන්න අපිව අමතන්න 0704029066( whatsapp ) පමනයි,එකවර නාලිකා 10ක් හරහා

Hey subscribe ❤️ 
Welcome To my Channel ❤️‍🔥
Daily Uploading short video 😘😍
Please Help Me Grow my channel ❤️
Subscribed | share| like |comment

මෙම වීඩියෝවල මුල්  අයිතිය මුල්අයිතිකරු සතුය.

කිසියම් විඩියෝවක් ඉවත් කර ගැනීමට අවශ්‍ය නම් එම විඩියෝව ඉවත් කර ගැනීමට අපව අමතන්න.",LK,2021-12-14T13:58:40.210043Z,UUIoyIVPZEfC2p0dQwAxGiEw,https://en.wikipedia.org/wiki/Entertainment|https://en.wikipedia.org/wiki/Lifestyle_(sociology)
UC0CXMeU0432EMgBnlBaY_yA,DP Education - ගණිතය,"About Us
Dhammika & Priscilla Foundation is a private charitable organization focused on providing free quality education and healthcare facilities for all. DP Education is the digital learning platform that delivers the Foundation's vision of equal access to world-class free digital learning and healthcare in accelerating human capability development that leads to poverty alleviation.
DP Education Sinhala medium YouTube channel has all subjects that are taught in Sinhala language. 

Vision
We provide equal access to world-class digital learning, and healthcare facilities to develop  human capability to eliminate poverty.

Mission
Dedicated to transform learning and teaching experiences through free online education, best-in-class teachers, and the development of education infrastructure.

Leadership 
The Foundation is led under the direction of the Founder & Chairman Mr. Dhammika Perera.


",LK,2019-10-18T04:11:05.559491Z,UU0CXMeU0432EMgBnlBaY_yA,https://en.wikipedia.org/wiki/Society|https://en.wikipedia.org/wiki/Knowledge
