channel_id,title,category,query,country,subscriber_count,roster_entry,promoted
UC-a-_lRwEl557nBTT_YbSOw,Avi production ,Film & Animation,Sri Lanka short film,,211000,actionboi1817,False
UCQdaCUDjn23rXsgQN6oNjuQ,ANIMA FILMS,Film & Animation,Sri Lanka short film,LK,167,animafilms_,True
UCmbvStroxG2ia5GDytTr0xA,Creative Films (SL),Film & Animation,Sri Lanka short film,LK,20800,creativefilmssl,True
UCeaP9Pl37RhyGTt5Qz_mSNg,Tamil Short Film Studio ,Film & Animation,Sri Lanka short film,,81,tamilshortfilmstudio,False
UCFcWpR_Lg9QrP9KqU91EyWg,12:27 filmsLK,Film & Animation,Sri Lanka short film,,10,1227films-w7w,False
UC5R7F4Mw_ZV1c4tYe4UKLIg,MCC Prime,Film & Animation,Sri Lanka short film,LK,309000,mccprime,True
UCTfmp7vG6zJ5W5k2eDOIwcQ,Galiver Films,Film & Animation,Sri Lanka short film,LK,401,galiverfilms,True
UCQj43dyB88lj8zeOC2tTuSQ,Harshana Abeywardhana,Film & Animation,Sri Lanka short film,,93,abeywardhanafilms,False
UCwG57eRV0mV1ZYQW7Bzw5FA,6FRAME FILMS,Film & Animation,Sri Lanka short film,LK,178,6framefilmsofficial,True
UCh-4RQKIrmmYx_FbV4w1WQA,New Film,Film & Animation,Sri Lanka short film,IN,4,newfilm254,False
UCW2UaF1nbMbh6Q1FBqc7vng,MK CREATIONS,Film & Animation,Sri Lanka short film,LK,191,mk_creations_2026,True
UCigBcMVoIwWRRFdei1A6JHw,MUTUR FILM ACADEMY,Film & Animation,Sri Lanka short film,,385,mfa-xp8br,False
UC6B3Qvye0VmLOXRPusbGF1w,Chathura Anuradha AI Films,Film & Animation,Sri Lanka short film,LK,2660,chathuraanuradhaaifilms,True
UCZKbA6DjXjnyOxNCJth6HWA,Srilankan Tamil Cinema,Film & Animation,Sri Lanka short film,,4,srilankantamilcinema2409,False
UCrMLkeUAmsKum1a1cedRCFw,Mobile Short Films,Film & Animation,Sri Lanka short film,LK,31,mobileshortfilms,True
UC6b5W9oT4CKgeI3jdDwtlZg,Ghibli Short Film SL,Film & Animation,Sri Lanka short film,LK,3760,ghiblishortfilmsl,True
UCKjCD_fRV6RfcKv8I9dYA2A,thine short films,Film & Animation,Sri Lanka short film,LK,804,thineshortfilms2399,True
UCu_e3pCYZDP-TNlEDmWx6bg,Glazyara Films,Film & Animation,Sri Lanka short film,LK,22,glazyarafilms,True
UC6fGsN-y-_PKpb2C8pDedqA,Short Film,Film & Animation,Sri Lanka short film,,368,bestishortfilm,False
UChAN3A6E4AsDR0CsgeAZbYA,CNC Short Films 🎥,Film & Animation,Sri Lanka short film,LK,8,cnc_3d_film,True
UCNhJPVwWql6hHk5VMuuLLFQ,SL Cinedrop,Film & Animation,Sri Lanka short film,LK,3,slcinedrop,True
UCnNHFsGC9SdQskFNpCRY8DQ,ProCut Studios,Film & Animation,Sri Lanka short film,LK,4,procutstudios6361,True
UCeQcOUshRp08_E8YTpgVetQ,Mdot Creations,Film & Animation,Sri Lanka short film,,375,mdotcreations,False
UC0-zTfuUxX2VOt0n7Asg7Cw,Dinusha Chamikara Films,Film & Animation,Sri Lanka short film,,2940,dinushachamikarafilms,False
UCJ7NvSDtleerz_77K3zJUSA,salli panam,Film & Animation,Sri Lanka short film,,49,sallipanam2411,False
UClckMETYrJ9qwxw6o-LbxLg,Daka Film,Film & Animation,Sri Lanka short film,,4,dakafilm,False
UCgUTjskRXI38KbDqwsuXZMA,sri lanka short films,Film & Animation,Sri Lanka short film,LK,35,srilankashortfilms5863,True
UCY8-WqzL7Mo6WHYyn2IHCUQ,Marvelous Films ,Film & Animation,Sri Lanka short film,LK,23100,marvelousfilmssl,True
UCik3pTZ77fyuCiuflszLf3Q,Short Film,Film & Animation,Sri Lanka short film,,10,cheniproductionssl,False
UCZn7i6VYicgL5KdjnATNDYw,C & D production,Film & Animation,Sri Lanka short film,,776,cdproduction9581,False
UC9BCwsmcSwv7G27OuEXRw5g,VIENTO Films,Film & Animation,Sri Lanka short film,LK,409,vientofilms-up5vp,True
UC7I4zfD2OOPZeY0cR7036DA,Sri Lankan Youth Films,Film & Animation,Sri Lanka short film,LK,5380,srilankanyouthfilms,True
UCYJCP45-3I0UeASIHPLsFpA,City Cinema,Film & Animation,Sri Lanka short film,LK,1840,citycinema-1d26,True
UC4hhL_1Bl59FGTKg-w0f61g,Sri Lanka Red Cross Society Kandy Branch,Film & Animation,Sri Lanka short film,,143,kandyredcross,False
UC2VY9mxOCg_CHh8QHXfzz4A,Comrade Production,Film & Animation,Sri Lanka short film,AU,158,comradeproduction4803,False
UCbB5F51uOdUh4ZJLCDgl5JQ,2N Production Short Film,Film & Animation,Sri Lanka short film,,102,2nnilexson,False
UC-0Mao449ypwT0j6O4Dq1kA,Short Film Sri Lanka,Film & Animation,Sri Lanka short film,LK,180000,short_film_sri_lanka,True
UCDH4kUEeU83qaHZo_S-ADvg,NightFall Production,Film & Animation,Sri Lanka short film,,162,nightfall205-pro,False
UCKlMH-sh_4_2NewOP-VeJAA,BLACK CHILLIES FILMS,Film & Animation,Sri Lanka short film,,81400,blackchilliesfilms,False
UC42AVgCXgcWfPB_nzizc4rA,THE KILLRES ,Film & Animation,Sri Lanka short film,,221,the_killers.srilanka,False
UCmnI3z49QvFzLWpNwIgeuBA,RED Films,Film & Animation,Sri Lanka short film,LK,24100,redfilms-productions,True
UCdzuoILCS3EvHfFB5K89X_Q,Anoma Weerasekara FILMS,Film & Animation,Sri Lanka short film,LK,334,indikamarasinghe8862,True
UCULLgccYKUAws_CL3H6PIMA,i short films,Film & Animation,Sri Lanka short film,,6,ishortfilms4498,False
UCjqiaXPD0-qpI_NmP6oQDHQ,Agenda 14,Film & Animation,Sri Lanka short film,LK,14900,agenda1419,True
UCu3igb8dH2PzKP-xU-NIU3Q,Short Film LK - Sri Lankan Short Films,Film & Animation,Sri Lanka short film,,32,shortfilmlk,False
UCIFATZpxaqJgockV5AypucA,iFilm Sri Lanka,Film & Animation,Sri Lanka short film,LK,4000,ifilmsrilanka,True
UCsac4rjgoKC4na1GS1bgS8A,Short Film Studio SL,Film & Animation,Sri Lanka short film,LK,315,shortfilmstudio28,True
UCdyQzIFaYWsep5HLb8fNmOw,THEE THAMIZHA Film production,Film & Animation,Sri Lanka short film,LK,33,theetechnical,True
UCv_tHPAQcz58SHvmGQfXhXA,STMIS  CINEMA 🎥 ,Film & Animation,Sri Lanka short film,,93,stimscinema0,False
UC4j_fc1OaX2Up6UtizVmNKQ,Sinhala Fairy Tales,Film & Animation,Sri Lanka animation,AE,1580000,sinhalafairytales,False
UC2vtMeXEytpFoXP8aFUntWA,SL 3D Animation,Film & Animation,Sri Lanka animation,GB,4160,maduwa5743,False
UC0PN_0AjGZ7Rfk_9zlzKW_A,Master Cartoon SL,Film & Animation,Sri Lanka animation,LK,60,max1653-d1k,True
UC7XLz6PIrk9Lsu20HyMSXTA,SRI LANKA ANIMATION,Film & Animation,Sri Lanka animation,,71,srilankaanimation6547,False
UCCP-zDvGJEdyzWOPI-RBLnQ,Riko Animation ,Film & Animation,Sri Lanka animation,,36,riko_animation772,False
UCUgj9OwyFp4KazN4oNeHSRw, D   𝗦𝗟  Animation   Studio  ,Film & Animation,Sri Lanka animation,,190,dslgamingboys,False
UCf_u3lKTcgOzal7FIQAC4Ww,Ai master (sri lanka),Film & Animation,Sri Lanka animation,IN,23,aimastersrilanka,False
UCZWyB-rNU7kNqCY3Who5VSw,Yamin Animation,Film & Animation,Sri Lanka animation,BD,8760,yaminanimation,False
UC7zKtnoBMYSDfOGJ0bCbFeg,SL Story Studio,Film & Animation,Sri Lanka animation,LK,24,slstorystudio-x8r,True
UCQkpyOtp3w9bf14vNs4Gq3Q,Jevon animation 01,Film & Animation,Sri Lanka animation,,6,nilunsshehan,False
UChpgEVxecoQNJgaROrRRfAw,Sethi animation ,Film & Animation,Sri Lanka animation,,86,sethianimation2238,False
UCrPfqXI9IoCchcaZz9rY50A,STV Animation Studio,Film & Animation,Sri Lanka animation,LK,99700,stvanimation_studio,True
UCQwMfD8qVsDJlshT-Aa1rUg,Lanka Toonz,Film & Animation,Sri Lanka animation,,48,lanka_toonz,False
UCPWbh5N6_YttB2WWVFF3GHA,2D Animation - AsquareFX Studios ,Film & Animation,Sri Lanka animation,,1,asfxs-2danimation,False
UCl0Hu9Z8GEZeSNzyP-LCm6A,Animated Lanka,Film & Animation,Sri Lanka animation,LK,9,animatedlanka90,True
UCKQw2OwROuqrhOuiqSttu6g,Faith Animation Team Sri Lanka,Film & Animation,Sri Lanka animation,LK,9010,faithanimationteamsrilanka,True
UC-XqkmCu16cpnAdjqc4_htw,Antik Animated Studio,Film & Animation,Sri Lanka animation,BD,179000,antikagain,False
UCDgbZIMKl0ldb8yVq7w8DqA,SL ANIMATION BOY,Film & Animation,Sri Lanka animation,,238,basuruthisara2011,False
UC2uomGog6kAIluGXp-OnAcw,PB Animation ,Film & Animation,Sri Lanka animation,LK,26000,pbanimation6230,True
UChnuVoHDIiZNWOG_NlGNfwA,animation with Ritam,Film & Animation,Sri Lanka animation,,76,ritampakre,False
UC0g2qh1vK_S8ItR6ZSMGlCw,Cartoon Gate,Film & Animation,Sri Lanka animation,LK,138000,cartoongate268,True
UCePXheOtuRgIkSUjHK1mIHA,3D animation,Film & Animation,Sri Lanka animation,,901,3danimation48,False
UCIVWDhvtCjIpf8ppSGI-uQA,Lanka Animation  Hub,Film & Animation,Sri Lanka animation,,0,lankaanimationhub,False
UCVOZ_y2K3fnUOmuMtnxLk1Q,SL Animation Cartoon Hub,Film & Animation,Sri Lanka animation,LK,285000,slanimationcartoonhub,True
UClWdV81I0BoL-GlmPf942Nw,CARTOON ROOM,Film & Animation,Sri Lanka animation,LK,209000,cartoonroom94,True
UC2phwGcAWABMaF_gXjQO92Q,cartoon & animation sri lanka,Film & Animation,Sri Lanka animation,,3,cartoonanimationsrilanka7108,False
UCgy3gF6d083mEGUKw5Vjq1Q,Kids Tv Sri Lanka - සිංහල ළමා ගීත,Film & Animation,Sri Lanka animation,LK,90400,kidstvsrilanka,True
UCGaAOE2Z-WWtAT5P_NS9iTw,Kaatun School,Film & Animation,Sri Lanka animation,JP,2720,kaatunschool,False
UCleTbl_0VazSIbzjryDNqhw,Animated by KAVI,Film & Animation,Sri Lanka animation,US,50,animatedbykavi,False
UCVAkh3TP9m6mMEr9mKHV9Gg,stick nodes animation with Sri Lanka 🇱🇰,Film & Animation,Sri Lanka animation,,1,sticknodesanimationwithsrilank,False
UCV5IOYBamwHotBtYVxBdd1Q,CK Animation,Film & Animation,Sri Lanka animation,LK,71,ckanimation123,True
UCf2jZoOW2OYB66SQ29OH_Ug,Animed Srilanka,Film & Animation,Sri Lanka animation,LK,296,animedsrilanka7171,True
UCoYMp_Y0XIfgDMoefUzVFew,SINHALA CARTOON CN Tv 1,Film & Animation,Sri Lanka animation,LK,3,shinhalacartooncntv1,True
UC0BcYitJuDWf3FOhzGSPKqw,KIDS LAND SRI LANKA,Film & Animation,Sri Lanka animation,LK,38100,kidslandsrilanka,True
UCGE-_K4q2RnhuhCqyMWRohQ,Animation rivindu ,Film & Animation,Sri Lanka animation,LK,136,animationrivindu4818,True
UCR0Bia1mQ7NQp31WWNhoFnw,Sri Lankan Countryball productions,Film & Animation,Sri Lanka animation,GB,16100,srilanka-ball-1948,False
UCXMZGL2rCl-GB9a-Bjp_uug,World Frame Animation ,Film & Animation,Sri Lanka animation,US,36,worldframeanimation12,False
UCxood6HxMjFCIoHa2dRI1Cg,Samee Cartoon,Film & Animation,Sri Lanka animation,LK,1130,sameecartoon,True
UCB6pdkedlenxfG6i9-isf2g,CricToonia,Film & Animation,Sri Lanka animation,IN,4,crictoonia,False
UCMz4bq9hsPRttGoW1c-amjw,SLR CARTOON,Film & Animation,Sri Lanka animation,LK,8980,slrcartoon,True
UC3DjfrdM3zFj9FhEA3oDBZA,Rainbow Tube Sri Lanka,Film & Animation,Sri Lanka animation,US,3520,rainbowtubesrilanka5468,False
UCns4rUHAutJS681UwCTYhcw,SL production world,Film & Animation,Sri Lanka animation,,24,mashirwada123,False
UChiSv2byRI7vDRFhNyj3vuw,Ghibli Life : Sri Lanka,Film & Animation,Sri Lanka animation,,12,ghiblilifesrilanka,False
UCL8ZmesX8WCJmb03S0nKCEg,SL pictures animation ,Film & Animation,Sri Lanka animation,,0,slpicturesanimation,False
UCmwg0G6E93LCkauSLyquuRA,NSR ANIMATION SRILANKA,Film & Animation,Sri Lanka animation,,2930,nsranimation,False
UCe2JNMjhRn8zfe9r6fkOJLg,Sri Lanka Cartoon Animation Hub,Film & Animation,Sri Lanka animation,,3,animation-hub-0,False
UCzXy_sPD1T4gtfNW9pGPVGA,Tikiri Animations,Film & Animation,Sri Lanka animation,US,455000,tikirianimations,False
UCGxQjhYRrV1-s9HXlYZDeQg,Animation sri lanka,Film & Animation,Sri Lanka animation,,0,animationsrilanka-f6j,False
UC0lKs7VCx8_dsP832l-cNpQ,Cartoon Network Sri Lanka,Film & Animation,Sri Lanka animation,US,11900,cartoonnetworksrilanka2125,False
UCUR4bBSPunEgqJ_LXlhPy5g,indika cartoon,Film & Animation,Sri Lanka animation,LK,7600,indikacartoon,True
UCrputd-TfRFkuYCFp3noAFA,Ratha Pola,Autos & Vehicles,Sri Lanka car review,LK,10500,rathapola,True
UCuzpxhYVaAaMamnDaFQccNA,Supercar Saico,Autos & Vehicles,Sri Lanka car review,AU,288,supercarsaico,False
UC2PXUxzmQE8jNanGxwndSjw,Punchi Car Niwasa,Autos & Vehicles,Sri Lanka car review,LK,142000,punchicarniwasa6291,True
UCFdCT7ZJCc9ax1yAqDCQPaA,LANKA VEHICLE HUB,Autos & Vehicles,Sri Lanka car review,LK,9530,lankavehiclehub96,True
UCpuVqKQHN72bp67rb7HSUNg,Auto Genuine SL,Autos & Vehicles,Sri Lanka car review,LK,9,autogenuinesl,True
UCcN3FVj7HWDUve6actxaw6Q,KAMO Auto Review,Autos & Vehicles,Sri Lanka car review,,2340,kamoautoreview,False
UCb4I3a5sSdVyXdBwQPG3sTw,Vehicle HUB,Autos & Vehicles,Sri Lanka car review,LK,48300,deranavehiclehub,True
UCKMhiMmqyu2uAl8T3LZiEjQ,Ordinary Car Guys SL,Autos & Vehicles,Sri Lanka car review,LK,5530,ordinarycarguyssl,True
UCXEOjiJM4p7Y_EHizRckePA,Auto Riders Sri Lanka ,Autos & Vehicles,Sri Lanka car review,,0,turbowheellk,False
UC71SYqwZvY_kXqVA30F-awg,Nipul with Cars,Autos & Vehicles,Sri Lanka car review,LK,102000,nipulwithcars,True
UClBC9kT7SSFliwTgLQ7Ms4g,Auto Hub,Autos & Vehicles,Sri Lanka car review,LK,337000,autohubsl,True
UCSFPAfZRX2efYSfYaE-26MQ,Dongfeng Sri Lanka,Autos & Vehicles,Sri Lanka car review,,2940,dongfengsrilanka-q2w,False
UCC6V4v6wmH33xs0owXyi3rA,Ma.D Cars LK,Autos & Vehicles,Sri Lanka car review,,438,ma.dcarslk1,False
UCmrLu4r89ykOzmtmbAeEklA,Drive Dream car,Autos & Vehicles,Sri Lanka car review,LK,9410,drive_dream_car,True
UCl7bA1c-PseZaAQjNyrFkAA,SL Car Hub,Autos & Vehicles,Sri Lanka car review,LK,12800,slcarhub,True
UCp8jFPHjTrBU_WOGyhXiUXg,Lanka Auto Zone,Autos & Vehicles,Sri Lanka car review,LK,0,lkautoshorts,True
UCdjmNAbzwob5nwq4MPF5BPQ,Rudi On Wheels Srilanka,Autos & Vehicles,Sri Lanka car review,,3040,rudi_on_wheels_srilanka,False
UCIPnCyTWcKHe-C-_mtG0GmA,MRJ inspire,Autos & Vehicles,Sri Lanka car review,LK,392000,mrjinspire,True
UC3oMopXIfvenPQSVfaGifnw,Shanaka Thushanga Auto Tech Academy,Autos & Vehicles,Sri Lanka car review,LK,20200,shanakathushanga8551,True
UCH_Ie8olOLHLJPOS1vaVoOA,AkilaD Reviews,Autos & Vehicles,Sri Lanka car review,LK,182,akiladreviews,True
UCR3KzWW0CU4nWY41_QBfAkQ,Island Drive,Autos & Vehicles,Sri Lanka car review,LK,3160,islanddrivelk,True
UCCj_qQqYE4nw5pK_enxdB4w,Price Lanka,Autos & Vehicles,Sri Lanka car review,AU,40700,pricelanka,False
UC_kj63fSq_3_UygMk4JsO7w,Autogroup International ,Autos & Vehicles,Sri Lanka car review,AU,1220000,autogroupinternational,False
UCEWKJTdB9-3gWXbfO8M5y9w,ratacar(🚗 කාර්),Autos & Vehicles,Sri Lanka car review,LK,824,ratacar,True
UCzV0iI36_Vf9MxrY1QMqAbg,Ikman Riya Pola,Autos & Vehicles,Sri Lanka car review,,1310,ikmanriyapolasale,False
UCDg7qb6l89bIiCiT1kqNclQ,Lovely Mind,Autos & Vehicles,Sri Lanka car review,US,13,carreviews2045,False
UCHeA4zH9RFK46MX1DYPKsgg,CarTalk Sri Lanka,Autos & Vehicles,Sri Lanka car review,,462,cartalksrilanka8716,False
UCJEnfxBpv0TwLx_mAf9NXHg,TATA Motors Sri Lanka,Autos & Vehicles,Sri Lanka car review,LK,2710,tatamotors_srilanka,True
UCxAMLBhgoIfWscHphqMa_3g,BAIC Sri Lanka,Autos & Vehicles,Sri Lanka car review,,501,baicsrilanka,False
UCIc0IfSuaRz7wj3V7kB5yHQ,Auto review,Autos & Vehicles,Sri Lanka car review,,1400,slautoreviewofficial,False
UC4WB6bXsDM994fNK1KUu-Xg,SL Motor Hub,Autos & Vehicles,Sri Lanka car review,US,67,slmotorhub1647,False
UCqQG6LzmohNCLtSWReoujWw,The Wickramasinghe Auto Channel,Autos & Vehicles,Sri Lanka car review,,6,thewickramasingheautochannel,False
UC9_p0Y6BO6m6YNwFLJ9hGAw,SRI LANKA DAILY DRIVEN,Autos & Vehicles,Sri Lanka car review,AT,672,srilankadailydriven8528,False
UCUBN8f1H_gd7aulxB-Ik4tA,POV Drive Sri Lanka,Autos & Vehicles,Sri Lanka car review,LK,37700,povsrilanka,True
UC-dHEjWS4CibzGtijQC6cOg,Auto Lanka,Autos & Vehicles,Sri Lanka car review,LK,59,auto_lanka,True
UCko-rtA7XExCrvdlPTVpBuA,Mr Carbook,Autos & Vehicles,Sri Lanka car review,LK,61,mr_carbook,True
UC_N0zAbvilWx9u6geW9Y5fw,BYD Sri Lanka,Autos & Vehicles,Sri Lanka car review,,3010,bydsrilanka,False
UCVWqZXv-sjeFu5jKbQ1cA-Q,HBS Rent A Car Sri Lanka,Autos & Vehicles,Sri Lanka car review,LK,1180,hbsrentacarsl,True
UCOQVLE9o9TuTRF8pOWDlb4Q,Auto Review,Autos & Vehicles,Sri Lanka car review,,1270,autoreview2899,False
UCb6R8MuG0wslZT75Zr5_V3A,Vehicle Talk LK ,Autos & Vehicles,Sri Lanka car review,,18,vehicle_talk_lk,False
UCGnnbsbqbCc7KxSIAbC_d2A,Auto Vision,Autos & Vehicles,Sri Lanka car review,LK,32200,sirasatvautovision,True
UCQsNlLN15ybNA4kdtwe-OBA,MotorGuide Sri Lanka,Autos & Vehicles,Sri Lanka car review,LK,25800,motorguidesl,True
UClOa9_wBfIF67JdDjHVLsiw,Vehicle Focus,Autos & Vehicles,Sri Lanka car review,,529,vehiclefocus,False
UCT_mEOG3Y-gemGUMglejpug,Srilankan Car-Culture,Autos & Vehicles,Sri Lanka car review,LK,4230,srilankancarculture,True
UC5mNdm6_f2fv50Hzsg7qW1g,RevMatch,Autos & Vehicles,Sri Lanka car review,LK,5150,revmatchsl,True
UCjFSAzgoCbyyRV1gOxj5jFQ,NNP Automart,Autos & Vehicles,Sri Lanka car review,LK,7490,nnpautomart9827,True
UCZghGWmGcyV1eGhQmHfwmIQ,TURBO REVIEWS ,Autos & Vehicles,Sri Lanka car review,,10,turbo.reviewlk,False
UC3vJVKycWUVi_pMIPNWhWnA,SL Car Models,Autos & Vehicles,Sri Lanka car review,,149,slcarmodels,False
UCS6wii1nENlRXQpu_1mp5CA,Luxury Sri Lanka,Autos & Vehicles,Sri Lanka car review,LK,174000,luxurysrilanka,True
UCnUro1VEvpuIkbqoM9M8L4A,Ceylon Car Reviews,Autos & Vehicles,Sri Lanka car review,LK,2680,ceyloncarreviews,True
UC5m0VFet_hNE7KTdMJmwNAw,Bike vlogs ,Autos & Vehicles,Sri Lanka bike vlog,,23,sathikatechnic,False
UCTSbczp1gQrRISmw5KZl11A,Dulina Vlogs,Autos & Vehicles,Sri Lanka bike vlog,,46,yt_dulina_vlogs,False
UC7AxZ0tx8pwt2oQ9hWOP1oQ,Ceylon Moto Vlogs,Autos & Vehicles,Sri Lanka bike vlog,LK,67,ceylonmotovlog,True
UCPQ2k4LvRzzj0z6x6feo_Kw,G S bike LK,Autos & Vehicles,Sri Lanka bike vlog,,1,gsbikelk,False
UCdHFlwE1SKa1lqXMsB7cNlg,Speed Rider Lk,Autos & Vehicles,Sri Lanka bike vlog,,0,speedriderlk,False
UCG3AQ93iPpdDeo7Wx_OcgwA,GoPro Sri Lanka,Autos & Vehicles,Sri Lanka bike vlog,LK,85,goprosrilanka8401,True
UCWYO0Pst0ZPVEV938syD-NQ,INURA Vlogs,Autos & Vehicles,Sri Lanka bike vlog,US,17600,inura354,False
UCPhcaPtt7A4sx_RoRZebMyw,Travel by bike,Autos & Vehicles,Sri Lanka bike vlog,GB,300,travelbybike6030,False
UCmQ5zlAPO88XZPWUiEJOn0g,Taprobike,Autos & Vehicles,Sri Lanka bike vlog,LK,106,taprobike,True
UC3GRqQIE7F4Uz1r8HBgrUjw,Biker Vlog SL,Autos & Vehicles,Sri Lanka bike vlog,,20,bikervlogsl6960,False
UC5WTie0ql9vXRj-hWPv6wTw,VLOGS OF VITHUM,Autos & Vehicles,Sri Lanka bike vlog,,1110,vlogsofvithum,False
UChO_FHsIx24DMIVbDxpRuKA,Ride With Ishak,Autos & Vehicles,Sri Lanka bike vlog,,1,ridewithishak,False
UCWUR0yiAHj7MdcJwZrF2lpw,XC Sri Lanka,Autos & Vehicles,Sri Lanka bike vlog,LK,1,xcsrilanka7100,True
UCORu5V4Lza8bcaMUdP0sr6Q,RAAVANAV TRAVEL VLOG-RTV,Autos & Vehicles,Sri Lanka bike vlog,,15,rtv-family,False
UCVDZMMJxLQhN-pwv1MOIAaQ,Ceylon Rider,Autos & Vehicles,Sri Lanka bike vlog,LK,12300,ceylonrider,True
UCAZpzFBNWpsyF4TDDNBXuGA,𝘁𝘄𝗼 𝘄𝗵𝗲𝗲𝗹 𝘀𝗿𝗶 𝗹𝗮𝗻𝗸𝗮 🤍,Autos & Vehicles,Sri Lanka bike vlog,,13,twowheelsrilanka,False
UCvtsyj4dAT0VvV3bFX_9xRQ,Bike Rides,Autos & Vehicles,Sri Lanka bike vlog,,7,bikerides_1107,False
UCDlysFBDNsTNmVwMlBvwnJA,Praveen -vlogs srilanka,Autos & Vehicles,Sri Lanka bike vlog,,16,praveen-vlogssrilanka9447,False
UCjy34E-GNeyIi3yIe-BNX5w,CHENI VLOG,Autos & Vehicles,Sri Lanka bike vlog,,4,chenivlog-ut7kr,False
UCQga5Hpkev0t-LW7F56C8mQ,Travel with Revolt  Electric bike in Sri lanka,Autos & Vehicles,Sri Lanka bike vlog,LK,756,rv400brzsl,True
UCWi2Yz52Wv33jluqlEuEDMg,bike lawase,Autos & Vehicles,Sri Lanka bike vlog,,3,bike-lawase,False
UCPfU0uygBGutjaaJU5PpEvg,Life On The Road _  Sri lanka,Autos & Vehicles,Sri Lanka bike vlog,LK,10300,lifeontheroadofficial1,True
UCudA0rRJDxy-sghxU00hV9g,TRK vlogs,Autos & Vehicles,Sri Lanka bike vlog,,758,trthasneem,False
UCGe9vzavXCSu7GBIgoPebeQ,Man Saranna මං සරන්නා,Autos & Vehicles,Sri Lanka bike vlog,LK,365000,mansaranna,True
UCvIMoJvP1I58yddXkcE4xDw,Ride lanka ,Autos & Vehicles,Sri Lanka bike vlog,,75,lanka-d9l,False
UCpIq1UzT1Gc82vsSxFBZsEw,Mr Kalindu,Autos & Vehicles,Sri Lanka bike vlog,LK,60200,mrkalindu,True
UCb4I3jOahLd-kWWuZ_ucPjA,Shaaan VLOGS,Autos & Vehicles,Sri Lanka bike vlog,,129,shaaanvlogs7918,False
UC__NnhwWGyRsegFkMkx_yOw,Old Trail Bike Sri Lanka,Autos & Vehicles,Sri Lanka bike vlog,,12300,oldtrailbikesrilankad,False
UC-DEHYgvcA5bBD3cWo_vSuA,Sri Lanka Vlogs 99,Autos & Vehicles,Sri Lanka bike vlog,LK,599,srilankavlogs9919,True
UCtWG2egLuTfdw72RDvJ_t8Q,Riders vlog,Autos & Vehicles,Sri Lanka bike vlog,,7,ridersvlog30,False
UCP4_9dtdeeGH5EhwsBygsOw,Lanka Yathra Vlogs,Autos & Vehicles,Sri Lanka bike vlog,,105,lankayathara,False
UCYHgjr-ghKubcYSgTCVHk8A,BikeBeast SL,Autos & Vehicles,Sri Lanka bike vlog,LK,0,bikebeastsl,True
UCEsG8_HYQMYFSe4oef6xjbA,FSR SRI LANKA,Autos & Vehicles,Sri Lanka bike vlog,,17200,fsrsrilanka,False
UCd0KBZYeiONMV6ogZQI2z2A,Yakada Heena Moto Vlog,Autos & Vehicles,Sri Lanka bike vlog,LK,1920,yakadaheenamotovlog,True
UCTi36zetYBtNR4MW2zSmPjQ,The Sailor,Autos & Vehicles,Sri Lanka bike vlog,LK,365000,thesailorlk,True
UCRqtN8wk9rFMujQTAYu8eAg,Chanupa Liyanage,Autos & Vehicles,Sri Lanka bike vlog,LK,88,chanupaliyanage,True
UCfaHHB9r7i6OvPyB-ZCsaVw,Sayeed’s Vlog🖖🏻,Autos & Vehicles,Sri Lanka bike vlog,,32,sayeeds_vlog,False
UCiOEgWwAKbfrVb795hqQc9A,Heshan Vlog,Autos & Vehicles,Sri Lanka bike vlog,LK,377000,heshanvlog,True
UC4dKy-gRylhUE3SEkW_e11g,SLBikes,Autos & Vehicles,Sri Lanka bike vlog,LK,111000,slbikes119,True
UCegqG9T-A_SJKIC8oihTHhg,Mr.ධනූ ×‿×,Autos & Vehicles,Sri Lanka bike vlog,LK,194,mr.dhanuwa2112,True
UCm5Yne36TGbnk8YvrLmE5RQ,THUNDER VLOG,Autos & Vehicles,Sri Lanka bike vlog,BD,46600,thundervlog20,False
UCzSvefLzaxfJrtrMvUDsTsw,Fasmir Safir,Autos & Vehicles,Sri Lanka bike vlog,,1420,fasmirsafir,False
UCC6HwNjqzjN8Kd0oIEJLR8Q,Sri lanka Bike ,Autos & Vehicles,Sri Lanka bike vlog,,35,srilanka_bike,False
UC7fOIkBNn0Q8JxUj3mN4amg,Ride With Me,Autos & Vehicles,Sri Lanka bike vlog,,0,ride_with_me_1,False
UCjzTnRl0ujdKwTh7KHxYCKg,Rj Chandru Vlogs,Autos & Vehicles,Sri Lanka bike vlog,LK,712000,rjchandruvlogs,True
UCSRcG8jFyWZNmXR1J5YRylg,Sihad Vlog ,Autos & Vehicles,Sri Lanka bike vlog,LK,20,sihadvlog,True
UCJlqZbsrcEi3ZNknVGTY_9w,Thenul Vlogs,Autos & Vehicles,Sri Lanka bike vlog,LK,66,thenulvlogs,True
UC5Ir-GPT7MxqpUL93kIK5Zw,Dissa Vlogs,Autos & Vehicles,Sri Lanka bike vlog,,14,dissavlogs3638,False
UCcJpqRpi5w9OV11xtYgUSUQ,Jesi Vlogs,Autos & Vehicles,Sri Lanka bike vlog,LK,121000,jesivlogs,True
UCR5vlOWGd-xXOxQMK_Mj9Gw, shavi YT vlogs,Autos & Vehicles,Sri Lanka bike vlog,,11,hewakandambigeanura,False
UCQNgAoq_8JvzI5buAqhgL_A,Geeth Weerakoon,Music,Sri Lanka music cover,LK,1350,geethweerakoon,True
UC9j819iyLVRFb7XH7Ll-pzg,Sri Lankan Guitar Covers and Music,Music,Sri Lanka music cover,GB,1,srilankanguitarcoversandmu8477,False
UCUkbn54P1f0gX81Ij2tTDeA,Sri Lankan Music Studio,Music,Sri Lanka music cover,,22,srilankanmusicstudio6387,False
UCcTmUS5-eQ09HLAGMQQ59xA,Musicmatters Sri Lanka,Music,Sri Lanka music cover,,952,musicmatterssl,False
UC9y0qS6to1fWrG-tdF04JJQ,Music Hub ,Music,Sri Lanka music cover,,157,musichubsrilanka,False
UC3S32URqLCYK2_AW5lbiiMw,PointFive Sri Lanka,Music,Sri Lanka music cover,LK,72100,pointfivesl,True
UCDQpFhEDGr4D7NA0m8zEIRg,Reverb Sri lanka Music band,Music,Sri Lanka music cover,,39,reverbsrilankamusicband4712,False
UCXTl8ECgj7OfHeYBhi1ytdA,Sinhala AI Music Pro - Topic,Music,Sri Lanka music cover,,45,UCXTl8ECgj7OfHeYBhi1ytdA,False
UCIuZDfuUZsVSb8vIXynez3Q,Nirmal Pushpashantha,Music,Sri Lanka music cover,LK,511,nirmalpushpashantha7923,True
UCx8ch0W_y2gp4eP5k1afZHA,remix Music Band Sri Lanka Music,Music,Sri Lanka music cover,,4,remixmusicbandsrilankamusi165,False
UCd4AegqVCC6ynI1mll80UDQ,The Ultimate Covers Sri Lanka,Music,Sri Lanka music cover,,7,theultimatecoverssrilanka6677,False
UC3OgzRUupzPg0_SJDPTM64A,Sri lankan Music,Music,Sri Lanka music cover,,10,srilankanmusic301,False
UCiAe62CGjEzhvOdnhM80wNg,Sri lankan music with yasiru,Music,Sri Lanka music cover,,35,srilankanmusicwithyasiru2473,False
UCdYAC9-LGbe3-_mm0QSlOUw,Sri Lankan Music Academy UK,Music,Sri Lanka music cover,,120,srilankanmusicacademy,False
UCM1MRbExISg3IZe4Cpl3WQQ,Music academy sri lanka ,Music,Sri Lanka music cover,,234,vihangasathsara-t1s,False
UC2kVBSP7e9sEExNxKe9JueQ,AI Lankan Vibes,Music,Sri Lanka music cover,GB,204,ailankanvibes,False
UCiunIA3NykAFQWxoBXFXEOg,Next Gen Sri Lankan Music,Music,Sri Lanka music cover,LK,1670,nextgenslmusic,True
UCgnFbY7CoU8sr0ftq8FLbVg,Cover Sri Lanka,Music,Sri Lanka music cover,LK,1690,coversrilanka,True
UCrWvD4RpYOrkX_5xnej-u2Q,Sri Lankan music,Music,Sri Lanka music cover,,0,srilankanmusic4604,False
UCDDm7jHTjNDPkpTXe2wQNEg,SRI LANKAN MUSIC FROM CHAMATH EDITON,Music,Sri Lanka music cover,,8,chamathmanisha-f1b,False
UCKTTWcQAAYCDChIFyc3r4aQ,RJW's Music,Music,Sri Lanka music cover,LK,2940,rjwsmusic,True
UCb4ryUtUUW1Tx0K5kRKXuOg,Smule Sri Lanka,Music,Sri Lanka music cover,,16,smulesrilanka1045,False
UCysvAsEtv4BNF0LncxnH5ww,Coverlanka Music,Music,Sri Lanka music cover,LK,199,coverlankamusic757,True
UCGHp-wJUS3l4BVHiv08qFzw,Favourite Music Sri Lanka,Music,Sri Lanka music cover,LK,31500,favoritemusicsrilanka,True
UC6Ow0OcMpSYM2noyJ5mGsTQ,Music Covers,Music,Sri Lanka music cover,,124,musiccovers2741,False
UCmwFmNh-fECQx7_H3e50QPQ,Music Lanka Records ,Music,Sri Lanka music cover,AE,114000,musiclankarecords,False
UCALlP9-ExjCgzVht-m5zDsg,Lanka Music Voice ,Music,Sri Lanka music cover,LK,169,gamagelahiru2812m,True
UC6Jw8qZRRWoPbJHap_m9vFw,self music sri lanka,Music,Sri Lanka music cover,,14,selfmusicsrilanka1106,False
UCkfrJMWH0X0geFra6EZIc8w,Sri lankan Music,Music,Sri Lanka music cover,,53,srilankanmusic309,False
UCi3okZP-ijPcwSr1gSRLCsg,sri lanka music,Music,Sri Lanka music cover,GB,234,srilankamusic6400,False
UCIbJzuk1hA3NrFPZ5gRdACQ,Sajje Music,Music,Sri Lanka music cover,US,6220,sajjemusic3475,False
UCvScUEIPU4_zAnW7cKj64HQ,Sri Lanka Acoustic Music,Music,Sri Lanka music cover,LK,885,srilankaacousticmusic4793,True
UCcgbUApKo1qfxkTOGYml76A,Music Kollo,Music,Sri Lanka music cover,LK,1380,musickollo456,True
UCPcyus45q7_BCKodTOOdS4g,Notch Music Sri Lanka,Music,Sri Lanka music cover,LK,103,notchmusicsrilanka9320,True
UCpZJJvZ2HMYBAxcDHRc21YA,T-music sri lanka,Music,Sri Lanka music cover,LK,49,t-musicsrilanka3602,True
UCOHm5X88G3MEzU98YZaZpZQ,sri lankan music,Music,Sri Lanka music cover,IT,35,srilankanmusic3736,False
UCRQDi1gOmaLAmNyVdoMQINQ,OHME Sri Lanka,Music,Sri Lanka music cover,LK,2560,ohmesrilanka776,True
UCpBRoj5lylloFFNZTHBy-6Q,Sri Lankan Cover Version,Music,Sri Lanka music cover,,48,srilankancoverversion1842,False
UCkf7eD9QJ9wsNP2Ys8CrW0Q,Kovis Sri Lankan Music 🇱🇰,Music,Sri Lanka music cover,LK,105,kovissinhalamusicchannel,True
UCknDNTk6-09DueGfTNLabLg,Sri Lanka Music East West Fusion,Music,Sri Lanka music cover,US,7,srilankamusiceastwestfusion,False
UCBLXfKDkZpPu-YUCDczo1Ng,Sri lanka Music,Music,Sri Lanka music cover,,1,srilankamusic2066,False
UCZa4qmZCoAR_nwPrBnhgjpA,Lanka Tunes,Music,Sri Lanka music cover,,0,lankatunes-j8k,False
UC7g0HyLbsaA61Dcwaqu2jeA,CEYLONE MUSIC -SRI LANKA,Music,Sri Lanka music cover,DZ,25,ceylonemusic-srilanka3963,False
UCvfEjOXRA_7le1DpGzSphxQ,Nilmini  and Nuwan music covers (sri lanka ),Music,Sri Lanka music cover,,6,rasikanilmini-x9u,False
UChu1bE0U17lSDE3AKBgm5HA,Sri lanka Music Talent,Music,Sri Lanka music cover,,4,srilankamusictalent973,False
UCh1GBh9K3ThnZkJjCdB5-bg,SONG LANKA,Music,Sri Lanka music cover,LK,265,song_lanka,True
UCfLMZ_GbWApmy5cF7NFl5lg,𝗩𝗶𝗯𝗲 𝗟𝗮𝗻𝗸𝗮 𝗠𝘂𝘀𝗶𝗰,Music,Sri Lanka music cover,,17,vibe_lanka_music,False
UClInYSlaWBH6f32H3ziih-w,Sri Lankan Music,Music,Sri Lanka music cover,,2,srilankanmusic9623,False
UC2BPjSBJ7-dBruz7y1f2ePA,Revaluation Music Sri Lanka ,Music,Sri Lanka music cover,,2,revaluationmusicsrilanka,False
UCoDhDkCDlbpzvrEF-oUfhjQ,Harsha Music,Music,Sri Lanka music cover,NZ,85400,harshamusicofficial,False
UCA-Dm3-91YAhl2kq2XZGvNQ,Chamara Weerasinghe - Topic,Music,Sri Lanka original song,,8940,UCA-Dm3-91YAhl2kq2XZGvNQ,False
UCTZXzU8nhrl1dRF3zioAYlw,Damith Asanka - Topic,Music,Sri Lanka original song,,18600,UCTZXzU8nhrl1dRF3zioAYlw,False
UC4FakcTRhTlewoPlR8drIjw,Sri lanka bus official,Music,Sri Lanka original song,,4,slbuspisso-d3e,False
UCBIT7v6VKSGcMcAoebzjcPQ,NaadhaGama - Topic,Music,Sri Lanka original song,,1010,UCBIT7v6VKSGcMcAoebzjcPQ,False
UC1Lu_fsiDLFtXHhuQccbKVQ,Dhanith Sri - Topic,Music,Sri Lanka original song,,473,UC1Lu_fsiDLFtXHhuQccbKVQ,False
UCoxI_xNtv5PHcEyXu6TYgKw,Gunadasa Kapuge - Topic,Music,Sri Lanka original song,,20200,UCoxI_xNtv5PHcEyXu6TYgKw,False
UCMLcchzwzP5ppunR4O6pXMg,Sri Lanka cricket official,Music,Sri Lanka original song,,13,srilankacricketofficial6778,False
UCrSPX3GAYbNXkKZQZoBOVpw,Music Sri Lanka Official,Music,Sri Lanka original song,LK,29,musicsrilankaofficial1922,True
UCzWnsmn41IZ_-ll3NhbaZyw,Namal Udugama - Topic,Music,Sri Lanka original song,,3140,UCzWnsmn41IZ_-ll3NhbaZyw,False
UCi3xB0KHcn3GuuqE6TcAkqA,Music Lanka Official,Music,Sri Lanka original song,US,2000,musiclankaofficial2054,False
UCeV-ZlRLHn6yuS9LcKx9gQQ,music empire official ,Music,Sri Lanka original song,,152,musicempire_official2k26,False
UCfZ14bhDHev5SlsEMNCM9-Q,Sri Lanka music Official,Music,Sri Lanka original song,,4,srilankamusicofficial1211,False
UCcNKgHbcLXpt35Vm9C3jrJA,C. T. Fernando - Topic,Music,Sri Lanka original song,,4610,UCcNKgHbcLXpt35Vm9C3jrJA,False
UCMF4AQ_-dhSxnWHI3mK3jwg,Infinite Official Sri Lanka,Music,Sri Lanka original song,LK,831,infiniteofficialsrilanka,True
UCuH-WijEwf1qk0WVkWHPgaA,sri lanka old song cover hub,Music,Sri Lanka original song,,7,rපරන,False
UCs_QV3LUn7DggIKnB0hS6ig,Original Karaoke Sri lanka,Music,Sri Lanka original song,,60,originalkaraokesl,False
UCDqnmEGmfOmS6svpiNfKjTw,Raveen Tharuka - Topic,Music,Sri Lanka original song,,3330,UCDqnmEGmfOmS6svpiNfKjTw,False
UCdScLeJszEf_AM2ejf6zrbg,Aruna Lian - Topic,Music,Sri Lanka original song,,16,UCdScLeJszEf_AM2ejf6zrbg,False
UCw27g2TAHoyF4CNINAC1adg,T M Jayarathna - Topic,Music,Sri Lanka original song,,13600,UCw27g2TAHoyF4CNINAC1adg,False
UC7DfBbptF631qCnqzTmFb4g,Music Sri Lanka official,Music,Sri Lanka original song,,9,laviyaofficial8969,False
UCJ70tFS8zvhZrCpCbgzfiTQ,Zany Inzane - Topic,Music,Sri Lanka original song,,693,UCJ70tFS8zvhZrCpCbgzfiTQ,False
UCuD4JgAV-aN4FTqg17pT8QA,Yasas Medagedara - Topic,Music,Sri Lanka original song,,698,UCuD4JgAV-aN4FTqg17pT8QA,False
UCQXAkHPD1RrHn2jLl5oCUxA,Sri lanka old Song hub,Music,Sri Lanka original song,,1,srilankaoldsonghub,False
UC9WC9lfrR4XNDTn1AiBDinQ,Original Vibe Lanka,Music,Sri Lanka original song,LK,11,originalvibelanka,True
UCH7iUTU682FKicon5fKr61w,FREEZE - Topic,Music,Sri Lanka original song,,49,UCH7iUTU682FKicon5fKr61w,False
UCLRUfBEqAmTZ6MonesRU1bA,Real Music Sri Lanka,Music,Sri Lanka original song,,4,realmusicsrilanka3659,False
UCxh9zeZg-YQvNhwUcOqE2nQ,SHAN PUTHA - Topic,Music,Sri Lanka original song,,2510,UCxh9zeZg-YQvNhwUcOqE2nQ,False
UCX2n8Tz5He1ylXlv-2ovIsQ,Dj TiM Sri Lanka Official,Music,Sri Lanka original song,LK,1430,djtimsrilankaofficial,True
UCc0ajw44ALaVN0tafvCkZUQ,SANGEETH PERERA 🅥,Music,Sri Lanka original song,,24400,sangeeth_perera,False
UC1dCjCDYaIkEN8Ck4EIpDHA,Sri Lanka Official Bus Diary ,Music,Sri Lanka original song,US,46600,slofficialbusdiary,False
UC_bx4wpYEjsMo_NTfZ7h7aA,Athma Liyanage - Topic,Music,Sri Lanka original song,,2280,UC_bx4wpYEjsMo_NTfZ7h7aA,False
UCwqUTusYct5H-AMJotjf95g,Kanchana Anuradhi - Topic,Music,Sri Lanka original song,,1150,UCwqUTusYct5H-AMJotjf95g,False
UCSujXqfTq3w-W9uSwc7lKKQ,Viraj Perera - Topic,Music,Sri Lanka original song,,6140,UCSujXqfTq3w-W9uSwc7lKKQ,False
UCU48OVhchUMpccwqm0GcnYw,Milton Mallawarachchi - Topic,Music,Sri Lanka original song,,24200,UCU48OVhchUMpccwqm0GcnYw,False
UCSRPntvq2xLXQtZwE2fA__w,Sunil Edirisinghe - Topic,Music,Sri Lanka original song,,3040,UCSRPntvq2xLXQtZwE2fA__w,False
UCs7MfComaktRykHq6Qc04Gg,LW OFFICIAL MUSIC VIDEO,Music,Sri Lanka original song,,442,lahiruwijesinghe-s3w,False
UCDYxMheJ0Pntdz_ijL0AUmA,Alvin and chipmunks - official channel Sri Lanka,Music,Sri Lanka original song,LK,384,alvinandchipmunks-official7913,True
UC_j2BOXBr7bcWBRPcYyjfiA,free fire official sri lanka ,Music,Sri Lanka original song,,2,freefireofficial-y6l,False
UCdA-AthF03QFHc5bP-jcK1g,Pradeep Rangana - Topic,Music,Sri Lanka original song,,10100,UCdA-AthF03QFHc5bP-jcK1g,False
UC7naetdL8FfHSzue4aOUbKA,old hit sri lanka,Music,Sri Lanka original song,LK,5,oldhitsrilanka1498,True
UCiowqN4I9txG35IQa5_KkHQ,Kevin Smokio - Topic,Music,Sri Lanka original song,,153,UCiowqN4I9txG35IQa5_KkHQ,False
UCo_wEIAeNTBP21waYJQtuGA,Original ( Sri Lanka ),Music,Sri Lanka original song,,6,originalsrilanka3512,False
UCjZU2f82Q8RGqAg9fUyagsw,Old Songs of Sri Lanka,Music,Sri Lanka original song,LK,10,oldsongsofsrilanka,True
UCyoaxfkaSP8S-XIM7A4D49Q,Old Hits - Sri Lanka,Music,Sri Lanka original song,,3,oldhits-srilanka9960,False
UCRlmbWMGC00YbIk0fH5idSw,Yohani - Topic,Music,Sri Lanka original song,,2740,UCRlmbWMGC00YbIk0fH5idSw,False
UC3XELynXsjo04O3_2NEhhMA,Old Hit Sri Lanka,Music,Sri Lanka original song,LK,32800,oldhitsrilanka5684,True
UCAf9mUcYimBMC5BN4_ynodA,Free Fire Sri Lanka Official,Music,Sri Lanka original song,LK,49,freefiresrilankaofficial2974,True
UCauwlxt6maOs_65p0fnlWOQ,Old Songs Sri Lanka,Music,Sri Lanka original song,,61,oldsongssrilanka8113,False
UCtClA8ZJg4YUfO_y9opALZQ,Oshadha vihanga,Music,Sri Lanka original song,LK,42,oshadh_vihanga,True
UCGlQBbvBkJ1IKWUeGMpbebA,Sunil Perera - Topic,Music,Sri Lanka original song,,3780,UCGlQBbvBkJ1IKWUeGMpbebA,False
UCzTMshe6DSBIwaQhvz8gWcw,Royal Aquarium & Pet Accessories,Pets & Animals,Sri Lanka pets,,41500,royalaquarium_wattala,False
UCtIzUW426lTNR34-GGMQvrQ,Sri Lankan Dog Lovers,Pets & Animals,Sri Lanka pets,LK,21200,srilankandoglovers,True
UCXSPI2yV9LbWbp1ESrjbO6g,SL pet value,Pets & Animals,Sri Lanka pets,,440,slpetvalue5513,False
UC-2JPD5wybLAPIPcIQp2Vgg,Ceylon Pet Show,Pets & Animals,Sri Lanka pets,LK,1890,ceylonpetshow,True
UCR8rmSZQ1BD-8CZJAtMdl5Q,Pet Care Sri Lanka,Pets & Animals,Sri Lanka pets,LK,3340,petcaresrilanka,True
UCw0yG1avNwxDnsVdkOAOZiA,Super  pet with chandana disanayaka,Pets & Animals,Sri Lanka pets,,80,superpetwithchandanadisana5995,False
UCTyhXdRpklIpK8F8ZqTG5cA,Beagles In Sri Lanka,Pets & Animals,Sri Lanka pets,US,882,beaglesinsrilanka6917,False
UConB2YM2LrXUI-M4NCzdp9w,tikiri trust animals page,Pets & Animals,Sri Lanka pets,,382,ricky313,False
UCOWCgndXfQ4DZKp34MXHYHg,Srilanka dog and fish,Pets & Animals,Sri Lanka pets,LK,2720,sldogfish,True
UC1xT6xzp6fdILFpxK0XFhWA,Thineesha sri lanka pets,Pets & Animals,Sri Lanka pets,,2,thineeshasrilankapets2193,False
UCBIrFQIsJA134Nbemr6n_gQ,Best Care Animal Hospital,Pets & Animals,Sri Lanka pets,LK,239,bestcareanimalhospital,True
UCnAKeRXHr_rqxkJb3Be-RlQ,Pet Club SL,Pets & Animals,Sri Lanka pets,LK,35900,petclubsl.,True
UCztplFDaxaWUs9VUCAhuGLg,Animal SOS Sri Lanka,Pets & Animals,Sri Lanka pets,GB,4180,animalsossrilanka1680,False
UCukhRZKWroIcQ7MLcWJ5Ijg,Pet Masters Srilanka,Pets & Animals,Sri Lanka pets,,434,petmasterssrilanka,False
UCLfJ1uuW6D7sXkTPRKNE1lg,CN sri lanka,Pets & Animals,Sri Lanka pets,,13900,chaturhaniumal-m9o,False
UCUj4dhVrw13lR0jma_BTQ7A,🌍LANKAN PETS🌍,Pets & Animals,Sri Lanka pets,GB,51,nadishasilva,False
UCLwYgmGWyLF4uCjGtnfMRSA,SRI LANKA PETS LOVERS,Pets & Animals,Sri Lanka pets,US,3700,srilankapetslovers,False
UCdRcFUtlY2Y4wO6nj9xUJ4Q,Pet SL,Pets & Animals,Sri Lanka pets,IN,474,pet_sl,False
UChSr-u2fodw5-4aflD-g2YA,LIfe With Pets Sri Lanka,Pets & Animals,Sri Lanka pets,LK,639,lifewithpetssrilanka797,True
UCxfEU1BPJRzkxoqG7C4vPZQ,Petbarn Sri Lanka,Pets & Animals,Sri Lanka pets,,3660,petbarnsrilanka6141,False
UCO1D6O3Pi6bJjZ3xsrWQvRQ,new pet LK,Pets & Animals,Sri Lanka pets,LK,27000,newpetlk,True
UC5oOEwYdNsvYOkCkWVynRow,Chabi pets,Pets & Animals,Sri Lanka pets,LK,2320,chabipets9950,True
UCdIJjJBHtOG_nEXEqzQB9dg,dr.kennel pet care Lanka,Pets & Animals,Sri Lanka pets,,790,dr.kennel7911,False
UC5A28PUkxGuezY0zv-Hk61Q,Pet World In Sri Lanka.,Pets & Animals,Sri Lanka pets,LK,406,petworldinsrilanka.3050,True
UC9SfHI70IyOP0NkrSSQRn-g,LOVELY PETS SRI LANKA,Pets & Animals,Sri Lanka pets,,21,lovelypetssrilanka1519,False
UCRx8nx_KDI-pPsAGfZBAtLw,Royal Pets,Pets & Animals,Sri Lanka pets,US,12600,royalpetsrilanka,False
UC5IM2uMULjHt-0aAfiG8E_A,PetVet Clinic,Pets & Animals,Sri Lanka pets,LK,82,petvetlk,True
UC-SpXzxn1kqmE2ltAqV7UCg,Wet Pet Zone Sri Lanka,Pets & Animals,Sri Lanka pets,,95,wetpetzonesrilanka,False
UCp_oTOvptN0zQVnCtOg_6aQ,Pets Sri Lanka,Pets & Animals,Sri Lanka pets,,1,petssrilanka249,False
UCcArO44Ji6HiwLNbC_ONXhw,My pet,Pets & Animals,Sri Lanka pets,,4930,mypet-qh9dc,False
UCl72Edycxp0eF0DlxdQFfTw,Paw Paradise Sri Lanka,Pets & Animals,Sri Lanka pets,LK,509,pawparadise-srilanka,True
UCKhxZU0NjTEtnbLK-PpmYxQ,Pets sale Sri lanka,Pets & Animals,Sri Lanka pets,,1,petssalesrilanka2891,False
UCT9teBBn6X0wMB_F3767wMQ,sri lanka pets,Pets & Animals,Sri Lanka pets,,4,srilankapets2784,False
UCkomTk7AtEOnCmh5S2-9_Fg,Sri Lankan Husky Family,Pets & Animals,Sri Lanka pets,LK,869,srilankanhuskyfamily2992,True
UCdFAl3bZf7bi7A5HX7USKzg,Pet Talk,Pets & Animals,Sri Lanka pets,LK,458000,pettalk,True
UCkZN_7yb7-ChHgykLKDnf8w,Pet Express - Sri Lanka,Pets & Animals,Sri Lanka pets,,727,petexpresslka,False
UCTcPaigvlYda4tIQL-IMamA, Hamster Sri Lanka,Pets & Animals,Sri Lanka pets,,486,hamstersrilanka,False
UCpESgC9gDwAmXHkiJl20kOg,ANIMAL SUPPORT,Pets & Animals,Sri Lanka pets,AE,9,animalsupportt,False
UCIuqEnNar4DCNjn9laRyf6g,My Pets LK,Pets & Animals,Sri Lanka pets,,81,mypetslk,False
UC8Y-LGE9ZKpa53aM3zzBryg,Pet Birds Sri Lanka Channel,Pets & Animals,Sri Lanka pets,LK,2470,petbirdssrilankachannel469,True
UClgzLFpC0RwvYg2PfD7oupw,sri lanka dog life,Pets & Animals,Sri Lanka pets,,47,srilankadoglife,False
UCzcBz-pV8L25_zJZmzSDEJw,sri lanka pets,Pets & Animals,Sri Lanka pets,,29,srilankapets1372,False
UCJPbMQYL6VewUfp5TJK8lqQ,FPB favorite pet book,Pets & Animals,Sri Lanka pets,LK,113000,favoritpetbook,True
UCLWofMl6ouENOuxQwYUPhJg,BestVcare Animal Hospital,Pets & Animals,Sri Lanka pets,LK,438,bestvcareanimalhospital,True
UCfXH0RAmLVMOH5noDaUDiUg,Cute Pets in Sri lanka,Pets & Animals,Sri Lanka pets,ID,93,cutepetsinsrilanka5341,False
UCgk1kT97AePkRpzM63WENiw,The pet Bro,Pets & Animals,Sri Lanka pets,LK,19200,thepetbro18,True
UCpt4nFV6OXyhpMAPfmYEcMA,Sri lanka Pet fun,Pets & Animals,Sri Lanka pets,,57,srilankapetfun4025,False
UCrD9Obf9n-hXg2MuS4IEpkg,Pet lovers Sri Lanka,Pets & Animals,Sri Lanka pets,LK,110,petloverssrilanka2441,True
UCpa9cv6AMWHYDCr2l2jKWuw,pet lanka,Pets & Animals,Sri Lanka pets,,1760,petlanka7580,False
UCR6rhscnujT_Vcze1wXLOhw,Street Dogs Rescue Sri Lanka,Pets & Animals,Sri Lanka pets,LK,45700,streetdogsrescuesrilanka,True
UCIr1MW_Z4BRifOFLUnIAWoA,4U Sri Lanka ,Pets & Animals,Sri Lanka dog training,,87,4usrilanka-t3t,False
UC1XpA60x-RSxKS1VIfqeEJg,K7 Dog Training,Pets & Animals,Sri Lanka dog training,,44,k7dogtraining,False
UCu2Vwaw7Df7vw9cwC_g57IA,SL KDP,Pets & Animals,Sri Lanka dog training,LK,6120,slkdp2884,True
UCU1TmHXLMWJhnPAV83vIfsA,Dog_lovers.,Pets & Animals,Sri Lanka dog training,,424,doglovers-m5,False
UCrYxFt6W7pNNQJfIdvbbmqw,TR Dog Training,Pets & Animals,Sri Lanka dog training,AE,25800,trdogtraining,False
UCil5Biujb5RNJKRVrGOEzSA,Northern standard dog training k-9 ,Pets & Animals,Sri Lanka dog training,LK,4260,nsdtk-9,True
UCOZWavCybhl9Imm-DB06BRg,Suki Jay - Monifa Zeev Taprobane,Pets & Animals,Sri Lanka dog training,LK,85,sukijay-monifazeevtaprobane,True
UC9eTKSVgTEyL_3zTKfhdMeQ,The Dog And Cat Lover(බලු පූස් ආදරවන්‍තයා),Pets & Animals,Sri Lanka dog training,LK,33,thedogandcatlover6237,True
UC3xB1Mcj2xyGTDizr8cJApA,SL Dogs,Pets & Animals,Sri Lanka dog training,LK,2270,sldogs,True
UCEfBcsztYd2J921N2I03hNA,Diamond bully Kennel - Sri Lanka,Pets & Animals,Sri Lanka dog training,,138,diamondbullykennel-srilank313,False
UCHUeLDkNtHOuI50JFQx0ilw,Ceylon Traditional Agriculture,Pets & Animals,Sri Lanka dog training,,326,ceylontraditionalagriculture,False
UCK3h-j6bV47KxmKxU9y2cCA,#K9 With Naleen ,Pets & Animals,Sri Lanka dog training,,79,taxinrides4768,False
UCYiQ7oxEKv7U78WdLpUVrFQ,K9 Unit Sri Lanka,Pets & Animals,Sri Lanka dog training,LK,13,k9unitsrilanka341,True
UCan4Y6DZLlmPFplA0iiWCkw,vishwa nirmana,Pets & Animals,Sri Lanka dog training,,0,vishwanirmana1226,False
UCvkNOJ3_xxrBZ5Wv50lmcfg,දඩෝරියා & K9 සාන්ත ,Pets & Animals,Sri Lanka dog training,,548,දඩෙරයk9සනත,False
UCRKmcTh5WIA2WCuZVTSrEfw,Agpsantha Santha,Pets & Animals,Sri Lanka dog training,,95,agpsanthasantha6065,False
UC9FNw5kOn9w77YIprjKOaag,Dog Training center in sri lanka,Pets & Animals,Sri Lanka dog training,,15,dogtrainingcenterinsrilank2582,False
UCOBvslFZBSYen7hJBZ57H8Q,Pushpakumara ,Pets & Animals,Sri Lanka dog training,,7,pushpakumararm,False
UCuKhEk_8dHg1p-PQOV14nBQ,dog trainer  deshapriya in sri lanka ,Pets & Animals,Sri Lanka dog training,,4470,dogtrainerdeshapriyainsril5556,False
UCfUkspmix8cp7HJnd8tOITA,Supun Sanjeewa,Pets & Animals,Sri Lanka dog training,,38,shitzhu-q9i,False
UCUS1U9Hnz2TXonX-Ho-wQ0g,Kukka vlog,Pets & Animals,Sri Lanka dog training,,9590,kukkavlog,False
UCfC-WxdopqJP8dQTyakoIeQ,Dinu Mahesh Marudhaphandy,Pets & Animals,Sri Lanka dog training,LK,13,dinumaheshmarudhaphandy2999,True
UC49RDka4jcBwTh_JjiX7MRg,Chami Royal Kennel,Pets & Animals,Sri Lanka dog training,,241,chamiroyalkennel1244,False
UC14vJimx0EBqW6P1KjdzfDg,Silver Valley,Pets & Animals,Sri Lanka dog training,,11,silvervalley7035,False
UCM2trzY7kjTpgtDlUTGgWmw,Dog Time,Pets & Animals,Sri Lanka dog training,AU,33,dogtime4585,False
UCZZEbobsL0HhwW-5eEe7LQw,Dog grooming kandy ,Pets & Animals,Sri Lanka dog training,,16,doggroominkandy,False
UCnsEAGl7HhxVJIf259C0uYA,Prasadi Brandigampala,Pets & Animals,Sri Lanka dog training,,22,prasadibrandigampala6637,False
UCSX0JfYvhskCByCG0C7D3FQ,Selvarajah Vignarajah,Pets & Animals,Sri Lanka dog training,,10,selvarajahvignarajah962,False
UCmxLF29mnXea_nL5kaOqD2w,Dog Lover  ,Pets & Animals,Sri Lanka dog training,LK,9970,doglover8157,True
UCqDMvUe1Zy9QzR-F6X7B5pw,Pawtopia dog hotel,Pets & Animals,Sri Lanka dog training,LK,8910,pawtopia_negombo,True
UCig3ZZhsSyy-De-J8DjHZKQ,SL seya,Pets & Animals,Sri Lanka dog training,,4,slnaturalpeople,False
UCqxK13l4trqLDRa302oAZIw,Kairo'sDiary SL,Pets & Animals,Sri Lanka dog training,LK,546,kairosdiarysl,True
UCtPZw_oP25erpghca8FmS7A,Rexy vlogz 🐾,Pets & Animals,Sri Lanka dog training,,84,rexyvlog,False
UC5vmAEc4Jb4FieHQj5TFvDg,Happy Dog Training,Pets & Animals,Sri Lanka dog training,,180,happydogtraining-c9x,False
UC0epqJD0cqLbchNBO6L-nwg,PawFit dogs training ,Pets & Animals,Sri Lanka dog training,,144,krishanmahikalpa,False
UCVOScEfLlrrOvMNphaILlYA,Dog Training Academy with k9 nalinda,Pets & Animals,Sri Lanka dog training,,3260,dogtrainingsrilankak9nalin525,False
UCIXIse4bgIFlfapo3OlzX5Q,Barking Burg Kennel 🇱🇰 ,Pets & Animals,Sri Lanka dog training,,19,barkingburgkennel,False
UCUszi7rJuDs5e72_ieMBNJg, ONE TARGET K9 🇱🇰 මේකනං පිස්සුවක් බං ,Pets & Animals,Sri Lanka dog training,,324,onetargetk9,False
UC-XaAM81zDQYUS3c1caScug,Roxy the rotty family,Pets & Animals,Sri Lanka dog training,,18,roxytherottyfamily5420,False
UCKAkoowgvweANtB3B1rprTw,Animal Care,Pets & Animals,Sri Lanka dog training,,124,animalcare9580,False
UCU94S60IBq_xSUtM0FBYC8A,Dog Training Sri Lanka,Pets & Animals,Sri Lanka dog training,LK,768,dogtrainingsrilanka,True
UCXUuWT77wZLdTM9DiZ03oHw,K9 වික්ටර් Sri Lanka,Pets & Animals,Sri Lanka dog training,,85,k9srilanka287,False
UCS7TOzC8cRTnUklI6cch2zA,Ceylon K9 Academy,Pets & Animals,Sri Lanka dog training,LK,1160,ceylonk9academy,True
UCrt0oAuZIhdbCqGMtjQvkKw,disnaka,Pets & Animals,Sri Lanka dog training,,9,disnaka3921,False
UCrpBmlktP-qsWVDNmOuzyDg,Cane corso Sri Lanka,Pets & Animals,Sri Lanka dog training,,12,canecorsosrilanka4347,False
UCaA8YO1rCyi3bvqnZFLwDtA,SK Srilanka,Pets & Animals,Sri Lanka dog training,LK,485,sksrilanka4641,True
UCZL4e5M_Wf09fdZJkPuALRw,Doggo Paws SL,Pets & Animals,Sri Lanka dog training,LK,12,sl_pineappl_paws,True
UCKsWUxy9NaKrOKYs1-aMQew,SRI LANKA CRICKET FANS,Sports,Sri Lanka cricket highlights,LB,133000,srilanka_cricket_fans5721,False
UC9f6CbGszIq4_t4xMy8MzOQ,Cricket Highlights,Sports,Sri Lanka cricket highlights,,4,highlightes5,False
UCw5yoUwUm56flQ8nEPkZ9Kw,Sri Lanka cricket team,Sports,Sri Lanka cricket highlights,,8,srilank-p1e,False
UCxqp4S-Aqq09FNFUbU5L-KA,SL Cricket Network,Sports,Sri Lanka cricket highlights,LK,382,slcricketnetwork,True
UC0iAVTOa04qjK6y9jZo7GNA,Sri Lanka Indoor Cricket,Sports,Sri Lanka cricket highlights,,142,srilankacricketindoor,False
UCzDNszMJtSO4HYuF9MRmC1Q,cricket night srilanka,Sports,Sri Lanka cricket highlights,,76,cricketnightsrilanka,False
UCc7NENWrEDB0ZNVDV69aavg,SL cricket highlights,Sports,Sri Lanka cricket highlights,LK,0,slcrickethighlights4561,True
UCtiCfsBi08PceIjJksF0HPw,Cricket Highlights Sri Lanka,Sports,Sri Lanka cricket highlights,US,17,crickethighlightssrilanka6606,False
UCkcvYOjR-uAU1YQ6XGdlQKw,𝗦𝗟 𝗖𝗥𝗜𝗖𝗞𝗘𝗧 𝗛𝗶𝗴𝗵𝗹𝗶𝗴𝗵𝘁𝘀,Sports,Sri Lanka cricket highlights,,3,slcrickethighlights-g4p,False
UCpNkg7qz1g30G6PvhBpIvow,Cricket Highlights,Sports,Sri Lanka cricket highlights,,1,crickethighlights7295,False
UCse8CqdA2tPu3QT9oX9tLhg,CRICKET LIVE AND HIGHLIGHTS,Sports,Sri Lanka cricket highlights,PK,0,cricketliveandhighlights5283,False
UCbwc_54axoZmfwaSZdLwKVQ,SL Cricket Highlights,Sports,Sri Lanka cricket highlights,,0,slcrickethighlights-vl8un,False
UCUPFH5NDPM3_hOdbqQLKjuQ,Sri Lanka Cricket Gossip,Sports,Sri Lanka cricket highlights,LK,12,srilankacricketgossip5150,True
UC2MHTOXktfTK26aDKyQs3cQ,Windies Cricket,Sports,Sri Lanka cricket highlights,AG,4410000,windiescricket,False
UCPFUNvr6XcxQQaUpbJ0XFhw,Srilanka Cricket Highlights,Sports,Sri Lanka cricket highlights,,3,sadeepamihiran6556,False
UCkN9tZjeEbf13vyYI4lXKsw,srilanka cricket new ,Sports,Sri Lanka cricket highlights,LK,34,srilankacricket-001,True
UCAii2Uf1GfDKwYkWLxUElAg,SRI LANKA CRICKET HIGHLIGHTS,Sports,Sri Lanka cricket highlights,,4,srilankacrickethighlights3274,False
UCJ78oHF4DMaZnHahih5pfwg,Sri Lanka Cricket Hitz,Sports,Sri Lanka cricket highlights,,126,srilankacrickethitz4810,False
UCFP_qhzlryz-LnD1sSiWCnQ,Daily Cricket Sri Lanka,Sports,Sri Lanka cricket highlights,,0,dailycricketlk,False
UCkPwknBiq-rMvf17z0uFMHA,Sri lanka Cricket live,Sports,Sri Lanka cricket highlights,,10,srilankacricketlive5837,False
UC9pDsjxpvaBShqGJw9jUaqA,srilanka cricket,Sports,Sri Lanka cricket highlights,,1,srilankacricket8488,False
UC7WVW0Mc4ruwHMfCE--rbAA,SL CRICKET HIGHLIGHTS,Sports,Sri Lanka cricket highlights,,1,slcrickethighlights3239,False
UCOr7RI9Wzan3Ri4sS4NlnfA,SL Cricket Highlights ,Sports,Sri Lanka cricket highlights,,21,hashinthana.p.ranathunga5456,False
UCV3Y8_bu_9ZIRBOZDmtVJEQ,Srilanka cricket lookaya,Sports,Sri Lanka cricket highlights,,67,srilankacricketlookaya2159,False
UCFYkbZsTd5tKeflhvgOZGDw,Sri Lanka Cricket,Sports,Sri Lanka cricket highlights,,40,srilankacricket1726,False
UC6DeeXYWVGnGKd68O5x5WQA,SL cricket highlights,Sports,Sri Lanka cricket highlights,LK,11,slcrickethighlights8333,True
UCwXLleNqyp-DQgYVffROsUA,Classic Cricket Highlights,Sports,Sri Lanka cricket highlights,,149000,classiccrickethighlights,False
UChiAgu5p4su8ywgzs76i4_w,Sri Lanka Cricket Highlights,Sports,Sri Lanka cricket highlights,IN,18,srilankacrickethighlights2304,False
UCP8aiwpLtXgNzjx1RF8k10w,Sri Lanka Cricket Lion,Sports,Sri Lanka cricket highlights,US,17,srilankacricketlion3841,False
UCkd4takjjF1EGD1TKIK2QiA,Sky Sports Cricket,Sports,Sri Lanka cricket highlights,GB,765000,skysportscricket,False
UC_ktqHkPmF2x_iiIEG9ugSg,Srilanka Cricket live ,Sports,Sri Lanka cricket highlights,,1,srilankacricketlive-t3r,False
UC5rKKR7C9ntNi6ZNaHma2cA,Cricket Highlights,Sports,Sri Lanka cricket highlights,PK,1,crickethighlights-ww3ht,False
UC_zxhwIr6gxLkxSrT1iPOCw,Cricket Highlights,Sports,Sri Lanka cricket highlights,,0,crickethighlights-ur8fy,False
UCeBUvGSzpT7NHbT_eP4L8vg,Backyard Cricket Sri Lanka,Sports,Sri Lanka cricket highlights,,1720,backyardcricketsrilanka,False
UC2ya22E7myYwZB4BPbUsPtw,Sri Lanka Cricket Coach Education,Sports,Sri Lanka cricket highlights,LK,5400,coacheducation6139,True
UCHBleC65x5WTSdRGNoMG_iw,Sri lanka cricket lakhada,Sports,Sri Lanka cricket highlights,,18,srilankacricketlakhada3944,False
UC1cQrvxVjXaJI3Po26Q7ZGA,Cricket Highlights,Sports,Sri Lanka cricket highlights,IN,4,crickethighlights3513,False
UCF09g_r9PyLMjGmMw70mNnw,lpl sri lanka,Sports,Sri Lanka cricket highlights,,3,lplsrilanka8917,False
UCWI2SKNZeXz2whaeXiy_Q3g,Cricket Highlights,Sports,Sri Lanka cricket highlights,PK,3,thecrickethighlightshow,False
UCj-hKu01kmDiRzi8w2AQ26w,cricket highlights,Sports,Sri Lanka cricket highlights,GB,0,crickethighlights626,False
UCbqnR3DfejxtL-djjCljagQ,Sri Lanka Cricket වටරවුම   ,Sports,Sri Lanka cricket highlights,,6,srilankacricket6321,False
UCiaD_MM6omMaxjTANcNPIeQ,Sri Lanka Cricket Vlog,Sports,Sri Lanka cricket highlights,US,243000,srilankacricketvlog,False
UCbGOccaksSx9TbF9vKdH1Mw,Short SL Cricket ,Sports,Sri Lanka cricket highlights,LK,19,shortslcricket_,True
UCrStrbd2621yN8L1yh48H5Q,sl cricket action,Sports,Sri Lanka cricket highlights,,63,rpgxvinoth,False
UCqUdtyEz0GFxtbnaEi2ZRtA,Cricket highlights,Sports,Sri Lanka cricket highlights,,1,crickethighlights569,False
UCQWHQTa-vX2UjI1yhFSVpOw,Sl Cricket Pulse,Sports,Sri Lanka cricket highlights,LK,10,cricketpulse-z3c,True
UCI8Nq8iWf9fM9ap50lCTDGw,Cricket highlights,Sports,Sri Lanka cricket highlights,,3,crickethighlights8304,False
UCCxIv6bGiGBYbcySVQMrBpQ,cricket Highlights,Sports,Sri Lanka cricket highlights,,58,crickethighlights-jg3xe,False
UC3TyI8BNpT1YaEuSTc1Cg-A,Sri Lanka Cricket Fan,Sports,Sri Lanka cricket highlights,LK,5,srilankacricketfan1366,True
UC34yaWFt-fwri1OqKia9E7w,EFLIfootball,Sports,Sri Lanka football,,143,eflifootball,False
UCj1ijjYAiWIncHaX07rXjzQ,Sports Sri Lanka,Sports,Sri Lanka football,US,12,sportssrilankanews,False
UCl4MonVoWRx3HqAh3Efw2Jg,Football Sri Lanka TV,Sports,Sri Lanka football,LK,65600,footballsrilankatv,True
UC7di5zivMKpYOmhyhZ2nVvg,Rj Chandru Sports Feed,Sports,Sri Lanka football,LK,18800,rjchandrusportsfeed,True
UC03N5f6JNbaL1QUyl-QLsiQ,SS Football Team Sri Lanka,Sports,Sri Lanka football,,29,ssfootballsrilanka,False
UCe1SNihLdVcmUprjpdk3jhw,DFCM Football sri lanka,Sports,Sri Lanka football,,47,dfcmfootballsrilanka,False
UCmRi6WxTmNsHGRsLCI_h4aA,Lanka Sports Plus ,Sports,Sri Lanka football,LK,765,lankasportsplus,True
UC-hUcDcBNlvnJ2I__AcpiQw,Football lovers Sri lanka,Sports,Sri Lanka football,,1,thisaruakash-r3t,False
UC9ldW_CaS6RM1OTlmV3llkg,HD FOOTBALL,Sports,Sri Lanka football,LK,719,hdfootballsrilanka,True
UCXcSNGv5IVG6LaKta20Cqwg,Drop Ball,Sports,Sri Lanka football,LK,1330,dropballslfootball,True
UCtEXRue0t3PLJl1kwMUOvIg,Ronaldo sri lanka fan club 🇱🇰,Sports,Sri Lanka football,,0,weerasingedilep,False
UCqx-LM1-3v1dK3ISy0Dw1pA,Throwball Srilanka,Sports,Sri Lanka football,,291,sports_tv05,False
UCIhG4iMEnt4Ec1-3ZSvwR-Q,Football Traveller,Sports,Sri Lanka football,IN,25800,footballtraveller7,False
UCq70YS1Og-Nsn0UX0WnUQ3A,Sports Today Magazine - Sri Lanka,Sports,Sri Lanka football,,2760,sportstodaymagazine-srilan1520,False
UC9x-mVhpdOHS4_A92UPuTIA,Minerva Academy Football Club,Sports,Sri Lanka football,IN,113000,minervaacademyfootballclub,False
UCjpW22ytEBsiCDkqfl85cug,sri lanka,Sports,Sri Lanka football,,4,srilanka5858,False
UCJvF1AEwJ4HEUS2qYlpXkrQ,Lanka Sports Extra,Sports,Sri Lanka football,,146,lankasportsextra,False
UC0Sh9_reWAC9MnRcV5skjEQ,FOOTBALL BANGLADESH,Sports,Sri Lanka football,BD,81800,footballbangladesh,False
UC3oy6VYMNC5h7od5RBp0quQ,SL Football,Sports,Sri Lanka football,AU,15300,slfootballftt,False
UCP1pOwFP0dNjmgXd8nmF_CA,Jonnish Talks,Sports,Sri Lanka football,NP,1820,jonnishh,False
UCzP5kAQca_lfS4sZC2ZcwgA,Save Sri Lanka Football,Sports,Sri Lanka football,,738,savesrilankafootball3235,False
UCfGoISGNfvuZbmSppEjQcIg,Football with Chathura,Sports,Sri Lanka football,,164,footballwithchathura7718,False
UCGrrITXoO1D5k1mHPpOKHaQ,EFLI Sri Lanka,Sports,Sri Lanka football,,28,eflisrilanka7955,False
UCrcATWZGF_p53r38i6VK0eA,Sri Lankan Sports TV,Sports,Sri Lanka football,LK,11700,srilankansportstv,True
UCvNv4wVoRpqzvaW4p-PnSqw,Renown Football Academy,Sports,Sri Lanka football,LK,186,renownfootballacademy1367,True
UCU0DySW9jE9BNOVKGS8Lbqg,Sports Lanka,Sports,Sri Lanka football,,4,sports-lanka,False
UCVTXgeU3nXvprehimwrFfeQ,Sri Lanka Sports,Sports,Sri Lanka football,,36,niranjasilva,False
UCKvDFUkkDYUAUcpkgESCLew,E FOOTBALL Sri Lanka ,Sports,Sri Lanka football,,1,efootballsrilanka,False
UCYzqkiE_lQWRupq4trdp5Gg,TAFA Sri Lanka,Sports,Sri Lanka football,,72,tafasrilanka3779,False
UC7etbDk-NvIZhzvjdUAYXxQ,Kickstart Football Academy ,Sports,Sri Lanka football,LK,22,kickstartfootballacademy,True
UCRJu5Xm-RN63uZMY77afS1Q,SRI LANKA,Sports,Sri Lanka football,,95,srilanka8833,False
UC-TPAJpit-cnGUG-zWliKFw,Sri Lanka Sports,Sports,Sri Lanka football,LK,8320,srilankasportsdotcom,True
UCNnzN9z1Uz6Bs-lFCX7WZ0w,Euro Sri Lanka,Sports,Sri Lanka football,,4330,eurosrilanka,False
UCjhte_OJ0XpJRkqDbrfU_XQ,Turkmen Football,Sports,Sri Lanka football,TM,2520,turkmenfootball,False
UCc2InpeQpUmYqcg4XxtfmLQ,Hold My Beer Football,Sports,Sri Lanka football,TW,1940,holdmybeerfootball,False
UCochxc7PdDTSNl9dCEej0ug,Stallions Sri Lanka,Sports,Sri Lanka football,,34,stallionssrilanka5877,False
UC3sbcH3_WB9Hnyg4U4Kl12Q,Knockout Sri Lanka,Sports,Sri Lanka football,IN,1190,knockoutsrilanka,False
UC6CeurhVnSDDXMAq78FdTTA,SSL- Singlish Sri Lanka ,Sports,Sri Lanka football,LK,496,singlishsrilanka-s4q,True
UCPN40tRhFT4r8ImVsY8IPAQ,KJ Football Academy,Sports,Sri Lanka football,,108,kjfootballacademy7165,False
UC8_M_acGmFmVu1oZeA188UA,BARCELONA FA SRI LANKA,Sports,Sri Lanka football,,68,barcelonafasrilanka1196,False
UCMCA9Dpg0Wi-A-LaFp2OSOw,Sri Lanka ,Sports,Sri Lanka football,,11,official_sri-lanka,False
UCIKg0Ev6Vq2M7hU7bL_jHFQ,ThePapare․com,Sports,Sri Lanka football,LK,658000,thepapareofficial,True
UC74RbqcEPk3p19xUtugin9g,Sri Lanka Manchester Soccer Academy,Sports,Sri Lanka football,,239,srilankamanchestersoccerac5745,False
UCSPkz9U2u1vAsUqGWYEk7MQ,Lankan Freestyler,Sports,Sri Lanka football,LK,204,misfakgaffoor,True
UCverUbXs3ThDt8-jlOVaF9w,Football Siam,Sports,Sri Lanka football,,13,footballsiam,False
UCpfi9xx85CAVdtLIR1Izwbg,Juventus Lion Sri Lanka Football Academy,Sports,Sri Lanka football,,62,juventuslionslfa,False
UCah_QCw7uHZtIDzOW6-oK4g,Aham Inas,Sports,Sri Lanka football,LK,1510,ahaminas,True
UCXTxTZIaceYXQSOrnQvWvvA,sri lanka football future ,Sports,Sri Lanka football,,30,daham-football,False
UCubXpeibqMAoLEKVCA_E1jQ,Rover Sri Lanka,Travel & Events,Sri Lanka travel vlog,GB,796,roversrilanka3898,False
UC7ie-KelX2CBr1zZNb6IZOg,Vinit travel vlog,Travel & Events,Sri Lanka travel vlog,,3,travel.diary.,False
UCz7Je-jOHSuONv0jRB5J1Uw,Soul of Sri Lanka,Travel & Events,Sri Lanka travel vlog,,10,soulofsrilanka-j8t,False
UCgfd4OX_7Lcs-f33miLn3OA,Sri Lanka Travelogue,Travel & Events,Sri Lanka travel vlog,,4,srilankatraveloguee,False
UCrSHHMNoowx3xN7GHYXaZ2w,SRI LANKA's Beauty By Sara's Eyes with  යකඩ මනමාලී,Travel & Events,Sri Lanka travel vlog,,24,mediinvestigatorby5164,False
UCdgOAnTOKy_g0NwkAi4_DoQ,Adventure Lanka ,Travel & Events,Sri Lanka travel vlog,,81,adventurelanka,False
UCo0fodGX_3gepaWfjc2MyLA,All Vibes Sri Lanka ,Travel & Events,Sri Lanka travel vlog,LK,36,all_vibes_sri_lanka,True
UCXRlJKuqDQq_NPJHu8IaboA,Manee Vlog,Travel & Events,Sri Lanka travel vlog,,18,maneevlog-w7d,False
UCKVq53n8k4csrHeC1T43NYw,Travel With Saara,Travel & Events,Sri Lanka travel vlog,LK,15200,travelwithsaara5061,True
UCkVKdDTks0XJ3COH6RI1l8Q,SRI LANKA TRAVEL CANVAS,Travel & Events,Sri Lanka travel vlog,LK,32,srilankatravelcanvas,True
UC6gixsVFM3Fw3SYQXhhhlpg,Travel Pissuwa,Travel & Events,Sri Lanka travel vlog,,12,travelpissuwa-u3v,False
UCXfT4cNKEFlRrKZylafLprg,travel vlog,Travel & Events,Sri Lanka travel vlog,VI,227,travelvlog4947,False
UCTap3NT20DO3BaUnxBV9I0A,Travel Vlog,Travel & Events,Sri Lanka travel vlog,LK,99,travelvlogst,True
UCLXLYnqJXoaKEA9toavBJnw,tripping sri lanka,Travel & Events,Sri Lanka travel vlog,,7,trippingsrilanka-zv8in,False
UC5FpTIr4l1jDNKcUZO-WIEA,Rajnish Tanwar Vlogs,Travel & Events,Sri Lanka travel vlog,IN,35000,rajnishtanwarvlogs,False
UC8IP1bYxoeFVP5BP7JwG76w,WoW Journey in Sri Lanka (Sinhala),Travel & Events,Sri Lanka travel vlog,LK,286,wowjourneyinsrilankasinhala,True
UCi5_sjwqdnduiyrjBuGU0Fw,Dissa Travel Vlogs,Travel & Events,Sri Lanka travel vlog,,120,dissatravelvlogs3885,False
UC2_Gkq64V-2UbPLMt39mnaw,Travel With Achiya,Travel & Events,Sri Lanka travel vlog,LK,3750,travel-with-achiya,True
UChwjz-THeefGm2mSbYB37Wg,king Travelling sri Lanka,Travel & Events,Sri Lanka travel vlog,LK,2140,kingtravellingsrilanka,True
UCh3ACc11ECpUWZKnagOgEbQ,Sri Lankan Travel Vlog,Travel & Events,Sri Lanka travel vlog,LK,8,srilankantravelvlog643,True
UCLig0mTH2jvEpJsOtrZkvzA,Kithadi Kiran,Travel & Events,Sri Lanka travel vlog,IN,272000,kithadikiran,False
UCq79gC8LHkmCPTtqODIHKsA,Authentic Sri Lanka Travel,Travel & Events,Sri Lanka travel vlog,US,1360,authenticsrilanka,False
UCjM-a_T7cY_nR7NbPpV_vvg,EDU with DULANKA,Travel & Events,Sri Lanka travel vlog,LK,47800,eduwithdulanka,True
UCx-7U8L664YJgngQp1ew51w,මතුවා | Mathuwa VLOGS,Travel & Events,Sri Lanka travel vlog,LK,121,mathuwavlogs,True
UCTOfjmakk5txVm5RuRwklUg,Travelling Cat Lover,Travel & Events,Sri Lanka travel vlog,GB,53,travellingcatlover,False
UCBwuL2xjgCtQS9sxEjd4xMw,Miracle's Gallery ,Travel & Events,Sri Lanka travel vlog,LK,45,miraclesgallery,True
UC9C98dUoYpT9vJt6TYWmtig,Sri Lanka & Beyond,Travel & Events,Sri Lanka travel vlog,,21,srilanka15,False
UCl7EhHME6rNl7uTCeQ4P22Q,We travel in ✈ travel vlog,Travel & Events,Sri Lanka travel vlog,US,164,wetravelintravelvlog6222,False
UCrYYlurQKzxeyabcqwSEYcQ,Ride with Gabi,Travel & Events,Sri Lanka travel vlog,TH,291000,ridewithgabi,False
UCdwyxFspR9MhY53cwh97WOA,Miss Vinah DIY Travel Vlog,Travel & Events,Sri Lanka travel vlog,PH,136,diytravelvlog,False
UC14-B_3C30cxZGuFJR0I-Ug,Sol Life,Travel & Events,Sri Lanka travel vlog,US,595000,sollife_,False
UCTa-I4awNSU5Z3lCpR8c3Bg,Wandering With Paint,Travel & Events,Sri Lanka travel vlog,IN,667000,wanderingwithpaint,False
UCiN8pQvSxfW1o9TSZN8Bf9g,KELLA,Travel & Events,Sri Lanka travel vlog,LK,62000,kellatravel,True
UCEneEx_9xYHkAAjFdLnBxQA,Travel vlog ,Travel & Events,Sri Lanka travel vlog,LK,232,travelvlog-w1s1m,True
UCzZNkL3RsR2x30Qs2dE2hqg,Sri Lanka Travel and Tourism,Travel & Events,Sri Lanka travel vlog,LK,107,srilanka_lk,True
UCL8MBangNpdTKucO_WlLNBQ,This Is Sri Lanka by Sheneller,Travel & Events,Sri Lanka travel vlog,US,4550,this.is.srilanka,False
UCWrJW5qgCKGpYAxyMCp5Hxg,Allen K S L,Travel & Events,Sri Lanka travel vlog,LK,186000,allenksl,True
UCNc5L5qYJBWj5kECkwaZILg,Simply Shetty,Travel & Events,Sri Lanka travel vlog,MY,1600,simply_shetty,False
UCGTgljmxkh3paMNJ73j---w,Sri lanka vlog ,Travel & Events,Sri Lanka travel vlog,,72,srilankavlog-sl,False
UCJ3yi0qMXqDFNNEqkMPHwrw,SERENDIB TRAVEL VLOG ,Travel & Events,Sri Lanka travel vlog,LK,194,travelsl5,True
UC22h2bqHVGdDN0-suhCH-VQ,Travel Vlog,Travel & Events,Sri Lanka travel vlog,,13,travelvlog7206,False
UCSMdpP09Gch84CaLH1U9qUw,Travel vlog sl,Travel & Events,Sri Lanka travel vlog,US,27,islandvibevlog,False
UCZw-8vhDi8SvEjHgHI4WTMw,Sachiya-Vlog,Travel & Events,Sri Lanka travel vlog,LK,6,sachiya-vlog,True
UC5KpdIlWoZAPKWecCMFL9-Q,Travel Vlogs,Travel & Events,Sri Lanka travel vlog,,3,travelvlogs-00,False
UCpjsVtz0d0fjsM0Gi2O58sQ,umi vlogs ,Travel & Events,Sri Lanka travel vlog,,115,umandihansinee,False
UCVJRiEXH8SpQhiL9G6ryynA,Mr. Gurusinghe,Travel & Events,Sri Lanka travel vlog,LK,20800,mr.gurusinghe,True
UClysHhHIA7IBUPWDkeIHu2Q,Welcome To Sri Lanka - ආයුබෝවන්,Travel & Events,Sri Lanka travel vlog,US,78,welcometosrilankaආයබෙවන,False
UCwEzzoxCei4O-dbPjDGz20g,Travel Nilame Vlog,Travel & Events,Sri Lanka travel vlog,,26,travelnilamevlog,False
UCKF1-udX5yZdP8fGCVLt6VA,Silvia & Shadman,Travel & Events,Sri Lanka travel vlog,BD,251000,silviashadman,False
UC0P9H-LHk3MnvQkHcILtkfA,HEFLY TRAVEL VLOG,Travel & Events,Sri Lanka travel vlog,IN,68,heflyco,False
UCzfbJKcwa21jG1zYGEG1OBQ,Sri Lanka Hotel Guide,Travel & Events,Sri Lanka tour guide,LK,258,slhotelguide,True
UCyeFZYnUsbqGrnIqriHDWxQ,Sri Lanka Travel Guide,Travel & Events,Sri Lanka tour guide,LK,2,sri-lanka-travel-guide,True
UC-CPG8774sPO9u5Uykx60Yg,Tour around Sri Lanka,Travel & Events,Sri Lanka tour guide,LK,0,touraroundsrilanka,True
UCKBotsXrIQ4ZQlGGh-LuttQ,Camelia Tours Sri Lanka,Travel & Events,Sri Lanka tour guide,LK,6,cameliatourssl,True
UCWU9khVp7JQXlCG4jVpJMKQ,Sri Lanka Driver Guide (Digital Tourism Pvt. Ltd),Travel & Events,Sri Lanka tour guide,,1780,srilankadriverguide,False
UCL6CPo74VXtsNZokcnIkzmQ,Sri Lankan Tours,Travel & Events,Sri Lanka tour guide,LK,604,sri_lankan_tours,True
UCuzXHZ5Va5h0m2zErUP0rIA,Travel Guide Sri Lanka,Travel & Events,Sri Lanka tour guide,,0,travelguidesrilanka9512,False
UCzaTdeRzUq5ionIu8qWw88A,Travel Guide Sri Lanka,Travel & Events,Sri Lanka tour guide,LK,18,travelguidesrilanka182,True
UCgk5JwpC1Y1FZRB1gnu_cyQ,Tour Guide Sri Lanka,Travel & Events,Sri Lanka tour guide,,33,travelersguidesrilanka7313,False
UC52oHirf4jHa4_HSXw6yUhA,SL Tour Guide,Travel & Events,Sri Lanka tour guide,LK,1,sltourguide,True
UCrGXvJATRjgLb6fN1MFMC4Q,Sri Lanka Travel Guide,Travel & Events,Sri Lanka tour guide,,1990,srilankaexplorer,False
UCtboLTpxXeLyDzCIsHgsx5A,Srilanka Tour Guide,Travel & Events,Sri Lanka tour guide,,3,srilankatourguide,False
UCHxH_-4U4y6OuGqe5XiWWqA,Job Guide Sri Lanka,Travel & Events,Sri Lanka tour guide,LK,196000,jobguidesrilanka,True
UCLbE_xq1etxULkX-7T7FbEA,Tour Guides Diary - Tharanga in Sri lanka,Travel & Events,Sri Lanka tour guide,LK,22100,tharangatdk,True
UC9ZBA7S_lucysinN4TrSeHw,Sri Lanka Tour Guide,Travel & Events,Sri Lanka tour guide,LK,114,srilanka_tour_guide,True
UCrXH3bjqSAndzb72KkauIrg,Traveling Diary Srilanka 🇱🇰,Travel & Events,Sri Lanka tour guide,LK,66800,travelingdiarysrilanka,True
UC76PEE9H1ho1Gux1AcdXlNg,Art of Ceylon | Sri Lanka Travel Guide,Travel & Events,Sri Lanka tour guide,GB,13,visitartofceylon,False
UCEP-w85s_2Y-IvoLU0U1QHg,Sri Lanka Tourist Guide 🇱🇰,Travel & Events,Sri Lanka tour guide,,20,travelwithramees,False
UCjUbU5xWgBnHyB6Ye345jpw,Tours and Foods,Travel & Events,Sri Lanka tour guide,IN,118000,toursandfoods,False
UCpBHOm1A5iC8hVCYK9eOmgA,travel guide sri lanka,Travel & Events,Sri Lanka tour guide,,5,dinithrandunu,False
UC0P6CkaNtmfMKQeaqW1K_7g,Tour Guide,Travel & Events,Sri Lanka tour guide,,2,tourguide-l3p,False
UCJY1-jawEq7c9U7mY6xA4vQ,Sri Lanka Tourism,Travel & Events,Sri Lanka tour guide,LK,23500,srilankatourism_sltpb,True
UCMHCXMKH-WljgKrAhfBy_IQ,Sri Lanka Tourist Guide,Travel & Events,Sri Lanka tour guide,,0,srilankatouristguide,False
UCP-yI2ffacN8bZyBatqWcbA,Private Tour Guide in Sri Lanka,Travel & Events,Sri Lanka tour guide,LK,5340,privatetourguideinsrilanka,True
UCrtDAPiMbrQMmbN23ouO-PQ,Sri Lanka Tour Guide Prasad Tours ,Travel & Events,Sri Lanka tour guide,,66,srilankatourguide4361,False
UCRkzL0-FkIP36GH4O6CTNqw,Sri Lanka Tour Guide,Travel & Events,Sri Lanka tour guide,LK,3,srilankatourguide-i9j,True
UC3RjRcA5aplgl5f2IWI634Q,Explore Vacations Sri Lanka,Travel & Events,Sri Lanka tour guide,GB,9100,explorevacations,False
UCJA0a_Ggz9huEg9qmz8zm3g,Sri Lanka Travel Hacks,Travel & Events,Sri Lanka tour guide,LK,96,srilankatravelhacks,True
UCpsQIKMi6QufqCRNkb_CO9g,𝙎𝙧𝙞 𝙇𝙖𝙣𝙠𝙖 𝙏𝙤𝙪𝙧𝙞𝙨𝙢,Travel & Events,Sri Lanka tour guide,,2,srilankatourism_sl,False
UCbjZgpDg_MCUKZWmadtMZnA,Tour Guide Diary ,Travel & Events,Sri Lanka tour guide,,122,vibeswithhash,False
UCjep8IdTLwBrVmwstBfccPw,SRI LANKA TOUR GUIDE,Travel & Events,Sri Lanka tour guide,LK,1,srilankatourguide8152,True
UCl7t-NMya4EY-aLXiudLFaA,Sri lanka travel guide,Travel & Events,Sri Lanka tour guide,LK,5,srilankatravelguide-i1v,True
UCmsKmuJcl1q_eLI6mAujLjA,Sri Lanka Travel Guide,Travel & Events,Sri Lanka tour guide,,231,srilankatravelguide-l9z,False
UCkw9SzSBeflho7kTHsrx_tA,Tour Guide In Sri Lanka,Travel & Events,Sri Lanka tour guide,,55,praveenmendis79,False
UCZJaAHFUSbIx39JqJUMTEcw,Travel Guide Sri Lanka Official,Travel & Events,Sri Lanka tour guide,US,30,travelguidesrilankaofficia1360,False
UCXuw1TmHn-Zg_T-ySi-YGgA,Lanka Explorer 🇱🇰 ,Travel & Events,Sri Lanka tour guide,,22,lankaexplorer-sl,False
UCx5Rp-vL2d7IqLWqV5cBQHg,Sri Lanka Travel Guide,Travel & Events,Sri Lanka tour guide,LK,151,srilankatravelguide395,True
UC3PQGqLMsyThAeKbKFSB3UA,Sri Lanka Travel Guide,Travel & Events,Sri Lanka tour guide,GB,2,srilankatravelguide_sltg,False
UCEkvqRUnCm41i138T1_od3g,Sri Lanka Tourism,Travel & Events,Sri Lanka tour guide,,12,guidelankan,False
UCBaQ79lguDBwlpFVwqHfn6g,Tour Guide SriLanka,Travel & Events,Sri Lanka tour guide,,7,tourguidesrilanka8280,False
UCQeYJy0YInj69dHrh4cMn5Q,Travel In Sri Lanka Diaries,Travel & Events,Sri Lanka tour guide,LK,352,travelinsrilankadiaries,True
UC2qkmSQNyi-j3xb9258vCRA,Lanka Travel Guide,Travel & Events,Sri Lanka tour guide,,26,lankatravelguide-ch4tj,False
UC8enw3E_qiu0ismyWPTidQw,Sri Lankan Tour Guide🇱🇰,Travel & Events,Sri Lanka tour guide,,15,leoneniro9743,False
UCNNJVOnVL2ycqG9MAClp7Lg,Tour Guide Lanka ,Travel & Events,Sri Lanka tour guide,,281,mada_tourguidelanka,False
UCZZY2F-smty0q2fyERNHLeA,Private Tour Guide in Sri Lanka,Travel & Events,Sri Lanka tour guide,,4,privatetourguideinsrilanka15,False
UCj7slZvOlIkS06ZWucJEnQg,exotic island tours - srilanka tour guide,Travel & Events,Sri Lanka tour guide,,16,exoticislandtours_srilanka,False
UCoASUK71iPmdW42Fw_XNWtw,Sri Lanka Travel Guide,Travel & Events,Sri Lanka tour guide,GB,423,srilankatravelguideofficial,False
UCy_NEAFZMEiFrnZK2sUWq4w,Sri Lanka Travel Guide,Travel & Events,Sri Lanka tour guide,,0,srilankatravelguide7395,False
UCVrKLVoiPt1dIvZkwWUx6jQ,Rustic Travel - Sri Lankan Tour Guide,Travel & Events,Sri Lanka tour guide,,18,rustictravelsl,False
UCYQtPq6jdwO7QbJ2j1dM86w,GAMING  M2K,Gaming,Sri Lanka gaming,,68500,gaming-m2k-ff,False
UCIuTmuY_711NzYjBAHYxGRw,gaming Sri Lanka,Gaming,Sri Lanka gaming,,1,gamingsrilanka-js2jp,False
UC5-bq5cxEBTPRH58MSb5p7Q,Panda Gaming Sri Lanka,Gaming,Sri Lanka gaming,LK,110,pandagaminglive1,True
UCI2e1y5DEClmDQgSEDl9qZQ,GAMING NIKKA,Gaming,Sri Lanka gaming,LK,236000,gamingnikka6868,True
UCTBrMrm0PhvVK9-9gXglHlQ,GAMING SALLA,Gaming,Sri Lanka gaming,,62100,gamingsallayt,False
UCUCPPNqbmUoYCz56WuBV-HA,sri lanka gaming,Gaming,Sri Lanka gaming,,1,srilankagaming807,False
UCAYGhFThlHe-3ugwJaUE0sA,Gaming With Kaniya,Gaming,Sri Lanka gaming,US,55200,gamingwithkaniya,False
UCkfAQ4NJYNLemEFD5wtZ_mA,Sri lanka gaming,Gaming,Sri Lanka gaming,,5,srilankagaming-e6q,False
UCwSgDoYDXzV8-1L_M4kGZgw,Lankawe Kollek Gaming,Gaming,Sri Lanka gaming,US,101000,lankawekollekgaming,False
UC9njmypEq3Xz06jbUJ-85vQ,Gaming VENOM Sri Lanka,Gaming,Sri Lanka gaming,LK,117000,gamingvenomsrilanka,True
UCO0Z6tk0DRImLFtAhQ4BXyA,Mogo Games,Gaming,Sri Lanka gaming,,3980,mogo_games,False
UCDy_4pOSKVuu7pRqar-LJ2g,sri lanka Gaming,Gaming,Sri Lanka gaming,,59,srilankagaming2314,False
UCzawCs4xEp6Nllm4DbnjrxA,Gaming Sri Lanka,Gaming,Sri Lanka gaming,LK,875,gamingsrilanka638,True
UC2Luxf0p19pVu8uKi2ERJ0A,SRI LANKA GAMING ,Gaming,Sri Lanka gaming,,0,srilankagamingtamilboys,False
UC44raEuXGEKA3h-pYhF4z3w,GAMING Killa ( Sri Lanka ) ,Gaming,Sri Lanka gaming,,17,gamingkillasrilanka,False
UCbRGBfmaFW40TeYrunj2QzA,GAMING SRI LANKA,Gaming,Sri Lanka gaming,,70,gamingsrilanka6100,False
UCMayHG7j39d11Gh36vV7GnQ,Maraya Gaming,Gaming,Sri Lanka gaming,LK,34800,maraya91,True
UCxVVJnWg8B7u6fh_U1nZBFQ, GAMING SRI LANKA ,Gaming,Sri Lanka gaming,LK,5,gamingsrilanka-n5n,True
UCa9nfs03M7h82xf_ROYUUWQ,JR Gaming,Gaming,Sri Lanka gaming,JP,1090,jr_gamimg,False
UCZx_rLvu8LnD3F_RRnnuiNA,Laahiru Gaming,Gaming,Sri Lanka gaming,JP,77800,laahirugaming8198,False
UCSw_5fZrselH_au61zvIpJw,Maduwa Gaming,Gaming,Sri Lanka gaming,LK,76000,maduwagamingff,True
UCsHad6HWytp_Xp-6NomY_yQ,Game Sri Lanka,Gaming,Sri Lanka gaming,LK,484,gamesrilanka,True
UCXsHNGxFxeBjI9YIvs8bHUQ,Sri Lanka Gaming,Gaming,Sri Lanka gaming,US,63,srilankagaming3644,False
UC36J0fSNdIP-Es_tmsoO7AA,A.R.B Gaming Official,Gaming,Sri Lanka gaming,,54900,arbgamingofficial,False
UCBR9iW2qo_7LP9_9u3A2ZeQ,Gaming Sadu,Gaming,Sri Lanka gaming,LK,360000,gamingsadu,True
UCHFltAisEmARTFwmcPr7EbA,Gaming In Sri Lanka,Gaming,Sri Lanka gaming,,3,gaminginsrilanka8060,False
UCXBHPGYTwiBvTIk5dl9-r6Q,GAMING ALFHA,Gaming,Sri Lanka gaming,LK,185000,gamingalfha,True
UCUVVqjd_S7_OhG1n3pEwIog,Gaming sri Lanka,Gaming,Sri Lanka gaming,GB,12,gamingsrilanka4338,False
UCsaRAkUFf4TxNXWKL9xWfAQ,Sri Lanka gaming,Gaming,Sri Lanka gaming,,0,firnasfirnas-hw4kr,False
UC5tvvOwJnfs02oYOpcCMPsg,DON WITH GAMING ,Gaming,Sri Lanka gaming,US,9210,donwithgaming,False
UCc0_58FsIz-EdjlJalWGI8A,SRI LANKA GAMING,Gaming,Sri Lanka gaming,US,131,srilankagaming3438,False
UCOpU3HT80TvR6KFyUi4_2lw,KJ GAMING SL,Gaming,Sri Lanka gaming,US,51900,kjgamingsl,False
UCdYFsr8bIYW1TRwhjy_3vIw,SRI LANKA GAMING,Gaming,Sri Lanka gaming,,3,srilankagaming7371,False
UC1dfhQyj962rwYPVLi3OHLg,B I L L A,Gaming,Sri Lanka gaming,LK,708000,billastreaming,True
UC7Cx6QFYB8zcxozEDUZgnIg,Gaming Sri Lanka,Gaming,Sri Lanka gaming,,3,gamingsrilanka-j8c,False
UCpoFVjuq1ALkaLXUCpn_GuA,GAMING LANKA,Gaming,Sri Lanka gaming,LK,2180,gaminglanka1017,True
UC3tZX9zrT1-Ye5iOiW7Bziw,Gaming Sri Lanka,Gaming,Sri Lanka gaming,,0,gamingsrilanka150,False
UCcFyjFWJPQ3YA1-BMnmwkhQ,Ghost GamingYT,Gaming,Sri Lanka gaming,LK,44200,g_host_gaming,True
UCI9Q4v43EO3RSh43uI_IsFg,Pixel Lanka Gaming,Gaming,Sri Lanka gaming,,16,pixellankagaming,False
UCoNaQS6wefjNVFkwvxrzAYw,MR BRO,Gaming,Sri Lanka gaming,LK,161000,mrbrolk,True
UCo_1BrdbPqylD0YtSR4vpJA,Sri Lanka Gaming,Gaming,Sri Lanka gaming,US,5,srilankagaming9757,False
UCJnT0zMFs9ZSNEt55-Ox-DA,Sri lanka   Gaming,Gaming,Sri Lanka gaming,,17,srilankagaming9702,False
UC9raKgVLTsFZESP50D20WLQ,DC Games,Gaming,Sri Lanka gaming,,38900,dcgames3200,False
UCpHwpuH2n20Q3lRwXuRfQXw,GAMING SRI LANKA,Gaming,Sri Lanka gaming,,1,dilshandilshan-kw7zk,False
UCnRg3w-mhthPX-3Wa1cAKDQ,GAME IN SRI LANKA,Gaming,Sri Lanka gaming,LK,1,playerofgames-z1f,True
UC72XNqS419B9_0a-wqngKSA,Garena Free Fire Gaming Sri Lanka,Gaming,Sri Lanka gaming,LK,8,garenafreefiregamingsrilan6591,True
UC89l05DO86CxEiw7ig-_RFg,Sri lanka Gaming,Gaming,Sri Lanka gaming,,0,srilankagaming3288,False
UC_Yt4EUT5dtwOxMm6sheYrQ,BAT GAMING Cricket,Gaming,Sri Lanka gaming,LK,371000,batgaming5564,True
UCTv92gjQo4ssFATh-h4aPAQ,Sri Lanka Gaming,Gaming,Sri Lanka gaming,,5,ltg685,False
UCU0Kv4-V7TuMaGA6F3HkPYQ,Laka Gaming,Gaming,Sri Lanka gaming,NP,11500000,lakagamingz,False
UCXLyL2Fg5DZouTYsYtRT0WQ,COC Sinhalen - WhyKing,Gaming,Sri Lanka gameplay sinhala,LK,60100,cocsinhalen,True
UCKC83VK5PenX2ocZ4JF7YiQ,Dimax Gaming ,Gaming,Sri Lanka gameplay sinhala,LK,26,dimaxgaming4417,True
UC762Vv9OZxOibfuRjtwiDWQ,Lanka Gaming Hub,Gaming,Sri Lanka gameplay sinhala,,8,lankagaminghub1,False
UCWtf0VhZelObVqFLQwYjaQQ,UN Gaming,Gaming,Sri Lanka gameplay sinhala,,498,un_gamingsl,False
UCA1HWGmXceYPTa0o0FQIFVw,Pinky girl,Gaming,Sri Lanka gameplay sinhala,US,69300,pinkygirl_live,False
UC1s-q_2IHuicW8c70IVVLDA,MODERN SRI LANKA GAMING ,Gaming,Sri Lanka gameplay sinhala,,1,modernsrilankagaming2923,False
UCIVUcpM6xyd9zJx_t4doMeg,sl gaming master 😎,Gaming,Sri Lanka gameplay sinhala,,53,slgamingmaster-g4q,False
UCiiq12phPwfMHaGFVolH4Ag,Kadiya Gaming,Gaming,Sri Lanka gameplay sinhala,LK,60500,kadiyagaming,True
UCPBzejSb3mj_2xRh_VdIiEg,GAMING - THIWA,Gaming,Sri Lanka gameplay sinhala,LK,221000,gamingthiwa,True
UCqeQG7PhP7KDQdGo4ZPP63w,SL SHEHAN GAMING,Gaming,Sri Lanka gameplay sinhala,LK,56,maleeshashehan8442,True
UCiLbj6E-dvR3tDLKigo2juQ,Filltrix Sinhala,Gaming,Sri Lanka gameplay sinhala,LK,94800,filltrixsinhala,True
UCjiRWN2f2BN77HG_ueCgldg,sawal man with sri lanka,Gaming,Sri Lanka gameplay sinhala,LK,122,sawalmanwithsrilanka,True
UCI-teIr7yMeLi4Z3LW4LNRg,ChAbhi,Gaming,Sri Lanka gameplay sinhala,LK,175000,chabhi,True
UC-HguykxEb6N5HPA4kpOTOw,ComputeX Sri Lanka,Gaming,Sri Lanka gameplay sinhala,LK,1070,computexsl_lk,True
UCAyTTE7S0i95nzjKqcm1Xaw,Sinhala Gameplay SL,Gaming,Sri Lanka gameplay sinhala,LK,9060,sinhalagameplaysl1,True
UCf48pki8AqjBHuV80LcC7kA,SAJEE GAMING ,Gaming,Sri Lanka gameplay sinhala,LK,82000,sajeegaming,True
UCRaLvUrrj_901Anrljs1F2g,Sri Lanka Chess Lessons,Gaming,Sri Lanka gameplay sinhala,LK,13800,slchesslessons,True
UCXDVbH3h2qb8y5POSwIHYGQ,Sandaru Gaming Hub,Gaming,Sri Lanka gameplay sinhala,LK,17,sadarugaminghub,True
UC7F3jXZHgxmG0Z656MAMsng,Gaming BRo 🇱🇰,Gaming,Sri Lanka gameplay sinhala,,1930,ayonebrother,False
UCuKu1AFWC8Wk6AWMveGwcxg,Duo Gaming lanka,Gaming,Sri Lanka gameplay sinhala,LK,21,duogaminglanka,True
UCMXVrSPBEI2l3CEivqx4C0Q,SL Black Panther Gaming,Gaming,Sri Lanka gameplay sinhala,,35,turtlegaming-pu9jb,False
UCom66CrXfYJlTNG_XfiwPRw,GAMING BRO,Gaming,Sri Lanka gameplay sinhala,,2490,gamingbro-h6l,False
UCGcSIA9ATSpQKxa8nxI4wBQ,Napura Gaming,Gaming,Sri Lanka gameplay sinhala,LK,54200,napuragaming,True
UCCjTZKRn4Xzh2faC2It1qPA,SL Game Space,Gaming,Sri Lanka gameplay sinhala,US,19100,slgamespace,False
UC5uGexidH3WqbErqSX_EGJA,Gamester,Gaming,Sri Lanka gameplay sinhala,LK,54500,gamester__,True
UCFHXIi3-EzDp72flcEK0Egw,GTA LANKA Creation,Gaming,Sri Lanka gameplay sinhala,,44,gtalankacreation,False
UCwAutt7DEppZqxCQJy70Hgg,SN Gaming Sri Lanka  ,Gaming,Sri Lanka gameplay sinhala,LK,56,sngamingsrilanka4214,True
UC80f3P-Wfj5TL_sl4gxgw1A,SL LION KING GAMING,Gaming,Sri Lanka gameplay sinhala,LK,2310,sl-lion-king-gaming,True
UC0PdkCm3QlHJ8HdH4JeNirA,YAKA MAN,Gaming,Sri Lanka gameplay sinhala,LK,396000,yaka-man,True
UCE0CiQ6O0AH4b8nmXkifTsQ,Lahiru Bro Gaming,Gaming,Sri Lanka gameplay sinhala,IN,2480,lahirubrogaming,False
UCshgsyhXVg23fTsX5Ojarqw,Gaming Ghost Academy,Gaming,Sri Lanka gameplay sinhala,US,22000,gamingghostacademy2000,False
UCm-TXzgh9U2K3wjWzY0XX0A,Gaming Highlight,Gaming,Sri Lanka gameplay sinhala,LK,79300,gaminghighlight7,True
UCVleILOsIPcrXCuOoM3Od3w,odie gaming  sinhala,Gaming,Sri Lanka gameplay sinhala,LK,18,odie-v4v,True
UCVBt_Exv9FMcM6F09AZNcew,DaKshaYa,Gaming,Sri Lanka gameplay sinhala,LK,158000,dakshaya,True
UCkHlDJblWuOgSZuoh9L2SKw,Gaming S Lanka,Gaming,Sri Lanka gameplay sinhala,,0,gamingslanka-v4c,False
UC0vBngWJ8AZ6oS2sj_ElcfA,Lanka Travel Vlog,People & Blogs,Sri Lanka vlog,,297,lankatravelvlog,False
UCiR8AZT0nzdEWtobc6L4FoQ,The Colombo Sri Lanka vlog Ishaan,People & Blogs,Sri Lanka vlog,,11,thecolombosrilankasquad-t5-z,False
UCYIDsYMpNDgbjUdTv8b_ywA,TizzyBoy Sri Lanka,People & Blogs,Sri Lanka vlog,LK,51,tizzyboy-m7h,True
UCX1ATUgzKBYRN05sl9UeETg,Theresa&Diyana Vlog in SriLanka,People & Blogs,Sri Lanka vlog,,491,tdvlogsrilanka,False
UC3AIY_4AnDe_MDDsL9SIbUQ,Fasospee vlogs,People & Blogs,Sri Lanka vlog,,11,fasospeevlogs1181,False
UCzmfyGW0j33HPvGb3hOEIiA,sri lanka vlog ,People & Blogs,Sri Lanka vlog,LK,2,srilankavlgo,True
UCs4q039XrECMuEDL7IDfKcA,A Sri Lankan Travel Vlog,People & Blogs,Sri Lanka vlog,,2,asrilankantravelvlog9270,False
UCgMhQ6pyGiOyDZYWVByxrow,sri lanka vlog ,People & Blogs,Sri Lanka vlog,LK,1,srilanka-vlog,True
UCae3HUL3Xp8gBM4i1gLrE5A,Sri lanka vlog,People & Blogs,Sri Lanka vlog,,6,srilankavlog-o1y,False
UCaoEIo4tefPeaXIXZuKVG0A,Srilanka vlog (maran official),People & Blogs,Sri Lanka vlog,,49,mtmaranofficial,False
UCLc1xgiAaIecWUs1Nqgz_GA,Travel Sri Lanka Vlog,People & Blogs,Sri Lanka vlog,LK,41,travelsrilankavlog,True
UCei2BoMue4c0W5FFf-YGkbQ,Sri Lanka Travel Vlog,People & Blogs,Sri Lanka vlog,,37,srilankatravelvlog8054,False
UCL8iBSo466DB-RV7CGUhqLA,Rose life in Sri Lanka vlog 🇱🇰,People & Blogs,Sri Lanka vlog,CH,712,roselifeinsrilankavlog,False
UCOAtX4QV20QeOepA6BxMqfg,Our Sri Lankan Diary ,People & Blogs,Sri Lanka vlog,,15900,oursrilankandiary,False
UCeB5trOKu6RhU2kNGvh88TA,Ceylon Travel Vlog,People & Blogs,Sri Lanka vlog,,1360,ceylontravelvlog,False
UCdB0sMRIMZqUnkSgZALy4Vw,VLOG Sri Lanka,People & Blogs,Sri Lanka vlog,,2,vlogsrilanka4803,False
UCYTY-C4OFmUdIwi6wghybAA,LANKAN LIFE VLOG,People & Blogs,Sri Lanka vlog,LK,5,anuradesilva5580,True
UCBpcq0DxCmkvzXUgKwBh26w,Suren VLOG SRI LANKA,People & Blogs,Sri Lanka vlog,,91,surenvlog-w2z,False
UCvy3BTwyw2bZwQMlCTE8PWA,VISIT SRI LANKA VLOG,People & Blogs,Sri Lanka vlog,,0,visitsrilankavlog,False
UCPcIGFWTv8WpLQI2OBt2scw,Lanka Vlogs,People & Blogs,Sri Lanka vlog,US,1000,lankavlogs7103,False
UChrXmunslU0Xg7MVsJs5Kkg,Chanuu Vlog Srilanka,People & Blogs,Sri Lanka vlog,LK,2080,chanuuvlog,True
UCE7Y5wBYRvPQG9CI8tt5M-Q,Travel Vlog Sri Lanka,People & Blogs,Sri Lanka vlog,,30,travelvlogsrilanka5130,False
UCjyASLgz5_yLQtK0fNCNNmg,Vlog D:) Sri Lanka,People & Blogs,Sri Lanka vlog,LK,113,vlogd-s,True
UC3d7Cs99QGwQZbOx2ZDO-gw,Travel Tips Sri Lanka,People & Blogs,Sri Lanka vlog,US,508,traveltipssrilanka3667,False
UCUmd6RfshKYDRHgMvExqugw,SHN SRI LANKA VLOG,People & Blogs,Sri Lanka vlog,,4,shnsrilankavlog,False
UCiSnpHDX_q47A5PJycOkflg,shana vlogs(srilanka),People & Blogs,Sri Lanka vlog,,73,shanavlogs12,False
UCFT4DBU0rueVksywB2DKhXQ,Gamana  Vlog,People & Blogs,Sri Lanka vlog,LK,118,gamanavlog6,True
UCyx3fH7TQqhp6cQs3cOGxDA,sri lanka danuwa vlog,People & Blogs,Sri Lanka vlog,,376,srilankadanuwavlog8617,False
UCRtUH8lxOVJnSq2yjHXUufA,Traveller Around Sri Lanka,People & Blogs,Sri Lanka vlog,,24,travelleraroundsrilanka8171,False
UCsAZ7bme3KqliytDvJsnKhQ,sri lanka shorts vlog💐,People & Blogs,Sri Lanka vlog,,46,srilankashortsvlog,False
UCo2OsP863ed18Zru8j0mMTg,Madush Vlog,People & Blogs,Sri Lanka vlog,,18,madushvlogs94,False
UCILC3wswMKAkT8GNs9Jzppw,Sri Lanka Vlog,People & Blogs,Sri Lanka vlog,,4,lankalaguri,False
UC6_9N3-dYBPrFPnD0U8tVtA,Afrath Vlog Sri Lanka🇱🇰 ,People & Blogs,Sri Lanka vlog,,27,afrath_vlog_srilanka,False
UCt0fx_wES8OcWtaVDxtL5IQ,Lanka Vlog,People & Blogs,Sri Lanka vlog,LK,3,lankavlog7011,True
UCFSkBRHrYDfJJCa5-Y_-zww,Sri Lanka Life Vlogs,People & Blogs,Sri Lanka vlog,LK,10,maheshekanayake8160,True
UCqjkBrUkhFURCcwpA1Pmqjg,Nimmi  home vlog sri lanka,People & Blogs,Sri Lanka vlog,,1380,nimmihomevlogsrilanka301,False
UCzjHjhJhnWmsMF8BOuqUY2Q,Sri Lanka Travel Vlog,People & Blogs,Sri Lanka vlog,,9,srilankatravelvlog3251,False
UClOoepx2VEpv_of07JeaYuA,Imalka vlogs ,People & Blogs,Sri Lanka vlog,LK,427,imalkavlogs5705,True
UC4BXJoK37m9ZFbOfcZwgZ0w,Traveller Mini Vlog - Sri Lanka 🌊💙,People & Blogs,Sri Lanka vlog,,42,travellerminivlogs,False
UCLX_fPa06Kvk32tpcQmCBiA,UK Vlog Sri Lanka,People & Blogs,Sri Lanka vlog,GB,3200,hemanthathalapitigodavlog,False
UC2VxdMY2G0Qab-nI4ufkBUA,Srilanka Vlog,People & Blogs,Sri Lanka vlog,LK,37,srilankavlog,True
UCPj9Pb6SMGNVjRnLX19wthw,RASI VLOGS,People & Blogs,Sri Lanka vlog,LK,116,rasivlogs-h6w,True
UCR4TNhT3Bers8lIfmIucY7Q,SK VLOG,People & Blogs,Sri Lanka vlog,IN,208000,skvlog4735,False
UCEu3EhYF3HsY9ZSGYfpFo2w,Dinuki Vlogs,People & Blogs,Sri Lanka daily vlog,LK,20,dinukivlogs,True
UC3PcW3V1ZBODXHtoNJKNgSw,Cutie’s vlogs,People & Blogs,Sri Lanka daily vlog,,151,cutiesvlogs-bz3rd,False
UCatZcG-Y8eowAa6S_PsWSCg,Shimmie Vlogs ,People & Blogs,Sri Lanka daily vlog,LK,126,shimmievlogs,True
UCgsjg9y2aB9em4La23qimLA,Kavindya Pathirana,People & Blogs,Sri Lanka daily vlog,,25300,kavindya_yt,False
UCo51bjbXU1YxOkv7EIlTi1g,SL VLOG,People & Blogs,Sri Lanka daily vlog,IT,361000,slvlog,False
UCKVIb-z8Y4uqG07--sfhbQA,VlogLife with Himaya,People & Blogs,Sri Lanka daily vlog,,4670,vloglifewithhimaya,False
UCVwEHCzHFsn8_5LhjMFqSiA,Happy Life with wathsala,People & Blogs,Sri Lanka daily vlog,LK,8210,vathsalathennakoon.s,True
UCxrHvkCmzgTcHnLAlWezg-Q,Suus Daily Vlogs,People & Blogs,Sri Lanka daily vlog,,257,orchidgarden-i5n,False
UCMTUdyDebV02ruOdZlcS4Dw,Pradeep  Vlog (Travel / Wildlife / Daily),People & Blogs,Sri Lanka daily vlog,LK,809,alldaykeepitup5991,True
UCIvkyLelNLPGO5GIYCcrTxQ,Sejal Gaba Vlogs,People & Blogs,Sri Lanka daily vlog,,6940000,sejalgabavlogs,False
UCxSH_l2EKLPUB-HOjlZRabw,Hansi Vlog 🐼🤍,People & Blogs,Sri Lanka daily vlog,LK,12800,hansivlogssl4852,True
UCgT_73E16o66cp85mAYZUCA,Charu Vlogs,People & Blogs,Sri Lanka daily vlog,,793000,charuvlogs2111,False
UCw_2KqLF3FEIEcvQTiBf4lw,Sadi Suba's Vlogs 🖤🌜,People & Blogs,Sri Lanka daily vlog,,7210,life-with-sadi,False
UC-t7Vw_L9ORj7gvyGUOaeSg,SL fathima's life style,People & Blogs,Sri Lanka daily vlog,LK,164000,slfathimaslifestyle,True
UCtet32se3xHh9R_ZovU6F4w,Leti Vlogs ,People & Blogs,Sri Lanka daily vlog,,4,letivlogs03,False
UCkTNpr33FS4pvFrT0x7j_7g,Amalni🐽🤍,People & Blogs,Sri Lanka daily vlog,,24400,amalniweerawickrama,False
UCCifgw5heieu3rESMxs_oRQ,SUHAIL - VLOGGER,People & Blogs,Sri Lanka daily vlog,IN,2660000,suhailvlogger,False
UCmRlLc4sxEf65HiJU7Wrw9Q,Anithasampath Vlogs,People & Blogs,Sri Lanka daily vlog,IN,2100000,anithasampathvlogs,False
UCtVDQNGBmS8DTP5fPzM_GmQ,Poorna - The nature girl,People & Blogs,Sri Lanka daily vlog,GB,1910000,poornathenaturegirl,False
UCWsZFHQD8Xh8bKvxREzdsVw,Tera Trigun Vlogs,People & Blogs,Sri Lanka daily vlog,,2380000,teratrigunvlogs,False
UCnDfXvGP0ukwuRp38EL_mTQ,Lankan in Melbourne,People & Blogs,Sri Lanka daily vlog,AU,256000,lankaninmelbourne,False
UCqI6Qqvqpn-SD6NyeRrGEkg,Days Of Natiy 💐🎀,People & Blogs,Sri Lanka daily vlog,,20400,nethranathali,False
UCrdRoTbNO_UgcUFLfpfwFAQ,Laki Day Vlogs,People & Blogs,Sri Lanka daily vlog,LK,156,lakidayvlogs27,True
UCykAuzg_BwBX_kfIzaPa9RA,Rithu Vlogs,People & Blogs,Sri Lanka daily vlog,,3660,rithuvlogs-l9u,False
UCOcD_2N04_XS6XgImIWcR1Q,MR. INDIAN HACKER Vlogs,People & Blogs,Sri Lanka daily vlog,IN,4660000,mrindianhackervlogs,False
UCkLA7sLLrCERBrtvBTAh_jg,Truck Life With Hashan,People & Blogs,Sri Lanka daily vlog,LK,25100,trucklifewithhashan,True
UCxXmqLKcZGhsVDaDbS0PdjQ,Chanux Vlogs,People & Blogs,Sri Lanka daily vlog,LK,48,chanuxvlogs7076,True
UC9ydRoXpQVhwb3sM7VY8xNg,SL 🇱🇰 Hismas Vlog,People & Blogs,Sri Lanka daily vlog,LK,70,slhismasvlog,True
UCKcM7k794WST-IRv1-lhiZg,Sangeeth Dini Vlogs,People & Blogs,Sri Lanka daily vlog,LK,748000,sangeethdinivlogs,True
UCAWi8P1qOwYNKAmc7v9l5Cw,Dasun Vlog,People & Blogs,Sri Lanka daily vlog,,384,dasun_vlog,False
UCFR0f22_j0nAbM4KSboSRoQ,HIRU VLOG,People & Blogs,Sri Lanka daily vlog,LK,266,chamodya_hirunada,True
UCGUyYpOkxJ3ZQKXKgoLo49Q,Travel in Europe(Norway Home),People & Blogs,Sri Lanka daily vlog,NO,196000,travelineurope,False
UCqheHQifQ6fdY_A9PCY5y3A,Who’s NERA ?,People & Blogs,Sri Lanka daily vlog,LK,96900,nera_99,True
UCPHLNkCri7sfGt4IP2tUYfA,Minoli Disanayaka,People & Blogs,Sri Lanka daily vlog,,134000,minolidisanayaka,False
UCNlNcQkZIUIuxvZBFM4MnWA,with hiru,People & Blogs,Sri Lanka daily vlog,,180000,with_hiru,False
UCXa0RSFUi_KZ5Puoi2Z4e4w,Rasho vlogs 🌷,People & Blogs,Sri Lanka daily vlog,,2630,rashovlogs2386,False
UCAqSq3iNGYSbw9mSFzVIANQ,Kajan Vlogs,People & Blogs,Sri Lanka daily vlog,LK,170000,kajanvlogs,True
UCZQmoW-xsgVqtTjupYvu3aQ,Malee vlogs,People & Blogs,Sri Lanka daily vlog,LK,176000,maleevlogs,True
UCEHs7ymn9hxSJMHLlcFLj0w,Travel Today,People & Blogs,Sri Lanka daily vlog,LK,454000,traveltodaysl,True
UCi8hLRJpsGF_7AoIvQiR06w, Day vlogs with Dinagi 🍀🍀,People & Blogs,Sri Lanka daily vlog,,103,nimalisilva-e5j,False
UCLg9v-LI1lF-i1X94XUW6Nw,Dewhari Diaries | Vlogs 🌸 ,People & Blogs,Sri Lanka daily vlog,,290,withdewhari,False
UCW8twfg99GaSQj6wJrM25lA,SL daily vlogs,People & Blogs,Sri Lanka daily vlog,,14,infinity1-g9o,False
UCB6tVmll-6XbKyS3fq8P4MA,pisssulanthaya,Comedy,Sri Lanka comedy sinhala,LK,0,pisssulanthaya,True
UCwu2-m6rUdk7s7DkxfAX8Ng,Sinhala Funny Meme,Comedy,Sri Lanka comedy sinhala,LK,638,sinhalafunnymeme,True
UCiPssoHLvUfNEXLEhZ29rXg,Nithu Comedy ,Comedy,Sri Lanka comedy sinhala,LK,10,nithucomedy,True
UCSLQ5eH_suWb8TOdNcZRMjw,Comedy Double SL😇😇,Comedy,Sri Lanka comedy sinhala,LK,5,comedydouble1989,True
UC5IDHX2sg9Hg_FPkXGUj_gw,Meanwhile in SL,Comedy,Sri Lanka comedy sinhala,LK,618000,meanwhileinsl,True
UCf_7r2X9e6sMXzQuxZvjiQA,Jana Ranga Sabahawa Official 🎭,Comedy,Sri Lanka comedy sinhala,,327,janarangasabhawa,False
UCU-7btL2vPuftSowUeSLXwA,comedy Blast,Comedy,Sri Lanka comedy sinhala,,4,comedy-h6r-k3n,False
UChjjQEg9N3ySQae_eGitULg,Ranjan Ramanayake,Comedy,Sri Lanka comedy sinhala,LK,625000,ranjanramanayakesl,True
UCkjcwbJJld7G6dCnfgl6qDA,Pani Comedy,Comedy,Sri Lanka comedy sinhala,LK,2750,panicomedy-s1u,True
UClfq6WEgQm3MG6b30xJhX3g,Comedy Land,Comedy,Sri Lanka comedy sinhala,LK,59400,comedyland573,True
UCaARZrt3O5Qu_Oj0oYMFU_A,HA  HA  LANKA  (හා හා ලංකා ),Comedy,Sri Lanka comedy sinhala,,138,hahalanka-u4s,False
UC4u1g0CCUxvU8-LacEFjNbg,Sinhala Meme Sound Effects,Comedy,Sri Lanka comedy sinhala,LK,10900,sinhalamemesoundeffects,True
UCEuS493FuYJu_jGLfEjksUQ,අලගෙඩියා - Alagediya,Comedy,Sri Lanka comedy sinhala,LK,1,අලගෙඩය-alagediya,True
UC1BSMzeIFCVLaTI2-l8mJbw,B2VSriLanka,Comedy,Sri Lanka comedy sinhala,LK,47000,b2vsrilanka,True
UCeBl9tHpIdmkgw28ksDcksw,Sinhala Comedy Hub,Comedy,Sri Lanka comedy sinhala,LK,10,sinhalacomedyhub,True
UCjz9B_xJcbrPbF_l0yScfLA,ai boy sri lanka,Comedy,Sri Lanka comedy sinhala,,14,tishalshakya,False
UC2j-6QTCiOxps6c9Ddfxa0w,Sinhala Comedy Club,Comedy,Sri Lanka comedy sinhala,CA,113000,sinhalacomedyclub,False
UC9ha-NB-YEcR7w_7NwY27eQ,SL comedy SHORTz,Comedy,Sri Lanka comedy sinhala,,6,siril12-e,False
UC86sU6a8ChHViy7d5A572XA,Sinhala Comedy,Comedy,Sri Lanka comedy sinhala,LK,2,sinhalacomedya,True
UCZ15AWyHjVSCJeO23w2XeFQ,සොමි ලංකා - Somi Lanka,Comedy,Sri Lanka comedy sinhala,LK,8450,somilanka-v2p,True
UC1ySZNkW3MXd56ZtV8-fz_A,Lanka AI Comedy,Comedy,Sri Lanka comedy sinhala,LK,11,lankaaicomedy,True
UCsFgtHMZvAMQEB5zCevTShg,කටු චූටි | Katu Chooty ,Comedy,Sri Lanka comedy sinhala,LK,56,katuchooty,True
UCXhlGsKYnxqX9TpH09ag1Cw,Bagadi Production - Sinhala Comedy ,Comedy,Sri Lanka comedy sinhala,LK,5050,bagadiproduction,True
UCgGWyBs51NVNDxP-tXEhlZw,Comedy lanka,Comedy,Sri Lanka comedy sinhala,LK,1380,comedylanka123,True
UCUWhnu7bh2ECcMKi0wG-pew,Sri lankan memes ආතල් ,Comedy,Sri Lanka comedy sinhala,LK,63,srilankanmemesආතල,True
UCYexbZ1rWNtHaUWenQvdHJA,FUNGUZ,Comedy,Sri Lanka comedy sinhala,LK,53400,funguz-1995,True
UCqP38pHJ4mWb4hmfRpmBcIg,AI Comedy Sri Lanka,Comedy,Sri Lanka comedy sinhala,,0,aicomedysrilanka,False
UCCtVnTTW7GsgJ8D33k4KbkA,SL Comedy Club,Comedy,Sri Lanka comedy sinhala,LK,34,slcomedyclub,True
UCOggaJxOBWoBj4GP_3n-a5A,MASTER ටොනියා,Comedy,Sri Lanka comedy sinhala,,119,mastertonnya,False
UCXIS2lijUruCqWeRQKQKCSw,Hello Hello,Comedy,Sri Lanka comedy sinhala,LK,134000,hellohellosrilanka,True
UCfaVyjdw7ZYCqLY3D2lVBfw,Sri Lanka - Sinhala Gossip Videos,Comedy,Sri Lanka comedy sinhala,,322,srilanka-sinhalagossipvide8098,False
UC5IxEcbW-cbhLOAKg7UQsyA,Lanka funny TV,Comedy,Sri Lanka comedy sinhala,LK,578,lkfunnytvig,True
UCuhUJUnaaiEf0-8aK2qwN_Q,Funny Video,Comedy,Sri Lanka comedy sinhala,,37400,funnyvideo-y5s5k,False
UCAuFvw-CUKv3yNoLw3LtJvg,LOL LANKA,Comedy,Sri Lanka comedy sinhala,,159,heylollanka,False
UCOcVy09yuWmrbZnm_flr18A,Dilip Kanakarathna,Comedy,Sri Lanka comedy sinhala,,296000,dilipthejana,False
UCh3MHrepNNU7gNTcbiFzStQ,Masha Hitz,Comedy,Sri Lanka comedy sinhala,LK,104000,mashahitz,True
UCOje-ElpruRxg2XWnWwue7w,LankaTVchannel1,Comedy,Sri Lanka comedy sinhala,LK,7420,lankatvchannel1,True
UCjJX7KqcqOBFwIGSI4dYwjA,killaadi podiyan,Comedy,Sri Lanka comedy sinhala,,274,abdulsukkoorameerdeen2903,False
UCuEZ-eErexjsebY3d7UUh6w,Mangus Tube,Comedy,Sri Lanka comedy sinhala,,131000,mangustube,False
UCYjI9pFri3cWf6mEI7O_VbA,නදී-මනී | Nadee-Manee,Comedy,Sri Lanka comedy sinhala,,7,nadeemanee,False
UCgPL5V2N_KEDSyWvMwHt2nw,VIDU,Comedy,Sri Lanka comedy sinhala,LK,475000,vidu_roasting,True
UCosifsD2B8zG_XK8cZaJBpA,Sinhala comedy,Comedy,Sri Lanka comedy sinhala,LK,146,sinhalacomedy6611,True
UCBYLGKCYp3Rif2-b4pavuFQ,රිලානන්ද TV,Comedy,Sri Lanka comedy sinhala,LK,169,රලනනදtv,True
UCTnx__S9s_zFVrC-Fitk7aw,Sinhala Jokes,Comedy,Sri Lanka comedy sinhala,LK,30,sinhalacomedy,True
UCat-QLobuLwgGBFUEmDYNpg,Sri Lanka Funny Video,Comedy,Sri Lanka funny,,7,srilankafunnyvideo1404,False
UC7bgn4zfZzuw5-MihWRgvaA,Funny World Sri Lanka Tik Tok,Comedy,Sri Lanka funny,LK,1,funnyworldsrilankatiktok2338,True
UCrsuzhpCrYUMxGOpLH2ANRQ,FUN CLUB SRI LANKA,Comedy,Sri Lanka funny,,64,funclubsrilanka,False
UCu_iE9OvejVLAJONLcmjqcg,Sri lanka Funny video,Comedy,Sri Lanka funny,,0,srilankafunnyvideo2703,False
UC79dbdxYb1d_3CwZRMUAc1A,The Voice teen sri lanka funny moments,Comedy,Sri Lanka funny,,3,thevoiceteensrilankafunnym6128,False
UCM-v6DNa_ULbtedKaElZxSw,Mr D Sri Lanka,Comedy,Sri Lanka funny,,1420,mrd.srilanka,False
UCOPqjdQOIF6faslRMEruJmA,අතල්  𝘔𝘌𝘔𝘌 𝘏𝘜𝘉 𝘚𝘙𝘐 𝘓𝘈𝘕𝘒𝘈,Comedy,Sri Lanka funny,LK,38,අතලmemehubsrilanka,True
UCXPIsa4Ttpl8_o2eBiwD-AA,sri lanka funny,Comedy,Sri Lanka funny,LK,24,suddaaaaaaaa,True
UCRyhW5Wyc8T29qmAPbeMLmQ,SRI LANKA FUNNY VIDEOS,Comedy,Sri Lanka funny,,4,srilankafunnyvideos3633,False
UCIfYRJZ7vz4p9wO_u1AwI9g,SRI LANKA MEME,Comedy,Sri Lanka funny,,8,rajanasenesh-e3b,False
UCdSHjRyz4Jh-S3TAKL7JaEQ,funny video Sri Lanka🤣☝️,Comedy,Sri Lanka funny,,2,b2knashid1,False
UC4H4KmSqTkpWz0EoTIrsiig,The Scorpion,Comedy,Sri Lanka funny,LK,17400,thescorpion69,True
UCXIrMwVgu8AfXBVmu49NE2Q,Fanny Sri Lanka,Comedy,Sri Lanka funny,,0,bcslk,False
UC311bNXCWmKWD9NijnNA63g,Tiktok Sri Lanka funny videos,Comedy,Sri Lanka funny,,5,tiktoksrilankafunnyvideos6045,False
UCVga8hUL-cDl-VoMsKo6N5Q,Funny Lanka ,Comedy,Sri Lanka funny,LK,17,funnylanka01,True
UCHkXFXiZv85kyB7t99NqDdA,Life in Sri Lanka#Funny WORLD,Comedy,Sri Lanka funny,LK,154,lifeinsrilanka-g2j,True
UCQhJBbJoA-oBvLrro4Sl53A,SRI LANKA FUNNY VIDEOS CHANNEL,Comedy,Sri Lanka funny,,13,srilankafunnyvideoschannel8180,False
UCLUj4rhnM1CTio9dwMYSejw,FUNNY SRI LANKA ,Comedy,Sri Lanka funny,LK,3,funny_sri_lanka,True
UCFQywvxGRuwHrAnkpMJ0fyQ,Funny Content Sri Lanka,Comedy,Sri Lanka funny,,38,funnycontentsrilanka,False
UCtUFsP7EByenzqvzoyfowfA,The funny Television Sri - Lanka,Comedy,Sri Lanka funny,,63,thefunnytelevisionsri-lank3476,False
UC-iSLVqcVvsNncLbS0rFO5g,Funny Sri Lanka,Comedy,Sri Lanka funny,US,0,funnysrilanka1461,False
UCpU4V1RuY6lMc82ZmtupE2Q,Eric & Mani,Comedy,Sri Lanka funny,US,969000,ericheinrichs,False
UCI_XjoxaBFrbioOBmk3dpCQ,Sri Lanka Funny Video Hub,Comedy,Sri Lanka funny,,1,srilankafunnyvideohub,False
UCGTo1QWRcnnWXL6315kkuPQ,Sri Lanka Gossip & Funny,Comedy,Sri Lanka funny,US,5,srilankagossipfunny1165,False
UC56DfXExR3G9tyG41o0vUNA,Funny world Sri Lanka,Comedy,Sri Lanka funny,,18,funnyworldsrilanka2704,False
UCJVVJ5pZyCRNV3AZOIuJf6w,Hamilton,Comedy,Sri Lanka funny,LK,137000,hamilton69,True
UCDKnzkS4TyUKVc-vpLMMSDQ,funny sri lanka,Comedy,Sri Lanka funny,LK,125,funnysrilanka99,True
UCdtJP_S1NBoA4zzFMbUdKmQ,sri lanka funny tik tok,Comedy,Sri Lanka funny,,0,srilankafunnytiktok4963,False
UCrWPzTW4EjXNQGcCkCfOvog,Sri Lanka's Got Talent,Comedy,Sri Lanka funny,LK,261000,slgtofficial,True
UCyNTLLULcDBe-Ax-Vy5MHFA,Sri Lanka funny ,Comedy,Sri Lanka funny,,22,srilankafunny-iy4qh,False
UCEbwJysxk2lOrOadgMQOxTQ,funny videos sri lanka ,Comedy,Sri Lanka funny,,0,himashapriyadarshana,False
UCLiztpFcuNEUPoG2ob6a2uA,SRI LANKA FUNNY VIDEOS,Comedy,Sri Lanka funny,AU,342,srilankafunnyvideos,False
UCm_SSEMUJLyMMDf30LzM0GA,Lanka Funny Videos,Comedy,Sri Lanka funny,,1330,lankafunnyvideos2315,False
UCiRX8rIO5w5lGpw0xXE51jw,Funny Sri Lanka,Comedy,Sri Lanka funny,,0,funnysrilanka-memes,False
UCu2-0ZWTQjrjRHHXYbaHa3w,Sri Lanka Funny,Comedy,Sri Lanka funny,,3,srilankafunny5146,False
UCpryfIP2y8G0JFK0vMii5cg,FunFlix Lanka,Comedy,Sri Lanka funny,,1,funflixlanka,False
UCETFcCNsjDOzM_4839zE5EQ,Sri lanka funny vidiyos ,Comedy,Sri Lanka funny,,1,srilankafunnyvidiyos,False
UC1lj4aqnUOUyXSbeN0FHuhw,Funny Lanka,Comedy,Sri Lanka funny,,9,funnylanka_yt,False
UCGRcGg4t8Q3iMit9hbQg7WA,Chill Lanka,Comedy,Sri Lanka funny,LK,15,chilllanka-m3n,True
UCOSlTO8n_NCYF2Fw9IxxlEA,@Funny sri lanka,Comedy,Sri Lanka funny,,0,funnysrilanka-xc1ks,False
UCioXrNKJmGBJGR0ilJhRDag,Funny Sri Lanka,Comedy,Sri Lanka funny,LK,1,funnysrilanka247,True
UC_BVLLQaWWIBQKwtqFcr_vw,BEST FUNNY TIK TOK SRI LANKA,Comedy,Sri Lanka funny,US,2,bestfunnytiktoksrilanka2275,False
UCkVbb15N6sp5SryO7prYixA,Funny videos Sri Lanka,Comedy,Sri Lanka funny,LK,37,funnyvideossrilanka580,True
UCFRwOpIwDtvvGme0tKvPJyA,Funny sri lanka,Comedy,Sri Lanka funny,LK,2,sithija-g5y,True
UCauXKMeE3SW4Sm6LVvC8eaw,NAGLE ENTERTAINMENT,Entertainment,Sri Lanka entertainment,IN,411,tibts,False
UCxUaYBTmKLpsziwQVMytY6g,Singhe Entertainment,Entertainment,Sri Lanka entertainment,LK,36800,singhe_entertainment,True
UCcvHRtOYC9ZNaMTCCo53iqw,Movie News Sri Lanka,Entertainment,Sri Lanka entertainment,,51200,movienews-srilanka,False
UCt_Hj_EozsfqDjJtH1nroMA,StepUp Entertainment,Entertainment,Sri Lanka entertainment,,1230,stepupentertainment3047,False
UCv6i_DulDqUdCHhqhwCIFbQ,Showtown Entertainment,Entertainment,Sri Lanka entertainment,,6450,showtownent,False
UCcspHoBTj_aLhnJLwkMpWHQ,Hiru TV Sri Lanka,Entertainment,Sri Lanka entertainment,LK,870000,hirutvsrilanka0,True
UCdCKUb2qzd7nxVqqg2LJhfQ,Sri Lanka Entertainment,Entertainment,Sri Lanka entertainment,,1,srilankaentertainment610,False
UCk6PiraWxQbeBL1ytayDvRg,Sri lanka Entertainment,Entertainment,Sri Lanka entertainment,,8,srilankaentertainment1016,False
UCn7Gg6aYdxwdO4KE_Wbu3lQ,ELEGANT EVENTS ENTERTAINMENT,Entertainment,Sri Lanka entertainment,US,808,eleganteventsentertainment5838,False
UC_q4jmKoF4FfB43jwAqpm2Q,Skylark Entertainment,Entertainment,Sri Lanka entertainment,LK,440,skylarkbandsl,True
UCutmrRvwb1ec4FmYIXb7odg,Sri lanka Entertainment,Entertainment,Sri Lanka entertainment,,2,srilankaentertainment401,False
UCiAlcS7ZQ1S2EVfQurwHNeQ,Fusion Entertainment,Entertainment,Sri Lanka entertainment,US,197000,fusionentertainmentsrilanka,False
UCjnltM-l0BRyM0b8cGkxMfQ,M Plus Entertainment,Entertainment,Sri Lanka entertainment,LK,161000,mplus_lk,True
UCTeryK_nffN6lnRo8dTD3_g,Imagine Entertainment pvt ltd,Entertainment,Sri Lanka entertainment,LK,207,imagineentertainmentsl,True
UC-7c9Ec5rOJix7uYJ0dIrLg,Sri Lanka Entertainment,Entertainment,Sri Lanka entertainment,GB,0,srilankaentertainment2883,False
UCVtN3WEHpyEjkNReNoS0GXA,Cinemaya Entertainment,Entertainment,Sri Lanka entertainment,,5680,cinemayaentertainment,False
UCYXgAIF4A6Tm5-kzKR_UbDA,Aura Lanka Entertainment ,Entertainment,Sri Lanka entertainment,US,235000,auralankaentertainment,False
UCsBb0l44dVKTb1D3PEBQBHg,Qpoint Entertainment - Qpoint SL,Entertainment,Sri Lanka entertainment,LK,9650,qpointentertainment-qpoint3938,True
UC_6e-ANbZ69uMjNSieyJMWg,Sathees Entertainment,Entertainment,Sri Lanka entertainment,SE,129000,satheesentertainment,False
UC3B8DsQfdiZhRW1NgPLW5RA,𝗘𝗻𝘁𝗲𝗿𝘁𝗮𝗶𝗻𝗺𝗲𝗻𝘁 𝗦𝗿𝗶 𝗟𝗮𝗻𝗸𝗮,Entertainment,Sri Lanka entertainment,LK,8250,entertainmentsrilanka.official,True
UC86pHmODF9apAFq1YT_XeGQ,Sri Lanka Entertainment,Entertainment,Sri Lanka entertainment,LK,3,srilankaentertainment8951,True
UCUuFKRtJqnTVb0aFfvpvBFA,Taxi Entertainment,Entertainment,Sri Lanka entertainment,LK,41800,taxientertainment,True
UCQw3sNxbJOBqWckjqDjcSuQ,Tronic Entertainment,Entertainment,Sri Lanka entertainment,,464,tronicentertainment,False
UCqCA-n5WK8EUw4Eoahevw9Q,SHIFT Entertainment,Entertainment,Sri Lanka entertainment,LK,1270,shift_sl,True
UCfRZIEmC-swhgClHwK_Xixg,SEAWINGS  Entertainment,Entertainment,Sri Lanka entertainment,,46,musicbandseawings1822,False
UC3RYnKZCohusN6Pd-pEn9kQ,Entertainment Sri Lanka,Entertainment,Sri Lanka entertainment,,32,entertainmentsrilanka7122,False
UCJxxOxh6KlP2DWU-ZPyXgFA,Sri Lanka Entertainment,Entertainment,Sri Lanka entertainment,,14,srilankaentertainment5895,False
UClNbsv3mT4b2qGqJsWPtjtg,Extra Entertainment,Entertainment,Sri Lanka entertainment,US,9290,extraentertainment-m1r,False
UClgUjjsMd98qJ8FsND9pnDA,ZooTube Sri Lanka,Entertainment,Sri Lanka entertainment,LK,733,zootubesrilanka,True
UCtcE75FonREU0pMYwg-rIWw,Sakkarayo Entertainment,Entertainment,Sri Lanka entertainment,AF,151,sakkarayoentertainment8007,False
UCqYbN3HxOBbS83G_9DSpJBg,Prime Time Sri Lanka ,Entertainment,Sri Lanka entertainment,,25600,primetimesrilanka,False
UC12ZTj8klKOLs6vmJO_vWkQ,Anythink Podcast,Entertainment,Sri Lanka entertainment,LK,1300,anythinkpodcast,True
UC-4Y4qjojJEFKa5kVzTefSQ,Entertainment Sri Lanka HD,Entertainment,Sri Lanka entertainment,US,184,entertainmentsrilankahd,False
UCvjcP_89diqstHtrN3BNZGw,Sri Lanka Entertainment,Entertainment,Sri Lanka entertainment,SG,1230,thedpmnetwork,False
UCAu-4eWZzf4d0KDBzvSW8WA,Good Night Sri Lanka By PodHUB,Entertainment,Sri Lanka entertainment,,382,gnslonpodhub,False
UCoHTHwaazYI8cCXxNdLY44w,Prizma Entertainments,Entertainment,Sri Lanka entertainment,US,3100,prizmasl,False
UCEbTQZF9_vDOducFY8gOfag,Sirasa Catchpoint,Entertainment,Sri Lanka entertainment,LK,31800,sirasacatchpoint,True
UCu_ocDeJ-wty_Y1IiittaBA,Swara Entertainment,Entertainment,Sri Lanka entertainment,LK,643000,swaraent,True
UCZivNOQ8ZxF_ruxCbgmF--w,Leesha Entertainment,Entertainment,Sri Lanka entertainment,LK,418,leeshaentertainment,True
UCN8oI_h332XkxFBEReynQMQ,Skylu Entertainment,Entertainment,Sri Lanka entertainment,,241,skyluentertainment519,False
UCvsGfSa4Cr_XCUKml0Tf5Kw,Entertainment sri lanka,Entertainment,Sri Lanka entertainment,LK,3,lahiruprabath-m7o,True
UC0viy-e8ZpeTVoARuXpLl-g,Tantra Entertainment,Entertainment,Sri Lanka entertainment,AU,74,tantraentertainment7748,False
UC8FYRKeN-lbZaNr2qRYGSZA,Saga Entertainment,Entertainment,Sri Lanka entertainment,LK,4820,sagaentertainment,True
UCpURz8zqn3NZHe0cfzNYmcQ,Sri Lanka Entertainment Music Lovers,Entertainment,Sri Lanka entertainment,,17,srilankaentertainmentmusic3975,False
UCrrMsGXu5zIkvq4f3D34hMg,Sky Entertainment Sri Lanka,Entertainment,Sri Lanka entertainment,,13,skyentertainmentsrilanka8800,False
UCIWwramZAbndPTyFIMXWXlA,lankaglitz,Entertainment,Sri Lanka entertainment,LK,9170,lankaglitz,True
UC2T_spwjvYZerN3QGuXsBhQ,TELEDRAMA SL,Entertainment,Sri Lanka teledrama,LK,12200,teledramasl,True
UCWJpvaMY_cRnUm6GvK_89ng,Rahu Sri Lanka,Entertainment,Sri Lanka teledrama,LK,15200,rahusrilanka,True
UCPXSUKHTNc1_hnHuj-UiQWQ,Rupavahini News,Entertainment,Sri Lanka teledrama,LK,535000,rupavahini_news,True
UCn9hHwCJBKMiuch85uM6rNg,Lyca Productions Lanka,Entertainment,Sri Lanka teledrama,LK,14200,lycaproductionslanka,True
UCAGQUfHzdsgxJ1pq2XDS2TQ,ITN Network,Entertainment,Sri Lanka teledrama,LK,82600,itnnetwork,True
UCDuaezc_5fyQleDwoxwKtbg,සිංහල ටෙලිනාට්‍ය Sinhala Teledrama,Entertainment,Sri Lanka teledrama,LK,684,latestsrilanka,True
UCxPInZUzPis7B5UWJN3ZXLA,Thamath Adare Nathnam,Entertainment,Sri Lanka teledrama,LK,178000,thamathadarenathnam,True
UCPpvyKrN0dA1_D2RL8mORVA,Kolonbiya - කොළොංබියා,Entertainment,Sri Lanka teledrama,LK,214000,kolonbiyashow,True
UCs_EGe7JGaWlCFlMIPpYZGg,TeleView Plus Tv,Entertainment,Sri Lanka teledrama,LK,59500,televiewtv,True
UCS0DeHog4YaV5e87rkANmKw,ද channelTv,Entertainment,Sri Lanka teledrama,LK,1800,channeltv3191,True
UCZqQPGMiilUJLk6hDt73iig,Fahim Mawjood Productions,Entertainment,Sri Lanka teledrama,AU,175000,fahimmawjoodproductions,False
UC3TT-kt050TudOWfym4uhMQ,Rupavahini Dubbing,Entertainment,Sri Lanka teledrama,LK,197000,rupavahini_dubbing_official,True
UCimkDcW2Pq1AyMCA00-5ImA,Teledrama tv,Entertainment,Sri Lanka teledrama,,148000,teledramatvv,False
UC3JbjbgQtvmwoadU-oT6YUA,sri lanka cheneles teledrama gosip,Entertainment,Sri Lanka teledrama,LK,11,srilankachenelesteledramag3706,True
UC23xOSeqSr40JFEOkohtAGQ,A For Apple - Mini Series Headquarters,Entertainment,Sri Lanka teledrama,LK,114000,aforapple-miniseries,True
UCHe24eJykyh0fcWDwtvp2Gw,Dharshan Thavaraja,Entertainment,Sri Lanka teledrama,,25300,dharshanthavaraja,False
UCbW0wBMrCt4NG5-FBkeQu2A,CitiHitzTV,Entertainment,Sri Lanka teledrama,US,172000,citihitztv,False
UCThf1p4dV2o71ofbFVdER0Q,Ratha tv Sri Lanka,Entertainment,Sri Lanka teledrama,,851,rathatvsrilanka936,False
UCvbxIKWQmX355KaGtSqLXKQ,Udayakantha Warnasuriya,Entertainment,Sri Lanka teledrama,LK,382000,udayakanthawarnasuriyaofficial,True
UCIsE2RY5O1mE0hl67gvDD7w,Tv Sri Lanka,Entertainment,Sri Lanka teledrama,LK,2850,tvsrilanka3572,True
UCHk640jo72xmcs5gKtd3GVw,Channa Perera Films,Entertainment,Sri Lanka teledrama,LK,25200,channapererafilms,True
UCp7eqsMz86Md8_UFsKGrT3w,Old TeleDrama Sri Lanka,Entertainment,Sri Lanka teledrama,,987,oldteledramasrilanka5083,False
UCMs6rZ-kqAMuWZPiX-Gjp_A,Enjoy Sri Lanka,Entertainment,Sri Lanka teledrama,US,37900,enjoysrilanka1,False
UCtSXtdR6stleaLnZ8mqVbOg,ITN teledrama,Entertainment,Sri Lanka teledrama,,27,itn-teledrama,False
UC-c2kHbzrWdKR7D9Lu-iegg,Teledrama Special Episode,Entertainment,Sri Lanka teledrama,,335,teledrama-s5b,False
UCA1ZBj8niyf_dvH6uYRhrTg, Sri Lanka Teledrama TikTok,Entertainment,Sri Lanka teledrama,,0,srilankateledramatiktok1871,False
UCOiMY00_ZLijPF6InrCl0TA,Torana Video Movies,Entertainment,Sri Lanka teledrama,LK,331000,toranavideo,True
UC0_9-ADpcwC-YNiWuDz1bKA,BongoSL,Entertainment,Sri Lanka teledrama,LK,419000,bongosl,True
UCs1rSpkEqg-3E5i_2014SOg,darama hub sri lanka,Entertainment,Sri Lanka teledrama,,24,thusharirathnayake-j5i,False
UCp3vt0JWTbhd15j9PSn3RnQ,Ransilu Production,Entertainment,Sri Lanka teledrama,LK,85000,ransiluproduction,True
UC18KIGLmSb0K312PHClqtHw,SL Army Media,Entertainment,Sri Lanka teledrama,LK,178000,slarmymedia,True
UCUnPyz9Zu480oqfO9n_RDiA,Purple Teledrama TV,Entertainment,Sri Lanka teledrama,LK,159000,purpleteledramatv,True
UCfBXT1XI3BfBFML8Wg00FTA,   FTV Sri Lanka,Entertainment,Sri Lanka teledrama,LK,427,lionsclubtvsrilanka649,True
UCUpvT0j2QZvlkbJmM38erCQ,STV Teledramas and Films,Entertainment,Sri Lanka teledrama,LK,4450,stvteledramasandfilms5353,True
UC77VWlbX8K5oUxdYKcI5VeA,MasterChef Sri Lanka,Entertainment,Sri Lanka teledrama,,16400,masterchef.srilanka,False
UCLNz9bgiJfM3ImTtYDOt8Ew,Sirasa TV Digital,Entertainment,Sri Lanka teledrama,LK,339000,sirasatvdigital,True
UCzU_6iBDwAcqYomK_a_rmuQ,Teledrama Sri lanka,Entertainment,Sri Lanka teledrama,LK,602,teledrama_lk,True
UCTxXY_FT-63kBRYoW3-sGNg,CineLanka සිංහල සිනමා,Entertainment,Sri Lanka teledrama,LK,13400,cinelankasrilanka,True
UCMeiy4OHHuBbXVdDpv1LNQw,Sri lanka News,News & Politics,Sri Lanka news,,4,srilankanews-h2n,False
UC6YskSjbx6ejLZxlw0ou7ug,LiveFM Sri Lanka,News & Politics,Sri Lanka news,LK,11100,livefm.srilanka,True
UCcg4tDKgPLIc_x3lhWdogLg,LankaAnews,News & Politics,Sri Lanka news,LK,810000,lankaanewsvideo,True
UCvDr-HqfLpzfuj5lx7GcGXQ,SRI LANKA NEWS,News & Politics,Sri Lanka news,LK,0,wijesinghadeepal7683,True
UChd0bQVEBVBD2dwgKurvedA,Sri Lanka Youth News,News & Politics,Sri Lanka news,,49,srilankayouthnews,False
UCExEH_AcfrEU4s5zobFZaSQ,Lankasri News,News & Politics,Sri Lanka news,US,791000,lankasrinews,False
UCiZ2kBH916H6PvTkPRKSyDw,"YCS, Sri Lanka",News & Politics,Sri Lanka news,,1140,ycsarchdioceseofcolombosri2990,False
UC77Hynm5dzYFLYqB8kXrW8Q,Sri Lanka - News,News & Politics,Sri Lanka news,,9,srilanka-news9882,False
UCFdAs4DEkB7WkCbgrU9J1fA,AIA Insurance Sri Lanka,News & Politics,Sri Lanka news,LK,15700,aiainsurancesrilanka,True
UCGQDhyew_-PAPGulRVtxUXQ,News Sri Lanka,News & Politics,Sri Lanka news,,3,newssrilanka7821,False
UCJpM66ypgqDMT-buL1ALuLA,Newsfirst Tamil - Sri Lanka,News & Politics,Sri Lanka news,US,725000,newsfirsttamilsl,False
UCA0moWkA3pQGtAP4hHMqrOA,Denson TV Sri Lanka,News & Politics,Sri Lanka news,LK,84,densontvsrilankanews,True
UCl5qgtHMvv99Yy-Mjlkn4vw,Auslanka TV ,News & Politics,Sri Lanka news,AU,71100,auslankatv.official,False
UC-Xj0qPgOHLTuY6WBHTQZjg,Sri Lanka News,News & Politics,Sri Lanka news,,56,theslnews,False
UCn39xNZ42C93DHXbbRH2mgA,TJ News Sri Lanka ,News & Politics,Sri Lanka news,LK,7450,tjnewssrilanka30,True
UCqrqt9Egbp4Voh3iEUUoorw,ITN News - Sri Lanka,News & Politics,Sri Lanka news,LK,131000,itnnewssinhala,True
UCJuT5WFiZkv3B7uR8y5M75w,D News Sri Lanka,News & Politics,Sri Lanka news,,1,dnewssrilankagr,False
UCGEwWTuq70P1D87yvRjbFVA,Info Sri Lanka ,News & Politics,Sri Lanka news,US,27600,infosrilanka,False
UCMkW7S3IszN1L9u1bLw23rQ,Sri Lanka Bureau of Foreign Employment - SLBFE,News & Politics,Sri Lanka news,LK,69700,srilankabureauofforeignemp2217,True
UCEmpXzM-MOJMHaT5UsVfaEg,Sri Lanka News,News & Politics,Sri Lanka news,LK,16,srilankanewssinhala,True
UCeklF165Zi9im0Gzf3fR0Zw,News Sri Lanka,News & Politics,Sri Lanka news,,6,newssrilankas,False
UC9aKXMCkCoOAvkL8emmfBhQ,sri lanka news,News & Politics,Sri Lanka news,,1,srilanka_news-t2r,False
UChahDwQQmHd9j751l7fuH7Q,Spoken English Sri Lanka,News & Politics,Sri Lanka news,LK,114000,spokenenglishsrilanka,True
UCQii5eghTJ5knI1_reM3xvg,ART Television -Sri Lanka,News & Politics,Sri Lanka news,US,7650,arttelevision,False
UCcijXxFzSXgoM6q9cCtT9PA,Swarnavahini News - Live,News & Politics,Sri Lanka news,LK,287000,swarnavahininews_live,True
UC8lKgUHo-2mSR5cRRXO9xow,Siyatha News,News & Politics,Sri Lanka news,LK,615000,siyathanews,True
UCfu232hs_AOdJ2uTUrAE4IA,Sri Lanka News,News & Politics,Sri Lanka news,,6,srilankanews8588,False
UC3bSm764H0fTAoYuutH9ggw,Capital FM Sri Lanka,News & Politics,Sri Lanka news,LK,1590,capitalfmsrilanka2025,True
UCFSfZx00BgZS2lsdImwbpJg,News Sri Lanka,News & Politics,Sri Lanka news,,26,newssrilanka7885,False
UC_AuTY5qqpUUYFLSDQIbOsg,CGC Sri Lanka,News & Politics,Sri Lanka news,LK,94200,cgcsrilanka7097,True
UCrEtbePpVwOMRaAootmBCAg,Sri Lanka Customs,News & Politics,Sri Lanka news,LK,4630,srilankacustoms937,True
UC6Ev8_cL6cG66bFVzRaUepw,Sri Lanka Catholic News,News & Politics,Sri Lanka news,LK,35,srilankacatholicnews,True
UCB6Z-xT7HtZRlCzLFQeX4xw,SRI  LANKA NEWS 3,News & Politics,Sri Lanka news,,5350,srilankanews3,False
UC3E_EvS__3XRgrUzv8D3L-g,Sri Lanka News,News & Politics,Sri Lanka news,LK,5470,srilankanewslk,True
UC_Urg845xBIOarYXBx_Ko2w, News sri lanka,News & Politics,Sri Lanka news,LK,732,newssrilanka-j9v,True
UCdX5yZEIb4vhkIWSpheXT8g,Sri Lanka News Hub,News & Politics,Sri Lanka news,,1620,srilankanewshub,False
UCYl8gHTeyN1gcKQ8qqMs-Wg,Sri Lanka News,News & Politics,Sri Lanka news,,2,srilankanews7763,False
UCafYOro0A5GJOp-KrVRDvcQ,Sri Lanka News,News & Politics,Sri Lanka news,LK,113,warunawanniarachchi,True
UC51zuWdRyNbQxFfy-4x6U6Q,News Sri Lanka,News & Politics,Sri Lanka news,LK,24,newssrilanka7470,True
UCIGJVuPqeAFIuKne4G8Wv2g,Sky News Sri Lanka,News & Politics,Sri Lanka news,,16,skynewslk,False
UCyhM9-y17fHHp-laYCEvT2g,Parliament of Sri Lanka,News & Politics,Sri Lanka news,LK,37900,parliamentofsrilankaofficial,True
UC9I1p1j8vAXYgArxKmXeU5w,Today News Lk Official,News & Politics,Sri Lanka political analysis,,2800,todaynewslkofficial,False
UCbs_P6cKId42qs_FDMsz19Q,Political Science (chamara weerasinghe),News & Politics,Sri Lanka political analysis,LK,1360,politicswithchamara,True
UCKuoGTeJ3cBWi_ge-xKapyQ,THE POLITICS,News & Politics,Sri Lanka political analysis,,8,the-politicssl,False
UCML_TNcLNqyCSdeDgnNyJTw,SL POLITICS,News & Politics,Sri Lanka political analysis,LK,1,slpolitics-m1d,True
UCVegfJ3J4f2q_qzfK5lehEg,Chat එක,News & Politics,Sri Lanka political analysis,,9,chatekaofficial,False
UCaKYfTolJ4s286DJ5QOFffw,Sri Lanka Political,News & Politics,Sri Lanka political analysis,LK,1200,srilankapolitical4114,True
UCPaa9NR1c6o7QW8kHYbR9Rg,Shantha_vlog,News & Politics,Sri Lanka political analysis,LK,3160,shanthavlog,True
UCicMpIeQxq_4FpB5yO_9aSw,APNA POLITICAL & LEGAL ANALYSIS,News & Politics,Sri Lanka political analysis,,0,apnapoliticallegalanalysis121,False
UC157V7VoMJATIyMjFgdpqZg,Wise Politics,News & Politics,Sri Lanka political analysis,LK,3,wisepoliticsofficial,True
UCiWal-QJMd3izmJWA7OWQgA,SL Political Talks & News,News & Politics,Sri Lanka political analysis,,572,slpoliticalmems,False
UCM4-TLxH9bFDlsjc6BlbsIA,Pramith Ganearachchi Talks,News & Politics,Sri Lanka political analysis,LK,20500,pramithganearachchitalks,True
UCdwomwz2MTy_ozVVrHDwkkg,Inside Politics ,News & Politics,Sri Lanka political analysis,,1,insidepolitics-u,False
UC4RBWduHD1vsYl9Cy7rGagA,POLITICS WITH RUHAIM ,News & Politics,Sri Lanka political analysis,,32,ruhaimahamed3705,False
UChDDErhFN18hQ-NifYMMbVA,Lanka insight News,News & Politics,Sri Lanka political analysis,LK,22,lankainsightnews,True
UCzCVi9bCpsIZUUffGpxLfiA,Sri Lanka Politics,News & Politics,Sri Lanka political analysis,LK,3,srilankapolitics-t7w,True
UC2g41HU_n90TRNyLO6fUXew,SL Political Update ,News & Politics,Sri Lanka political analysis,LK,1160,slpoliticalupdate,True
UC8mMOo6LfGF5OKJt4kbWjCQ,Citizen Lanka,News & Politics,Sri Lanka political analysis,,10,citizenlanka,False
UCcL1eq4qKv6-JueaA7b9bYg,News Point Sri Lanka,News & Politics,Sri Lanka political analysis,LK,6,news_point_srilanka,True
UClcIQJ6q-HsROoyWms8B8tg,Big Lion Poli Talks,News & Politics,Sri Lanka political analysis,LK,997,biglionpolitalks,True
UCXn1a_JRiiunkEVS9tamdCA,Political Hub LK,News & Politics,Sri Lanka political analysis,LK,37500,politicalhublk,True
UCmpeSI8ZXpacOJxa8ZmcvwQ,Calitipol,News & Politics,Sri Lanka political analysis,LK,5,calitipol,True
UC8aWSj_OsQSWPtENE_x8fxA,"Sri Lanka politics, elections, democratic process",News & Politics,Sri Lanka political analysis,LK,3,srilankapoliticsinsight,True
UCyOepTcCrjqYDSCZbKWXnCQ,Sri Lanka Today Politics,News & Politics,Sri Lanka political analysis,,1,sayumdhisansala,False
UCFha4tuRJFmgCWWrMBaa7wQ,StopSRILANKACurruption,News & Politics,Sri Lanka political analysis,LK,0,stopsrilankacurruption,True
UC7S-Njvtop_vZNztZUINBSQ, Hemapriya Kavirathne,News & Politics,Sri Lanka political analysis,US,23700,politicswithhemapriya,False
UCsUTgXEGvOQ8u1HOsd84d4A,NEWS REVIEW-SRI LANKA,News & Politics,Sri Lanka political analysis,LK,59,newsreview-lk,True
UCbCAIiyYUDoFFIzXS0HxYTA,Radical Sri Lanka,News & Politics,Sri Lanka political analysis,LK,14000,radicalsrilanka,True
UCs3KUhfBDaWTMbkowlETe7w,Insightful Sri Lanka,News & Politics,Sri Lanka political analysis,LK,85,insightfulsrilanka354,True
UC96GNvGfTbmk48uPiB5niog,SL Politics,News & Politics,Sri Lanka political analysis,LK,3,aroundtheworldofficials,True
UCa0nd8c704ALVa1c2co029g,Salaya Tube LK,News & Politics,Sri Lanka political analysis,LK,2450,salayatubelk,True
UCd-gmzevnJBe9jHuNDMrI0w,SL Leaders,News & Politics,Sri Lanka political analysis,LK,74600,slleaders,True
UC7sITQ99MzuQ3rTZEOEquPw,බුකියෙ කතා,News & Politics,Sri Lanka political analysis,,1,bukiyekatha,False
UC2kr46MvcoHAxgdJUNMFTiQ,Sl one,News & Politics,Sri Lanka political analysis,LK,2,sl-podtalks,True
UCr27vXsqJXYjFy-vepngPWg,Politics In Ceylon,News & Politics,Sri Lanka political analysis,LK,3,politicsinceylon1948,True
UCQAo9iBZ9g5TdVum4GEI3Pw,Insight Politics LK,News & Politics,Sri Lanka political analysis,,2,insightpoliticslk,False
UCA4AwsXHfkJgvxErkzu5_6Q,Lanka Voice,News & Politics,Sri Lanka political analysis,LK,6,lankavoice13,True
UCxJodWb5G_STs2il_hwN5KA,Voice of Lanka,News & Politics,Sri Lanka political analysis,,1,voiceoflanka-99,False
UC324VVhYKykBv01GecF4aYg,The Latest,News & Politics,Sri Lanka political analysis,LK,57,thelatest-00,True
UCLZKoGAWf7E8Ji-ukBEbTLg,Lanka Power Talks,News & Politics,Sri Lanka political analysis,,0,lankapowertalks,False
UCg22fUwQQF-7Sf6-TIVIFrA, රජසැප Talk ( Raja Sapa News Feed ),News & Politics,Sri Lanka political analysis,LK,112000,rajasapastudio,True
UCZa8YdngxbZdNnokd4h4bLA,Geeth Politics,News & Politics,Sri Lanka political analysis,LK,20,geethpolitics,True
UC2XIOeKtUY6lDhZRzhvKAVw,Ceylon logic,News & Politics,Sri Lanka political analysis,LK,13200,ceylonlogic,True
UCWNSb7ayfAAJdXG6sRS_NzA,Insight News,News & Politics,Sri Lanka political analysis,,2360,insight.newssl,False
UClQCAmEX_lgQeIYpZc0bYLw,The Explorer ගවේෂකයා,News & Politics,Sri Lanka political analysis,LK,5510,theexplorer2019,True
UCA21VfIEhw6g7rv2Q08Cp6w,SL POLITICAL TRUTH,News & Politics,Sri Lanka political analysis,LK,272,slpoliticaltruth2,True
UCVNgjnq_n7i_8GJOca0DIeQ,Sapiens of Sri Lanka - සේපියන්ස් ඔෆ් ශ්‍රී ලංකා ,News & Politics,Sri Lanka political analysis,LK,9830,sapiensofsrilanka,True
UCPyMviO-m9e5i0N6BYfEgeA,Lanka Daily Trends,News & Politics,Sri Lanka political analysis,,1,lankadailytrends,False
UC7t96q4ic7RS3LRQ5OoT8Gg,Channel 55 Sri Lanka,News & Politics,Sri Lanka political analysis,LK,13600,channel55srilanka,True
UCyPTRwrPdjYbyQNwSqXWGQA,Sri Lankan Politics,News & Politics,Sri Lanka political analysis,LK,439,srilankanpoliticx,True
UCYjFzTrxVAS_AyHXxZ_2S3Q,SL Politics Mems,News & Politics,Sri Lanka political analysis,LK,0,slpoliticsmems-o4q,True
UC5-UfiOe_kWnkTAJzPQNDIg,Nivii06,Howto & Style,Sri Lanka makeup tutorial,,166000,nivii0630,False
UC9UXqK_ape8v-W6HxFr_p1A,Makeup with Mel,Howto & Style,Sri Lanka makeup tutorial,,5,makeupwithmel6343,False
UCU2rxEWE_FMwW2Zi9Jg0BTg,FIORI,Howto & Style,Sri Lanka makeup tutorial,GB,596,fiori9253,False
UCjUp2G3_cifxPec0AugzHKw,sinhala  beauty tips  sl,Howto & Style,Sri Lanka makeup tutorial,,177,sinhalabeautytipssrilanka-c6o,False
UC1UXGTUVCRr_viauBj_T5sQ,Rochelle Wick,Howto & Style,Sri Lanka makeup tutorial,LK,73700,itsrochellewick,True
UCDv7yjep1DQIl6NAUvBW9sg,Dinithi Ariyarathne,Howto & Style,Sri Lanka makeup tutorial,,1,dinithiari,False
UCRKEG5XSqSeWFCg_IkiyRhg,KRYOLAN SRI LANKA,Howto & Style,Sri Lanka makeup tutorial,,9,kryolansrilanka51,False
UC74au1FHMPoIrtMg_aGl3_w,Makeup_bymalshi,Howto & Style,Sri Lanka makeup tutorial,LK,48400,makeupbymalsh,True
UCwquSiTPHX3xzzjvmJGlkyg,pavithra peiris,Howto & Style,Sri Lanka makeup tutorial,LK,178000,pavithrapeiris,True
UCUD4gdHRnEW3k5XlnQhcm2A,Ishadi Amanda,Howto & Style,Sri Lanka makeup tutorial,FR,21100,ishadiamanda,False
UC7maYyQkXk04FxSnJhhST9Q,Ashini Jayasinghe,Howto & Style,Sri Lanka makeup tutorial,,156,ashinijayasinghe5424,False
UCG99bDly2YrAaqypZjiaxqg,Lihini Dissanayake,Howto & Style,Sri Lanka makeup tutorial,AU,533,lihinidissanayake9870,False
UCvoCLasIy3O34b3X6Sr_huA,Menugi Manulya's Makeup,Howto & Style,Sri Lanka makeup tutorial,CA,120000,menugimanulyasmakeup8194,False
UCkReahpc-cfPK3YhHI_Kkqw,Basicare Sri Lanka,Howto & Style,Sri Lanka makeup tutorial,,68,basicaresrilanka4785,False
UCWbba-q9hAzue5FIZdfh4PQ,allso,Howto & Style,Sri Lanka makeup tutorial,,35,allsobeauty,False
UC9KcmoFNfrjehR5P9zascbA,T R A V E L  W I T H  D U M I,Howto & Style,Sri Lanka makeup tutorial,US,1620,travelwithdumi213,False
UCQhJxXkS3j5JX3-tuYVt-Sw,Dasuni Riigo,Howto & Style,Sri Lanka makeup tutorial,,272,dasuniriigo8379,False
UCUur646wolkO7VQ4aKh7gRw,Thimasha Vinukshi,Howto & Style,Sri Lanka makeup tutorial,,37,thimasha.vinukshi,False
UCfn6vP839sDymJyXy0lX2gA,Beauty with Salon lanka,Howto & Style,Sri Lanka makeup tutorial,,231,beautywithsalonlanka2467,False
UCcmnrYvBdTEdevbGmZQ7j8g,Viana Cosmetics,Howto & Style,Sri Lanka makeup tutorial,DE,9260,vianacosmeticsofficial,False
UCjFF_fQIGNat3_bFy42xGLA,Numaya Karunarathne ,Howto & Style,Sri Lanka makeup tutorial,,31,double_n_karu,False
UCBjqPS6IHsXGeW1-0xmIlMg,British Cosmetics Official ,Howto & Style,Sri Lanka makeup tutorial,LK,13100,bcyoutubefam,True
UCrB-WwcqR3BB01uOnVklDhg,Peckish Lulu,Howto & Style,Sri Lanka makeup tutorial,AU,24400,peckishlulu,False
UCRXlJWh8hCNTxD6LCsrgYGQ,Anusha Perera ,Howto & Style,Sri Lanka makeup tutorial,,685,anushaperera,False
UCA8CwxdQ-WWo70LAhBYcCrA,Dear lovely Shara ,Howto & Style,Sri Lanka makeup tutorial,US,1170,dear.lovelyshara,False
UCiUP46GBnwTKLrWsO_iOlyw,Geethanthini Regno Romesh,Howto & Style,Sri Lanka makeup tutorial,LK,653,geethanthiniregnoromesh,True
UCxaWiA86Q88yBLX57Qzzlrw,Yasara Pathirage,Howto & Style,Sri Lanka makeup tutorial,AU,2340,yasarapathirage6660,False
UCeBRUUbLceGPSkESinsJy9Q,SL Makeup TV,Howto & Style,Sri Lanka makeup tutorial,GB,112,slmakeuptv939,False
UCN6rLdAXIhN2mu6m9oHNiTg,Illue beauty,Howto & Style,Sri Lanka makeup tutorial,,33,illuebeauty,False
UC61fMnoQ84UO44EutMJQmgQ,Rasandi Cooray,Howto & Style,Sri Lanka makeup tutorial,,309,rasandicooray,False
UCP6YGPD0pWtHzlhKzmdy_0A,Chams Beauty,Howto & Style,Sri Lanka makeup tutorial,SG,62000,chamsbeauty,False
UCavthknYN0x2nM4xplVP1oQ,Salon Gorgeous,Howto & Style,Sri Lanka makeup tutorial,LK,24400,salongorgeousofficial,True
UCKOoODeV1nOPoq_uhs2IpQw,Makeup artist Tania Sarkar Paul,Howto & Style,Sri Lanka makeup tutorial,IN,83000,taniasarkarpaulmua,False
UC2qrX4n5HCh9F1gOQs6YKFg,BeautyWithNiky,Howto & Style,Sri Lanka makeup tutorial,GB,47,beautywithniky7027,False
UCrlyfv__d820yh_bte43UfQ,Saji Drake,Howto & Style,Sri Lanka makeup tutorial,,2780,sajidrake349,False
UCm8mrdYmt3zlLFvCfO5gbng,Makeup Artist,Howto & Style,Sri Lanka makeup tutorial,,214,makeupartist3959,False
UCP5hOs9xuHFrHMlBuj6CTvA,Glam up with Thilini Perera,Howto & Style,Sri Lanka makeup tutorial,LK,5990,glamupwiththiliniperera,True
UCE4_ddxUjoZUxKgqoJw6yZQ,Ceylonika Authentic Beauty ,Howto & Style,Sri Lanka makeup tutorial,,133,ceylonikaauthenticbeauty,False
UCL77LBR7Nu7kXG7bZkYJR9g,Salon Glamour  by ධනංජි ,Howto & Style,Sri Lanka makeup tutorial,,118,salonglamourධනංජ,False
UCJq6hfgz7MOEcvS1hbhxmxg,Gayashi Chethana,Howto & Style,Sri Lanka makeup tutorial,LK,234,gayashichethana,True
UCZOKZK-h_IPlGKQt0sSOUyQ,Shiromi_just a Brown Girl,Howto & Style,Sri Lanka makeup tutorial,,38,shiromi_just_a_browngirl,False
UCaY_Mf80TrM6ESTtSJdY_Yw,Alankaari,Howto & Style,Sri Lanka makeup tutorial,LK,3470,alankaari6748,True
UCo9TCG-34yM0Gg5bwN1dpSw,Glam By AmaJay,Howto & Style,Sri Lanka makeup tutorial,AU,361,glambyamajay6326,False
UChDUw7Lru5gDXS1A_iG2Wlg,NILAKSHI GUNASEKERA,Howto & Style,Sri Lanka makeup tutorial,US,70,nilakshigunasekera988,False
UChyLpeFeABZrPy-6W-jkImA,BEAUTY LANKA PRO,Howto & Style,Sri Lanka makeup tutorial,,5,beautylankapro9041,False
UC7lSweuPJo20zlfoUDZm9zA,Arthi Balaji Makeover Styles,Howto & Style,Sri Lanka makeup tutorial,IN,119000,arthibalajimakeoverstyles,False
UCwS5WSLxpqCVUBc9Uw1MUrQ,Salon Nuraly,Howto & Style,Sri Lanka makeup tutorial,,54,chathudisanayake,False
UCvyalhna2_BckncYWdeqcwQ,Sinhala Makeup Guru,Howto & Style,Sri Lanka makeup tutorial,LK,5100,sinhalamakeupguru,True
UCsF6mvxEdYLDrYNOj4aykPw,Cosmo Beauty Studio,Howto & Style,Sri Lanka makeup tutorial,GB,469000,cosmobeautystudio,False
UCi0o9irT_KUpHmACT2VLiwg,Charlotte Tilbury Beauty,Howto & Style,Sri Lanka makeup tutorial,GB,888000,charlottetilbury,False
UCLd-wkQQI9kurS8-4zEWC2w,Fashion with Fashion way,Howto & Style,Sri Lanka fashion sinhala,,52,fashionwithfashionway1817,False
UCfkGTRdAUHjrYqDiFyg07wg,Habi Sabi Fashion,Howto & Style,Sri Lanka fashion sinhala,,51,habisabifashionsl,False
UCW_2KcUpQBatTPO7VfLpriw,Nisha Fashion Designing & Store,Howto & Style,Sri Lanka fashion sinhala,,228,nishafashion382,False
UChx0FCT4w_HVz2-yCR0wBmw,Mrmodaz,Howto & Style,Sri Lanka fashion sinhala,US,470,mrmodaz,False
UC5SkudzqxJtC-xCU-xreX9w,Sri Lankan Models Photography,Howto & Style,Sri Lanka fashion sinhala,LK,84,srilankanmodelsphotography5744,True
UC6EbEwByu4tHEU8lBQ1nouw,Fashion with DAVE,Howto & Style,Sri Lanka fashion sinhala,LK,105000,fashionwithdave,True
UCPPpEOsocilkC2IMRodK81g,FASHION WITH BRO,Howto & Style,Sri Lanka fashion sinhala,LK,31,fashionwithbro5574,True
UCrHuRP4Su0Lri0E8XnJLumg,Jesna Fashion Vibes 💫,Howto & Style,Sri Lanka fashion sinhala,,164,jesnavibes,False
UC3re5L0YoJSpwt2VJ4Y92Ug,Mehum Athkam Pasala,Howto & Style,Sri Lanka fashion sinhala,LK,27700,mehumathkampasala,True
UCWAXniaoSy5z9qv1IjS1J4A,Prasa Fashion,Howto & Style,Sri Lanka fashion sinhala,LK,4680,prasadmadushankasamaranayaka,True
UCUL6mRPttxT4KhU5zb0gVXw,Sinhala Beauty Spot,Howto & Style,Sri Lanka fashion sinhala,AE,1240,sinhalabeautyspot,False
UC4SPXYMpajTMZdALp-6Ug-w,Batik with Iresha - නොමිලේ හරියටම බතික් ඉගෙන ගන්න.,Howto & Style,Sri Lanka fashion sinhala,LK,6770,batikwithiresha,True
UCl0xqA6UQI7310p8AopvkoA,Prabodhi Kavindhya,Howto & Style,Sri Lanka fashion sinhala,,10,prabodhikavindhya,False
UCCWn6cB41Vl8vvOA6dHax7Q,MS STYLE,Howto & Style,Sri Lanka fashion sinhala,,45,msstyle-s9e,False
UCsSThsCVS2trFiYMv-BREkA,Fashion 4 Soul,Howto & Style,Sri Lanka fashion sinhala,,338,fashion4soul525,False
UCTPWpvv8JwKhKdvuJ322X4w,Fashion Talks,Howto & Style,Sri Lanka fashion sinhala,GB,60100,fashiontalkssl,False
UCVH2TnhdPWSelQjTg8shmaA,Twinkle's Closet,Howto & Style,Sri Lanka fashion sinhala,,50,twinkle_s__closet,False
UCTkDPISqZyi95gMKJ5unGgw,missdblogs,Howto & Style,Sri Lanka fashion sinhala,,58,missdblogs3311,False
UCoDvO1KbLPjMXYa-Aj18PYQ,Kushan Naranwala,Howto & Style,Sri Lanka fashion sinhala,LK,2160,kushannaranwala,True
UCAOAqdh0wJ6lmzO8j33v8fQ,Nisha madushani ,Howto & Style,Sri Lanka fashion sinhala,LK,2800,nisha-l2g3f,True
UCdbwajThwc2u5VTv1IBV08g,Ashii Fashion  SL,Howto & Style,Sri Lanka fashion sinhala,LK,2130,ashiifashionsl,True
UCuL55IHBKAumK5hKWa_ZumQ,Queen Kuweni,Howto & Style,Sri Lanka fashion sinhala,LK,51,queenkuweni,True
UCMknjzPJjZF9F-hR2gLB7WQ,Sapumal Fashion City ,Howto & Style,Sri Lanka fashion sinhala,,16,sapumalfashioncity,False
UCfyhC0QzEkixD8QZZkdYJuA,The Open University of Sri Lanka - OUSL,Howto & Style,Sri Lanka fashion sinhala,LK,21900,ouaclk,True
UCc_K7MQbwIm7zB0BpsFqgfw,GLOW sri lanka,Howto & Style,Sri Lanka fashion sinhala,LK,4750,glowsrilanka8739,True
UC44R0za4Id1RJ79dZYQS8Hw,Dreamron Sri Lanka,Howto & Style,Sri Lanka fashion sinhala,,13600,dreamronsrilanka,False
UCoTE3ZZRLUzqUVAfA8lwhtQ,HELLANCE BRAND CLOTHING,Howto & Style,Sri Lanka fashion sinhala,LK,7730,hellancebrand,True
UCEhkKkMt6u0SUo4ivZH9MFw,GEETH Fashion,Howto & Style,Sri Lanka fashion sinhala,LK,48900,geethfashionlk,True
UCXmLfo2g7UHD4cQnTuDTMfQ,Fashionstreetsl,Howto & Style,Sri Lanka fashion sinhala,LK,48,fashionstreetsl8057,True
UC8fVpw5S4EjxrekXB4ccGKQ,Sri Lanka Style Guide,Howto & Style,Sri Lanka fashion sinhala,,1690,srilankastyleguide673,False
UCRUC1HEydcM3vgYbbCbZ5ZQ,🎭NETHRU FASHION🎭,Howto & Style,Sri Lanka fashion sinhala,LK,2100,nethrufashion,True
UCh-cPhwaVIJTFLMq0ZNf-hg,"Cheyche - Fashion, Lifestyle & VLOGS",Howto & Style,Sri Lanka fashion sinhala,LK,87500,cheyche,True
UCTJmVd5Vcu8KQk2oS6pGNzg,Actress Sri Lanka,Howto & Style,Sri Lanka fashion sinhala,LK,30300,actresssrilanka,True
UC4vB2ByY2R1poIdDRg992ZQ,ZUZI Srilanka,Howto & Style,Sri Lanka fashion sinhala,,106,zuzisrilanka,False
UCSFcCUQVf0beGJPWSt5uUhA,SDTI Campus Sri Lanka,Howto & Style,Sri Lanka fashion sinhala,LK,6530,sdticampussrilanka9782,True
UCLMzLUfoF0siAzQcIBRG8Xw,Elemer Fashion & Creation,Howto & Style,Sri Lanka fashion sinhala,LK,667,elemerfashioncreation,True
UC6KlNcceKDcj7nCy7VS9EBA,Smart Fashion lanka,Howto & Style,Sri Lanka fashion sinhala,GB,89900,smartfashionlanka,False
UCeNZTw_1bNZwLPvDK9DKRJQ,Mr.X,Howto & Style,Sri Lanka fashion sinhala,US,111000,mrxsl,False
UCVA3haEfmrRIruY-rkDtCRQ,All is beautifull,Howto & Style,Sri Lanka fashion sinhala,LK,1240,haza123-k5d,True
UCxrSYvj_2cbF8lbu89PoTWA,Upscale,Howto & Style,Sri Lanka fashion sinhala,,7,byupscale,False
UCpGA5dPpCP2t4TB1tHm0SYw,SLTC ,Howto & Style,Sri Lanka fashion sinhala,,13500,srilankatechnologycampus,False
UCG_iRET2wNK7sZQseQLBYyg,Diyana Gregory,Howto & Style,Sri Lanka fashion sinhala,,80,diyanagregory111,False
UCUbbHNUqAvWxIF9gn4XrmSg,IMASHA ZAMARANAYAKA,Howto & Style,Sri Lanka fashion sinhala,,423,imashazamaranayaka,False
UCzBCCO9q9k9gQBm1BhtzC6w,SL south vehicle fashion -2,Howto & Style,Sri Lanka fashion sinhala,LK,4790,slsouthvehiclefashion,True
UC1E4nyzYUJ6NQJZ0JmqD3SA,𝕋𝕙𝕖 𝕥𝕣𝕖𝕟𝕕 𝕊𝕣𝕚 𝕝𝕒𝕟𝕜𝕒 ,Howto & Style,Sri Lanka fashion sinhala,,3960,indikaupekshi,False
UCULeO4zpJMcG3kQI8iZ9PCw,Yohani Hettiarachchi,Howto & Style,Sri Lanka fashion sinhala,LK,202000,yohanihettiarachchi3578,True
UCsm5Wj-HmSj7D0nmXV88J3g,Men's Fashion SL,Howto & Style,Sri Lanka fashion sinhala,LK,215000,mensfashionsl,True
UCkLJso3QO4L08r5yIiwXDzw,Aryana Fashion | ආර්යානා විලාසිතා,Howto & Style,Sri Lanka fashion sinhala,LK,11,aryanafashion369,True
UCzPyz8TYW4LRcIwUSyOwNrg,Lankan Actress World,Howto & Style,Sri Lanka fashion sinhala,LK,21,lankanactressworld,True
UCCKcuPFks8pYQ3q277hQDUw,Fashion Bug Sri Lanka,Howto & Style,Sri Lanka fashion sinhala,,16,fashionbugsrilanka472,False
UC26VRuzyIws063aBlfjPuug,Dr. U Education Sri Lanka,Education,Sri Lanka education sinhala,LK,1,dr.ueducationsl,True
UCFDnbOsMMforDuli8Lm8Zaw,E Education Sri Lanka,Education,Sri Lanka education sinhala,US,77700,eeducationsrilanka,False
UCkTcRd7oWWTbDBKFwIaSX0Q,DP Education - IELTS,Education,Sri Lanka education sinhala,LK,186000,dpieltslk,True
UCSL3Jd1qtL3RkeKCpbhOspg,DP Education - Science,Education,Sri Lanka education sinhala,LK,445000,dpeducationscience,True
UCLxse_4Nevub00HsFK54Y8w,Brit Education Sri Lanka  ,Education,Sri Lanka education sinhala,GB,3270,britedu,False
UCPfyJ8ACV1DXh_6Yx68IxhA,DP Education IT Campus ,Education,Sri Lanka education sinhala,LK,116000,dpeduitcampus,True
UCHGpK33YhmHkSdYMhGvf-jw,Education Sri Lanka,Education,Sri Lanka education sinhala,,61,educationsrilanka3552,False
UCuw8HxsyF6wUeptyhhZaB6g,Education Lanka,Education,Sri Lanka education sinhala,LK,6000,educationlanka7018,True
UCu7BL-lajtjd42QuNqV3kiQ,ATN Education,Education,Sri Lanka education sinhala,LK,5290,atneducation4123,True
UCaXHgF7cAdDElEtgG2XSjlw,DP Education - O/L සිංහල මාධ්‍යය,Education,Sri Lanka education sinhala,LK,245000,dpeducationolsubjects,True
UC9jFFLKWirEIBYMPHtjcJmA,Sinhala Education TV,Education,Sri Lanka education sinhala,LK,2450,sinhalaeducationtv,True
UCmvrdaSYX8PlZO09bHDp4PQ,FREE EDUCATION SRI LANKA,Education,Sri Lanka education sinhala,LK,4050,freeeducationsrilanka1991,True
UCutW5lD0YQUD8Z3xMKBkv1Q,Ministry of Education Sri Lanka,Education,Sri Lanka education sinhala,,3180,wcmumoe,False
UCfGkuimLRsrJLW0gjQ8eIGg,TAG Knowledge,Education,Sri Lanka education sinhala,LK,237000,tagknowledge7,True
UC5wvFbsuZLWAaU8HvaGVnvA,Loyola College Negombo Education,Education,Sri Lanka education sinhala,,30700,loyolacollegenegomboeducat4919,False
UCLwwxYXhMc1fCIAnaO8nYrQ,sadu Education,Education,Sri Lanka education sinhala,LK,18600,sadueducation2077,True
UCa0Dx86qHZ2UQCf7IMiHC6w,NTV Education,Education,Sri Lanka education sinhala,LK,1360,education-ntv,True
UCWKfcASnSA4krA-mXgcSF1A,education with sinhala,Education,Sri Lanka education sinhala,LK,8690,educationwithsinhala,True
UCA9KuBy0Gx2lv4-qgvijeRg,Sam's French School,Education,Sri Lanka education sinhala,LK,11100,samsfrenchschool7145,True
UCxEf-eXn3ejmSzt7XEwzrHg,DP Education - Olympiads Math,Education,Sri Lanka education sinhala,LK,7190,dpeducationolympiadsmath,True
UCh0SZ0sQHfta4KZLizw7Xsw,ANC Campus,Education,Sri Lanka education sinhala,LK,1840,anceducation,True
UCuOJF_MCOzXZ9AgpsoApneA,KP Education Sri Lanka,Education,Sri Lanka education sinhala,,36,kpeducationsrilanka7501,False
UCfgco2b31u7kECNfFohofXA,Education Master sri lanka,Education,Sri Lanka education sinhala,,2,educationmastersrilanka,False
UC7-7U4ToSmTlYciU71F2eXA,Lanka Education,Education,Sri Lanka education sinhala,LK,1200,ksllanka,True
UC5Q1ny6-imUICARjiYVvbrA,first one education,Education,Sri Lanka education sinhala,LK,16,firstoneeducation611,True
UCFgCY_hRcewKGqE5LmaeT8Q,Dinesh Muthugala Education,Education,Sri Lanka education sinhala,LK,19500,dineshmuthugalaeducation4625,True
UCXIpu2XnvmvaGP3CtJKBm1g,Thush Education,Education,Sri Lanka education sinhala,LK,11400,thusheducation,True
UCmTcA0rOwOPCaKvfsXFeZ8w,JVP Srilanka,Education,Sri Lanka education sinhala,LK,255000,jvpmedia,True
UCa3BMXA9qcVqMtfnq7d977w,Rupavahini Jathika Pasala - රූපවාහිනී ජාතික පාසල,Education,Sri Lanka education sinhala,LK,154000,jathikapasala,True
UCy11SaOkYFJtOel7yWfvUHw,Lassana Dot Com Education,Education,Sri Lanka education sinhala,,11200,lassanadotcom2749,False
UCKoBVjh6j8amPM6tw6Lb-cA,SW Law Education Center,Education,Sri Lanka education sinhala,LK,66000,swlaweducationcenter,True
UCfCxPLBK1BYkaSqlrRwRXkA,Dr Namal Wijesinghe,Education,Sri Lanka education sinhala,LK,427000,drnamal,True
UCCl9NCEASY6vvhJTO528bcQ,Siridhamma College Education,Education,Sri Lanka education sinhala,,672,siridhammacollegeeducation3009,False
UCLiAU1lGjB1FSWbTN77J69A,DU EDUCATION SRI LANKA 🇱🇰 ,Education,Sri Lanka education sinhala,,670,dueduction630,False
UCQcaWJDpjCe9t3PQdr4o3MQ,Sri Lankan YouTube School,Education,Sri Lanka education sinhala,LK,9620,srilankanyoutubeschool,True
UCuFfmVqX2Znbj8VYImVo-MQ,Vision Edu Sri Lanka,Education,Sri Lanka education sinhala,LK,28200,visionedusrilanka,True
UCa4sJej31_yJZFKRXef05jQ,Sri lanka Education,Education,Sri Lanka education sinhala,,0,srilankaeducation4884,False
UCjVDxcBU8JKZ6QzHdAa8rQg,Sinhala Tamil Classroom,Education,Sri Lanka education sinhala,GB,151000,kumaraindrajith,False
UCpJBoKmoAOpj8kMZ-238P9g,Home School Lanka,Education,Sri Lanka education sinhala,LK,164000,homeschoollanka,True
UCLmJsEw6cV5HmOdTJ1OFfTg,Education Lanka,Education,Sri Lanka education sinhala,LK,909,educationlanka5295,True
UCrLEcoFzINyHk84mHkQMV2Q,Sri Lanka Sinhala Education,Education,Sri Lanka education sinhala,IN,7,srilankasinhalaeducation4949,False
UCRf29wQfrsRfhNIVPtkTA_A,New Gen Online School,Education,Sri Lanka education sinhala,LK,4540,newgenonlineschool,True
UCIoYrB3EKtwmTHiLhy10KTw,DP Education - Kids,Education,Sri Lanka education sinhala,LK,266000,dpkidslk,True
UCxQAU19ut_z_485jpcPvMhQ,Higher Education SriLanka,Education,Sri Lanka education sinhala,US,127000,highereducationsrilanka,False
UCmfa1qNLj1OEkbumGRkgfSw,Wisdom Educational Unit,Education,Sri Lanka education sinhala,LK,10700,wisdomeducationalunit7048,True
UCO-j9Z7nzfJ5ifpw2EzTLSg,Student Lanka,Education,Sri Lanka education sinhala,US,100000,studentlankatube,False
UCDhddDJLvF5DtQ58lwvvxRw,SN EDUCATION,Education,Sri Lanka education sinhala,,553,theminaga,False
UCPF1EIWtFOvBe9YXwfCbsvw,Science  English Medium with Chanaka sir,Education,Sri Lanka tuition class,LK,3990,sciencewithchanaka905,True
UCSm2ciid1Wc7QNeHspteY6A,Arun Kumar National Institute,Education,Sri Lanka tuition class,,8,arunkumarnationalinstitute,False
UC3K00sDszkujssjSORnipvg,Online Class LMS,Education,Sri Lanka tuition class,LK,120,onlineclass_edu_lk,True
UCa-Oknc_xa3tGBgiUoKGqOg,Gurutalks Lk,Education,Sri Lanka tuition class,LK,0,gurutalkslk,True
UCG6xbZaxspUcmVNDmm09EHA,SMARTMATHS_SL,Education,Sri Lanka tuition class,LK,2170,smartmaths_sl,True
UCKIlH4weZkJSYC6p8tHMMDw,Sanmugathasan Prasanthan,Education,Sri Lanka tuition class,,78,nishanthannishan,False
UCzU0yKrV9asu_0WQ-QhPPOw,English Lokaya,Education,Sri Lanka tuition class,LK,52,englishlokaya1432,True
UCjboX8rWtjAyU7dI2bd67KQ,Subodha Wijesinghe,Education,Sri Lanka tuition class,LK,9220,subodhawijesinghe,True
UCd5rZRdgsn_AAqj874p2zQw,Nitin Shimpi,Education,Sri Lanka tuition class,,31,nitinshimpi8683,False
UCyKKL7DTWtfiP29W2PcJe1A,News Videolk,Education,Sri Lanka tuition class,,5,newsvideolk1102,False
UCFMVncdxIw-kfoB-mBluGxw,Science Gura,Education,Sri Lanka tuition class,LK,0,science-gura,True
UCQldHHxJM0EKQOKfVFskg7w,CardBoy,Education,Sri Lanka tuition class,,9,cardboy2648,False
UCbcvE4dQvyLxDKjHdE_XCOA,Hikka Advertising,Education,Sri Lanka tuition class,LK,488,hikkaadvertising,True
UCBC6kj6oWeLuAiByuEYFVTQ,AZIIE English Tution ,Education,Sri Lanka tuition class,LK,2570,englishonlinelearninglesson,True
UCQMZ8w4rjhgme11FItKzCVA,SFT වැඩ්ඩෝ ,Education,Sri Lanka tuition class,,637,sftwithsamithabasnayake9824,False
UCXmLnp_pDf9EbeAzNmenTlg,Manji Rasara Ekanayaka  | A/L Physics,Education,Sri Lanka tuition class,GB,96300,manjirasaraekanayakaalphys9256,False
UCJGspGSup3KCZ9Ty-uAvKwg,CFMS - IT Signature ,Education,Sri Lanka tuition class,,83,cfms-itsignature3527,False
UCy65Ecq67ikup18TFCkz-qA,Lit Lab,Education,Sri Lanka tuition class,US,4490,sahanyaonline,False
UCfQzTP1jc7JXj8hYtG31osw,Accounting with Lasantha,Education,Sri Lanka tuition class,LK,19700,accountingwithlasantha,True
UCbqkofQ3IIzfzCJj79Gul7A,Home Class,Education,Sri Lanka tuition class,LK,30,homeclass-lk,True
UC7LKhag1nrx6IKcrxQ2gIog,Learn with Chirath,Education,Sri Lanka tuition class,,547,learnwithchirath1933,False
UCTeXcd8RrE-iCV5zeB-BGzg,Ajith Ranasinghe,Education,Sri Lanka tuition class,CA,2420,ajithranasinghe5282,False
UClTtyoE-ykzNTd0pAxE59Ow,Tissa Jananayake,Education,Sri Lanka tuition class,US,896000,tissajananayake,False
UCTIi9jL0_XH6wCRyHDygl9A,Kasun Liyanage Official ,Education,Sri Lanka tuition class,LK,6480,kasunliyanageofficial,True
UClPIl4UYEOJZWhURZdiktXg,MTCART Online Shop,Education,Sri Lanka tuition class,LK,97,mtcartonlineshop9931,True
UC05a9aGIZCEgxeU89i6vK_w,goTution,Education,Sri Lanka tuition class,,0,gotution1328,False
UC4bsprVpN3-xMU8SyP0SHvA,tuteclass_com,Education,Sri Lanka tuition class,,162,tuteclass,False
UC9p6rT3cB3d9lYGh2r2gmyw,Tuition Talk LK,Education,Sri Lanka tuition class,,7,tutionactores,False
UCTJDN8KoFiIvTsiQdLnToKA,Tuton Education Center,Education,Sri Lanka tuition class,LK,1580,tutoneducationcenter,True
UCjpNKLmx33s2ZQfNZoPyWpw,RK Design Studio,Education,Sri Lanka tuition class,,2,rkdesignstudiolk,False
UCkG1mzZHOS_11faHbAgOXwg,Sandun Abeysekara,Education,Sri Lanka tuition class,LK,949,sandunabeyb,True
UCDxSSI3_n3bkFKzaJMO5veQ,Dancing lessons with  Anusha silva,Education,Sri Lanka tuition class,LK,5650,dancinglessonsanushasilva5844,True
UCy0uIeQYBY1HK_T7m4Mv80w,Onlinehub,Education,Sri Lanka tuition class,,2,onlinehub7168,False
UCz_pPgRCSgFm_eJI8SU8aVA,නැණ පියස - Nena Piyasa,Education,Sri Lanka tuition class,,161,nenapiyasa,False
UCCO-rBMRRP1k8w5lU5qGBAQ,Sri Lanka Tuition Legends,Education,Sri Lanka tuition class,,1450,sltutionlegends,False
UCe_9rVu_x1qTxc_Pz_fSZ8A,Eximious Online tuition,Education,Sri Lanka tuition class,,7,eximiousonlinetuition1568,False
UCqZir8BUwNNRxmBWHYsTypA,Sri Lanka Podujana Professional Lecturers,Education,Sri Lanka tuition class,LK,85,srilankapodujanaprofession9963,True
UCr4SyRFd7gLDjBFw8DjHJMw,Chemistry in Sinhala,Education,Sri Lanka tuition class,LK,63,chemistryinsinhala4974,True
UC4tCh-s2cOWOwMww7CHYjpQ,Nisal Chamika,Education,Sri Lanka tuition class,,3,nisalchamika7991,False
UCcCtG2QKIuXSEJ9vPR1sc4w,"Faculty of Agriculture, University of Peradeniya",Education,Sri Lanka tuition class,LK,8090,facultyofagricultureuniver7722,True
UCqccPm6-YIBjbzQwpxCLOcg,Classbook,Education,Sri Lanka tuition class,LK,0,classbooklk,True
UCUz06yHz7YZWF737tof7rYQ,Dinesh Muthugala,Education,Sri Lanka tuition class,LK,868000,dineshmuthugalaofficial,True
UCiQfileJTpyUqovWgpzKBwQ,GRACE TUITION CENTRE,Education,Sri Lanka tuition class,IN,1260,gracetuitioncentre,False
UCj-1PF5mW8s0Y4wg08M4inQ,Pixelart.lk,Education,Sri Lanka tuition class,LK,4150,pixelartlk,True
UC7dNSXUwTKMIm42Y1s48pPQ,Hasith Gunawardana,Education,Sri Lanka tuition class,LK,28800,sciencechannelbro,True
UCllwIJ7CLEYgpXc5z4qYZOA,Eduran Online Academy,Education,Sri Lanka tuition class,,1490,eduranonlineacademy,False
UCX7xT2CweFolTMojXtuzayw,goTution Online,Education,Sri Lanka tuition class,LK,82,gotutiononline2143,True
UCsIaWrqm6tVCLZO80oc2u8A,BA In English External (USJP) Tuition Help.,Education,Sri Lanka tuition class,US,2940,bainenglishexternaltuitionhelp,False
UCp40Pt7dFHUyQy9aWMAC7FQ,Promo Lanka Advertising,Education,Sri Lanka tuition class,,1,promolankaadvertising,False
UCIE_huSOHYOCeBAGe_OIuew,Thiwanka Tech sri lanka ,Science & Technology,Sri Lanka tech review,LK,579,smarttechsrilanka,True
UCpA0sSPTCBVrQFx0y7k00xQ,Ceylon Tech TV,Science & Technology,Sri Lanka tech review,LK,3480,ceylontechtv,True
UCVDk_wsQZA2Tu4JzXpc3gVg,NEO LANKA TECH,Science & Technology,Sri Lanka tech review,LK,13,abirubandara-u3d,True
UC5Q86RbuPy3_NrkyrHBOMIQ,SL Technology Review,Science & Technology,Sri Lanka tech review,US,1300,sltechnologyreview,False
UCMgnxTg0x7lfZs480sdpREg,Gadget Sri Lanka,Science & Technology,Sri Lanka tech review,LK,4380,gadgetsrilanka,True
UCLcEIlORlJiHx_UlCwF943g,Pasiya Tech,Science & Technology,Sri Lanka tech review,LK,144000,pasiyatechofficial,True
UCbtIUUFz6dB1GoNdJk-Irdw,SL M TECH,Science & Technology,Sri Lanka tech review,LK,8000,slmtech,True
UCvwa-qsGh7-KMTOjbkAhQeA,Tech LK,Science & Technology,Sri Lanka tech review,LK,176,techlk-d,True
UCKvS2JDf-dfKeIa5KO3pMBw,Pasindu Tech Review,Science & Technology,Sri Lanka tech review,GB,12,pasindutechreview7950,False
UCLlqXoeO3mFBzsw8e5sIXcg,Technology in Sri lanka,Science & Technology,Sri Lanka tech review,MY,3,technologyinsrilanka5032,False
UCtv_DvLOBwce4W-BvJ8F3Cg,TR Tech,Science & Technology,Sri Lanka tech review,LK,39,trtechsl,True
UCF5hZWbvQovfgehKBywZJcg,Wasindu Tech,Science & Technology,Sri Lanka tech review,LK,490,wasindu_tech,True
UCZaA8Ha3hP7OS0GLRNzbWkA,Tech Guru,Science & Technology,Sri Lanka tech review,US,22,techguru2594,False
UCLH6umJw5noeUxxDxZOR8ug,SAMI Tech,Science & Technology,Sri Lanka tech review,LK,19500,samitechlk,True
UCl2UORrBoS7_HjzFyB9I2qg,Tech hub sri lanka,Science & Technology,Sri Lanka tech review,LK,513,techhubsrilanka-t6m,True
UCe7fzqUpU5ZvygQbJeZ6JvA,ReadMe Sri Lanka,Science & Technology,Sri Lanka tech review,LK,3430,readmesrilanka,True
UCCGEqESioRlas0CFwEZ1fww,panda tech - පැන්ඩා ටෙක්,Science & Technology,Sri Lanka tech review,LK,324000,pandatechofficial,True
UCWurhH8swoc35otNWgshNWA,Tech Sri lanka,Science & Technology,Sri Lanka tech review,,9,techsrilanka5730,False
UCZanwUhiFygrMk2VuY0R_Cw,HCLTech Sri Lanka,Science & Technology,Sri Lanka tech review,,1100,hcltechsrilanka7415,False
UCRy_kvtH_UPrEs0ycI3cZmQ,Fine Tech LK,Science & Technology,Sri Lanka tech review,LK,65,finetechlk462,True
UCDpDFEKiRYiKB7LVxbzv5Dg,Sinhala Tech Review ,Science & Technology,Sri Lanka tech review,LK,470,sinhalatechreview,True
UCb6-rOFGlduX5HMokLioIew,TECNIK AND MOBILE HUB SRI LANKA,Science & Technology,Sri Lanka tech review,LK,1,tecnikandmobilehubsrilanka,True
UCpV-6ZrPZWCRntOtWlaoaSw,Gadget Girl Sri Lanka ,Science & Technology,Sri Lanka tech review,,96,gadgetgirl-k3f,False
UClLTHKpnQFKcnTFiH9O973A,Tech Lanka,Science & Technology,Sri Lanka tech review,LK,13000,techlanka6924,True
UCeKwQeAq2eM5NgSXLe-US1A,SLB TECH,Science & Technology,Sri Lanka tech review,GB,50,slbtech6591,False
UCtiCGbtEa0x-L6-YjBxGd8w,Kethmina,Science & Technology,Sri Lanka tech review,LK,1920,ggg-t1y,True
UCNSpJOirSZwf7-b2WUx5TqA,Mr. Tech Sri Lanka,Science & Technology,Sri Lanka tech review,,487,mr.techsrilanka,False
UCQa_KSx_sMwg0K57IllohHw,Thanush Tech,Science & Technology,Sri Lanka tech review,LK,6620,thanushtechtr,True
UC3Yqhsaw7lWHb2TdjyZWTvQ,Sl Tech Lanka,Science & Technology,Sri Lanka tech review,LK,49,sltechlanka3969,True
UCFAJ1eybWfsflOuXtn_9yZQ,Tech Review Sri Lanka,Science & Technology,Sri Lanka tech review,LK,23,techreviewsrilanka7828,True
UCLn6SeqLVSJ-EChkRTy-6VA,Tech sri lanka,Science & Technology,Sri Lanka tech review,US,8,techsrilanka7719,False
UCqiEqTjO4iPFtm1-Ox0JYqQ,Tech With Anju,Science & Technology,Sri Lanka tech review,US,248,techwithanjula,False
UCdyl2r7tTuX3itRgITB0beg,Unboxing Lanka ,Science & Technology,Sri Lanka tech review,US,8,unboxinglanka1,False
UCG1gng9SjeVFp-HmPF5W6Dg,Sl Tech Speak,Science & Technology,Sri Lanka tech review,,4,sltechspeak,False
UCmHUz3tsGu5BHi6Awx0qOkA,Smart Tech LK ,Science & Technology,Sri Lanka tech review,LK,438,smarttech-lk,True
UCHT6F9HJ9DtLUjTOH16yg6g,Shimalka 🇱🇰 TechnoMajor lk,Science & Technology,Sri Lanka tech review,LK,3110,shimalkadevasrith,True
UCZ29PE-vJ0GO9i6PGjCpvxg,Tech Bro Lanka ,Science & Technology,Sri Lanka tech review,LK,1090,techbrolanka,True
UCe5VGDq_lkGVYr3nmvV_58Q,SLD Technologies,Science & Technology,Sri Lanka tech review,LK,27,sldtechnologies,True
UC1WPoxIg5zphyBqiUEdSePA,TechLine LK,Science & Technology,Sri Lanka tech review,LK,12,techlinelk,True
UC-jLz5A5PpH4KBojj9hloLw,EXPLORX BY LAKMAL TECHNOLOGY TIP REVIEWS SRI LANKA,Science & Technology,Sri Lanka tech review,,0,explorxbylakmaltechnologytipsr,False
UC-myDbJ5Iqd9k3y7f0cd0mQ,Sinhala Tech Reviewer,Science & Technology,Sri Lanka tech review,LK,50,sinhalatechreviewer,True
UCsbPUu0F_qqCmDFVjiRva1Q,Nanotek Computer Solutions,Science & Technology,Sri Lanka tech review,LK,113000,nanotekcomputersolutions,True
UC8fri9Q-YbMItcZivCuk6_g,Review Sri Lanka With Kalum & Samitha,Science & Technology,Sri Lanka tech review,LK,15,reviewsrilankawithkalumsamitha,True
UCNGEtj-O2VcNMRqJUkTP-XQ,PcReview lk,Science & Technology,Sri Lanka tech review,LK,287,pcreviewlkofficial,True
UC1mv6qA5UKLZMIPE9xrLnXQ,SinTech,Science & Technology,Sri Lanka tech review,CA,19400,sintech20,False
UCFByBzvo6xGtrYpkIALFCIA,Sanuka Tech LK,Science & Technology,Sri Lanka tech review,LK,854,sanukatechlk,True
UCxY-fWTqpvYMRUeRvxlrC2g,Tech Boss Sri Lanka,Science & Technology,Sri Lanka tech review,LK,8200,techbosslk,True
UCpTbQ8rowBytgoF2YTvCsYQ,SADEEPA TECH,Science & Technology,Sri Lanka tech review,LK,380,sadeepatech,True
UCWQG9Xm1gW5-vtW5h5z0QYg,TechGuru.lk,Science & Technology,Sri Lanka tech review,LK,3120,techgurulksrilanka,True
UC0UC13e3Fec7jx_RBwKyX0A,Satellite Lanka,Science & Technology,Sri Lanka technology sinhala,LK,451,satellitelanka,True
UC33WYr7nngdWtU8Sb6mf7aA,PickMe Sri Lanka,Science & Technology,Sri Lanka technology sinhala,LK,55200,socialpickme,True
UCQ4H3usLeUebgaFF7Rt53MQ,Java Institute for Advanced Technology,Science & Technology,Sri Lanka technology sinhala,LK,12100,javainstituteforadvancedte1415,True
UC-k23IT4BIkIDiEPq4wfuvg,SinhalaTech,Science & Technology,Sri Lanka technology sinhala,LK,217000,sinhalatech,True
UCiwCvtlqcYAyU7yFpqaB7Lw,Gadget Tech Lanka,Science & Technology,Sri Lanka technology sinhala,LK,7770,gadgettechlanka,True
UCxmvnjkkdrSZjAPzVfOousQ,Techmate Sri Lanka,Science & Technology,Sri Lanka technology sinhala,LK,3970,techmatesrilanka613,True
UCu8WN5x0Hsl5Flk0pmqABcA,Sri Lanka power technology,Science & Technology,Sri Lanka technology sinhala,,3,srilankapowertechnology3617,False
UC2cWWUUkCIlPzPACw-APVMQ,SRI LANKA CERT - CC,Science & Technology,Sri Lanka technology sinhala,LK,1250,srilankacert-cc,True
UCf3bIp32dchfn_bVAWtzLPw,Kaveesh Tech Show,Science & Technology,Sri Lanka technology sinhala,LK,6090,kaveeshtechshow,True
UCSRPWsKMym8ed266_OTcBbw,Sinhala Tech Show,Science & Technology,Sri Lanka technology sinhala,LK,22700,sinhala-techshow,True
UCPwlq6mrxcXrHrAqDexXhcg,Tech Tips,Science & Technology,Sri Lanka technology sinhala,LK,15200,techtipsengineering,True
UCnByssex1Zh1FboteFyUSPg,TECH HAMMER SRI LANKA,Science & Technology,Sri Lanka technology sinhala,LK,57,techhammersrilanka4940,True
UCHgQ30ptHrrixdv7joxTcBg,SNTK tech,Science & Technology,Sri Lanka technology sinhala,LK,142,sujithmadusanka1977,True
UCbmQJ8TOe5GvJo0Yf7ROOUQ,Tech school,Science & Technology,Sri Lanka technology sinhala,US,4550,sltexttoon,False
UCz6vWT-T7fDIX46Cnj7sqmg,SysLink Sri Lanka,Science & Technology,Sri Lanka technology sinhala,,98,syslinklk,False
UCrmc83vHc9Enn-DBvQz0y1g,TECH WITH GAYAN,Science & Technology,Sri Lanka technology sinhala,LK,1510,techwithgayan,True
UC5zkDm7jDZ9qUBDspq6YnAQ,Tech Talks SL,Science & Technology,Sri Lanka technology sinhala,LK,37,techtalkssl,True
UC1I05rUHieOHqgmRtZ9iVQg,Technology Sri Lanka,Science & Technology,Sri Lanka technology sinhala,,8,technologysrilanka2475,False
UCBO8CtXUc74YzG3ZRA-41Tw,NextstarTech,Science & Technology,Sri Lanka technology sinhala,LK,1080,nextstartech-n8g,True
UChioSRvSVkgYhyG5qDW2JtQ,PLC Training Sri Lanka.,Science & Technology,Sri Lanka technology sinhala,LK,2180,plctrainingsrilanka.2139,True
UCxm3qT6MukO0l_vlfjy_ziw,Tech Girl,Science & Technology,Sri Lanka technology sinhala,LK,16600,techgirlsl,True
UCvqUMTSBaUcr3jo6VZcAOww,Bandara Pushpakumara,Science & Technology,Sri Lanka technology sinhala,LK,986,bandarapushpakumara,True
UCbp4MroFWUKbISfkWVtP44w,Normo Tech,Science & Technology,Sri Lanka technology sinhala,LK,726,normotech5480,True
UCRkLWlbQicmka0Bwmc-QAJA,Unlimited Tech SL,Science & Technology,Sri Lanka technology sinhala,US,299,unlimitedtechsl,False
UCzxMWWPbJu7z9W2SaNKBJEg,Civil Engineering SL Technology,Science & Technology,Sri Lanka technology sinhala,US,299,civilsl,False
UCjCokZPTSqgMhYO8ZWinhTA,Technology LK,Science & Technology,Sri Lanka technology sinhala,LK,59100,technology-lk,True
UCHas-PlfQmgkcJK_JwLn_AA,iCrazeTech සිංහල,Science & Technology,Sri Lanka technology sinhala,,160000,icrazetech2.0,False
UCGMwIFulQGMMg9HoKjj7utA,TECH SARA . LK,Science & Technology,Sri Lanka technology sinhala,LK,137,tech_sara_lk,True
UCo4xyFe54pnZgxc1ztPYzaA,CREATOR LANKA,Science & Technology,Sri Lanka technology sinhala,LK,850,creatorlanka,True
UCGiUl_50PVio16C4MHClDVQ,Sinhala Tech,Science & Technology,Sri Lanka technology sinhala,LK,287,prasadweerasinghe123,True
UCNqkWhEuuUHlF38Ix-D667Q,Sysco LABS Sri Lanka,Science & Technology,Sri Lanka technology sinhala,LK,2880,syscolabssl,True
UCIHJNF6BmF42MavGrx1vU2Q,All Tech sinhala,Science & Technology,Sri Lanka technology sinhala,GB,24800,alltechsinhala,False
UC02DMFclK9vaEdOIKSiaNkA,Informatics Institute of Technology (IIT),Science & Technology,Sri Lanka technology sinhala,,108000,iitsrilanka,False
UCTRRMz20Z5Zndtq_lMoCa6w,Easy ICT Sinhala and English,Science & Technology,Sri Lanka technology sinhala,,17,easyictsinhalaandenglish-y1z,False
UCeS8rbr3AqDgkYmEMLMWjnQ,Shan Lanka Traders & Tech Solutions,Science & Technology,Sri Lanka technology sinhala,LK,822,shanlankabiz,True
UCK3z9TVIQ9N0mmSqhkBhqew,Tech with Hasa,Science & Technology,Sri Lanka technology sinhala,US,4810,hasarindatech,False
UCq4ItoanM4e5nqZRtxwcVjg,SL TECHNOLOGY,Science & Technology,Sri Lanka technology sinhala,LK,660,sltechnology1383,True
UCKdcnFiAItpjv6gwKc3z8mQ,Sri Lanka technology,Science & Technology,Sri Lanka technology sinhala,,183,srilankatechnology,False
UCNWbtqYL_7IVclEsgWPt9Ng,Department of Music & Creative Technology,Science & Technology,Sri Lanka technology sinhala,,185,departmentofmusiccreativet5639,False
UCrXCCR8ubYTZfIanRo5TbqQ,HelpAge Sri Lanka,Nonprofits & Activism,Sri Lanka charity,,46,helpage.srilanka,False
UCciWJbS8FCsgM8asue6Jvug,Sri Lanka HBS,Nonprofits & Activism,Sri Lanka charity,LK,125,srilankahbs,True
UCu1Cd4XNTuv5z8MNZjFq1Xg,WECare Worldwide,Nonprofits & Activism,Sri Lanka charity,LK,1440,wecareworldwide,True
UCGn-t5op4JWGWBj1kuNvLpA,Sri Lanka Association of Washington DC Account,Nonprofits & Activism,Sri Lanka charity,US,13,slawdcwatch,False
UCUyxoltSAHvxkGYaPUJXFfg,The Compassion Charity LK Maheswaran,Nonprofits & Activism,Sri Lanka charity,,1,thecompassioncharitylkmahe5740,False
UClliwhLQ76IRR9rmW3FUZJA,meththa foundationuk,Nonprofits & Activism,Sri Lanka charity,,2,meththafoundationuk6595,False
UCSVP1lQ0t5Lm7BSQx2Tz0JQ,Senok Trade Combine (Pvt) Ltd.,Nonprofits & Activism,Sri Lanka charity,LK,435,senokgroup,True
UCGtqXMSH7N6-DnhpiU8wnIg,ODTF Sri Lanka,Nonprofits & Activism,Sri Lanka charity,LK,85,odtfsrilanka2487,True
UCYUZUKPA-xlYSE0Hm6763rg,e-Kalvi Charity,Nonprofits & Activism,Sri Lanka charity,,28,e-kalvi,False
UC7yKlELRdtcK5x54CEUCuWw,ALTEA ASSOCIATION,Nonprofits & Activism,Sri Lanka charity,LK,1160,alteaassociation,True
UCgLgY-g6bcOeg-aB4uqrbyA,Birthday Fund Charity,Nonprofits & Activism,Sri Lanka charity,,1,birthdayfundcharity3366,False
UClqpNiv2-mFhnxTNx4HhNtw,SL HELPERS FOUNDATION,Nonprofits & Activism,Sri Lanka charity,LK,4,slhelpersfoundation5471,True
UCfWQwXa8Q5lNKf6lATJWcJw,child aid lanka,Nonprofits & Activism,Sri Lanka charity,,8,childaidlanka3383,False
UC1aVBsyfsWDUg5HD9DH2SxQ,United Hearts Foundation - Sri Lanka [ Official ],Nonprofits & Activism,Sri Lanka charity,,87,unitedheartsfoundation-sri7046,False
UCL58y0STEYIteiNpgUvoFvg,Sri LANKA,Nonprofits & Activism,Sri Lanka charity,,22,pubudud,False
UCj8-p00IbrnvFY0RB_NRBkQ,Sri Lankan Youth For Charity Community,Nonprofits & Activism,Sri Lanka charity,,0,srilankanyouthforcharityco3060,False
UCx71CIxlv4q3VUQXXK9gZrA,Sadaqa Charity in Sri Lanka ,Nonprofits & Activism,Sri Lanka charity,,1,sadaqacharityinsrilanka,False
UCuFiR4aJwgVnSQMkUOPSBaA,Global Ehsan Relief Sri Lanka,Nonprofits & Activism,Sri Lanka charity,,119,globalehsanreliefsrilanka2222,False
UClUtDmvOS1O7KbmeIM9XHPw,CHARITY_LK,Nonprofits & Activism,Sri Lanka charity,,0,charity_lk,False
UCY0ZR-zn8ABcREszLd7ic3w,Muslim Charity Serendib,Nonprofits & Activism,Sri Lanka charity,,3,muslimcharityserendib,False
UCpdowVzLaePatFtYP9vGWsg,Sylvia Lanka Foundation,Nonprofits & Activism,Sri Lanka charity,GB,101,sylvialankafoundation8799,False
UCm7MP72vh0Unw4cWDL2l0Fw,Charity Agora SL,Nonprofits & Activism,Sri Lanka charity,LK,12,charityagorasl8778,True
UCYJL0GZyAJRgFP82I3Y_cFg,HEART OF HOPE - SRI LANKA (OFFICIAL),Nonprofits & Activism,Sri Lanka charity,,290,heartofhope-srilankaoffici1662,False
UCtcJXxNV0qKe5gfVrtgb4Wg,WideEvents Sri Lanka,Nonprofits & Activism,Sri Lanka charity,,2,wideeventssrilanka,False
UClNV3N_2VpjtHZLiy5S5vNQ,International Aid Charity,Nonprofits & Activism,Sri Lanka charity,US,172,iacharityusa,False
UCst4D5jZlCEShkFrGlJwxCQ,Sri Lanka Heart Association,Nonprofits & Activism,Sri Lanka charity,,98,srilankaheartassociation8535,False
UCXnrjRstck0KZ2GsaSW9cow,Benefit Mankind Charity,Nonprofits & Activism,Sri Lanka charity,,5,benefitmankindcharity1503,False
UCOSWSp4HHQdz0_P677uMJ8g,ABC Charity,Nonprofits & Activism,Sri Lanka charity,SE,50,abccharity5011,False
UC8OjFbeEyCC8wpPWPYRA0SQ,SL Charity Portal,Nonprofits & Activism,Sri Lanka charity,LK,16,slcharityportal6613,True
UCw48Rkx5LeKzVbSfb9Cukhg,Hemas Outreach Foundation,Nonprofits & Activism,Sri Lanka charity,LK,36,hemasoutreachfoundation,True
UC-jGkJ8bsYIAIyMB7PaWtrg,Help Foundation - Srilanka,Nonprofits & Activism,Sri Lanka charity,AU,121,helpfoundation-srilanka6877,False
UCgTVEOflRneP2HphC6zNrHg,Professional Chefs Association Sri Lanka,Nonprofits & Activism,Sri Lanka charity,LK,183,srilankachefs,True
UChHP_CvPx861-HHnCoMAtUA,Divi Sarana charity Foundation - දිවි සරණ පදනම,Nonprofits & Activism,Sri Lanka charity,LK,141,-divisaranafoundation8450,True
UCCuLKHPmNxYbv2Euj3-6Ejw,Saving Sri Lanka Strays,Nonprofits & Activism,Sri Lanka charity,GB,3,saving-sri-lanka-strays,False
UC0paqeIEsPv1dsobHk20_Fg,Sri Lankan Welfare Association-SAHANA,Nonprofits & Activism,Sri Lanka charity,AE,81,srilankanwelfareassociation,False
UCOjs-ngk14soIovuYOTDO2A,"Amal Foundation, Sri Lanka",Nonprofits & Activism,Sri Lanka charity,,4,amalfoundationsrilanka1930,False
UCYQEXlXl2zynmDFJJmPqlUw,FSL Charity,Nonprofits & Activism,Sri Lanka charity,,0,fslcharity5309,False
UCV_TevWLAlWIxs6u8D4LXOw,Charity Fundraising,Nonprofits & Activism,Sri Lanka charity,,2,charityfundraising4550,False
UCc7Sr8nw5RsNlWRk8yS6djw,Sri Lankan Ekamuthuwa Leeds,Nonprofits & Activism,Sri Lanka charity,,24,srilankanekamuthuwaleeds7007,False
UColJ9D84qtgclECfmqOqmBQ, ONE CHILD FOUNDATION ,Nonprofits & Activism,Sri Lanka charity,,2,onechildfoundationofficial-uk,False
UCoZ7bcznzV49EPKJPOYvXhQ,YarlVision Charity,Nonprofits & Activism,Sri Lanka charity,,1,yarlvisioncharity122,False
UCSsbHLWXwj8ed-NolcPrsRQ,Oru Paanai Charity Organisation,Nonprofits & Activism,Sri Lanka charity,,0,orupaanaicharityorganisati5615,False
UCVy4kOItVggcbiboJ9FgQig,S.Y.K - Share Your Kindness,Nonprofits & Activism,Sri Lanka charity,,12,s.y.k-shareyourkindness1046,False
UCgAKz3KtwhJlu5-ZBNG3UiA,"Ampara Polwaththa Maha Vidyalaya, Sri Lanka",Nonprofits & Activism,Sri Lanka charity,,73,amparapolwaththamahavidyal9638,False
UCjh3yckixYKKLHWFolp49eQ,The Art of Charity - Sri Lanka,Nonprofits & Activism,Sri Lanka charity,LK,11,theartofcharity-srilanka,True
UCCrq9pWv4AE9_yyj6WlgVlw,SPICE Charity Sri Lanka,Nonprofits & Activism,Sri Lanka charity,,1,spicecharitysrilanka5558,False
UCKOC7N3_rtCd35JszEaIiww,Devoto Foundation - Sri Lanka,Nonprofits & Activism,Sri Lanka charity,,13,devotofoundation-srilanka9827,False
UCKnqIu8eR2U-75hvI5GQv8g,The Prophet Jerome Fernando Charity Foundation ,Nonprofits & Activism,Sri Lanka charity,LK,4990,pjfmcharityfoundation,True
UCOFnDJQXTHYeCMKcrkslJWQ,Kansarmen sri lanka,Nonprofits & Activism,Sri Lanka charity,,470,kansarmensrilanka,False
UCWfHeAfbF81SM6S1p_L4SNg,Visions Global Empowerment,Nonprofits & Activism,Sri Lanka nonprofit,,1020,visionsglobal,False
UCrOF7SQuKTBK5dEKHbjU8RQ,CPDWA Kandy,Nonprofits & Activism,Sri Lanka nonprofit,,4,cpdwakandy5388,False
UCK_Q1WIvgsjo3BRXsHA7lbg,Dharma Voices for Animals,Nonprofits & Activism,Sri Lanka nonprofit,US,2040,dharmavoicesforanimals,False
UCLCn_L9bJlYjWYlnFIXirHw,Samadhi Youth Forum,Nonprofits & Activism,Sri Lanka nonprofit,,0,samadhiyouthforum184,False
UCGSmtgaC96a6AooaJO4HSYQ,Maitri Bay Area,Nonprofits & Activism,Sri Lanka nonprofit,US,260,maitribayarea2423,False
UCtTO3nVQIPZcg0HY70wDGMQ,The Diabetic Debrief,Nonprofits & Activism,Sri Lanka nonprofit,,568,thediabeticdebrief,False
UCh5jAyVqmuNlFPuZ_PnFmxg,One World One Family Foundation USA,Nonprofits & Activism,Sri Lanka nonprofit,US,94,owof.foundation,False
UCpGAv_F6otZaEQGEL7NWzHw,Film 4 Dialogue,Nonprofits & Activism,Sri Lanka nonprofit,,55,film4dialogue147,False
UC4q8VVq5HMJmXRjZ7QZwVmw,IQ Centre,Nonprofits & Activism,Sri Lanka nonprofit,LK,39200,iqteacher_lk,True
UCTycaUqopZ4km6sDQbm3XKw,CASW ScienceWriting,Nonprofits & Activism,Sri Lanka nonprofit,US,1260,caswsciencewriting,False
UCobrTEykjSq3bQcvPQCtZGQ,The Asia Foundation,Nonprofits & Activism,Sri Lanka nonprofit,,5290,asiafoundation,False
UC25jwBfMrk9HxBCN1qommlQ,Satva Fund,Nonprofits & Activism,Sri Lanka nonprofit,,4,satvafund,False
UCZm-IhRPljjZGwWzQcODZaw,siri gunaruwan sisu diriya foundation,Nonprofits & Activism,Sri Lanka nonprofit,,19,sisudiriyafound,False
UC5AaKZeGxH_AWbJhYFzcmhQ,EQUAL GROUND,Nonprofits & Activism,Sri Lanka nonprofit,,762,equalground123,False
UCLWR19A7YWy9VMN_iZW7swQ,JAFFNA MUSLIM ASSOCIATION UK ,Nonprofits & Activism,Sri Lanka nonprofit,,110,jmauk6594,False
UCcsxQFWrFBlECkKlr4MhpQQ,COCO THE CAT,Nonprofits & Activism,Sri Lanka nonprofit,LK,4,funwithcocothecat,True
UCX8_4_mztunqgfWhD8g0DVA,Sri bodhiraja Foundation,Nonprofits & Activism,Sri Lanka nonprofit,LK,42,sribodhirajafoundation9043,True
UCYTN4c5a0_S5F-piPQH6EMw,Nearth,Nonprofits & Activism,Sri Lanka nonprofit,,2,nearthorg,False
UCYZKa6LWIGwyaNXqRSzNV3Q,Borderless Allies,Nonprofits & Activism,Sri Lanka nonprofit,,2,borderlessallies9652,False
UCLR00EGBDg_6l20aeCOFb3A,Sri Lankan Travelers,Nonprofits & Activism,Sri Lanka nonprofit,,34,srilankantravelersdxb,False
UC-1uJQliiQgu8WH0II6TmTw,STEMUp Educational Foundation,Nonprofits & Activism,Sri Lanka nonprofit,LK,745,stemupeducationalfoundation,True
UCvpo0a2H1M5Hyqxz9yN8egQ,SLP Toastmasters Club Dubai UAE (Sri Lankan Club),Nonprofits & Activism,Sri Lanka nonprofit,,63,slptoastmastersclubdubaiuaesri,False
UCp4uzDa7lCxFhfK_v9hdCHA,AFS FFO Germany,Nonprofits & Activism,Sri Lanka nonprofit,DE,23,afsffogermany6721,False
UCBrKnpC0kI-iFbiWY2dHGZw,Gamhewa Foundation,Nonprofits & Activism,Sri Lanka nonprofit,,1,gamhewafoundation3390,False
UCxi9YcUZtUY_-ZfRKgHVjMQ,FEED SRI LANKA,Nonprofits & Activism,Sri Lanka nonprofit,LK,3,feedceylon,True
UCi2flGysyx4mr9Sr2E5sGmA,SuperHit Lanka,Nonprofits & Activism,Sri Lanka nonprofit,LK,873,superhitlanka4307,True
UCSB_uZFz74V2jBJlx6lPuZA,The Zero,Nonprofits & Activism,Sri Lanka nonprofit,US,655,thezero4546,False
UC3pIdj6YSPIo0_2ppcxcvtg,United Humanitarian Aid (UHA යූ.එච්.ඒ),Nonprofits & Activism,Sri Lanka nonprofit,,16,unitedhumanitarianaiduha,False
UCiFgXNrYONEvGd6fHeG3zUQ,Light for Life - Sri Lanka,Nonprofits & Activism,Sri Lanka nonprofit,LK,42,lightforlife.srilanka,True
UC9swekh732mqNnFzvGGgz5g,FAMILY WELLBEING CENTRE,Nonprofits & Activism,Sri Lanka nonprofit,,11,fwcsrilanka,False
UCqQYbw8rgQ_p4jYBrk168Mg,MoodNomad,Nonprofits & Activism,Sri Lanka nonprofit,LK,725,moodnomadstudio,True
UC-EiYt9GrAfNto3fxugzgJA,intheirshoes_lk,Nonprofits & Activism,Sri Lanka nonprofit,,22,intheirshoes_lk,False
UCR2VZ7IX6OxdYLVPxnUdHBQ,Alabaster International,Nonprofits & Activism,Sri Lanka nonprofit,US,14,alabasterinternational,False
UCFQtKhoXfxAkzmrmPE9oLjQ,Gamhewa Foundation,Nonprofits & Activism,Sri Lanka nonprofit,,2,gamhewafoundation1206,False
UC26ptGRK1o_909BWVzl8KjA,Improving Economies for Stronger Communities,Nonprofits & Activism,Sri Lanka nonprofit,US,394,iesc,False
UCK_DAxAil6xrmTqeRDQoDqA,DigiConsult,Nonprofits & Activism,Sri Lanka nonprofit,AU,3,digiconsult9383,False
UCD_A7rY9eT4kWq0GNcfSxqQ,SLYO - Sri Lankan Youth Organization (SLYO),Nonprofits & Activism,Sri Lanka nonprofit,US,149,slyousa,False
UCYTarPF4iAHd_YRhPsND0kg,BCIS LKA,Nonprofits & Activism,Sri Lanka nonprofit,,1260,bcislka6636,False
UC87yjnCeJ2WOMU1Tq0iWsnw,CeylonPure,Nonprofits & Activism,Sri Lanka nonprofit,US,29,ceylonpure,False
UCdmS1jq-jyc9qfkhMXyvU9w,Follow The Heart - GO VEGAN - DVA Sri Lanka,Nonprofits & Activism,Sri Lanka nonprofit,LK,3150,followtheheart-govegan-dva624,True
UCqsD9XGJyti272C2zJM_ogA,Inspire Compassion,Nonprofits & Activism,Sri Lanka nonprofit,,9,inspirecompassioninyou,False
UC5RY-3130WsShfkXOZyxr_Q,"Sewa International, San Diego",Nonprofits & Activism,Sri Lanka nonprofit,US,9,sewainternationalsandiego230,False
UCMESyCIA6dfkpzm5qCovbig,Via International,Nonprofits & Activism,Sri Lanka nonprofit,,29,via_international,False
UCcXScMeXtgXvFUIYgHt0Z_A,United Volunteer,Nonprofits & Activism,Sri Lanka nonprofit,,7,unitedvolunteer,False
UC_0KYoPYSDb34nJVlDnxcbQ,Mirelly Outreach Fund for Children (Gte) Ltd,Nonprofits & Activism,Sri Lanka nonprofit,,0,mirellyoutreachfundforchil8900,False
UCjilzo7gypbX6h2356yS3YA,Buddhist Council of America,Nonprofits & Activism,Sri Lanka nonprofit,US,112,buddhistcouncilamerica,False
UCdrqVgltyvpK7zIxy3hX2sw,Sri Bodhiraja Foundation,Nonprofits & Activism,Sri Lanka nonprofit,US,2530,sribodhirajafoundation8980,False
UCYOgy5nRapl4Hy8q2Be6IQA,shalika sandaruwan,Nonprofits & Activism,Sri Lanka nonprofit,,1,shalikasandaruwan4130,False
UCjGq_2qhX-nEYtMzjg6_YIA,Voice of New Life Temperance Ministries,Nonprofits & Activism,Sri Lanka nonprofit,LK,52,voiceofnewlifetemperancemi3481,True
UCqysIMqSFr_2tbqTuwIGnVw,Hospital Services Support Foundation - HSSF,Nonprofits & Activism,Sri Lanka nonprofit,US,24,hospitalservicessupportfou2424,False
