channel_id,title,country,source,last_upload,days_since,status
UC0ZcZzDZe8x6-olaRR5-wYw,SanugaPUBG,LK,warehouse,2026-07-31T18:30:39+00:00,1.0,active
UClWdV81I0BoL-GlmPf942Nw,CARTOON ROOM,LK,warehouse,2026-07-28T13:30:09+00:00,4.2,active
UCRf29wQfrsRfhNIVPtkTA_A,New Gen Online School,LK,warehouse,2026-07-22T04:35:14+00:00,10.6,active
UCu7BL-lajtjd42QuNqV3kiQ,ATN Education,LK,warehouse,2026-07-23T04:30:28+00:00,9.6,active
UCfQzTP1jc7JXj8hYtG31osw,Accounting with Lasantha,LK,warehouse,2026-07-31T14:47:05+00:00,1.1,active
UCQfScNdtr5cZ3AAjxnlhEfQ,Hardcore Rugby Edits,LK,warehouse,2026-07-30T13:10:26+00:00,2.2,active
UC0UC13e3Fec7jx_RBwKyX0A,Satellite Lanka,LK,warehouse,2026-07-24T00:28:06+00:00,8.7,active
UC_Urg845xBIOarYXBx_Ko2w, News sri lanka,LK,warehouse,2026-08-01T06:30:16+00:00,0.5,active
UCqrqt9Egbp4Voh3iEUUoorw,ITN News - Sri Lanka,LK,warehouse,2026-08-01T05:26:02+00:00,0.5,active
UCcbOsE5_4LEjtQi8X2PFxDw,Hiru Star,LK,warehouse,2026-08-01T13:43:45+00:00,0.2,active
UCnRg3w-mhthPX-3Wa1cAKDQ,GAME IN SRI LANKA,LK,warehouse,2026-07-26T13:19:41+00:00,6.2,active
UCYf829WTg8Cpx_a-cPtgSQQ,M.C.U-தமிழ்,LK,warehouse,2026-07-31T07:20:33+00:00,1.5,active
UCpamW3WJjX0CgjWGsBxIm2w,GFU Sri Lanka,LK,warehouse,2026-07-30T04:12:11+00:00,2.6,active
UCwKYO2L9xzLtWhSv4ncYCIA,Nilame,LK,warehouse,2026-08-01T13:22:29+00:00,0.2,active
UCKurrM38zebptCChSC6QpuQ,Amazing TV Sri Lanka,LK,warehouse,2026-07-31T11:15:21+00:00,1.3,active
UCHtTguUXuXNqadJm-iVG9rw,TechXpress Sinhala,LK,warehouse,2026-07-17T13:51:24+00:00,15.2,active
UC3oMopXIfvenPQSVfaGifnw,Shanaka Thushanga Auto Tech Academy,LK,warehouse,2026-07-31T13:12:14+00:00,1.2,active
UClz-gBcrU1QlKyQ7zka5crw,Blender LK,LK,warehouse,2026-08-01T03:22:56+00:00,0.6,active
UC2UVrW6JtYPWq0ezzpF16RQ,U Shine Hair Solutions Centere,LK,warehouse,2026-07-27T17:54:08+00:00,5.0,active
UCvHgPqX_MU--WMuk2PVZubg,Amanda and Dias,LK,warehouse,2026-08-01T05:18:52+00:00,0.5,active
UCmGMChEd9jBucufrWcpk3Ew,Lanka Headlines,LK,warehouse,2026-08-01T13:35:05+00:00,0.2,active
UCc8W1zUTmtNqXIhOHxPIAuw,Akalanka Ekanayake,LK,warehouse,2026-07-23T09:15:22+00:00,9.4,active
UCh6ZuRqZK3TX9yt-ssydQ8g,SL - Breaking News,LK,warehouse,2026-07-20T12:38:57+00:00,12.2,active
UCa0nd8c704ALVa1c2co029g,Salaya Tube LK,LK,warehouse,2026-07-23T03:04:28+00:00,9.6,active
UCoZJaxWPeeGKZ6ShK5EsIkA,Journey of two,LK,warehouse,2026-08-01T13:03:56+00:00,0.2,active
UCAfSZ4d_LQ3v6gs6r4IADcw,Hidden Gems Sri Lanka,LK,warehouse,2026-07-30T10:24:49+00:00,2.3,active
UCLwwxYXhMc1fCIAnaO8nYrQ,sadu Education,LK,warehouse,2026-07-25T14:04:50+00:00,7.2,active
UCKOwktknl1Nml4md_6xtHWw,SLIM Sri Lanka,LK,warehouse,2026-07-20T05:25:40+00:00,12.5,active
UCEcYjPMUG0X4vvX99J6m8YA,PAZI,LK,warehouse,2026-07-24T11:28:44+00:00,8.3,active
UC_Yt4EUT5dtwOxMm6sheYrQ,BAT GAMING Cricket,LK,warehouse,2026-08-01T13:43:24+00:00,0.2,active
UCEC8e_Vpy67U4xnGwpo6v9Q,YZA Sri Lanka,LK,warehouse,2026-07-17T18:12:25+00:00,15.0,active
UCgnFSj7jQffD5V5m05j4dPw,Newsfirst Sri Lanka,LK,warehouse,2026-08-01T14:09:56+00:00,0.2,active
UCL6CPo74VXtsNZokcnIkzmQ,Sri Lankan Tours,LK,warehouse,2026-07-26T13:10:22+00:00,6.2,active
UCc1Zs92Xb56Us_XAb2OU7rQ,GreenGlow Lanka,LK,warehouse,2026-07-21T18:45:15+00:00,11.0,active
UCourijd_t76uoWtcXdrzwOg,JMK TV SRI LANKA,LK,warehouse,2026-07-28T02:39:53+00:00,4.7,active
UCYW8XY-RkpQi6wqNSypzfXQ,Janaka R Dommanige,LK,warehouse,2026-07-20T09:53:57+00:00,12.4,active
UCZ6MS5ygBzz25PnSMaAw8PA,TBN Lanka,LK,warehouse,2026-07-24T06:40:25+00:00,8.5,active
UCmqflTSJ6911aCrnaWIXxsA,The Voice Sri Lanka ,LK,warehouse,2026-08-01T06:22:45+00:00,0.5,active
UCEUSUxrhCt4n0Pp9WB7q7-w,SLTMobitel,LK,warehouse,2026-08-01T08:59:28+00:00,0.4,active
UC324VVhYKykBv01GecF4aYg,The Latest,LK,warehouse,2026-07-31T12:15:34+00:00,1.3,active
UChHP_CvPx861-HHnCoMAtUA,Divi Sarana charity Foundation - දිවි සරණ පදනම,LK,warehouse,2026-07-31T18:20:52+00:00,1.0,active
UC7y523uvfJhftdgPfC6NHPA,Study Hub Sri Lanka,LK,warehouse,2026-07-17T12:30:06+00:00,15.2,active
UCp3vt0JWTbhd15j9PSn3RnQ,Ransilu Production,LK,warehouse,2026-08-01T12:30:05+00:00,0.2,active
UCHhk9EHspPZejY9PnR1PLVg,Siyatha FM,LK,warehouse,2026-07-31T06:13:21+00:00,1.5,active
UCGjZJ0TN1PlJIEwJXKNlm6w,HandiWorks,LK,warehouse,2026-07-30T09:30:18+00:00,2.4,active
UCVleILOsIPcrXCuOoM3Od3w,odie gaming  sinhala,LK,warehouse,2026-07-30T00:48:21+00:00,2.7,active
UCZw-8vhDi8SvEjHgHI4WTMw,Sachiya-Vlog,LK,warehouse,2026-07-31T04:25:10+00:00,1.6,active
UC7di5zivMKpYOmhyhZ2nVvg,Rj Chandru Sports Feed,LK,warehouse,2026-07-30T13:57:29+00:00,2.2,active
UC-DEHYgvcA5bBD3cWo_vSuA,Sri Lanka Vlogs 99,LK,warehouse,2026-07-27T10:18:39+00:00,5.3,active
UCmbvStroxG2ia5GDytTr0xA,Creative Films (SL),LK,warehouse,2026-07-31T00:37:55+00:00,1.7,active
UCO1D6O3Pi6bJjZ3xsrWQvRQ,new pet LK,LK,warehouse,2026-07-22T02:15:41+00:00,10.7,active
UCl4MonVoWRx3HqAh3Efw2Jg,Football Sri Lanka TV,LK,warehouse,2026-07-31T08:32:08+00:00,1.4,active
UCJPorwyXP29nZW95Gh-nrsw,Ronaldo Diaries,LK,warehouse,2026-07-31T18:17:04+00:00,1.0,active
UCJEnfxBpv0TwLx_mAf9NXHg,TATA Motors Sri Lanka,LK,warehouse,2026-08-01T09:13:10+00:00,0.4,active
UCyhM9-y17fHHp-laYCEvT2g,Parliament of Sri Lanka,LK,warehouse,2026-07-24T10:48:47+00:00,8.3,active
UCckltLEhFLv8Xz_lQhYfwmg,Hiru News,LK,warehouse,2026-08-01T13:42:50+00:00,0.2,active
UCoUtpHt61tmeSpaznNoqr3g,News 1st Updates,LK,warehouse,2026-07-26T07:00:57+00:00,6.5,active
UCfGkuimLRsrJLW0gjQ8eIGg,TAG Knowledge,LK,warehouse,2026-08-01T13:30:31+00:00,0.2,active
UC3tvYy-s84yySG7V85jRDnA,Sudaa Creation,LK,warehouse,2026-08-01T11:00:12+00:00,0.3,active
UCXIpu2XnvmvaGP3CtJKBm1g,Thush Education,LK,warehouse,2026-07-23T10:23:19+00:00,9.3,active
UCGRcGg4t8Q3iMit9hbQg7WA,Chill Lanka,LK,warehouse,2026-07-20T05:49:07+00:00,12.5,active
UCEHs7ymn9hxSJMHLlcFLj0w,Travel Today,LK,warehouse,2026-07-23T12:30:00+00:00,9.2,active
UCMayHG7j39d11Gh36vV7GnQ,Maraya Gaming,LK,warehouse,2026-08-01T11:40:09+00:00,0.3,active
UCl4aG8npoRPiiPPr5S2-Lgw,Glamour Girls Beauty & Cosmetics,LK,warehouse,2026-07-24T14:56:51+00:00,8.1,active
UCS5U8OTQXzQXMET3NcRguWQ,Serena ♡,LK,warehouse,2026-08-01T05:06:34+00:00,0.6,active
UC6lDrxy3lS4LNRuuBtryqpQ,M.R kitchen,LK,warehouse,2026-07-28T08:32:14+00:00,4.4,active
UCVNgjnq_n7i_8GJOca0DIeQ,Sapiens of Sri Lanka - සේපියන්ස් ඔෆ් ශ්‍රී ලංකා ,LK,warehouse,2026-07-31T13:30:37+00:00,1.2,active
UCk16AZqObhsEu7fUjwroGaA,AIESEC in Sri Lanka,LK,warehouse,2026-07-31T18:13:13+00:00,1.0,active
UCf2Iar2LDcFaSCnVH1ZMUkA,Lanka Cinema,LK,warehouse,2026-08-01T12:30:06+00:00,0.2,active
UCDm4BW0Q5d-zASSuRyvPGXw,Wishma Lokaya,LK,warehouse,2026-08-01T09:30:06+00:00,0.4,active
UCYexbZ1rWNtHaUWenQvdHJA,FUNGUZ,LK,warehouse,2026-07-22T04:00:21+00:00,10.6,active
UCmTrMV3RUj_n8dO0Ff-wHOQ,Amila Dasanayake,LK,warehouse,2026-08-01T02:30:53+00:00,0.7,active
UCAOAqdh0wJ6lmzO8j33v8fQ,Nisha madushani ,LK,warehouse,2026-08-01T10:28:35+00:00,0.3,active
UCOtYyt7W5PmPnwQjWWF_Z-Q,Hiru TV,LK,warehouse,2026-08-01T13:42:18+00:00,0.2,active
UCMkW7S3IszN1L9u1bLw23rQ,Sri Lanka Bureau of Foreign Employment - SLBFE,LK,warehouse,2026-07-31T06:47:17+00:00,1.5,active
UC0g2qh1vK_S8ItR6ZSMGlCw,Cartoon Gate,LK,warehouse,2026-08-01T01:00:30+00:00,0.7,active
UCLH6umJw5noeUxxDxZOR8ug,SAMI Tech,LK,warehouse,2026-07-20T11:31:51+00:00,12.3,active
UCrPfqXI9IoCchcaZz9rY50A,STV Animation Studio,LK,warehouse,2026-07-28T11:59:32+00:00,4.3,active
UCAcPvtBwVq1vqSyPdhqD-UA,IMA,LK,warehouse,2026-07-20T10:17:07+00:00,12.3,active
UCQNgAoq_8JvzI5buAqhgL_A,Geeth Weerakoon,LK,warehouse,2026-08-01T02:25:07+00:00,0.7,active
UC2ZX-A6Js8RbeS6uds_RJZw,Thilakshana bro,LK,warehouse,2026-08-01T10:11:12+00:00,0.3,active
UChVL7KZaoIqUActsaHZAoEA, Hidden Sri Lanka,LK,warehouse,2026-07-31T12:30:37+00:00,1.2,active
UClEUyN3C6oIAMOkc8TEN8Xg,Dushyanth Weeraman,LK,warehouse,2026-07-25T06:55:36+00:00,7.5,active
UCsGsDaPTOt6VXRPF2FyAJ4g,Great_srilanka_ASMR,LK,warehouse,2026-07-31T08:30:13+00:00,1.4,active
UCH_Ie8olOLHLJPOS1vaVoOA,AkilaD Reviews,LK,warehouse,2026-07-31T03:26:02+00:00,1.6,active
UCsbPUu0F_qqCmDFVjiRva1Q,Nanotek Computer Solutions,LK,warehouse,2026-07-30T13:50:40+00:00,2.2,active
UC_dr25YJaGIFQtA8D0RTjOQ,Social Art Studio,LK,warehouse,2026-07-31T13:19:04+00:00,1.2,active
UCWrJW5qgCKGpYAxyMCp5Hxg,Allen K S L,LK,warehouse,2026-07-30T13:17:29+00:00,2.2,active
UCiiq12phPwfMHaGFVolH4Ag,Kadiya Gaming,LK,warehouse,2026-07-31T14:00:37+00:00,1.2,active
UCVBt_Exv9FMcM6F09AZNcew,DaKshaYa,LK,warehouse,2026-07-30T17:45:50+00:00,2.0,active
UC0RxmX79uHOBvSKKYAQ7Axg,WANESA TV,LK,warehouse,2026-08-01T07:05:20+00:00,0.5,active
UCiN8pQvSxfW1o9TSZN8Bf9g,KELLA,LK,warehouse,2026-07-30T12:00:28+00:00,2.3,active
UCEm59e_lj_y6oP5Bm7l7r3w,Travel Couple - SL,LK,warehouse,2026-07-31T11:00:00+00:00,1.3,active
UCTi36zetYBtNR4MW2zSmPjQ,The Sailor,LK,warehouse,2026-08-01T09:20:47+00:00,0.4,active
UC9ydRoXpQVhwb3sM7VY8xNg,SL 🇱🇰 Hismas Vlog,LK,warehouse,2026-07-30T10:16:26+00:00,2.3,active
UCUnPyz9Zu480oqfO9n_RDiA,Purple Teledrama TV,LK,warehouse,2026-07-29T08:30:09+00:00,3.4,active
UCKcM7k794WST-IRv1-lhiZg,Sangeeth Dini Vlogs,LK,warehouse,2026-07-30T12:30:37+00:00,2.2,active
UCI-teIr7yMeLi4Z3LW4LNRg,ChAbhi,LK,warehouse,2026-07-31T10:30:35+00:00,1.3,active
UCd-gmzevnJBe9jHuNDMrI0w,SL Leaders,LK,warehouse,2026-08-01T13:42:01+00:00,0.2,active
UCVz1bXiY1pz6Fz_Osm0YYBA,Anoma's Kitchen,LK,warehouse,2026-07-30T03:34:19+00:00,2.6,active
UCcFyjFWJPQ3YA1-BMnmwkhQ,Ghost GamingYT,LK,warehouse,2026-07-26T10:01:01+00:00,6.3,active
UCMug8JAUI3upsBM5sWwYreA,Tirantha Walaliyadde,LK,warehouse,2026-07-31T08:00:37+00:00,1.4,active
UCNbM4dl9kN5KDpmDdAW6zOg,Artzy,LK,warehouse,2026-08-01T00:30:28+00:00,0.7,active
UCSw_5fZrselH_au61zvIpJw,Maduwa Gaming,LK,warehouse,2026-07-20T04:24:49+00:00,12.6,active
UCciWJbS8FCsgM8asue6Jvug,Sri Lanka HBS,LK,warehouse,2026-07-23T14:45:52+00:00,9.1,active
UCcspHoBTj_aLhnJLwkMpWHQ,Hiru TV Sri Lanka,LK,warehouse,2026-08-01T10:50:41+00:00,0.3,active
UCFT4DBU0rueVksywB2DKhXQ,Gamana  Vlog,LK,warehouse,2026-07-18T10:36:54+00:00,14.3,active
UCxm3qT6MukO0l_vlfjy_ziw,Tech Girl,LK,warehouse,2026-08-01T10:54:03+00:00,0.3,active
UC_wJhm5jkqIBLd8-9fZg0XA,KIU,LK,warehouse,2026-07-28T03:20:20+00:00,4.6,active
UCSTl549eJYdeUAY0NmZLU6A,Ada Derana Biz,LK,warehouse,2026-07-20T09:10:18+00:00,12.4,active
UCH8YwtCVpDIMNh7_EqLPNCQ,YouTube TV LK - Sri Lanka,LK,warehouse,2026-07-21T13:50:26+00:00,11.2,active
UCbR7juPwtP-bV_w0840ciYQ,Channel 4,LK,warehouse,2026-08-01T13:57:36+00:00,0.2,active
UCpA0sSPTCBVrQFx0y7k00xQ,Ceylon Tech TV,LK,warehouse,2026-07-24T13:45:06+00:00,8.2,active
UCvXR8NCCCr5N0edH88hcI_Q,Economy.lk,LK,warehouse,2026-07-31T03:04:04+00:00,1.6,active
UCecL5RXqIzb3N6zO0FaCN9Q,AloKa Gaming,LK,warehouse,2026-07-21T18:38:47+00:00,11.0,active
UCy_y6nMp8Hjyl5HnnuErGuw,Techspenzer,LK,warehouse,2026-07-29T17:48:26+00:00,3.0,active
UCqQYbw8rgQ_p4jYBrk168Mg,MoodNomad,LK,warehouse,2026-07-23T13:36:41+00:00,9.2,active
UCtmb-Ini3eUbS1nMktyDgTQ,Famliy Vibes Lk,LK,warehouse,2026-07-25T15:08:49+00:00,7.1,active
UCPZ5BVdQNI36_gBwBLhPUiQ,SL Tuk Tuk Modified,LK,warehouse,2026-07-25T00:30:25+00:00,7.7,active
UCzdwVqqrY_z1DJkpLfdMHag,Novara Hair Solutions ,LK,warehouse,2026-07-30T15:12:59+00:00,2.1,active
UCEa6e_J_Xs_GKCzG8Eq15Xw,SGM Tunes,LK,warehouse,2026-07-25T05:00:23+00:00,7.6,active
UCaK7Q39swdiSrp1TBgOi7QQ,Tom like yt,LK,warehouse,2026-07-22T11:12:58+00:00,10.3,active
UCZNreSxdvd50nzMz5zkXg4w,Ceylon Wedding Planners,LK,warehouse,2026-07-31T14:30:04+00:00,1.2,active
UCxAkK6_mU-y8NownflBHl7A,XM Sri Lanka,LK,warehouse,2026-08-01T14:00:06+00:00,0.2,active
UCT4afSpF7vaC-RwCJdcGHCg,Tech With Charuka,LK,warehouse,2026-07-31T13:45:23+00:00,1.2,active
UCEJ2OW9pd3aUob5SGap2Hzg,Pakalavan News,LK,warehouse,2026-07-31T07:05:37+00:00,1.5,active
UCZ29PE-vJ0GO9i6PGjCpvxg,Tech Bro Lanka ,LK,warehouse,2026-07-26T04:50:28+00:00,6.6,active
UCPpvyKrN0dA1_D2RL8mORVA,Kolonbiya - කොළොංබියා,LK,warehouse,2026-07-31T17:18:19+00:00,1.0,active
UCKQw2OwROuqrhOuiqSttu6g,Faith Animation Team Sri Lanka,LK,warehouse,2026-07-31T19:24:49+00:00,1.0,active
UC5w6Ug990g-ANPERMC-Y3eA,Sinhala Deutsch Journey,LK,warehouse,2026-07-29T05:28:02+00:00,3.5,active
UCu_V8lfzyGspxP-LNFowW9w,eTunes,LK,warehouse,2026-07-23T13:30:28+00:00,9.2,active
UCI9B6cvPkauAUvfV2CvKMMQ,AVIZ,LK,warehouse,2026-07-29T16:00:06+00:00,3.1,active
UCah2xR5R0nYaI4YrArPcSCg,MOMO THE RAPPER,LK,warehouse,2026-07-25T11:47:24+00:00,7.3,active
UCjzTnRl0ujdKwTh7KHxYCKg,Rj Chandru Vlogs,LK,warehouse,2026-07-17T11:27:32+00:00,15.3,active
UCFV00xQSCQSKvWRXgearMzg,Slviki Media,LK,warehouse,2026-07-27T13:30:02+00:00,5.2,active
UCIPnCyTWcKHe-C-_mtG0GmA,MRJ inspire,LK,warehouse,2026-07-30T15:51:18+00:00,2.1,active
UCObCXpFPND_N_S2MTtkI-Rw,Ceylon Paradise Wedding Films,LK,warehouse,2026-07-26T18:19:29+00:00,6.0,active
UCh0SZ0sQHfta4KZLizw7Xsw,ANC Campus,LK,warehouse,2026-07-21T00:30:29+00:00,11.7,active
UCcpvzu2fNDZyKkQ6tETbHLw,Dazzling Divine,LK,warehouse,2026-07-31T05:22:28+00:00,1.5,active
UCkXjFNkQdPUGCXGvwqAx7og,Online Class Sri Lanka ,LK,warehouse,2026-08-01T02:01:26+00:00,0.7,active
UCcg4tDKgPLIc_x3lhWdogLg,LankaAnews,LK,warehouse,2026-08-01T12:35:40+00:00,0.2,active
UCpFP00DtyDEHJL38u16JeJQ,PJ  Lanka news,LK,warehouse,2026-07-29T19:17:48+00:00,3.0,active
UC1CkcuwxCW_dIchuR0tTCJw,Channel Eye Rupavahini,LK,warehouse,2026-07-29T10:46:27+00:00,3.3,active
UCGiUl_50PVio16C4MHClDVQ,Sinhala Tech,LK,warehouse,2026-07-23T13:50:36+00:00,9.2,active
UC0RX5hQE6UpHTjfub4NZSPg,Hari Tv,LK,warehouse,2026-07-30T07:30:26+00:00,2.5,active
UCVxzuJhGfjhyw1LmRFK9UxQ,Gossip lanka ,LK,warehouse,2026-07-30T06:02:56+00:00,2.5,active
UCxMSQGHZNChCr_sqKmdX8EQ,Used vehicle Sale In Sri Lanka,LK,warehouse,2026-07-18T10:02:10+00:00,14.3,active
UC2PXUxzmQE8jNanGxwndSjw,Punchi Car Niwasa,LK,warehouse,2026-07-24T12:02:22+00:00,8.3,active
UCqc7EnKqdU5kBd1StGpOvmQ,Mobile Profits lk,LK,warehouse,2026-07-22T15:29:43+00:00,10.1,active
UCgm1AkjIpLGAoBDdCPx1tMQ,Travel Uncovered sri lanka,LK,warehouse,2026-07-27T01:26:46+00:00,5.7,active
UCUATRdkuL0zxxmXWXBySgWw,Vantage Sri Lanka,LK,warehouse,2026-08-01T12:14:05+00:00,0.3,active
UCf2qcVZck1jgGoMvccY1Xfg,PYRAMIDZ,LK,warehouse,2026-07-26T14:33:00+00:00,6.2,active
UCYNtjJyosDXPToT3MdOzf1w,Sports Today LK,LK,warehouse,2026-07-31T14:19:16+00:00,1.2,active
UCF11-Puqxb0jdeWNc7F_Fcw,Lanka Hit News,LK,warehouse,2026-08-01T06:34:46+00:00,0.5,active
UCrcATWZGF_p53r38i6VK0eA,Sri Lankan Sports TV,LK,warehouse,2026-08-01T09:19:43+00:00,0.4,active
UCGwNjr4N0uUvqD8MopqsfyA,Clean Sri Lanka,LK,warehouse,2026-08-01T14:00:08+00:00,0.2,active
UC6MkngMDyobFNaXOZR0ukyQ,C ONLINE EDUCATION,LK,warehouse,2026-08-01T13:21:16+00:00,0.2,active
UC8lKgUHo-2mSR5cRRXO9xow,Siyatha News,LK,warehouse,2026-08-01T13:37:55+00:00,0.2,active
UCaIc6SgS90ud_RgMSC6hW_w,Swarnavahini TV,LK,warehouse,2026-08-01T14:00:07+00:00,0.2,active
UCB6tVmll-6XbKyS3fq8P4MA,pisssulanthaya,LK,warehouse,2026-07-24T17:58:00+00:00,8.0,active
UCU57IJhYK4v_XCOo4khbBxA,Harindra Jayalal,LK,warehouse,2026-07-30T07:43:45+00:00,2.4,active
UCiLbj6E-dvR3tDLKigo2juQ,Filltrix Sinhala,LK,warehouse,2026-07-31T14:30:05+00:00,1.2,active
UChGV7UFNdlRtUmTv_AX7Izg,GamerLK,LK,warehouse,2026-07-26T05:26:12+00:00,6.5,active
UC_AuTY5qqpUUYFLSDQIbOsg,CGC Sri Lanka,LK,warehouse,2026-08-01T11:39:15+00:00,0.3,active
UCkt4LTivoYJuOkPROhayw0Q,Sri Lanka Rugby Official,LK,warehouse,2026-07-22T16:04:56+00:00,10.1,active
UCGyG2Xkr4xR73xgQMXNi8_g,Tamilin Kural,LK,warehouse,2026-08-01T10:30:00+00:00,0.3,active
UCj-1PF5mW8s0Y4wg08M4inQ,Pixelart.lk,LK,warehouse,2026-07-18T06:44:38+00:00,14.5,active
UCfYQW_0xEVwKfePgWRxTYhg,Janai Priyai,LK,warehouse,2026-07-26T04:30:19+00:00,6.6,active
UC7AxZ0tx8pwt2oQ9hWOP1oQ,Ceylon Moto Vlogs,LK,warehouse,2026-08-01T12:08:51+00:00,0.3,active
UCluX2aszbegi4QBNHFQP63A,MoreThanIct,LK,warehouse,2026-07-30T13:49:07+00:00,2.2,active
UCfCzC_zJomF_Ace4T2wKb6Q,ThuSh LK,LK,warehouse,2026-08-01T03:32:25+00:00,0.6,active
UCtIzUW426lTNR34-GGMQvrQ,Sri Lankan Dog Lovers,LK,warehouse,2026-08-01T10:53:43+00:00,0.3,active
UCQsNlLN15ybNA4kdtwe-OBA,MotorGuide Sri Lanka,LK,warehouse,2026-07-31T05:51:58+00:00,1.5,active
UC7wRtuVWDxL2o8-74-y6LLg,Wedding Map,LK,warehouse,2026-07-23T16:05:16+00:00,9.1,active
UC12Ujt77-UFGXPAalKwuXDg,Lanka News Web,LK,warehouse,2026-07-31T17:31:02+00:00,1.0,active
UCP-yI2ffacN8bZyBatqWcbA,Private Tour Guide in Sri Lanka,LK,warehouse,2026-08-01T05:32:18+00:00,0.5,active
UCeLelzi3O-B-HKdfMESnwkQ,Media Unit - Rajarata University of Sri Lanka,LK,warehouse,2026-07-30T12:11:13+00:00,2.3,active
UC3re5L0YoJSpwt2VJ4Y92Ug,Mehum Athkam Pasala,LK,warehouse,2026-07-24T06:32:51+00:00,8.5,active
UCpRF7T1Y81YktioApy8jP9A,Drive Sri Lanka,LK,warehouse,2026-07-17T17:34:16+00:00,15.0,active
UCCGEqESioRlas0CFwEZ1fww,panda tech - පැන්ඩා ටෙක්,LK,warehouse,2026-07-31T14:34:44+00:00,1.2,active
UCg22fUwQQF-7Sf6-TIVIFrA, රජසැප Talk ( Raja Sapa News Feed ),LK,warehouse,2026-08-01T11:20:51+00:00,0.3,active
UCjm7vbOwssao7Bhm9wX3-bw,Shakthi TV,LK,warehouse,2026-08-01T12:30:29+00:00,0.2,active
UCy2ql63nRG24V2Mn7pxLenw,CA Online Academy,LK,warehouse,2026-07-31T06:11:03+00:00,1.5,active
UCxPYVvthidICJb75llNXktg,CGC Talk Shop,LK,warehouse,2026-08-01T11:03:05+00:00,0.3,active
UCIKg0Ev6Vq2M7hU7bL_jHFQ,ThePapare․com,LK,warehouse,2026-08-01T02:42:56+00:00,0.7,active
UCY8-WqzL7Mo6WHYyn2IHCUQ,Marvelous Films ,LK,warehouse,2026-07-27T16:06:19+00:00,5.1,active
UCo7jGFwywOdtesciwW-POqg,Chat & Music ITN,LK,warehouse,2026-07-31T17:15:06+00:00,1.0,active
UCt6_uKUFzWP7jLJZR9WpEoA,Hairskiin Srilanka,LK,warehouse,2026-07-31T13:45:26+00:00,1.2,active
UCnMFUg-Toi1mIknvElW9mUQ,"Environment, Climate and Technology",LK,warehouse,2026-07-31T10:55:17+00:00,1.3,active
UCgnkk8P4G9yQFuRl0dEO1HQ,Senkathir,LK,warehouse,2026-07-30T00:15:25+00:00,2.8,active
UCZEXdsMN3HWEz34uY5PbtXA,News Lanka,LK,warehouse,2026-07-31T03:57:40+00:00,1.6,active
UCA9KuBy0Gx2lv4-qgvijeRg,Sam's French School,LK,warehouse,2026-07-23T17:37:56+00:00,9.0,active
UCoNaQS6wefjNVFkwvxrzAYw,MR BRO,LK,warehouse,2026-08-01T12:24:48+00:00,0.2,active
UCWJpvaMY_cRnUm6GvK_89ng,Rahu Sri Lanka,LK,warehouse,2026-07-22T11:30:38+00:00,10.3,active
UCRDDfbYPHX_GUJ4lcQYTc8A,TV Derana,LK,warehouse,2026-08-01T13:30:07+00:00,0.2,active
UC95VofaZiQPFwRMaqPhLc0w,Nava Talk,LK,warehouse,2026-08-01T11:58:11+00:00,0.3,active
UC-0Mao449ypwT0j6O4Dq1kA,Short Film Sri Lanka,LK,warehouse,2026-07-30T05:19:11+00:00,2.5,active
UCmwIKQQjwpjNT8OQ_VZuRfg,ROBIN GAMING Srilanka,LK,warehouse,2026-08-01T09:15:26+00:00,0.4,active
UCGwSu8n08wtb7RVacaPs9Tw,Saranga - Dinakshie Online,LK,warehouse,2026-07-30T12:20:18+00:00,2.2,active
UCf48pki8AqjBHuV80LcC7kA,SAJEE GAMING ,LK,warehouse,2026-08-01T11:23:21+00:00,0.3,active
UC4UaWbUUwVvCxWNqhb4f16Q,Apé Amma,LK,warehouse,2026-08-01T13:04:34+00:00,0.2,active
UC8IP1bYxoeFVP5BP7JwG76w,WoW Journey in Sri Lanka (Sinhala),LK,warehouse,2026-07-29T15:31:28+00:00,3.1,active
UC3C6rQHX8pkjSyOm-620k3w,Marvel Tech,LK,warehouse,2026-07-30T17:35:44+00:00,2.0,active
UCM1XR4yUmryIdI5um99YlKw,Finetech - Google Premier Partner Sri Lanka,LK,warehouse,2026-07-25T10:30:20+00:00,7.3,active
UCKEKf35apTUvSLs-c1DCekw,English with Sakvithi,LK,warehouse,2026-08-01T13:30:08+00:00,0.2,active
UCpoFVjuq1ALkaLXUCpn_GuA,GAMING LANKA,LK,warehouse,2026-07-26T17:26:45+00:00,6.0,active
UCoQOQFHBsBAhobpI8NradTA,SL Idea,LK,warehouse,2026-07-31T13:01:54+00:00,1.2,active
UCppSNX9SEvI6TM1U0GLGQyA,Kusala's Simple Life ,LK,warehouse,2026-08-01T08:06:36+00:00,0.4,active
UC2sO_F_Ky4LIAUtSJYXqBDA,Hiru TV  LIVE,LK,warehouse,2026-07-31T18:13:04+00:00,1.0,active
UC5F9aIQD4W16FyhUDl42zUQ,SFT Kasun,LK,warehouse,2026-08-01T06:20:35+00:00,0.5,active
UCbS_glb2N1NVTrDLVryRbng,News Center,LK,warehouse,2026-08-01T14:00:06+00:00,0.2,active
UCs_mHlm5_C82W5WCIJaSMbQ,Vishwakarma | විශ්වකර්ම,LK,warehouse,2026-08-01T11:04:41+00:00,0.3,active
UCacIRbbu-hgx4sRW6tZPRoQ,Akilam News,LK,warehouse,2026-08-01T00:15:00+00:00,0.8,active
UChjjQEg9N3ySQae_eGitULg,Ranjan Ramanayake,LK,warehouse,2026-07-29T05:21:55+00:00,3.5,active
UCT83ymyAGm7Gnk_4ifxjxIA,Sri Lanka Rupavahini,LK,warehouse,2026-08-01T14:00:06+00:00,0.2,active
UCDxSSI3_n3bkFKzaJMO5veQ,Dancing lessons with  Anusha silva,LK,warehouse,2026-07-18T08:30:22+00:00,14.4,active
UCq0hVW_G5kWt2ocLhbjOtGg,Tamil Lanka News,LK,warehouse,2026-08-01T11:42:01+00:00,0.3,active
UC5mNdm6_f2fv50Hzsg7qW1g,RevMatch,LK,warehouse,2026-08-01T07:11:15+00:00,0.5,active
UCcM0vptubHl1E-H1r_3T53w,Tuktuk Rental,LK,warehouse,2026-07-22T08:54:23+00:00,10.4,active
UCLNz9bgiJfM3ImTtYDOt8Ew,Sirasa TV Digital,LK,warehouse,2026-07-31T10:18:37+00:00,1.3,active
UCAqSq3iNGYSbw9mSFzVIANQ,Kajan Vlogs,LK,warehouse,2026-08-01T12:30:05+00:00,0.2,active
UCc30sTBdN9LRSxEuHaXV_bQ,Siyatha TV,LK,warehouse,2026-07-30T14:30:06+00:00,2.2,active
UCsvrW9k0uqrFMEXuF0HDgJQ,කාටූන් මංසල - Cartoon Mansala,LK,warehouse,2026-07-24T12:30:33+00:00,8.2,active
UCAbnKwbHRlhEXMvtSUzrrng,Sri Lankan Tourism,LK,warehouse,2026-07-31T13:00:36+00:00,1.2,active
UCQa_KSx_sMwg0K57IllohHw,Thanush Tech,LK,warehouse,2026-07-30T13:30:37+00:00,2.2,active
UC5HK5iZs2UB55Bum9BBbajg,cooking wasthu,LK,warehouse,2026-07-17T11:29:13+00:00,15.3,active
UCls_uDOm2aY8LP8tP1Z4BOQ,Review Master,LK,warehouse,2026-08-01T10:32:58+00:00,0.3,active
UCwaUcCAOyzudilU2vsxtieg,Skin clinic Sri lanka,LK,warehouse,2026-07-24T11:00:02+00:00,8.3,active
UCyrW9aDENkU6G6URdVFwB9g,Fit Life TV Sri Lanka,LK,warehouse,2026-07-31T14:48:55+00:00,1.1,active
UCOlMa7eBVngg14Qnu8eAXgA,Amazing Sri Lanka ,LK,warehouse,2026-07-25T08:04:33+00:00,7.4,active
UCVOZ_y2K3fnUOmuMtnxLk1Q,SL Animation Cartoon Hub,LK,warehouse,2026-07-31T11:12:14+00:00,1.3,active
UC6YskSjbx6ejLZxlw0ou7ug,LiveFM Sri Lanka,LK,warehouse,2026-07-23T18:42:29+00:00,9.0,active
UCkjcwbJJld7G6dCnfgl6qDA,Pani Comedy,LK,warehouse,2026-07-31T15:44:17+00:00,1.1,active
UCOje-ElpruRxg2XWnWwue7w,LankaTVchannel1,LK,warehouse,2026-08-01T10:07:56+00:00,0.3,active
UCvyalhna2_BckncYWdeqcwQ,Sinhala Makeup Guru,LK,warehouse,2026-07-21T04:59:38+00:00,11.6,active
UCdFAl3bZf7bi7A5HX7USKzg,Pet Talk,LK,warehouse,2026-08-01T05:05:45+00:00,0.6,active
UCVJBgDJMJ3wDsSUb4iEHyKg,GKSL,LK,warehouse,2026-07-29T04:32:10+00:00,3.6,active
UCkD2Gixzde52jx1XspNvrBw,Crazy Pair,LK,warehouse,2026-07-31T13:30:09+00:00,1.2,active
UC3bN_qLws_jgNZmwUKyfuIg,Ruwanwella Rajasinghe Volleyball,LK,warehouse,2026-07-21T16:21:22+00:00,11.1,active
UCULeO4zpJMcG3kQI8iZ9PCw,Yohani Hettiarachchi,LK,warehouse,2026-07-24T14:34:15+00:00,8.2,active
UCmyEUjIqwiTwx6MFT19FD0g,CTV SRI LANKA,LK,warehouse,2026-07-28T17:27:48+00:00,4.0,active
UCQbzzbM-EGERjLIpKLRGgPQ,Agayamu Srilanka ,LK,warehouse,2026-07-30T04:54:09+00:00,2.6,active
UCDRvVQA5TYL0TFYjA6jcHag,Dinush & Thilini Vlogs,LK,warehouse,2026-07-31T02:28:15+00:00,1.7,active
UCcJpqRpi5w9OV11xtYgUSUQ,Jesi Vlogs,LK,warehouse,2026-07-29T16:03:31+00:00,3.1,active
UC_YEDp_hEdqGHD6cYAHX0KA,Thenuka mobile,LK,warehouse,2026-07-29T12:57:06+00:00,3.2,active
UC_HxkWZCXAODLKg3ggawmDg,Statistics senaka,LK,warehouse,2026-07-27T14:54:10+00:00,5.1,active
UCegqG9T-A_SJKIC8oihTHhg,Mr.ධනූ ×‿×,LK,warehouse,2026-07-23T07:34:57+00:00,9.4,active
UC8irIP66QzlZNVgqe4vwN9g,MADU MEE,LK,warehouse,2026-08-01T08:30:11+00:00,0.4,active
UCDKnzkS4TyUKVc-vpLMMSDQ,funny sri lanka,LK,warehouse,2026-07-31T11:31:53+00:00,1.3,active
UCHxH_-4U4y6OuGqe5XiWWqA,Job Guide Sri Lanka,LK,warehouse,2026-07-24T05:13:37+00:00,8.5,active
UCrG36PjxPG2rgCHXmZEGmvQ,Gypsies,LK,warehouse,2026-07-27T13:30:14+00:00,5.2,active
UCCK3OZi788Ok44K97WAhLKQ,Ada Derana,LK,warehouse,2026-08-01T13:40:53+00:00,0.2,active
UCdJppX3uAMFMvCTuE9qCowg,Inside Cinemax,LK,warehouse,2026-07-30T13:31:00+00:00,2.2,active
UCLcEIlORlJiHx_UlCwF943g,Pasiya Tech,LK,warehouse,2026-07-29T09:14:20+00:00,3.4,active
UC5R7F4Mw_ZV1c4tYe4UKLIg,MCC Prime,LK,warehouse,2026-08-01T12:30:04+00:00,0.2,active
UCr1DskOOC0p1agQs4jnkdNg,NNO Sri Lanka,LK,warehouse,2026-07-20T04:00:28+00:00,12.6,active
UCALlP9-ExjCgzVht-m5zDsg,Lanka Music Voice ,LK,warehouse,2026-07-31T05:18:24+00:00,1.5,active
UC5uGexidH3WqbErqSX_EGJA,Gamester,LK,warehouse,2026-08-01T10:44:32+00:00,0.3,active
UCrVkiG6Tt5y-yNjFOOGdb3Q,Bandi Full,LK,warehouse,2026-07-29T11:15:58+00:00,3.3,active
UCKA7SQOUkD1_z5lr016Q70w,Wild Cookbook,LK,warehouse,2026-07-21T11:50:50+00:00,11.3,active
UCS6wii1nENlRXQpu_1mp5CA,Luxury Sri Lanka,LK,warehouse,2026-07-30T10:30:28+00:00,2.3,active
UCcvHzQiVySqeTBQbTZ-ElOw,Ceylonoise Toons,LK,warehouse,2026-07-24T11:30:18+00:00,8.3,active
UC4SPXYMpajTMZdALp-6Ug-w,Batik with Iresha - නොමිලේ හරියටම බතික් ඉගෙන ගන්න.,LK,warehouse,2026-07-27T10:16:56+00:00,5.3,active
UCFdAs4DEkB7WkCbgrU9J1fA,AIA Insurance Sri Lanka,LK,warehouse,2026-07-30T10:59:44+00:00,2.3,active
UCh1devGAKOxk1FONKNQyWfw,Wolfy Girl,LK,warehouse,2026-07-31T06:14:55+00:00,1.5,active
UCJsN1Mmx4GRA6sCYdfKqpSQ,Sandaru Sathsara,LK,warehouse,2026-08-01T13:00:09+00:00,0.2,active
UCgy3gF6d083mEGUKw5Vjq1Q,Kids Tv Sri Lanka - සිංහල ළමා ගීත,LK,warehouse,2026-07-30T05:35:32+00:00,2.5,active
UCJA-NQ4MtcRIog66wziD8fA,Sri Lanka Cricket,LK,warehouse,2026-07-31T10:16:30+00:00,1.3,active
UC6B3Qvye0VmLOXRPusbGF1w,Chathura Anuradha AI Films,LK,warehouse,2026-07-23T13:38:50+00:00,9.2,active
UCKoBVjh6j8amPM6tw6Lb-cA,SW Law Education Center,LK,warehouse,2026-07-27T07:55:49+00:00,5.4,active
UC7mhtAaF1ESJgCozpoS2lcQ,Derana Teen Star,LK,warehouse,2026-07-30T08:31:44+00:00,2.4,active
UCiOEgWwAKbfrVb795hqQc9A,Heshan Vlog,LK,warehouse,2026-07-27T13:45:36+00:00,5.2,active
UC4u1g0CCUxvU8-LacEFjNbg,Sinhala Meme Sound Effects,LK,warehouse,2026-07-21T12:25:32+00:00,11.2,active
UCXBT25JJF98hQkRL6V2c5dQ,Faculty of Arts - University of Peradeniya,LK,warehouse,2026-07-23T09:05:52+00:00,9.4,active
UCGB1U55Jf7bp7knbUhCCTMA,Live at Sri Lanka,LK,warehouse,2026-08-01T11:36:13+00:00,0.3,active
UCVd1jcy6wKFzfQ5E-Txtg-w,Fury Goal FC,LK,warehouse,2026-08-01T11:57:09+00:00,0.3,active
UCmrLu4r89ykOzmtmbAeEklA,Drive Dream car,LK,warehouse,2026-07-30T18:29:57+00:00,2.0,active
UC9SnUR9ewkPk9h45L0uY6SQ,CocoBunny,LK,warehouse,2026-07-30T12:31:58+00:00,2.2,active
UCG4iJ9LgvBTfaTCqdtkmMIQ,Samantha K Pathirana,LK,warehouse,2026-07-31T17:06:29+00:00,1.1,active
UCYFn7BOOlmL21iNJ6q5IDfg,Lochi,LK,warehouse,2026-07-28T06:38:36+00:00,4.5,active
UCGnnbsbqbCc7KxSIAbC_d2A,Auto Vision,LK,warehouse,2026-07-31T06:25:26+00:00,1.5,active
UCSquzAJZ72PTgZECfAEyYrQ,Hashi Vlogs,LK,warehouse,2026-07-31T16:51:02+00:00,1.1,active
UCXLyL2Fg5DZouTYsYtRT0WQ,COC Sinhalen - WhyKing,LK,warehouse,2026-08-01T08:07:18+00:00,0.4,active
UCQ1YtBI0uRoTGiIAytLKaGA,kirks creations ,LK,warehouse,2026-07-30T02:31:21+00:00,2.7,active
UCUmkuHIy9TcUhd10BCEVpIg,News 1 Updates,LK,warehouse,2026-07-27T14:09:22+00:00,5.2,active
UCs2n9rcT5RTQRJZWRx-2F3g,Wedding Advizor,LK,warehouse,2026-07-29T04:01:20+00:00,3.6,active
UCLWofMl6ouENOuxQwYUPhJg,BestVcare Animal Hospital,LK,warehouse,2026-07-22T16:43:10+00:00,10.1,active
UCb4I3a5sSdVyXdBwQPG3sTw,Vehicle HUB,LK,warehouse,2026-07-26T13:27:17+00:00,6.2,active
UCPBzejSb3mj_2xRh_VdIiEg,GAMING - THIWA,LK,warehouse,2026-07-28T08:06:25+00:00,4.4,active
UCHT6F9HJ9DtLUjTOH16yg6g,Shimalka 🇱🇰 TechnoMajor lk,LK,warehouse,2026-08-01T12:30:00+00:00,0.2,active
UChwjz-THeefGm2mSbYB37Wg,king Travelling sri Lanka,LK,warehouse,2026-08-01T06:53:24+00:00,0.5,active
UCXcSNGv5IVG6LaKta20Cqwg,Drop Ball,LK,warehouse,2026-07-26T09:24:07+00:00,6.4,active
UCvsksEXBnVKBj0QiQ6cnTdw,Tools Garage,LK,warehouse,2026-07-26T11:30:36+00:00,6.3,active
UClBC9kT7SSFliwTgLQ7Ms4g,Auto Hub,LK,warehouse,2026-07-24T10:34:34+00:00,8.3,active
UCcsxQFWrFBlECkKlr4MhpQQ,COCO THE CAT,LK,warehouse,2026-07-29T18:30:37+00:00,3.0,active
UC0554zf4RvVkxwt_tS4Wx_g,Newsline lk,LK,warehouse,2026-08-01T13:47:06+00:00,0.2,active
UCVwEHCzHFsn8_5LhjMFqSiA,Happy Life with wathsala,LK,warehouse,2026-08-01T05:35:21+00:00,0.5,active
UC94kX8sCqFj-3I4DgLGoQMg,Talento Band Sri Lanka,LK,warehouse,2026-07-24T15:07:28+00:00,8.1,active
UC-dHEjWS4CibzGtijQC6cOg,Auto Lanka,LK,warehouse,2026-07-31T14:15:06+00:00,1.2,active
UCAGQUfHzdsgxJ1pq2XDS2TQ,ITN Network,LK,warehouse,2026-07-31T16:00:06+00:00,1.1,active
UCHCCA-XX30GUBXRdi0fSy-A,Dilo,LK,warehouse,2026-07-30T13:46:34+00:00,2.2,active
UCM4-TLxH9bFDlsjc6BlbsIA,Pramith Ganearachchi Talks,LK,warehouse,2026-07-29T07:38:01+00:00,3.4,active
UCFgCY_hRcewKGqE5LmaeT8Q,Dinesh Muthugala Education,LK,warehouse,2026-07-31T14:00:26+00:00,1.2,active
UCbcvE4dQvyLxDKjHdE_XCOA,Hikka Advertising,LK,warehouse,2026-07-26T08:54:49+00:00,6.4,active
UCfdBd-9WWZUv1h7d80Omy8g,Truth with Chamuditha,LK,warehouse,2026-07-30T15:47:08+00:00,2.1,active
UCG3QSJwsRV2nH5Fo3eoYlOA,Weekend with two heart,LK,warehouse,2026-07-30T15:33:34+00:00,2.1,active
UC0nMJ3QNryBHZpy1P3Wamwg,ටොයියා.lk98,LK,warehouse,2026-08-01T13:07:12+00:00,0.2,active
UCMNzGVtXq9_Y4oYOYEkd-7Q,University of Jaffna - யாழ்ப்பாணப் பல்கலைக்கழகம்,LK,warehouse,2026-07-18T03:23:25+00:00,14.6,active
UCjboX8rWtjAyU7dI2bd67KQ,Subodha Wijesinghe,LK,warehouse,2026-07-31T05:21:24+00:00,1.5,active
UCzo5m5I2IzH8A__B3WZPC_g,01 Punchi Malith,LK,warehouse,2026-07-29T00:29:31+00:00,3.7,active
UCxEgUOusX-Z7f7zWK_aA79A,Lashini  Kahapalarachchi - A/L Geography,LK,warehouse,2026-08-01T10:27:37+00:00,0.3,active
UClRNtb47OA2TokvvxKsx7JQ,Metropolitan College Sri Lanka,LK,warehouse,2026-07-22T09:29:11+00:00,10.4,active
UC9WC9lfrR4XNDTn1AiBDinQ,Original Vibe Lanka,LK,warehouse,2026-07-31T02:51:31+00:00,1.6,active
UCvoMClO68wGoV5Fvu0KRiqA,Ape Pansala - අපේ පන්සල,LK,warehouse,2026-07-25T14:03:48+00:00,7.2,active
UCIoyIVPZEfC2p0dQwAxGiEw,පිනි මුතු,LK,warehouse,2026-07-31T17:30:28+00:00,1.0,active
UCSs9wxjf1Asv9HyFmMym9kQ,Rasu's Diary,LK,warehouse,2026-07-26T13:50:31+00:00,6.2,active
UCLA8Ovy_NPAwMWvr8IEDquw,Lak Derana,LK,warehouse,2026-08-01T11:52:11+00:00,0.3,active
UCioOLRA1euuTkNUiEOUdy0A,Doctorbandsl,LK,warehouse,2026-07-26T13:30:28+00:00,6.2,active
UC3rs8Xl74E850e7pNtr9hMw,"Tuk Tuks, Buses and Trucks in Sri Lanka",LK,warehouse,2026-07-27T13:45:20+00:00,5.2,active
UCSodo0fV9KfObDMmYTpV5_A,GLOW Collagen,LK,warehouse,2026-07-31T15:41:21+00:00,1.1,active
UC1dfhQyj962rwYPVLi3OHLg,B I L L A,LK,warehouse,2026-07-28T13:52:38+00:00,4.2,active
UC1ILn3jWWLU0w9cy67SbkPw,OL&AL LEARNING TIPS with study lanka,LK,warehouse,2026-07-31T13:44:37+00:00,1.2,active
UCr27vXsqJXYjFy-vepngPWg,Politics In Ceylon,LK,warehouse,2026-07-31T01:00:12+00:00,1.7,active
UCOChhrxHx8lLASkitfBu3-A,APIIT Sri Lanka,LK,warehouse,2026-08-01T02:55:25+00:00,0.6,active
UC6gmE7AKU6TPG2iIx_q3kBQ,Jay Story Wedding Films,LK,warehouse,2026-08-01T08:59:42+00:00,0.4,active
UChrXmunslU0Xg7MVsJs5Kkg,Chanuu Vlog Srilanka,LK,warehouse,2026-07-24T13:30:07+00:00,8.2,active
UCt1c2_2IHxYppY-vnBem2JA,A/L BiologyTamil,LK,warehouse,2026-08-01T06:36:37+00:00,0.5,active
UCrXH3bjqSAndzb72KkauIrg,Traveling Diary Srilanka 🇱🇰,LK,warehouse,2026-07-26T03:00:36+00:00,6.6,active
UCXn1a_JRiiunkEVS9tamdCA,Political Hub LK,LK,warehouse,2026-07-31T13:15:21+00:00,1.2,active
UC26VRuzyIws063aBlfjPuug,Dr. U Education Sri Lanka,LK,warehouse,2026-07-20T16:03:12+00:00,12.1,active
UC5ZNkdIVKL-M3KrNaCEzveg,RAMESH A PRIYANKARA,LK,warehouse,2026-07-29T13:35:26+00:00,3.2,active
UCwrJnrHM2qRjjiSVk1nlx4Q,Oshan Liyanage Dance,LK,warehouse,2026-07-31T13:02:44+00:00,1.2,active
UCQTcNhAZidy1i9wwmdgf2Lw,ITN Sri Lanka,LK,warehouse,2026-08-01T11:00:21+00:00,0.3,active
UC6CeurhVnSDDXMAq78FdTTA,SSL- Singlish Sri Lanka ,LK,warehouse,2026-07-24T15:18:19+00:00,8.1,active
UCFdCT7ZJCc9ax1yAqDCQPaA,LANKA VEHICLE HUB,LK,warehouse,2026-08-01T11:10:32+00:00,0.3,active
UCA7B8K34SVOG95zpEoIs_bA,lanka hidden places ,LK,warehouse,2026-07-31T15:52:38+00:00,1.1,active
UCUYXSaH7gW9DGZHItFsvJ_A,Dark Room,LK,warehouse,2026-07-31T12:51:33+00:00,1.2,active
UCRaLvUrrj_901Anrljs1F2g,Sri Lanka Chess Lessons,LK,warehouse,2026-07-17T02:04:33+00:00,15.7,active
UCAH7R88V7gz7RqJv78nNOzg,Swarnavahini Digital,LK,warehouse,2026-08-01T13:15:17+00:00,0.2,active
UCjyASLgz5_yLQtK0fNCNNmg,Vlog D:) Sri Lanka,LK,warehouse,2026-08-01T10:52:58+00:00,0.3,active
UCPfU0uygBGutjaaJU5PpEvg,Life On The Road _  Sri lanka,LK,warehouse,2026-08-01T05:32:31+00:00,0.5,active
UCS7TOzC8cRTnUklI6cch2zA,Ceylon K9 Academy,LK,warehouse,2026-07-23T03:26:47+00:00,9.6,active
UCmHUz3tsGu5BHi6Awx0qOkA,Smart Tech LK ,LK,warehouse,2026-07-20T09:36:33+00:00,12.4,active
UCtClA8ZJg4YUfO_y9opALZQ,Oshadha vihanga,LK,warehouse,2026-07-18T03:37:35+00:00,14.6,active
UCbCAIiyYUDoFFIzXS0HxYTA,Radical Sri Lanka,LK,warehouse,2026-08-01T06:37:40+00:00,0.5,active
UCcijXxFzSXgoM6q9cCtT9PA,Swarnavahini News - Live,LK,warehouse,2026-08-01T13:04:18+00:00,0.2,active
UCzU3FXmtrch045NDiIHicaA,Sri Lanka Robotics (Academy of Robotics),LK,warehouse,2026-07-30T05:23:26+00:00,2.5,active
UCG_qsovwOdJZEdRpzQMoBoQ,BR HORANA,LK,warehouse,2026-07-25T02:20:15+00:00,7.7,active
UCzBCCO9q9k9gQBm1BhtzC6w,SL south vehicle fashion -2,LK,warehouse,2026-07-18T02:39:00+00:00,14.7,active
UC0Qer2VuLfImP5KlKcPQ8dg,VOLLEYBALL HOME sl,LK,warehouse,2026-08-01T12:55:40+00:00,0.2,active
UCu_ocDeJ-wty_Y1IiittaBA,Swara Entertainment,LK,warehouse,2026-08-01T11:30:00+00:00,0.3,active
UCvr8FfbItix2xyxAqRpq2kw,DailyFT,LK,warehouse,2026-08-01T09:15:18+00:00,0.4,active
UCbLcppYDPaXh-SLaYadLJ2g,Evoke Music,LK,warehouse,2026-07-31T12:30:05+00:00,1.2,active
UCYVsFoYhtjrOzCgbaG-yiag,DOPE BOY SHANUKA ,LK,warehouse,2026-08-01T14:06:44+00:00,0.2,active
UCSuqB9kGrKU1Svh8S5BpKPA,PRIMUS SRI LANKA,LK,warehouse,2026-07-29T02:07:52+00:00,3.7,active
UCIQ9OZNLnAZTySLZgUxbcQQ,Tech By Kavinda,LK,warehouse,2026-07-30T13:30:06+00:00,2.2,active
UCYM-FoL4inC91SfFcoUpWJQ,Janet Sri Lanka,LK,warehouse,2026-07-25T05:00:04+00:00,7.6,active
UC4iQrvOdsgpHwbrvNrCJUkA,Makeup School SriLanka,LK,warehouse,2026-07-29T02:01:28+00:00,3.7,active
UCKBotsXrIQ4ZQlGGh-LuttQ,Camelia Tours Sri Lanka,LK,warehouse,2026-07-29T02:01:22+00:00,3.7,active
UCNFDDKoTezuSWbIjjHA76xQ,TR Creativity,LK,warehouse,2026-07-31T09:23:18+00:00,1.4,active
UCOk9zSvzL_G02l8-5o2J0aw,Wild Sri Lanka with Rukmal,LK,warehouse,2026-07-26T19:00:24+00:00,6.0,active
UCl4Y73ZM9g5mP5W489jHp3w,SLPhoto,LK,warehouse,2026-08-01T05:21:06+00:00,0.5,active
UCBR9iW2qo_7LP9_9u3A2ZeQ,Gaming Sadu,LK,warehouse,2026-07-21T15:20:53+00:00,11.1,active
UCa0Dx86qHZ2UQCf7IMiHC6w,NTV Education,LK,warehouse,2026-07-27T10:21:06+00:00,5.3,active
UCfVmYgJP_bBt00lLtPGsbcQ,Athirady,LK,warehouse,2026-07-31T23:30:19+00:00,0.8,active
UCqShCHSDvCBKDN_GAsnLJmQ,iQ Meter by Wishwa Danuma,LK,warehouse,2026-08-01T07:00:15+00:00,0.5,active
UCa3BMXA9qcVqMtfnq7d977w,Rupavahini Jathika Pasala - රූපවාහිනී ජාතික පාසල,LK,warehouse,2026-07-31T09:48:29+00:00,1.4,active
UCQxYcvX5hnGJvuTFzKng-Vg,Kathiravan News,LK,warehouse,2026-08-01T09:02:44+00:00,0.4,active
UCh1gyxZxm0osk7GipwmsOgA,Raks Auto Show,LK,warehouse,2026-08-01T08:21:15+00:00,0.4,active
UCOiMY00_ZLijPF6InrCl0TA,Torana Video Movies,LK,warehouse,2026-08-01T14:00:11+00:00,0.2,active
UCY8MMMOhm6-om2MX97fFnpQ,Lanka Business TV,LK,warehouse,2026-07-31T06:41:09+00:00,1.5,active
UCkuoWSLw-SNu8dvVCU0MjMQ,Lakai Sikai - ලකයි සිකයි,LK,warehouse,2026-08-01T06:17:31+00:00,0.5,active
UCXx6WMAaI1c0yJ5LFlISadA,Conversations with Alanki,LK,warehouse,2026-07-21T11:30:24+00:00,11.3,active
UCmTcA0rOwOPCaKvfsXFeZ8w,JVP Srilanka,LK,warehouse,2026-07-23T07:07:06+00:00,9.5,active
UCh1GBh9K3ThnZkJjCdB5-bg,SONG LANKA,LK,warehouse,2026-07-29T09:41:24+00:00,3.4,active
UCh-cPhwaVIJTFLMq0ZNf-hg,"Cheyche - Fashion, Lifestyle & VLOGS",LK,warehouse,2026-07-31T09:28:24+00:00,1.4,active
UCfCxPLBK1BYkaSqlrRwRXkA,Dr Namal Wijesinghe,LK,warehouse,2026-08-01T10:30:04+00:00,0.3,active
UCbkMFGQ_RWIf0OiYeOpf6Ng,TV Derana LIVE,LK,warehouse,2026-07-31T11:36:29+00:00,1.3,active
UCe13xXtdfx_n0_z1qeXV6_g,M Entertainments,LK,warehouse,2026-07-30T12:53:56+00:00,2.2,active
UCJ0_2tSsPFH0Eh1qbH6otaQ,SL MODIFIED WHEELS SHOW,LK,warehouse,2026-07-23T17:00:55+00:00,9.1,active
UC91DBjbGDIfxhi-R0rWQkaQ,Sl Android Boy,LK,warehouse,2026-07-22T12:30:22+00:00,10.2,active
UC33WYr7nngdWtU8Sb6mf7aA,PickMe Sri Lanka,LK,warehouse,2026-07-23T09:20:52+00:00,9.4,active
UCkNx9e7yQNWPiXe5zCOuUiw,LSB Creation,LK,warehouse,2026-07-31T13:30:24+00:00,1.2,active
UCUBN8f1H_gd7aulxB-Ik4tA,POV Drive Sri Lanka,LK,warehouse,2026-07-29T09:30:06+00:00,3.4,active
UClcIQJ6q-HsROoyWms8B8tg,Big Lion Poli Talks,LK,warehouse,2026-07-20T13:54:16+00:00,12.2,active
UCFTKhTLqZ7mfqPy0TG534sw,Nasa Fit news,LK,warehouse,2026-07-25T14:00:06+00:00,7.2,active
UCw6-MbidLyoWQlvb9FFz5xQ,Mage thaththa,LK,warehouse,2026-07-31T16:13:44+00:00,1.1,active
UCu3jIK2NBSXc0_YaFqEuIrg,Kick Master FC,LK,warehouse,2026-08-01T08:29:09+00:00,0.4,active
UCGa1_vxtCaUijKxNt0DB7aQ,Beautiful Sri lanka (by darshana),LK,warehouse,2026-07-31T13:26:45+00:00,1.2,active
UCtZO2c3i1PrtwyeaxaIYHKA,Keepest,LK,warehouse,2026-08-01T11:30:01+00:00,0.3,active
UC4VkNi2RZSJyqXsFaJYfsPg,Roo Tunes,LK,warehouse,2026-07-23T15:07:22+00:00,9.1,active
UCm_cUbvQZt8A02HMU6vyguA,SL Tuk Tuk Modified Kandy ,LK,warehouse,2026-07-20T06:30:36+00:00,12.5,active
UCw48Rkx5LeKzVbSfb9Cukhg,Hemas Outreach Foundation,LK,warehouse,2026-07-24T03:05:34+00:00,8.6,active
UCPaa9NR1c6o7QW8kHYbR9Rg,Shantha_vlog,LK,warehouse,2026-07-31T03:30:38+00:00,1.6,active
UCn39xNZ42C93DHXbbRH2mgA,TJ News Sri Lanka ,LK,warehouse,2026-07-31T03:55:49+00:00,1.6,active
UCjSmyQpggeFqeyvJoZzruxA,Tuka the Cat,LK,warehouse,2026-07-18T03:48:31+00:00,14.6,active
UCEuz_HGv5er0LZsztjO4g5Q,Buddhist Path - දෙලොවම සුවපත්වන බුදු බණ,LK,warehouse,2026-07-17T18:30:10+00:00,15.0,active
UCWAOuD-vL-mwdNOAXLpMFsA,Ms tv Sri Lanka,LK,warehouse,2026-07-21T07:26:23+00:00,11.5,active
UCqDMvUe1Zy9QzR-F6X7B5pw,Pawtopia dog hotel,LK,warehouse,2026-07-18T01:30:31+00:00,14.7,active
UCoQXpCWew0Q3qz6buZYOAFg,TV 1 Sri Lanka ,LK,warehouse,2026-07-31T08:18:25+00:00,1.4,active
UCZQmoW-xsgVqtTjupYvu3aQ,Malee vlogs,LK,warehouse,2026-07-31T12:29:08+00:00,1.2,active
UCsAYQL3fa-MtbeWv2aM5ntQ,Noura Wedding Films,LK,warehouse,2026-07-23T02:21:04+00:00,9.7,active
UCVqfoMNwM8SIpL6BMGTZbcA,Urimai Kural,LK,warehouse,2026-08-01T12:09:28+00:00,0.3,active
UCCC3sx1ispa_2wCA3EYBotw,Wayamba University of Sri Lanka,LK,warehouse,2026-07-23T12:50:12+00:00,9.2,active
UCvbxIKWQmX355KaGtSqLXKQ,Udayakantha Warnasuriya,LK,warehouse,2026-07-31T13:45:17+00:00,1.2,active
UChDDErhFN18hQ-NifYMMbVA,Lanka insight News,LK,warehouse,2026-07-25T19:25:37+00:00,7.0,active
UCQZR3b8KuE1ddvEGYmNHZMg,Doctor M Vlogs,LK,warehouse,2026-07-23T13:21:43+00:00,9.2,active
UCHwfjlJXhLKCNsuw2VXr6ig,Cyber Clinic,LK,warehouse,2026-07-31T15:18:45+00:00,1.1,active
UCu7cGbQEMgGk8TD0ZYucM5g,Shraddha TV,LK,warehouse,2026-08-01T10:30:01+00:00,0.3,active
UCKHgO2j1mqI5vFxJioRSPMQ,AAT Sri Lanka Official,LK,warehouse,2026-08-01T11:00:20+00:00,0.3,active
UCPXSUKHTNc1_hnHuj-UiQWQ,Rupavahini News,LK,warehouse,2026-08-01T13:40:18+00:00,0.2,active
UCGN3TM5lZQ1DAvMwI1LIc8Q,Nodutu Lokaya - නොදුටු ලෝකය ,LK,warehouse,2026-07-28T11:54:42+00:00,4.3,active
UCCSpwCvA20G-b2u7kjjogqw,Hunny Bunny Vlogs,LK,warehouse,2026-07-30T10:32:02+00:00,2.3,active
UC5IM2uMULjHt-0aAfiG8E_A,PetVet Clinic,LK,warehouse,2026-07-17T16:48:08+00:00,15.1,active
UCn0XmAUFv6d2tofMFEesSNw,Sirasa TV,LK,warehouse,2026-08-01T04:30:10+00:00,0.6,active
UCjM-a_T7cY_nR7NbPpV_vvg,EDU with DULANKA,LK,warehouse,2026-07-31T11:30:28+00:00,1.3,active
UCYRuRw221bkMM9zHUS5_Y0w,SFT English Medium-Tharaka S. Madhuranga,LK,warehouse,2026-07-26T13:13:44+00:00,6.2,active
UCeregcA7V24wo3vGVVsitfA,PodHUB,LK,warehouse,2026-07-29T15:36:28+00:00,3.1,active
UCh9qXeL8eP3Txra2908xksg,Yohani,LK,warehouse,2026-08-01T12:15:54+00:00,0.3,active
UC-TPAJpit-cnGUG-zWliKFw,Sri Lanka Sports,LK,warehouse,2026-07-26T19:01:48+00:00,6.0,active
UC0PdkCm3QlHJ8HdH4JeNirA,YAKA MAN,LK,warehouse,2026-07-31T10:30:06+00:00,1.3,active
UC_nEV-E7z5c250hGJaf5c0A,Lanka Biz News,LK,warehouse,2026-07-30T11:08:10+00:00,2.3,active
UCVWqZXv-sjeFu5jKbQ1cA-Q,HBS Rent A Car Sri Lanka,LK,warehouse,2026-07-20T14:30:25+00:00,12.2,active
UCdvzidU6j1UdUBhaEw-LLuQ,Dhanush Vlogs SL,LK,warehouse,2026-08-01T05:27:12+00:00,0.5,active
UCrdRoTbNO_UgcUFLfpfwFAQ,Laki Day Vlogs,LK,warehouse,2026-08-01T13:31:01+00:00,0.2,active
UCTIi9jL0_XH6wCRyHDygl9A,Kasun Liyanage Official ,LK,warehouse,2026-07-24T12:15:18+00:00,8.3,active
UCOPqjdQOIF6faslRMEruJmA,අතල්  𝘔𝘌𝘔𝘌 𝘏𝘜𝘉 𝘚𝘙𝘐 𝘓𝘈𝘕𝘒𝘈,LK,warehouse,2026-07-30T07:15:33+00:00,2.5,active
UCU5WmQA3Ur1Yriw5pMqoBNQ,FactsVibe,LK,warehouse,2026-08-01T10:30:32+00:00,0.3,active
UCJPbMQYL6VewUfp5TJK8lqQ,FPB favorite pet book,LK,warehouse,2026-07-27T13:05:42+00:00,5.2,active
UCl2-7XYoDKAHPBqMPreO19w,SLIIT Kandy UNI,LK,api,2026-07-04T13:53:03Z,28.2,active
UCaTmeInJ7dt4CzuVv-zKC6w,Abhishek Dharmawardena,LK,api,2021-07-22T08:23:15Z,1836.4,dead
UCelf8BNPSMoNyACywNr-Kpw,University of Moratuwa,LK,api,2023-01-02T10:28:44Z,1307.3,dead
UCphiPgK1ctc1QozYfL_BSiQ,යකා මොබයිල් - Yaka Mobile,LK,api,2023-10-05T14:12:00Z,1031.2,dead
UC7yKlELRdtcK5x54CEUCuWw,ALTEA ASSOCIATION,LK,api,2023-11-24T06:45:10Z,981.5,dead
UC9BCwsmcSwv7G27OuEXRw5g,VIENTO Films,LK,api,2025-04-13T11:00:33Z,475.3,dead
UCEmpXzM-MOJMHaT5UsVfaEg,Sri Lanka News,LK,api,2026-05-26T14:33:39Z,67.2,dead
UC-CPG8774sPO9u5Uykx60Yg,Tour around Sri Lanka,LK,api,2026-01-10T16:19:17Z,203.1,dead
UCGcSIA9ATSpQKxa8nxI4wBQ,Napura Gaming,LK,api,2026-03-16T07:59:53Z,138.4,dead
UCYIDsYMpNDgbjUdTv8b_ywA,TizzyBoy Sri Lanka,LK,api,2026-05-08T22:00:06Z,84.8,dead
UCrmc83vHc9Enn-DBvQz0y1g,TECH WITH GAYAN,LK,api,2025-12-30T05:04:48Z,214.6,dead
UClPIl4UYEOJZWhURZdiktXg,MTCART Online Shop,LK,api,2025-03-14T14:45:19Z,505.1,dead
UC18KIGLmSb0K312PHClqtHw,SL Army Media,LK,api,2026-06-24T16:46:00Z,38.1,dormant
UC7naetdL8FfHSzue4aOUbKA,old hit sri lanka,LK,api,2021-06-03T03:47:52Z,1885.6,dead
UCaBfLajanCJS5yv5HDacKbg,FreeZone Republic,LK,api,2026-02-13T03:09:28Z,169.6,dead
UCQkThZohN6AuWRPOf5plLNA,Asheni's diary,LK,api,2023-11-02T11:01:27Z,1003.3,dead
UCmRi6WxTmNsHGRsLCI_h4aA,Lanka Sports Plus ,LK,api,2026-04-29T15:13:36Z,94.1,dead
UC0PN_0AjGZ7Rfk_9zlzKW_A,Master Cartoon SL,LK,api,2026-02-01T07:46:17Z,181.4,dead
UCFMVncdxIw-kfoB-mBluGxw,Science Gura,LK,api,2026-07-11T07:21:11Z,21.5,active
UCEuS493FuYJu_jGLfEjksUQ,අලගෙඩියා - Alagediya,LK,api,2026-07-11T14:06:53Z,21.2,active
UCbsxsmfRNd6oOxKtFLhjEUQ,Defender SriLanka,LK,api,2026-01-01T03:30:16Z,212.6,dead
UCMz4bq9hsPRttGoW1c-amjw,SLR CARTOON,LK,api,2025-12-25T01:59:46Z,219.7,dead
UCsyRgC9aY7wm_6BmX9DtM1w,ICT with Janith Dilshan,LK,api,2026-04-06T12:30:31Z,117.2,dead
UCqKTOnUJB4FWuf63HiFLbbw,Chani Mobile,LK,api,2025-09-03T12:30:33Z,332.2,dead
UCMYGJzk1xRLyb-7nPS91U1A,Sri Lanka Economic Forum,LK,api,2019-09-19T11:05:25Z,2508.3,dead
UCp6zvc74hxmfInIDehKQ9hA,Gen Z Physics SL,LK,api,2026-05-27T09:05:00Z,66.4,dead
UCjjl50eFDiwDAWeGLvQqMiA,Nimesh Academy,LK,api,2023-08-07T11:27:47Z,1090.3,dead
UC4dKy-gRylhUE3SEkW_e11g,SLBikes,LK,api,2026-04-22T08:24:02Z,101.4,dead
UCUz-4JNAAfclM4YTbPm-NYQ,Monarchy,LK,api,2025-11-05T07:15:24Z,269.5,dead
UCpy58w5V4hoDd05mhlpLiRw,Faculty of Social Sciences and Languages - SUSL,LK,api,2026-06-09T09:56:58Z,53.3,dormant
UCvNv4wVoRpqzvaW4p-PnSqw,Renown Football Academy,LK,api,2022-03-08T19:22:11Z,1607.0,dead
UCXBHPGYTwiBvTIk5dl9-r6Q,GAMING ALFHA,LK,api,2026-07-15T13:18:49Z,17.2,active
UCmxLF29mnXea_nL5kaOqD2w,Dog Lover  ,LK,api,2026-07-11T14:52:45Z,21.1,active
UCzZNkL3RsR2x30Qs2dE2hqg,Sri Lanka Travel and Tourism,LK,api,2026-05-01T07:44:49Z,92.4,dead
UC86sU6a8ChHViy7d5A572XA,Sinhala Comedy,LK,api,2025-06-09T13:21:51Z,418.2,dead
UCbs_P6cKId42qs_FDMsz19Q,Political Science (chamara weerasinghe),LK,api,2024-07-08T12:30:02Z,754.2,dead
UCG9r38aVUA7qTRfKnBDNHEQ,PubG Sri lanka,LK,api,2019-02-12T04:16:17Z,2727.6,dead
UChyXO66sH_11FUaqcN2K8mQ,Wildlife Moments Sri Lanka,LK,api,2023-01-15T06:03:37Z,1294.5,dead
UCEFYhzFnvSFKIN-jDiYGhnw,Social Work Diaries,LK,api,2026-04-06T03:41:47Z,117.6,dead
UClqpNiv2-mFhnxTNx4HhNtw,SL HELPERS FOUNDATION,LK,api,2021-06-18T23:40:14Z,1869.8,dead
UCxPInZUzPis7B5UWJN3ZXLA,Thamath Adare Nathnam,LK,api,,,no_uploads
UCXTMoIwt2CDXXcC3sh4QQcQ,sri Lanka Environment,LK,api,2020-10-10T10:23:43Z,2121.3,dead
UChxJl7qeii3X3uaippbe1Zw,Discover Sri Lanka AI,LK,api,2026-05-31T04:49:48Z,62.6,dead
UCUz06yHz7YZWF737tof7rYQ,Dinesh Muthugala,LK,api,2026-06-30T11:14:03Z,32.3,dormant
UCl0Hu9Z8GEZeSNzyP-LCm6A,Animated Lanka,LK,api,2025-04-20T06:41:44Z,468.5,dead
UCiFSGwe2ihgvPzRG6J2oAcQ,Zany Inzane,LK,api,2026-06-10T12:30:20Z,52.2,dormant
UCiPssoHLvUfNEXLEhZ29rXg,Nithu Comedy ,LK,api,2026-07-10T18:30:02Z,22.0,active
UCJmP1lPfoeGX8sI1zMCuTOg,Braid Diva Sri Lanka,LK,api,2020-08-26T01:20:47Z,2166.7,dead
UCOYVlEvf-f9e4UCdVojIVUQ,NextGenICT-Sri Lanka,LK,api,2026-06-15T15:21:43Z,47.1,dormant
UCdyQzIFaYWsep5HLb8fNmOw,THEE THAMIZHA Film production,LK,api,2026-01-16T14:53:12Z,197.1,dead
UCNvrY1HYb-cPJTgbji557ig,Eat with Roast Paan,LK,api,2019-09-15T05:59:20Z,2512.5,dead
UCV5IOYBamwHotBtYVxBdd1Q,CK Animation,LK,api,2026-06-16T12:12:26Z,46.3,dormant
UCR3KzWW0CU4nWY41_QBfAkQ,Island Drive,LK,api,2026-03-02T10:40:35Z,152.3,dead
UCNX0CIE5m_9vxWksVD7asvQ,Code Camp Sri Lanka,LK,api,2022-02-19T09:05:37Z,1624.4,dead
UCtiCGbtEa0x-L6-YjBxGd8w,Kethmina,LK,api,,,no_uploads
UCZ_FsgcUmSz66ytXZo4ghUg,Wildlife Archives Sri Lanka,LK,api,2026-06-28T07:38:02Z,34.4,dormant
UCIuZDfuUZsVSb8vIXynez3Q,Nirmal Pushpashantha,LK,api,2022-09-28T16:35:53Z,1403.1,dead
UCYjFzTrxVAS_AyHXxZ_2S3Q,SL Politics Mems,LK,api,2025-07-10T08:04:54Z,387.4,dead
UCqeQG7PhP7KDQdGo4ZPP63w,SL SHEHAN GAMING,LK,api,2024-10-11T17:22:15Z,659.0,dead
UCoQ9oh9mfK12durUzIE2I0A,Film Directors Guild of Sri Lanka,LK,api,2023-03-03T04:24:32Z,1247.6,dead
UCUR4bBSPunEgqJ_LXlhPy5g,indika cartoon,LK,api,2024-10-09T23:07:57Z,660.8,dead
UCIE_huSOHYOCeBAGe_OIuew,Thiwanka Tech sri lanka ,LK,api,2025-12-29T01:00:16Z,215.7,dead
UCUuFKRtJqnTVb0aFfvpvBFA,Taxi Entertainment,LK,api,2026-06-17T13:26:53Z,45.2,dormant
UC52oHirf4jHa4_HSXw6yUhA,SL Tour Guide,LK,api,2023-05-28T00:35:37Z,1161.7,dead
UCQDKBn0LV7zJfpx0Sjn6K5g,Economy Insights / ආර්ථික දර්ශන,LK,api,2026-04-06T00:07:31Z,117.8,dead
UCPcpwO-IEYGbVxN28vU91Hg,Salon Charming Kandy ,LK,api,2026-04-14T04:15:40Z,109.6,dead
UCMQYRNX1Fg-HJ8Ey7Z3WPrA,"Wasthi Productions ""වස්ති""",LK,api,2026-05-02T09:11:34Z,91.4,dead
UCOs5SfpuovdhUhQqGZl9NOg,OiC,LK,api,2025-06-25T07:49:05Z,402.4,dead
UCyPTRwrPdjYbyQNwSqXWGQA,Sri Lankan Politics,LK,api,2025-12-26T09:56:11Z,218.3,dead
UCMTUdyDebV02ruOdZlcS4Dw,Pradeep  Vlog (Travel / Wildlife / Daily),LK,api,2026-06-03T14:44:35Z,59.1,dormant
UC2-iKoeLd-v-vAcxbNE4zcg,CO TV - Community Television in Sri Lanka,LK,api,2026-05-20T11:25:25Z,73.3,dead
UCEu3EhYF3HsY9ZSGYfpFo2w,Dinuki Vlogs,LK,api,2026-06-21T07:48:06Z,41.4,dormant
UCAf9mUcYimBMC5BN4_ynodA,Free Fire Sri Lanka Official,LK,api,2021-11-04T03:35:29Z,1731.6,dead
UCjiRWN2f2BN77HG_ueCgldg,sawal man with sri lanka,LK,api,2023-09-07T05:19:49Z,1059.5,dead
UCAJe39mKx2LACmYIjpUs6XQ,Central Environmental Authority Publications,LK,api,2026-06-30T11:18:23Z,32.3,dormant
UChlup18XcBlFNvRe98MBFLg,The Nightwatchman Society Sri Lanka,LK,api,2023-09-26T03:15:47Z,1040.6,dead
UCn836Q9tM8nYs-8fzqGmuIg,Torque Nation,LK,api,2026-06-09T13:37:20Z,53.2,dormant
UC5Q_G46Xm2zLk3KENJyNZFw,Ceylonomics,LK,api,2025-10-12T03:33:23Z,293.6,dead
UCy3DKiGOrAXgOYZ08p7b13w,Adaiyalam,LK,api,2026-07-03T04:07:56Z,29.6,active
UCVga8hUL-cDl-VoMsKo6N5Q,Funny Lanka ,LK,api,2025-07-10T17:48:51Z,387.0,dead
UC86pHmODF9apAFq1YT_XeGQ,Sri Lanka Entertainment,LK,api,2018-12-15T18:55:11Z,2786.0,dead
UCiH0SQX_tIi1AtaAn0410zA,dinesh saloon,LK,api,2026-01-05T04:18:18Z,208.6,dead
UC5buOuCitUpuGPFZKJOeAGw,Alphasoft - School of Computing,LK,api,2020-05-22T18:27:22Z,2262.0,dead
UC8dedUAMnca1y5XVjDJu5XQ,Babar කරනවැමි,LK,api,2025-09-08T04:25:11Z,327.6,dead
UCWUR0yiAHj7MdcJwZrF2lpw,XC Sri Lanka,LK,api,2022-07-06T01:00:14Z,1487.7,dead
UCRtAu8OVYVfuNZmTV-Ug0zA,Buddhism,LK,api,2026-07-15T12:00:24Z,17.3,active
UCFtEiNuNNFr1SqbLamWsLVg,2FORTY2,LK,api,2026-07-03T04:30:20Z,29.6,active
UCDC7wunTby0IhT6j_HLoi5A,Rap Lanka,LK,api,2026-07-13T00:51:59Z,19.7,active
UCn8o1RDwQ9yjHvha3e7x_VA,Lankan Gamer ,LK,api,2024-02-01T17:35:51Z,912.0,dead
UC3XELynXsjo04O3_2NEhhMA,Old Hit Sri Lanka,LK,api,2019-12-22T18:30:09Z,2414.0,dead
UCosifsD2B8zG_XK8cZaJBpA,Sinhala comedy,LK,api,2022-04-30T12:08:50Z,1554.3,dead
UCW2UaF1nbMbh6Q1FBqc7vng,MK CREATIONS,LK,api,2026-06-11T13:30:06Z,51.2,dormant
UCRSWrrhmaigw_yXwoKv2uqw,WEDDO,LK,api,2021-02-15T07:11:45Z,1993.5,dead
UChOnYwBt6dccs7vny0XBn5A,NEXUZ 4M,LK,api,2026-07-02T14:08:50Z,30.2,dormant
UC42bGXt-5heQRPXPLsww3Jw, SL Prank Call ,LK,api,2022-10-06T04:52:22Z,1395.6,dead
UCVN7yd14BXmR_Ylg3MDCORg,VisitSriLanka,LK,api,2025-04-04T16:00:50Z,484.1,dead
UCUWhnu7bh2ECcMKi0wG-pew,Sri lankan memes ආතල් ,LK,api,2024-04-09T19:37:26Z,843.9,dead
UCZa8YdngxbZdNnokd4h4bLA,Geeth Politics,LK,api,2025-04-10T17:08:15Z,478.0,dead
UCmQ5zlAPO88XZPWUiEJOn0g,Taprobike,LK,api,2025-11-13T11:30:26Z,261.3,dead
UC0CXMeU0432EMgBnlBaY_yA,DP Education - ගණිතය,LK,api,2026-06-01T13:51:28Z,61.2,dead
UCHk640jo72xmcs5gKtd3GVw,Channa Perera Films,LK,api,2025-09-20T11:30:11Z,315.3,dead
UC9D2wB19IK3kHrDCK1B7w4w,Harsha Tech Lanka,LK,api,2025-09-06T04:24:36Z,329.6,dead
UCZWbuCJ-SV3QpxRvgEXGByQ,Birdy ASMR,LK,api,2026-05-22T17:15:18Z,71.0,dead
UC-t7Vw_L9ORj7gvyGUOaeSg,SL fathima's life style,LK,api,2026-06-30T17:38:16Z,32.0,dormant
UCf6o_gAivqqYLTRIh9fahTA,Hina Ina,LK,api,2022-10-22T15:09:29Z,1379.1,dead
UCrAW52TcVvMIP0pZpZcbELw,Visit Srilanka,LK,api,2026-04-15T11:00:44Z,108.3,dead
UCupaJUZBUCNncGckZDGSoQw,Environment Creations By Ranathunga- sri lanka,LK,api,2020-09-27T05:47:33Z,2134.5,dead
UC-MKS7nDzhqJtvgzq9VzTqA,Animated Pisso,LK,api,2025-09-28T14:00:17Z,307.2,dead
UC4EOaPNYQhUSRmBI-N1EXEg,SL PRANK,LK,api,2021-04-07T00:30:03Z,1942.7,dead
UC4_jjlNoa3g_V3y9YoiE24Q,Dark Master ,LK,api,2026-07-04T11:59:01Z,28.3,active
UCaA8YO1rCyi3bvqnZFLwDtA,SK Srilanka,LK,api,2021-07-30T16:10:15Z,1828.1,dead
UCOFS3qJtjiRq0YY1ibvslYw,UWL Sri Lanka Branch Campus,LK,api,2026-06-26T13:49:25Z,36.2,dormant
UCX8_4_mztunqgfWhD8g0DVA,Sri bodhiraja Foundation,LK,api,2021-03-25T13:41:23Z,1955.2,dead
UCXPIsa4Ttpl8_o2eBiwD-AA,sri lanka funny,LK,api,2024-05-10T09:14:36Z,813.4,dead
UCPcyus45q7_BCKodTOOdS4g,Notch Music Sri Lanka,LK,api,2021-08-30T05:10:12Z,1797.5,dead
UCmcJ_cXnhToGOqwIvOtwSVg,News Sinhala,LK,api,2025-08-06T12:11:48Z,360.3,dead
UCJq6hfgz7MOEcvS1hbhxmxg,Gayashi Chethana,LK,api,2026-05-25T03:23:32Z,68.6,dead
UCrEtbePpVwOMRaAootmBCAg,Sri Lanka Customs,LK,api,2026-07-06T07:43:20Z,26.4,active
UCtxuDDwNMrV_nyE_yrTk3dQ,Life with Nisal & Sakunika,LK,api,2026-06-22T05:59:11Z,40.5,dormant
UC3xB1Mcj2xyGTDizr8cJApA,SL Dogs,LK,api,2025-07-04T02:30:29Z,393.7,dead
UC2ya22E7myYwZB4BPbUsPtw,Sri Lanka Cricket Coach Education,LK,api,2026-07-14T08:49:45Z,18.4,active
UCDuaezc_5fyQleDwoxwKtbg,සිංහල ටෙලිනාට්‍ය Sinhala Teledrama,LK,api,2019-08-26T05:36:39Z,2532.5,dead
UCoTwhjWx2AoxTBLLqRbXG5w,SL CodingGura,LK,api,2026-07-19T05:57:25Z,13.5,active
UCBW2dlXYPIVLwuNQw9aVu-A,vinadiyak - විනාඩියක්,LK,api,2025-07-19T05:59:06Z,378.5,dead
UCTKpmb3bHNDrIDTAaT7rLQQ,Radio.X Lanka,LK,api,2026-03-09T12:15:06Z,145.3,dead
UCIsE2RY5O1mE0hl67gvDD7w,Tv Sri Lanka,LK,api,2025-10-23T14:06:34Z,282.2,dead
UCHod2KqD1vX9IrKlpbUMWdA,THULAKSHAN ,LK,api,2026-02-11T12:42:27Z,171.2,dead
UCxY-fWTqpvYMRUeRvxlrC2g,Tech Boss Sri Lanka,LK,api,2026-06-07T08:37:52Z,55.4,dormant
UCYHgjr-ghKubcYSgTCVHk8A,BikeBeast SL,LK,api,2025-09-17T15:58:06Z,318.1,dead
UC1pk9EamTPBCunsTD7BxoAg,Sinha Sports SL,LK,api,2026-05-24T07:15:14Z,69.5,dead
UCPt6oRAoW7q6Tc3pVdte8Ow,Lanka Business Now,LK,api,2025-06-28T08:59:14Z,399.4,dead
UCNy0uzQw5DbObdXsQ_N20wA,Asela Wickramasinghe Foundation,LK,api,2021-12-14T12:33:21Z,1691.2,dead
UCBC6kj6oWeLuAiByuEYFVTQ,AZIIE English Tution ,LK,api,2025-12-10T18:37:50Z,234.0,dead
UCRGpKZOWMIEjCjMxeH2aN7g,University of Peradeniya Sri Lanka,LK,api,2020-08-06T06:31:25Z,2186.5,dead
UC0_9-ADpcwC-YNiWuDz1bKA,BongoSL,LK,api,2024-11-16T14:00:14Z,623.2,dead
UC9R-lccClK7uhR-kf5m60eQ,Shhh The Talkshow,LK,api,2024-11-03T12:04:34Z,636.3,dead
UCwoZO_4sCD_Bi6uYDeCa1dw,Serendib Couple ,LK,api,2026-07-11T10:30:18Z,21.3,active
UCVWRIsZS1uilw0hqy0eHf9A,WILDWORLD SRILANKA,LK,api,2026-06-12T18:18:06Z,50.0,dormant
UCfLUmA5cxq66Xud7ZrW_lGQ,Sri Lanka Holiday Guide ,LK,api,2026-03-20T10:12:09Z,134.3,dead
UCxJP7fjfHoOT928_29TyB5w,JMK MUSIC TV SRI LANKA,LK,api,2024-11-17T05:49:52Z,622.5,dead
UCfqhE2Lyb-2zpv96EfaV6NA,sinhala breaking news,LK,api,2020-11-18T06:19:31Z,2082.5,dead
UCiZSpZ1fyqsT7rJb3ssgBrA,Keefa,LK,api,2026-05-09T07:04:06Z,84.5,dead
UCJi-bkCmevi27lScSXlrUbw,SinhalaWave Music,LK,api,2026-06-07T14:00:09Z,55.2,dormant
UCkhusRWtlkfDXeyaEAqxnvg,Mac Glam Studio,LK,api,2026-07-08T11:04:31Z,24.3,active
UCdbwajThwc2u5VTv1IBV08g,Ashii Fashion  SL,LK,api,2025-03-14T12:53:09Z,505.2,dead
UCT_U9KV6byLeWkPcagCmMhQ,Hidden Gems of Sri Lanka & Beyond,LK,api,2025-05-08T06:26:25Z,450.5,dead
UCXDVbH3h2qb8y5POSwIHYGQ,Sandaru Gaming Hub,LK,api,2025-01-12T10:08:17Z,566.3,dead
UCJlqZbsrcEi3ZNknVGTY_9w,Thenul Vlogs,LK,api,2024-12-19T03:00:06Z,590.6,dead
UCwAutt7DEppZqxCQJy70Hgg,SN Gaming Sri Lanka  ,LK,api,2021-08-17T05:56:04Z,1810.5,dead
UCtaw5NwO3T8Do1CobY4uP5A,UCL,LK,api,2026-06-19T04:55:07Z,43.6,dormant
UCjnltM-l0BRyM0b8cGkxMfQ,M Plus Entertainment,LK,api,2026-07-03T11:30:06Z,29.3,active
UCbp4MroFWUKbISfkWVtP44w,Normo Tech,LK,api,2021-05-06T13:00:16Z,1913.2,dead
UCuORYsduEWY6XGerTtlQJ0Q,MVN.Social,LK,api,2023-07-27T04:01:43Z,1101.6,dead
UCgCScS0g93SSr9UmHLXquSQ,vivo Sri Lanka,LK,api,2026-04-28T06:46:36Z,95.5,dead
UCiUP46GBnwTKLrWsO_iOlyw,Geethanthini Regno Romesh,LK,api,2026-05-30T14:30:04Z,63.2,dead
UCtTgIrVyMl405cDQEO55AEg,We are raskol,LK,api,2026-04-12T09:36:24Z,111.4,dead
UCWnwsDArGEUHuUBTiv4JnEQ,WiDi Exam Hub,LK,api,2026-07-04T13:26:11Z,28.2,active
UCt0fx_wES8OcWtaVDxtL5IQ,Lanka Vlog,LK,api,2019-11-12T18:36:47Z,2454.0,dead
UCX7xT2CweFolTMojXtuzayw,goTution Online,LK,api,2020-06-20T11:59:41Z,2233.3,dead
UC6yWjC53qkEzATbC4xczmJw,Vihanga Med Lab,LK,api,2026-05-05T16:47:34Z,88.1,dead
UCfC-WxdopqJP8dQTyakoIeQ,Dinu Mahesh Marudhaphandy,LK,api,2021-08-24T07:26:19Z,1803.5,dead
UCNKF91XVC--97H9yyExwOLQ,Open Dialogue Face-To-Face with Suranga & Pubudu,LK,api,2026-02-17T12:31:12Z,165.2,dead
UCQMq9xQQlI46pahL4BhX8Mw,Tuk Tuk Rent Lanka,LK,api,2025-12-10T14:33:32Z,234.2,dead
UC3B8DsQfdiZhRW1NgPLW5RA,𝗘𝗻𝘁𝗲𝗿𝘁𝗮𝗶𝗻𝗺𝗲𝗻𝘁 𝗦𝗿𝗶 𝗟𝗮𝗻𝗸𝗮,LK,api,2023-04-21T11:20:29Z,1198.3,dead
UCSt7i0ZW6OGP9kjdWIMvitQ,Ocean University Of Sri Lanka,LK,api,2026-03-10T04:00:46Z,144.6,dead
UCWQG9Xm1gW5-vtW5h5z0QYg,TechGuru.lk,LK,api,2020-09-14T23:30:01Z,2146.8,dead
UC_cGGBNE1BYAnZAfdE71KWg,නොදත් පැතිකඩ - Unknown side,LK,api,2025-08-21T05:51:19Z,345.5,dead
UCS0DeHog4YaV5e87rkANmKw,ද channelTv,LK,api,2026-06-29T15:15:02Z,33.1,dormant
UCU94S60IBq_xSUtM0FBYC8A,Dog Training Sri Lanka,LK,api,2025-06-09T15:36:15Z,418.1,dead
UC5zkDm7jDZ9qUBDspq6YnAQ,Tech Talks SL,LK,api,2023-07-02T14:00:18Z,1126.2,dead
UC8OjFbeEyCC8wpPWPYRA0SQ,SL Charity Portal,LK,api,2018-02-18T11:52:39Z,3086.3,dead
UCJ4AkYxYPsyxeWin5fAqVSw,Funny Prank,LK,api,2025-11-22T11:30:48Z,252.3,dead
UCFRwOpIwDtvvGme0tKvPJyA,Funny sri lanka,LK,api,2026-01-13T13:29:08Z,200.2,dead
UC5oOEwYdNsvYOkCkWVynRow,Chabi pets,LK,api,2025-01-01T12:37:32Z,577.2,dead
UCLoI9kreQ9j_TCZx55wmtIw,natural Environmental Discovery,LK,api,2024-10-22T05:41:33Z,648.5,dead
UCDpDFEKiRYiKB7LVxbzv5Dg,Sinhala Tech Review ,LK,api,2026-01-23T06:21:16Z,190.5,dead
UCTeryK_nffN6lnRo8dTD3_g,Imagine Entertainment pvt ltd,LK,api,2026-07-03T06:47:03Z,29.5,active
UC0-wN1j5Encw4db-W0npmAA,Sri Lanka Mirror,LK,api,2026-03-04T16:52:34Z,150.1,dead
UCdQQmUYoi4ncfKtMh21dVww,SL Rap Vibe ,LK,api,2026-05-28T13:32:35Z,65.2,dead
UCUB9xI15sYd8dHq629QP5uQ,Aruna Kumarasinghe,LK,api,2025-11-19T00:30:15Z,255.7,dead
UCPdHXNbuwmONyFUnIANlJvg,MISTER Band Official,LK,api,2026-07-03T10:30:11Z,29.3,active
UCJVVJ5pZyCRNV3AZOIuJf6w,Hamilton,LK,api,2023-03-04T17:27:10Z,1246.0,dead
UCjguZlEbLns5IgN3NM2nMlg,Shan's Dev Vlogs,LK,api,2026-02-17T14:32:04Z,165.2,dead
UC3TyI8BNpT1YaEuSTc1Cg-A,Sri Lanka Cricket Fan,LK,api,2021-10-25T03:57:33Z,1741.6,dead
UCtCj1QVEHyXSNplt9SD6V-w,PUBG MOBILE LITE SRI LANKA OFFICIAL,LK,api,2021-03-21T08:03:50Z,1959.4,dead
UCYJIF8T_Nhfcu_q5xvvSRSA,COLOMBO NEWS,LK,api,2026-05-16T12:35:16Z,77.2,dead
UCyHeauUetH6yyKhzBD_Iqiw,Lanka Time,LK,api,2021-05-04T10:48:05Z,1915.3,dead
UCatZcG-Y8eowAa6S_PsWSCg,Shimmie Vlogs ,LK,api,2026-04-24T04:32:04Z,99.6,dead
UC_q4jmKoF4FfB43jwAqpm2Q,Skylark Entertainment,LK,api,2026-06-13T08:07:47Z,49.4,dormant
UCQhw_ZtCGmmCjR37BgcacAw,Prime Weddings - Sri Lanka,LK,api,2025-01-02T08:55:06Z,576.4,dead
UCSnNjJuwP1ZO9S7WoHnebSA,Pubg Crypto Kalliya,LK,api,2020-01-09T15:32:04Z,2396.1,dead
UCa-Oknc_xa3tGBgiUoKGqOg,Gurutalks Lk,LK,api,2026-04-01T07:30:07Z,122.5,dead
UCRSl-U2W-qUulwFPVvndhwA,Code Ceylon,LK,api,2021-10-20T18:35:34Z,1746.0,dead
UCcvMPCUQ6EgqoZ9Du6Pym0Q,SLV - Sri Lankan Volleyballers,LK,api,2022-12-03T18:21:45Z,1337.0,dead
UCc7NENWrEDB0ZNVDV69aavg,SL cricket highlights,LK,api,2021-09-10T17:33:09Z,1786.0,dead
UCzaTdeRzUq5ionIu8qWw88A,Travel Guide Sri Lanka,LK,api,2018-08-09T17:42:27Z,2914.0,dead
UCA21VfIEhw6g7rv2Q08Cp6w,SL POLITICAL TRUTH,LK,api,2025-09-28T19:01:25Z,307.0,dead
UC3CsotIchs_fM4XwaQXcTMw,Achlanka Dilukshan (AD),LK,api,2025-11-15T19:57:44Z,258.9,dead
UCm-TXzgh9U2K3wjWzY0XX0A,Gaming Highlight,LK,api,2026-07-11T00:30:12Z,21.7,active
UCPbRBGkrAnnWGxBfpyTiUXg,Raw Click,LK,api,2026-05-24T13:46:29Z,69.2,dead
UCwu2-m6rUdk7s7DkxfAX8Ng,Sinhala Funny Meme,LK,api,2026-06-10T10:27:02Z,52.3,dormant
UC2gpLSHUrXCbWiaBwstZsjg,Chammi Imalka,LK,api,2026-05-14T08:20:54Z,79.4,dead
UC6EbEwByu4tHEU8lBQ1nouw,Fashion with DAVE,LK,api,2026-01-11T08:29:07Z,202.4,dead
UCP5hOs9xuHFrHMlBuj6CTvA,Glam up with Thilini Perera,LK,api,2025-10-07T04:45:27Z,298.6,dead
UCkMHuOw1YS3-p7tpP0g8Oug,Daily News,LK,api,2026-07-02T05:46:30Z,30.5,dormant
UC8Z-aOFJe-SmwXFRobzs0QA,Infinity,LK,api,2026-06-27T05:00:37Z,35.6,dormant
UCcoMRdBwZ94F-v1o19v8C9A,Wildlife - Sri Lanka ,LK,api,2021-12-24T08:28:57Z,1681.4,dead
UCgQqfBHSBi2HscWGdF8CsJg,TR AI animation. lk,LK,api,2026-07-15T06:27:18Z,17.5,active
UCzHhl8kAbLv6iTr9AT2vg3g,WEDDINGS SRI LANKA,LK,api,2023-08-06T18:51:42Z,1091.0,dead
UC-2JPD5wybLAPIPcIQp2Vgg,Ceylon Pet Show,LK,api,2026-07-05T11:30:01Z,27.3,active
UCeBl9tHpIdmkgw28ksDcksw,Sinhala Comedy Hub,LK,api,2025-03-26T06:14:29Z,493.5,dead
UCqXGW6IGN6fsLCDh4x6D1qw,UC Gen English,LK,api,2026-07-09T12:30:23Z,23.2,active
UCpZJJvZ2HMYBAxcDHRc21YA,T-music sri lanka,LK,api,2019-12-22T17:15:00Z,2414.0,dead
UCzCVi9bCpsIZUUffGpxLfiA,Sri Lanka Politics,LK,api,2024-10-02T04:08:34Z,668.6,dead
UCOFhOCgjIgm3JqGo6vSHQkg,Daily Studies,LK,api,,,no_uploads
UCl5m1hcAdrpnQjFgonDYypA,Persian Cat Lovers Sri Lanka,LK,api,2026-07-16T14:28:16Z,16.2,active
UC3oEN2nseVOuP6XUhFICRqA,Lanka Hidden Places,LK,api,2026-07-02T13:03:24Z,30.2,dormant
UCmnI3z49QvFzLWpNwIgeuBA,RED Films,LK,api,2026-04-17T10:29:14Z,106.3,dead
UCr4SyRFd7gLDjBFw8DjHJMw,Chemistry in Sinhala,LK,api,2021-04-02T03:07:34Z,1947.6,dead
UCI2e1y5DEClmDQgSEDl9qZQ,GAMING NIKKA,LK,api,2023-01-20T07:49:08Z,1289.4,dead
UCBsJP0vRpDVt3NBP3pcf-tg,Wild Asia TV,LK,api,2025-04-18T11:00:54Z,470.3,dead
UC23xOSeqSr40JFEOkohtAGQ,A For Apple - Mini Series Headquarters,LK,api,2025-06-14T02:36:24Z,413.7,dead
UCrF6XEZfuk45pWcQAhrtYKQ,ජිකා ජිකා Prank,LK,api,2026-03-04T09:01:24Z,150.4,dead
UCkVKdDTks0XJ3COH6RI1l8Q,SRI LANKA TRAVEL CANVAS,LK,api,2026-01-09T13:30:09Z,204.2,dead
UCdCmqcH-SdLqNTmzA_cIbLQ,TukTuk Traveler,LK,api,2025-11-08T11:15:01Z,266.3,dead
UClgUjjsMd98qJ8FsND9pnDA,ZooTube Sri Lanka,LK,api,2026-02-20T11:00:00Z,162.3,dead
UCp1dmXYZMC6LgNiOqUnN_4w,Vaseline Sri Lanka,LK,api,2026-06-05T04:04:40Z,57.6,dormant
UCzawCs4xEp6Nllm4DbnjrxA,Gaming Sri Lanka,LK,api,2021-10-03T14:02:13Z,1763.2,dead
UCvADrZB8kSC6Ly-4NLrsksQ,Ceylon Hidden Gems,LK,api,2026-05-19T23:15:04Z,73.8,dead
UCtXJIcf-3RAVJw6W1rhfz8g,MANURA 3D,LK,api,2025-12-01T05:52:27Z,243.5,dead
UCSObrQoFIQS_-QQOc08_Ssw,Dasun Gunathilaka,LK,api,2026-03-12T12:30:52Z,142.2,dead
UCclsYfuBasiAF0_jKu6UIKg,Lanka Global News,LK,api,2026-03-31T20:51:52Z,122.9,dead
UCqheHQifQ6fdY_A9PCY5y3A,Who’s NERA ?,LK,api,2026-07-07T10:30:15Z,25.3,active
UC3S32URqLCYK2_AW5lbiiMw,PointFive Sri Lanka,LK,api,2026-01-18T11:22:30Z,195.3,dead
UC5bBYpvPhh_A58VKfVuO1pw,Dil Films,LK,api,2024-12-26T05:04:05Z,583.6,dead
UCkTcRd7oWWTbDBKFwIaSX0Q,DP Education - IELTS,LK,api,2025-08-13T06:18:08Z,353.5,dead
UCGMwIFulQGMMg9HoKjj7utA,TECH SARA . LK,LK,api,2025-01-04T05:38:39Z,574.5,dead
UCaoE0V-bRqIl-gqHX2mRRlw,SL Rugby maniac ,LK,api,2024-06-24T06:50:31Z,768.5,dead
UCQWHQTa-vX2UjI1yhFSVpOw,Sl Cricket Pulse,LK,api,2026-02-12T15:14:58Z,170.1,dead
UCNqkWhEuuUHlF38Ix-D667Q,Sysco LABS Sri Lanka,LK,api,2026-06-01T08:33:39Z,61.4,dead
UCd7V9fsvAmpmgTwkqTOVS4Q,Future Cinema,LK,api,2026-07-01T02:30:23Z,31.7,dormant
UCgnFbY7CoU8sr0ftq8FLbVg,Cover Sri Lanka,LK,api,2026-06-29T06:32:00Z,33.5,dormant
UCbtIUUFz6dB1GoNdJk-Irdw,SL M TECH,LK,api,2026-04-24T14:09:46Z,99.2,dead
UCyeFZYnUsbqGrnIqriHDWxQ,Sri Lanka Travel Guide,LK,api,2026-01-17T08:11:26Z,196.4,dead
UCjNLXO6WOy7xL0pT9xVjmXQ,Paradise of Sri Lanka,LK,api,2026-05-15T13:01:20Z,78.2,dead
UCQeYJy0YInj69dHrh4cMn5Q,Travel In Sri Lanka Diaries,LK,api,2026-06-20T15:20:56Z,42.1,dormant
UC5A28PUkxGuezY0zv-Hk61Q,Pet World In Sri Lanka.,LK,api,2021-08-02T03:34:27Z,1825.6,dead
UCwwQRIgp0G6CmZdKQJBlg9A,SriLankan Code Master,LK,api,2024-08-14T09:10:21Z,717.4,dead
UCDYxMheJ0Pntdz_ijL0AUmA,Alvin and chipmunks - official channel Sri Lanka,LK,api,2022-07-18T08:06:40Z,1475.4,dead
UCFR0f22_j0nAbM4KSboSRoQ,HIRU VLOG,LK,api,2025-10-05T14:47:59Z,300.1,dead
UC7hnVkL4yNhzha-fmW1r9aA,Sl Rap Tv,LK,api,2022-07-24T16:13:31Z,1469.1,dead
UCPj9Pb6SMGNVjRnLX19wthw,RASI VLOGS,LK,api,2024-10-03T12:30:15Z,667.2,dead
UC5lwYwl6l2m4RC-z_ZBHafA,UTS Sri Lanka,LK,api,2021-03-22T02:39:10Z,1958.7,dead
UCEWKJTdB9-3gWXbfO8M5y9w,ratacar(🚗 කාර්),LK,api,2026-06-20T02:28:12Z,42.7,dormant
UCu_e3pCYZDP-TNlEDmWx6bg,Glazyara Films,LK,api,2025-12-23T07:02:23Z,221.5,dead
UCp8jFPHjTrBU_WOGyhXiUXg,Lanka Auto Zone,LK,api,2026-01-19T12:26:25Z,194.2,dead
UCFAJ1eybWfsflOuXtn_9yZQ,Tech Review Sri Lanka,LK,api,2020-11-11T02:02:05Z,2089.7,dead
UCfBXT1XI3BfBFML8Wg00FTA,   FTV Sri Lanka,LK,api,2024-09-21T00:11:20Z,679.8,dead
UC6Jkv_Am-0j20RxhDBS0PEA,Sri Volleyball,LK,api,2025-05-11T18:28:33Z,447.0,dead
UCMF4AQ_-dhSxnWHI3mK3jwg,Infinite Official Sri Lanka,LK,api,2026-01-18T16:04:10Z,195.1,dead
UCu2Vwaw7Df7vw9cwC_g57IA,SL KDP,LK,api,2021-12-25T06:36:40Z,1680.5,dead
UCX2n8Tz5He1ylXlv-2ovIsQ,Dj TiM Sri Lanka Official,LK,api,2023-03-01T19:34:18Z,1248.9,dead
UCbGOccaksSx9TbF9vKdH1Mw,Short SL Cricket ,LK,api,2024-01-04T06:30:02Z,940.5,dead
UCE6nq54CxwAF5XDRKnFb96A,AbhithA ManawA,LK,api,2025-12-31T09:30:16Z,213.4,dead
UC-HguykxEb6N5HPA4kpOTOw,ComputeX Sri Lanka,LK,api,2026-02-19T06:19:01Z,163.5,dead
UC-nB-EeC9qdmv0aJ5OU6avg,Nonstop Paradise,LK,api,2026-01-28T19:01:46Z,185.0,dead
UCLKaX-xMB_hMIgdNrIkiyVw,LUSH SKIN CLINIQUE,LK,api,2025-01-03T11:15:05Z,575.3,dead
UCSPowuMDhhN8ayovAX28SOA,Couple in Desert,LK,api,2026-04-18T06:00:52Z,105.5,dead
UCNqwpPFHkSOl6RMShPm3R1Q,Tuk Tuk Tube SL,LK,api,2025-10-18T14:30:20Z,287.2,dead
UCSVP1lQ0t5Lm7BSQx2Tz0JQ,Senok Trade Combine (Pvt) Ltd.,LK,api,2026-06-28T14:30:06Z,34.2,dormant
UCKRJqvAtmN-Wd0t53HHBa2A,Eastern University Channel,LK,api,2026-06-04T20:14:05Z,57.9,dormant
UCIfmdQFKSNrU2hb9XqEpy1g,Sinhala Kids Cartoon,LK,api,2026-04-02T18:14:28Z,121.0,dead
UCe7fzqUpU5ZvygQbJeZ6JvA,ReadMe Sri Lanka,LK,api,2019-12-20T04:31:04Z,2416.6,dead
UCuL55IHBKAumK5hKWa_ZumQ,Queen Kuweni,LK,api,2026-01-22T02:50:43Z,191.6,dead
UCRGjzu8jJYKy3-5IG3ZV6cA,Kaveesha Madhuwanthi | A/L Chemistry,LK,api,2024-09-28T04:50:02Z,672.6,dead
UCOLdaAcrdzYY3ug15EuuFAg,The Rustic Kitchen & Tranquil Village,LK,api,2025-12-17T08:30:26Z,227.4,dead
UCH6Cm_2-yEJ_a-PE7JBMDuw,GREENWARE TV,LK,api,2021-12-10T07:49:15Z,1695.4,dead
UCDY_htT4nVRXSAIQVydbtyQ,Harendra Kaushalya,LK,api,2026-07-14T13:16:46Z,18.2,active
UCljaMOnndd_7nhdApJr9lJg,Lankan Loot,LK,api,2026-04-26T06:50:01Z,97.5,dead
UCvwa-qsGh7-KMTOjbkAhQeA,Tech LK,LK,api,2025-10-06T06:44:13Z,299.5,dead
UCjHPBitwISx7xuhYRbUfFdw,Dushani Nanayakkara,LK,api,2026-04-02T19:38:14Z,120.9,dead
UCbqkofQ3IIzfzCJj79Gul7A,Home Class,LK,api,2021-11-15T09:12:55Z,1720.4,dead
UCNdi3r3vkppQh6lFNZg3d-Q,AL ICT - Asith Gamage,LK,api,2025-11-09T19:19:07Z,265.0,dead
UCKnqIu8eR2U-75hvI5GQv8g,The Prophet Jerome Fernando Charity Foundation ,LK,api,2026-06-24T15:33:12Z,38.1,dormant
UCah_QCw7uHZtIDzOW6-oK4g,Aham Inas,LK,api,2025-11-07T03:32:52Z,267.6,dead
UCv3gqYnoTSpUT4Wr1mq2hrg,Duminda International,LK,api,2026-03-04T06:25:40Z,150.5,dead
UCPtJKPgYHqe-K3xU5prWgDA,cat link sl,LK,api,2025-04-17T12:35:52Z,471.2,dead
UCR6rhscnujT_Vcze1wXLOhw,Street Dogs Rescue Sri Lanka,LK,api,2026-05-20T17:36:32Z,73.0,dead
UCl2UORrBoS7_HjzFyB9I2qg,Tech hub sri lanka,LK,api,2026-06-11T16:30:22Z,51.1,dormant
UCJ_5slo-oa7bvnyD92m9c0A,The Cooking 2.0,LK,api,2026-06-24T11:35:38Z,38.3,dormant
UCG3AQ93iPpdDeo7Wx_OcgwA,GoPro Sri Lanka,LK,api,2018-07-09T20:53:28Z,2944.9,dead
UCx5Rp-vL2d7IqLWqV5cBQHg,Sri Lanka Travel Guide,LK,api,2026-07-11T09:50:09Z,21.4,active
UC9sglGVfDEqPRb-AJgE4r1g,Naifm,LK,api,2026-05-05T14:01:14Z,88.2,dead
UCfqMutUM7GnawXWTefUY8dw,HasNeth Vlogs,LK,api,2026-04-03T02:45:20Z,120.6,dead
UC7t96q4ic7RS3LRQ5OoT8Gg,Channel 55 Sri Lanka,LK,api,2026-02-06T23:17:04Z,175.8,dead
UCqccPm6-YIBjbzQwpxCLOcg,Classbook,LK,api,2026-02-11T15:47:43Z,171.1,dead
UC71SYqwZvY_kXqVA30F-awg,Nipul with Cars,LK,api,2026-05-24T14:36:56Z,69.2,dead
UCfyhC0QzEkixD8QZZkdYJuA,The Open University of Sri Lanka - OUSL,LK,api,2026-06-12T08:08:47Z,50.4,dormant
UC9POg6oD76qKaxyM8YimAKQ,Keune Sri Lanka,LK,api,2025-10-10T09:50:27Z,295.4,dead
UCVpjudnF83VEmqVBLNG1rbg,Waruni's Kitchen,LK,api,2023-05-09T07:08:25Z,1180.5,dead
UCTfmp7vG6zJ5W5k2eDOIwcQ,Galiver Films,LK,api,2026-01-17T12:30:20Z,196.2,dead
UC7OJJA9sk3SCcatYvhC1_cg,Restoration of Everything,LK,api,2026-07-02T03:12:05Z,30.6,dormant
UC7Mjxanti9szzP2pHVzRsqw,Simplify Coding Tamil,LK,api,2024-07-11T15:15:03Z,751.1,dead
UC7Z3B_lEhVwpF-eHtbwfppw,Beautiful Places in Sri Lanka,LK,api,2022-07-12T01:37:37Z,1481.7,dead
UCgPL5V2N_KEDSyWvMwHt2nw,VIDU,LK,api,2026-06-26T11:36:08Z,36.3,dormant
UCkG1mzZHOS_11faHbAgOXwg,Sandun Abeysekara,LK,api,2026-03-11T15:33:39Z,143.1,dead
UCdiGwivOErhuFV5uEUWxllw,Prank Lanka,LK,api,2025-09-20T14:35:38Z,315.2,dead
UCx-7U8L664YJgngQp1ew51w,මතුවා | Mathuwa VLOGS,LK,api,2023-11-14T18:59:06Z,991.0,dead
UCsrkebjUwVU0pV4gS0RYJGQ,Buddhist and Pali University Sri Lanka,LK,api,2026-05-21T09:32:06Z,72.4,dead
UCNGEtj-O2VcNMRqJUkTP-XQ,PcReview lk,LK,api,2022-12-16T07:30:42Z,1324.5,dead
UCKOkvbdy90Js1JF0KO9sfxQ,Chat with Dew ,LK,api,2025-09-13T11:43:47Z,322.3,dead
UC7TTg_2UVX8w7B53AspynPA,ESL SRI LANKA,LK,api,2015-08-22T13:41:21Z,3997.2,dead
UC1UXGTUVCRr_viauBj_T5sQ,Rochelle Wick,LK,api,2026-07-13T19:21:15Z,19.0,active
UC7lzwHLzITXsphCJ5MVn4qw,Gihan Chanaka Nirmal,LK,api,2022-07-09T14:04:49Z,1484.2,dead
UCpIq1UzT1Gc82vsSxFBZsEw,Mr Kalindu,LK,api,2026-05-25T10:22:04Z,68.3,dead
UC69j0n39Fj53JHIBsectTAw,KANI & GOVI  |  කනී & ගෝවී ,LK,api,2026-03-19T11:00:00Z,135.3,dead
UCGDWZx4CiP1wBSXUL2YBgvg,Liyo Cat in Sri Lanka,LK,api,2023-06-05T15:34:23Z,1153.1,dead
UCVDZMMJxLQhN-pwv1MOIAaQ,Ceylon Rider,LK,api,2026-04-07T03:45:01Z,116.6,dead
UCKC83VK5PenX2ocZ4JF7YiQ,Dimax Gaming ,LK,api,2026-07-09T01:00:03Z,23.7,active
UCFXQ-ZCsWIr_qOztBYZ906w,Curtin University Colombo,LK,api,2026-03-26T10:16:23Z,128.3,dead
UCBIrFQIsJA134Nbemr6n_gQ,Best Care Animal Hospital,LK,api,2020-12-22T11:49:39Z,2048.3,dead
UCxmvnjkkdrSZjAPzVfOousQ,Techmate Sri Lanka,LK,api,2021-06-07T11:16:29Z,1881.3,dead
UCuc40qp1ZKB_ZbDw9iml8Kg,Imsachin,LK,api,2026-02-24T14:54:12Z,158.1,dead
UCnUro1VEvpuIkbqoM9M8L4A,Ceylon Car Reviews,LK,api,2026-07-03T13:30:31Z,29.2,active
UCJA0a_Ggz9huEg9qmz8zm3g,Sri Lanka Travel Hacks,LK,api,2025-10-16T15:12:38Z,289.1,dead
UCOY1BTAuzZDJHggLNyKUnZQ,Learning for Life - S.R.C.,LK,api,2025-01-06T09:59:18Z,572.3,dead
UCTt-pC0wjGVwhhNWFEOsDMQ,Hair master,LK,api,2026-07-14T06:31:24Z,18.5,active
UCnYF9KvymYmNlskEJnEGYFw,SS Car Sale jaffna,LK,api,2025-09-06T07:18:32Z,329.5,dead
UCYYLeuf3OuMj04YCb0vvA8w,Dananjaya Hettiarachchi,LK,api,2024-09-02T18:18:41Z,698.0,dead
UC7zKtnoBMYSDfOGJ0bCbFeg,SL Story Studio,LK,api,2025-12-31T19:15:02Z,213.0,dead
UCGe9vzavXCSu7GBIgoPebeQ,Man Saranna මං සරන්නා,LK,api,2026-07-18T13:27:57Z,14.2,active
UCpb37g4I8pMnEv5NcSbf4Bw,Isle of Weddings,LK,api,2026-06-26T13:14:20Z,36.2,dormant
UCTnx__S9s_zFVrC-Fitk7aw,Sinhala Jokes,LK,api,2026-04-21T10:01:14Z,102.3,dead
UCqZir8BUwNNRxmBWHYsTypA,Sri Lanka Podujana Professional Lecturers,LK,api,2020-12-29T04:58:25Z,2041.6,dead
UCnaS6CqY_EGmnFD-G7sHNtQ,Baila Songs,LK,api,2023-08-20T18:40:25Z,1077.0,dead
UChAN3A6E4AsDR0CsgeAZbYA,CNC Short Films 🎥,LK,api,2025-03-20T06:03:16Z,499.5,dead
UCpJBoKmoAOpj8kMZ-238P9g,Home School Lanka,LK,api,2025-03-27T07:15:02Z,492.5,dead
UCPPpEOsocilkC2IMRodK81g,FASHION WITH BRO,LK,api,2020-03-16T12:57:22Z,2329.2,dead
UCf2jZoOW2OYB66SQ29OH_Ug,Animed Srilanka,LK,api,2021-01-24T09:26:31Z,2015.4,dead
UCrh65i5dV0K4iaSknIOTogA,ASH BOY,LK,api,2026-01-26T12:23:25Z,187.2,dead
UCvScUEIPU4_zAnW7cKj64HQ,Sri Lanka Acoustic Music,LK,api,2024-04-14T04:40:59Z,839.6,dead
UCBlP-tEVTVhG0QvIKSnKFqA,SL Barbershop,LK,api,2025-02-21T09:43:33Z,526.4,dead
UC0KvGxwklSVx0Uww0gMFfwA,Raula Barbershop,LK,api,2024-06-05T03:20:16Z,787.6,dead
UC0BcYitJuDWf3FOhzGSPKqw,KIDS LAND SRI LANKA,LK,api,2026-05-23T07:28:52Z,70.5,dead
UCmZhSTVkzhssQKyV_vqR3ng,Bimsara Weerasooriya,LK,api,2026-06-27T12:00:18Z,35.3,dormant
UCZ29uda1Tweo5ENSXJppPAw,codingCamp,LK,api,2026-03-27T02:09:05Z,127.7,dead
UCqDPDmVqRFD7o1tY1S6Cskw,Rap Ceylon,LK,api,2025-08-25T07:05:03Z,341.5,dead
UC4DCS-GWdPQ3A9ukbJHB65A,Dil's Vlog,LK,api,2022-09-10T11:30:01Z,1421.3,dead
UCJqvzvbvZeip0hW_q3EW6_A,Salon Ashi,LK,api,2025-07-08T11:21:48Z,389.3,dead
UC3M6OzfWtr6tXJ9UDmytWBg,Sri Lankan Culture and Environment,LK,api,2024-01-12T08:24:58Z,932.4,dead
UCPF1EIWtFOvBe9YXwfCbsvw,Science  English Medium with Chanaka sir,LK,api,2026-03-20T03:43:33Z,134.6,dead
UCxqp4S-Aqq09FNFUbU5L-KA,SL Cricket Network,LK,api,2021-02-21T07:24:03Z,1987.5,dead
UCnPp3f0r4BywxwgAJqaH6QQ,The Coconut,LK,api,2025-07-23T16:30:21Z,374.1,dead
UCxood6HxMjFCIoHa2dRI1Cg,Samee Cartoon,LK,api,2026-07-19T08:01:36Z,13.4,active
UCXmLfo2g7UHD4cQnTuDTMfQ,Fashionstreetsl,LK,api,2022-09-28T21:23:39Z,1402.9,dead
UC9Slp55-nJIx-q1g_TJEY3Q,Rj Chandru Menaka Comedy,LK,api,2026-07-08T16:25:36Z,24.1,active
UCo4xyFe54pnZgxc1ztPYzaA,CREATOR LANKA,LK,api,2026-03-14T13:00:58Z,140.2,dead
UC_ym_zKj2eVM5JV7S6wmybw,Uniqueladies Sri-Lanka,LK,api,2022-08-07T13:45:05Z,1455.2,dead
UC1XBIWfev3IF4mbw8SEPM-w,Gaiya,LK,api,2023-02-17T12:51:01Z,1261.2,dead
UCF5hZWbvQovfgehKBywZJcg,Wasindu Tech,LK,api,2025-12-06T10:17:00Z,238.3,dead
UCIFATZpxaqJgockV5AypucA,iFilm Sri Lanka,LK,api,2025-10-16T12:01:18Z,289.3,dead
UCR6RSgJxqSju02lm9K-KWmg,Ash's Tech Diaries,LK,api,2024-05-24T18:10:35Z,799.0,dead
UC3Kh4e8CHpffrEzt1d1Kspg,Learn Automation In Sinhala,LK,api,2025-10-24T14:30:42Z,281.2,dead
UCrn-Mja5YBvZzCUhGewsEyQ,Caritas Galle ,LK,api,2024-10-29T07:59:28Z,641.4,dead
UCQga5Hpkev0t-LW7F56C8mQ,Travel with Revolt  Electric bike in Sri lanka,LK,api,2026-07-14T18:37:19Z,18.0,active
UCwuJODQ8B5Y_Sqch7jTPhuA,Denax Animations,LK,api,2025-08-28T17:29:55Z,338.0,dead
UCh3MHrepNNU7gNTcbiFzStQ,Masha Hitz,LK,api,2026-04-15T04:59:05Z,108.6,dead
UCSIcX89arHkxqoi3aiqN3hw,L O L T A S T I C 🤪,LK,api,2025-12-17T10:30:28Z,227.3,dead
UC0XqZjHP-gdvd66zYTCJfPw,University of Moratuwa – BIT Online ,LK,api,2026-04-09T10:19:16Z,114.3,dead
UC2RgFroDzxQwKLKV5pH1dMQ,NOI Sri Lanka,LK,api,2026-04-07T09:18:38Z,116.4,dead
UCjep8IdTLwBrVmwstBfccPw,SRI LANKA TOUR GUIDE,LK,api,2019-07-12T04:28:15Z,2577.6,dead
UCh3ACc11ECpUWZKnagOgEbQ,Sri Lankan Travel Vlog,LK,api,2019-09-15T17:16:05Z,2512.0,dead
UCnByssex1Zh1FboteFyUSPg,TECH HAMMER SRI LANKA,LK,api,2021-10-24T10:50:28Z,1742.3,dead
UCpmLphkq-n1GHMXxMWouURg,Safari in Sri Lanka,LK,api,2024-04-24T08:28:40Z,829.4,dead
UCrputd-TfRFkuYCFp3noAFA,Ratha Pola,LK,api,2019-08-01T03:03:35Z,2557.6,dead
UCLmJsEw6cV5HmOdTJ1OFfTg,Education Lanka,LK,api,2026-04-18T01:07:41Z,105.7,dead
UCqxK13l4trqLDRa302oAZIw,Kairo'sDiary SL,LK,api,2026-06-30T08:40:34Z,32.4,dormant
UCJY1-jawEq7c9U7mY6xA4vQ,Sri Lanka Tourism,LK,api,2026-04-29T09:17:59Z,94.4,dead
UCXfKY4J6eRCh8iPUwQ95HmQ,PSS Natural environment,LK,api,2026-04-27T01:42:58Z,96.7,dead
UCkomTk7AtEOnCmh5S2-9_Fg,Sri Lankan Husky Family,LK,api,2021-05-30T14:08:10Z,1889.2,dead
UCsac4rjgoKC4na1GS1bgS8A,Short Film Studio SL,LK,api,2025-07-02T12:24:30Z,395.2,dead
UCtQ_3GnVAFgU49_wyZg6qow,Just Code Sri Lanka,LK,api,2020-11-24T04:54:37Z,2076.6,dead
UCJat4zcnqLpGf45U0yrxM6g,Wing Social,LK,api,2026-05-20T20:36:17Z,72.9,dead
UChioSRvSVkgYhyG5qDW2JtQ,PLC Training Sri Lanka.,LK,api,2026-04-30T05:22:23Z,93.5,dead
UC0QnTPi6MCtWiDvFSTu0nLg,wildlife of sri lanka,LK,api,2020-12-09T18:04:31Z,2061.0,dead
UC12ZTj8klKOLs6vmJO_vWkQ,Anythink Podcast,LK,api,2026-04-09T09:27:14Z,114.4,dead
UCszOGG2jqk4RGQoMOtD8EHg,JG Tech Lk,LK,api,2026-05-23T19:30:07Z,70.0,dead
UCR3tNGyaStfQooxU4cQkY3A,Pubg Mobile Sri lanka,LK,api,2020-05-16T03:30:56Z,2268.6,dead
UCd0KBZYeiONMV6ogZQI2z2A,Yakada Heena Moto Vlog,LK,api,2026-05-19T15:55:57Z,74.1,dead
UCciHuEKKB73p626H_kjoZtg,U tv in sri lanka,LK,api,2026-04-23T13:20:24Z,100.2,dead
UClQCAmEX_lgQeIYpZc0bYLw,The Explorer ගවේෂකයා,LK,api,2025-04-14T02:15:34Z,474.7,dead
UC_R35RSV-86rk38no2Qxdow,DKM Official,LK,api,2026-06-28T13:38:29Z,34.2,dormant
UCfxaF-qcXrUGglR-HLMIhXA,GRACE DANCE BAND,LK,api,2026-03-07T14:05:11Z,147.2,dead
UCCtVnTTW7GsgJ8D33k4KbkA,SL Comedy Club,LK,api,2025-06-28T13:50:04Z,399.2,dead
UCZqd2Ow05JEMlpaXHdw0LWQ,Charu Vlogs,LK,api,2023-01-28T05:52:34Z,1281.5,dead
UCLc1xgiAaIecWUs1Nqgz_GA,Travel Sri Lanka Vlog,LK,api,2021-01-28T06:45:48Z,2011.5,dead
UC5IxEcbW-cbhLOAKg7UQsyA,Lanka funny TV,LK,api,2025-09-11T11:15:02Z,324.3,dead
UCqCA-n5WK8EUw4Eoahevw9Q,SHIFT Entertainment,LK,api,2025-09-29T05:32:25Z,306.5,dead
UCC0R9UeV1Oh7K8NlcYPycsw,The Shield,LK,api,2026-07-15T22:08:35Z,16.8,active
UCoWjlh2GnpjnppUAzVD_EyA,St. John Ambulance Puttalam District,LK,api,2021-10-19T18:47:56Z,1747.0,dead
UCGQxfwFHFezIxXurJNgP2ug,BOMTA gaming,LK,api,2025-07-25T09:30:13Z,372.4,dead
UC0Gy3iGhX2FqlDg6-LHiyWg,Quest-EsportsLK,LK,api,2026-02-21T16:21:45Z,161.1,dead
UCwYZFnfxGmEGqYruNho3beA,Glow and go Sri lanka,LK,api,2021-12-21T16:38:53Z,1684.1,dead
UCGDUKdvO4Oyx96FSVOLPn2w,Diplomat Chaminda Janapriya Dissanayake Charity,LK,api,2026-06-29T12:20:41Z,33.2,dormant
UCOGqY1GxiXCSP8F9pSqMHFQ,Misty Sri Lanka,LK,api,2026-07-11T04:39:04Z,21.6,active
UCSeF9kD4vSmxjsVrRojUjsg,CIRP - Premier Campus for Psychology in Sri Lanka,LK,api,2025-01-08T13:10:40Z,570.2,dead
UCpTbQ8rowBytgoF2YTvCsYQ,SADEEPA TECH,LK,api,2025-09-27T13:45:02Z,308.2,dead
UCl7t-NMya4EY-aLXiudLFaA,Sri lanka travel guide,LK,api,2024-08-06T08:31:48Z,725.4,dead
UCcramqaCahbkbALKYjdc-VA,ART OF NIMALSHA,LK,api,2021-03-15T18:09:36Z,1965.0,dead
UCnNHFsGC9SdQskFNpCRY8DQ,ProCut Studios,LK,api,2022-09-15T15:00:13Z,1416.1,dead
UCi_8h4-2yCvUINiFfJJEiig,Chalitha Weerakkody,LK,api,2020-05-02T05:18:58Z,2282.5,dead
UCK0bPjNra_d-ezW5vQVfYaA,Pubg Deiyo lk,LK,api,2019-06-06T16:53:57Z,2613.1,dead
UCsFiimRAF02Pg2tkVehi9_Q,Render Island Team,LK,api,2023-10-11T05:15:58Z,1025.5,dead
UCkP-4Do9fA3CY25QAdP2VZA,Inca Fashion Hair Studio,LK,api,2024-01-16T11:53:55Z,928.3,dead
UC_zR76WfAJj_-nPZgcPfZfA,TravelFinders Ceylon,LK,api,2026-04-09T07:51:10Z,114.4,dead
UCc_K7MQbwIm7zB0BpsFqgfw,GLOW sri lanka,LK,api,2026-04-02T06:35:30Z,121.5,dead
UC7Q9D6KZJXrwc12395GXVzA,Exam Sri Lanka,LK,api,2024-07-31T15:13:06Z,731.1,dead
UCTtmvUiXmgXQKakESlyB4sQ,Maiyah,LK,api,2026-06-15T14:09:57Z,47.2,dormant
UC2kr46MvcoHAxgdJUNMFTiQ,Sl one,LK,api,2024-09-02T13:21:25Z,698.2,dead
UCKVq53n8k4csrHeC1T43NYw,Travel With Saara,LK,api,2023-11-20T13:43:56Z,985.2,dead
UCZL4e5M_Wf09fdZJkPuALRw,Doggo Paws SL,LK,api,2026-06-30T13:59:05Z,32.2,dormant
UC9ZBA7S_lucysinN4TrSeHw,Sri Lanka Tour Guide,LK,api,2025-06-26T10:19:22Z,401.3,dead
UC3HExvUcWzV9ihsReEIcvNg,Pasi 3D World ,LK,api,2026-02-09T13:21:35Z,173.2,dead
UCAewO1gshtHXVsOdxd03gkw,the roast house ,LK,api,2026-07-10T10:30:16Z,22.3,active
UC8MDcSxi00w_R5mr78N_Qnw,Sri lanka  environment,LK,api,2025-04-15T03:25:49Z,473.6,dead
UCrHB06pIp3WAlyBo30OAdvg,Cute,LK,api,2026-06-29T14:42:39Z,33.2,dormant
UCYJCP45-3I0UeASIHPLsFpA,City Cinema,LK,api,2026-03-20T01:15:00Z,134.7,dead
UCQkddibMMoTyv5gXGWRvXcA,BLUESKY PRODUCTIONS,LK,api,2026-06-10T12:30:12Z,52.2,dormant
UCTJmVd5Vcu8KQk2oS6pGNzg,Actress Sri Lanka,LK,api,2026-04-23T12:01:35Z,100.3,dead
UCA4AwsXHfkJgvxErkzu5_6Q,Lanka Voice,LK,api,2024-03-31T12:08:08Z,853.3,dead
UCxgT-PRraH7gJjw9kpY5Rmg,EFL Sri Lanka,LK,api,2022-02-24T13:48:56Z,1619.2,dead
UCSLQ5eH_suWb8TOdNcZRMjw,Comedy Double SL😇😇,LK,api,2026-02-22T08:15:01Z,160.4,dead
UCWLsp2EDG3iT02-xaP_U96Q,HITS Music Band Colombo,LK,api,2025-06-14T01:49:59Z,413.7,dead
UCo0fodGX_3gepaWfjc2MyLA,All Vibes Sri Lanka ,LK,api,2026-06-18T12:18:32Z,44.3,dormant
UCRT9B6WBsaYGs9QsM0ZBNjA,I music sri lanka,LK,api,2026-05-10T06:10:31Z,83.5,dead
UC-dCazLLgEAZm5PqSbHPyng,Wedding Hut - Sri Lanka,LK,api,2025-09-22T14:57:57Z,313.1,dead
UCKLi2WEfWKoo6JvZJCJsYOw,Redeemers ,LK,api,2026-04-17T11:30:03Z,106.3,dead
UCgUTjskRXI38KbDqwsuXZMA,sri lanka short films,LK,api,2021-07-24T17:51:26Z,1834.0,dead
UCvsGfSa4Cr_XCUKml0Tf5Kw,Entertainment sri lanka,LK,api,2025-10-05T08:32:38Z,300.4,dead
UChgYU9sDMmUJ-PE37sUOIhg,Saman De Silva,LK,api,2023-11-09T12:30:10Z,996.2,dead
UCYTY-C4OFmUdIwi6wghybAA,LANKAN LIFE VLOG,LK,api,2025-10-06T13:58:40Z,299.2,dead
UC7qdij234UAVh6N7M7sszEA,AusSL Vlog,LK,api,2023-07-09T09:30:13Z,1119.4,dead
UCJ_r6w_EX9v589Y56nE3WGg,Sri Lanka Car Spotters,LK,api,2026-05-18T11:33:45Z,75.3,dead
UCgTVEOflRneP2HphC6zNrHg,Professional Chefs Association Sri Lanka,LK,api,2023-10-04T02:23:12Z,1032.7,dead
UCQdaCUDjn23rXsgQN6oNjuQ,ANIMA FILMS,LK,api,2026-05-26T05:00:18Z,67.6,dead
UCKjCD_fRV6RfcKv8I9dYA2A,thine short films,LK,api,2021-02-19T04:12:23Z,1989.6,dead
UCSRPWsKMym8ed266_OTcBbw,Sinhala Tech Show,LK,api,2022-07-20T11:30:00Z,1473.3,dead
UCTroPt7ajezU0xywQ8Ymb5g,Korale Records Sri Lanka,LK,api,2026-01-09T05:48:42Z,204.5,dead
UCRQDi1gOmaLAmNyVdoMQINQ,OHME Sri Lanka,LK,api,2026-05-13T11:55:51Z,80.3,dead
UCUpf9oGkS4Ns0m7ePBB5TTA,Xiphos Esports,LK,api,2025-07-12T07:10:44Z,385.5,dead
UCPZmRk4baYtsuVqwpdHAatw,Nawaloka College of Higher Studies - NCHS,LK,api,2026-06-09T11:43:28Z,53.3,dormant
UCe7DmcaEk8MrqEmwM_tFNqQ,Gama Toon,LK,api,2026-03-20T13:30:24Z,134.2,dead
UCW_SDys00Yv9Fjq3ttcrvUw,Hidden Lanka,LK,api,2025-10-27T09:32:09Z,278.4,dead
UCYFleXVWEURbSC7bj3sqlPw,ManiYa,LK,api,2024-02-11T14:24:04Z,902.2,dead
UCESLkkRAOvtHzG-wF7TNofw,Life With SoulMate Vlogs,LK,api,2026-07-15T07:30:17Z,17.5,active
UCSGjjIMkvIJh9vdbbNPb3pw,NASA     ,LK,api,2026-07-10T15:53:21Z,22.1,active
UC3K00sDszkujssjSORnipvg,Online Class LMS,LK,api,2026-03-14T23:11:19Z,139.8,dead
UClKd124-zPV5juJ9fymmRhg,Sociology with Dr.Darshana,LK,api,2025-10-02T13:15:16Z,303.2,dead
UCjLRdJQ2hHlhU10AswNiQ0A,Volleyball Pasala,LK,api,2022-07-22T04:44:14Z,1471.6,dead
UCywKYmHKbV3lRW4HOOneGkg,Simple Beauty Idea-Sri Lanka,LK,api,2024-03-02T15:07:23Z,882.1,dead
UCnAPLrDh7HWge4MqPvHocgQ,The Extant Sri Lankan,LK,api,2025-07-21T04:07:31Z,376.6,dead
UCbMYIzdPgO1WTRA-lZSA5Eg,SmartFever,LK,api,2025-10-20T15:38:43Z,285.1,dead
UCgNisDupy_6hIBkw3pjDdWw,Tuk Tuk CeylonRide,LK,api,2026-06-05T08:41:39Z,57.4,dormant
UCzbSklEJnEkeqBIREvJA8fw,Ceylon rap & song identity,LK,api,2026-05-22T01:26:51Z,71.7,dead
UCVyYvZ_Tfp-eHC_Mdt7OgUg,Ceylon Rugby,LK,api,2019-09-25T14:13:37Z,2502.2,dead
UCpqdK1XXfPH-oJ_c96ZTRNQ,Lil Rome,LK,api,2026-04-10T12:30:06Z,113.2,dead
UCs3KUhfBDaWTMbkowlETe7w,Insightful Sri Lanka,LK,api,2025-05-12T14:18:04Z,446.2,dead
UClWpyw-uEKIufD2XctHu1Kw,Wildlife In SriLanka,LK,api,2023-05-07T06:22:30Z,1182.5,dead
UC5hpZafAD5yLoI5dvyu7EAg,Sri Lankan Wild Adventures,LK,api,2026-08-01T14:40:28Z,0.2,active
UCZWLWHBB3t-VlJpqMin0MBQ,Ceylon Business News TV,LK,api,2026-04-20T11:03:54Z,103.3,dead
UCzMm9bl7hcr8h0shcs6HgpA,Chuti Patiya - The Sri Lankan cat,LK,api,2023-10-09T03:20:29Z,1027.6,dead
UCxWYUcPmjoB9BUaePOe8Sgw,Talking Foods - Sri Lanka,LK,api,2026-02-11T20:43:22Z,170.9,dead
UCKPo6m2YUuRWhw-18sJPnYA,KTV (Srilanka),LK,api,2026-06-22T23:47:56Z,39.8,dormant
UCAyTTE7S0i95nzjKqcm1Xaw,Sinhala Gameplay SL,LK,api,2026-07-04T00:34:58Z,28.7,active
UCfJsvn44PXZV4wWqDWB3gGw,Himash's Wildlife,LK,api,2026-04-10T01:49:00Z,113.7,dead
UC_rH4CoL1FNn58WQVg_Y7mA,Ahamed Ismail,LK,api,2026-05-13T19:02:40Z,80.0,dead
UCzyNj_K68UUMGku6elS3-Vw,Safari Panama Srilanka (Kumana Wild  Expeditions),LK,api,2026-07-01T05:51:20Z,31.5,dormant
UC6Ev8_cL6cG66bFVzRaUepw,Sri Lanka Catholic News,LK,api,2023-07-11T03:27:35Z,1117.6,dead
UCsBb0l44dVKTb1D3PEBQBHg,Qpoint Entertainment - Qpoint SL,LK,api,2025-05-21T17:43:09Z,437.0,dead
UCVkbgGtKLhJBylz9boUyP4Q,Sons of Sri Lanka,LK,api,2025-07-22T13:59:43Z,375.2,dead
UCaY_Mf80TrM6ESTtSJdY_Yw,Alankaari,LK,api,2025-11-04T20:33:08Z,269.9,dead
UCSPkz9U2u1vAsUqGWYEk7MQ,Lankan Freestyler,LK,api,2024-12-22T14:19:18Z,587.2,dead
UCQIzORcHAhShkUZzIxaV6DQ,Programming with Che-mo,LK,api,2023-11-14T19:11:35Z,991.0,dead
UC_wH_kulb6PkXaF6I1a9xKQ,Taprobane Diary,LK,api,2021-06-14T13:49:56Z,1874.2,dead
UC1BSMzeIFCVLaTI2-l8mJbw,B2VSriLanka,LK,api,2026-07-06T15:16:01Z,26.1,active
UCtfeXEtCF7zlkfZDk8LnqpQ,Travel Couple,LK,api,2025-03-20T16:23:09Z,499.1,dead
UCsHad6HWytp_Xp-6NomY_yQ,Game Sri Lanka,LK,api,2026-04-29T01:30:05Z,94.7,dead
UC8j_8kc0GTdl52VtneEELtg,"Ministry of Environment, Sri Lanka",LK,api,2026-02-09T07:26:08Z,173.5,dead
UC-myDbJ5Iqd9k3y7f0cd0mQ,Sinhala Tech Reviewer,LK,api,2024-10-23T10:54:51Z,647.3,dead
UCcWXp95XWD9efSwF447DXrg,XLab,LK,api,2026-01-04T17:08:31Z,209.0,dead
UCr6N1fR_Lb9ftvHwqCsadSg,Sabaragamuwa University of Sri Lanka,LK,api,2026-07-11T00:51:40Z,21.7,active
UCa2DhOS0yohLWWdDL1SjtOg,Sri Lanka Environment Natural 4k,LK,api,2024-10-02T02:14:51Z,668.7,dead
UCF3FOALs3bDzcdfW0xdYbSA,Mini Caption,LK,api,2026-07-04T13:00:54Z,28.2,active
UCcCtG2QKIuXSEJ9vPR1sc4w,"Faculty of Agriculture, University of Peradeniya",LK,api,2025-12-22T17:04:43Z,222.1,dead
UC72XNqS419B9_0a-wqngKSA,Garena Free Fire Gaming Sri Lanka,LK,api,2021-02-15T00:16:41Z,1993.8,dead
UCxSH_l2EKLPUB-HOjlZRabw,Hansi Vlog 🐼🤍,LK,api,2026-06-29T04:05:05Z,33.6,dormant
UCUPFH5NDPM3_hOdbqQLKjuQ,Sri Lanka Cricket Gossip,LK,api,2019-12-06T16:32:37Z,2430.1,dead
UCspb2j229RKT267nQ736Tfw,BAILAX,LK,api,2025-10-26T07:45:39Z,279.4,dead
UCdy9Wdw7Sl9o05k1goBaB2Q,M.R GAMING YT - SRI LANKA,LK,api,2021-10-06T19:22:08Z,1760.0,dead
UCYnCzGtmgWT8YajRWBb-fAA,3S Mobiles,LK,api,2025-07-04T14:39:43Z,393.2,dead
UC4X_PPw0EVKwTHkm4JJxIjg,danushka wijesooriya,LK,api,2026-04-29T11:31:47Z,94.3,dead
UCbuW88tFdrevpCcS8M6I07A,Sailan Weds,LK,api,2026-05-03T14:00:00Z,90.2,dead
UCFDDinTJk2SPab8sy7QrPnw,Model Katha,LK,api,2022-02-19T16:17:36Z,1624.1,dead
UCmfa1qNLj1OEkbumGRkgfSw,Wisdom Educational Unit,LK,api,2026-06-17T06:46:53Z,45.5,dormant
UCY7ZeW8kUhwMbpN1uxp6Jkg,Sri Lanka Breaking News 1st,LK,api,2020-11-27T16:55:53Z,2073.1,dead
UCu1Cd4XNTuv5z8MNZjFq1Xg,WECare Worldwide,LK,api,2024-12-10T06:37:03Z,599.5,dead
UCx6xNXS6NzhbSyJIccs3kGA,Try - City Custom Modification - Sri Lanka ,LK,api,2026-06-23T02:02:17Z,39.7,dormant
UCnVO0YbtoK4HyvQgChNvK9w,KT,LK,api,2026-04-17T11:30:06Z,106.3,dead
UCKPT0j6sKw5wj-WmC7DaJMQ,The Be1st Band (Sri Lanka),LK,api,2025-11-10T16:10:17Z,264.1,dead
UCBO8CtXUc74YzG3ZRA-41Tw,NextstarTech,LK,api,2026-06-21T13:30:25Z,41.2,dormant
UCWN7PzASZk2ju8GWF47NhSg,NM sport🏐🏆️,LK,api,2026-06-26T06:03:07Z,36.5,dormant
UCko-rtA7XExCrvdlPTVpBuA,Mr Carbook,LK,api,2026-05-04T17:12:20Z,89.0,dead
UCfshUAynelX8vkAT5UXb1DA,Vfects film,LK,api,2025-12-23T16:44:31Z,221.1,dead
UCysvAsEtv4BNF0LncxnH5ww,Coverlanka Music,LK,api,2020-10-06T14:41:44Z,2125.2,dead
UCGmE1COCLwZdQcLNnc2Qp5A,Free code ,LK,api,2025-05-21T00:01:49Z,437.8,dead
UCVDevQUUFFRkP-byPUhMQtA,Ceylon Spider,LK,api,2025-09-14T13:28:40Z,321.2,dead
UC-DuVdWFLOQYS93kJdXOR0A,Maths cafe,LK,api,2025-04-21T16:40:43Z,467.1,dead
UCi8MyaVUy0jkE1pmvoxgXWw,Faculty of Science,LK,api,2026-04-06T04:10:52Z,117.6,dead
UCifJEvXNvD8XaK7JMSmnH_w,I am Samaa - The Village Girl,LK,api,2025-12-29T15:00:05Z,215.1,dead
UCxurgeq3vKKjMKZLc1sMl5A,Uchitha Nirmani Creative Hairstylist,LK,api,2025-05-05T12:00:35Z,453.3,dead
UCa5uVqVCpNGdqkZ4FXjpwig,Cricket Insight Hindi By Amit Majithia,LK,api,2026-06-03T11:09:37Z,59.3,dormant
UC7bgn4zfZzuw5-MihWRgvaA,Funny World Sri Lanka Tik Tok,LK,api,2019-01-27T18:36:01Z,2743.0,dead
UCV2fznLRnZqbta_8npkLB4w,Mobile Plaza,LK,api,2026-03-14T18:45:23Z,140.0,dead
UCn-TGQjyzHIA1EgonmCpr8A,FreedomTV Sri Lanka,LK,api,2025-10-06T17:33:23Z,299.0,dead
UC7SqusQkpNX1hRjRvD_1Ong,Student in SriLanka,LK,api,,,no_uploads
UCT1onHH7JVkJvr4BYa3gJmg,SL REVIEW MOBILE PHONE,LK,api,2023-03-13T11:17:49Z,1237.3,dead
UC7yF2-xCEXXv_h93qq6urww,ATHIRVU ,LK,api,2026-06-23T05:28:37Z,39.5,dormant
UCtv_DvLOBwce4W-BvJ8F3Cg,TR Tech,LK,api,2026-04-04T11:10:14Z,119.3,dead
UCEhkKkMt6u0SUo4ivZH9MFw,GEETH Fashion,LK,api,2026-04-05T10:45:39Z,118.3,dead
UCdzuoILCS3EvHfFB5K89X_Q,Anoma Weerasekara FILMS,LK,api,2026-02-27T18:01:12Z,155.0,dead
UC3TT-kt050TudOWfym4uhMQ,Rupavahini Dubbing,LK,api,2025-09-19T03:30:24Z,316.6,dead
UC5SkudzqxJtC-xCU-xreX9w,Sri Lankan Models Photography,LK,api,2020-08-30T12:52:32Z,2162.2,dead
UCpuVqKQHN72bp67rb7HSUNg,Auto Genuine SL,LK,api,2026-05-27T08:30:21Z,66.4,dead
UCkLJso3QO4L08r5yIiwXDzw,Aryana Fashion | ආර්යානා විලාසිතා,LK,api,2026-04-19T09:29:56Z,104.4,dead
UC6SZGBCG1i5v10CF3OeafLg,Solo Programmer,LK,api,2026-04-25T14:26:42Z,98.2,dead
UCgGWyBs51NVNDxP-tXEhlZw,Comedy lanka,LK,api,2026-07-09T15:00:37Z,23.1,active
UCGkzF25IZBE1SF9ykM64xEA,Vini Productions - විනී,LK,api,2026-05-24T12:00:18Z,69.3,dead
UC74au1FHMPoIrtMg_aGl3_w,Makeup_bymalshi,LK,api,2024-11-29T16:59:04Z,610.1,dead
UCa-3XHyBJlOdKPSc52FSzpg,CSCN Sri Lanka,LK,api,2020-09-30T17:31:03Z,2131.0,dead
UCIoYrB3EKtwmTHiLhy10KTw,DP Education - Kids,LK,api,2025-03-17T14:00:00Z,502.2,dead
UCEbTQZF9_vDOducFY8gOfag,Sirasa Catchpoint,LK,api,2026-01-10T17:09:44Z,203.0,dead
UCRkzL0-FkIP36GH4O6CTNqw,Sri Lanka Tour Guide,LK,api,2026-06-02T18:55:21Z,60.0,dormant
UCVJRiEXH8SpQhiL9G6ryynA,Mr. Gurusinghe,LK,api,2022-02-05T13:30:08Z,1638.2,dead
UCN9fwTxVJ8x4vttXTkl59Pw,Smile TV,LK,api,2024-10-02T12:08:56Z,668.3,dead
UCuXFwveVodjeJ66lTMrxHkw,ICPC Sri Lanka,LK,api,2026-01-25T08:11:02Z,188.4,dead
UCusSUTH8cIHPvnzP0rXgfqA,Hidden Sri Lanka,LK,api,2026-01-21T03:45:27Z,192.6,dead
UCA6OvQn1SYABA_Mj_wz0qsw,Honda Civic Turbo Club - Sri Lanka,LK,api,2024-07-13T04:37:08Z,749.6,dead
UC8xM-XWUOolEEA2SHpm-B9A,Hidden Lanka Travel,LK,api,2025-06-30T03:48:46Z,397.6,dead
UCTxXY_FT-63kBRYoW3-sGNg,CineLanka සිංහල සිනමා,LK,api,2025-08-20T17:09:01Z,346.0,dead
UCLMzLUfoF0siAzQcIBRG8Xw,Elemer Fashion & Creation,LK,api,2024-12-02T03:44:52Z,607.6,dead
UCJ3yi0qMXqDFNNEqkMPHwrw,SERENDIB TRAVEL VLOG ,LK,api,2026-06-14T11:53:22Z,48.3,dormant
UCVqb8_SOl0sTqsD6htnwBBQ,PARADISE OF THE WORLD - SRI LANKA.,LK,api,2025-11-25T16:52:01Z,249.1,dead
UC8FYRKeN-lbZaNr2qRYGSZA,Saga Entertainment,LK,api,2026-05-14T19:58:59Z,78.9,dead
UCjCbWQXwuZlCLh5ncWlBTsA,PUBG SL OFFICIAL,LK,api,2020-08-29T02:02:04Z,2163.7,dead
UCgZpKdr8jE-9VH4P0dEQMyA,LIYO Salon,LK,api,2026-06-30T05:37:58Z,32.5,dormant
UCnAKeRXHr_rqxkJb3Be-RlQ,Pet Club SL,LK,api,2024-12-10T21:00:46Z,598.9,dead
UCR8rmSZQ1BD-8CZJAtMdl5Q,Pet Care Sri Lanka,LK,api,2023-07-31T20:29:53Z,1096.9,dead
UC4WsFD62bjLIlWe6BDyKgLg,Ceylon Prime News,LK,api,2025-01-30T09:02:55Z,548.4,dead
UCT_mEOG3Y-gemGUMglejpug,Srilankan Car-Culture,LK,api,2026-06-21T04:00:06Z,41.6,dormant
UC7dh3kXuvONBFPWzs9BCEYQ,Green Building Council of Sri Lanka,LK,api,2026-06-03T05:09:42Z,59.5,dormant
UCxEf-eXn3ejmSzt7XEwzrHg,DP Education - Olympiads Math,LK,api,2024-03-25T13:40:40Z,859.2,dead
UCJbxRq_IlWyzvB9KK0Mrs8A,Ratta,LK,api,2026-07-06T08:51:50Z,26.4,active
UCc9GEPH0oCt_48VM6AePYgg,HADDAI HAIR,LK,api,2023-05-12T18:40:43Z,1177.0,dead
UCkK1vGnW0LlSfacaHX7GmAQ,Timewrap Tales,LK,api,2026-05-22T13:00:03Z,71.2,dead
UCl7bA1c-PseZaAQjNyrFkAA,SL Car Hub,LK,api,2026-05-16T08:41:48Z,77.4,dead
UC0GrWdetiZpYVtF9nUTwRlg,🇱🇰 Chula Susantha ,LK,api,2026-05-23T13:30:05Z,70.2,dead
UCOB66xjgJe-D8jq7579BOwA,Shanudrie,LK,api,2026-06-27T11:38:04Z,35.3,dormant
UCSMg7ZKZfvSfoHKOEuJwU1w,Toyota Liteace Club of Sri Lanka,LK,api,2026-04-04T15:28:39Z,119.1,dead
UCHWF_l-xuTe0fNouIdy8ULw,Prank with me SESAME,LK,api,2025-03-20T02:00:14Z,499.7,dead
UCKn8mSyZt_qwXK1Kzr6hA9w,Programming Night,LK,api,2023-05-15T05:04:02Z,1174.6,dead
UCoElcu6NTt-SxyARxAprpmQ,Alevelai,LK,api,2026-07-11T20:29:26Z,20.9,active
UCBYLGKCYp3Rif2-b4pavuFQ,රිලානන්ද TV,LK,api,2025-12-22T11:30:09Z,222.3,dead
UCnEp3XSh0qGO9656xrLK7XA,Sithesha Vlogs,LK,api,2024-12-19T14:45:36Z,590.1,dead
UC8b1vHYDjd4v4DLxHXL-UiQ,ERA UMESH ,LK,api,2026-01-18T11:00:22Z,195.3,dead
UCBqRzgKt-SI9i4J2kK9E1Cw,Island News Sri Lanka,LK,api,2024-06-30T08:01:02Z,762.4,dead
UChSr-u2fodw5-4aflD-g2YA,LIfe With Pets Sri Lanka,LK,api,2022-01-10T16:35:55Z,1664.1,dead
UChahDwQQmHd9j751l7fuH7Q,Spoken English Sri Lanka,LK,api,2026-04-21T14:30:27Z,102.2,dead
UCjGq_2qhX-nEYtMzjg6_YIA,Voice of New Life Temperance Ministries,LK,api,2022-01-04T07:04:38Z,1670.5,dead
UC54paN9XtANKncLgsNXpxuw,3Sixty,LK,api,2026-04-18T16:23:47Z,105.1,dead
UCnNF2wWnDyhm-yz2CgC5BTA,Edith Cowan University - Sri Lanka ,LK,api,2026-07-11T05:43:12Z,21.5,active
UCJRiUKCZnCdgSJ7szrS8DfA,Film Makers & Artists Circle Sri Lanka,LK,api,2020-10-01T07:23:11Z,2130.5,dead
UC2cWWUUkCIlPzPACw-APVMQ,SRI LANKA CERT - CC,LK,api,2026-07-15T06:35:33Z,17.5,active
UC7I4zfD2OOPZeY0cR7036DA,Sri Lankan Youth Films,LK,api,2024-01-01T05:58:59Z,943.5,dead
UC7etbDk-NvIZhzvjdUAYXxQ,Kickstart Football Academy ,LK,api,2025-08-28T13:18:53Z,338.2,dead
UCAlhWWO8Psu7nMyxpXYtL7A,IIG e-Sports,LK,api,2019-12-22T16:18:47Z,2414.1,dead
UC1ySZNkW3MXd56ZtV8-fz_A,Lanka AI Comedy,LK,api,2026-06-17T13:43:52Z,45.2,dormant
UC3E_EvS__3XRgrUzv8D3L-g,Sri Lanka News,LK,api,2026-07-10T11:13:25Z,22.3,active
UCHRbXzdMHzVmbBLrVbrei8g,DREAMRON BEAUTY FOR U,LK,api,2024-10-20T03:29:31Z,650.6,dead
UCw3u8KEMN_0O29g8pOhWceA,Daily Programming Sinhala,LK,api,2021-01-10T02:30:49Z,2029.7,dead
UC80f3P-Wfj5TL_sl4gxgw1A,SL LION KING GAMING,LK,api,2025-05-20T02:13:55Z,438.7,dead
UCsiJNM6kab7pDU6OnsskjAg,Daniel Shorts,LK,api,2026-05-13T13:59:07Z,80.2,dead
UCseliFPwzYWDLcsnz-gT2jA,nature wildlife documentary,LK,api,2023-07-09T07:04:27Z,1119.5,dead
UC3JbjbgQtvmwoadU-oT6YUA,sri lanka cheneles teledrama gosip,LK,api,2021-07-06T13:49:00Z,1852.2,dead
UCDiHT5PUxgVKhJho0KHCPSg,Prop & Torque,LK,api,,,no_uploads
UCWAXniaoSy5z9qv1IjS1J4A,Prasa Fashion,LK,api,2025-11-16T12:24:44Z,258.2,dead
UCWrN64wbBVWpRGWat_paLSg,Noob Alliance,LK,api,2025-12-14T06:41:13Z,230.5,dead
UCkN9tZjeEbf13vyYI4lXKsw,srilanka cricket new ,LK,api,2025-08-16T02:44:18Z,350.6,dead
UC5Q1ny6-imUICARjiYVvbrA,first one education,LK,api,2021-05-11T05:44:38Z,1908.5,dead
UCS0vl4-rOhiTQegftPOcNBw,PUBG CMS,LK,api,2024-08-22T04:49:38Z,709.6,dead
UCe5VGDq_lkGVYr3nmvV_58Q,SLD Technologies,LK,api,2026-03-02T05:00:05Z,152.6,dead
UCiorAyPSc4u8OMhKahkz8Kw,Ape Rate News,LK,api,2024-10-02T13:30:42Z,668.2,dead
UCU5c7NAe_j6YcVlkXYLxpmA,Academic Guide Sri Lanka,LK,api,2024-11-23T04:24:42Z,616.6,dead
UCrSPX3GAYbNXkKZQZoBOVpw,Music Sri Lanka Official,LK,api,2021-08-31T09:53:38Z,1796.4,dead
UCcL1eq4qKv6-JueaA7b9bYg,News Point Sri Lanka,LK,api,2024-11-04T07:36:36Z,635.4,dead
UCkLA7sLLrCERBrtvBTAh_jg,Truck Life With Hashan,LK,api,2026-07-07T13:17:14Z,25.2,active
UCFLr608uAey2074UZtRKuaw,Meme Veda,LK,api,2026-06-26T11:03:43Z,36.3,dormant
UCS2ZjE9iD7LxI67pd6GVKEw,University of Sri Jayewardenepura,LK,api,2026-04-06T08:34:26Z,117.4,dead
UCFSkBRHrYDfJJCa5-Y_-zww,Sri Lanka Life Vlogs,LK,api,2026-03-28T22:37:29Z,125.8,dead
UCDuuXPVevJsTaFAv_kkqHOA,Anemone Wedding Films,LK,api,2023-04-19T21:26:38Z,1199.9,dead
UCrD9Obf9n-hXg2MuS4IEpkg,Pet lovers Sri Lanka,LK,api,2021-06-10T19:25:01Z,1878.0,dead
UC2_Gkq64V-2UbPLMt39mnaw,Travel With Achiya,LK,api,2026-05-20T21:06:47Z,72.9,dead
UCRuTigrib17EQPZO2eTynZw,CATLITTER SRI LANKA,LK,api,2023-09-30T13:03:22Z,1036.2,dead
UCA0moWkA3pQGtAP4hHMqrOA,Denson TV Sri Lanka,LK,api,2026-02-24T16:13:51Z,158.1,dead
UCSRcG8jFyWZNmXR1J5YRylg,Sihad Vlog ,LK,api,2023-05-05T03:36:14Z,1184.6,dead
UCZlgh5fNy_cuAPWQE7b1WsA,MEDISCENES WITH DULARA,LK,api,2023-03-20T05:01:58Z,1230.6,dead
UCf3bIp32dchfn_bVAWtzLPw,Kaveesh Tech Show,LK,api,2026-01-29T14:11:58Z,184.2,dead
UCBjqPS6IHsXGeW1-0xmIlMg,British Cosmetics Official ,LK,api,2025-12-21T15:01:24Z,223.1,dead
UC2OyEezNlfWZB70W9yPT-xw,Prank Lnaka,LK,api,2026-02-15T04:38:04Z,167.6,dead
UC9dlW43_P7QDHlSlPIEkWkQ,Sando,LK,api,2026-07-11T12:30:23Z,21.2,active
UCiunIA3NykAFQWxoBXFXEOg,Next Gen Sri Lankan Music,LK,api,2025-12-10T14:46:25Z,234.1,dead
UCCs99tIqD-OqRbVlNjRPPoQ,OOSeven,LK,api,2026-06-13T14:30:06Z,49.2,dormant
UCq4ItoanM4e5nqZRtxwcVjg,SL TECHNOLOGY,LK,api,2021-07-03T15:13:52Z,1855.1,dead
UCCJ89wwdePoKuxJVDNv2o4Q,Lincoln Institute of Graduate Studies,LK,api,2026-06-07T10:23:19Z,55.3,dormant
UCuw8HxsyF6wUeptyhhZaB6g,Education Lanka,LK,api,2024-05-26T12:00:36Z,797.3,dead
UCVrABzvIgdjI0O2loGgZAGg,Hidden Lanka (සැගවුණු උරුමය),LK,api,2025-11-20T10:41:43Z,254.3,dead
UCqESOsot-Ppk1def_hDnhsg,ProgrammingLK,LK,api,2022-03-25T09:44:05Z,1590.4,dead
UCuFfmVqX2Znbj8VYImVo-MQ,Vision Edu Sri Lanka,LK,api,2026-06-22T03:13:07Z,40.6,dormant
UCmvrdaSYX8PlZO09bHDp4PQ,FREE EDUCATION SRI LANKA,LK,api,2024-02-05T13:30:01Z,908.2,dead
UCzHCGIaSLRPy2xG6GBIXFYA,Zee TV Sri Lanka,LK,api,2021-10-11T01:30:05Z,1755.7,dead
UCpBsjRgpKH3zZwwLHSBSySA,Master D,LK,api,2026-03-06T12:30:06Z,148.2,dead
UCeL5fLio37XiYzBVYXGl73g,Tuk Life SL,LK,api,2026-04-03T12:54:30Z,120.2,dead
UCoAAGnfgkDNopG8HT31K_3w,Sri Lanka TV shows,LK,api,2024-09-01T13:35:24Z,699.2,dead
UC6b5W9oT4CKgeI3jdDwtlZg,Ghibli Short Film SL,LK,api,2024-12-19T03:12:31Z,590.6,dead
UC2VxdMY2G0Qab-nI4ufkBUA,Srilanka Vlog,LK,api,2020-12-20T11:18:24Z,2050.3,dead
UCzPyz8TYW4LRcIwUSyOwNrg,Lankan Actress World,LK,api,2026-03-24T17:29:59Z,130.0,dead
UCpQWw__o75_ZtjcyTBqTyLg,24frames,LK,api,2026-03-13T04:40:25Z,141.6,dead
UCcQnd-T1zXdMbajg0mJA8OQ,Dhushari Creations ,LK,api,2021-06-08T18:30:09Z,1880.0,dead
UC7_6YvDWxB0nCQKcuA7_HaQ,Caritas Sri Lanka,LK,api,2025-03-18T04:49:21Z,501.6,dead
UCkf7eD9QJ9wsNP2Ys8CrW0Q,Kovis Sri Lankan Music 🇱🇰,LK,api,2024-07-13T01:47:11Z,749.7,dead
UCJWipdY23VhNmMywN9NvzGA,South Asia Co-operative Environment Programme,LK,api,2026-07-01T10:06:36Z,31.3,dormant
UCsUTgXEGvOQ8u1HOsd84d4A,NEWS REVIEW-SRI LANKA,LK,api,2025-04-19T06:57:44Z,469.5,dead
UCKTTWcQAAYCDChIFyc3r4aQ,RJW's Music,LK,api,2022-07-24T08:22:27Z,1469.4,dead
UCLUj4rhnM1CTio9dwMYSejw,FUNNY SRI LANKA ,LK,api,2026-06-13T13:41:35Z,49.2,dormant
UCNhJPVwWql6hHk5VMuuLLFQ,SL Cinedrop,LK,api,2025-03-22T20:51:36Z,496.9,dead
UCgxKgEAcJcKKyWTBdzDXQag,RAP SHEYIYA ,LK,api,2026-06-28T16:16:25Z,34.1,dormant
UCiFgXNrYONEvGd6fHeG3zUQ,Light for Life - Sri Lanka,LK,api,2026-06-29T11:05:01Z,33.3,dormant
UC8Y-LGE9ZKpa53aM3zzBryg,Pet Birds Sri Lanka Channel,LK,api,2024-03-12T16:29:25Z,872.1,dead
UCEb1uUTOCTk178owtr6ycig,wildlife Sri Lanka,LK,api,2026-02-08T14:10:17Z,174.2,dead
UCafYOro0A5GJOp-KrVRDvcQ,Sri Lanka News,LK,api,2024-02-16T09:17:25Z,897.4,dead
UC97ykIgaRLrsMJt226jpa9w,WEDDING PAPARE : Papare Music For Wedding Surprise,LK,api,2026-06-09T02:07:01Z,53.7,dormant
UCAMfYnu9LVaiHTv67cKF9EQ,YarlSri News,LK,api,2026-05-06T06:29:36Z,87.5,dead
UCSg2a8l-mUW9gqKFjZZig8g,Vinu Vlogs💖🦋,LK,api,2026-05-23T11:52:52Z,70.3,dead
UCHgQ30ptHrrixdv7joxTcBg,SNTK tech,LK,api,2025-12-05T10:11:15Z,239.3,dead
UCTJDN8KoFiIvTsiQdLnToKA,Tuton Education Center,LK,api,2026-04-03T14:16:32Z,120.2,dead
UCMaKyH6yopChpZBCvwjYc2Q,Ng SriLanka,LK,api,2022-01-29T16:56:20Z,1645.1,dead
UCjZU2f82Q8RGqAg9fUyagsw,Old Songs of Sri Lanka,LK,api,2023-09-09T04:02:33Z,1057.6,dead
UClLTHKpnQFKcnTFiH9O973A,Tech Lanka,LK,api,2023-03-10T02:32:56Z,1240.7,dead
UCRqtN8wk9rFMujQTAYu8eAg,Chanupa Liyanage,LK,api,2025-07-23T04:35:21Z,374.6,dead
UCrIyEj0Xv5j6uSjrvWLnqkw,sri lanka spa tours,LK,api,2025-10-17T10:44:31Z,288.3,dead
UCaG8knQcGPSApmArtxDdskQ,Hansana Edirisinghe ,LK,api,2026-07-05T18:01:10Z,27.0,active
UCaKYfTolJ4s286DJ5QOFffw,Sri Lanka Political,LK,api,2024-10-16T18:09:24Z,654.0,dead
UC1WPoxIg5zphyBqiUEdSePA,TechLine LK,LK,api,2025-05-29T10:09:04Z,429.3,dead
UCxXmqLKcZGhsVDaDbS0PdjQ,Chanux Vlogs,LK,api,2019-08-25T04:20:18Z,2533.6,dead
UC-k23IT4BIkIDiEPq4wfuvg,SinhalaTech,LK,api,2025-09-26T10:30:08Z,309.3,dead
UCGHp-wJUS3l4BVHiv08qFzw,Favourite Music Sri Lanka,LK,api,2025-06-09T06:12:47Z,418.5,dead
UCHkXFXiZv85kyB7t99NqDdA,Life in Sri Lanka#Funny WORLD,LK,api,2026-05-02T18:22:31Z,91.0,dead
UCjqiaXPD0-qpI_NmP6oQDHQ,Agenda 14,LK,api,2026-04-13T12:34:42Z,110.2,dead
UCCKkCmuBvdFAdok_QIPxXKQ,Frames Tv and Films Production,LK,api,2024-03-05T11:03:40Z,879.3,dead
UCuKu1AFWC8Wk6AWMveGwcxg,Duo Gaming lanka,LK,api,2026-07-06T04:30:24Z,26.6,active
UCKMhiMmqyu2uAl8T3LZiEjQ,Ordinary Car Guys SL,LK,api,2026-07-12T04:14:32Z,20.6,active
UC-SGR59YzynMC5K6nbbH-og,STF YAKA,LK,api,2021-06-07T11:09:20Z,1881.3,dead
UCEwzz9RYod_tEjLYhFZVNlw,System Awul,LK,api,2026-05-03T02:35:24Z,90.7,dead
UCMgnxTg0x7lfZs480sdpREg,Gadget Sri Lanka,LK,api,2026-07-07T20:46:02Z,24.9,active
UCJryiZzac7A1AFCTShC4XBA,Master Economics,LK,api,2026-05-01T13:22:45Z,92.2,dead
UCcu8qHo94_5Sw1DaKphRdVw,HR. Denuwan Nagodavithana,LK,api,2026-06-21T06:19:05Z,41.5,dormant
UC5-bq5cxEBTPRH58MSb5p7Q,Panda Gaming Sri Lanka,LK,api,2026-07-04T19:10:56Z,28.0,active
UCavthknYN0x2nM4xplVP1oQ,Salon Gorgeous,LK,api,2026-06-14T11:01:25Z,48.3,dormant
UCPwlq6mrxcXrHrAqDexXhcg,Tech Tips,LK,api,2026-05-22T13:48:42Z,71.2,dead
UCVDk_wsQZA2Tu4JzXpc3gVg,NEO LANKA TECH,LK,api,2026-03-09T02:32:48Z,145.7,dead
UCr0wete04v0G3l7YhtBROTg,Sri Lanka Breaking News Now,LK,api,2026-05-31T05:48:13Z,62.5,dead
UCQcaWJDpjCe9t3PQdr4o3MQ,Sri Lankan YouTube School,LK,api,2026-06-17T10:13:16Z,45.3,dormant
UCtewEIiXqtEGklFsghrTlsA,LAKDIWA TV  SRI LANKA,LK,api,2026-02-17T15:33:38Z,165.1,dead
UCjCokZPTSqgMhYO8ZWinhTA,Technology LK,LK,api,2023-08-26T10:30:12Z,1071.3,dead
UCJ6fr3Ga7ZV2Gbeb9F1duCg,Serendib  Animations,LK,api,2025-04-23T15:07:02Z,465.1,dead
UCJEbxceR8FFUcZU0Ez83lPQ,Rap News LK,LK,api,2026-07-18T12:54:09Z,14.2,active
UCQo8ufIJEkgyytpqVWRJ_dw,Sri Lanka Foundation Institute,LK,api,2026-07-03T10:15:22Z,29.3,active
UCSskMa5RIcLld1C9-zcXJLA,Sri Lanka Pulse,LK,api,2026-05-10T02:30:06Z,83.7,dead
UCdmS1jq-jyc9qfkhMXyvU9w,Follow The Heart - GO VEGAN - DVA Sri Lanka,LK,api,2026-06-28T14:30:24Z,34.2,dormant
UCOjWIcNSjDDSJDaeo-AZERQ,Pubg mobile Sri lanka,LK,api,2019-12-17T18:57:42Z,2419.0,dead
UCBGcLDP6kcgPz4JNN4E_5rA,tuk tuk gamane,LK,api,2025-06-11T19:28:15Z,416.0,dead
UC-1uJQliiQgu8WH0II6TmTw,STEMUp Educational Foundation,LK,api,2025-08-30T02:38:01Z,336.7,dead
UC9ldW_CaS6RM1OTlmV3llkg,HD FOOTBALL,LK,api,2023-03-25T06:42:28Z,1225.5,dead
UC157V7VoMJATIyMjFgdpqZg,Wise Politics,LK,api,2024-10-03T14:01:18Z,667.2,dead
UCjh3yckixYKKLHWFolp49eQ,The Art of Charity - Sri Lanka,LK,api,2023-12-20T05:15:42Z,955.5,dead
UCzU0yKrV9asu_0WQ-QhPPOw,English Lokaya,LK,api,2021-09-20T20:48:57Z,1775.9,dead
UCSNTusy_RmBUbTV2aV4ju_w,Mahee Environmental  care  channel  By Nimal ,LK,api,2026-07-04T07:21:03Z,28.5,active
UCvqUMTSBaUcr3jo6VZcAOww,Bandara Pushpakumara,LK,api,2025-10-20T21:48:26Z,284.9,dead
UC3bSm764H0fTAoYuutH9ggw,Capital FM Sri Lanka,LK,api,2025-06-03T12:30:36Z,424.2,dead
UCTcATaNqlaCF4zkZp29BJRQ,Blok & Dino,LK,api,2026-06-09T03:45:12Z,53.6,dormant
UCXiuc0YzkB3Cqm5iGOPCfbg,Trade Talk Sri Lanka,LK,api,2025-05-31T18:04:53Z,427.0,dead
UCAxEsOiiqDS0rWIm-KHnPYg,Dark3DWizards Animation Studio,LK,api,2020-06-22T14:18:50Z,2231.2,dead
UCN3JGHUdqHPEOXEY9S6kSfA,Movindu Lochana,LK,api,2022-09-03T20:25:25Z,1427.9,dead
UCkznI-AMbht1PLgVuuIef7Q,TukTuk Vlogs,LK,api,2026-06-26T12:30:24Z,36.2,dormant
UCl72Edycxp0eF0DlxdQFfTw,Paw Paradise Sri Lanka,LK,api,2025-10-25T00:30:38Z,280.7,dead
UCAKaim711VP13ACUihQF05A,ADN Developer,LK,api,2023-02-14T16:13:32Z,1264.1,dead
UCZTWgcDDQj5u90mdZKfjPZA,Chamil Pathirana,LK,api,2026-02-19T16:29:18Z,163.1,dead
UCdr_vomvUD-6z7Rz16oim-g,Duminda Kuruppu,LK,api,2024-05-01T04:27:07Z,822.6,dead
UCoYMp_Y0XIfgDMoefUzVFew,SINHALA CARTOON CN Tv 1,LK,api,2026-06-25T11:39:09Z,37.3,dormant
UCjmCkFFwHNiBtRUF94d0A_w,Sri Lankan Pubg,LK,api,2019-04-13T11:30:56Z,2667.3,dead
UC_icTbRXb8efN1TQz-yFLsg,Sri Cinematic,LK,api,2026-02-22T10:26:51Z,160.3,dead
UCpIbj-tT_PLFwLUVZkursKQ,InfinityX eSports,LK,api,2023-09-04T23:31:45Z,1061.8,dead
UCmpeSI8ZXpacOJxa8ZmcvwQ,Calitipol,LK,api,2025-11-03T14:55:04Z,271.1,dead
UCU3ecX4WYJwn8QK-ui0tmwA,University Of Srilanka,LK,api,2023-03-08T08:35:29Z,1242.4,dead
UCZ0GXjs6fKPmpUUn-DfnkOw,Pannala | පන්නල,LK,api,2026-03-21T11:30:37Z,133.3,dead
UC9njmypEq3Xz06jbUJ-85vQ,Gaming VENOM Sri Lanka,LK,api,2026-06-28T19:43:22Z,33.9,dormant
UCmnOYj9e1G4MUSyyVK-A9Cg,Uni Vlog LK,LK,api,2025-09-27T13:30:35Z,308.2,dead
UC7-7U4ToSmTlYciU71F2eXA,Lanka Education,LK,api,2025-11-15T08:08:48Z,259.4,dead
UCf-nFO-Cr56Cd-BylJDLFAg,SOL Hair & Beauty,LK,api,2020-08-19T11:17:08Z,2173.3,dead
UCtCcBybfx93NJwNAP_58rPQ,𝔙𝔢𝔥𝔦𝔠𝔩𝔢 𝔠𝔩𝔲𝔟 𝔬𝔣 𝔖𝔯𝔦 𝔏𝔞𝔫𝔨𝔞 ,LK,api,2026-04-04T06:10:43Z,119.5,dead
UCqXCiD5kpbHq8U6r1xfrFnQ,Beautiful environment #(srilankan)#,LK,api,2021-07-14T12:07:24Z,1844.3,dead
UC9qjk1rYA0XpAbJ8CH7DFeA,VB Studio Srilanka,LK,api,2022-08-20T07:31:20Z,1442.5,dead
UCdk5_7EZfPGouBqkuJ4pcuQ,MY TV SRI LANKA,LK,api,2026-07-18T18:58:47Z,14.0,active
UCEHW7PX0AaScrC3IbUiKO9Q,Nethu vlog,LK,api,2025-10-19T13:26:52Z,286.2,dead
UCcgbUApKo1qfxkTOGYml76A,Music Kollo,LK,api,2025-02-08T14:30:03Z,539.2,dead
UCUpvT0j2QZvlkbJmM38erCQ,STV Teledramas and Films,LK,api,2023-05-29T09:21:40Z,1160.4,dead
UCi2flGysyx4mr9Sr2E5sGmA,SuperHit Lanka,LK,api,2021-11-03T11:29:17Z,1732.3,dead
UCz_nCLpFKAAwoSTKamwIszQ,Offmarks Sri Lanka,LK,api,2025-11-20T04:22:26Z,254.6,dead
UCXhlGsKYnxqX9TpH09ag1Cw,Bagadi Production - Sinhala Comedy ,LK,api,2024-09-20T10:30:01Z,680.3,dead
UCVwbUjoiTUXxeVjsxW9Kwng,Desawana Music,LK,api,2026-02-20T11:30:52Z,162.3,dead
UCPfyJ8ACV1DXh_6Yx68IxhA,DP Education IT Campus ,LK,api,2026-06-01T13:40:02Z,61.2,dead
UC3Yqhsaw7lWHb2TdjyZWTvQ,Sl Tech Lanka,LK,api,2026-03-06T08:02:22Z,148.4,dead
UCFByBzvo6xGtrYpkIALFCIA,Sanuka Tech LK,LK,api,2026-06-14T13:05:58Z,48.2,dormant
UC9jFFLKWirEIBYMPHtjcJmA,Sinhala Education TV,LK,api,2026-03-24T14:03:44Z,130.2,dead
UCGtqXMSH7N6-DnhpiU8wnIg,ODTF Sri Lanka,LK,api,2023-06-03T03:01:55Z,1155.6,dead
UC8fri9Q-YbMItcZivCuk6_g,Review Sri Lanka With Kalum & Samitha,LK,api,2025-11-26T12:00:06Z,248.3,dead
UCaXHgF7cAdDElEtgG2XSjlw,DP Education - O/L සිංහල මාධ්‍යය,LK,api,2026-04-10T09:16:31Z,113.4,dead
UC5ZAQUDD-zXVkZt3fALdq2Q,Marriage Diaries Production | Sri Lanka,LK,api,2026-06-29T15:18:00Z,33.1,dormant
UCgMhQ6pyGiOyDZYWVByxrow,sri lanka vlog ,LK,api,2023-09-04T04:46:32Z,1062.6,dead
UCBwuL2xjgCtQS9sxEjd4xMw,Miracle's Gallery ,LK,api,2024-02-04T17:53:03Z,909.0,dead
UC4H4KmSqTkpWz0EoTIrsiig,The Scorpion,LK,api,2026-02-02T15:28:25Z,180.1,dead
UC2XIOeKtUY6lDhZRzhvKAVw,Ceylon logic,LK,api,2025-12-14T12:01:12Z,230.3,dead
UC6DeeXYWVGnGKd68O5x5WQA,SL cricket highlights,LK,api,2025-06-13T03:45:00Z,414.6,dead
UCZ15AWyHjVSCJeO23w2XeFQ,සොමි ලංකා - Somi Lanka,LK,api,2026-07-15T04:35:06Z,17.6,active
UCWKfcASnSA4krA-mXgcSF1A,education with sinhala,LK,api,2026-05-23T10:06:34Z,70.3,dead
UC6sMTVclMvAdg4fZJYWdZhw,SL SONGS ,LK,api,2024-05-26T01:37:33Z,797.7,dead
UCdDKWVfkMuicr92a6Z7ikUA,TukTuk Tournament,LK,api,2026-04-14T22:13:11Z,108.8,dead
UCiwCvtlqcYAyU7yFpqaB7Lw,Gadget Tech Lanka,LK,api,2024-11-16T16:34:00Z,623.1,dead
UC4adsLXDnuV3w78KvQKrLgA,KGF SQUAD SRI LANKA,LK,api,2020-11-10T10:08:15Z,2090.3,dead
UCVPeicyAm-j34cXOa6OGI9g,Products Review Sri lanka,LK,api,2021-09-16T08:45:01Z,1780.4,dead
UCG6xbZaxspUcmVNDmm09EHA,SMARTMATHS_SL,LK,api,2026-02-06T02:20:13Z,176.7,dead
UCgYwpK41WuOyc5K4ysDO7UA,Marine Environment Conservation Society Of SL ,LK,api,2026-07-04T16:57:41Z,28.1,active
UCj8bmPhngDpX5uA3QGcXxrg,UTE CAT - Sri Lanka,LK,api,2026-06-18T08:35:08Z,44.4,dormant
UC2uomGog6kAIluGXp-OnAcw,PB Animation ,LK,api,2026-05-09T10:30:15Z,84.3,dead
UCUlCRcQ9scpOnzMfGfDUugA,Exam Success Guide,LK,api,2025-10-11T03:01:39Z,294.6,dead
UCrMLkeUAmsKum1a1cedRCFw,Mobile Short Films,LK,api,2018-01-26T03:33:59Z,3109.6,dead
UCCeRbItAo1Ugk7v5icCsMoQ,Clutch Gen ESPORTS,LK,api,2020-03-25T04:54:56Z,2320.6,dead
UCsm5Wj-HmSj7D0nmXV88J3g,Men's Fashion SL,LK,api,2026-06-28T17:41:53Z,34.0,dormant
UC2T_spwjvYZerN3QGuXsBhQ,TELEDRAMA SL,LK,api,2023-02-27T08:01:03Z,1251.4,dead
UCs_EGe7JGaWlCFlMIPpYZGg,TeleView Plus Tv,LK,api,2026-05-04T12:31:09Z,89.2,dead
UCPbmJjqlpI2nV8Y2HobP1pw,Weddings By Dila | Sri Lanka,LK,api,2026-06-27T08:46:43Z,35.4,dormant
UCA-IWqJKqhCDYcF8yAfKraw,kinura and lishu,LK,api,2026-07-11T16:33:12Z,21.1,active
UCsV0gCTr6Fdl-fMpg7_3Zuw,Eco Roast Lanka,LK,api,2025-09-02T11:30:14Z,333.3,dead
UCOZWavCybhl9Imm-DB06BRg,Suki Jay - Monifa Zeev Taprobane,LK,api,2026-03-01T18:30:40Z,153.0,dead
UCZivNOQ8ZxF_ruxCbgmF--w,Leesha Entertainment,LK,api,2025-12-24T14:25:36Z,220.2,dead
UCGE-_K4q2RnhuhCqyMWRohQ,Animation rivindu ,LK,api,2021-11-01T16:01:10Z,1734.1,dead
UCPSAbhuBUTXhdB2tqgdmeVw,Passionart Wedding Films,LK,api,2026-05-26T12:30:16Z,67.2,dead
UCEIh3ZxB3nAw6L_HbEBny0Q,Climate Change Secretariat Sri Lanka,LK,api,2023-01-03T08:33:02Z,1306.4,dead
UCwG57eRV0mV1ZYQW7Bzw5FA,6FRAME FILMS,LK,api,2025-10-07T05:46:36Z,298.5,dead
UC51zuWdRyNbQxFfy-4x6U6Q,News Sri Lanka,LK,api,2020-11-01T11:03:00Z,2099.3,dead
UCAkJO9PUcuTxu9impjgNWuA,Glowe Skincare,LK,api,2025-07-29T14:00:35Z,368.2,dead
UC9Tg0Wf5Pyqs1Rm2TA2uTfA,MISS GLAM SRI LANKA,LK,api,2026-03-07T18:46:39Z,147.0,dead
UCgk1kT97AePkRpzM63WENiw,The pet Bro,LK,api,2026-05-05T15:08:07Z,88.1,dead
UCBgsTH2adMQ4gmUV5qkyRhw,SL - PUBG AGENT,LK,api,2021-02-16T07:57:03Z,1992.4,dead
UCOWCgndXfQ4DZKp34MXHYHg,Srilanka dog and fish,LK,api,2026-07-09T12:30:04Z,23.2,active
UClfq6WEgQm3MG6b30xJhX3g,Comedy Land,LK,api,2026-07-07T10:52:59Z,25.3,active
UC5IDHX2sg9Hg_FPkXGUj_gw,Meanwhile in SL,LK,api,2026-05-30T11:09:54Z,63.3,dead
UCp0DdAwRrauIUwUU0hwZMww,BestMobile LK,LK,api,2021-02-15T13:15:59Z,1993.2,dead
UCRy_kvtH_UPrEs0ycI3cZmQ,Fine Tech LK,LK,api,2022-07-10T02:04:36Z,1483.7,dead
UCzmfyGW0j33HPvGb3hOEIiA,sri lanka vlog ,LK,api,2023-09-08T20:27:44Z,1057.9,dead
UC6ClgNoiMI8i6EVnBBmlE1Q,Costa,LK,api,2026-03-26T11:34:54Z,128.3,dead
UCYiQ7oxEKv7U78WdLpUVrFQ,K9 Unit Sri Lanka,LK,api,2022-11-08T07:34:29Z,1362.4,dead
UCTap3NT20DO3BaUnxBV9I0A,Travel Vlog,LK,api,2026-05-30T10:27:59Z,63.3,dead
UCBoyBI3KhdBRnm4qo4hwTLg,Maduranga Animation,LK,api,2023-02-28T03:30:04Z,1250.6,dead
UCJHnKlt5Jvs9eX_HoALh78Q,Sports Now,LK,api,2023-03-06T02:17:10Z,1244.7,dead
UCm7MP72vh0Unw4cWDL2l0Fw,Charity Agora SL,LK,api,2021-05-31T15:57:49Z,1888.1,dead
UCML_TNcLNqyCSdeDgnNyJTw,SL POLITICS,LK,api,2026-06-14T13:45:32Z,48.2,dormant
UCn9hHwCJBKMiuch85uM6rNg,Lyca Productions Lanka,LK,api,2025-06-15T08:40:13Z,412.4,dead
UCQRK4eZqMrDxQkb2e73bI1g,Sri Lanka Travel Secrets,LK,api,2026-04-04T01:30:27Z,119.7,dead
UCxNorjh8miVWTnWmc9I01qg,SriLanka Wildlife,LK,api,2024-01-21T02:43:34Z,923.7,dead
UCsFgtHMZvAMQEB5zCevTShg,කටු චූටි | Katu Chooty ,LK,api,2026-06-12T03:35:27Z,50.6,dormant
UCoDvO1KbLPjMXYa-Aj18PYQ,Kushan Naranwala,LK,api,2026-06-06T18:41:01Z,56.0,dormant
UCzU_6iBDwAcqYomK_a_rmuQ,Teledrama Sri lanka,LK,api,2023-09-24T02:01:16Z,1042.7,dead
UCoTE3ZZRLUzqUVAfA8lwhtQ,HELLANCE BRAND CLOTHING,LK,api,2026-06-14T19:04:02Z,48.0,dormant
UC8-EbxIDcnX9rm5g0RM-e8Q,TukTuk Sri Lanka,LK,api,2020-12-25T14:11:27Z,2045.2,dead
UCCXw0STxDknWiHY0ULP2qdw,chama,LK,api,2025-08-07T06:30:02Z,359.5,dead
UCp1NZ1G3fkJCgh6eNZ7MG6w,ADA NOW,LK,api,2026-07-08T11:00:50Z,24.3,active
UC2g41HU_n90TRNyLO6fUXew,SL Political Update ,LK,api,2025-01-23T16:04:29Z,555.1,dead
UCQ4H3usLeUebgaFF7Rt53MQ,Java Institute for Advanced Technology,LK,api,2026-07-12T08:00:09Z,20.4,active
UC8aWSj_OsQSWPtENE_x8fxA,"Sri Lanka politics, elections, democratic process",LK,api,2024-06-30T13:03:20Z,762.2,dead
UCXIS2lijUruCqWeRQKQKCSw,Hello Hello,LK,api,2024-02-09T11:09:24Z,904.3,dead
UCxUaYBTmKLpsziwQVMytY6g,Singhe Entertainment,LK,api,2026-07-07T15:42:07Z,25.1,active
UC0Acca2PGDyDGuNjk0JEB1Q,Lights and Magic,LK,api,2026-07-02T16:17:24Z,30.1,dormant
UCPsg1Ij4M9AbqU1G77WFLSg,MOBILE TECH,LK,api,2023-06-27T16:40:25Z,1131.1,dead
UCSL3Jd1qtL3RkeKCpbhOspg,DP Education - Science,LK,api,2026-04-10T09:27:55Z,113.4,dead
UClOoepx2VEpv_of07JeaYuA,Imalka vlogs ,LK,api,2025-08-04T12:59:17Z,362.2,dead
UCBvafC487L5tgwpeDC2qAWA,Rajitha Shehan  _ Travel film maker,LK,api,2024-05-13T05:09:11Z,810.5,dead
UCLbE_xq1etxULkX-7T7FbEA,Tour Guides Diary - Tharanga in Sri lanka,LK,api,2025-11-08T02:02:53Z,266.7,dead
UCxVVJnWg8B7u6fh_U1nZBFQ, GAMING SRI LANKA ,LK,api,2025-06-22T07:31:54Z,405.5,dead
UCzJkU-8sbFCBuuVwR3cLy5w,Tuk Tuk Lanka Official Tuk Tuk Rental site SL,LK,api,2026-07-07T11:42:51Z,25.3,active
UCil5Biujb5RNJKRVrGOEzSA,Northern standard dog training k-9 ,LK,api,2025-10-13T15:51:19Z,292.1,dead
UCRUC1HEydcM3vgYbbCbZ5ZQ,🎭NETHRU FASHION🎭,LK,api,2021-08-02T17:04:45Z,1825.1,dead
UCFha4tuRJFmgCWWrMBaa7wQ,StopSRILANKACurruption,LK,api,2025-04-11T11:30:17Z,477.3,dead
UC9bdPAkmKvSdWy_L2kGr_hQ,IEEE Sri Lanka Section,LK,api,2026-03-10T13:19:00Z,144.2,dead
UCrWPzTW4EjXNQGcCkCfOvog,Sri Lanka's Got Talent,LK,api,2026-03-17T14:13:17Z,137.2,dead
UCUz4m5qXBUlbg_W2P-5dh5Q,පූස් ලන්තේ - Cats for life Sri Lanka ,LK,api,2025-05-20T15:34:41Z,438.1,dead
UCjScMUhYoJTvPvPowUzPGqA,Sri Lanka Wedding Vendors Association,LK,api,2019-09-14T22:54:44Z,2512.8,dead
UCddg5ApIuFU9zHjh9_35EWA,Next CG,LK,api,2026-01-04T13:51:27Z,209.2,dead
UCtBhlCYSLlz2TO9hK93micg,The Voice Kids Sri Lanka,LK,api,2024-04-23T00:30:08Z,830.7,dead
UC9eTKSVgTEyL_3zTKfhdMeQ,The Dog And Cat Lover(බලු පූස් ආදරවන්‍තයා),LK,api,2023-01-22T15:18:46Z,1287.1,dead
UC8gSVAEKGlZigj1xK-33TNw,Sanians Tech,LK,api,2022-03-07T14:06:20Z,1608.2,dead
UC96GNvGfTbmk48uPiB5niog,SL Politics,LK,api,2024-11-21T13:18:54Z,618.2,dead
UCsi5-o9gSDEUl2eDi-eJM9g,Sri-Lanka University Knowledge,LK,api,2024-01-20T19:09:30Z,924.0,dead
UCi7OUst2l_JggYhoVvV-11w,Urban Fishing Cat Conservation Project,LK,api,2025-03-31T05:54:50Z,488.5,dead
UCvDr-HqfLpzfuj5lx7GcGXQ,SRI LANKA NEWS,LK,api,2025-08-01T12:27:17Z,365.2,dead
UCb6-rOFGlduX5HMokLioIew,TECNIK AND MOBILE HUB SRI LANKA,LK,api,2025-08-05T14:14:57Z,361.2,dead
UCzfbJKcwa21jG1zYGEG1OBQ,Sri Lanka Hotel Guide,LK,api,2025-03-23T09:19:32Z,496.4,dead
UCUQKEdJcyunNiHE7J0aJoig,Jovees Sri Lanka,LK,api,2026-03-19T07:52:58Z,135.4,dead
UCyY-Oc4LZxuPCNtrOeIkPXQ,Prashu & Praba Vlogs,LK,api,2026-05-21T08:32:45Z,72.4,dead
UCjFSAzgoCbyyRV1gOxj5jFQ,NNP Automart,LK,api,2026-02-21T11:30:06Z,161.3,dead
UC4q8VVq5HMJmXRjZ7QZwVmw,IQ Centre,LK,api,2026-06-25T00:03:08Z,37.8,dormant
UCeqzpsiMK9z6f-owiiUZeiQ,Rugby Skill Lab,LK,api,2025-12-28T16:55:48Z,216.1,dead
UCkVbb15N6sp5SryO7prYixA,Funny videos Sri Lanka,LK,api,2020-08-22T09:01:06Z,2170.4,dead
UCIWwramZAbndPTyFIMXWXlA,lankaglitz,LK,api,2026-04-12T06:02:00Z,111.5,dead
UC_3_FgfsOhlkBjFzQnJUkEQ,Yuseirahh,LK,api,2025-11-14T16:58:51Z,260.1,dead
UCVA3haEfmrRIruY-rkDtCRQ,All is beautifull,LK,api,2026-05-27T10:47:24Z,66.3,dead
UC-ESiKLk1zFajcoXRtZRDgQ,Gossip Lanka News,LK,api,2022-07-23T08:20:04Z,1470.4,dead
UCls8NUOtublzp1jUcihZ9pg,Vehicles-Srilanka🇱🇰,LK,api,2026-06-19T13:57:24Z,43.2,dormant
UCeS8rbr3AqDgkYmEMLMWjnQ,Shan Lanka Traders & Tech Solutions,LK,api,2026-07-06T15:30:30Z,26.1,active
UCQ4WnlUXQgijxnKoxhS1fsA,Wild Animals Sri Lanka,LK,api,2021-11-06T14:00:21Z,1729.2,dead
UCEneEx_9xYHkAAjFdLnBxQA,Travel vlog ,LK,api,2026-07-02T15:17:18Z,30.1,dormant
UCt8tjeE8K49R8A-cWmF8z9A,Danuja Academy,LK,api,2026-02-22T13:47:00Z,160.2,dead
UCNV5JHj2OLJpDsqvtRHEOOQ,Royal Canin Sri Lanka,LK,api,2025-12-22T22:46:45Z,221.8,dead
UCwquSiTPHX3xzzjvmJGlkyg,pavithra peiris,LK,api,2026-06-24T15:23:20Z,38.1,dormant
UCSFcCUQVf0beGJPWSt5uUhA,SDTI Campus Sri Lanka,LK,api,2026-03-06T12:30:39Z,148.2,dead
UC7dNSXUwTKMIm42Y1s48pPQ,Hasith Gunawardana,LK,api,2026-02-15T17:32:30Z,167.0,dead
UCXnIrM4ECF___U_7LVkNz8A,AECC Sri Lanka,LK,api,2026-06-16T15:00:00Z,46.1,dormant
UCMHjslR-_UU22z9TmV6Q2HA,Mobi King,LK,api,2026-04-08T10:42:40Z,115.3,dead
UCAGCAiaAAs6foi_-CNDMRsw,Origin Band Sri Lanka,LK,api,2026-07-02T12:30:07Z,30.2,dormant
UC_tAL8RywbOgTK1Fbwe633g,SLEES Sri Lanka Environment Exploration Society,LK,api,2021-10-14T06:04:17Z,1752.5,dead
UCQqJTyiqe4C5x94ERghMpBA,සිංහල syntax,LK,api,2026-03-24T17:30:16Z,130.0,dead
UCxi9YcUZtUY_-ZfRKgHVjMQ,FEED SRI LANKA,LK,api,2021-03-27T07:29:58Z,1953.5,dead
UCioXrNKJmGBJGR0ilJhRDag,Funny Sri Lanka,LK,api,2020-02-09T12:08:13Z,2365.3,dead
UCljTXbhUOR5waxd9gRTLgaw,EconomyNext,LK,api,2025-11-30T05:04:43Z,244.6,dead
