channel_id,name,subs,live_category,last_upload,days_since
UCoYoYVojg-QGFH7VyKMpB8w,Travel-with-senu,668.0,Autos & Vehicles,2026-08-02T02:38:46Z,0.0
UCvMYO1Ywh_KVLYb67ruTQBQ,BickLab Focus,101.0,Autos & Vehicles,2026-08-02T02:30:15Z,0.0
UCqXfWm5qHgP1asZ9irkIiog,Daily Top Ads,3350.0,Autos & Vehicles,2026-08-02T01:23:01Z,0.1
UCrVFS_0PdV7AwyTgR13IcVg,Unidentified Explorer,6230.0,Autos & Vehicles,2026-08-01T16:06:49Z,0.4
UC7Ohefm3GfJU1uNz7MXzhGA,Speed Boy,8060.0,Autos & Vehicles,2026-08-01T14:05:14Z,0.5
UC7XC7hODhgmVGY8QnNS76tQ,දවස DAWASA,5710.0,Autos & Vehicles,2026-08-01T15:45:41Z,0.5
UCB-bp711WZ_Byu1zwfmxJDg,CHAMARA STICKER,5860.0,Autos & Vehicles,2026-08-01T14:00:06Z,0.5
UCFYP9-HfFF-Pg7DibBsCAlQ,Captain California SL,1630.0,Autos & Vehicles,2026-08-01T13:45:06Z,0.5
UCIi-sp4cticvdmHAodPeyvw,Dinuma - දිනුම,49500.0,Autos & Vehicles,2026-08-01T14:24:42Z,0.5
UCRN8vYHIjLnALfaBCtXfKsQ,Koggala Industries,77.0,Autos & Vehicles,2026-08-01T15:30:16Z,0.5
UCUKyVWHmUJ2KNPwKcZuLw0A,Green Energy Vehicles,3.0,Autos & Vehicles,2026-08-01T14:30:18Z,0.5
UCYga1ycTsoZn6Y_xlrdw0iA,TOP BIKEZ,7720.0,Autos & Vehicles,2026-08-01T13:30:26Z,0.5
UC_d3UQ1v8KP1JNFOBmV63xA,Bike පිස්සො,53900.0,Autos & Vehicles,2026-08-01T15:20:04Z,0.5
UCgdbMwr1jX4DVkoDXHScjhw,Manchi With Hubby ,25800.0,Autos & Vehicles,2026-08-01T14:20:18Z,0.5
UC0uMi8HNlftUWq4k7NHnjSQ,Amazing Escape Tours Sri Lanka,81.0,Autos & Vehicles,2026-08-01T11:14:22Z,0.6
UC12K2QZlfWLq_8FmZfB23Yw,Fishing with gayya 🐠,480.0,Autos & Vehicles,2026-08-01T11:11:22Z,0.6
UCA4N4qep0RLPt94J_4SC8pw,Drizz care Auto,9220.0,Autos & Vehicles,2026-08-01T11:33:09Z,0.6
UCiAYv_QAosB-49bJbu3NM3A,SL BOY ,56300.0,Autos & Vehicles,2026-08-01T13:16:15Z,0.6
UCCZGfiogVqlx8A9N9E2jR_A,Deshapriya Vehicle,1780.0,Autos & Vehicles,2026-08-01T11:00:30Z,0.7
UCjm3xnBye4keJCmF2raTl3w,Riyasewana,37900.0,Autos & Vehicles,2026-08-01T09:30:03Z,0.7
UCOI_wHZTTvcGwvsmlCx4imQ,MAHILOORMUNAI MANDAPATHTHADI PILLAIYAR MARIYAMMAN.,109.0,Autos & Vehicles,2026-08-01T04:38:57Z,0.9
UCFLYUbc09-OG0VIKRFxMvlg,Personal Consultant,19500.0,Autos & Vehicles,2026-08-01T03:14:30Z,1.0
UCYB7HJ5mt61PSDByUrF3IJg,Ceylon Reckless Records,37.0,Autos & Vehicles,2026-08-01T01:30:18Z,1.0
UCl2s_wU_NKeue51sdiP1s0g,CR smart auto work 🇱🇰 ( නාත්තන්ඩිය ටින්කරින් ),899.0,Autos & Vehicles,2026-08-01T03:13:55Z,1.0
UCnT7Z6-yqjhM__jZbK_B3kw,DFS PODDA YT,606.0,Autos & Vehicles,2026-08-01T01:59:04Z,1.0
UC5Q9lmEDB_pWZdzzLI07eVg,Vehicle Sale Lanka,23600.0,Autos & Vehicles,2026-07-31T13:30:02Z,1.5
UCfgEc6wWBbVbj8ZNQLltioA,ikman palama - ඉක්‌මන් පාලම,71900.0,Autos & Vehicles,2026-07-31T14:25:45Z,1.5
UC5bP8uSDBQGh4Qn_g5QrWnw,GAMING LK,80800.0,Autos & Vehicles,2026-07-31T11:04:13Z,1.6
UCOgsOVUELkkv_irhET9kK_Q,"C U  D R I V E  L K  🇱🇰 ""chamara"" ",1310.0,Autos & Vehicles,2026-07-31T13:24:58Z,1.6
UCrhfPfnrGA6aLHO6qxvM7_Q,VNN GLOBAL,14600.0,Autos & Vehicles,2026-07-31T12:55:21Z,1.6
UCuQu_WxvNkVmYSUAhljZjgA,HARI PARA-හරි පාර,89000.0,Autos & Vehicles,2026-07-31T11:30:19Z,1.6
UC-c6MH2EkbLgjFT63lAx1Jw, sl_shan_Bus_kingdom,38100.0,Autos & Vehicles,2026-07-31T06:18:32Z,1.8
UC3ptIFUr1EMRol7IEwA2AJA,Gas Monkey Customs Srilanka,6250.0,Autos & Vehicles,2026-07-31T07:57:57Z,1.8
UCFAQPiyzxj7BNfeKWGsR5gA,poddage savis පොඩ්ඩගේ සර්විස් ,259.0,Autos & Vehicles,2026-07-30T16:38:31Z,2.4
UCMIOtMp-WuFS6f25y4Cwytg,Vehicle Garage - ලංකාවේ වාහාන,3980.0,Autos & Vehicles,2026-07-30T13:37:31Z,2.5
UC-InXGUDXmIVAZG7efBiU7A,Harvester Group,10000.0,Autos & Vehicles,2026-07-30T02:11:30Z,3.0
UCLk3g0t-GHZ6IC-pJQkH3iw,chathu Boy ,1340.0,Autos & Vehicles,2026-07-30T02:43:15Z,3.0
UCOupsF9ZsNIg_NybXseZaQg,Pussallawa Osha bro,258.0,Autos & Vehicles,2026-07-29T15:27:55Z,3.5
UCZ_LSvN5pRquPwjcmtx3nsA,Ceylon Vault,723.0,Autos & Vehicles,2026-07-29T09:11:41Z,3.7
UCSMwk29d_VfGoBkZUYfjdeQ,Excavator work videos ,193.0,Autos & Vehicles,2026-07-29T04:27:50Z,3.9
UCCKHZiPDJ82fWp1kU-_mIlQ,BikeManialk,57200.0,Autos & Vehicles,2026-07-29T02:59:56Z,4.0
UCZWXOdFyxE0frP_uXHN_BJw,Mala TV -මලා,50500.0,Autos & Vehicles,2026-07-28T11:56:34Z,4.6
UCbVw-Yr6A7L4hPi8W6zsQlw,SL Tractor Boys ,24700.0,Autos & Vehicles,2026-07-28T12:40:09Z,4.6
UCaQToYnvq0GFQ-ZI9XlBMUQ,Diary with CJ,708.0,Autos & Vehicles,2026-07-28T06:00:17Z,4.9
UCFjcr6UFdIYzdyD4sOjcUUA,RIYA POLA,6330.0,Autos & Vehicles,2026-07-27T13:38:18Z,5.5
UCfG1KjPgXr137xDf4RJMtCg,Yadea Abans Auto Sri Lanka,340.0,Autos & Vehicles,2026-07-27T13:00:35Z,5.6
UCWj4YlsI2lhzVFgpcBRl8jw,SL Pasiya,83900.0,Autos & Vehicles,2026-07-26T11:30:20Z,6.6
UChsvddGPTnFP1915_GTb3KQ,iron dream,35.0,Autos & Vehicles,2026-07-26T07:00:22Z,6.8
UCN7qTVHuIoIEmMMWQM8LPNQ,The Elephant,11800.0,Autos & Vehicles,2026-07-25T10:46:45Z,7.7
UCyu5tp3S-FTv83rAwoAxN8A,Rider Notes,281.0,Autos & Vehicles,2026-07-24T14:26:58Z,8.5
UCoE8YTn0TN5LYS9e-lUifjw,Railway SriLanka,1090.0,Autos & Vehicles,2026-07-23T18:30:10Z,9.3
UCny5tlaR3oR4cfKHOxqylgw,DJ THIVA REMIX,973.0,Autos & Vehicles,2026-07-22T17:54:36Z,10.4
UCRB6lI4yHvSUUL4cmz9ATfA,Toyota Lanka,22700.0,Autos & Vehicles,2026-07-22T13:29:59Z,10.5
UCVMisnOKlEXCb6qeL2M7k-A,DN autopaint,7590.0,Autos & Vehicles,2026-07-21T09:37:10Z,11.7
UCQyPtQCD3ndaxffwwW1Bclw,E-Driver,1140.0,Autos & Vehicles,2026-07-19T18:23:09Z,13.3
UC2lV_3vC0_qIrT6pwY7L2bw,Ravi Motors,93800.0,Autos & Vehicles,2026-07-19T14:59:07Z,13.5
UC1EfB-hzsPEx1Vjw8e_4Bsg,Auto Sri,41300.0,Autos & Vehicles,2026-07-19T12:30:16Z,13.6
UCfEeU2qONEWb3z_9r19QV8A,Elektrateq,3200.0,Autos & Vehicles,2026-07-16T10:03:02Z,16.7
UCL-TetUXLuL3nvjmvruroeQ,Tharinduva,322.0,Autos & Vehicles,2026-07-14T05:26:05Z,18.9
UCr0p1CovjY4lLNOH8pg85Rw,Online Mechanics,947.0,Autos & Vehicles,2026-07-13T04:40:26Z,19.9
UCB1idQ8BfDjvfKV79TLhL5w,Moto Tribe SL,1380.0,Autos & Vehicles,2026-07-13T02:30:18Z,20.0
UCph0cqPKKY1KejnSrN6LELg,MotoLand Sri Lanka,800.0,Autos & Vehicles,2026-07-12T13:47:31Z,20.5
UCaAS8NE44BmqghoZeVa2KtQ,Sanjeewa Motors ,854.0,Autos & Vehicles,2026-07-12T08:51:54Z,20.7
UC-YHxIvupukB2zEMyO2zRIA,Travel Circle,2330.0,Autos & Vehicles,2026-07-12T02:30:22Z,21.0
UC2rrRp3HdLJe4vHkzj02TXg,Bus Dj Kigdom 4387,25700.0,Autos & Vehicles,2026-07-10T02:35:35Z,23.0
UCTQMG_ZbA8AY-GjkqCSazqQ,Ravi Productions,126000.0,Autos & Vehicles,2026-07-09T12:37:13Z,23.6
UCc2rW5DzqVPsHA8Hj7Vxwgg,Sri Lankan Rail Runner,3510.0,Autos & Vehicles,2026-07-05T06:30:13Z,27.8
UC57PLhOwHgQKbiCCOmIhPOQ,baby duvin,245.0,Autos & Vehicles,2026-06-30T16:11:54Z,32.4
UC2IEzOekEmXcTUnRG7AO1yg,sanjeewa lasantha,10500.0,Autos & Vehicles,2026-06-30T15:46:33Z,32.5
UCZ-vJhhOOtk4Ga9cjSnQtEw,Easymo auto zone ,4070.0,Autos & Vehicles,2026-06-27T11:30:08Z,35.6
UCktUVRlRLrUrEVmWDSO62_Q,Alahakoon Motors,1.0,Autos & Vehicles,2026-06-26T13:45:11Z,36.5
UCZOuRnUI8Ia5G4VXGIrJazQ,SL Vehicle Hub & Gaming ,644.0,Autos & Vehicles,2026-06-24T13:01:15Z,38.6
UClrBWn6EuEy5Kb2BUjd47uA,Garage Api,6460.0,Autos & Vehicles,2026-06-20T07:15:00Z,42.8
UCvwWEB0l5YtJqVBkH_62GLg,SL GearZone ,72500.0,Autos & Vehicles,2026-06-20T08:35:34Z,42.8
UCNl7MZL81QVViKXqV7bMeLg,LRZ YAKUZA A,10100.0,Autos & Vehicles,2026-06-16T10:03:10Z,46.7
UCo2HTvO0kIIQgnb_YAh9vlQ,Nishan Auto නිශාන් ඔටෝ.,75000.0,Autos & Vehicles,2026-06-15T02:05:07Z,48.0
UCI8UBwiiqQs7NKXgqVCrOEg,Shehan Live,491.0,Autos & Vehicles,2026-06-14T15:06:51Z,48.5
UCzk8uLeYTTqW8BXeR_SzUfw,Turbo Brothers,16900.0,Autos & Vehicles,2026-06-10T20:55:40Z,52.2
UC7wjTyPYcyMQ2ZOSPNi4HbA,Mr. Gadget Motor Co,60200.0,Autos & Vehicles,2026-06-09T12:59:25Z,53.6
UCt5svIpPeqJlBBI4fetc12Q,Motor Mind,2190.0,Autos & Vehicles,2026-06-03T11:14:53Z,59.6
UC-GRFwciK7JiP8T4tl0pftQ,Chira and Vitha,35800.0,Comedy,2026-08-02T01:30:37Z,0.0
UCtpFElVQJM8YgaMTwnEsU4g,"PAHAN'S ""ToonGoof""",11900.0,Comedy,2026-08-02T02:54:33Z,-0.0
UC8ZmvQOUKiu6SmICTXzjFnA,Sinhala Funny Joke video,19400.0,Comedy,2026-08-02T01:05:00Z,0.1
UCVXCitEEweQox0oyIsJONrQ,Funny joke video sinhala SL,30200.0,Comedy,2026-08-02T01:01:47Z,0.1
UCJjKqV06KVHyVwGIfTtOAcA,2000's,44700.0,Comedy,2026-08-01T17:04:40Z,0.4
UCMaZtErMSOUyfCaiGgPlouA,SL Animation House ,22.0,Comedy,2026-08-01T17:30:01Z,0.4
UCV_4W6LL-Iwh0UaT_B6exQg,Nuwan Vlog,208.0,Comedy,2026-08-01T16:27:08Z,0.4
UCcrsFwwoMvcXYpJ0XldIlVQ,Funny Files LK,32800.0,Comedy,2026-08-01T17:06:32Z,0.4
UCdgWTRipbTuQsIiiPb6fB-A,HC Fun memes,27000.0,Comedy,2026-08-01T16:30:08Z,0.4
UCx-fk6FBx2mJSWavjxw-zrw,NIGHT MAN,1000.0,Comedy,2026-08-01T17:56:05Z,0.4
UCxCVa-L58tINMSpaBZeNp6w,H.G.M. sudda,573.0,Comedy,2026-08-01T15:59:22Z,0.4
UCDIfBxwQyQY8_qt9BjGnNDw,Politics Chutta,2540.0,Comedy,2026-08-01T14:00:02Z,0.5
UCJtl0GhFcswuh8R_Y-jcLwA,Apilage Meme,6030.0,Comedy,2026-08-01T13:30:09Z,0.5
UC_1OzYvdfXsBt0dZiJY3BTQ,SHENOL  CHESS,177.0,Comedy,2026-08-01T13:30:12Z,0.5
UCyaXn4baYP2PVJtegGVRDiw,Black Flower - කළු පුෂ්පය ,12400.0,Comedy,2026-08-01T14:00:01Z,0.5
UCKvIAFnwVFiuITk3cl7UTxA,Track Lanthe,28600.0,Comedy,2026-08-01T11:45:03Z,0.6
UCVOpVmhOSRwoq6B_i6ZZMYg,Kolam - කෝලම්,456.0,Comedy,2026-08-01T12:17:12Z,0.6
UCjSPtKPtRTj4b-vaT5qB20g,SL tones hub,79900.0,Comedy,2026-08-01T12:46:17Z,0.6
UCwbOjMYW_wWRq9yw3V6OyQA,Pakidiya Kathaippam,53500.0,Comedy,2026-08-01T12:30:32Z,0.6
UCizY5U-GpEdZXFsSbIUIogQ,Chathuwa Online 2M,322000.0,Comedy,2026-08-01T10:02:32Z,0.7
UCowiYUdbNsL9qVmpY9Z0jLQ,Choka Production,296.0,Comedy,2026-08-01T10:30:36Z,0.7
UCmjo40eaWQS0jkW7UW24KSA,YemenYak2002🇱🇰,9780.0,Comedy,2026-08-01T06:15:25Z,0.9
UCsDDVBdzvMMZaQtF8vaC9bg,Tika Bro,227000.0,Comedy,2026-08-01T04:51:35Z,0.9
UC2GNitBc9qBFZd0329eYOPg,just computers,178.0,Comedy,2026-08-01T03:50:25Z,1.0
UCms4dlxLWI7SZNWPTxzDr-A,Siril Ayya,560000.0,Comedy,2026-08-01T03:48:52Z,1.0
UCaxBlBmzR1DJYmTaPax2gPQ,"DOUTE Production "" ඩවුට් """,3370.0,Comedy,2026-08-01T00:30:06Z,1.1
UCWNxnJNkwZPyv3rJwWRlzZQ,Devil Gaming - sl Roaring lion ,163.0,Comedy,2026-07-31T13:47:35Z,1.5
UCgwh9BV2dh6VFO7MxL36iNw,Maya Vilakku මායා විලක්කු,18500.0,Comedy,2026-07-31T12:00:08Z,1.6
UCy3DJWVPCZ1ke602YJZ9PSg,Politics of Memes,11100.0,Comedy,2026-07-31T10:30:11Z,1.7
UCTN68Ja0PcelkTQW8KX3y2A,Maru Dabalak - මරු ඩබලක්,105000.0,Comedy,2026-07-30T14:52:52Z,2.5
UCkEC1Cni_4S08XLUPk4e40Q,Chooty Malli Podi Malli,170000.0,Comedy,2026-07-30T12:30:17Z,2.6
UCnPcdEEZ1Q67U8P6yrfECmw,Revamped Stories,124.0,Comedy,2026-07-30T07:32:13Z,2.8
UCXGG6bmgJJ02uSG4gxp4zng,Oh Shit!!! 4u,918.0,Comedy,2026-07-29T18:30:31Z,3.3
UCQIWzvLOlB4tu84TtOTJCGg,pethum suranjana,14600.0,Comedy,2026-07-29T14:28:27Z,3.5
UCZbnxyWoZa7XqECasHrR7Ww,Politics Memes,96800.0,Comedy,2026-07-29T13:38:03Z,3.5
UCfOnYOhYW6VhDjfrVokFGfw,Hit Theme,548.0,Comedy,2026-07-29T15:42:50Z,3.5
UCxiyiEedLTjSyzUlAqYbIRw,Padiri Productions - පදිරි,450000.0,Comedy,2026-07-29T11:40:04Z,3.6
UCU9pquukCdVxwA6Hptvf_Tw,GIHARA M NETHU,100000.0,Comedy,2026-07-29T05:40:42Z,3.9
UCQNFXBh18p5wJa0-3eaZM_g,Pawan production lk - පවන් ,164.0,Comedy,2026-07-28T16:00:30Z,4.4
UC9tg4vQEWXXHGiGgR55N1OQ,YJ CINEMA,6540.0,Comedy,2026-07-28T12:10:17Z,4.6
UCi7VL_vCoFDWNQn_1IGhhWw,NRTV,29000.0,Comedy,2026-07-28T03:59:35Z,4.9
UCZviWuwUI9NuYnQpO9sqLQA,Uruddu - உருட்டு,25300.0,Comedy,2026-07-27T12:30:24Z,5.6
UCz6Dm0Aqqb0bHFH58zVovVA,SL mobile tutorial  ,303.0,Comedy,2026-07-27T05:35:35Z,5.9
UCjYAhUnrkBujtKI3j3LM2uA,ineedtosuccess,5550.0,Comedy,2026-07-26T12:43:33Z,6.6
UCfdgdzXhdJotrOl3f92-dww,Travel with Monkey,9480.0,Comedy,2026-07-26T03:04:21Z,7.0
UCHXgP-hmVHEJCybEHLaqCEQ,ටික්කා bro,851000.0,Comedy,2026-07-23T15:23:06Z,9.5
UC_vwgxaqDHZsnZwJX0Fhfjg,Attaraya - ඇට්ටරයා,217000.0,Comedy,2026-07-22T10:34:43Z,10.7
UC2mxTuAYzoTPptfozo-8LJg,Sri Lanka Girls ,639.0,Comedy,2026-07-21T17:11:07Z,11.4
UClW0c4nPwG9CPlkMHCwtKWg,FUNNY CLIPS ,16.0,Comedy,2026-07-18T13:30:37Z,14.5
UC1sRGiTA976K6kLYAAvSoAQ,Funny Funny,76.0,Comedy,2026-07-18T12:21:08Z,14.6
UCwdsAMEnZFdaEiFHWTvYH3Q,GKH-SHORT,12.0,Comedy,2026-07-14T05:40:24Z,18.9
UCESw4XvvCrRzPsLRKp0H4uA,Toonlifes,98400.0,Comedy,2026-07-12T12:25:19Z,20.6
UChXmjfSOi6m-kumt5Ri_4Nw,Podiththi - පොඩ්ත්තී ,1460.0,Comedy,2026-07-12T02:37:31Z,21.0
UC7MR3us4z57j_xvDOLcaJOw,Naughty Productions,679000.0,Comedy,2026-07-11T13:27:31Z,21.6
UCacvx274jwEGQLzV6B3GMEQ,Nature_Journey,15.0,Comedy,2026-07-08T15:52:23Z,24.4
UCy389AnAg1i5Ygs-bMLw70A,Mastha Production,19500.0,Comedy,2026-07-08T10:43:16Z,24.7
UCiMmvM-OLyee7JDthwK_E0Q,මැට්ටා cartoon ,33100.0,Comedy,2026-07-05T01:30:39Z,28.0
UCGFtqJBojvBobE23lFgethw,MF RABBIT VLOGS,12800.0,Comedy,2026-07-03T14:57:49Z,29.5
UCUvHXAEbFzdArW3FbzeT_Yw,Eshan Dias,342000.0,Comedy,2026-07-03T11:30:33Z,29.6
UCJxp53t5rhR53Mt1364YnHA,Dinubabyonboard,2400.0,Comedy,2026-07-03T10:30:17Z,29.7
UCO3E8W69uvZ79VPysYSv-Kg,Sandu Gaming ,680.0,Comedy,2026-06-27T13:04:11Z,35.6
UCW1grhArslIyn5H7KyzyGlQ,Sajithaa bro.,1440.0,Comedy,2026-06-25T09:03:55Z,37.7
UC0ahBCihPYlzRb7BPnr8Yyw,funny cat srilanka,25.0,Comedy,2026-06-23T17:03:06Z,39.4
UCoHoZisGl3RjNsm8MMbEI_w,ටුටූ,177.0,Comedy,2026-06-22T15:29:09Z,40.5
UCR8xEBm2LKul2TahBuhmHjQ,Rasanga Harischandra,723.0,Comedy,2026-06-20T16:17:05Z,42.4
UCf-K9jmBtPOtQ5F58jrg3eg,Laugh Mad,5860.0,Comedy,2026-06-18T06:59:29Z,44.8
UCCFdVUeRcGq3qL0bYlOtLMg,Katha Adawiya,13.0,Comedy,2026-06-08T19:22:12Z,54.3
UCcpUex41XrvI6EWYhFRZAtQ,Mr. ප්‍රියා - priya,11500.0,Comedy,2026-06-07T12:31:49Z,55.6
UCxAD8Hcba-KIZrZNeAiNjiA,Choonpaan,42500.0,Comedy,2026-06-06T12:00:26Z,56.6
UC1YGPDtctHGJWW0NrlQVklw,UICB TELEVISION ,365000.0,Education,2026-08-02T02:00:15Z,0.0
UC5-n2dfksESEt3ATmM6Uujw,Dhamma TV,15100.0,Education,2026-08-02T01:30:30Z,0.0
UCC-QxtkZPfDCczEeT3SEsYA,🏖️️Amila Vlogs🎼,43500.0,Education,2026-08-02T01:30:06Z,0.0
UCXRnXDVoCjqUN_sOJweAXyQ,Remarkable Cars SL,1010.0,Education,2026-08-02T01:29:44Z,0.0
UCamSAN6IFdxTRTbfSSrkiDw,Buddhist book,14200.0,Education,2026-08-02T01:57:02Z,0.0
UCb8mB3DVTSichd8oZ1HQRwg,ganithayaa,20900.0,Education,2026-08-02T02:25:45Z,0.0
UCceS_252pdNUa5ztP_MW8rw,MCP Prasanna Sir,904.0,Education,2026-08-02T02:29:32Z,0.0
UCkOBWuInZXAP0DT3iAT5hYw,Pradeep Wijesiriwardana,96600.0,Education,2026-08-02T02:00:25Z,0.0
UCoz7UhbfPFJyljIIV2saR7A,A/L Agricultural Science,620.0,Education,2026-08-02T02:22:45Z,0.0
UCp3JwFW1xiUY4QwLqSsbNyw,චමී ව්ලොග්  - CHAMEE VLOG,5050.0,Education,2026-08-02T01:54:42Z,0.0
UCrtXFLaJQUh6R8xjW6l5tMQ,Yakkula Rawana,82900.0,Education,2026-08-02T02:30:19Z,0.0
UCskNFH2e4ptFTkgeVmFPNhA,Tube Salman,3650.0,Education,2026-08-02T02:09:20Z,0.0
UCt_fUooMgak5Ev6yI08x8IA,Ceylon10,17700.0,Education,2026-08-02T02:30:16Z,0.0
UCwsNWoSlQUyeWgbVQYZtLOA,Gataya Official Reviews,43400.0,Education,2026-08-02T02:45:15Z,-0.0
UC3uZVJgOSasbfV7xIFY9xjQ,Korean exam helper,1790.0,Education,2026-08-02T00:50:40Z,0.1
UCFGhJsc1ddSN8819LsMa90w,bahu jana hitha Tv,76400.0,Education,2026-08-02T01:24:28Z,0.1
UCK4dpeglRT8ZE3fBKFXEnZA,Shums Media Unit,10900.0,Education,2026-08-01T23:56:47Z,0.1
UCKuDeSAQOkDnBpiSa0gJN0A,Dinesh Athukorala official,2840.0,Education,2026-08-02T00:23:39Z,0.1
UCXFiIVHYqQmgpmIi7KChMkQ,Sri Sambuddha Mission Trust,21100.0,Education,2026-08-01T23:30:21Z,0.1
UCgdaUnUmkHDpYCU0w2pR7Rw,Ama Dora Viwara  Viya _ Ven Balangoda Radha Thero,156000.0,Education,2026-08-02T00:34:00Z,0.1
UCnqTWrNbHl4SvL60MCE693Q,Creations by Twin R,17600.0,Education,2026-08-01T23:30:34Z,0.1
UConDLpzQN5uiqRMUD1yYKZQ,Madhushan Jayasinghe,44500.0,Education,2026-08-01T23:33:04Z,0.1
UCtp_OfPNzUewXn2l8nE1xhQ,Learner's Book,40800.0,Education,2026-08-02T00:15:24Z,0.1
UCzSJmu5JS43eHAs0Ajrq5_Q,Sathsara education,12200.0,Education,2026-08-02T00:58:10Z,0.1
UC7SpeEKCvhjtxa4VX2sHA1Q,Shahul Khan,8710.0,Education,2026-08-01T21:07:15Z,0.2
UCyPg9kElyyS90TlxbykLtEw,IMASH MUSIC,9470.0,Education,2026-08-01T21:12:04Z,0.2
UCRtOZlngzqpl4h2qjmCLh_A,Mara Academy,8890.0,Education,2026-08-01T20:36:19Z,0.3
UCT_SOeMqRe83lU9ITdyUcnw,CHARAKA DHANANJAYA,31000.0,Education,2026-08-01T20:02:49Z,0.3
UCtwlss6rr66DbEurYOJgu4w,Geethan Devinda,126000.0,Education,2026-08-01T18:45:17Z,0.3
UC4WWzSIArIMEmtdo2m4pWoA,KD Jayakody,85900.0,Education,2026-08-01T17:48:09Z,0.4
UCDH-YTfmvyGx-nK0tyVQeGA,jft test tutorial,8860.0,Education,2026-08-01T16:32:56Z,0.4
UCMw--nUMJjK2GNrLXdsnDzg,The Success Academy,6030.0,Education,2026-08-01T16:37:55Z,0.4
UCO6ZBVarQJ19F-Tus6FqoiQ,Mohammed Fazeel,8060.0,Education,2026-08-01T17:55:34Z,0.4
UCPDu6ISzY5LT0DM2fQn_wCA,Green Fairies,1410.0,Education,2026-08-01T16:30:18Z,0.4
UCV-q7cRK5yFYEFzWuoQOmQQ,විදෙස් හඬ,124000.0,Education,2026-08-01T18:08:51Z,0.4
UCV1NPkc2O0YZBtx_rhDkicw,Ada Derana Education,221000.0,Education,2026-08-01T16:17:47Z,0.4
UCZXcD8T3zClfNAlDwHCdg6w,Vidu Piyasa - විදු පියස,16200.0,Education,2026-08-01T16:45:23Z,0.4
UCZpPfCxvP6T9rCkDX3tQfOw,Accounting Vision,730.0,Education,2026-08-01T18:11:48Z,0.4
UC_K3CNn5jlFvgCx7cpKiCYA,Dharmasanaya,22800.0,Education,2026-08-01T16:34:26Z,0.4
UCcolMq4s8q_GHPWeQNidprA,PAST PAPER TV PRO MAX ,2650.0,Education,2026-08-01T16:30:06Z,0.4
UCg0zAfITYvRiMXYzWXOn0cg,Priyatharshan,191.0,Education,2026-08-01T15:59:38Z,0.4
UChdRlRaJpIhRYoHvXwFxRKA,Online තොග කඩේ,19900.0,Education,2026-08-01T16:24:35Z,0.4
UCzmdP_DcwfmSVBH3euO5Gyg,பறக்கும் தட்டு ,146.0,Education,2026-08-01T17:51:38Z,0.4
UC5p0VT3GMM-PEYL_gulNSnA,PRIYANKARA CHATTER BOX,5390.0,Education,2026-08-01T15:00:23Z,0.5
UC6jQt9K_jqnBNtsRf7hXHsA,Online Commerce Class,44.0,Education,2026-08-01T14:13:07Z,0.5
UC6sgbgxlGWWlabFdSAvk31g,බැංකුව The Bank,242000.0,Education,2026-08-01T15:17:27Z,0.5
UC8qBNfgWRK_WYYGSmmrfgPA,ගුරුවරයා (කැලණි) ,309000.0,Education,2026-08-01T14:00:39Z,0.5
UCAgBGlUKoAQFXMUzshrWDgg,zdx studyMotivation,60600.0,Education,2026-08-01T14:00:32Z,0.5
UCE_HRkZMtXQvjnCrM0aSjCQ,Real Thing is Life ,141000.0,Education,2026-08-01T13:39:19Z,0.5
UCGwkKsyd1fbH5eDBEvOIfmw,Study with Saravi 🧑‍🎓,3450.0,Education,2026-08-01T14:30:26Z,0.5
UCLR467wlkHhrQjVq-0bdKng,Sajith Bro,10600.0,Education,2026-08-01T14:14:11Z,0.5
UCLx0BJNc11RlbIR5JHH-qmw,Daham Amawa,111000.0,Education,2026-08-01T14:45:34Z,0.5
UCN3Buj32nQOlbBjWmj1Eoqw,Sri lankan way English සිංහලෙන් English ,3210.0,Education,2026-08-01T14:07:37Z,0.5
UCQRxYlv9BXoqNd0p2cvu3OQ,Guru Music Isuru Bandara,46700.0,Education,2026-08-01T14:31:42Z,0.5
UCQgP7Qg3su6gQj2nj-dGbWA,Combined Mathematics - DJ,84.0,Education,2026-08-01T13:30:06Z,0.5
UCUz70SsT1TZzlwEqvSCpJRA,Thapo Arana,2800.0,Education,2026-08-01T14:36:26Z,0.5
UCZd-LloJJ-8SyTOcqzTw7NQ,Kavindu Kurugalaarachchi,82.0,Education,2026-08-01T15:48:14Z,0.5
UCcj9UjDySDhR6HwLkb2jJkQ,Rev.Pannila Sudhamma Thero,1250.0,Education,2026-08-01T13:55:30Z,0.5
UCfj7Lqw8oDFeCNUd6JIqHkw,Study diary,6420.0,Education,2026-08-01T13:30:27Z,0.5
UCkLQJFBnqzhJCAvqn99hRUg,YAKK PRODUCTION,301000.0,Education,2026-08-01T13:58:36Z,0.5
UClC6jQT87s0yKTxHls4BWSw,"Galle ISMAIL MAHLARI bayan, காலி மஹ்ழரி பயான்",435.0,Education,2026-08-01T14:00:17Z,0.5
UCm3mXl7hQbHVMxhKaOeEhYA,Amuthu weda-අමුතු වැඩ,1380.0,Education,2026-08-01T14:48:30Z,0.5
UCn6YTM3fvYdwCOHpdNJBOeg,Serandib Wonders,35.0,Education,2026-08-01T15:46:10Z,0.5
UCqK3dBCdroLoJixIyuog5Ag,Sitha Niwana Budhu Bana,11000.0,Education,2026-08-01T13:30:06Z,0.5
UCql-jEixeuMcyabHRYqr-Zw,Lj Hansa,15500.0,Education,2026-08-01T15:40:20Z,0.5
UCs3r_67R1GGZGzjhM4rR2xA,best food recipe,780.0,Education,2026-08-01T13:30:15Z,0.5
UCtZyfc8g7BwrOuPcZz08lTQ,Samitha Piumali ,25700.0,Education,2026-08-01T14:23:13Z,0.5
UCwuGqZ8aBXugJ5fsGQeeQiA,Media M,163000.0,Education,2026-08-01T13:30:29Z,0.5
UC3bDumjXNsq2ixYkUT7wT_g,ICBT Campus,23600.0,Education,2026-08-01T13:00:24Z,0.6
UC4RBCrw6cMvOXz4eNkIgbnA,Aryavahini | ආර්යවාහිනී,,Education,2026-08-01T12:46:53Z,0.6
UC9y7Wh-inBLM44vBwc9MGJg,Mindful Wisdom,24500.0,Education,2026-08-01T11:30:20Z,0.6
UCB6jpWSG2GBgeUFfSrUgXew,Chanaka vlogs,454.0,Education,2026-08-01T11:16:00Z,0.6
UCBWG_GjopQPckewo1_IvhLQ,The Fishcutter,6740.0,Education,2026-08-01T12:30:03Z,0.6
UCCGAo78vKOsDVXMESWJ2t3A,Cash Logics,81200.0,Education,2026-08-01T11:30:12Z,0.6
UCDqFysWGVtduHRyawK8oJkw,Madushan Neranjan Combined Maths | CM With MN,47200.0,Education,2026-08-01T12:01:16Z,0.6
UCDyQcvr-Lu0rbfEMECgwUFg,ePapere,188000.0,Education,2026-08-01T13:20:28Z,0.6
UCRnj7DFNziGE3JPnGwA0yrg,Binary Campus,62800.0,Education,2026-08-01T12:30:33Z,0.6
UCTn8g5ZLo33mVpKuMU45eFg,Praveen Randeniya,38100.0,Education,2026-08-01T11:47:58Z,0.6
UCUzsesaP5G628WVuqEckF8w,World Data Bin - උගතමනා,62900.0,Education,2026-08-01T11:30:24Z,0.6
UCV_ZQVj5aMCX9OmyFT6rXLw,Gayya in Europe,15500.0,Education,2026-08-01T12:50:45Z,0.6
UCXDs97xqSkkV9WSXMtYvCEw,Tour of SivaSri,428000.0,Education,2026-08-01T12:30:39Z,0.6
UCYogjR8tl0p9hAtG4vmkksw,ERMT Total free,5660.0,Education,2026-08-01T11:30:22Z,0.6
UC__zN6_8I7phHInACG56kvg,AdifyX,3490.0,Education,2026-08-01T13:00:38Z,0.6
UCeixuk-NkKqLJfZKcK2fQig,වෙස් මුහුණුවර | Wes Muhunuwara,25300.0,Education,2026-08-01T13:05:59Z,0.6
UCezX9mPSzwm7xgy2HGwozfA,Sandun Priyankara,54100.0,Education,2026-08-01T11:27:20Z,0.6
UCfctDMDRq0cS1N8ddyvLfAg,The Pulpit ධර්මාසනය,39400.0,Education,2026-08-01T11:30:38Z,0.6
UCfuND8HywiC1G1T5s1t6ElA,Active plus Horana,9780.0,Education,2026-08-01T12:22:19Z,0.6
UCi4eOuqIacCVIiKfEgGh4FQ,Sanka With World,75300.0,Education,2026-08-01T12:02:02Z,0.6
UCiWDsyu4bBPB6_u8hgRaKvA,Liva Ink & Cut Studio,1130.0,Education,2026-08-01T12:45:51Z,0.6
UCkl2iKEW9ltlrBOjzCNJgzw,Dhamma Vahini,28300.0,Education,2026-08-01T11:30:26Z,0.6
UCpZxRrErh7AW9SdBn_iC0mQ,kapwing music🔴සිංදු විතරමයි,803.0,Education,2026-08-01T12:30:06Z,0.6
UCqPFytj5oPGu7mRFRQ8hclQ,Dannawada?,11900.0,Education,2026-08-01T12:30:19Z,0.6
UCsAPX_-Yu9O_3dJu0aUj_BA,Primary Education SL ,8580.0,Education,2026-08-01T12:38:35Z,0.6
UCtnFdFtN_fDK-xHkgGtgloA,Yasith Ariyawansa,13600.0,Education,2026-08-01T12:49:57Z,0.6
UCvfwXFsI8J-iRMpG1SE8lgw,MA Think School (MATS),7310.0,Education,2026-08-01T12:30:06Z,0.6
UC-neEp_sbgC09Nx78RvXpAw,Ceylon Win News,779.0,Education,2026-08-01T10:30:03Z,0.7
UC2BTAEU-0MU0QV-vlDEvouQ,Sampath Hamuwa (සම්පත් හමුව),62000.0,Education,2026-08-01T09:46:51Z,0.7
UC80S9x_1mLIq3Q21dG-iy5A,Lakviru Radio Daily,7710.0,Education,2026-08-01T11:00:21Z,0.7
UCB3pmaew5i2Sp9LJe03BU8g,Poth Gulla - පොත් ගුල්ලා,14200.0,Education,2026-08-01T09:11:36Z,0.7
UCD2X28mF5ZqSA2gncomAtAA,SKNIP SKILL CRAFT ,96.0,Education,2026-08-01T09:30:30Z,0.7
UCHQfFg_epoUK0htwmiUyzEQ,English Sinhalen Online,573000.0,Education,2026-08-01T10:33:49Z,0.7
UCM3bQBUJ0PEbgfe9lAw_Y3Q,Shraddha TV Daily,147000.0,Education,2026-08-01T10:30:32Z,0.7
UCTa7XGYF8a8jFVozt8rEIlw,My Easy Recipe,528000.0,Education,2026-08-01T10:39:57Z,0.7
UCY4bDDhY9fqt97qV4mVAiAw,Education With Religion,29300.0,Education,2026-08-01T10:51:12Z,0.7
UCZwRhDqyXXFucAGxyQs40uw,Reel Wheel,8270.0,Education,2026-08-01T10:30:29Z,0.7
UCtoTkv_wx2z2M03zyKY-IRQ,Nyilachchi Coin SL,279.0,Education,2026-08-01T08:45:18Z,0.7
UC-GubsknvZiVrmWfatNPv4Q,ManasirNexGen,1890.0,Education,2026-08-01T07:31:07Z,0.8
UC2-G0rYWhRDRck575AitgHw,Whispers,24300.0,Education,2026-08-01T07:09:43Z,0.8
UC8byti_nmRGuF52xaPb2QIA,CSE Reports Hub,7710.0,Education,2026-08-01T08:30:32Z,0.8
UC8w7BUeoeVvLstCRYWDlP0Q,QS Civil Engineering Service,915.0,Education,2026-08-01T07:57:56Z,0.8
UCE2euJd8jBVcC5mge-pVggg,Isuru Rambukwella,1900.0,Education,2026-08-01T08:30:26Z,0.8
UC_9T3d-m-tEgK_-dVOqz3uQ,Nawaloka Hospital - Negombo,125000.0,Education,2026-08-01T08:30:26Z,0.8
UCizpLkljN7D18nKYOceGyGA,sciENcy,289.0,Education,2026-08-01T08:17:25Z,0.8
UCoWOWPYd3lEEpUWu3wzQYhw,ASCEND TRADING BUSNIESS ACADEMY (PVT) LTD,608.0,Education,2026-08-01T06:54:54Z,0.8
UCrLvbl-59ugBtbyBYyicZnw,SLMovieclips,39800.0,Education,2026-08-01T08:35:35Z,0.8
UCth9R703obgHx665cpiNY9A,Beauty with Sadu,59800.0,Education,2026-08-01T07:35:43Z,0.8
UCuqc6pNyePXtkJalULefIRQ,Journey with Chathu,658.0,Education,2026-08-01T07:35:12Z,0.8
UCxtv9HrpePOtC7amZkgmM-Q,Athal Kitchen,399000.0,Education,2026-08-01T07:05:20Z,0.8
UCzQ0nw7uz0dRcO5VKzDwmlQ,Tamil with sureka,41300.0,Education,2026-08-01T06:25:11Z,0.8
UC-Ado7VPaFPLsPEzsBRsaPQ,Sudheera Peiris ,6460.0,Education,2026-08-01T04:07:25Z,0.9
UCJ44oEtQ4TUPUbVS6hLI9Hw,Chef Style,33700.0,Education,2026-08-01T04:56:07Z,0.9
UCPVi34cCAfFZjs6gTlcfZJw,Korean pissa-කොරියන් පිස්සා-한국어-Adeesha with k.A,21700.0,Education,2026-08-01T04:35:54Z,0.9
UCQN2cRMiB1BkljRswBN802g,Anil Deldeniya-AD Limitless,5900.0,Education,2026-08-01T05:55:43Z,0.9
UCkojdaAh7raYGOgVn4k1fLw,UpDown FX,88100.0,Education,2026-08-01T04:58:22Z,0.9
UCkzFXIie723z4vsYAMsMGsg,Sujaya Online,25400.0,Education,2026-08-01T04:30:37Z,0.9
UCpRgfr4_Eax0HHa2rwkRQ2w,Inner Racers,108000.0,Education,2026-08-01T03:54:03Z,0.9
UCrWDxd_eJ3NM1Z-e1jDsjUA,Nilantha ponnamperuma (Bio සර්),432.0,Education,2026-08-01T05:53:49Z,0.9
UCwnRMnxUyJ5iGZkE1nADVvw,Lakshitha Vithanage,17000.0,Education,2026-08-01T04:09:31Z,0.9
UC3-yva2_TiI1RD41nhZno8A,Amira_Gaveen_Kanchana ( A.G.K ),237.0,Education,2026-08-01T02:10:41Z,1.0
UCCXHDSRJKfNBLNJmIegx8Lw,STUDIO JA,109000.0,Education,2026-08-01T03:44:24Z,1.0
UCDdHwnkDDgjwep7VRq2aDoA,Nipuni Gamage,703.0,Education,2026-08-01T01:30:06Z,1.0
UCG0j1mTQov3RVBgLgh6wbKg,Mr Market Ceylon,73700.0,Education,2026-08-01T03:21:41Z,1.0
UCGSDCIUEvUtO5wzIFtc4AgQ,Jayatissa Athaudahetti,63700.0,Education,2026-08-01T02:53:48Z,1.0
UCHxf5NOZYmtmQEOkToogAiQ,BEAUTY WITH GAURI ( ගෞරවී කාවින්දියා පෙරේරා ),5210.0,Education,2026-08-01T02:47:29Z,1.0
UCYKyUJ4cVLcnU6rUyJvOupg,SL Online Bro,93400.0,Education,2026-08-01T02:00:06Z,1.0
UCYUP6SDCTNY98NmtYDYxm8A,lanka construction,3260.0,Education,2026-08-01T01:30:02Z,1.0
UCbRbdFTihZZCq8r5-bQa0sA,Job Minder,27000.0,Education,2026-08-01T02:31:28Z,1.0
UCixHOFltSlDzQezAiDC--wg,The Wisdom,1010.0,Education,2026-08-01T02:30:06Z,1.0
UCtGwzTmbkXWhYwuVZQa3kVQ,3 Minutes - SEPAL AMARASINGHE,121000.0,Education,2026-08-01T03:12:18Z,1.0
UCDi0aVaBQ1KlA5WoHAbt0zw,Lasindu Kawya Geeshan,1640.0,Education,2026-08-01T01:22:20Z,1.1
UCJojbxGV0sfU1QPWhRxx4-A,The Leaning Tree | Knowledge Share | Software Dev,570.0,Education,2026-08-01T01:15:10Z,1.1
UCb1rYLZ2YkUo7T2TmhncgHA,Investors Sight,8030.0,Education,2026-08-01T00:30:15Z,1.1
UCdlAf8MopMHj-sDMAJ_CW2g,Short Note Mind🌈🎓,21400.0,Education,2026-07-31T20:45:39Z,1.2
UCae-Npqrb3Ev5wivtDB2dEg,A.A.Anuhas,1890.0,Education,2026-07-31T19:56:12Z,1.3
UCsuLESGzpaFQptadrVNH4Ow,Learn Sinhala in Tamil,287.0,Education,2026-07-31T18:30:14Z,1.3
UCaq1Ca_iVYr-PwiZHwF-QKQ,Lasitha Prasad,37700.0,Education,2026-07-31T17:08:24Z,1.4
UChke7zfxDsgtsY7-yfncfTg,Dilshan Bandara,136.0,Education,2026-07-31T17:23:40Z,1.4
UCrW_8mLa60Lp2lMyOvvmeWw,Study Abroad With Raeez,3780.0,Education,2026-07-31T17:38:38Z,1.4
UCEWXUrJx9ufOtbQH5VRoVzg, Pinwath oba පින්වත් ඔබ,428000.0,Education,2026-07-31T14:07:10Z,1.5
UCM7ch9Kl6FTIdWThXOg-Rxw,SL Roulette Boy,1820.0,Education,2026-07-31T15:17:10Z,1.5
UCTOrDmoc_fCniWiPVEp-6-A,SL DEEM,3220.0,Education,2026-07-31T13:51:51Z,1.5
UCU8CLxgXCxmDmYKNi_gS0WA,Chathuranga Priyadarshana,548.0,Education,2026-07-31T14:34:28Z,1.5
UCYmEcbCgb9yxZZJGH1rtn_Q,සුධර්මාරාමේ රිලවා...,41400.0,Education,2026-07-31T14:02:06Z,1.5
UCbQkcq_noi0mR9rK0-BVYpg,MADU MEE Vlog,27200.0,Education,2026-07-31T13:55:56Z,1.5
UCwkyfeMvDrg0wjacet-bcCA,Royas English Academy,145000.0,Education,2026-07-31T13:30:33Z,1.5
UC0sBFIQoyeYIsejowliQx-A,Life on Videos,6780.0,Education,2026-07-31T13:25:45Z,1.6
UC3yN9e-0s6ilBpfVlj2IWoA,HealthTech Insights,99500.0,Education,2026-07-31T11:33:38Z,1.6
UC58BDw7i8mKOvpaZKZJ9jew,ගවේෂකයා - The Explorer,18100.0,Education,2026-07-31T12:15:15Z,1.6
UC7aKqcJ03df0TVCzMtjEEtg,NU1's VLOG,197000.0,Education,2026-07-31T13:22:42Z,1.6
UCF0T1yveWR0SkQ-k8RNf9sw,DJ Randima,9700.0,Education,2026-07-31T13:13:56Z,1.6
UCJ7DJvUPFjq5kY_L9oW8I3A,R2 Studio Masterclass,139000.0,Education,2026-07-31T12:30:37Z,1.6
UCK4MDDToD1w4IO7fRi30ZWA,Wealthy Minds,6180.0,Education,2026-07-31T12:24:32Z,1.6
UCNaR7-sv4f_kBWXX4yAeUMA,SL Tutorial,185000.0,Education,2026-07-31T12:01:05Z,1.6
UCWnYU_OGWX9P_Yv17M-qKCA,Eduruthuma,32800.0,Education,2026-07-31T11:15:26Z,1.6
UCaI8gOmwQZJpganFN4-SZlg,AL Kuppiya,111000.0,Education,2026-07-31T13:00:01Z,1.6
UCbXOp0vy6lljqmeaY6k4PjA,Sampath Kaluarachchi,326000.0,Education,2026-07-31T13:23:43Z,1.6
UCiP6DUi_wjUMfc4bo0yIusQ,Flute with Hansi,10300.0,Education,2026-07-31T12:04:38Z,1.6
UCiR8kH7EvdjJGp41a9KIfsQ,Budu Guna Suwada,78100.0,Education,2026-07-31T13:11:39Z,1.6
UCkKE6HYznBUt7kPAjJhuFrQ,සේයාවී  ,5520.0,Education,2026-07-31T12:04:16Z,1.6
UCm8uQm-q6IUP0u0lssUiITQ,සදා BOY ,26500.0,Education,2026-07-31T13:16:22Z,1.6
UCrvZv5Ph8ODU8frd7ZGZQYg,Charuka Weerakkody,128000.0,Education,2026-07-31T12:46:39Z,1.6
UCvZ8sPFxYngz2JN3DG93fOw,Ganitha Gatalu,12000.0,Education,2026-07-31T12:30:03Z,1.6
UCD2gYnJC3qLvtRWHOwe6udg,Nifty's English,17300.0,Education,2026-07-31T11:00:36Z,1.7
UCPPRZwmVt30AOBVQ9vru3Xw,Nimesha EduPoint ,139.0,Education,2026-07-31T09:48:59Z,1.7
UCUzy2Hm-doo9o4bSfXG_CVQ,Keen English ,2720.0,Education,2026-07-31T09:30:35Z,1.7
UCXJeFBE9B-5hTLGZhBcIrmQ,Movie Guru LK,629.0,Education,2026-07-31T10:45:26Z,1.7
UCieUj92znWxr02AWNviTElQ,LNBTI,3210.0,Education,2026-07-31T10:27:21Z,1.7
UCqDbs3rlemiBZmhkh9gXXHg,ART FM,8640.0,Education,2026-07-31T10:40:36Z,1.7
UCu-3suV6l3eSFmgWE4EDYig,PLANTSMART,3570.0,Education,2026-07-31T11:00:23Z,1.7
UCAh_a0VFh-paEuVM_ITrreA,SAY the TRUTH,55400.0,Education,2026-07-31T07:42:55Z,1.8
UCKIAuvwMPOv0uVrGdGS2V7w,Muhammadiyya Network,1500.0,Education,2026-07-31T08:39:59Z,1.8
UCYk97F4sCu3hEWp6YEH-Dow,Sinhala explora,133000.0,Education,2026-07-31T08:19:16Z,1.8
UCzTvNyQqdAOigD6ZzhNKyPQ,Global CEO TV,20100.0,Education,2026-07-31T07:40:42Z,1.8
UC6TYUtPYJLIcKIf03AtMvIg,Amarasri Herath ,22400.0,Education,2026-07-31T04:41:05Z,1.9
UCPjv6LrnnPDeCw80M6XZMEg,Bitcoin Sri Lanka,2810.0,Education,2026-07-31T04:30:20Z,1.9
UCxBVx6NRw-RN78ge2n9TZ0A,ධර්ම විශ්වය | Dharma Vishwaya,39800.0,Education,2026-07-31T05:57:37Z,1.9
UCz84dcspzky4K9dlmsP7K8Q,DATATECH LANKA LTD,1170.0,Education,2026-07-31T04:40:01Z,1.9
UC12Go-EQ4E8Rjcj3nzVlzIA,Agri පොත,14400.0,Education,2026-07-31T01:38:36Z,2.0
UCHrkBP4z4-r3tTCY3FUq_KA,M.D. Gunasena Books,20900.0,Education,2026-07-31T01:00:12Z,2.1
UCvB1253p1Sy6KEPhYeiOmrQ,nisap premium,40.0,Education,2026-07-30T16:31:25Z,2.4
UCBQ_5txpN9srcPmkpJytDvw,රසබස - Shehan Singhage ,642.0,Education,2026-07-30T15:30:52Z,2.5
UCEAmcu98xz-004iQY0ES11Q,Lanka Investor,39800.0,Education,2026-07-30T13:54:29Z,2.5
UCNPswKyohe5t4ovcYvvVwPA,Tutorials by eLearningLK,7790.0,Education,2026-07-30T13:30:06Z,2.5
UCPAbeKHjE4HpRXqo4AXJzVQ,Mahesha Perera,18400.0,Education,2026-07-30T14:00:11Z,2.5
UCQQ1y9uNU0BrDGnjnmu_a_g,Business Lanka,10400.0,Education,2026-07-30T13:30:02Z,2.5
UC2sbMVU3YATVZQCRpHPKLcA,Harshana kalum Vlogs,133000.0,Education,2026-07-30T13:15:06Z,2.6
UC39ow9BniF9aEaoARXxtkBQ,Pasindu C. Hapuarachchi,38.0,Education,2026-07-30T12:05:16Z,2.6
UC7-JGEBb4S3an5tS96rlHaQ,samith drawing,7110.0,Education,2026-07-30T13:00:03Z,2.6
UCHILUmrz4EF6Dqi8YDFQegw,Rishard Weerabangsa,11800.0,Education,2026-07-30T13:00:26Z,2.6
UCOlHu4DBJ6q8cE1oLW1bNJw,Tamil Geography News,15700.0,Education,2026-07-30T11:15:39Z,2.6
UCS_15xnauWC12xoiX6XxmLA,Wonderful nature SL,295.0,Education,2026-07-30T13:07:57Z,2.6
UCfVP2OPZlwZvsgX3n794KfQ,CADO Investing Firm,4040.0,Education,2026-07-30T12:30:04Z,2.6
UCrBzMpy0C8kRGCfjRG-F__A,Maths Crew,49400.0,Education,2026-07-30T13:14:39Z,2.6
UCrxjz0zgsm9xxPnF0Boaubw,My Tamil Class in Sinhala,25600.0,Education,2026-07-30T11:20:46Z,2.6
UCv_ITTZCPsT6y9BPmGT6EyA,SL BiZ,85000.0,Education,2026-07-30T12:03:12Z,2.6
UC4x1Tr6Risu__hYI2d_vnUA,samayan bro,2140.0,Education,2026-07-30T10:56:52Z,2.7
UCIYXa1_wAl5FcGoWQFjQjWg,Paramartha Deshana,3890.0,Education,2026-07-30T10:10:22Z,2.7
UCRgzOFCjZZSDAe5ktzmZ6jA,Mathematics With Asela Nissanka,33200.0,Education,2026-07-30T09:00:12Z,2.7
UCUAxXY9_I53JEfV8mDV1C4g,HCC,40.0,Education,2026-07-30T10:03:36Z,2.7
UCcgkjXIaOrsFR8GLFo3iwOw,Anuruddha Madusankha,6470.0,Education,2026-07-30T11:00:26Z,2.7
UC58y6NhWQ_IkAUJdYqtmtQg,Sepal Amarasinghe,214000.0,Education,2026-07-30T06:46:23Z,2.8
UCE8bA7KYIPHHtOeTTx-B8nA,Agri Kitchen,624.0,Education,2026-07-30T07:00:25Z,2.8
UCLwdSF9utynTNey-WYbKcvg,Rajiya SL tech bro ,842.0,Education,2026-07-30T06:56:53Z,2.8
UC2_iwCecXLNqTWv-_QcffRw,Wayamba Technical College,12100.0,Education,2026-07-30T04:27:53Z,2.9
UC6IHfZ-Rez2LR0PH01YxL7w,KK Academy SL,82600.0,Education,2026-07-30T03:54:49Z,2.9
UC4-OGkz_qi4h59w_HeqwYjg,Golden English Subway,11000.0,Education,2026-07-30T03:02:20Z,3.0
UCHDqE_7jt4iCq-y1HAF-PUQ,SL Bank Rates ,15600.0,Education,2026-07-30T03:30:35Z,3.0
UCS1FukhR2GeYArdB87fVFVg,MALI REVIEWS,124000.0,Education,2026-07-30T03:34:12Z,3.0
UCYn13UhdWD8SdYEvMDTFNAQ,Brahma Kumaris | Sri Lanka | Sinhala,1660.0,Education,2026-07-30T02:14:39Z,3.0
UCtmKeT1zqxvWPGCR0I-6hiQ,BAR ASSOCIATION OF SRI LANKA,17800.0,Education,2026-07-30T01:35:12Z,3.0
UCWBGcCHKv85MuFwgax4oc9w,Political science with Imesha ,579.0,Education,2026-07-30T00:25:17Z,3.1
UCjq3jp1xBUTbQodcOHXAGEg,Enna Yanna Heena Dige - එන්න යන්න හීන දිගේ,124000.0,Education,2026-07-30T00:00:32Z,3.1
UCqeUa8yGluUGxXf1qvprG9w,Dawasa,11400.0,Education,2026-07-29T23:24:14Z,3.1
UC4zvRArzwIHBnQY6FkDGMCA,Kv Iroshan,226000.0,Education,2026-07-29T21:14:12Z,3.2
UCdxXgi-bzxMZEx5M-TSr3qA,Lucky Tec,805.0,Education,2026-07-29T21:08:33Z,3.2
UCuSwnKu94fgJkxEOVrJOQ3g,Paramaththa - Labunoruwakanda Forest Monastery,35000.0,Education,2026-07-29T21:57:34Z,3.2
UCv2eZuaYeehdcyLvzucKy-A,Jude Kathurusingha,71700.0,Education,2026-07-29T17:36:55Z,3.4
UCEieBVk2twUCVeoDDTeXo9Q,Nipun Maddumage Chemistry,31900.0,Education,2026-07-29T15:14:04Z,3.5
UCHZ6l32mEskYLDm1OkjFO3g,පරම නිබ්බාන ධර්මායතනය,51700.0,Education,2026-07-29T14:32:53Z,3.5
UCJeCtv0jJiNO9xt6R3SuMuw,Arshad From Invatal,878.0,Education,2026-07-29T13:55:34Z,3.5
UCcjHjGajfppy34UgJf9k8CQ,IQ School - IQ ඉස්කෝලේ,48100.0,Education,2026-07-29T13:30:06Z,3.5
UCqUYeF3JOgmrBilMPaKRCEg,PLC Sinhalen,3360.0,Education,2026-07-29T14:16:43Z,3.5
UCwm5-5k4apHsjjy6g8j6tQg,Hiruuu Tips,2710.0,Education,2026-07-29T14:15:10Z,3.5
UCxUKptlTqKNGU-elH9iqc8Q,Ceylon Tuskers,879.0,Education,2026-07-29T13:53:16Z,3.5
UCyatESKDOtYoUqC3zXhREzw,Pramuka Law School,24400.0,Education,2026-07-29T14:00:06Z,3.5
UCA2bFNmvfzZLOIAvPwNQgPQ,Ceylon Giants,1700.0,Education,2026-07-29T12:30:06Z,3.6
UCOsx77fjmWZklwTqnEMlmcw,1xBET Sri Lanka,720.0,Education,2026-07-29T12:30:02Z,3.6
UCZMKmVvrXuEYqUVeKtARtfA,Vinodhaya 1 Gaming,60.0,Education,2026-07-29T12:38:48Z,3.6
UCe56iYfYNY-Dlsg4kMWQ-Hg,Nurse Hesh,314000.0,Education,2026-07-29T12:30:08Z,3.6
UCk9jF1m8XqLTOcixWkGb0jg,Uthsuka Rathnayake,90100.0,Education,2026-07-29T12:18:01Z,3.6
UCluOn_L83PxMntaWJdrn67A,Susantha Ranchagoda ,5380.0,Education,2026-07-29T11:28:21Z,3.6
UCq9uParJpBbI1KkwOq9aYfA,Ruwan Weerage,4720.0,Education,2026-07-29T12:05:43Z,3.6
UCuhXxJbZMhYYRhDkRcA1n0w,IEEE Student Branch - University of Moratuwa,2480.0,Education,2026-07-29T12:11:35Z,3.6
UCe6HjoReyFQoc4Q9SAmNAHA,Nushz Diary,109.0,Education,2026-07-29T10:58:42Z,3.7
UC7U7rMM_l97Zl6GbRC2lLqA,MADHURA DILSHAN,19100.0,Education,2026-07-29T08:33:10Z,3.8
UCZh-LKLV1xgqYh814W0pqjQ,Delon Tec,2600.0,Education,2026-07-29T07:01:16Z,3.8
UCjX5zm1l8VZfEzAVMHKJSAg,WOW English,538000.0,Education,2026-07-29T07:30:00Z,3.8
UCkQqVfzpNV-Rs_CYUdcvS-g,METH MAGA,1670.0,Education,2026-07-29T07:37:18Z,3.8
UCxQQ7T5UMck1aKxzBmyt4rw,Janindu Leelananda - Physics,2560.0,Education,2026-07-29T07:23:48Z,3.8
UCCWvpE69tjbUsHIab_cDukw,History with Danula Wickramaarachchi,3670.0,Education,2026-07-29T04:30:06Z,3.9
UCIthXLFJrQjFRFv0ZFQXx3w,Abdullah Faslin,2550.0,Education,2026-07-29T05:18:09Z,3.9
UCRyHK0HPW8OQtTqtRLqCMlw,ART MIRROR,2600.0,Education,2026-07-29T04:41:21Z,3.9
UCA-MR2l-WILux8NZ7nccKag,Dhammika Karunarathna,2940.0,Education,2026-07-29T01:58:37Z,4.0
UCK5iLQ5REdVC528f8tyicsQ,Chiththa Vivekashramaya  - චිත්ත විවේකාශ්‍රමය ,5600.0,Education,2026-07-29T00:23:45Z,4.1
UCMNH2Ier7nMPyxto_zko8AA,ලෝකය දකින්නට දිනන්නට,106.0,Education,2026-07-29T01:10:04Z,4.1
UCYF5vTr2BOg7UzpwEGDkIsw,Darmaravaya Tv ධර්මරාවය Tv,56400.0,Education,2026-07-28T23:30:37Z,4.1
UCRePDO2sKo0VkW33MrPJCkw,ShilpaHub,127.0,Education,2026-07-28T18:16:08Z,4.3
UCp4DOhZ_igDIF5HtiJC7Lwg,Supun Dharmasiri - Chemistry Tutor,1930.0,Education,2026-07-28T19:03:23Z,4.3
UCSmxZt63zt1f3kiBXnwVjNA,Api Nodanna Lanka Ithihase 🇱🇰,353000.0,Education,2026-07-28T16:23:44Z,4.4
UCi-3Vt9kYawd12KPcldSPFg,SL Soft,32500.0,Education,2026-07-28T16:20:58Z,4.4
UC0OQrrbVFEASTwszPPVOndA,Nadun Flower,8720.0,Education,2026-07-28T14:54:39Z,4.5
UC9nG822m63Ep-Rnnm4PBR9w,Art Lanka Exploration ,18100.0,Education,2026-07-28T14:43:49Z,4.5
UCJxilEGEgVlE24N5RdLpUog,Thili Bro,58200.0,Education,2026-07-28T15:12:31Z,4.5
UCTJKLzV1cnAyMf51rwISm7w,Wasana Teacher English,24400.0,Education,2026-07-28T15:40:21Z,4.5
UChn_3fE8-wRZdCp_-bD7MUA,CREATIVEARTLK,239000.0,Education,2026-07-28T14:30:06Z,4.5
UCB1peLqwO8xdVLp_v3qjDmQ,Calculus Corner,114.0,Education,2026-07-28T12:30:06Z,4.6
UCUHPIJ7Bv3S2UL4sKgNhoYQ,World Wide Visa,11300.0,Education,2026-07-28T12:00:29Z,4.6
UClfffHYKuZqi1DFcb77Tn4A,Upul Indrajith,692.0,Education,2026-07-28T13:00:18Z,4.6
UCweDTnElSgujDbt3yoNTx4g,WoodMuse,3900.0,Education,2026-07-28T12:36:02Z,4.6
UCDR2qCp5x-B61oGcL8jyQsg,SL Nurse ,14600.0,Education,2026-07-28T06:29:47Z,4.8
UCOsaCkoH0MrTpAwiFC1d3Jw,රහසක් - Rahasak,1580.0,Education,2026-07-28T07:54:09Z,4.8
UC_nXwFpN2H4JNPa2pSaAUIA,Sapukusuma,21400.0,Education,2026-07-28T07:14:07Z,4.8
UCF0uUUUTf2kzN8lz20-iksg,Buddhist Brotherhood,848.0,Education,2026-07-28T04:31:46Z,4.9
UCGh7bj8m9xZtszizdpu8cMw,Nasik Farook Official ,19200.0,Education,2026-07-28T05:35:20Z,4.9
UCGthOXoEW15pWRUZjcgQwFw,ITN Doramadalawa,17000.0,Education,2026-07-28T06:10:40Z,4.9
UCwUzrshKoIdDpdBLeyidDaQ,Malinda Galappaththi Physics,2770.0,Education,2026-07-28T00:52:55Z,5.1
UCHCgfCEDXq_7MCY9nJu_erA,ChaKra TV,26900.0,Education,2026-07-27T14:15:06Z,5.5
UCNi9ygXyC_Tyeae5F_WEIPQ,BUDU BANA,1480.0,Education,2026-07-27T14:30:07Z,5.5
UC3BByjy9u00aF3VkranSn4A,Pubu's Diaries,21500.0,Education,2026-07-27T12:30:31Z,5.6
UCHtKFAn73LJU4wB_w54wNCw,Win-Stone Campus,6840.0,Education,2026-07-27T11:56:44Z,5.6
UCSzz6iloi2PdcEBlXki-TKQ,Seth pirith සෙත් පිරිත්,2580.0,Education,2026-07-27T13:00:31Z,5.6
UCzq1BCiGn70_fKYXBxHUP9Q,Asiri Health,15600.0,Education,2026-07-27T12:50:39Z,5.6
UC9C-57voJN0pZQtG7c5mn_w,Singer Sri Lanka,28300.0,Education,2026-07-27T10:19:42Z,5.7
UC7eZRMotaAY1_obVckOawwQ,Institute of Bankers of Sri Lanka,19900.0,Education,2026-07-27T07:59:01Z,5.8
UC0ZfO4Ng0LXT3RFY0iFyoDg,As Sunnah Trust Sri Lanka,34600.0,Education,2026-07-27T05:46:55Z,5.9
UCw3UDSrbKod4Gk_rSpA5gqw,DeepWanni ,38800.0,Education,2026-07-27T05:33:25Z,5.9
UCHihcwxuJz-6VCOHIICTinw,The English Language Key,56.0,Education,2026-07-27T02:50:01Z,6.0
UC8yf9lgtn8Tjeb2HauaFgFg,Baby Book,119.0,Education,2026-07-27T00:20:51Z,6.1
UC2E7sjgxaME7k16_TQRR3cw,AICP - SRI LANKA,500.0,Education,2026-07-26T22:06:08Z,6.2
UCufOgwU6-LutCn0VSJCn_bQ,Priyantha Kumara777,407.0,Education,2026-07-26T20:42:03Z,6.2
UC5iElpBBJ67cPaMAJIKta5g,Dr Mubarack Madani Ph.D,165000.0,Education,2026-07-26T15:41:49Z,6.5
UCBcNJsb71t6NLUgnliI4UBQ,Damma Handa (ධම්ම හඬ),8760.0,Education,2026-07-26T13:30:11Z,6.5
UCbFwBydUOii24oZK1BlyVig,The Restaurant Master,6240.0,Education,2026-07-26T14:47:26Z,6.5
UCGeFw8dTOxFT2HjpvfYOI8Q,Beauty with hansani,8750.0,Education,2026-07-26T13:23:42Z,6.6
UCL1vzWEQ3lWQBrxYZo_SZOw,Learn German in Sinhala,15100.0,Education,2026-07-26T13:10:09Z,6.6
UCyZS69UpW-wtQvZxnLtDx1A,Law For Knowledge,3950.0,Education,2026-07-26T12:30:29Z,6.6
UCwxxAGOZW9DXSl48-DgogIA,Binary Trading Course Blueprints,4760.0,Education,2026-07-26T10:27:25Z,6.7
UCvHzwj0sVouaTg2MMMfI_AA,Shaa Tunes ,6100.0,Education,2026-07-26T07:32:21Z,6.8
UCz4AovJf6gmXyGIgRO9ouUw,MYSTAIN ,445.0,Education,2026-07-26T07:15:06Z,6.8
UCEvTQbWPmEx-dzZq1yV-AWA,ARUNALLASD - Sinhala,3630.0,Education,2026-07-26T03:23:52Z,7.0
UCNckXAcrwqCXYVLJrnCuQFA,Online English Lessons,38700.0,Education,2026-07-26T02:20:08Z,7.0
UC2_5UtjZisdx1L6hPwus0wg,Bhanuka Tech,78.0,Education,2026-07-26T00:34:29Z,7.1
UCVFjIjf72H6SdCB4bW8VFXA,Shamira Jayawardena,2160.0,Education,2026-07-25T22:30:14Z,7.2
UCu1-zM6AabyFWu00_gUKubw,UPBRIGHT Sri Lanka 🇱🇰,4900.0,Education,2026-07-25T22:30:00Z,7.2
UC_9VJwufGMIJmGyWrKIKSRg,Scipio Guides,62300.0,Education,2026-07-25T13:45:29Z,7.5
UCenKxrud5MMWf6GCANWZ7tA,You Tube Thaksalawa,187000.0,Education,2026-07-25T14:35:39Z,7.5
UCjYE-1_Myv5iOmQohhVXvpg,Maths with Chathuranga,17.0,Education,2026-07-25T15:00:00Z,7.5
UCQe9BHXFWiEn768HEmh2IZQ,PhysicsHub,369.0,Education,2026-07-25T12:30:06Z,7.6
UCVBwpXexP8VjccZE6ohzTAQ,Capital One Academy,17800.0,Education,2026-07-25T10:42:21Z,7.7
UC7-BodqPOzDwzbtgz3kxfZw,Sri Lankan Villagers,459.0,Education,2026-07-24T14:13:35Z,8.5
UCetzJuYOVuySX4DdtHOVBtA,Earn Money with Shehan,68100.0,Education,2026-07-24T13:30:35Z,8.5
UCiBHV5AwzPEBhlIX3yR6-Ig,Prabuddha Sampath,33700.0,Education,2026-07-24T13:57:58Z,8.5
UCjEGgDkPGoqypbE-5GzsJAA,English For Kids,13100.0,Education,2026-07-24T15:42:11Z,8.5
UC7Hf9SJfEfXTy_JUKi248og,Ashen Viduranga,1820.0,Education,2026-07-24T11:30:26Z,8.6
UCEY_-NIv3TLgWfV3P2xEVuQ,Cinema Charikawa,230000.0,Education,2026-07-24T12:30:31Z,8.6
UCh8sjkLw4xzFRxq2gCffAiA,DAY OF CREATIVE,878.0,Education,2026-07-24T13:20:07Z,8.6
UChr7K9dI0ZkPFm1AuXyXW-g,Channel NIE,584000.0,Education,2026-07-24T12:53:01Z,8.6
UCiZjKOKJbOGuV5JyTUglUIg,Sri Lankan Fisherman,35900.0,Education,2026-07-24T12:00:13Z,8.6
UCRwWcANeDtyXLGxjdKnt8iQ,Kensley Graduate School,278.0,Education,2026-07-24T10:58:08Z,8.7
UCwiN6Snw81BVefYrjh3TJWw,Geography Talkies,75.0,Education,2026-07-24T10:55:54Z,8.7
UCA3kLjUpfOu8ylZVeOLCogA,Maths Guru,6180.0,Education,2026-07-24T03:29:58Z,9.0
UCJSEB46QCTeX7g4pZ6mg-9Q,Keyboard Kamare  කීබෝඩ් කාමරේ,2400.0,Education,2026-07-24T01:59:51Z,9.0
UCLN_RAmXWVC0JrVwqdcItBA,RV ACADEMY,5120.0,Education,2026-07-24T03:00:24Z,9.0
UCylM3lbHnrtayjSl6fzDxDQ,Commerceබෝඩරේ ,1330.0,Education,2026-07-24T03:49:43Z,9.0
UCzBMRHu0kzFARVYl-ek_bAA,CEYLON ICT,8280.0,Education,2026-07-24T02:51:34Z,9.0
UCJyfms5sTp2i-6th7T3AC4w,Patreon Academy ,33300.0,Education,2026-07-24T01:07:06Z,9.1
UC62QgaEe8YqmCcxbeyxQg9w,EDUCATION WAMH,9090.0,Education,2026-07-23T11:30:54Z,9.6
UC8lnPnFllJsaOLMOQZRX5kA,හීන් මාමා Heen Maamaa,1680.0,Education,2026-07-23T12:07:00Z,9.6
UCtIXoHZjzjT7HehPh6Eru2Q,Sinhala Click,277000.0,Education,2026-07-23T11:30:37Z,9.6
UCYEmdesrRlDICr6v6LnX5Bg,thawanalk,2740.0,Education,2026-07-23T09:25:24Z,9.7
UC1nFPCnX9qu53XUsSEmjyNw,Omex Computing Institute,1250.0,Education,2026-07-23T07:15:12Z,9.8
UCnd3nepI0YPYVA8DyDrg08g,Malsha Tharusha | Maths,8040.0,Education,2026-07-23T07:17:19Z,9.8
UC6kLehpqRT0Wm8eBMMSbH2Q,Peththa Education ,176000.0,Education,2026-07-23T06:06:16Z,9.9
UCR40Xn4_B3pU-g924OG9Pvg,success club,15900.0,Education,2026-07-23T05:02:06Z,9.9
UCT8XqS_PyC0PQ2mqIgPj-5g,Buduguna Ananthai ,48300.0,Education,2026-07-23T01:32:13Z,10.0
UCcHpVAqt_Cn4jJ9vtXP6Vnw,Dev School,4990.0,Education,2026-07-23T01:00:22Z,10.1
UC0BAorC0bVj4GwSER21KmkQ,THAMILSH SHUDAR,25500.0,Education,2026-07-22T20:22:22Z,10.3
UC6XsnLgVVzNkjTCpRVJ6u3w,Health Promotion Bureau,18000.0,Education,2026-07-22T18:44:26Z,10.3
UCY8jtiRLqx1Sv5A0fWYGlNQ,Savi's Diary,19.0,Education,2026-07-22T11:43:57Z,10.6
UCOhlt0l_vucCrUDphPAJnbw,Wisdom Business Academy,858.0,Education,2026-07-22T09:05:20Z,10.7
UCHkHd7hnRNnGxKN1e1MjXVw,Senima Investing,55600.0,Education,2026-07-22T05:19:49Z,10.9
UCfRI_QAUlt-EoAEavmuTHOg,HOUSE PLAN SRI LANKA,60200.0,Education,2026-07-22T03:30:22Z,11.0
UC-yc8jrjmaMFVsXdLccngbQ,Manoj Dhananjaya,70200.0,Education,2026-07-22T00:42:45Z,11.1
UCnGPmAcR-LCVm_TPxQ633Xw,Grow With Kaz,86800.0,Education,2026-07-21T20:35:09Z,11.3
UC3izn438PPN3gnZJAasvTQw,Clear English,17100.0,Education,2026-07-21T14:06:54Z,11.5
UCe4g8BqxCBVICI2OTCLdedg,Just SMG,3800.0,Education,2026-07-21T14:03:47Z,11.5
UCi-dz1RuP-FhWvbKCDKOdNg,Enjoy life with LCS,15300.0,Education,2026-07-21T13:30:06Z,11.5
UCrHp7_wVE4B6jcUNMwBXZRw,Things I Know,609.0,Education,2026-07-21T14:18:51Z,11.5
UCVYYjZ5qhzmqaz47vdafXYQ,PowerVibe,477.0,Education,2026-07-21T08:58:44Z,11.7
UCWiGjTcC95PYGw4dyZGWNNw,ALTHAFF ACADAMY,6640.0,Education,2026-07-21T10:21:54Z,11.7
UCdC895de6-hx2Km7TFv2Dbw,NANO PLUS ONE,5130.0,Education,2026-07-21T09:10:21Z,11.7
UCZZlMZ_qxyuwvp6H8c0wwvA,Hinglish Hub,20000.0,Education,2026-07-21T03:00:15Z,12.0
UCCxWuiv11xqdA6Vi3HkaXuw,Learn English with Royal Future ,103000.0,Education,2026-07-21T00:00:14Z,12.1
UCsPfJqaUdMINzYqBCEjwknQ,Punsara Chandrasekara,5640.0,Education,2026-07-21T00:13:15Z,12.1
UCTVnc6Pqpz00D2jBQhamg2A,KoreanTalk-කොරියන් ටොක්-한국어,382.0,Education,2026-07-20T17:47:39Z,12.4
UCaoUDHP-lpKY06Y3axFEmew,e Pasala,49400.0,Education,2026-07-20T16:22:56Z,12.4
UC1c0hRdhLh7vtMLIYMyOnYw,Quotex Trading Tamil,38.0,Education,2026-07-20T13:46:38Z,12.5
UCWO2tL69FZ9ckckHcAa18Ug,UmiKidzZone,,Education,2026-07-20T14:30:26Z,12.5
UC3y9Bg-xhlJnyTDmfVOHRxA,Seeruwa,83700.0,Education,2026-07-20T13:09:50Z,12.6
UCwXj5XdaXrZZEf-pWqn6htw,Chathura de silva,1670.0,Education,2026-07-20T12:40:17Z,12.6
UC8kC4R1-G80cwxWLr6jvmtw,SL Exam Pro,75200.0,Education,2026-07-20T09:30:42Z,12.7
UCZbELqSq-v0admOH04dE2tg,Maths Pissa,326.0,Education,2026-07-20T10:30:14Z,12.7
UCsFyUNMk46NlYGwa7l9m4gQ,PARADISE SRI LANKA,3110.0,Education,2026-07-20T09:40:45Z,12.7
UCO6Q3ASBv6pPC-wUheZy9mQ,SL Pancha (E money),7350.0,Education,2026-07-20T07:08:07Z,12.8
UCslQTjunYucYv2IAoZ1vVnQ,My Simple Timeline,2400.0,Education,2026-07-19T16:44:39Z,13.4
UCEoAl837WtAzW_HMqEHPi5Q,Our Exame,11800.0,Education,2026-07-19T13:53:11Z,13.5
UCl-GjOkASrj8kHYl8ygReQQ,SL JOB Guidance,20900.0,Education,2026-07-19T14:13:03Z,13.5
UC7VHe11jBXRYLqf5T3AAHeQ,Doctor Dello,6070.0,Education,2026-07-19T08:11:34Z,13.8
UCwzBYHwhBK4ygtJiIK8kLhw,Dance with Iresha,158.0,Education,2026-07-19T06:30:36Z,13.8
UCKIu3ZRCEk_oOygPzjVStfQ,Kavindu ksr,13500.0,Education,2026-07-19T04:42:37Z,13.9
UCgXtlvhFq4vzq8IKUBBTKYw,KD Hart,5560.0,Education,2026-07-19T05:22:54Z,13.9
UCBlbnaMHXbDkLzm2KNKH7RQ,SIBA CAMPUS,8410.0,Education,2026-07-19T03:30:06Z,14.0
UCTrnwXaiRohA_UbIZ1_7sjQ,Knowledge & Travel Vlog,2240.0,Education,2026-07-19T03:45:49Z,14.0
UC9_3iaIIixGPLSEeMoUSA8A,Japan Goviya,9910.0,Education,2026-07-18T14:37:55Z,14.5
UCpLKG1DOxI_wscj2qOP9MHg,Athukorala Nipun,71.0,Education,2026-07-18T14:10:59Z,14.5
UC1VZI6Oj_Wu5kASJ6Su5g5A,Chami Methods,10600.0,Education,2026-07-18T09:18:13Z,14.7
UCUpTRi5algSaZaSevhFT4sw,Serandip Mind,116.0,Education,2026-07-18T00:30:36Z,15.1
UChKHUbwer9EsyREw63Cm5BQ,Daminda vlogs,1030.0,Education,2026-07-18T00:21:33Z,15.1
UCTVN4mTTEpygVWCwA8f-NAQ,Bansi - බන්සි,4570.0,Education,2026-07-17T14:29:40Z,15.5
UCPV2M1Px1GsBEE6ydSqCG3w,ZestyPets,4200.0,Education,2026-07-17T12:52:21Z,15.6
UCpftu_0oOhBDWOt3efcK7Zg,E-Money studio,371.0,Education,2026-07-17T13:10:08Z,15.6
UCUOE0lrySV1Y5nMVZuwdFSw,3WGE Overseas Education Consultant,70.0,Education,2026-07-17T09:57:13Z,15.7
UCJecxLpq6S85RIxob7xA8zQ,CMA Sri Lanka Official,4850.0,Education,2026-07-17T05:33:31Z,15.9
UCRLApdXlS7QMsGzhodZkcWQ,Noch films,5220.0,Education,2026-07-16T19:56:43Z,16.3
UCcjVuJ9ap-Y_99ad-9agVYQ,Sigithi TV,7790.0,Education,2026-07-16T12:00:14Z,16.6
UCJUkX37reZlCwikt91KuLNQ,"Faculty of Medicine, University of Kelaniya",11900.0,Education,2026-07-16T04:09:11Z,16.9
UCa-j6Qg6SoOJY2fIisy3YRA,Investor Think,69800.0,Education,2026-07-16T03:58:51Z,16.9
UCI0NA6CosjGPgy1NLlnIt7Q,savimaga - සවිමග ,11800.0,Education,2026-07-15T23:45:00Z,17.1
UCg_igEV3g4WozGAMxCMUuzQ,Assignment Support ,110.0,Education,2026-07-15T20:00:07Z,17.3
UCVHWB3mjlo3zxsMPhjgtZig,Color Mind,1430.0,Education,2026-07-15T16:15:05Z,17.4
UC-CcqBJrHwkO8SxwZpjcuSg,Learn ICT - Dasun Nilanjana Sirimevan,11100.0,Education,2026-07-15T11:36:31Z,17.6
UCC1CRsAX-lBtVVacMUzGm_A,Pradeep Darshana ET,6990.0,Education,2026-07-15T08:29:53Z,17.8
UCMn4yJDLV2bPWGc5ZOucU1A,Theruma,41900.0,Education,2026-07-15T07:02:23Z,17.8
UCIopQZEYtf1flc9JaZpXVrg,SmartEDU,516.0,Education,2026-07-15T06:12:28Z,17.9
UCNcI0kxp_9BiBiLQUviN-hw,Jaya Wisdom,1180.0,Education,2026-07-14T18:33:27Z,18.3
UClhsn2Ru4_4s2IJ0KrCkQ3w,Asela Ekanayake - Physics,374.0,Education,2026-07-14T15:53:33Z,18.4
UCrbE4N-InR83YqBZtOmGKug,SL Para Investigation,11500.0,Education,2026-07-14T12:30:16Z,18.6
UCOyT2Tvn5pE6VW4h23mCbhg,Maths with Harsha,174.0,Education,2026-07-14T02:13:46Z,19.0
UCI3sRzrfKcpm_MKTYmo9lZg,CodePRO LK,52900.0,Education,2026-07-13T12:30:08Z,19.6
UCP7bW-wX2pweVFH70yiEo_Q,Sri Lanka Medical Association,8080.0,Education,2026-07-13T08:25:48Z,19.8
UCoacybyOSucK1AFQCe_EwJg,bodhiTV sri lanka,1480.0,Education,2026-07-12T18:35:33Z,20.3
UCiWYjQX0yeoEruopL_RR5yw,Shehani Anuththara,20.0,Education,2026-07-12T15:00:10Z,20.5
UCmSPKygM8Nvi1wPeRw_gRnA,Hashan Geek,713.0,Education,2026-07-12T13:30:37Z,20.5
UCvljwUg-nZgJNoZauIIV6tA,Mahela Liyanage,2470.0,Education,2026-07-12T14:42:38Z,20.5
UCqZllVQ6lt8QJtUrnQ5Fzzw,NCEF SL,418.0,Education,2026-07-12T11:05:37Z,20.6
UC1jH-Ct7PP3SYtSy9zD64yA,Meiro School of Japanese,1590.0,Education,2026-07-12T10:03:49Z,20.7
UCIYUC72wUks_OSRV-0-76qw,BrandsArt,9.0,Education,2026-07-12T09:00:39Z,20.7
UCgFwEPjesVPealYxDA59G4w,LUB DUB,721.0,Education,2026-07-12T09:35:36Z,20.7
UCdb5bYQ1fAheVgf_04zBEwQ,Information E-Money,11000.0,Education,2026-07-12T07:58:46Z,20.8
UCzi2M8XwF0xRon_Z6LhM0UA,Best To Learn,5520.0,Education,2026-07-11T17:58:13Z,21.4
UCz8PUhYCR6pHTVQZqtAJKFw,Pradeep Dissanayake,6060.0,Education,2026-07-11T13:35:55Z,21.5
UCVxYtZ-CJ-C4_KVxjXfpW7w,Ushan Bro,91900.0,Education,2026-07-11T12:25:08Z,21.6
UCsnCixtlCIMp7gH6X5uswZg,SHATOON,12700.0,Education,2026-07-11T11:30:23Z,21.6
UCCKp8UXlGm8frgpY9heHSAg,Ghost Python Academy,955.0,Education,2026-07-11T07:37:34Z,21.8
UCj5dmKmfkAR5Y4y_d9FW3og,Korean Collage ,10700.0,Education,2026-07-11T03:29:23Z,22.0
UC4FYm_MiOIzOpKUysPHR-8w,Maths DalaAththu,20.0,Education,2026-07-10T13:30:12Z,22.5
UCvjZ9vJOPpr9vOAi2UNe3kg,SW Cube Master,10600.0,Education,2026-07-10T13:44:20Z,22.5
UC1A_9N2Mg0q2LDrfKLWFPSw,Sameera TechBro lk,503000.0,Education,2026-07-10T13:26:57Z,22.6
UCk_tkfNMtl9OVfc4BCN5eGg,Theekshana D Abesiriwardana - Combined Maths,479.0,Education,2026-07-10T10:39:16Z,22.7
UCcMWbB5GUQlIJMo8vrWl3Bg,SL Tag Show new,11600.0,Education,2026-07-09T13:45:11Z,23.5
UCfAeNe2qXKk5slB2sF4vKDw,Mr Loku Putha ,838.0,Education,2026-07-09T14:44:08Z,23.5
UCxo2vmbl7cIT3p7hojtkZsA,Real Money SL,5830.0,Education,2026-07-09T13:30:01Z,23.5
UCCHjSTQREA19wpNwbo260dg,Fluent Talk LK,4170.0,Education,2026-07-09T10:30:20Z,23.7
UCnshye-RhraZYwmM6XYeLeg,Place 1 Maths,10000.0,Education,2026-07-09T11:00:32Z,23.7
UC00vtrikOjfXvPYVdCk6h-g,3 in 1 Learn With Hasitha Hettiarachchi,23200.0,Education,2026-07-09T03:30:18Z,24.0
UC28QOqy4nLwECRs65fahlIg,Infinity Learning Space,2800.0,Education,2026-07-09T03:30:06Z,24.0
UCi3A1rShO1BzkQeXjOU-pkw,pramodya1st,890.0,Education,2026-07-09T01:30:37Z,24.0
UC4yIHRo3qoEWK4AaSUxcdwA,Puduma AI,12000.0,Education,2026-07-07T16:21:59Z,25.4
UCvHt1_CnzMfEBcn97O7PiAw,FRENCH with teacher IRESHA ,1700.0,Education,2026-07-07T18:10:59Z,25.4
UC_QsdLlsmhLT6uH_xgK97Vw,AmilaGuru - Chemistry,19600.0,Education,2026-07-07T14:52:42Z,25.5
UCHpfVofNf7_QA3gux58C3vw,Study with SAJEE,58500.0,Education,2026-07-07T11:30:10Z,25.6
UCNYhnqVsEOBVKoRO6ZNK-Xg,Milestone Diary ,503.0,Education,2026-07-07T12:50:26Z,25.6
UCYfuJoPD9YCkqHLhDy-0kUQ,Dainika Athdakeem,1240.0,Education,2026-07-07T11:34:40Z,25.6
UCD2d3Qn2XFp3RkUq4FlR80w,Sri Network,56100.0,Education,2026-07-07T11:00:06Z,25.7
UCmc1GRcWKWuxqhA5gZArasw,Thasanthan,90400.0,Education,2026-07-07T05:55:35Z,25.9
UCVc_jmqkqUNgEqBZ2pxOyyA,SD Lesson,4740.0,Education,2026-07-07T02:21:07Z,26.0
UCoq-esaiThmy5HvMXDi9l8g,GoodLifeTV,326.0,Education,2026-07-06T21:45:41Z,26.2
UCW8EhWXH-rFAlmuU79QOVVA,SL E MONEY,101000.0,Education,2026-07-06T14:30:40Z,26.5
UCdBa6c5Aj2_rEFFSwlxDhlw,Fall Forward,0.0,Education,2026-07-06T15:20:21Z,26.5
UCnXm5HDfvVM4sXf45Q52qAg,SL Easy Work Shorts,614.0,Education,2026-07-06T12:30:37Z,26.6
UCjPgam2UGpF3EWkiHfp-0EQ,ProgrammingClass,370.0,Education,2026-07-05T15:40:15Z,27.5
UCQPO_C0T1tNwxM7C6XDtWdw,Money HuB LK,28700.0,Education,2026-07-05T11:26:56Z,27.6
UCb9Qkzmz89cxREP9fhGgClA,LDL Vibes,1020.0,Education,2026-07-05T12:38:00Z,27.6
UCob2nB-OJ0dmsTjq3qPWibw,English with Sanjana,2010.0,Education,2026-07-05T11:06:47Z,27.6
UC_7Jqqz_coq4yn0Fm7B_tIA,Sri Knowledge,15100.0,Education,2026-07-05T10:52:04Z,27.7
UCA3ySoIja49MCS54EJSv50w,DC Academy,18700.0,Education,2026-07-05T06:35:54Z,27.8
UCXO2GYY8mFe0WTlIu81ZkuA,English Vaccine ඉංග්‍රීසි එන්නත,2380.0,Education,2026-07-05T04:36:30Z,27.9
UCDDMT8Tt5iiCh6owjj8R7xw,LIFE ALERT ,19800.0,Education,2026-07-04T13:30:27Z,28.5
UC1h_aaTcmTzrff8ifpPUTZg,Octave Studio - Kanishka Jayasekara,3650.0,Education,2026-07-04T13:16:30Z,28.6
UC520N8emmpTggSJxVycWwCg,Samadhi Bhawana / සමාධි භාවනා,13700.0,Education,2026-07-04T11:39:24Z,28.6
UCJ0e5l_v7pJpcrtPBBDKk4g,Kalhara Bro,15200.0,Education,2026-07-04T12:15:19Z,28.6
UCmiaax5BUtJnA2wgQk1tSBA,Dinuka Wijesinghe,295000.0,Education,2026-07-03T12:48:30Z,29.6
UCHNytuiwfPoT3DxwT-rUnrA,JMC Jayasekera Management Centre,36600.0,Education,2026-07-03T09:29:04Z,29.7
UCtnr6oJUddg5npF1iQVVpBA,TAMIL WITH MADU,6710.0,Education,2026-07-03T05:01:55Z,29.9
UCd1_QM_78NyRRCZUqD79j-A,Color Palette 94,2050.0,Education,2026-07-02T16:43:53Z,30.4
UCHEyDgW8Q_IkoAxJdTvzDDA,Tamil with emi sir,2990.0,Education,2026-07-02T11:29:37Z,30.6
UCR5QQj2OmHlkinNwPb1WdVQ,Shanaka Technic,1010.0,Education,2026-07-01T14:42:53Z,31.5
UCGlTU_LhPIt2SFbLR087T0Q,Shenal Space,6440.0,Education,2026-06-30T20:58:31Z,32.2
UCZkzdOdlNjlehffREzyhWFA,Hangul Lanka,160.0,Education,2026-06-30T12:32:57Z,32.6
UCJ9f0cswE2rRuFDplR1ZKsw,නිරපේක්ෂත්වයේ මග,78300.0,Education,2026-06-30T00:07:49Z,33.1
UCMpLgnmq-6fYFbXFrYyx40g,Paradise of Dhamma,15300.0,Education,2026-06-29T17:10:13Z,33.4
UCXIpjjAEPlrkul8PD9KMIGA,Thamankaduwa Television - TTV - KIDS,81200.0,Education,2026-06-29T13:46:02Z,33.5
UC2uIBuDCo8fjbyG_bcsXYJg,Royal College Computer Society,1710.0,Education,2026-06-29T11:45:31Z,33.6
UCFfE9w8ySpFlvK-xM4AVXpw,CivilMix,7830.0,Education,2026-06-29T11:22:10Z,33.6
UCiuSiMU2qUs7P6kk8BOUrDw,Studyy Buddyy,137.0,Education,2026-06-29T10:46:36Z,33.7
UCpzXDWF8sBism_wcQk7nX6Q,Ceylon Investors,16500.0,Education,2026-06-29T02:39:26Z,34.0
UC048IJs8eLMSHiSoMvqrcoQ,Lasantha IT,7900.0,Education,2026-06-28T14:39:09Z,34.5
UCcp2mUsvQyMAA4gyeEIn23w,Daham's World 🇱🇰,45.0,Education,2026-06-28T07:03:11Z,34.8
UCeGp3Ufdx7yAB38h2hNqqBQ,Nipunadhamma නිපුණධම්ම,13900.0,Education,2026-06-27T00:37:09Z,36.1
UCopgzf5oXMx73k8xygmPs5A,Colombo IR,245.0,Education,2026-06-27T00:39:33Z,36.1
UC66-kRgIQMYU9v_0EDKKmIQ,Manjula Dissanayake | ආසම PHYSICS,1870.0,Education,2026-06-26T15:09:02Z,36.5
UCAZo0DAtgDTX73DoKNOeULQ,Ranjan Krishantha,21400.0,Education,2026-06-26T15:21:19Z,36.5
UCDyIRrdrZ84zYvYYI3Kk9tQ,REAL PIXELL,773.0,Education,2026-06-26T11:00:05Z,36.7
UCHfsbuR7vP6OqJC5GkTyuJw,The Label Journal,35.0,Education,2026-06-26T06:30:14Z,36.8
UCwnqMqE4A1ExzBDddUBwEng,A 2 Infinity,1730.0,Education,2026-06-25T04:22:52Z,37.9
UC3mw97T2NNVqBxI7SkXkp9g,SFT පරපුරක අනාගතය ,83.0,Education,2026-06-24T08:51:10Z,38.7
UC8Edx3pwrcX9Tc60sdVKH7w,MusicM ,8030.0,Education,2026-06-24T10:30:16Z,38.7
UCqTYKBjtI5Koy-Q8VMi4DjQ,PhysicsPapers Plus,218.0,Education,2026-06-24T07:37:10Z,38.8
UCWRTzkpIjiOCXUB1_zf6Ysg,Senth Vyra,12100.0,Education,2026-06-23T13:53:19Z,39.5
UCnqySECxHgGPd5DIfcTjIdw,Flearn Academy,3020.0,Education,2026-06-23T13:30:04Z,39.5
UCU2FOsGKUzBKTvoxxx0wYng,RDH Cooking & Asmr,19600.0,Education,2026-06-23T12:46:39Z,39.6
UCPWk9Mj5EBg3r6SFL48ZHpQ,Dr. Anfas Farook - සිංහල,1660.0,Education,2026-06-22T17:02:45Z,40.4
UCozO4vwoZDfIDRmvbStlweA,Lady's Vibe,23800.0,Education,2026-06-22T15:30:06Z,40.5
UCj-SGlRShPgyimt4PmqlGJA,Peralikaraya ,645.0,Education,2026-06-22T11:00:13Z,40.7
UCcwFQw12-oCR52II8BlF_sw,Dr. Anfas Farook - தமிழ்,3000.0,Education,2026-06-22T08:09:01Z,40.8
UCFMd95i3LHqSVRmZ7KIuXyw,Wisdom Plus LK,95800.0,Education,2026-06-21T12:00:06Z,41.6
UCUfiUFHEe3DEtsSclgDpnYg,ISMM - Sri Lanka,564.0,Education,2026-06-21T11:19:49Z,41.6
UCljHx_I9EwvIBa0MdwYJBjQ,Heshan Tutorials  ,1950.0,Education,2026-06-21T11:30:13Z,41.6
UCmzXku7wz25w9EOCu31cU9g,CIPM Sri Lanka,4490.0,Education,2026-06-21T06:14:30Z,41.9
UC56HPjeRngN3-2LSNlp80yQ,Kavindu Academy ,1510.0,Education,2026-06-20T18:15:41Z,42.4
UCWvDO4uMxmOBCZ6OOOT00GA,Droid Apps,13500.0,Education,2026-06-19T14:30:24Z,43.5
UCbEgjt5X7RukN-W6-EgGGTQ,Nandana Perera,30700.0,Education,2026-06-19T13:07:54Z,43.6
UCEqE65cypxRbA30Z-0WNsUg,Future Boss,1000.0,Education,2026-06-18T13:08:26Z,44.6
UCtCKnQ9YZZA6yg8TDkP5e9g,Hari Apuru Sinhala Miss,124000.0,Education,2026-06-18T12:17:35Z,44.6
UCAjr5l1_rYvVDFYYtrY8tnQ,Ceylon Survival,38400.0,Education,2026-06-18T08:06:52Z,44.8
UC6N8owp4iWdtQdW2OOhycNw,Gau & Githi,86.0,Education,2026-06-18T05:53:19Z,44.9
UCWrRyhDLvvoun3gD3UD7jfA,BolgodaPlains FGSUoM,374.0,Education,2026-06-17T12:00:44Z,45.6
UCmkBZBgF9iyjlqZTHArskqQ,GOLDCeylon,13000.0,Education,2026-06-17T04:16:18Z,45.9
UCUXV0cbhlsrtRqeaf5VQN7w,RajCAD,3440.0,Education,2026-06-16T18:45:19Z,46.3
UChqwyYeyLdgUdHaKI3zaEFA,Punchi Danuma School,18100.0,Education,2026-06-16T15:45:04Z,46.5
UCc6L-RCSw0zncGqOYKFaOSw,Mr Sampa ,45100.0,Education,2026-06-16T05:30:16Z,46.9
UCPJRyVMslYZB9txkVavuAVA,umesha rathnayaka,510.0,Education,2026-06-15T12:23:23Z,47.6
UChhDpCBY_E-EKRWpKBSFE3Q,SL Known,3750.0,Education,2026-06-15T11:30:41Z,47.6
UCFpYYMc1VHmsiPIsxsmEmQw,Sakya Education Institute ,707.0,Education,2026-06-14T15:34:13Z,48.5
UCBzuvZaqIhhv4vU_eAjextw,Hima Acedamy,94100.0,Education,2026-06-14T13:17:21Z,48.6
UCslRW-MtsSb28fIxLf7bxiw,Comz Gura,206000.0,Education,2026-06-14T12:30:35Z,48.6
UCjfXZj2Tq8xLfMs-clIcJvw,Advice in TamilJS,1090.0,Education,2026-06-14T09:17:12Z,48.7
UCyGIacNQhBGETxyD3uLZ61Q,Kavishka Dissanayake,208.0,Education,2026-06-14T03:43:19Z,49.0
UCbFoFX4MlKF8fCRcPF-oyWA,Faseel iTech,2400.0,Education,2026-06-13T16:06:37Z,49.4
UC09sl2wqV4IEHioyGzMuJGQ,Right Chapter,1080.0,Education,2026-06-13T10:37:22Z,49.7
UCkyy6Qt_xsyOd_xL-IEZ4jg,Smart Agri,27700.0,Education,2026-06-11T13:15:02Z,51.6
UC40PYJIMcSdbvEyouR9iHzQ,Dharussalam ,2410.0,Education,2026-06-10T17:04:57Z,52.4
UCuqV-zm8RMywAVuAWz7vuUw,Hari Hawa Readers,1850.0,Education,2026-06-10T09:49:56Z,52.7
UC9_BXfMCTLKamrfMbB8L4Cw,Beautiful Nature,32.0,Education,2026-06-08T18:00:21Z,54.4
UCFt4pdP-SVhGaxP7_nizNxg,dilshan im academy,240000.0,Education,2026-06-08T13:36:55Z,54.5
UC6kzS2LU6C7SNln4MShqDGw,English & Tamil Hub,21.0,Education,2026-06-08T09:59:39Z,54.7
UCe9xGtZcuoDYP-dG3eliVog,Seemawa - සීමාව ,33400.0,Education,2026-06-08T04:04:26Z,54.9
UC7Yz8O2BxXSLKvINKY6oFFw,ime creative,6060.0,Education,2026-06-07T17:34:08Z,55.4
UC25afovsrhvtrli23D2rkFw,Adomic,12000.0,Education,2026-06-07T14:51:45Z,55.5
UCcbSZseEBpWqrIpOwKBqLBw,Layer Graphics ,168000.0,Education,2026-06-07T11:37:45Z,55.6
UCpBQYYkeDB90Wne27u3CISg,Siblings Creations,285000.0,Education,2026-06-07T09:30:21Z,55.7
UCM1uPSLwnsI-BmWsteG8Psw,NextCareerJobs,1810.0,Education,2026-06-07T04:09:26Z,55.9
UCNuuu8A4VlBhH1eZRyQrxlQ,Seafarer LK,14300.0,Education,2026-06-06T08:01:29Z,56.8
UCYlfVxEfueWkdhLHYiNnD6w,Chathuranga Bandara - Mathematics,1940.0,Education,2026-06-05T12:30:37Z,57.6
UCp4lEV1j8dn0qfOnDtsjb-w,MCS School of Computing,2340.0,Education,2026-06-05T10:03:54Z,57.7
UCAd1dyoVhEdnQi0Hp400P2g,Tuan Ramees Rajap - Corporate Training,2680.0,Education,2026-06-05T02:14:51Z,58.0
UC-BRmOgPfhweFui6Z7MSDsg,Medicine සුවය,12700.0,Education,2026-06-04T18:26:23Z,58.3
UCdCEVfyN0mWj5_MufKidubw,e-thaksalawa,69200.0,Education,2026-06-04T07:37:34Z,58.8
UCINkWb18C9ANZLU2jxR0vmA,SHEHAN EDU GUIDE,1080.0,Education,2026-06-04T05:42:02Z,58.9
UCEZoHWdBqOLxYrNArKVjI_g,Twinkle Bliss,988.0,Education,2026-06-03T13:27:06Z,59.6
UC0fnN8-CgXOlHLjGc78e-0g,UDAYASHANTHA VIDEO  Culture in Sri Lanka,69200.0,Film & Animation,2026-08-02T01:29:12Z,0.0
UCILFY0DK2vcnnnTAgWrX-xw,HCN_PRODUCTION ,11900.0,Film & Animation,2026-08-02T02:22:50Z,0.0
UCUjrGH_aRUuOP-BGBAQyZOw,Pocket Cinema,12400.0,Film & Animation,2026-08-02T00:30:22Z,0.1
UCh2Xwe7on2Oa2MBtk8zvEuw,Katath Cinema,9190.0,Film & Animation,2026-08-01T23:00:09Z,0.2
UCDhV2dS5kewSaccFl9g66sw,Chamika Photos,570.0,Film & Animation,2026-08-01T18:30:26Z,0.3
UCT5hbklvvx8zBkc26IzPQHg,The Unknown Boy,1280.0,Film & Animation,2026-08-01T18:22:45Z,0.3
UC35oZgra9TA5Vxr9PrTjRyg,Tharun vlog,16900.0,Film & Animation,2026-08-01T13:44:24Z,0.5
UCoe7M9QIuCkZ3R0JEqIIBAA,Cartoon siya,15900.0,Film & Animation,2026-08-01T15:02:13Z,0.5
UCzXVxRmgawPeuyYCcbhBdUw,Sl Film House,15100.0,Film & Animation,2026-08-01T15:35:13Z,0.5
UC0RWGQFXExJPSdMNf9VAiHg,C Puter,151000.0,Film & Animation,2026-08-01T12:00:26Z,0.6
UC0xD4bzto2wp16mXMdHgBVg,Sankalpa සංකල්ප,14600.0,Film & Animation,2026-08-01T12:00:31Z,0.6
UC1ixNJgWmSq34rDBnh78CTQ,𝗧𝗛𝗨_____𝗦𝗜_____𝗬𝗔🦕😫,18200.0,Film & Animation,2026-08-01T12:30:14Z,0.6
UCGG2hIW0ZqagoM7__Gh2emw,Cook with Mawee,10100.0,Film & Animation,2026-08-01T13:00:02Z,0.6
UCa79Dm6QBH4i8PAmTrfQPXQ,RecapsLK ,7440.0,Film & Animation,2026-08-01T12:30:34Z,0.6
UCle34dvTBAMXQaCPX9kxuJw,cartoon kathandara world,35600.0,Film & Animation,2026-08-01T11:30:20Z,0.6
UCnOdVtDQL3J0U-v2EVT7Gsg,SL Cinema,1400.0,Film & Animation,2026-08-01T11:30:17Z,0.6
UCDqy-V3qY-xtSmiRHlZIWWQ,Sharon cakes Negombo Sri Lanka,96.0,Film & Animation,2026-08-01T08:51:28Z,0.7
UCR3nGOOIQNxWyGFn8a0cIGw,Premium Theater,15200.0,Film & Animation,2026-08-01T09:30:38Z,0.7
UCYu4WywARv9NAIuV-kF8Fmg,Silonik- සිලෝනික් ,643.0,Film & Animation,2026-08-01T10:55:20Z,0.7
UC6bzvptmMs-55N0wLt27-GQ,SL Business and Tech M,97700.0,Film & Animation,2026-08-01T04:43:56Z,0.9
UC151dtdh5iXFd-0IRkt7DDg,Sinhala cartoon,89800.0,Film & Animation,2026-08-01T01:45:00Z,1.0
UC4j4HUyjjgMALWnjN1v7z7A,Rupavahini Animation Studio,750000.0,Film & Animation,2026-08-01T02:00:06Z,1.0
UC5yW2uhi5gYssl3REs2QLLg,Reeltalks,8330.0,Film & Animation,2026-08-01T03:30:28Z,1.0
UCBz-ihRqwVORpkc4GxvaaPA,SL Film One ,116000.0,Film & Animation,2026-07-31T16:00:50Z,1.4
UCKdCJ4H-bWf48svKYdaFZhQ,SL Cinema Yathraa prime,9450.0,Film & Animation,2026-07-31T16:36:06Z,1.4
UCOmviBpngMg-QGJatzw7hxg,Sahe Recap,13400.0,Film & Animation,2026-07-31T16:44:20Z,1.4
UCT9HVoFvXUOUpnCPvUt4l5Q,Akash film Bro,11.0,Film & Animation,2026-07-31T16:06:24Z,1.4
UCDLJ56xJBl8heeTFRRpK9xQ,Flick Click - MovieRecap,29700.0,Film & Animation,2026-07-31T13:30:15Z,1.5
UCeD4H8WtcfGcFeoVXBFQ34w,අමා සුවද,5210.0,Film & Animation,2026-07-31T13:30:06Z,1.5
UC4HY_G18OzcY63vhq-3Gw0g,Inside Cinema,514000.0,Film & Animation,2026-07-31T12:30:03Z,1.6
UC9mVbiRT4STi4TmCNJ89O9w,hgstormtrooper vlogs,212.0,Film & Animation,2026-07-31T11:31:48Z,1.6
UCNegsuGc742ezJnIYrzKgBQ,Ceylon Movie House,285000.0,Film & Animation,2026-07-31T12:28:00Z,1.6
UCXqtmz8saUL-pAMLe5MxHlg,Anushka Dilhan Official Youtube Channel ,3480.0,Film & Animation,2026-07-31T13:01:24Z,1.6
UCia0GEySgfL4Ek272EigC7A,Cartoon Waththa,7540.0,Film & Animation,2026-07-31T12:20:11Z,1.6
UCss5XPD21HiHYZ4DcCRQfPg,Ceylon K-Drama's,3690.0,Film & Animation,2026-07-31T12:30:39Z,1.6
UC-QzvI-llqe5kiZl-Amrd8Q,LK VOICE,366000.0,Film & Animation,2026-07-31T09:53:27Z,1.7
UCM2aWgUf3p5baPX6kx14uBw,Cine Hub,1890.0,Film & Animation,2026-07-31T10:15:28Z,1.7
UCPRmXiMVjB_P7SCKFPqZXlQ,Suresh Gamage,4350.0,Film & Animation,2026-07-31T08:48:47Z,1.7
UCZFZrF8lZizsW3io-ONv_Ig,Heart of Cinema,149000.0,Film & Animation,2026-07-31T10:30:33Z,1.7
UCS4etFvWLvhVowAmj4dn45g,sinhalaCartoon,234.0,Film & Animation,2026-07-31T03:20:38Z,2.0
UCmM4xWoq5UiSSYKeZGlFFNw,Kavindu Randima,3330.0,Film & Animation,2026-07-31T02:42:42Z,2.0
UCHrjPef58odmjGI-2rfIjZw,සඳනි මලීෂා Sandani Maleesha,1680.0,Film & Animation,2026-07-30T13:40:00Z,2.5
UC0Hd0uu4ur5gRjrZ5xTef8g,Next Films Explanation ,21500.0,Film & Animation,2026-07-30T12:30:06Z,2.6
UC_9GQ045StWmLbUGnQjcPBw,SO WHAT (SL),80400.0,Film & Animation,2026-07-30T12:15:14Z,2.6
UCzbNcmb_KqkshNRvL74pZXQ,Sl toon camp,7550.0,Film & Animation,2026-07-30T12:13:15Z,2.6
UCfTCfcZwZ9U0jMO-6fVEYoQ,Arogya - ආරෝග්‍යා,782000.0,Film & Animation,2026-07-30T08:30:22Z,2.8
UC3FsibMdogiijod4BvUJGaQ,Veronika Jordan,81.0,Film & Animation,2026-07-30T05:55:54Z,2.9
UClUhXcSQ8t0mvGY6PhwHRPw,Asidisi media ,5400.0,Film & Animation,2026-07-30T06:08:19Z,2.9
UCylhkgEGRNcr-hWRfx8KxzA,Aruna Gunarathna,15400.0,Film & Animation,2026-07-30T05:00:18Z,2.9
UCMZ4ERTbgtaywOuM_B55ePg,Shan Rathnayake,2420.0,Film & Animation,2026-07-30T01:30:39Z,3.0
UCfbPqthcdo_1_KHyU4kMiRg,Cinema Kathandara,22600.0,Film & Animation,2026-07-29T13:30:15Z,3.5
UCp_BOe2cFg9HH0FGsi9JZJg,Sinhala cartoon home,54000.0,Film & Animation,2026-07-29T12:30:11Z,3.6
UCuXYbLlJCB1WL5_KFpkFPKw,CinemaScoope lk,591.0,Film & Animation,2026-07-29T13:09:23Z,3.6
UCx2s_sJ7YeYd078zbmEVwug, Film Hamster,9360.0,Film & Animation,2026-07-29T11:30:17Z,3.6
UChJNuZT3z0C73igXBiFS24w,Cinematic World ,379.0,Film & Animation,2026-07-29T07:46:02Z,3.8
UC1k6-TBSzYvANKKu2zcSjcQ,Cinema Lanthaya,65500.0,Film & Animation,2026-07-29T03:03:23Z,4.0
UCkbABs_u0L-braOorFRgafQ,Gabura,351000.0,Film & Animation,2026-07-29T00:30:06Z,4.1
UCYXXppvZSxDSYt8-1XBei-w,Get fit with Dilshan,689.0,Film & Animation,2026-07-28T18:10:20Z,4.4
UCJ2nMQXvZ13-rsWWHIOIECQ,Wilpattu Sri Lanka,6650.0,Film & Animation,2026-07-28T13:02:10Z,4.6
UCXWZGzBJjw0VUPU3Em5gFlQ,NIPUN AI MOVIES SINHALA,496.0,Film & Animation,2026-07-28T12:30:10Z,4.6
UCgHlPm2GweC7f8JaynbQRQg,𝗞𝗮𝘁𝗵𝗮𝗻𝗱𝗮𝗿𝗮 𝗽𝗮𝗻𝗰𝗵𝗶 ,38300.0,Film & Animation,2026-07-28T11:45:59Z,4.6
UCqtfH9kOyFtU5vXMDQLQopQ,DS musical hunter,250.0,Film & Animation,2026-07-28T12:40:08Z,4.6
UCv-DEx07c4SSKn55MiB-Wzg,රසකතා Toons,20400.0,Film & Animation,2026-07-28T11:46:24Z,4.6
UCq_7vQg_7NcbDTzVP9qxmgg,Lowen Eha,11100.0,Film & Animation,2026-07-28T09:00:21Z,4.7
UCy3o2K5NnN1zem5-JjhrorA,Picture Bazzare,159000.0,Film & Animation,2026-07-28T10:15:19Z,4.7
UCqsAQeEdyCt0pLd-mREutNg,Mandara (මන්දාරා),14500.0,Film & Animation,2026-07-28T04:28:05Z,4.9
UCU61_hys4AeiR3wSoZ_cxHg,Niro Recap,2230.0,Film & Animation,2026-07-28T01:30:38Z,5.0
UCM0S95h2dO5Jv9RXvvLoIew,HANZZPASI EDIT,36500.0,Film & Animation,2026-07-27T20:28:59Z,5.3
UCM9JuGbIdxynU3whYJhJOxg,කතන්දර කුටිය ,302.0,Film & Animation,2026-07-27T13:06:13Z,5.6
UC0xHX8gNJzWCFU4J0kP9JQw,Bs Music,43300.0,Film & Animation,2026-07-26T11:40:00Z,6.6
UCpen4pxB9xwzERVXhpiBIBg,U - Diary,193.0,Film & Animation,2026-07-26T12:50:52Z,6.6
UCAvoCBJ72wT6nT7BZzeaPCA,Kalum Bro Official,624.0,Film & Animation,2026-07-26T10:10:38Z,6.7
UCxKGzirxiaemHjk7wVTR8AA,Magical Movies,1020.0,Film & Animation,2026-07-26T09:30:48Z,6.7
UCeIi7PRx_N5nTkU90r7_ykQ,SL Made,398000.0,Film & Animation,2026-07-25T16:00:23Z,7.4
UC0BvqvVDn_LtckO6kLIl8BQ,Sahe Films,96200.0,Film & Animation,2026-07-25T14:23:24Z,7.5
UC39FvBfDKznDjFYWPPZ8FEQ,SLM Review,5300.0,Film & Animation,2026-07-24T12:35:57Z,8.6
UCpSJ86vrKvGmV63s0AzVhUg,𝗔𝗗𝗛𝗜-𝗠𝗔𝗧𝗛𝗥𝗔-𝗤𝗨𝗢𝗧𝗘𝗦,178.0,Film & Animation,2026-07-23T12:54:14Z,9.6
UCYwgbhEMB7gXKNcV3tyegZw,PERA viDs😍💖,1400.0,Film & Animation,2026-07-23T10:32:06Z,9.7
UCgZdh_Kb8s8LYMytDcMSBbw,රසකතා Toons 2,11100.0,Film & Animation,2026-07-22T10:55:02Z,10.7
UCxEUUXpOFlVyBC9sf73Isow,Kathandara Potha - කතන්දර පොත,35100.0,Film & Animation,2026-07-22T01:45:51Z,11.0
UC67FGllWTleuqXc5uxE0aJg,Sky Cinema,7700.0,Film & Animation,2026-07-21T15:01:21Z,11.5
UCo1_q30sNhMQIeSL2hQ8OyQ,The Wolfy's Cave,615.0,Film & Animation,2026-07-21T14:35:16Z,11.5
UCCDeMi1ZOnoWta_ULUNDFmw,RASA KATHAWAK -රස කතාවක්,1610.0,Film & Animation,2026-07-19T20:19:08Z,13.3
UCiwOYqQCfcQ-iV5VIguQcKA,Teshi baba cartoon ,6170.0,Film & Animation,2026-07-19T11:19:41Z,13.6
UCbm-Wuof0e7JEqvE8Da4D0w,Shanaka Nimesh,986.0,Film & Animation,2026-07-17T07:42:55Z,15.8
UCWtVXNcUkzqMmx0dQw2wh1Q,SL Cinemax,5240.0,Film & Animation,2026-07-16T13:30:11Z,16.5
UCa35dxzLV_EvJq3hpy8K23g,Chiyo Cartoon ,3110.0,Film & Animation,2026-07-16T11:49:41Z,16.6
UCbxfCGwaV-ipmYbElzAVBnA,MIND RANGE,100.0,Film & Animation,2026-07-16T12:02:38Z,16.6
UCnRozrOdQHOjmgfOobDZyUg,Power of edits-RA,1540.0,Film & Animation,2026-07-16T09:30:57Z,16.7
UCSkEzdQcGt4IexzoQhQO81w,Review Arena,136000.0,Film & Animation,2026-07-14T13:30:40Z,18.5
UC8-hQvmKBaEHtk9_0OfF4HA,CeylonHD,1510.0,Film & Animation,2026-07-13T18:30:21Z,19.3
UCMNaxF22tMr_rcNI5fkUkYw,ℂ𝕃𝕂 ℂ𝕀ℕ𝔼𝕄𝔸,28500.0,Film & Animation,2026-07-13T13:03:55Z,19.6
UCK1KrPXgXaam1S6fF8rRQSg,කතන්දර ගෙදර,7820.0,Film & Animation,2026-07-12T04:06:19Z,20.9
UC_MEvo7RZXX8wrRz78I7OIg,SL Review Spot,468.0,Film & Animation,2026-07-11T10:40:27Z,21.7
UCTExc-kNBRa35t6c0E4uNwA,Cinema Plus,159000.0,Film & Animation,2026-07-10T12:45:12Z,22.6
UCS00preUqXYy1PDLHwDBooA,Baiscope TV,182000.0,Film & Animation,2026-07-09T15:03:34Z,23.5
UCevIJwUaxXaZviOJEZYaAqw,Animation මීටරේ,1670.0,Film & Animation,2026-07-09T00:30:34Z,24.1
UCSUv-kHT_pNdgPYCDPGB-dA,chuti  buhuti ,385000.0,Film & Animation,2026-07-08T18:16:39Z,24.3
UCPNrO0ttpyhUv1ys6GiIWPQ,NI LOKAYA,67.0,Film & Animation,2026-07-08T17:17:10Z,24.4
UCCwOzy0ryAUOTHmPBcPTdAg,AKKU BOY RT,3770.0,Film & Animation,2026-07-07T22:58:52Z,25.2
UC_JZSut6C3cNn_5G_imKHWA,Anduru Lowa ,26500.0,Film & Animation,2026-07-07T14:57:35Z,25.5
UCr1eecmGCImVaHQA2dUCScw,"Theme Songs ""තේමා ගීත""",66300.0,Film & Animation,2026-07-07T11:24:14Z,25.6
UCpbFL0_FIHsmDlPmbiMprtw,Topthings[Sinhala],1820.0,Film & Animation,2026-07-06T12:30:06Z,26.6
UCawsQqwtxMc9j3uCPC_J3-g,සුදු චුටි සහා බල්ලා බුට්ටා ,1090.0,Film & Animation,2026-07-04T01:52:56Z,29.0
UCSfj_jMvyjLuyzA_P6l0lkA,Dubbing Podda,2260.0,Film & Animation,2026-07-03T15:51:08Z,29.5
UCPGAhH3paznJZmHl1UZiYVg, E.D.UPDATER SRI LANKA,67.0,Film & Animation,2026-07-03T08:15:37Z,29.8
UCyW0_d5tU2wIWTB7OyW0OAg,Animize toonz,43300.0,Film & Animation,2026-07-02T12:50:15Z,30.6
UCg4wbeUewWattAeNne3Wq7Q,hichcha bro,943.0,Film & Animation,2026-07-02T08:21:38Z,30.8
UCMfl1Cpuo6gWKLr_g4JAMyg,MSA කතා,2630.0,Film & Animation,2026-06-30T09:34:22Z,32.7
UC_wwoTRI_FShp7EJzNoJaHg,YP TOON,5120.0,Film & Animation,2026-06-30T03:51:03Z,33.0
UCAy__Kz_rs7aY3788AZtuRQ,KMD 1000,100000.0,Film & Animation,2026-06-28T14:49:42Z,34.5
UCI6P9qehqSrDgjBTUBZgxNQ,Sinhala Cartoon Studio,143000.0,Film & Animation,2026-06-28T05:32:02Z,34.9
UCD2jNLKw1gVcRjmcKJk548A,Cartoon Toons ,10500.0,Film & Animation,2026-06-27T05:15:01Z,35.9
UCUJSAxVC8YKetMnFSABZG_Q,Nadeera Udayanga,76.0,Film & Animation,2026-06-22T13:51:02Z,40.5
UCz35kJcUa5wWHHd5OXRzCLA,Film Sinhalen,1250.0,Film & Animation,2026-06-20T05:31:38Z,42.9
UCQUkdTzhYwC0kenNkHpGppQ,Madu Toon,223000.0,Film & Animation,2026-06-19T10:00:22Z,43.7
UCV1RRC7bw-DhTDMJt6U2POw,"ජිවිතේට යමක්,jiwitheta yamak",26600.0,Film & Animation,2026-06-15T11:40:04Z,47.6
UCySxJTUVoiIBwzMmTTA4dwA,Holman Katha,3550.0,Film & Animation,2026-06-13T09:46:02Z,49.7
UC9TecFeXcpoJXwzwvybTQBw,DeapSee,345.0,Film & Animation,2026-06-11T19:57:27Z,51.3
UCkZcfdSokQnbckvfNLf60CQ,With Miuranga 🇱🇰,1220.0,Film & Animation,2026-06-07T14:22:09Z,55.5
UCyxFAh6FbgMcQWcRJkjVVkg,සිංහල බයිබල් කතා bible story sinhala,14000.0,Film & Animation,2026-06-07T13:45:23Z,55.5
UClIdRLI9JEz3j-WQS0Q-oKA,SK Movie Recap,15000.0,Film & Animation,2026-06-06T12:30:28Z,56.6
UCzRIWgL-td2xeq8cPB_l4tw,KALI_CREATIONS,68.0,Film & Animation,2026-06-05T17:18:29Z,57.4
UC9iEv8PqeHuC3ZVt0QqN-pQ,B2 On Live,189.0,Gaming,2026-08-02T02:12:36Z,0.0
UCWwo8NBrDNOb5EEZadW3iWA,Gaming Hiru Live,14900.0,Gaming,2026-08-02T02:20:40Z,0.0
UCx7lEnwLHxO9yPjOotGb-bA,Gaming Wikuma,46800.0,Gaming,2026-08-02T01:30:30Z,0.0
UCzNxbzqN0to4GNb9otFuGJQ,Rikka Live,35100.0,Gaming,2026-08-02T03:16:27Z,-0.0
UCCQ3mUIQTv2Snhw5Os0Yo5Q,Dis-connect,10900.0,Gaming,2026-08-02T00:30:25Z,0.1
UCeeiFG5UuK2uTaX5SJ230oQ,GAMING WITH MADU,79.0,Gaming,2026-08-02T00:43:21Z,0.1
UCh1YbG4SC-R5fBxZgMMuRww,FUNNY CODM (MYTHIC SOPHIA SL) 👌,2960.0,Gaming,2026-08-02T00:49:09Z,0.1
UCuM3C7bjxZSQCCF97tyZP0w,Z9 Gaming,22200.0,Gaming,2026-08-02T01:13:36Z,0.1
UC4Pb9SEsCb1EpsXVYAVVajw,Crazy Gaming LK,2210.0,Gaming,2026-08-01T22:30:05Z,0.2
UC5_mCvFp3zgtxoX1W9yHHHQ,Ayoo_Yt,5750.0,Gaming,2026-08-01T21:22:03Z,0.2
UCQq_Qrz3HvOYtMm4gVIt7TA,RP - GaMiNG Live,35900.0,Gaming,2026-08-01T21:07:37Z,0.2
UCR6bwkq2RbGG12zWqD9YRvw,ChAbhi Streams,98800.0,Gaming,2026-08-01T21:20:27Z,0.2
UC0qps5j0_2WR6JxJxSVyjNg,XSTRIKER2084,40.0,Gaming,2026-08-01T18:30:08Z,0.3
UC265AWt6bbPKJcmpQwhif2A,Gaming Ragna L I V E ,1570.0,Gaming,2026-08-01T20:25:22Z,0.3
UCTa1uFOglX7CF-s38ECnRFg,Janith xp,1340.0,Gaming,2026-08-01T19:37:29Z,0.3
UCfxrtRajRgkbSCct-w7jErQ,mano games,98.0,Gaming,2026-08-01T18:30:22Z,0.3
UCgooj1ufFuOk6GD2jq8CbdQ,PradMaz,25500.0,Gaming,2026-08-01T20:13:48Z,0.3
UClWSTWnXSIOK34ySODMm8Ew,Pikku Playz,314.0,Gaming,2026-08-01T19:00:53Z,0.3
UC1yr5gC3ezNQwKBNlkX5pJw,Rjmi sanjaya,1300.0,Gaming,2026-08-01T16:30:33Z,0.4
UC3cLeuBcLQ2vwEbVfdlfXyg,𝙶𝙰𝙼𝙸𝙽𝙶 - Z Y R U X,2360.0,Gaming,2026-08-01T17:18:27Z,0.4
UC4EtZkAiRfpNl1QRxWTuXaA,Naboru (නැ බොරු),390.0,Gaming,2026-08-01T16:37:26Z,0.4
UC6yh7ac2hUGUbrZl_IXwoug,VINNA STREAMS,1540.0,Gaming,2026-08-01T17:36:02Z,0.4
UCBf296-OhUNfaDbtcYQ4RQQ,Iranga R,1820.0,Gaming,2026-08-01T17:06:14Z,0.4
UCEItJuaZGCe0BlGzRKruP0A,SL BUDDY BRO,10300.0,Gaming,2026-08-01T18:05:33Z,0.4
UCSSdxN7FMswC7GFnvVON-eQ,GAMING SHAN SL,28500.0,Gaming,2026-08-01T15:58:47Z,0.4
UCWdlxa-wrExxtK2_D5pRFew,ULTRA GAMING SL,836.0,Gaming,2026-08-01T15:54:03Z,0.4
UCpKHQzqFn8VhNKQVCNp2M1g,KoLa Gaming ,209.0,Gaming,2026-08-01T16:37:09Z,0.4
UCprmDoTgvTMCbo8CInSLBIA,I S U R U,33300.0,Gaming,2026-08-01T17:12:09Z,0.4
UCvjZ4gUMrdlIDaDx9pDS97A,Gaming with Dilla,1300.0,Gaming,2026-08-01T17:22:59Z,0.4
UCMd-Y13fuzRTpBKs1MlnjYw,Zone SL Noob,38.0,Gaming,2026-08-01T13:30:25Z,0.5
UCXJm14vFoWrYud1ZXCiHj3A,Beezz tube,7630.0,Gaming,2026-08-01T13:30:39Z,0.5
UCn1WQT3G332mV9zanKj1s7g,MzT Bro,8530.0,Gaming,2026-08-01T14:47:49Z,0.5
UCoQrhbL8EqaiWTywvgPlriA,The Oldest Dream (가장 오래된 꿈),97700.0,Gaming,2026-08-01T14:44:02Z,0.5
UCzzA3EbMy6Vzknmuc79k_aA,SL BOY 2,12600.0,Gaming,2026-08-01T14:55:17Z,0.5
UC0-UFP1d6OeVtl2VXYSquIA,DLP Gaming,60200.0,Gaming,2026-08-01T12:00:18Z,0.6
UC1GXX9hisqTO3S7ZHhoepXw,Brandan Dion - Gaming ,437.0,Gaming,2026-08-01T12:30:06Z,0.6
UC5NJWHF4x-DWCWgNGQfMqmA,GAMING BACKUP SHORT,16.0,Gaming,2026-08-01T11:30:05Z,0.6
UCAKbFSucxr0iLZDDkEp3gGw,GameOnFire_SL,2180.0,Gaming,2026-08-01T13:00:48Z,0.6
UCBUk51w4TcB2Joq2GOh7Peg,KN eXtreme,4540.0,Gaming,2026-08-01T12:38:15Z,0.6
UCIs94IGV3YMXRdVDRLpJZ6A,GAMING BACKUP ,205.0,Gaming,2026-08-01T11:30:17Z,0.6
UCKMHxntbjMQxwezTaVdDtFA,GAMING MR.D ,42800.0,Gaming,2026-08-01T12:22:36Z,0.6
UCP8e7Cg5xMHopflUKOFYl3Q,Chama Computers,21300.0,Gaming,2026-08-01T13:00:08Z,0.6
UCW_dWq1AfuNLqbZuoc6_Clg,GAMING KALU,2340.0,Gaming,2026-08-01T12:40:39Z,0.6
UChtQ7TCSKmvCIqonz1eto1w,LK Assassin,5500.0,Gaming,2026-08-01T12:27:49Z,0.6
UCnXo7qPfBjQm8Tymc8sUfrQ,RP GaMiNG,195000.0,Gaming,2026-08-01T12:53:15Z,0.6
UCvLsvfgY-hbGDtOi2udm4Gg,Mr THENUU,2430.0,Gaming,2026-08-01T11:20:34Z,0.6
UCJldNcTDOhcfgXJqAj-rN7A,OSHIAN,1210.0,Gaming,2026-08-01T10:04:51Z,0.7
UC_BPD0TBnFtRExZOhIFEQYQ,BlaZe 92,584000.0,Gaming,2026-08-01T11:03:44Z,0.7
UCdotiSNtLlS4qwDto9CdURA,DR MaxWave Gaming,6510.0,Gaming,2026-08-01T09:30:21Z,0.7
UCt85p_UTIuhPLZBuZbfciNQ,PlayCuzz,1110.0,Gaming,2026-08-01T10:21:50Z,0.7
UCypYfMZbKIxBlXqngCuvi0A,Hiranya Perera,1150.0,Gaming,2026-08-01T10:51:04Z,0.7
UCB_YWDx6xDq1kYfZfJ7W6wQ,Winter Plays,1630.0,Gaming,2026-08-01T07:54:11Z,0.8
UCKrtxx7ukDTuCSvLBiUIt8A,THAVEE - GAMING  1M,32200.0,Gaming,2026-08-01T07:20:49Z,0.8
UCNEf722QEvvmyGaT0HsKxRQ,Ape Viharaya - අපේ විහාරය,31300.0,Gaming,2026-08-01T07:31:21Z,0.8
UCPVO77tetzycP2sI8IFbCow,SHADOW SL YT,54.0,Gaming,2026-08-01T05:51:49Z,0.9
UCPdASwipemqGhpK-B-a12Ow,Mr. A K I L A,825.0,Gaming,2026-08-01T05:31:34Z,0.9
UC0CROf1UG-cDCU55axb5pvA,SINHA GAMING LK ,6250.0,Gaming,2026-08-01T02:21:13Z,1.0
UCAz-peNBHr6_KTtl0sPBavg,SMR BOY,1460.0,Gaming,2026-08-01T02:21:24Z,1.0
UCL2-XMQvlfS7wzgqIxiCwYg, GAMING CUTTA YT ,609.0,Gaming,2026-08-01T03:26:33Z,1.0
UCm8I2aLYgPm_gdzw4SSkiGg,KING  AJANTHAN ,1540.0,Gaming,2026-08-01T02:09:20Z,1.0
UCKtTr5Klw1Sh1oYz27Fdbxg,DARKJANAA,1010.0,Gaming,2026-07-31T21:58:09Z,1.2
UCuEwrmIOrOpKWtoy2GjgHkw,Bokka Stream,921.0,Gaming,2026-07-31T18:11:11Z,1.4
UCnTnjJyH0gAaVrDWiVrCsSQ,Poorna Jay,555.0,Gaming,2026-07-31T14:30:01Z,1.5
UC79_e04SJ3BzHpEdbmmaiVg,SL Money Tips,2260.0,Gaming,2026-07-31T12:00:18Z,1.6
UCk9rCWBVk23wsL3e0QTPrdQ,𝔸𝕌ℝ𝔸 x 𝔾𝔸𝕄𝕀ℕ𝔾,124.0,Gaming,2026-07-31T11:33:42Z,1.6
UCuGDIseJA12zshqpeL19yDg,SL ANK Gaming,417.0,Gaming,2026-07-31T11:16:00Z,1.6
UCg49edhvr3zKvWJz01MV8Mw,Family TV,80900.0,Gaming,2026-07-31T09:30:14Z,1.7
UCKZjHYC2CfZ0EZkkTWogsVA,Ezio Streams,82.0,Gaming,2026-07-31T06:16:18Z,1.8
UCOKg9DR3c0Aa3A9JCvNrzGQ,VIKING GAMER,295.0,Gaming,2026-07-31T08:30:19Z,1.8
UCBJaPGaEaIjpYsYHDV0nMBw,Ishan live,1210.0,Gaming,2026-07-31T05:16:00Z,1.9
UC-4FUBrbjpCCoNGqHh6X5og,MUGamesPc,1710.0,Gaming,2026-07-30T20:30:36Z,2.3
UCcCp0B0bypJE4EJjwq8u2lQ,JustForFun,91.0,Gaming,2026-07-30T19:27:47Z,2.3
UC4L5fKRgM-3HjdKiZjTjsxw,GTX 1660 Super,3350.0,Gaming,2026-07-30T15:56:38Z,2.4
UCGKdUlYHQAqjuP2v0B2OmRQ,Ꮐᴀᴍɪɴɢㅤᴋɪᴛɪ ㅤ,201.0,Gaming,2026-07-30T13:28:02Z,2.6
UCNGzq2bM1Iu7iDWAHo3QThQ,DINU LIVE,80.0,Gaming,2026-07-30T12:57:48Z,2.6
UCcgyRWiM833H81tMd-7Fn4A,FILAX GAMING 🎮,91000.0,Gaming,2026-07-30T12:06:33Z,2.6
UCr6fzu0WlPymGkaRo1Z8Jow,Rash Sl Geming,5290.0,Gaming,2026-07-30T11:30:25Z,2.6
UCZLtqBURY7PHmBLxExRw4WQ,SUDDA YT,144000.0,Gaming,2026-07-30T09:00:01Z,2.7
UChoqXWCFqL2vw60A_GraIQw,SLShark,103000.0,Gaming,2026-07-30T09:30:26Z,2.7
UC_hR1wSDcKjBRTlKtp6LK1A,DINUKA LIVE,5370.0,Gaming,2026-07-30T06:18:46Z,2.8
UCuRYDffIL9wpNlCdmLg4Hlw,GAMING ADIYA ,44.0,Gaming,2026-07-30T06:51:29Z,2.8
UCqtFS_Ap7Qh2y8cfE_20C0A,JaBBa Streams,269.0,Gaming,2026-07-30T04:56:51Z,2.9
UCVU09OJkBIHZTGb-acbajoQ,DANUKAYA FF,197000.0,Gaming,2026-07-29T16:33:14Z,3.4
UCznA5qS3mGHG_l9LrEI22zw,V Tube ,1200.0,Gaming,2026-07-29T16:17:54Z,3.4
UCBo33J_bzwgdK7Gzc_YPjLA,Emptyverse,3880.0,Gaming,2026-07-29T12:30:18Z,3.6
UCkN6eq1DpDITLRKluvmNneA,MADtitan Gaming Zone,2950.0,Gaming,2026-07-29T12:21:49Z,3.6
UCdi_7FhJHnS2Zdgh0tMzpmg,SLR SANA YT,1360.0,Gaming,2026-07-29T07:06:06Z,3.8
UCgo8WOyrMy87rqBGbexzF9Q,Gaming Nadiya,5760.0,Gaming,2026-07-29T02:59:38Z,4.0
UCuK-W8b-YHBZY043p-Mxn8A,Sayuruwa Streaming,424.0,Gaming,2026-07-29T01:50:08Z,4.0
UC0Ixpv316Cz0tAqp900J-qg,SL ShAdowX,14800.0,Gaming,2026-07-28T13:30:06Z,4.5
UC-5gF_d0EDy-DYw_Sc_FEbg,MR SHAGGY STREAMS,288.0,Gaming,2026-07-28T06:55:54Z,4.8
UCjKSK3d5r0O78WGnMouSvDw,GAMING H4K,26300.0,Gaming,2026-07-27T16:08:57Z,5.4
UCqecKbw2u_oVHNVdQEq-nCw,JK Gaming Lokka Music,985.0,Gaming,2026-07-27T17:30:01Z,5.4
UCvWHrsBBcxstDLGiSaPnoPA,ඇක්සිඃBro_Gaming,97.0,Gaming,2026-07-27T16:12:34Z,5.4
UCFbei7CeprG0rTM2U3lngYA,Mr POP Streaming,138000.0,Gaming,2026-07-27T12:16:12Z,5.6
UCtGrWulB6ohN4my07gWxj_Q,SL Animation Studio,161000.0,Gaming,2026-07-27T09:58:47Z,5.7
UCYpuhzSdssW_GFUhl_od38w,SNT YT ,52.0,Gaming,2026-07-27T07:00:04Z,5.8
UCZG9GCS1vbvb_BF5Sh43abw,ceylon vibes,662.0,Gaming,2026-07-27T07:30:36Z,5.8
UCQv9bvGG-KOmBkdOLfROy_g,Encrypt Navi,93.0,Gaming,2026-07-26T23:29:37Z,6.1
UC9SgyReu4QufMUTFhZYYEMw,Sirenum,694.0,Gaming,2026-07-26T15:30:36Z,6.5
UCibv4uktA5t3uLxrKtIRm1Q,GAMING FILA ,241.0,Gaming,2026-07-26T09:30:06Z,6.7
UCdfW3fTYPnjFcWM4pwmLvrg,casper gaming ,924.0,Gaming,2026-07-26T03:45:30Z,7.0
UCpRnLw-i6ep13w_vh9M9k-g,MAXRUCHIRA,2630.0,Gaming,2026-07-25T20:53:31Z,7.2
UCsdbRoJsp2H30G0d2t2uN-Q,/SasEeDT,6310.0,Gaming,2026-07-25T03:52:38Z,7.9
UC2ir1mD9GzFzNYgxJeipdTg,Tharuj S Karunarathna ,86.0,Gaming,2026-07-25T02:00:23Z,8.0
UCLa5XkWBS1RrLE0YY5yXD2Q,Ceylon Gamer • 97™,82.0,Gaming,2026-07-25T01:52:55Z,8.0
UCU04vPeqcfzTF8opDsHbTTQ,Game Plaza Rajagiriya,111.0,Gaming,2026-07-24T18:07:14Z,8.4
UCh6JCH8SaHszxg5ohYry2Uw,sParrOw Gaming,1890.0,Gaming,2026-07-24T15:30:15Z,8.5
UClj1jcCijqr3cNK__a0ILTg,ROCKY BEAST,3120.0,Gaming,2026-07-24T14:00:03Z,8.5
UCzwSMU3mzPQF9Ie-h0MQjgA,☠️ SL HORROR MAN ☠️,2710.0,Gaming,2026-07-24T11:30:06Z,8.6
UCk-LX8A0qiRAWzTRog_WREQ,Tech Karaya,149.0,Gaming,2026-07-24T03:07:11Z,9.0
UCKkRSuLQBs2oErUCgivn8mw,SHAGGY FF,6710.0,Gaming,2026-07-24T00:40:03Z,9.1
UC2CLg0-XiunjO_Q6gFV_SGQ,Tharuka Niroshan Photography,358.0,Gaming,2026-07-23T16:55:53Z,9.4
UCbobAcCWt24UIYBo0QWAOpQ,3 zero  gaming ,20300.0,Gaming,2026-07-23T15:16:58Z,9.5
UC0Nf2ZVnwYz1PeA3H737YQA,itsmeMS,21.0,Gaming,2026-07-23T11:30:06Z,9.6
UCVFkh745W9AkjfJTP-3bdLg,George ?,2550.0,Gaming,2026-07-23T12:09:20Z,9.6
UC-vTBToHrXuxkqSJ3OEqS0Q,MF Gaming Onlive,11900.0,Gaming,2026-07-23T10:34:12Z,9.7
UCC_WF_WxQlfFJc6StKudP0g,Xenom,33400.0,Gaming,2026-07-23T09:30:39Z,9.7
UC1sLZ1wqSN1YFrlp92y5yyA,US GAMER 🎮,701.0,Gaming,2026-07-23T06:41:19Z,9.8
UC1lLkoi3_W_0-g4GI5bA90w,DG GAMER,43300.0,Gaming,2026-07-22T11:27:46Z,10.6
UCRF9lZCfA-k4MQN26Uto8fg,Suvin Sathsara,291.0,Gaming,2026-07-22T07:00:37Z,10.8
UC80558lSi8_Fj0NHoSt895g,KA OnLive,28.0,Gaming,2026-07-21T08:17:31Z,11.8
UCKROiSW5K8o4GiJuK6Cp_hA,DUVI REVIEW ,8550.0,Gaming,2026-07-21T04:20:27Z,11.9
UCqwhlppjhKODpv4ZHNChVMA,හතර වටේ 🇱🇰 ,691.0,Gaming,2026-07-21T04:56:52Z,11.9
UCbMHnNSRPIKCbUKLjCKIbJQ,Senkadagala Gaming ,9100.0,Gaming,2026-07-20T17:25:54Z,12.4
UCbW0JAZef8g-ayzIBXicqnA,Flip Wimu,179000.0,Gaming,2026-07-20T13:02:52Z,12.6
UCo8JIWuSTZ0xG0vGJwKwsGA,Naviya Hub,571.0,Gaming,2026-07-20T12:00:10Z,12.6
UCc0sUeYh6uLZ055Meox_G5w,HasiYa Gaming,13000.0,Gaming,2026-07-20T08:14:40Z,12.8
UCbI5YpdPKTd7FRoIuZ_uulw,SL Neko,349.0,Gaming,2026-07-20T05:16:30Z,12.9
UCqfovLfBicKkRKSoQOiQDtA,Shadow Gaming YT,18800.0,Gaming,2026-07-20T02:55:24Z,13.0
UCsTbA5DSJRQM_RHXgzEpL5w,MIHIRANGA GAMING YT  ,1370.0,Gaming,2026-07-19T14:00:01Z,13.5
UC1Q69efAtK3e652Mf2Z4pCQ,Sri Lanka Game Planet,6.0,Gaming,2026-07-19T12:30:08Z,13.6
UCeToTUUo-_pkHsH7DSv6KTg,RESANDA GAMING ,9070.0,Gaming,2026-07-18T09:24:40Z,14.7
UCrX70F3Raylk2fXAT8Xc1Zg,KaNEX,162.0,Gaming,2026-07-18T09:44:11Z,14.7
UCr3kif7GbFlAtIQlyuw_W7Q,GAMING B4S ,598.0,Gaming,2026-07-18T04:37:12Z,14.9
UCugVFGfh3zg9byrq3VKB_fw,GAMING SACHIN FF,26300.0,Gaming,2026-07-17T12:57:02Z,15.6
UCMbCp4Ex7fmeIqwwWjBMeoQ,QZone,279.0,Gaming,2026-07-17T05:36:22Z,15.9
UC5aaFB81qNsqcSKP5adSeqA,GAMING IZU,640.0,Gaming,2026-07-16T19:13:24Z,16.3
UCXd1WT2jZt6vvdb55beQMew,DR MaxWave Gaming Shorts,4.0,Gaming,2026-07-15T02:30:34Z,18.0
UCFMs1HBWP1bIv9Ojp06ZIRw,OPCL LK,444.0,Gaming,2026-07-15T01:19:12Z,18.1
UC_OVGNPj6MFL1nZOU05HIZA,StealthyWiley,7980.0,Gaming,2026-07-14T19:23:24Z,18.3
UCxssY9_QVce7NWbc-iUJBZw,EPIC DEMON,17.0,Gaming,2026-07-14T15:57:46Z,18.4
UCRa20D4xOQHhrjQI_73FjhQ,MANDIRA WEERASINGHE,603.0,Gaming,2026-07-14T05:01:09Z,18.9
UCzVLtNV0XftD-5uugp5jDhA,Boku Wa Shan,50300.0,Gaming,2026-07-13T06:49:19Z,19.8
UCdFdozW-sxC7w261KxLQMEQ,Podi mama,654.0,Gaming,2026-07-12T04:51:47Z,20.9
UCvGKlluI-t9s8JIuKPMa5nw,Dice lk,12400.0,Gaming,2026-07-11T12:30:23Z,21.6
UCUux47JaSJQ832JtZV8x8Xg,Cyber Gaming,3660.0,Gaming,2026-07-11T10:30:14Z,21.7
UCwtuDrW63iZmgrnlRgP8mow,GAMING DIMA YT,47.0,Gaming,2026-07-11T08:48:07Z,21.7
UCVtvUr2I4U1kfly4SN3Ecxg,𝗞ᴀᴅᴜ 𝗚ᴀᴍɪɴɢ,25.0,Gaming,2026-07-11T04:26:50Z,21.9
UC3_IkGkNydSlwIDuYmuMVZQ,MR CREATION LK,1120.0,Gaming,2026-07-08T11:41:20Z,24.6
UCcaVB3FypBGq7EcRTltEPXg,Chamath Gaming,2750.0,Gaming,2026-07-08T13:04:03Z,24.6
UCu7mjvRGwbSdh6zIzRSWNng,K. S. D. (Kavinda Gayan),175.0,Gaming,2026-07-08T04:45:45Z,24.9
UCNgVhNOsFoSX5JiXjz3z5bg,Naraka Aeyo ,1470.0,Gaming,2026-07-07T21:21:07Z,25.2
UCtbui91HtlEMWfoOmvulnTw,TILA YT,643.0,Gaming,2026-07-07T18:30:38Z,25.3
UCBg76CAc4PGfya0OajSkKPA,pramu free fire,9.0,Gaming,2026-07-06T19:43:22Z,26.3
UCmewlMcgichugGbvmShiUOA,Sl Cool,3980.0,Gaming,2026-07-06T18:41:16Z,26.3
UCY-HsE38TZN4JKuFtQDTdDw,Miyura Gaming,2150.0,Gaming,2026-07-06T03:05:40Z,27.0
UCRTwsLyPJ7G88Dkq7Cy0ktw,Thanu Status 🙈🤪,33200.0,Gaming,2026-07-05T14:15:56Z,27.5
UCudfZQIHLy6usVW03sRoksQ,B.N.K ShadowXP ,139.0,Gaming,2026-07-05T13:35:41Z,27.5
UCTGPiQmvzTa2wezrEcbWo0A,P.V MOBILE GAMING IS LIVE,17600.0,Gaming,2026-07-05T08:32:02Z,27.8
UCLak0deToyy3f9HQKZJpfRQ,NeonBeast,1800.0,Gaming,2026-07-04T12:17:52Z,28.6
UCeV9rau9LNAM_I5TJWaD-ZQ,Zvish,445.0,Gaming,2026-07-04T12:52:17Z,28.6
UCbluZAGjKbGBKxLqE6v-BNA,Kavinda technic ,203.0,Gaming,2026-07-03T14:13:40Z,29.5
UCZpqfPBhy-qI_ileyeR7Mvg,GAIYA REMIX,28900.0,Gaming,2026-07-03T13:19:39Z,29.6
UCekE9QVW1Snd0jMRLrtk7PQ,MR | T4K,30800.0,Gaming,2026-07-03T04:44:39Z,29.9
UCgT54qsRIjdEaGfnbQxdGBg,Shan SL,6230.0,Gaming,2026-07-02T07:41:23Z,30.8
UCSoI-iIZSMFyxekw182rzsQ,BAD Gaming,2110.0,Gaming,2026-07-02T01:18:48Z,31.1
UCx5-oaDdC2HkqdKdGyLcfiQ,Rohin Streams,26.0,Gaming,2026-07-01T18:36:57Z,31.3
UCsAueq1NVzqsWr9xqs7vQLg,GamingBuilding,1860.0,Gaming,2026-07-01T12:02:25Z,31.6
UCeS2_RiHh3dglqw1zWuVbHA,V O N K A,477.0,Gaming,2026-07-01T10:30:24Z,31.7
UCRh_vZcNkmkNe25ib3twUDQ,Minecry The Dog,11700.0,Gaming,2026-07-01T06:36:20Z,31.8
UCIHneeqvSdbakJPaLbmhehA,SARA GAMING,2020.0,Gaming,2026-06-29T20:59:21Z,33.2
UCDAtFLQzBxvZRToRs4DQm5A,LSDG GAMING,51.0,Gaming,2026-06-29T07:13:31Z,33.8
UC5yllXiUNByqCJ3SUABo3fg,SNAKE BABU GAMING ,1140.0,Gaming,2026-06-28T02:26:20Z,35.0
UClRZEnaIIOeh3Vbn9RmWitg,Nadee FF,225.0,Gaming,2026-06-28T01:18:50Z,35.1
UCqNYgT4VvTCNlZUBRqpfRzA,AGENT STREAM FF,243.0,Gaming,2026-06-27T20:44:07Z,35.2
UCLmXrWlwetdZ6wq3DWXbRmA, PITA MALLI ╰‿╯පිටා මල්ලි,510.0,Gaming,2026-06-27T14:22:21Z,35.5
UCYcfpUfHN8uLVvhlGAjGlJA,MavexSL,118.0,Gaming,2026-06-27T10:36:00Z,35.7
UCTmbSwLxXRElLlMNuTG3iiA,ImCrazyKing,79.0,Gaming,2026-06-26T06:45:05Z,36.8
UC30QN_aObdP6OnBU4nvWKzg,ANGRY KAVEE SL ,13200.0,Gaming,2026-06-25T14:15:55Z,37.5
UC6b9TVFC8cYasNRmfIFnxkw,Dhanuwa Streams,717.0,Gaming,2026-06-25T07:56:42Z,37.8
UC7C2PGObj0ZzCKtcYk7Axtg,Buthaz,4750.0,Gaming,2026-06-24T21:44:41Z,38.2
UCqxWwFxghjlsg75WBz5Sf0A,RedController Interactive,3800.0,Gaming,2026-06-22T16:21:29Z,40.4
UC3epnfYOC1CRaaI3i0YoRuQ,Devin Lawrence,855.0,Gaming,2026-06-22T12:30:05Z,40.6
UCNGeSGI0F8yyYEmIIL3wGtA,Devil MSG,27.0,Gaming,2026-06-22T09:30:06Z,40.7
UCfZGrmTMapZzG0gmPZTujkw,Givi Gaming Network,22500.0,Gaming,2026-06-21T13:43:11Z,41.5
UCrByhJcJ5WNQCPzCKhmicpQ,STF SASA Live,61.0,Gaming,2026-06-20T14:14:17Z,42.5
UC23T9IO10-u8sWKX6VG7PYg,Mr BeNTa,189.0,Gaming,2026-06-19T07:01:24Z,43.8
UCnsxdOBdhCwptJA1Tr17lzg,CentiBoy,146.0,Gaming,2026-06-18T18:09:48Z,44.4
UC1tSTcrZ2_m3TD1v6MksmHw,MalinduVa,1020.0,Gaming,2026-06-16T15:43:29Z,46.5
UCVJ1Q7YtVWLiTTJSxOJoY1w,oWL tHrOne SL,290.0,Gaming,2026-06-15T11:56:51Z,47.6
UC_NE-szTw28cH9_4_3SoX_g,NINJA GAMING VVIP,71.0,Gaming,2026-06-14T14:30:11Z,48.5
UC4ZlS2WAgu2lebXzWCkOCEw,SAHAN KAUSHALYA STREAM,36.0,Gaming,2026-06-14T12:03:34Z,48.6
UCi0mV4OcBSxgq9MAwc9Y__Q,PICO SL,686.0,Gaming,2026-06-14T12:32:11Z,48.6
UCl14TcQAtE5SoSKusXFmE0Q,Thinupa Gaming ,216.0,Gaming,2026-06-13T17:00:27Z,49.4
UC9oXw3cOAMG8UsOfFuwXjxA,AREA OF VIMOD ,150000.0,Gaming,2026-06-11T09:30:03Z,51.7
UCNVIuwLRQxrBc5aG4bLzqqA,DXCFlix Studio,1730.0,Gaming,2026-06-10T16:32:31Z,52.4
UCH7IGm_QUoYzZgGXkjZEPMQ,sts satheeya gaming,17.0,Gaming,2026-06-07T12:35:58Z,55.6
UCkAD5B5trrmhIiFz5SFMdeQ,MINTY LIVE,1590.0,Gaming,2026-06-07T05:32:16Z,55.9
UC_DJzKNUaaSWqjUOUOLZN9w,V & S gaming,3130.0,Gaming,2026-06-06T21:23:51Z,56.2
UC2q8im1fqNqwN0xEtlGwi1Q,Real Life Sri Lanka,1240.0,Howto & Style,2026-08-02T01:30:28Z,0.0
UCCbm1E52PV05ZLv6dtRB92Q,Sarrita Jewellery,3640.0,Howto & Style,2026-08-02T02:00:39Z,0.0
UCUh8FFbl1BfRmzL9t4Fkykw,Manel Gamage - Academy of arts and crafts,22700.0,Howto & Style,2026-08-02T00:51:19Z,0.1
UCes373iqg3EYZrnuhDWkfeA,GEM'S KARU ,21.0,Howto & Style,2026-08-02T00:30:21Z,0.1
UCfQfw--8dPGypR7sGcXJz0w,Peshala Kulasisi Herath,6760.0,Howto & Style,2026-08-02T00:30:33Z,0.1
UCPJRtoh7x7vEw0-d59JwKiQ,The Mobile Lens,308.0,Howto & Style,2026-08-01T19:49:51Z,0.3
UC1YZT8_LNcXtf7iT5fG_fPg,Windy. Lk,139.0,Howto & Style,2026-08-01T17:30:38Z,0.4
UClNX00LvziLlfJ_trtu8llQ,Pintanna Digital,13000.0,Howto & Style,2026-08-01T16:00:21Z,0.4
UCoCbjrYBYNUeqRQ7HUKADBA, vimala Rana SL ,1700.0,Howto & Style,2026-08-01T16:34:45Z,0.4
UCDWDuArgzMjvihWp47GYzKw,R O R A G E M S,9.0,Howto & Style,2026-08-01T15:36:06Z,0.5
UCd6LnMF8BMnKY4Anwovreug,Klipes,126000.0,Howto & Style,2026-08-01T14:30:11Z,0.5
UCwyld30uUaeOoRl9Y1dsfLw,Ruwaa With Recipes ,864.0,Howto & Style,2026-08-01T14:50:14Z,0.5
UC6ZbYPgeRROi5cBA6opqIcg,මචං විජේ,2800.0,Howto & Style,2026-08-01T12:30:32Z,0.6
UCRB8mrLCcwTPlJOMUy9MDUg,Swastik Boutiques - Sri Lanka,799.0,Howto & Style,2026-08-01T12:36:34Z,0.6
UCmbLoRYee0f4Bi4J1Ct8vRQ,Traditional Village Kitchen,160000.0,Howto & Style,2026-08-01T12:00:06Z,0.6
UCp5D-qjJ6pQF9vaKU55cY6w,Gaming HASANTHA ,1250.0,Howto & Style,2026-08-01T11:24:35Z,0.6
UCsFJW4hPOuBZS486UwG2dPQ,cook with chef,956.0,Howto & Style,2026-08-01T11:30:38Z,0.6
UCtsqmkwg-BebjNZEg6ofAcA,Cuisine Of Sri Lanka,109000.0,Howto & Style,2026-08-01T12:30:06Z,0.6
UCwRAPq0zLdVsb440xKGBx2w,I Recipes,10700.0,Howto & Style,2026-08-01T13:03:46Z,0.6
UCMEXwFurMItX0u1yit-UrAw,Mr Political,22700.0,Howto & Style,2026-08-01T10:13:08Z,0.7
UCWLLcchNMCl8I5cGAMQYdpA,SL Link,6830.0,Howto & Style,2026-08-01T10:27:04Z,0.7
UCgoCbMJ4JnH0q40GofKZxVg,Ape sihina,43800.0,Howto & Style,2026-08-01T10:30:07Z,0.7
UC1Er_ypK-cdGjc78OT6D6sQ,3SHA'S Fashion Academy.,55300.0,Howto & Style,2026-08-01T06:47:24Z,0.8
UCE-o6Qv9KUqNc_8MdbEep0A,The Flavors of Mari ,103000.0,Howto & Style,2026-08-01T07:23:53Z,0.8
UCTlLpPddpcW0ee6y4z9stKA,My Kitchen By Fasa,66600.0,Howto & Style,2026-08-01T07:35:01Z,0.8
UCy8ao-puUtb-1Y0L6xSItOQ,Photo wizard 🦹‍♀️,210.0,Howto & Style,2026-08-01T08:17:12Z,0.8
UCisTAKWxkhLiv8NSl_K77Hg,Veggie Master,106000.0,Howto & Style,2026-08-01T01:30:18Z,1.0
UC7e8LFxir9MCfTAf2XQbfaA,MIX VIDEO,1140.0,Howto & Style,2026-07-31T18:30:20Z,1.3
UCtVEiBn_-ezOpRkL2pNjXzA,Sooriya Food and Cake,7390.0,Howto & Style,2026-07-31T17:49:20Z,1.4
UC5BT1yMZC1MtgngCRMRZoLg,King's Exploits Chronicles,5850.0,Howto & Style,2026-07-31T15:30:03Z,1.5
UCb0KyqTm4bkjnZg_mND9hhg,Cosmetics lk,30500.0,Howto & Style,2026-07-31T13:29:38Z,1.5
UCm4WfjRuxfKL6neixClsh7Q,Village food Secret recipes,121000.0,Howto & Style,2026-07-31T14:15:35Z,1.5
UC91I5M02wjnsUoCFHGhjC2g,Cook With Chanu,677.0,Howto & Style,2026-07-31T13:00:05Z,1.6
UCVmBgx4kaIsOtMR1jK9AeAg,Village Girl  ගැමි කෙල්ල ,150000.0,Howto & Style,2026-07-31T12:50:49Z,1.6
UCy9n9YrTsfIMdaPhKYRsdLQ,Cooking Night,30500.0,Howto & Style,2026-07-31T12:42:05Z,1.6
UCNnL7JQhtBvNZWn9Cg13i2Q,Food by Shi,13100.0,Howto & Style,2026-07-31T09:54:31Z,1.7
UCmJcA129LVCPCxgzQadLtsw,cakenshapes,46200.0,Howto & Style,2026-07-31T09:46:51Z,1.7
UC0tV1b7IFEXFUUILF7mAcWw,LPW Property Showcase,2490.0,Howto & Style,2026-07-31T08:30:14Z,1.8
UCIQYzhtvJ9Ve8IlADFudn0g,RU Rasa | රු රස,3330.0,Howto & Style,2026-07-31T07:31:28Z,1.8
UCUWsih24MIJm0hrkWmhJkmA,Dream Mirror ,125000.0,Howto & Style,2026-07-31T08:38:40Z,1.8
UCaimrRf9hNFf1jMilmLlGEQ,Ceyora Colombo,1020.0,Howto & Style,2026-07-31T07:58:55Z,1.8
UCkuhBvgUnaVNAgcxW5Ae0cQ,Ashi fashion,16100.0,Howto & Style,2026-07-31T06:30:19Z,1.8
UCjCsmSR5ZZa2pgcjviTHfCA,SNAS Clothing,11400.0,Howto & Style,2026-07-31T03:34:27Z,2.0
UCHf3XIrDOMB0ylMYK9Pz4Qg,Scent Minis lk,199.0,Howto & Style,2026-07-30T23:12:58Z,2.1
UC8V2JK1OCDJ7yOIBBNPzVEg,Shazmil's,8300.0,Howto & Style,2026-07-30T15:10:32Z,2.5
UCNp1MNb5StD8uY7CPTn4TLQ,Island food cook ,527.0,Howto & Style,2026-07-30T13:56:51Z,2.5
UCfRW1ia4zPMtsbM7XiUrPQg,Food Masala,857.0,Howto & Style,2026-07-30T14:06:52Z,2.5
UCgOE0_xjaXcdZ3phlleXQOA,Glow Mind,62700.0,Howto & Style,2026-07-30T15:41:33Z,2.5
UC2EifjzrECn5c2j4wSsY3yQ,Priyantha Bandara Travel Photography,59700.0,Howto & Style,2026-07-30T12:57:52Z,2.6
UC71UUwCRqrYXgtTFZnFkUsQ,Kavii,260.0,Howto & Style,2026-07-30T13:25:37Z,2.6
UCCGEPjJjocYCiEDq8EpD1MQ,Devo Zhen,387.0,Howto & Style,2026-07-30T11:30:06Z,2.6
UCJmv3smPAGjWh4URe2nlhag,DH COSMETIC SHOP,4550.0,Howto & Style,2026-07-30T13:00:32Z,2.6
UCNJq7z4rYDfvXvgWKt6KOvw,Easy Homemade Cakes,5690.0,Howto & Style,2026-07-30T11:30:00Z,2.6
UCRjMnDOSBcoYlWHFLcHJAKA,PM Bestinfo,10500.0,Howto & Style,2026-07-30T11:43:30Z,2.6
UCafmMOK3jJ36ICziuNw0cWA,Ideal Home,3790.0,Howto & Style,2026-07-30T12:30:20Z,2.6
UC5dezjl-rF4Sw6BRPM8Q6Zg,Chef Sapumal,91800.0,Howto & Style,2026-07-30T10:54:45Z,2.7
UCo-ddanTzDs59ea_IG5U52w,NOURA n LIYAWELA 🇱🇰 ,8640.0,Howto & Style,2026-07-30T09:13:16Z,2.7
UCzeBunsQThQMJuN7ldtbeRA,HM Crafts,8.0,Howto & Style,2026-07-29T17:01:58Z,3.4
UC_YTN_LVEtt1Ff8ZBLN67ow,Yarl Samayal,63900.0,Howto & Style,2026-07-29T14:04:13Z,3.5
UCjcNG-8w9cevWkScRr6Lp1Q,FASHION HEART,5210.0,Howto & Style,2026-07-29T04:58:36Z,3.9
UCQAGAV3lVRNMRwP44gY97lQ,-Story of Forest-,251.0,Howto & Style,2026-07-28T23:30:11Z,4.1
UCmHv2mk-WXFRA4Yt5duNnmw,Doodle to Masterpiece,1910.0,Howto & Style,2026-07-28T17:07:50Z,4.4
UCMphFrWXgK3WDn8kjtyxy5A,Ish and Ru,2020.0,Howto & Style,2026-07-28T07:33:47Z,4.8
UCPFMOkkIf4PAAaXMtqWUZkQ,Idea craft,51600.0,Howto & Style,2026-07-28T06:31:23Z,4.8
UCq5Gm4jfNGRXvUTOw9d2Zzw,Programming Make Sense,9590.0,Howto & Style,2026-07-28T07:23:43Z,4.8
UCwocSABHCRrVIlBSdyrQVXg,Geethi Vlogs(ගීතී) 🎦,19300.0,Howto & Style,2026-07-28T08:11:03Z,4.8
UC2vbIIMrcVZ4sLef-rzP1lQ,Amali Ekanayake,4020.0,Howto & Style,2026-07-28T04:01:33Z,4.9
UC1IwzRoyy-eroP1ZbQxXxag,GLITTER HISTORY 😍,457.0,Howto & Style,2026-07-27T08:51:49Z,5.7
UC3W16VfuU392bL3zrOdVGfQ,fashion world with viji ,2.0,Howto & Style,2026-07-27T08:44:31Z,5.7
UCwhdGDxSy0PPmGodAPd-pOA,Glam With Yashi,2110.0,Howto & Style,2026-07-27T10:52:14Z,5.7
UCPby3xVR_13sYz7yDLBVYqw,Hisham.M,505000.0,Howto & Style,2026-07-27T02:30:29Z,6.0
UCOnTFYvFvGwd2N4_a8UMk5Q,Ms Kitty ,604.0,Howto & Style,2026-07-26T10:05:22Z,6.7
UC0JsqPe9WUywp6hd6vTcxkw,Culinary Junction ,11400.0,Howto & Style,2026-07-26T08:23:12Z,6.8
UC1VfS0XSuug3xV8KTUYtx4g,C# Academy by Jafran Jemal,848.0,Howto & Style,2026-07-26T08:30:40Z,6.8
UCJsP6VDsHsorL2IgKOTdiEA,Ape Rahata - අපේ රහට,8610.0,Howto & Style,2026-07-26T06:56:06Z,6.8
UCRnlAD7oJTGIgNVBzWfxTfg,Tamil Mix Sumi,21800.0,Howto & Style,2026-07-26T07:01:47Z,6.8
UC7JfFTZBoOYycd_yIUOFsPQ,Thuna Paha,5600.0,Howto & Style,2026-07-25T14:00:36Z,7.5
UCrnOpQKWYssIe_XkdZ653Ng,TKS Sri Lanka,202.0,Howto & Style,2026-07-24T17:02:50Z,8.4
UCAkxYR3rzfrxCst5D3t0mYQ,Supplement Vault,5710.0,Howto & Style,2026-07-24T12:00:04Z,8.6
UCqU7Eof3uDD0309gvUNfAog,Pit Pass Sri Lanka,24900.0,Howto & Style,2026-07-24T12:31:58Z,8.6
UCuQ0Z6UmOOZ5JmsniU20Myw,HAPPY TIME (PVT) LTD ,129.0,Howto & Style,2026-07-22T12:30:12Z,10.6
UCGlcDqaRMK540n0cIoIYppw,Cook With Mandy,1190.0,Howto & Style,2026-07-22T08:35:09Z,10.8
UCXVtimraF6E6_tIYoF3buXg,Dilhan Academy,5720.0,Howto & Style,2026-07-22T07:30:13Z,10.8
UCI7_knfoB-8RFNxoKhnOOMQ,Keha's Vibes & Views,575.0,Howto & Style,2026-07-21T13:49:39Z,11.5
UCvKQ6u24ECMhSoPK1LhmJow,Travel Cooking Girl - Poorni,797.0,Howto & Style,2026-07-21T11:30:28Z,11.6
UCz4tFXMYlQkcfRuVeAuBOoA,NM Vlog,1950.0,Howto & Style,2026-07-21T11:25:11Z,11.6
UCdK77phqBSZ9nY9XxqGmtYQ, online shopping Lk,7300.0,Howto & Style,2026-07-21T10:34:21Z,11.7
UC_EnhyT0tXl1N9Ul9bGT3og,Mihiru Max,1910.0,Howto & Style,2026-07-21T04:52:53Z,11.9
UCtz8B0t1nslDMTpd9-0_5SA,The Art of Craft,247000.0,Howto & Style,2026-07-20T16:25:47Z,12.4
UCnkon33rksDXo3qChhTs5Vw,LandSalelk Land For Sale In Sri Lanka,154.0,Howto & Style,2026-07-19T17:20:38Z,13.4
UC1faY0gip4IfKbRDUwIpcGQ,v7 අපි,106000.0,Howto & Style,2026-07-19T15:23:03Z,13.5
UC4N96R0hZhwEzNHw53_UGlA,αzι'ѕ кιт¢нєη & gαя∂єη,827.0,Howto & Style,2026-07-19T15:30:28Z,13.5
UCGFNllXvOqqUhRSJtqADdWA,Eco Creations,23.0,Howto & Style,2026-07-19T07:25:16Z,13.8
UCOp3P1MmN128UC1gp7WG2lA,MyCam,5810.0,Howto & Style,2026-07-18T13:25:38Z,14.6
UCAMsRjG1ksFFUtr_RrDx6Ow,All Can Cook,4910.0,Howto & Style,2026-07-18T05:47:56Z,14.9
UCnE2cj4yDP2PWWzKpBiNZ3w,SHAADHI COLLECTION,96.0,Howto & Style,2026-07-17T06:28:48Z,15.8
UCnr80VoNl3YxI4rL1zkJQOA,BLOOM &GO,2230.0,Howto & Style,2026-07-16T11:09:11Z,16.6
UC9uHjpQ3iFPZI9NsSOF3oZA,Creatve Thinker SL,156000.0,Howto & Style,2026-07-15T14:52:27Z,17.5
UC1_uLITLP5agSh27SaB1C_A,Manisha Fashion,61600.0,Howto & Style,2026-07-14T15:23:58Z,18.5
UCJYKPGIdXwKwge6dSopbzbA,Everything in here,14700.0,Howto & Style,2026-07-14T13:38:39Z,18.5
UCacUZLDBxUQgUfJnnnd5-Fg,SL ASI BRO,309000.0,Howto & Style,2026-07-13T15:02:28Z,19.5
UCSEWhVMdyy28K-GusjWjmdg,village cooking with travel ,802.0,Howto & Style,2026-07-10T13:23:34Z,22.6
UCE2h3exiZeJc9dk3cNmC9mQ,TechmoDIY,3900.0,Howto & Style,2026-07-10T05:16:47Z,22.9
UCEV_QDyfrCByQlvLum5rQSw,Tree Top Taste,6100.0,Howto & Style,2026-07-09T08:23:54Z,23.8
UCrr6da980A9ChvyLGOxJFJQ,Dilhan vlogs,22600.0,Howto & Style,2026-07-07T13:30:16Z,25.5
UCqoZbyGTVsHUPErog0Sac4w,4U Veggie Soul ,1230.0,Howto & Style,2026-07-05T15:00:36Z,27.5
UCGu9SCAkCTMOmxbpwVpkFlQ,Traditional Taste Story,63200.0,Howto & Style,2026-07-05T12:41:35Z,27.6
UCVMB6AbprXcq1IMl1PfL8xw,Jeevithaya Laga ජීවිතය ලග,157.0,Howto & Style,2026-07-01T13:30:14Z,31.5
UCTLUq3naNHA9LDxBaA52ZPQ,Pearstec Branding,23900.0,Howto & Style,2026-07-01T10:15:55Z,31.7
UCnB-uehdom72-D0Cxd0Dvww,Ishara Madusanka,692.0,Howto & Style,2026-07-01T07:44:08Z,31.8
UCxV_T0pfM8329D4PuT2--Hw,Uma Fernando 🌸 🧚,18200.0,Howto & Style,2026-06-29T15:30:22Z,33.5
UCzGLOKNQizD6FkHa3hJT9nQ,Lahiru NatureWorld,152.0,Howto & Style,2026-06-29T15:01:44Z,33.5
UCaqtt3gwKyxJk29WjWxyyBQ,dcwonline,175.0,Howto & Style,2026-06-28T03:13:52Z,35.0
UCWa_ETiC51qsIoDDuMb1rEA,Craftdil,5930.0,Howto & Style,2026-06-27T15:43:03Z,35.5
UCppiGsQiUnaAr3Xu31SxfNQ,Limitless Spice,2190.0,Howto & Style,2026-06-27T12:16:09Z,35.6
UClVth-CgLPxHY7nlI1XdvYA,AyurWay,465000.0,Howto & Style,2026-06-27T02:09:28Z,36.0
UCbF5AFeT5KlPCPNowaYO_xw,DAG ,9090.0,Howto & Style,2026-06-26T21:28:06Z,36.2
UCsniurCxEPcokBVrpuyHi7A,COMEDY Challoo,5570.0,Howto & Style,2026-06-24T19:17:58Z,38.3
UCYdDk0awN1_CvK5oVr-tGtQ,Dr V & A Health tips,12800.0,Howto & Style,2026-06-22T17:42:31Z,40.4
UCrwLMqCRsyCeY4Asa3asV3A,BaiyaAsL,15800.0,Howto & Style,2026-06-20T05:33:50Z,42.9
UC2t2X2Bq3yqkKM3-_ghplqA,Colombowa,65500.0,Howto & Style,2026-06-19T12:59:02Z,43.6
UCXy8BNuAQHufm4LkqMLYyvw,Saku Foods,1220.0,Howto & Style,2026-06-19T11:30:18Z,43.6
UCUKTHnMdM8OmvxJ0G8BiM9Q,IWUM PIHUM - ඉවුම් පිහුම්,4020.0,Howto & Style,2026-06-18T00:42:09Z,45.1
UCmlJLyiHuYmYk1A0sjRNg5Q,𝐔𝐦𝐦𝐚'𝐬  𝐤𝐢𝐭𝐜𝐡𝐞𝐧,10000.0,Howto & Style,2026-06-16T03:00:18Z,47.0
UC1HIz8Y6vFvldWwLYVLjJXA,Mr BaiyaAsL,3500.0,Howto & Style,2026-06-15T16:36:47Z,47.4
UCiOGxK9Wm-nFAxCt8GwXuFw," Village Home SL  ""ගැමිගෙදර""",9340.0,Howto & Style,2026-06-15T11:10:03Z,47.6
UCoZlq_ayPEkcxemAgJLaIvg,Crafts & Edu Zone,205.0,Howto & Style,2026-06-13T19:43:36Z,49.3
UCvNrVkiCs8ig0a9qRs0GPdQ,Food Buddies lk,14.0,Howto & Style,2026-06-09T09:00:19Z,53.7
UCv5WPfuD2HjpS1u6VBslSvA,Life with Jithmi,157.0,Howto & Style,2026-06-08T04:14:46Z,54.9
UC8vY-m7gs5cxm0TE9srX_SA,𝗕𝗼𝗷𝘂𝗻 𝗵𝘂𝘁,44400.0,Howto & Style,2026-06-06T11:30:38Z,56.6
UChyE7Co-yBbWI_t6TClhcGQ,Nilame Adum by Harshana Gunasekara,83.0,Howto & Style,2026-06-05T18:28:51Z,57.3
UC4QrxCDvYZg67xrbygUjEXg,AVG international Private Limited,44300.0,Howto & Style,2026-06-04T21:56:19Z,58.2
UCa2NC08hxPzydZmIeIKmRIg,PrimeNest SL,161.0,Howto & Style,2026-06-04T15:17:16Z,58.5
UCF_GwRg0u7NhqXyedomz9Cg,	SOBAKO PRODUCTS,6.0,Howto & Style,2026-06-03T10:52:27Z,59.7
UC8rcDufKZ3W6CtZU69CtMXg,PKY Production,2180.0,Music,2026-08-02T01:30:03Z,0.0
UC_7pTaIJhu8uAc9jUzE2qHg,Mowsy life with poetry ,566.0,Music,2026-08-02T02:39:00Z,0.0
UChu57OdYyrW_PRkITQ4t7Mg,Dj REMIX HIRU ,242.0,Music,2026-08-02T02:30:18Z,0.0
UCkagcQYGoYFuXsUg-ObSL6A,OSHI LANKA SOUNDS ,13100.0,Music,2026-08-02T02:17:34Z,0.0
UCrhkgHTUdZXbCd69TNuQuMg,Tune Notes,4570.0,Music,2026-08-02T02:00:37Z,0.0
UCsCp9NfFhRhL6DvDjWtAweg,SL BUS DJ BEATS,41300.0,Music,2026-08-02T02:58:12Z,-0.0
UCuW9OiaVwvoOraW1Jcc3_uA,Cassandra Perera,405.0,Music,2026-08-02T03:13:17Z,-0.0
UCTWZbDqPbg0Z1kpR3U_mO6g,DJ AsHaN,1790.0,Music,2026-08-02T00:45:41Z,0.1
UCoPGkvh-1AoSzh23-ROXrpw,SL Songs & Karoke,8870.0,Music,2026-08-02T01:15:22Z,0.1
UCrvzIDkMGfp2X2qaN1WwgTg,Sri Daham ශ්‍රී දහම් 🙏,65500.0,Music,2026-08-02T01:20:43Z,0.1
UC2b5VAYjsOfepl9nAXgRmfQ, DARK MOON KARAOKE STUDIO,634.0,Music,2026-08-01T21:12:48Z,0.2
UCOHyRrRuD2zGCkpuCAlyOyA,ABHISHEK MOON LIGHT CREATIONS ,13900.0,Music,2026-08-01T22:27:20Z,0.2
UC-budHy3MfX1QRQPT3GTu1w,Experience Harmony,702.0,Music,2026-08-01T16:22:06Z,0.4
UC17hNp1a6g2dCwGVvATmgFA,Anuwa Remix,11.0,Music,2026-08-01T18:15:11Z,0.4
UC3dIMQ2OiGUorimvXzGthBg,BK Music🎵,2560.0,Music,2026-08-01T17:01:11Z,0.4
UCG0zly9obnC7U6LdlEU5v5g,DJ ASNK,60600.0,Music,2026-08-01T16:22:29Z,0.4
UCUxrelp7FHiIj9SNfzWdh_A,kafee college of music,3670.0,Music,2026-08-01T16:05:41Z,0.4
UCqFTy7zpwgdlsRr7UTImf_A,Ashi,726.0,Music,2026-08-01T18:09:23Z,0.4
UCuJmg9Gw1uO-JGVLk9iACDw,BattiEye,4610.0,Music,2026-08-01T16:36:04Z,0.4
UCwm1pjpLVd7r9wdp-s_Swvw,MAX VIDEO ,436.0,Music,2026-08-01T17:05:45Z,0.4
UCyHSMtGIbkjoPOs_B0ZnfyQ,SIDHA සිදා,961.0,Music,2026-08-01T16:36:59Z,0.4
UC-mYZ4TM6CU7IVgbQUlFNUQ,MIDLANE,19200.0,Music,2026-08-01T14:30:03Z,0.5
UC69csWmeK-LePWo8JJ9BoqQ,AGK MUSIC,13800.0,Music,2026-08-01T13:44:50Z,0.5
UCLj8c-AqbSmkSPLG44lT0lw,LFATOL RAP ,27700.0,Music,2026-08-01T13:30:06Z,0.5
UCNPYfKcafveO1qA81WSW9CQ,MR MUSIC LK,27200.0,Music,2026-08-01T14:37:33Z,0.5
UCRK13WgCsr2N6y9cbeEq39g,Sound Balance එක 🎧,152000.0,Music,2026-08-01T14:01:23Z,0.5
UCRdk7C3rA4x3FqQDsVoaBfg,Sashrika Semini,90700.0,Music,2026-08-01T13:46:41Z,0.5
UCeLsnnibnzDaSpMZMPJcvAw,Organ Instrumental Music,208.0,Music,2026-08-01T15:27:17Z,0.5
UCeeTxQjRV7bm4tRpijam9kg,Dinesh Gamage,560000.0,Music,2026-08-01T14:15:37Z,0.5
UCpErRATj-Z4ux1lAtBhdfbg,Susantha sri,1580.0,Music,2026-08-01T13:35:01Z,0.5
UCsLoRcb3FvB-uK3F1_zqXbw,Agnee M.Sivakumar,40100.0,Music,2026-08-01T14:30:34Z,0.5
UC0AQUZV55ALmw7y4w4UJRYQ,AI Guy LK,31100.0,Music,2026-08-01T11:29:07Z,0.6
UC3pnlqmWVIVdQ4hkaQAxyVw,Silkroute,31400.0,Music,2026-08-01T12:01:00Z,0.6
UCHMS7LX9aXGt5rGe2Wp5-5w,Maduka Ashan,828.0,Music,2026-08-01T12:19:44Z,0.6
UCLsRogzQ9bw2Efitidd0ikg,Hitma Music,82300.0,Music,2026-08-01T11:30:08Z,0.6
UCMxeqmVKOqiqh7V_A3h4gfA,DESAWAN VIDEO OFFICAL ™,92300.0,Music,2026-08-01T11:30:06Z,0.6
UCTlVnv2IrpdHPiB4PeaH6Lw,Prasa SL,7550.0,Music,2026-08-01T11:30:03Z,0.6
UCYbt3LkjHI9rVvYfq0jN_ew,SN BEATS ,12000.0,Music,2026-08-01T11:34:04Z,0.6
UCZ-RBSr_ZD-jWWDgZmFyZyw,Buddhya Gayanali,64400.0,Music,2026-08-01T11:59:41Z,0.6
UCbgjuk1jkUr_xe4tNGv35Qg,Pandama Music LK,1560.0,Music,2026-08-01T12:30:27Z,0.6
UCcxDOjzjxdaGfT5NiN5M8mg,Sasantha De silva,1280.0,Music,2026-08-01T12:06:50Z,0.6
UCdl01jabKqzbe0XoZmn1y9A,Ashoka Bandara ,4760.0,Music,2026-08-01T11:38:45Z,0.6
UChlvAvH3N7Xd29DuAJgv0Mg,Sagemart,4490.0,Music,2026-08-01T13:00:36Z,0.6
UCkNlyDd1Khxu8TaKAayoa4w,ERA MUSIC LK,1550.0,Music,2026-08-01T12:19:19Z,0.6
UCmKxhMStMwZZ1gdOg1YZQug,Riviya Bro,164000.0,Music,2026-08-01T13:25:43Z,0.6
UCofF1Whz-uMOt6JJAoHa9wQ,Sha tv ,14400.0,Music,2026-08-01T12:46:46Z,0.6
UCzO0Ody4SmI_XFRrXW848eA,MUSIC C,9600.0,Music,2026-08-01T11:45:36Z,0.6
UCK_mRBdCXMfDqOnnrP5_Ztg,Music Update,445000.0,Music,2026-08-01T10:40:06Z,0.7
UCMcbA7PGSiHNM1SqqTmKK9w,Ransi & Niki,3790.0,Music,2026-08-01T10:30:05Z,0.7
UCdbUJ0gmqeVKpppYCgkLcXw,Idumina Malith,114.0,Music,2026-08-01T09:59:55Z,0.7
UCnCv6UkoEitRGOxocP0TIPA,Sinhala Live News,60700.0,Music,2026-08-01T10:14:48Z,0.7
UC2RlY2LHoGOoaU8qRI9sZ9g,Bimal brother ,20.0,Music,2026-08-01T07:39:10Z,0.8
UC3yRhP9WE8V8mXVSAyYyOVg,HustLer Bhai,195000.0,Music,2026-08-01T07:30:18Z,0.8
UCRtNR8eqB_eaxKgUcltpwXg,TN Audio Mart,36700.0,Music,2026-08-01T06:30:25Z,0.8
UCZhOI6uSPZKDNMpRHePdvow,REDY Music. LK,25700.0,Music,2026-08-01T07:55:33Z,0.8
UCb40_0KiNkoXo5KAmV3WRlA,Amarsha Tissera,5830.0,Music,2026-08-01T08:25:26Z,0.8
UCvC0uMBUgREW9u8JZ_ZnLSg,Sindu kade - සින්දු කඩේ,53200.0,Music,2026-08-01T06:33:34Z,0.8
UCG8_wCLaf35DR4iX0GPFHQA,Sathish Weerasingha,881.0,Music,2026-08-01T06:13:28Z,0.9
UCRfixX5GrE-0v79GfP9lV0w,Tech Deaf Sl,1230.0,Music,2026-08-01T04:59:23Z,0.9
UCfJvQWJ4iUTng15ks3WtVow,Shashika Video Team,261000.0,Music,2026-08-01T05:01:21Z,0.9
UCtCRPThmACRMWBQ1et0rE2Q,Ajay's Beginning,2160.0,Music,2026-08-01T06:05:00Z,0.9
UCz6Vvy2SaWKbJLEeqosraCw,SL Nalinda,11000.0,Music,2026-08-01T04:12:51Z,0.9
UCFjPN4qKreAn3tB36QMYiRA,SL BUS LOKKA official,88800.0,Music,2026-08-01T02:17:55Z,1.0
UCP4Z7-uWZYIQBclex8M086A,A D Editing ,214.0,Music,2026-08-01T03:06:32Z,1.0
UCQs4YsWvTrJMQANLv6uqAZw,Gindara Beatz,7540.0,Music,2026-08-01T03:30:13Z,1.0
UCamuj3-WFG1v2Pz-UmcakIg,Hevenliya Music Productions By Son & Dad,756.0,Music,2026-08-01T01:51:25Z,1.0
UC-sHdOIu-eh_LFxQP018pmA,Twinkle Melody,5580.0,Music,2026-08-01T00:56:19Z,1.1
UCOOfF5e_JU7Bgyq_yU9c_bw,Hashan Dehiowita (HD TUNES),5500.0,Music,2026-08-01T01:09:54Z,1.1
UCe4u6O2d_KzB3Y6Ln08mnqQ,AI VISION,1750.0,Music,2026-08-01T00:30:38Z,1.1
UCh4ipTfq2UvWjzC0gcslZIg,Sanuhare,61900.0,Music,2026-07-31T23:30:17Z,1.1
UCrJA25R_KDe3dM1sLZK7gCQ,Ai EMagine Studios,373.0,Music,2026-08-01T00:45:30Z,1.1
UCBl0eCJiXy8m5icfs2SihGQ,සක් සලකුණ - Sak Salakuna,1120.0,Music,2026-07-31T17:55:28Z,1.4
UCaN5X0a_Su-1Dpb-VsEkUjA,MOSY,724.0,Music,2026-07-31T17:51:28Z,1.4
UCq3WWAoJj0DOQC3G7ri1cug,DEW N YASISIRU KARAOKE,14800.0,Music,2026-07-31T16:34:10Z,1.4
UC3Wr3B8vZyMuPK1XExr5Npg,Ramesh Drums & Music,11600.0,Music,2026-07-31T14:10:31Z,1.5
UCAw5LsFdQcCZ7HX_We4T0Iw,ViP HIRU MUSIC ,23200.0,Music,2026-07-31T13:46:41Z,1.5
UCRtDKbi59vMpicSLFT0J5mg,Brenda Mendis,1150.0,Music,2026-07-31T15:12:33Z,1.5
UCTO9f5qKoCLHF21OLaROdEA,නුවර තරු,4870.0,Music,2026-07-31T15:35:13Z,1.5
UCXfgx23Lw81I4wsCNhdVBgw,TRENDY MUSIC,8870.0,Music,2026-07-31T14:00:18Z,1.5
UC_R5RnT7O66G791kXv-9_vg,Kavi bana Samitha himi,21100.0,Music,2026-07-31T15:25:22Z,1.5
UCaszdCPv2DolWB2zmTDYPEA,EASY MUSIC TV,101000.0,Music,2026-07-31T15:30:35Z,1.5
UCdZRFHIhq7TpUNSLXRlt7rQ,TM VIBE,1340.0,Music,2026-07-31T13:30:11Z,1.5
UCewWZeJ0g9cHU61e_jN_bZg,Patta TV,36100.0,Music,2026-07-31T14:29:17Z,1.5
UCjb7az4gRN12iu0MTUtqJ5Q,Sanju Studio hub,6220.0,Music,2026-07-31T14:40:18Z,1.5
UCnUUUzbxmwVVkz9Sg2PePsw,Nonstop Lanka,2440.0,Music,2026-07-31T13:30:08Z,1.5
UCqK8Pziw5w_zNPAzQS4lXaA,SD karoke Production,5780.0,Music,2026-07-31T14:06:33Z,1.5
UCzyTz2So395JRTH79AlQS7Q,Dilan Lamb,3300.0,Music,2026-07-31T14:13:14Z,1.5
UC0QrPhl7LB3tfSN3Fls2o0g,MrBaila,16800.0,Music,2026-07-31T12:36:57Z,1.6
UC4cOgzL4F7U_Z_a5NUa-V0Q,Music Plus,37600.0,Music,2026-07-31T13:08:04Z,1.6
UCDoXItIw1akXVz4Gk_F8CDw,Lunugalle Amitha Thero,2050.0,Music,2026-07-31T11:07:21Z,1.6
UCHcjVyfv5VYVhafiVjzb9qA,Art Edition,7420.0,Music,2026-07-31T12:30:15Z,1.6
UCSY8CuQrYb37sCeYATzE1-w,Si Agni Music,40.0,Music,2026-07-31T12:00:30Z,1.6
UCaCnmd0sVADrw8228hCBnlA,Battle of the Bands,3020.0,Music,2026-07-31T11:15:32Z,1.6
UCg73cJ6NtsIh10VgkHs9L1w,Vihanga bus kingdom,561.0,Music,2026-07-31T12:10:38Z,1.6
UCke4NBMcOwRbe9O1utY7b4g,DR MaxWave,776.0,Music,2026-07-31T12:30:37Z,1.6
UCo0T1_6STiZRrmhrTY78BGg,WHO AM I 🎧🤍,3330.0,Music,2026-07-31T11:30:06Z,1.6
UCoV9dlug2YWQ9BHzJTJrTrA,Best Quality Karaoke ,5740.0,Music,2026-07-31T11:30:21Z,1.6
UCu2FGHwwB3OKeDtjsVETgLA,Shehara Sandaruwan,9030.0,Music,2026-07-31T12:30:12Z,1.6
UCud27Gl7WPKF4KmdOWKXIPg,Z GEN VibeZ,403.0,Music,2026-07-31T12:30:10Z,1.6
UC8ADWM4kdxtzzoDH3JI5hSg,DJ MALIYA,41700.0,Music,2026-07-31T09:30:14Z,1.7
UCFNhBN3enTlGFtr-apfIaDw,Live Beat lk,40800.0,Music,2026-07-31T09:31:26Z,1.7
UCRUyTXpT4JzSSaUyjfclOKA,BONIYA BEATS,27100.0,Music,2026-07-31T10:30:15Z,1.7
UCTmg1B8yhWyPTgGgPGGazMA,CASPER MUSIC,10700.0,Music,2026-07-31T11:00:36Z,1.7
UCVXYozei4DxuTTkaRibtKeA,Life with Love,10300.0,Music,2026-07-31T10:38:17Z,1.7
UCidNC9-9DsHj3FmP5N42Lqw,𝗔𝗢𝗚 𝗞𝗮𝗹𝘂𝘁𝗮𝗿𝗮 𝗪𝗼𝗿𝘀𝗵𝗶𝗽 𝗧𝗲𝗮𝗺,1110.0,Music,2026-07-31T11:00:00Z,1.7
UCky_P7-XlMtdNDwi_L4wZow,ANJ BEATZ,150000.0,Music,2026-07-31T10:21:28Z,1.7
UCoe2RdeG8ap2sf4oir_Iz6Q,Fixme studio,28200.0,Music,2026-07-31T06:43:20Z,1.8
UCdlBigOLL-Su4Ok6bYsdMZA,MLK KING ENTERTAINMENT,600.0,Music,2026-07-31T05:07:12Z,1.9
UCDAkUKRB1pkb-s3Gqv7FZ7A,`𝘽𝙡𝙖𝙘𝙠 කිටී,867.0,Music,2026-07-31T03:31:23Z,2.0
UCOlFGTtYOtyBMV-qwZjmgyA,Manuka  Music,156000.0,Music,2026-07-31T01:30:06Z,2.0
UClCjoJ0fs2RqaRTjukU1jQA,All in one SL,1860.0,Music,2026-07-31T02:30:40Z,2.0
UCqxwy8GKh91iGrcZ7dgVuCQ,Sudu Live Beat ,41600.0,Music,2026-07-31T03:31:14Z,2.0
UCLV3lwpsZoN_dHTFexRAh4Q,V.I.P SRI LANKA,34.0,Music,2026-07-31T00:35:07Z,2.1
UCc5gfz4VReknhpeaHNcBl_g,Chamil Ranga Music Styil ( CR ),12900.0,Music,2026-07-31T01:09:52Z,2.1
UCm4JIrj62ryoKE2kUJfOIVA,Lahiru Jay,8180.0,Music,2026-07-30T19:45:17Z,2.3
UCG9hh5sYveG154GmDfc8T5Q,SA Slowed Beatz,1240.0,Music,2026-07-30T16:37:15Z,2.4
UCM2bvvJY1u3pRBq1DyUHK1A,Induwara Sayagi,59700.0,Music,2026-07-30T16:22:04Z,2.4
UCajsHQ2YhlKIyXVeXU3uEuw,Punsiri Soysa - පුන්සිරි සොයිසා,113000.0,Music,2026-07-30T17:28:10Z,2.4
UCsIWvjz7hIya46Z7Osb-QpQ,Basura X vibes,72.0,Music,2026-07-30T17:20:52Z,2.4
UC0l36s7dMwk1GYxmSHAib_A,Guitar  Jagath,521.0,Music,2026-07-30T13:30:14Z,2.5
UC7lMOYGM4RHBvV8TR5zYmvQ,T&D Music Official,18700.0,Music,2026-07-30T14:00:06Z,2.5
UCFJbuic3c-Tmr_-jNeUjQcg,Augustine Lenard,177.0,Music,2026-07-30T14:11:43Z,2.5
UCMOzBNaskYXY_cN7IeJWQ9w,Mandakini Music Paradise ,4980.0,Music,2026-07-30T14:00:06Z,2.5
UClmcdMeyewoxHEYb2XDjhJw,vlog with Nimsh jay,565.0,Music,2026-07-30T15:24:03Z,2.5
UCmLefvOWUhvzrk0ToJbK2AA,Rita SL,83300.0,Music,2026-07-30T14:31:18Z,2.5
UCrGUmgtSfZTAyiTUwAhr2jQ,SOLO BEAT,7960.0,Music,2026-07-30T15:15:53Z,2.5
UC0TuFlVlBrfC8Yg7XGQ5PAA,Rap Kollo,25200.0,Music,2026-07-30T11:30:06Z,2.6
UC87goh34oNbvOH468hyfQVg,TOP ONE BEATS ,9.0,Music,2026-07-30T11:10:27Z,2.6
UCFbTlfl5V-q1nF9P-OnzkqA,𝓗𝓲𝓽𝓱𝓪 𝓣𝓾𝓷𝓮𝓼,1240.0,Music,2026-07-30T11:30:06Z,2.6
UCMhmKEOpLnDNmzmKBTg0jeA,REMIX VIDU OFFICIAL ,143000.0,Music,2026-07-30T11:44:33Z,2.6
UCNSnFwvrkdgy7yoDd3M9uYQ,Halpa vlogs,186.0,Music,2026-07-30T13:05:21Z,2.6
UCO1V4cx38VioEk7rA_zNhYQ,Thamizz,301.0,Music,2026-07-30T11:30:06Z,2.6
UCOmNxm15JgVbbxGVFoTkX-w,My lyrics - ET SURANGA ,1050.0,Music,2026-07-30T11:22:36Z,2.6
UCQQKvNa1OWdhrvKTxdjbk4A,Brightpath ,4060.0,Music,2026-07-30T11:48:31Z,2.6
UCy1N1tGi0sQPihwrtWohYMg,DILA MUSIC,2000.0,Music,2026-07-30T11:30:06Z,2.6
UCy_k21fgkkC-02_heI6enaQ,Live Srilanka,104.0,Music,2026-07-30T13:00:01Z,2.6
UCPb-YL9Mbk2wvSn8kmr1ehg,Honeybirds Karaoke,83200.0,Music,2026-07-30T10:53:02Z,2.7
UCZmhWvoFf5ejK_0i7ryO17g,TM Films,55000.0,Music,2026-07-30T10:30:37Z,2.7
UCiPqzkmX93ta8vFwMVS81oQ,ANGEL HEART BEAT HITS,102.0,Music,2026-07-30T09:38:03Z,2.7
UCj66yJ6BRcAD83A7KhIl9lw,Ronadi Tharuksha,7410.0,Music,2026-07-30T10:13:45Z,2.7
UC4SAVyQ3jqaM1WSO4unz-hw,Methmal weerasekara,3200.0,Music,2026-07-30T05:57:28Z,2.9
UCP0FKFuz9j2Dp-QDr-Dv_0g,KETHEES KUMAR COMEDY,122.0,Music,2026-07-30T05:44:01Z,2.9
UCsvDkRXBU1m4-GJYU57eTig,Kasun Perera,1960.0,Music,2026-07-30T05:50:40Z,2.9
UCwIAJtNJEsDReDFDt7fevpA,Hiru_G_Music,101000.0,Music,2026-07-30T05:00:06Z,2.9
UC2t-j4TzuSmYm4rxiC9TL0w,TharinduMusic,29.0,Music,2026-07-30T03:30:17Z,3.0
UCLohwIO-jl-eXfGLnP0rfjg,CEE JAY,3510.0,Music,2026-07-29T22:32:33Z,3.2
UCAnwSs7v4B_GPxGS_UwxVpA,Crocodilze Music,77.0,Music,2026-07-29T16:48:18Z,3.4
UC944GuW0gSM0srEsZSZRQEQ,Cooler Music,10100.0,Music,2026-07-29T14:10:23Z,3.5
UCB1gRSWXYPMdDxWUx9pKG5g,GAMING දොස්තර,109.0,Music,2026-07-29T14:40:01Z,3.5
UChlTbGDLAEo8WN_qZLavi7Q,bike පිස්සා ™,640.0,Music,2026-07-29T14:05:01Z,3.5
UCGrkppUwyMipsuoUSKFd9Zg,SAPATA MUSIC,1540.0,Music,2026-07-29T13:15:16Z,3.6
UCjnp6mFYNleIXqVtJMsELAg,CHAMIDU TECH,226.0,Music,2026-07-29T12:08:55Z,3.6
UCzf5q2CCnb-vJes5m0YWI7w,SL DJ BABY,802.0,Music,2026-07-29T12:17:47Z,3.6
UCokb-OmM2iMdSD2UbOiHG5Q,Jayamahabodhi | ජයමහාබෝධි,13100.0,Music,2026-07-29T09:45:41Z,3.7
UCJkx-61Ysti3AzfwmdgtyKg,Hasitha,145.0,Music,2026-07-29T07:59:33Z,3.8
UCuFZRnnDPMiwvyJVHhNP6og,SL Beautiful world,5560.0,Music,2026-07-29T04:25:19Z,3.9
UC6_QBGzvw98NQApyx4J8CeA,Wlease_EditZ,30.0,Music,2026-07-29T03:03:01Z,4.0
UC_-oJBn2hV9-RE3r8QAqiXg,TIKTOK SPECIAL,22300.0,Music,2026-07-29T02:37:27Z,4.0
UCT7x6FV45bl-zTbveCY1KJg,Little Think,1340.0,Music,2026-07-28T18:07:57Z,4.4
UC-B9e7r2XmQBmB-hzpw7xEA,Down South Remix ,615.0,Music,2026-07-28T14:46:54Z,4.5
UC4jCgcD-VeJuSwbubFBqLxA,සනුවා music lk,655.0,Music,2026-07-28T15:02:12Z,4.5
UCCko_Xv9kKMFf5-hqd0NlJQ,Creative voice ,6500.0,Music,2026-07-28T14:16:22Z,4.5
UCEmxWFAHJxo0qpRfxCDvVUA,sinduma thamai,294000.0,Music,2026-07-28T12:03:02Z,4.6
UCix7C1KG_SPtiMXommMExNg,KAALI TEMPLE THALAWAI,7240.0,Music,2026-07-28T10:40:57Z,4.7
UCAd1_DwT2iKc8s7rH6Af9lA,ROCK SAAMI,49700.0,Music,2026-07-28T06:03:28Z,4.9
UCYT4vetZzMYjLIyxMmLv_9Q,FILM HUB,3320.0,Music,2026-07-28T02:58:05Z,5.0
UCMWnOdzJ0NRbLBoHkhKLZhw,Lanka Life Style,2570.0,Music,2026-07-27T16:25:57Z,5.4
UCWFLl-CvQuH7KuS1cG5HDag,sn channel,303.0,Music,2026-07-27T17:07:31Z,5.4
UCIahchcgnpQIfghjuVKyYWQ,SN KARAOKE,28000.0,Music,2026-07-27T14:34:06Z,5.5
UCa68yFNzpqAEnwg37j8JXSg,Dileep Mann,3650.0,Music,2026-07-27T15:18:49Z,5.5
UCR4K-dZopNtkhROU1Tt6XdA,Ceylon Odyssey ,114.0,Music,2026-07-27T12:19:53Z,5.6
UCiitqGvliLalpXfO191ha0w,SAWAN BEATS,97200.0,Music,2026-07-27T12:30:06Z,5.6
UCj6UHGHXLP2pgLojTLSLatQ,Yasintha Heshan,148.0,Music,2026-07-27T06:26:59Z,5.8
UCqODKKfku8auksmekzE6X0Q,The Fox Two Sri Lanka,161.0,Music,2026-07-27T07:04:55Z,5.8
UCl6jWvfKISYk4ZN0N3EDu5g,SINHA BEAT ,4160.0,Music,2026-07-27T06:00:06Z,5.9
UCS0_jn8pKK7Y61A7TPBC15Q,ShafraZ,106000.0,Music,2026-07-27T01:15:47Z,6.1
UCsUtkwirfdfVM6rsuncEkMg,KING TAKA,661.0,Music,2026-07-26T18:38:12Z,6.3
UCVn5hauS6c3z1MPIfagPsWw,Anjalee Herath,118000.0,Music,2026-07-26T16:48:10Z,6.4
UC20RzbPn2zOX8-g15ld7nFw,Karaoke Lens,4690.0,Music,2026-07-26T15:11:40Z,6.5
UCsCQCWlu99DEzeCG3hdOR3g,Wikum Creations ,2130.0,Music,2026-07-26T14:10:42Z,6.5
UC0X8Ey7m_8D3sTrLaDjIERA,Choco RF,70300.0,Music,2026-07-26T12:45:11Z,6.6
UCJq2r66PusLhhX5yFvKDzhg,KOOMBIYO,1070.0,Music,2026-07-26T13:09:40Z,6.6
UC40jLWzy3T9ia3GPTtf7S1A,Trending api,1670.0,Music,2026-07-26T08:43:51Z,6.7
UCA-67GRbfsehmUemj_Xw_bQ,Ona Deyak Remix,33.0,Music,2026-07-26T10:29:56Z,6.7
UCjXRhP3IM0f0G3GJ4oeOe6Q,Ceylon Remix,14300.0,Music,2026-07-26T09:17:35Z,6.7
UCp9oKxP7hF6aRacDTpKyP7A,Mali J,193.0,Music,2026-07-26T09:40:33Z,6.7
UCxTVnqDo0Gw2dfe5J3j-vbA,Nonstop LK,132000.0,Music,2026-07-26T10:31:07Z,6.7
UCHN7F5m9efudY7BVkUxT82A,Shamika Productions,18000.0,Music,2026-07-26T08:02:57Z,6.8
UCLsv1eHFNQWgDbsu5CpFD5A,Ashi Bro,30300.0,Music,2026-07-26T06:39:28Z,6.8
UCv0MDqyLJbwYkW-7IHFAPhg,Sumith Entertainment,35000.0,Music,2026-07-26T06:55:33Z,6.8
UC-ejlaSTmf6HaRBE4DDR77Q,wara tracks,1130.0,Music,2026-07-26T04:30:32Z,6.9
UC0OZK8ewkjrXXFwzQLcOXHg,Grill and Thrill,136.0,Music,2026-07-26T05:13:44Z,6.9
UCwzIrse37KIcAHqZtpaqOuA,MUSIC HEAVEN VIBES,6480.0,Music,2026-07-26T05:19:38Z,6.9
UCS0KMjEWuAPKsUYXIKh6Lpw,The Balcony Singer,527.0,Music,2026-07-26T02:48:57Z,7.0
UCb7KCj20Yrv9ftOApO6mPTQ,DopeSkain,2810.0,Music,2026-07-25T18:10:54Z,7.4
UC4hd4Gkr9VXuyMUvWNn1lEw,HSB Productions 4U,63900.0,Music,2026-07-25T15:40:30Z,7.5
UCvsAilh3FFOTE-eMWE5AF8Q,The Catholic View,11500.0,Music,2026-07-25T13:30:04Z,7.5
UC1_yLH0zggKIv1M8vjKOiKQ,Sulaga Remix,633.0,Music,2026-07-25T11:40:51Z,7.6
UCF8njG8eE_xhXZuegdSkytA,The Buddhist,149000.0,Music,2026-07-25T13:26:09Z,7.6
UCMDVDwyKFq9SVR1-CHcAMYw,TrapLab,439.0,Music,2026-07-25T11:55:06Z,7.6
UC_4espbBkiPdxhZ5Avb5kiA,Navam Creation,7610.0,Music,2026-07-25T13:00:00Z,7.6
UCtHPrqawRzI9ifxLSqy4qsQ,Kiyanawanam Sindu,9720.0,Music,2026-07-25T12:30:33Z,7.6
UCR_X7zQO_e7lB2BhlxtfIoA,ChutiPancho TV,11700.0,Music,2026-07-25T09:30:17Z,7.7
UCksfo7FGOa1v35N6fbbNJWw,CHABIYA MUSIC,230000.0,Music,2026-07-25T10:31:20Z,7.7
UCh4w38T-PaPzEqVUbJTnOOg,DJ GAYAN 🇱🇰,28300.0,Music,2026-07-25T08:14:32Z,7.8
UCDgCzQ_an_TmDOFLNj806pw,SL ALL,2590.0,Music,2026-07-24T18:18:13Z,8.3
UCcLzxDa4SG25V3FD1wq5Ohw,TikTok Uthayakumar🇺🇸,1400.0,Music,2026-07-24T17:08:01Z,8.4
UCgLFIIZ9-n7ggc5uOrw5r5w,NUSHIKA,7270.0,Music,2026-07-24T14:23:04Z,8.5
UCwme4RncePbw8MwsX_Lhekw,Live Nonstop Seris ,120000.0,Music,2026-07-24T14:48:07Z,8.5
UC0F921-H3gcX03rSch_RYpA,SACHI B O Y offcial ,1620.0,Music,2026-07-24T11:30:26Z,8.6
UCW93w9GMgGb3v73bjcqLRQw,Yuzi Leon,29900.0,Music,2026-07-24T13:14:22Z,8.6
UCAvDJMfUNahnsnMBN1hIXuA,DRD Darshana Ruwan Dissanayaka ,29300.0,Music,2026-07-24T10:32:12Z,8.7
UCTWJG6nS2y6e3ETGBavoIyw,Shon 6ixstrings,300.0,Music,2026-07-24T10:31:12Z,8.7
UCEltFTj5c4BvLWfgixqTErA,LIFE LIFTERS,1050.0,Music,2026-07-24T04:47:31Z,8.9
UClEwc1oR6Ljk2AwAIsTeJnw,Sosa Lean,26500.0,Music,2026-07-23T21:30:26Z,9.2
UCl0RxSyMIYc2FC9_R_dt9Dw,Ceylon Cypher,1090.0,Music,2026-07-23T13:45:20Z,9.5
UCPMMAykrwlnQILzI2tsAU8A,Dj Tharusha Jay,7830.0,Music,2026-07-23T10:00:06Z,9.7
UC4S4O5hz73fNIIbcn4p3r9g,"Droomdoses - ""සිහින මාත්‍රා""",8620.0,Music,2026-07-22T14:27:17Z,10.5
UCFsAAfR-lgzQ0Qk5xipzFzA,ANU JΔY BEATZ,4890.0,Music,2026-07-22T14:00:06Z,10.5
UC7DAcUDu475b1grvKsSgARg,Vibz.__,1110.0,Music,2026-07-22T13:02:24Z,10.6
UCh_knF-oyL4m04GGEU3VXxQ,Sri Lankan Brass Band Music,4410.0,Music,2026-07-22T12:31:31Z,10.6
UCxaN4q6cRJtTNGGvpt57k_g,Thushara Fernando,2870.0,Music,2026-07-22T08:48:10Z,10.7
UCXOH1PDLFwZTRdMV3EmOy5g,Tissa Hettiarachchi - Yashodharavi (Official),157.0,Music,2026-07-22T08:03:03Z,10.8
UC1u-HhClpg8qOz7JO23W7Ow,ඌවේ කොල්ලා-,578.0,Music,2026-07-22T01:18:19Z,11.1
UCAvDdYpu6UjCFlOepV7TNMA,Dhanushka Wansekara ,830.0,Music,2026-07-21T14:18:14Z,11.5
UCaOa2eC18yjWO1LlGpPbcRw, SL Rashu Music ,5980.0,Music,2026-07-21T14:00:06Z,11.5
UCBp5IVBcxqhnaKSReF0nkQA,ASHAN WITH MUSIC,36.0,Music,2026-07-21T12:39:32Z,11.6
UCUUVKqTkh6URVwIQlUI4-Nw,SL MUSIC - 🎶,1120.0,Music,2026-07-21T12:52:57Z,11.6
UCKaLeMeUVY1gsBK2nh_PeSg,Vachintha Piyadasa,50.0,Music,2026-07-20T16:10:28Z,12.4
UCppteM1RMvecJaPP830FMxw,SK MUSIC,272000.0,Music,2026-07-20T13:38:13Z,12.5
UC3vuLv1EXDUxS_UKLPFJVSA,EBC Music,10600.0,Music,2026-07-20T11:30:06Z,12.6
UCq_8SrZXG-EB1qG8h539mcA,Gee Lanka,7520.0,Music,2026-07-20T12:47:11Z,12.6
UC0UOhKetGjen0InweZGGbWQ,Nonstop Live,29800.0,Music,2026-07-20T10:29:42Z,12.7
UCC6cU7x6NQPW8-FXpVL_Ubw,Sameera Subasinghe,989.0,Music,2026-07-20T05:50:16Z,12.9
UCFiYb7cX7DVgkb0fsyt3pyQ,Ceylon Tunes,13900.0,Music,2026-07-20T04:30:16Z,12.9
UCcy3exSBk-B1tfIAxHnxgzw,ORIGAANA MUSIC STUDIO,5570.0,Music,2026-07-19T13:15:44Z,13.6
UC0STeXkzhq7-03GiyxuhnZQ,Senithu Lithmika ,11700.0,Music,2026-07-19T11:00:28Z,13.7
UC1bhjbLGPynjnaKIGs8np0A,Desitha Music,50200.0,Music,2026-07-19T10:25:17Z,13.7
UC2YLwpfSSEV2eK31LzJKB6A,Nonstop Rasa,51.0,Music,2026-07-19T09:46:45Z,13.7
UCFgohgQndyMumqIwZ3mrJsg,Thime Music - තිමේ,3070.0,Music,2026-07-19T11:00:23Z,13.7
UC_T_WzGfHvwqCtIlB8-MVIQ,MUSIC PLUS,3670.0,Music,2026-07-19T11:00:15Z,13.7
UCfpYakGtM6UYxAjTWpUu1PA,MR MONIQUE SL,4060.0,Music,2026-07-19T10:50:34Z,13.7
UCQg4GlEXe5iV3ttODlnp0tA,DIL Vibes,17500.0,Music,2026-07-19T06:45:35Z,13.8
UC0A6PKKzwexBqhStrZ98lbw,variation music karaoke,17700.0,Music,2026-07-19T05:01:47Z,13.9
UC_PDy3FABvwLzAZPiMlBOmw, Sensitive Entertainment ( Dj Nalin ) ,827.0,Music,2026-07-18T18:32:10Z,14.3
UCNJtTSS_YJoKcDVmGdtXddg,NeraVibes,75.0,Music,2026-07-18T17:44:01Z,14.4
UCnSX8rOTbJ0BnrcziyjzM6A,SAHANYA ,438.0,Music,2026-07-18T11:35:49Z,14.6
UC0iSfPvj_cAYrAUkdRI4TNw,Sandaru samintha,32200.0,Music,2026-07-18T10:34:41Z,14.7
UCa870dAVqsigV788JFDcFoQ,SL Evoke Music,343000.0,Music,2026-07-18T10:46:32Z,14.7
UCvivK4AwTrkPBnmrObTFxaQ,Bathiya N Santhush,625000.0,Music,2026-07-18T08:46:14Z,14.7
UCYOW-Xetp4-pPn4V1h2ySGg,KAVI OFFICIAL MUSIC,26.0,Music,2026-07-18T04:52:46Z,14.9
UC3FNLQ6B3ua_h3YX6mB7TJw,KaushzZ,8650.0,Music,2026-07-17T17:39:41Z,15.4
UCLnBDHkiAQQ6m8hHQsbtcOA, music folder,1160.0,Music,2026-07-17T18:15:45Z,15.4
UC9YkaMywrdhD_27n3usJn_Q,𝙈𝙖𝙣𝙚𝙚 𝙑𝙄𝘽𝙀𝙯,2410.0,Music,2026-07-17T14:15:24Z,15.5
UCaESx7Bdghv_UICcG1hBkcg,V ACE Entertainment,61.0,Music,2026-07-17T14:14:53Z,15.5
UCqd4MOSPOwMbyQFsC_zBdOw,Anushka Navod,21700.0,Music,2026-07-17T14:55:29Z,15.5
UCfpubNryZVTG8tfjVez9E_g,Mahesha Sandamali,102000.0,Music,2026-07-17T12:34:09Z,15.6
UCjKhWkJIwsMHxh2XG1WrbFQ,Neha Melodies,2370.0,Music,2026-07-17T11:30:00Z,15.6
UCtE13R1Cx71ZmLnrDslv0UQ,Voizy Music,193000.0,Music,2026-07-17T11:00:06Z,15.7
UCBkEIYKUPw_d06rAFuJfTVQ,MD Covers,348.0,Music,2026-07-17T06:32:46Z,15.8
UCOjO5KuBMofQ3c1Wy8mxINQ,Geethikacom,1800.0,Music,2026-07-16T14:04:21Z,16.5
UC4apyq44SI58537YMVA5hFw,Sawanaka Music,21700.0,Music,2026-07-16T11:30:06Z,16.6
UCuve2kn8kgTcc8nAJxS5aEA,Sharlie,19500.0,Music,2026-07-16T12:24:55Z,16.6
UCdVgwss1DdE-lhbxPmQtvfw,AG Studio,55900.0,Music,2026-07-16T09:28:00Z,16.7
UCp-a8fY5TcP-oH8GdmGZN5A,Thiwanka Shamenda  Thiwa Max,3040.0,Music,2026-07-16T05:56:37Z,16.9
UCubo6fKdM-y-sqsu1sprjIQ,Galgamuwa SWARA ,818.0,Music,2026-07-16T02:47:44Z,17.0
UCyITNavL2keUMFEiGoRpH4w,North Central Music,38300.0,Music,2026-07-16T03:21:03Z,17.0
UCkU6swX2r3IiYoAUbVnNq3w,Nanda Udawaththa,812.0,Music,2026-07-15T13:30:17Z,17.5
UCrhUdMTs3SrW3N7MBx6MEdg,N!RO Beats,102.0,Music,2026-07-15T12:17:15Z,17.6
UCGOZzcgKkmC3_azdWQFubIQ,TAV Music,37200.0,Music,2026-07-15T10:20:37Z,17.7
UCngczh0dnYWq0eCB2gi5JqA,Radio Eka,117000.0,Music,2026-07-15T10:21:04Z,17.7
UCmXAwL-fDi78R-vghmFXyJQ,Cassette Eka,7.0,Music,2026-07-15T07:20:14Z,17.8
UCpRsv0ru59ejuB1EhFhwIBw,Music Kiriyai ,618.0,Music,2026-07-15T05:32:30Z,17.9
UCvtyhFTKjy3EmVh6UJLb9Jg,Steady G TV,64.0,Music,2026-07-14T15:25:06Z,18.5
UCCV84bEXdXJd1HSHhqUhoIA,Reverb Music LK,10700.0,Music,2026-07-14T11:00:37Z,18.7
UCm0pv4lhxFrDmiR8o8jfBLw,Chamee Remix,25200.0,Music,2026-07-14T07:53:14Z,18.8
UCneMJaFPRBfNBo9DlT0OPGQ,KCP Nicks,310.0,Music,2026-07-14T02:42:14Z,19.0
UCgFSgMsvgRRq4xDjmmf4LUw,SL MARVEL EDITS ,3570.0,Music,2026-07-13T12:45:28Z,19.6
UCiRz8w2WOTO7DjWIOONCmNA,Wajira Home Vlogs,530.0,Music,2026-07-13T08:53:57Z,19.7
UC89YQ2AyazB4SUDQuiIBCXA,Shanuka Ekanayake,48600.0,Music,2026-07-12T14:18:05Z,20.5
UCTnkg8PLlPCBZdJ8ec7jO1A,Rex Gaming,2850.0,Music,2026-07-12T13:30:57Z,20.5
UC_9NLwoSKITCNLMJ86MswJg,𝐌𝐈𝐇𝐈  - ミヒ,6150.0,Music,2026-07-12T12:30:05Z,20.6
UCbQG1GyAcbRup8dipyfA4Vg,TSR BEATS,89300.0,Music,2026-07-12T11:53:49Z,20.6
UCcHDTE8S_jjHaIUo9sltvhA,Y O U,5720.0,Music,2026-07-12T08:52:48Z,20.7
UCislee3pDHW8zszfqOM73vA,මusic,2650.0,Music,2026-07-12T06:22:26Z,20.8
UCr3QbSWlvbToTXR-W1mEB-Q,DJ NAVIYA™💛,2700.0,Music,2026-07-12T05:11:29Z,20.9
UCI4G8yzM1Q9cETCSzxfgYyA,Siyane Plus,26400.0,Music,2026-07-11T18:48:27Z,21.3
UC8T-mv4W_aEL3xayOXnpCew,QUBE Records,8060.0,Music,2026-07-10T11:13:03Z,22.6
UCpuPGR3ahfP8LPkePle4qBQ,LASITHA,863.0,Music,2026-07-10T03:00:35Z,23.0
UC7stSaiwtUtv_0SzZTxovnQ,Shana Studio LK,102.0,Music,2026-07-09T15:31:48Z,23.5
UCKehBsKbyWxH9LZlnF9F59w,Amesh Wijenayake,1040.0,Music,2026-07-08T23:39:18Z,24.1
UC6ziF4GiQwcEIY1PFqk9iVg,CHATHU MUSIC ,1060.0,Music,2026-07-08T17:04:18Z,24.4
UCijnIlxFiT_sCG1n--8_HEw,Jaanu Music,56500.0,Music,2026-07-08T10:30:24Z,24.7
UCvzcI-rnfZYB85JuKIeBh3Q,Zawby D,92.0,Music,2026-07-07T13:30:02Z,25.5
UC3voMf0jfFBxwsv7k_ujPFw,Machano music Band,21800.0,Music,2026-07-07T13:15:31Z,25.6
UCzvbhhYHTGMnMd_rB2pPzbA,Nonstop Vibes,24700.0,Music,2026-07-07T10:30:00Z,25.7
UC33Jrx8BvmJ5WSYVIj-3xgw,Indrachapa Ranathunga,3670.0,Music,2026-07-06T17:15:02Z,26.4
UCAezzZgM5G37vOksUpBtBnQ,WM Music,24200.0,Music,2026-07-06T11:04:55Z,26.6
UCbin_ZEX8A5e77aQQYw1Qsw,SoundDrop ᴸᴷ,321.0,Music,2026-07-06T12:45:00Z,26.6
UCeNLiPRzADUf4nI3EHWa7aw,A️shan Kapugedara,8120.0,Music,2026-07-06T00:30:06Z,27.1
UC22zCdUVUr8JgnEPVQOtPZw,N.D.L song creation's ,1200.0,Music,2026-07-05T18:30:34Z,27.3
UChMwYEDk54VhNNfuxDBRPTA,Jo Perera ,49900.0,Music,2026-07-05T14:43:41Z,27.5
UCe_1wWkwMKLFbZb898qISNQ,Arjumann,16400.0,Music,2026-07-05T05:29:30Z,27.9
UCDrTN5A0V-Fzu1Jn7qnxA6A,Jaana,112000.0,Music,2026-07-05T00:00:18Z,28.1
UCcz8zCnN3t438pxamIDwcfA,Maduka Mihranga,107.0,Music,2026-07-04T11:45:25Z,28.6
UCLUdRTS-2ikibEqhMRe2qUQ,gold shine dj,3690.0,Music,2026-07-04T08:30:07Z,28.8
UCTge-d4IFQKrcx1CPMLDVnw,Melody Land Vibes,3720.0,Music,2026-07-04T03:00:12Z,29.0
UC56xoFaYse8EJdlRyvmm0xw,සවන් Slowed & Reverb Music,8070.0,Music,2026-07-04T00:25:36Z,29.1
UCaJ7jMM--ysn4kmgXLj15_A,Asith Musick,50300.0,Music,2026-07-03T12:30:12Z,29.6
UCljnF9nelKTkFkPME31r8hA, live karoke - ලයිව් කැරෝකේ ,154.0,Music,2026-07-02T06:20:17Z,30.8
UCg_8ZzVU4Mc9PE6ZTvwxZvA,Sweet Shorts👌,1790.0,Music,2026-07-01T16:02:23Z,31.4
UCGZoo7LBL8qaoq0GOswaZXw,BUS DJ VIDEO OFFICIAL ®,12000.0,Music,2026-07-01T09:37:36Z,31.7
UCynEiJJ8G4HpQeAkGOmiLHA,BLANKET BEATS,3840.0,Music,2026-07-01T07:08:52Z,31.8
UCNuT4HSl9ook02YL-Pixk9g,DAFFY,193000.0,Music,2026-06-30T13:48:17Z,32.5
UCUzmdTg-WgT58mssHTB4Wlg,Nalin Perera ,91900.0,Music,2026-06-30T15:30:36Z,32.5
UCR4Z3_GdiK239PC2VSdLTAQ,M Woow Records,56600.0,Music,2026-06-30T13:06:06Z,32.6
UCfkerbY8Q0Sxb829c-YdRGQ,The Kingdom Lk,2610.0,Music,2026-06-30T09:23:03Z,32.7
UC5nb10m4Uh8fGCfzZZMJnQA,ඩබින් අයියා - Dabin Aiya,15000.0,Music,2026-06-30T01:00:02Z,33.1
UC8N61oElekI9ZhnvHfCbcQA,SL Music Vibes,159.0,Music,2026-06-28T16:54:52Z,34.4
UC6dfVsjTFsSrxvTYiKcExMA,mimi mimi - Sinhala Kids Songs,2430.0,Music,2026-06-28T12:50:41Z,34.6
UCIYH3ekJORnfYrAIS2A1Wdg,Mr.OneWay,1570.0,Music,2026-06-28T01:15:19Z,35.1
UCrz-iurnc3O93lfxa8LOmDg,Bee Kids,92400.0,Music,2026-06-27T14:16:56Z,35.5
UC9HC03nRKia8GQi1kJDyD8w,Sheha Music,16200.0,Music,2026-06-27T11:35:19Z,35.6
UC-Z3T1E2-bZhbkw8CDyjmHg,Tikiri New Melody,117.0,Music,2026-06-27T10:30:15Z,35.7
UC3el9kApr9zahU3n3_DQ6cw,Diliya Boy  👑,7660.0,Music,2026-06-27T09:47:22Z,35.7
UChyJflYW7FEc1ZLwQ8ELU-Q,Kawya Erandi,2610.0,Music,2026-06-26T12:21:57Z,36.6
UC2EwJP5Fem4QbH0mrX9Couw,Rangana pushpa Kumara,27800.0,Music,2026-06-26T08:44:23Z,36.7
UCaBpYYW-i-tCcCuypohYnJQ,TCK,28.0,Music,2026-06-26T07:43:21Z,36.8
UCFme2278DyM9d95Iyiz2e0w,Ruchira de Silva,670.0,Music,2026-06-26T05:45:23Z,36.9
UCs5iEtcq7TSLMCvM3oJssuA,Mihirawa-මිහිරාව,2140.0,Music,2026-06-25T14:40:41Z,37.5
UCxB4hCF_Xc1Wmf8MOVMtmCA,Dillon J ,401.0,Music,2026-06-25T14:11:30Z,37.5
UCgvHMlfJs-B6zjGoMDoBKlQ,  Sun Ultra Gems XP  ,255.0,Music,2026-06-23T12:33:10Z,39.6
UC8CYvEBZrVix0juf-BHGPGA,Aaryan J Business Hub ,1790.0,Music,2026-06-22T12:03:26Z,40.6
UC1ITf3YlGSUKptXuJF4zteA,Boom Music,25.0,Music,2026-06-22T10:30:25Z,40.7
UCk3tky5AU1TLEjWq0Nl9Yag,Vinuth Dewsithu,182000.0,Music,2026-06-21T09:32:42Z,41.7
UCe3zRGra8CaJ-IKZVxlce6g,GKkalu-short1988,1570.0,Music,2026-06-21T07:14:28Z,41.8
UCa2lcbDkmJWiVs1V756YbCQ,Garuka Perera,481.0,Music,2026-06-20T12:41:05Z,42.6
UCLmBMPDMerTzc_lr8OzahiQ,KRIZZ KARAOKE ,562.0,Music,2026-06-20T11:00:06Z,42.7
UC9NRtBdZI5e_FcNt1NVqAJw,Lyrics Com LK,132000.0,Music,2026-06-20T03:00:07Z,43.0
UCwlUU9IIWLK03XZDs7sNtvg,Bee Music,210000.0,Music,2026-06-19T23:30:06Z,43.1
UCkVXFE_HXTjqCnVFAeX6lQg,ශාන් මියුරු ගී-Shaan Miyurugee,151.0,Music,2026-06-19T16:42:18Z,43.4
UCTCtiQymX8HT3bBDsh-cRvA,Shevon X ,47800.0,Music,2026-06-19T14:33:39Z,43.5
UC5mIuvhwMBn6UtjT79H7ivQ,ANUSHITHA & ANUSARA,27000.0,Music,2026-06-19T12:45:52Z,43.6
UCN12kaZDS_dj_QjIawHDdxw,ANS bro,38.0,Music,2026-06-19T10:01:18Z,43.7
UC2VODcwjuihKULmylzLt9Ag,SL everything ,1540.0,Music,2026-06-18T17:06:46Z,44.4
UC1VeU7ybpm4TRd692m07oNw,GHOST BEATS,27.0,Music,2026-06-18T04:36:47Z,44.9
UCqjhSkB-9jzQtE6SnQOAMgQ,Honeybirds Music Entertainment,1400.0,Music,2026-06-16T09:52:35Z,46.7
UCl-Pqa7pUZRzuTSwb14MHGA,කැලෑ පාර - Wild Road,62500.0,Music,2026-06-16T06:20:18Z,46.8
UC0mj2PakuSFX9X6Wp_A1Ryg,Travel with NIRU,1020.0,Music,2026-06-15T12:31:37Z,47.6
UCb2E2WeViA5SdX_C4s0qRmg,DC Group Agency,2070.0,Music,2026-06-15T05:56:40Z,47.9
UCF7xeamuu9w4xYYdTGLRzVQ,Sindu Kadalla -  සිංදු කැදැල්ල ,3260.0,Music,2026-06-14T15:48:49Z,48.5
UC-te1-hdgZZahFbxT-4ngUQ,Praise Yahweh Ministries Sri Lanka,2300.0,Music,2026-06-14T08:30:06Z,48.8
UCS4E-M2ZoBzpKUOQvgvdfGw,Punmila Chathulakshi 🎶,2700.0,Music,2026-06-13T11:22:21Z,49.6
UCQKAyQHt3HCCV8GTGjED8Og,SL BOY MUSIC ,1970.0,Music,2026-06-12T23:02:39Z,50.2
UCafH9jR2r5faodtAwUNFoCA,සරිගම creation ,842.0,Music,2026-06-12T15:25:15Z,50.5
UCGY6OlJqxeLWW1xqZcnorGQ,Asantha Peiris,62500.0,Music,2026-06-12T11:30:31Z,50.6
UCSVUjXsvWW18g9WNAFHcnxw,Max Lighting Professional ,372.0,Music,2026-06-12T12:17:57Z,50.6
UC9popKFmzTVCvR6bU_3Cjrw,Chiraso ,3200.0,Music,2026-06-12T04:47:12Z,50.9
UCZPJGq83E_ivTII9--TKeZQ,ලකියා බ්‍රෝ,7950.0,Music,2026-06-12T01:45:21Z,51.0
UCwPPkUP9MOcnr1FvXqclD_Q,TuneScape,404.0,Music,2026-06-12T02:30:38Z,51.0
UCimaXQN_RjggAv-Ivd7bRSw,Hiru Sound,4880.0,Music,2026-06-10T13:59:08Z,52.5
UCJxPRrnqHuY-HiB9DNi1knw,BeautifulLife,769.0,Music,2026-06-10T09:08:54Z,52.7
UCeQqIoY6MmjNKTD93rwT6wg,Your Vibe,3.0,Music,2026-06-10T03:12:09Z,53.0
UCmT5TEo8-7s0D4l7fwe3Djw,Deepika lakmali ~ Youtube සිංදු පොත,13300.0,Music,2026-06-09T23:49:55Z,53.1
UCq1WcFx_s3qLfY8QEPTu3EQ,Piyushan Music,1620.0,Music,2026-06-09T13:34:38Z,53.5
UCRB72AM6Vmk2tf_Aqy_JzfA,Sabaragamu Remix,269.0,Music,2026-06-09T13:00:09Z,53.6
UCilWWxFaT6r0dUoC_O0eHAA,Thanuka Dilshan,63.0,Music,2026-06-08T17:37:36Z,54.4
UCSg6JMT9mkRQ7zei3-lEwTg,Edward Charitha Music Academy,1210.0,Music,2026-06-08T11:37:50Z,54.6
UCdqd0tF8g4li_rvtjOWVjEw,Musical Salon,5320.0,Music,2026-06-08T11:30:00Z,54.6
UC76HnIPeEBg2z-W8dDuYv6g,MP3 World,1670.0,Music,2026-06-06T01:57:30Z,57.0
UCet9qdylQqSdPJwjTPO4rRA,Ats and sri lanka,521.0,Music,2026-06-05T13:32:46Z,57.5
UCI-x6y_hJVLEgBBy_LPHwEg,BHAAWA with BOPE - Music Band,2060.0,Music,2026-06-05T07:13:35Z,57.8
UCQ6S5UU5AuIuw-6cvVxyoSQ,Kaviya Bus Official ,3070.0,Music,2026-06-04T17:18:34Z,58.4
UC7hLZmTcQ4zqYjCplUHFe1Q,Theni & Mihi,86000.0,Music,2026-06-04T07:22:00Z,58.8
UCzulb4pBjnd2k7kAbTimuKg,Audio Zone,4.0,Music,2026-06-03T12:13:54Z,59.6
UCb2HqeLAzB-A9u8C-PFUQbg,shehan vibes ,159.0,Music,2026-06-03T04:57:21Z,59.9
UC2oGrNhMUyWu5yzEJ_j1PMA,Jesus Our Saviour   Fr. Jayantha,5440.0,Nonprofits & Activism,2026-08-02T02:26:10Z,0.0
UCwt4zdWrmnBpglCHb1ArREA,Prophet Jerome Fernando,153000.0,Nonprofits & Activism,2026-08-02T01:30:32Z,0.0
UC2Amu02bFnMs-XglUunh44w,Kanchana Ariyadasa,176000.0,Nonprofits & Activism,2026-08-02T01:07:17Z,0.1
UCV9cn7kAjTi6nMKVKIuwoDw,Buddha's Truth- සද්ධර්ම වර්ෂා,15300.0,Nonprofits & Activism,2026-08-01T23:30:39Z,0.1
UCol1SzfebXhRo0ltxOJZ9cg, Santhosh Jewellers ,17300.0,Nonprofits & Activism,2026-08-01T17:16:38Z,0.4
UC2OHGMQqFUgru1lonCqNRfQ,දහම් මග (Dahammaga),14900.0,Nonprofits & Activism,2026-08-01T14:30:07Z,0.5
UCGlI1v_t-7O1vxbAxg1qVEQ,සසර දනව්ව (Sasara Danawwa),1030.0,Nonprofits & Activism,2026-08-01T13:30:09Z,0.5
UCJhdo2Kg29_EZwNPvlhzIFg,Word on Web (Tamil) CMF SL,1570.0,Nonprofits & Activism,2026-08-01T13:30:03Z,0.5
UC_0KqdgCMvhbpYcp9JaqQRg,Tech with Senuth 💻📱,51.0,Nonprofits & Activism,2026-08-01T15:30:02Z,0.5
UC4eGpfS24gqdLVjR0S4Wgow,බොදු නෙත (Bodu Netha),7340.0,Nonprofits & Activism,2026-08-01T12:30:03Z,0.6
UCJXYPGAMAdYNRRM1VdcgkKA,දහම් දේශනා (Daham Deshana),8500.0,Nonprofits & Activism,2026-08-01T11:30:28Z,0.6
UC0MnP2Iso6enxaJTBZ3_nJw,Pas JB Samuel - JesusNF LIVE (Pas AJ Joseph),49000.0,Nonprofits & Activism,2026-08-01T10:11:21Z,0.7
UC24uwZklOoFhbiQq-kp2HYg,TV DIDULA DARMADESHANA,4470.0,Nonprofits & Activism,2026-08-01T10:24:08Z,0.7
UCrMIonkj371lqIZxNcz3_6w,නිවන් මග (Nivan Maga),1200.0,Nonprofits & Activism,2026-08-01T10:30:36Z,0.7
UCC3h0-vVIIjk_ccfyF4hqdQ,Cathedral of Christ the Living Saviour,1070.0,Nonprofits & Activism,2026-07-31T14:41:01Z,1.5
UCBYHzLIry8B-rCsqd1okLKQ,Rj Askar view,1270.0,Nonprofits & Activism,2026-07-31T05:57:00Z,1.9
UCocTGar6qlhml1oAUBWMQTg,Otara Del Gunewardene,35300.0,Nonprofits & Activism,2026-07-31T01:36:30Z,2.0
UC86kcKWXyhj5k-TANzIrENQ,Vanni Hope,895.0,Nonprofits & Activism,2026-07-30T18:23:16Z,2.3
UCo2XpZV5hjoDx8qtqxgnv9A,Foundation of Goodness,2370.0,Nonprofits & Activism,2026-07-25T10:41:35Z,7.7
UCl5vclXBaFqsrJ3OYfvEgBA,UNDP Sri Lanka,1750.0,Nonprofits & Activism,2026-07-22T07:00:04Z,10.8
UCJjAlPGkuDypNN_5HUgchvw,Sanjeewa Art,3800.0,Nonprofits & Activism,2026-07-14T08:19:23Z,18.8
UCIprmN58Cn66vO3eCEuxj6w,SLASSCOM Sri Lanka,1740.0,Nonprofits & Activism,2026-07-09T12:01:28Z,23.6
UC8MegDkaJsqK63fwbOjBLzw,elephant dynasty sri lanka - හස්ති රාජ පරපුර ,55600.0,Pets & Animals,2026-08-02T02:34:47Z,0.0
UCA5xW2Ce7KT2AtxzDYDebCA,SL Nature EYE,3150.0,Pets & Animals,2026-08-02T02:30:29Z,0.0
UC1hcl0aIr9KtXA-Kiq9itqw,Bihidorin Niwandora,2040.0,Pets & Animals,2026-08-02T00:45:38Z,0.1
UClSIhhnuyF8fXtBTpOOTknA,SL Wildlife Elephant,738.0,Pets & Animals,2026-08-02T00:30:06Z,0.1
UCGuZrn4CWph7RZNvkgsmLFA,Mohamed Mishal Perera,104.0,Pets & Animals,2026-08-01T16:45:12Z,0.4
UCJc1hbJPvG5f2v8iSPG-3CA,Floofy Paws,1340.0,Pets & Animals,2026-08-01T16:50:44Z,0.4
UCcwCsuV7bOpTfqf2UvLfYmg,NG D Sameera,1240.0,Pets & Animals,2026-08-01T15:58:12Z,0.4
UCAKAcMWVANp_qXgWKlXMCFA,හස්ති ලෝකය Hasthi Lokaya,62600.0,Pets & Animals,2026-08-01T15:01:09Z,0.5
UCKTnRF5IvfvrHuDEL2pT0fw,See it with me,1790.0,Pets & Animals,2026-08-01T14:27:55Z,0.5
UCzNiC-84Qb0FKuYRYuugEfA,vaichanda aappu ,156.0,Pets & Animals,2026-08-01T15:08:06Z,0.5
UC7jNYrQQr_GnMWLe6bGRi2A,sudumalli 🇱🇰 ,48.0,Pets & Animals,2026-08-01T11:39:08Z,0.6
UCK71gEn4lLLToHx50jwMyNg,Elephant world,988.0,Pets & Animals,2026-08-01T13:14:14Z,0.6
UCeA0YDYhED5x7n3udzVNlpA,SD Travel Sri Lanka,2030.0,Pets & Animals,2026-08-01T06:22:04Z,0.8
UCVGqS9lzSbwuJhMbyzwTL6w,Aegle Creations,37600.0,Pets & Animals,2026-07-31T20:19:42Z,1.3
UChYAVLUGSFt5-62dOhDPyYA,ACA WILD,18600.0,Pets & Animals,2026-07-31T18:30:05Z,1.3
UCpVkgJOvuIjXDBI0Kf2VdoQ,පිස්සො සොයන්නා,47300.0,Pets & Animals,2026-07-31T14:24:22Z,1.5
UCF1tNzAPwJ9ImgfuT-brCBw,Hasthi Official,27400.0,Pets & Animals,2026-07-31T12:30:11Z,1.6
UC7usyPsAjJAsFozSyEnL6zA,LoveOverDose,46300.0,Pets & Animals,2026-07-31T04:57:36Z,1.9
UCPspF9LDus8Ai0i9uywvA6Q,Animal Short LK,674.0,Pets & Animals,2026-07-31T04:42:54Z,1.9
UCW5J0vbGISAYVK_Oz6m2Dqw,Hasthi Withthi Official ( හස්ති විත්ති ),1780.0,Pets & Animals,2026-07-31T00:51:01Z,2.1
UC7yvlRxy_mqtwPMyZ8H5Zkw,Wild Elephant Sri Lanka,127000.0,Pets & Animals,2026-07-30T17:17:38Z,2.4
UC12o-t-pJ8mNgID0l6szDgw,Ape Saddhantha Kule අපේ සද්ධන්ත කුලේ ,4630.0,Pets & Animals,2026-07-30T12:30:26Z,2.6
UCLy64UBR8cH9BPUuf1sM6DQ,Paradise of the Pearl by Dr Prabhath,865.0,Pets & Animals,2026-07-30T11:53:36Z,2.6
UC1fb0yDKFUrH1ev_i3nl61Q,WhyteElefant,306.0,Pets & Animals,2026-07-30T09:18:14Z,2.7
UCxiQTjuj-FLgMSU5N9NA6aA,Elephant Jambo SL,35400.0,Pets & Animals,2026-07-30T10:11:56Z,2.7
UC61hH_E3HUjIweuWm20wuDg,හස්ති රාවය - Hasthi Rawaya,25700.0,Pets & Animals,2026-07-30T04:54:42Z,2.9
UC5lv4CxZMHtVTgdzvLjITbA,Snakes Guardian,462000.0,Pets & Animals,2026-07-29T14:50:27Z,3.5
UCCb8YUCGBKVR059uszkE7Yg,Trunk Tales,1510.0,Pets & Animals,2026-07-29T14:45:22Z,3.5
UCfU_EkNq6OxL-RvZCx7f7wQ,Heavenly Sri Lanka,287.0,Pets & Animals,2026-07-29T15:03:22Z,3.5
UCk7ALd0skOD-RXqo6os3ivA,SLbaby99,4060.0,Pets & Animals,2026-07-29T11:56:09Z,3.6
UCReF_78PPPdU7kKodNtBwMg,Dela ,177.0,Pets & Animals,2026-07-29T04:58:15Z,3.9
UCRz88b4G1-MPeAECV7vOmAQ,Animal buddy ,590.0,Pets & Animals,2026-07-28T12:32:45Z,4.6
UCvUogrFFeL4udUa8t_k0skA,Wild Elephant Hub,116000.0,Pets & Animals,2026-07-28T12:45:19Z,4.6
UCxlfXLzyelcreS9x0plDj3g,Nikiforov life,27800.0,Pets & Animals,2026-07-28T11:37:31Z,4.6
UCJ_2uU4j7JtfmfsbL4dWVpw,Tera Sight,792.0,Pets & Animals,2026-07-26T13:49:42Z,6.5
UCaFC8Yo8pGEvX5hu5J6tGDg,Environment Explorer,1970.0,Pets & Animals,2026-07-26T14:34:06Z,6.5
UC2QU3X4Lt0kd43c65eloUZg,SL WILD HUB ,11000.0,Pets & Animals,2026-07-26T12:00:06Z,6.6
UCxJkaokOgy60mJkUPodjiMA,Wild Trails & Tales by Sara ,5950.0,Pets & Animals,2026-07-26T05:00:02Z,6.9
UCju2q-fXI8l5ueVRENqKIdg,Nature Lover,1020.0,Pets & Animals,2026-07-25T17:03:58Z,7.4
UCZgbLejhznAAKuIggkYy-3Q,World tour ,36.0,Pets & Animals,2026-07-25T09:10:59Z,7.7
UCGz2fGeoOdTm_Jp-nEl3jFg,SL Elephant Diary ,1450.0,Pets & Animals,2026-07-22T07:00:06Z,10.8
UC8j615lQkUwgvQqruvomQJw,Ceylon wild trails,170000.0,Pets & Animals,2026-07-22T01:52:11Z,11.0
UC2BFTMAwgAYbgKZMcpDazcg,MYFARM-SL,489.0,Pets & Animals,2026-07-18T05:17:11Z,14.9
UC28E5W1CJPbQxAQl9tFfzTA,Gentle Wild with Tommy,133.0,Pets & Animals,2026-07-17T20:30:13Z,15.3
UCooc3hx6GoWIk0isF45yppA,Lanka Wild,12700.0,Pets & Animals,2026-07-15T12:57:16Z,17.6
UCVvuH-YYM2O2MF6TDoHPvFA,Pouty Page Sri Lanka,29500.0,Pets & Animals,2026-07-14T13:33:11Z,18.5
UCALssg4U8BjdtR-DX43o-mQ,Namal Kamalgoda,574.0,Pets & Animals,2026-07-14T08:08:03Z,18.8
UCx92wsCDH3A2jKCcNV85HOw,VISIT TO SRILANKA,775.0,Pets & Animals,2026-07-10T10:55:58Z,22.7
UC-3hFumUzAcaPHiu4pgrtuQ,wild elephant demand,1020.0,Pets & Animals,2026-06-30T15:14:22Z,32.5
UC3gx0VUM1rJwgIohMmg6dmw,Smart Thinking,7.0,Pets & Animals,2026-06-29T13:20:49Z,33.6
UCuruZTg-XOTO_vcsQ2cDvvQ,NF Production ,1810.0,Pets & Animals,2026-06-29T05:50:34Z,33.9
UC-cOLcNeV-_U_fmcb7Bn9iw,Wild World TV,3000.0,Pets & Animals,2026-06-28T14:40:10Z,34.5
UCW9osF0Fed0yfLR3jFa5H-Q,Sura Bro,87.0,Pets & Animals,2026-06-28T13:23:01Z,34.6
UCu-1G3JDDkO923IwgdpDAoQ,Things in Sri Lanka,826.0,Pets & Animals,2026-06-21T17:57:10Z,41.4
UCeUBUyqegSm5cLsrExqZyjA,wilpattu safari,1680.0,Pets & Animals,2026-06-15T22:47:42Z,47.2
UCLrXkC4HE0MxlCmTV_iD_lA,MIHIRAN,1480.0,Pets & Animals,2026-06-14T13:27:52Z,48.6
UCOZq7VgguPDiWCsOWOX03-g,The Nature Diary ,311.0,Pets & Animals,2026-06-03T07:57:52Z,59.8
UCd8gfzUAJZasd7wtit-fhBQ,Agri-Biz ,13300.0,Science & Technology,2026-08-02T02:13:18Z,0.0
UCP_mlkQcJaUoT0pnfsKiEAw,CM Phone Tech,4020.0,Science & Technology,2026-08-01T20:43:32Z,0.2
UCTrOdF2y6OBuZgiUP4Ma2hQ,Janux Academy ,66300.0,Science & Technology,2026-08-01T16:37:52Z,0.4
UCIW2pneMPYovEjy2cwyJqPw,Robot Lk,12200.0,Science & Technology,2026-08-01T15:20:52Z,0.5
UCl5xacxsAhltNGtiMktd_Sg,M H petal,14400.0,Science & Technology,2026-08-01T14:41:15Z,0.5
UCldiq7Z0JJVSkGXVgfV2qtg,Shamod Firezz,24600.0,Science & Technology,2026-08-01T15:30:13Z,0.5
UCvP3xLEufT7Ur6yC2cFjKwA,Cyber Hexagon,114.0,Science & Technology,2026-08-01T14:30:07Z,0.5
UCI3Xc02tgvW28O-Rrou3LxQ,Cybare සයිබරේ,36100.0,Science & Technology,2026-08-01T12:30:23Z,0.6
UCXZaF1h4qgnp9sDlflUM8dw,Techno Sens,10800.0,Science & Technology,2026-08-01T12:30:34Z,0.6
UCapSewg41BjoMmTqRjJvXPg,NCA SL,37800.0,Science & Technology,2026-08-01T12:30:39Z,0.6
UCcc7pS8gyXQqde7NoxXJVNw,What's Next,14800.0,Science & Technology,2026-08-01T13:20:26Z,0.6
UCm248csRxRJwhqVQ8fsHrCw,Geek4tec,82300.0,Science & Technology,2026-08-01T13:00:21Z,0.6
UCp4rV_5KmCHG-_ub1r6B2Zg,PSR Vlog,26400.0,Science & Technology,2026-08-01T11:47:24Z,0.6
UCxAjE-bxQVDJg7fHKTu_VdA,Senith Karunarathne,642.0,Science & Technology,2026-08-01T11:22:28Z,0.6
UCyaBLWehN3TJHneic-3IJBQ,LAKSHAN TECH,38700.0,Science & Technology,2026-08-01T11:30:21Z,0.6
UC8U5Mgl9nbkm5vOJ0SMtQgA,Recording lk,147000.0,Science & Technology,2026-08-01T11:00:27Z,0.7
UCuTgmLxqarTxuBU5ARMYUNQ,Visha bro,58200.0,Science & Technology,2026-08-01T10:03:43Z,0.7
UCIeq39F30s2fPGQsuP6riIQ,RM NextFlow,649.0,Science & Technology,2026-08-01T08:39:21Z,0.8
UCtEz7PSfmMS8lL1tzI3k9ZA,PCBUILDERS LK,1850.0,Science & Technology,2026-08-01T08:14:58Z,0.8
UCAhUXZ4qG4Lr6-Ar2SBTu7Q,Green island Sporty,8920.0,Science & Technology,2026-08-01T05:30:14Z,0.9
UCNE9NOD2gYqalo9436sfW4Q,Sl Boost,8300.0,Science & Technology,2026-08-01T04:30:24Z,0.9
UCS-iMBivVAfN2oPRQaCUhJQ,Hirun Nimthula,23100.0,Science & Technology,2026-08-01T05:46:27Z,0.9
UCiSjgMdwgt_wYFGu2QpVtPg,SKNIP DIGITAL DEN,37800.0,Science & Technology,2026-08-01T04:30:10Z,0.9
UC0uW127NmbWG0g-BnTltSHw,SW Gadgets,4810.0,Science & Technology,2026-08-01T03:30:28Z,1.0
UCMW_Sgzlaezz3MHg3BtgKbw,SL Section,112000.0,Science & Technology,2026-07-31T14:00:32Z,1.5
UCZ8Y99BquNj-JURXJ0jzSRQ,Thulzy,25700.0,Science & Technology,2026-07-31T14:30:39Z,1.5
UC13ZEX1Ik7H4KQ_zI_42b8g,iLanka,39600.0,Science & Technology,2026-07-31T11:33:17Z,1.6
UC55ZUgpS4-bUNhFtuDt4jqQ,Hiruuu Tech,33800.0,Science & Technology,2026-07-31T12:56:16Z,1.6
UCGUIJxToYLu79zr7YzpmZjg,Kavisha Vlog,92.0,Science & Technology,2026-07-31T11:54:59Z,1.6
UCJdECtKPBRctVQG_5ZH4QhQ,NEXONICLK,410.0,Science & Technology,2026-07-31T11:30:01Z,1.6
UCbkAklUqbCi69K8xQdbe48A,SL Geek,894000.0,Science & Technology,2026-07-31T12:59:03Z,1.6
UCjXKQam0dvdXDxCd9QJhOiw,SL Tech Buddy,1470.0,Science & Technology,2026-07-31T11:33:21Z,1.6
UCpnf3Ymd5S3zC0G7XvR0rEA,Amila Bro,139000.0,Science & Technology,2026-07-31T11:36:30Z,1.6
UCJeJFkRVgi7gT7ViTxuHHdg,Marlbo Tech Talk,6130.0,Science & Technology,2026-07-31T09:45:05Z,1.7
UCmCtg0tJ475dXf91E7HmTUQ,ET MADUVA,7040.0,Science & Technology,2026-07-31T03:00:05Z,2.0
UCa7tIPq6XgQs1KhuVoUrw5g,AROSHA MALITH,23600.0,Science & Technology,2026-07-30T21:00:28Z,2.2
UCT9E_8Mls_HI5Mo4HSiBtSg,Crypto தமிழ் Assistance,4480.0,Science & Technology,2026-07-30T17:45:50Z,2.4
UCMv53_1dj-WnV1KhRV4oB8g,pcguide lk,347000.0,Science & Technology,2026-07-30T15:30:24Z,2.5
UCTG8cxdPeXcdEXzIGFmlYBA,Official Tech,18.0,Science & Technology,2026-07-30T13:55:44Z,2.5
UCfMf0hB7_TqCZ7SEjFaW05Q,Helper create by saluka,4450.0,Science & Technology,2026-07-30T15:08:34Z,2.5
UClUK6b_evcEgxF_UABR8LRg,Tech Raviya,129000.0,Science & Technology,2026-07-30T15:20:26Z,2.5
UCQfhtH9WEOzRuv9yObnJtVA,RD Technic ,971.0,Science & Technology,2026-07-30T12:45:38Z,2.6
UCv66-sCavJbr1nmAA1brPQQ,Thilina Tech Vibe,1190.0,Science & Technology,2026-07-30T11:30:18Z,2.6
UCeNGaNonHFG9xfFGu2Exf8A,Chamidu Herath  ICT,6530.0,Science & Technology,2026-07-30T10:30:14Z,2.7
UCyU6BaGbtjMWdh1JUaboNAw,Automaker Studio,11000.0,Science & Technology,2026-07-30T10:30:06Z,2.7
UC4_9osAS7WwBFEj-ygHSvHw,Mobile tech show,3290.0,Science & Technology,2026-07-30T08:27:01Z,2.8
UC0UN7hnzgIxDgG582qgy4cw,SL Lucky,74400.0,Science & Technology,2026-07-30T05:04:48Z,2.9
UCr5BVR_ePEz_9V-KF5rSEmQ,Ushan Walker,32700.0,Science & Technology,2026-07-30T05:37:00Z,2.9
UCLbLJNJZ4SAx_9vSEjRyN9w,Techo AV,16200.0,Science & Technology,2026-07-29T17:31:52Z,3.4
UCC3G1NO0V-xRNyl5ckkfsxQ,SriTu Hobby,98900.0,Science & Technology,2026-07-29T14:10:34Z,3.5
UCQKtrynKqXTDhvZAlUNu8cw,RevZo Tech,2990.0,Science & Technology,2026-07-29T14:02:57Z,3.5
UCzdhdIwGTQNUTWVXdqyNCoQ,Mr Lucky Global Mart,308.0,Science & Technology,2026-07-29T14:52:27Z,3.5
UCKd4c6Ke8GsuUWf2BnOI4WA,SL TEC MASTER,289000.0,Science & Technology,2026-07-29T12:29:01Z,3.6
UCdKv25zohj7fZeW5xPNBNFg,Youtube Sri Lanka,34300.0,Science & Technology,2026-07-29T11:13:01Z,3.6
UC1Tj9WUErCHPtdTmmHvkKGw,sithum tech,18300.0,Science & Technology,2026-07-29T06:21:52Z,3.8
UCMqjB1OMaNxphrBRCLlpMzQ,Asirimath Vishwaya,56000.0,Science & Technology,2026-07-29T08:28:05Z,3.8
UCycXr279zf5T3LXlOV4z6Ug,Aps online,199000.0,Science & Technology,2026-07-29T07:27:40Z,3.8
UCM1e2nBPRgAcRvLsZ0Dvp4w,Marshal Fonseka,12100.0,Science & Technology,2026-07-29T05:41:19Z,3.9
UCciZtQ60IYF1mPhjMxk7Z1w,Sounds Management,587.0,Science & Technology,2026-07-29T05:08:01Z,3.9
UCtAeAJSDW1DZBCK-n6Sb7BQ,Aloka Tek Teach,2870.0,Science & Technology,2026-07-29T01:46:44Z,4.0
UCEqzhzy6gUEjNrOAV1_s88w,Wander with Dew ☉,292.0,Science & Technology,2026-07-28T19:25:51Z,4.3
UCGtkDVGu1I5QIuRaZxdvS-w,Sachiya Lk,59900.0,Science & Technology,2026-07-28T12:00:15Z,4.6
UCu-ie13q_U2KJNBeR5chJfg,Harsha sandaruwan ,3890.0,Science & Technology,2026-07-28T11:18:55Z,4.6
UC5fkr-uG2-yAEbwbJV-QIxg,Kokul Tech - Tamil,44800.0,Science & Technology,2026-07-28T09:11:16Z,4.7
UCywsBbzKkOWtzJ7397r6SYQ,Tec x DOOM,25.0,Science & Technology,2026-07-28T09:36:46Z,4.7
UCzgulWhQxnu2pcubyHzc6yw,KASUN SPACE,1160.0,Science & Technology,2026-07-28T10:06:43Z,4.7
UCNhpzlqQaIe9GXYbkLv9RUw,Digi Veda,5120.0,Science & Technology,2026-07-28T04:33:36Z,4.9
UCLwShsDcrXwLEINVFaa1msw,Rafi Paradise 2.0,339.0,Science & Technology,2026-07-27T15:47:40Z,5.5
UC_OuIGV2tOVtq3CwMhMdupQ,Hikvision Sri Lanka,9150.0,Science & Technology,2026-07-27T04:52:39Z,5.9
UCMOD1ShoA5OvsNadcW91XxA,SL Tech Mark,219.0,Science & Technology,2026-07-27T01:26:36Z,6.1
UCctwRj5yOB7cFYPc8z_rZSw,MudiYA's Cafe,22.0,Science & Technology,2026-07-26T16:29:36Z,6.4
UCfJxtusEDRdgxuIfeQR7r8A,Gevin Technology,69.0,Science & Technology,2026-07-26T17:30:35Z,6.4
UCboLxe3OAqGwhXlZRitCTjQ,Udarata Manike,107000.0,Science & Technology,2026-07-26T12:53:14Z,6.6
UC7NapJjZn91I2PnqsG2jXKA,SL GADGET MAN,129000.0,Science & Technology,2026-07-25T14:30:12Z,7.5
UCmica4kfZ_bJEwRgyzDk4dQ,Practically everything,34900.0,Science & Technology,2026-07-25T13:00:04Z,7.6
UCFAwxIVQXUHTo6B3E-CCxIQ,Nuwan Abeynayake,60.0,Science & Technology,2026-07-25T05:36:25Z,7.9
UCup087KFZ46kMrTwfhVYhkQ,ActionClipS,298.0,Science & Technology,2026-07-24T15:59:48Z,8.4
UCaZNRV75Ab-RXOGATOKwqCA,HARZHA TECH,1150.0,Science & Technology,2026-07-24T13:30:17Z,8.5
UC6dmCN4SJ6mi8KvlPDaVWdA,Apple Tech Space,1920.0,Science & Technology,2026-07-24T12:15:13Z,8.6
UC0ngM0x7fJceEe2tiRbwOvg,S.L Tech Show,116000.0,Science & Technology,2026-07-24T07:39:51Z,8.8
UCmD8rLDHCdRFaXkRVkaofyg,FUTURE INVESTMENT ,8620.0,Science & Technology,2026-07-24T04:06:20Z,8.9
UC4eD6O9BDhL1gSOnFkqQl9A,Tec by Pathum,1580.0,Science & Technology,2026-07-22T14:32:39Z,10.5
UCoSzsIgJZY52iiWu5YNI0Xg,MS Club of SLIIT,1270.0,Science & Technology,2026-07-22T15:06:37Z,10.5
UCGdrUc4D0yh_Xs_nwq2zZbw,Kavindu Maduranga,8100.0,Science & Technology,2026-07-22T06:19:02Z,10.8
UC2HGgzRXGxoirkRroh0aHIA,iCan Mall,206.0,Science & Technology,2026-07-21T04:24:06Z,11.9
UCswxJAse7ga68PmgIOyXeSg,Nadda tec,14300.0,Science & Technology,2026-07-21T00:45:56Z,12.1
UCTGZsXT7xZXB-hBvdpusI9Q,The Next Gen,7010.0,Science & Technology,2026-07-20T13:30:30Z,12.5
UCp9rkCYFssr2Tqk2OU8N6Uw,SL ANURADHA TECH SHOW,15900.0,Science & Technology,2026-07-20T07:46:08Z,12.8
UCENS_6Qg6S2puMeyPFlwTig,Tech Dude,10800.0,Science & Technology,2026-07-19T18:35:34Z,13.3
UCrmzxiCDMV3hI56E9nYy-4A,TRACE - Sri Lanka ,62.0,Science & Technology,2026-07-19T18:30:02Z,13.3
UCKpVunhV9C8UyXZ-5GtsH7A,Tech S Geek,245000.0,Science & Technology,2026-07-19T13:11:01Z,13.6
UCbCK6ywTvfb7TVWixsVZ4Vw,Cabin Up The Hills,118.0,Science & Technology,2026-07-18T15:18:48Z,14.5
UCRD6apgpGyWJY3F2fqpIYDg,Shadosanz,18300.0,Science & Technology,2026-07-18T10:01:59Z,14.7
UCVT0oyk43r5fTjf6NBwnzmg,Tech JS,14800.0,Science & Technology,2026-07-17T11:35:54Z,15.6
UCusvl0DsifRAeHH9YQhdBOA,Tech FoodLK,45600.0,Science & Technology,2026-07-16T13:55:19Z,16.5
UCvGMkIHn2ajtT6ukmBolg0w,Digital One Labs Pte. Ltd.,4.0,Science & Technology,2026-07-16T10:57:29Z,16.7
UCPaLywDTxz4X0KMks4GOTfQ,Disrupt Asia,244.0,Science & Technology,2026-07-16T07:40:55Z,16.8
UCR1rt4-2aKF8ztBIbPUOyPQ,WildCeylonNature,2760.0,Science & Technology,2026-07-15T16:06:02Z,17.4
UC1Ql90vK1tWDdYxTSAKaRQw,Heshan Tech Academy ,63500.0,Science & Technology,2026-07-15T13:30:32Z,17.5
UCkMdLxKyBfleUgzd2_LZdvQ,Jina official,573.0,Science & Technology,2026-07-14T20:38:56Z,18.3
UC9n3hr0v_T3qDtGHkACgJvQ,Rafi Paradise,3200.0,Science & Technology,2026-07-13T13:36:48Z,19.5
UC67_bXZQ5O74jeRS42vLR5Q,VersusFromAtoZ,5460.0,Science & Technology,2026-07-12T15:38:51Z,20.5
UCY54zZxgIA8bHw-oP5JewwQ,Slkc Recipes,633.0,Science & Technology,2026-07-12T15:35:52Z,20.5
UCfhaqrwhwneNyXuuB_BXqng,LK Domain Registry,544.0,Science & Technology,2026-07-12T06:41:56Z,20.8
UCjfjJjblqn8jzs1EnaDVqEw,GL SL,164000.0,Science & Technology,2026-07-11T16:00:11Z,21.4
UCG16kkV97IIrmL8SIt6saPw,Softnet Technics,1130.0,Science & Technology,2026-07-11T15:36:15Z,21.5
UCAKva-D2Y1d2ZuWhZfAlalw,Unboxing Stuff,4760.0,Science & Technology,2026-07-11T09:49:39Z,21.7
UC1mSe8-rrpRmY2uITst70SA,SMAX TECH,38700.0,Science & Technology,2026-07-09T11:00:36Z,23.7
UCpxzXOqrMd5AITBd_KXfwcQ,PARA TECH SL,217.0,Science & Technology,2026-07-07T07:30:12Z,25.8
UCw4RbkIJND-Ckh2ccCfz_nw,Creative Sky,3900.0,Science & Technology,2026-07-06T11:30:34Z,26.6
UCzVlnBIRZJY5OXOVwjiDGMg,Geek With Kavindu,2590.0,Science & Technology,2026-07-06T11:10:59Z,26.6
UCfIqEdQsAkFw216YzrcI7rQ, UnboxUpTech,3820.0,Science & Technology,2026-07-06T03:30:18Z,27.0
UCxsE32DTIPVMUulrQdpjgVA,Go Digitz,3090.0,Science & Technology,2026-07-06T01:29:31Z,27.0
UCNyHMPBQCOtMq0-c2rcFWxA,Live U Pvt Ltd,141.0,Science & Technology,2026-07-05T16:34:51Z,27.4
UCGUkXp4pLubBSnE9tHnVzjQ,NITHUM'S TECH LAB,252.0,Science & Technology,2026-07-05T14:00:25Z,27.5
UCL5nre1TlSK2uagqOO_4O9g,Tech Sana,1020.0,Science & Technology,2026-07-05T14:35:58Z,27.5
UCXr_QQbz1WU8mdEtomtRdqA,PC World Online Television,4860.0,Science & Technology,2026-07-05T11:03:06Z,27.7
UCAQgyaqfCKo7O2EpXuf9X3g,Blackmoon Electronics,5760.0,Science & Technology,2026-07-04T19:14:37Z,28.3
UCGf8DwLWLE2RccD26RkZscQ,Android Lanka,139000.0,Science & Technology,2026-07-03T13:07:54Z,29.6
UCdl79n-xAtCWTtHEwHeA2wg,Yohan Suranimala,1050.0,Science & Technology,2026-06-29T18:02:09Z,33.4
UCmIL4QjmH4weIwvLMuM763g,Zero Boy Tech,32.0,Science & Technology,2026-06-28T13:30:36Z,34.5
UC_Q5RviNZauvlA2ePqtcUyA,Prabu Tech SL,1480.0,Science & Technology,2026-06-28T11:30:05Z,34.6
UC5lxE8sUM9YNIOhZ4Xi1VSA,Techsity,9570.0,Science & Technology,2026-06-28T02:26:04Z,35.0
UC1Lj7iQrD6SzEEdcM1BRv-Q,Kavi Tech,67.0,Science & Technology,2026-06-24T11:00:11Z,38.7
UC3fFTvynr4fW1OUn6zQO4Qw,Kavindi Dreams ,1910.0,Science & Technology,2026-06-20T10:45:06Z,42.7
UCtXAh7fTugMRXeKeea8Q1Gw,අපේ හීන:OUR DREAMS,28400.0,Science & Technology,2026-06-17T03:55:13Z,45.9
UCw-gRjWUP4gFOSAdDzsLwLQ,Niko Ronan,1600.0,Science & Technology,2026-06-16T11:30:22Z,46.6
UC_IrOLv3DRR817RrqfqcExA,Open Nest,1.0,Science & Technology,2026-06-15T17:46:34Z,47.4
UC2X3Uv9bG1GWJvKWq6RQgQQ,Namal sandusen 🇯🇵,10000.0,Science & Technology,2026-06-15T15:34:14Z,47.5
UCkMyHVLl8atyNHFpScb3FzQ,Sehan Tech,126.0,Science & Technology,2026-06-14T19:29:54Z,48.3
UCFcAFhCHi2mw_HJ21loULWQ,Electronic Lokka,7810.0,Science & Technology,2026-06-13T11:30:41Z,49.6
UC6V96mm3RSNFiE0IF7zmgyQ,Pj Techview,1250.0,Science & Technology,2026-06-13T03:32:13Z,50.0
UCidcJqA2g3ufVV1vTM6RMew,Bimsara TECH Academy,1960.0,Science & Technology,2026-06-11T15:56:39Z,51.4
UCFZv3tNiFCA-IwYRhFEF33Q,Gorgeous World,107.0,Science & Technology,2026-06-10T15:30:14Z,52.5
UCYX2uqNJC4ZA1MgQ8pHU2YQ,Ruwan Electronics,433.0,Science & Technology,2026-06-09T16:04:37Z,53.4
UC7cJu1o2-cMwH_O_XfvfRZw,TechTalk360,1040.0,Science & Technology,2026-06-08T09:25:31Z,54.7
UC2zxNWQM0kBCY5rXpeHaFQQ,Ceylon Events Master,1600.0,Sports,2026-08-02T02:32:37Z,0.0
UCVBEe2FrVmZMGbcPX7mNxJw,Shai Sports,1000.0,Sports,2026-08-02T02:56:55Z,-0.0
UCpfrIJXRqOTx2kPVsUytO4Q,Golden Kings Chess Coaching Academy,2730.0,Sports,2026-08-02T02:30:18Z,0.0
UCVjyzr_EOtJLtLF_3VKfrWQ,Sportz Lanka,1350.0,Sports,2026-08-02T00:53:39Z,0.1
UCkZBCRVKDl6GZbYC_E_32Fg,Goalicle,762.0,Sports,2026-08-02T00:46:54Z,0.1
UCMKVkE8hcrq8XVr_GftJ_sg,Panduwa Tv,3510.0,Sports,2026-08-01T23:00:23Z,0.2
UCq5SmrhSWmp89RR1JpO2z8Q,CRICKVLOG,69500.0,Sports,2026-08-01T20:12:51Z,0.3
UCvZpRt_4T2NlC9111RxNBug,The Voice Of Fortune - NLB DLB Lottery Results ,13100.0,Sports,2026-08-01T17:09:36Z,0.4
UCsU0TSt6Jm_yLlTkZS-FvUw,Tug of war Sri lanka ,114000.0,Sports,2026-08-01T13:30:20Z,0.5
UCxyOEiDidNJQGoMJXjOVW7A,Cricket nam Cricket - ක්‍රිකට් නම් ක්‍රිකට්,6990.0,Sports,2026-08-01T14:23:07Z,0.5
UCAeBFsK2bmm5lkgy90uFiqw,SL Cricket Warriors,31000.0,Sports,2026-08-01T12:35:43Z,0.6
UCZfQAl56Y6qStW8DECs2hGw,Zoro Max,15400.0,Sports,2026-08-01T13:16:20Z,0.6
UCcMQKrccZ9c0_GNyXWo8jLg,S art softball cricket,652.0,Sports,2026-08-01T12:10:05Z,0.6
UChoLplNa4k4Yao2jFreT50w,POINT SYSTEM LIVE,21500.0,Sports,2026-08-01T12:20:26Z,0.6
UCvsC5NWQHjcgeqZLV3Ozl5A,wasana boxing,5660.0,Sports,2026-08-01T12:30:18Z,0.6
UCFuygvMWDiyNyxxFe347H9w,PEO SPORTS,7720.0,Sports,2026-08-01T04:41:22Z,0.9
UCMSkjQ3tGULsiJeTD6UspsQ,THE SN ART ARROW,50.0,Sports,2026-08-01T04:03:42Z,0.9
UCrPLe7JMpG5a-d4JlJpFuig,Fit with AK,1200.0,Sports,2026-08-01T05:55:53Z,0.9
UCY3VaZhAZP7B-1ypCnlrTXg,Cricket Sping,43200.0,Sports,2026-08-01T03:30:17Z,1.0
UC1GBN6Ujq_d9f5Kot0YZVEA,SL Sports Nation ,23600.0,Sports,2026-07-31T23:47:20Z,1.1
UCXm0FsS7PXy0w5HeOkYMi7Q,ARV Loshan Sports ,76400.0,Sports,2026-07-31T22:37:11Z,1.2
UCEZ0iXPxt8AW4l8G-vYrDbQ,SL MTB BOSS,34200.0,Sports,2026-07-31T15:42:16Z,1.5
UCSvq6flKvb-vwtaU5hfnQjA,CRICK VIDU,171000.0,Sports,2026-07-31T13:30:16Z,1.5
UCag44-HADW04gc6h5u5jrcw,Pathiraja (පතිරාජ),11600.0,Sports,2026-07-31T13:00:25Z,1.6
UChjwh7q-z6Dd9eRAj3fznxQ,Melusha Mix,854.0,Sports,2026-07-31T01:19:22Z,2.1
UCGduaqhQ2xONH4_t9h4_QUw,Moneyboygaming,60.0,Sports,2026-07-30T18:03:46Z,2.4
UCthO6nJNU23u2xA1ZsYAh_g,Overtake Fans,13200.0,Sports,2026-07-30T14:30:05Z,2.5
UC38c_i9VoaIjDpp46l35d0w,Cricket World ,2250.0,Sports,2026-07-30T13:07:43Z,2.6
UC6nCjRlW6n3sjqkVj1QWY-g,Sporty lk ,510000.0,Sports,2026-07-30T12:39:24Z,2.6
UCg17nAWKuBa0V1XkluzYbaQ,JNS WEIGHT LOSS TOOLS,4950.0,Sports,2026-07-29T23:00:38Z,3.2
UCKmYdmWel_Wkei2ug3_dSCw,Lead Sports,4050.0,Sports,2026-07-29T15:59:32Z,3.4
UCGEeNPF0Cte1o-hjs6KLI2w,ක්‍රිකට් පිස්සෝ | Cricket Pisso,2950.0,Sports,2026-07-29T13:09:52Z,3.6
UCDO8zlJiV9ZgaMMK2DyX1Dw,BILLA LITE,142000.0,Sports,2026-07-29T11:00:20Z,3.7
UCDuvyLq1ewXk3iNCrt_aF7A,Universe plus,34100.0,Sports,2026-07-29T04:08:45Z,3.9
UCGQDYP7M3EH_Xbe8b0eW-JA,"HardTalk With Udith Erosh | ""Lets Talk Cricket""",11800.0,Sports,2026-07-28T14:36:29Z,4.5
UCeG8nrxBu_9Ij5DikfOCntA,Change The Life Wushu Association,1300.0,Sports,2026-07-28T12:17:11Z,4.6
UCvRkl4sHIgChIFxeTlbwAGQ,SL SPORTS,177000.0,Sports,2026-07-28T11:44:22Z,4.6
UCPueJmiUPtofKLh_sbSFcqA,cricket lovers sri lanka,423.0,Sports,2026-07-25T13:09:57Z,7.6
UCMOJZJjbOVCp2oqoTNK5PdQ,Shaqir nawfer,1110.0,Sports,2026-07-24T13:02:58Z,8.6
UCCDDsanm6kVSg-eiNiO8hiA,Famous Files In Worldwide,2.0,Sports,2026-07-22T22:00:16Z,10.2
UCWBeTTmjN_e7Y8ZRBqfrbzA,Top 10 Srilanka,73500.0,Sports,2026-07-21T13:33:42Z,11.5
UCNX1vwdag0CwzXCcgvUG0Dg,SL Sport TV,157000.0,Sports,2026-07-20T01:37:39Z,13.0
UCwJrljoF_o5Ruib8hLvAAdA,HC Weera,1480.0,Sports,2026-07-17T03:57:29Z,15.9
UCyi6JOQo9U7L6IwgmyZcROg,SL CRICK EDIT X,3320.0,Sports,2026-07-16T07:02:08Z,16.8
UCopIf0dZk94IGv8r2zt44Jg,TRAVEL WITH MAX,617.0,Sports,2026-07-15T23:13:46Z,17.1
UCR6_aPD4R4zCxV0ECariYxA,Danny69,386.0,Sports,2026-07-04T17:34:51Z,28.4
UCkK-HTgkTXXlNFH9Z0AFPug,@Easternfaster1995,1310.0,Sports,2026-06-27T16:12:53Z,35.4
UCYRAQlntdpVLPVp7VxaVZCg,Sasi Cricket Talks,7790.0,Sports,2026-06-27T11:38:59Z,35.6
UCtP8q9NytR5o58ECXffqg8A,RINGSIDE LK,1130.0,Sports,2026-06-27T12:36:16Z,35.6
UCa88YtDPapWLhAF27pN0CXw,Ranga Wimalawansha,54.0,Sports,2026-06-23T17:07:34Z,39.4
UCm6AjODQqMHoK1aGSfF2Enw,Wisma loke cricket ,49500.0,Sports,2026-06-23T10:30:32Z,39.7
UCZqJCq2OdmDu_D_NioIV_JQ,Premium Fitness,1580.0,Sports,2026-06-19T14:22:44Z,43.5
UCyq_QaoII_s3zElrWYLO3ZA,Subaga News,50900.0,Sports,2026-06-12T16:49:58Z,50.4
UC9ORGuJaC-QPJByakklL9-w,Malaka - මාලක,5500.0,Travel & Events,2026-08-02T02:39:59Z,0.0
UCLuP7ROjaueiuNbzrvPqXSQ,4848 TOURS -  SRI LANKA ,2370.0,Travel & Events,2026-08-02T02:23:12Z,0.0
UCafJV2dgvIHYxjKb4GJpV7w,The Traveller,27800.0,Travel & Events,2026-08-02T02:24:41Z,0.0
UCc7A6KeXEmgCvtmOKEJa4fg,The journey of takeshi,10200.0,Travel & Events,2026-08-02T02:39:01Z,0.0
UC3sxNugUTDt39PNiE2jsVRA,Traveler's note,1860.0,Travel & Events,2026-08-02T01:00:16Z,0.1
UCMQg72D9bcWjW-umvECrcAQ,FLY TO US,2870.0,Travel & Events,2026-08-02T00:30:12Z,0.1
UCQkPhQ-6NhA1v7Tpsp6EnKQ,Sutharsan Vlog Jaffna,101000.0,Travel & Events,2026-08-02T00:03:49Z,0.1
UCU698FK0A1JkE2VADC4fQlA,ND COLLECTION,12700.0,Travel & Events,2026-08-02T01:22:43Z,0.1
UCYweMykEAI5aaRztqrJuuAg,Dr. D A Gayan Nayanajith,3990.0,Travel & Events,2026-08-02T00:55:08Z,0.1
UCiV6sjv_GpWbwsuCh6YyZgw,Rasthiyadu Charikawa,2740.0,Travel & Events,2026-08-02T00:30:16Z,0.1
UCnRmorY-xMkotuJSykIMPsg,Isuru Sachintha,314.0,Travel & Events,2026-08-02T00:30:28Z,0.1
UCz5VldG-q50ldO8dU7qio4g,Sri Lanka tourism hotels,12400.0,Travel & Events,2026-08-02T01:26:59Z,0.1
UCy-3y3BEH8dFhPsNEnO74Vg,SL Kushan Vlogs,23400.0,Travel & Events,2026-08-01T21:45:22Z,0.2
UCygAzvEJNqZmteflPb1bbGA,Indelible Memories,475.0,Travel & Events,2026-08-01T19:10:05Z,0.3
UC2hwrsEfHkhz86KWhcMT2wQ,Indunil Wickramasinghe,843.0,Travel & Events,2026-08-01T16:11:41Z,0.4
UC6DJTdmCADYVXKtpW16ezsQ,Travel With Chamara TV,64600.0,Travel & Events,2026-08-01T16:21:05Z,0.4
UC7QG4rQ_1Y7vM7PFIVRfmMw,VebeShan VLOGs,1200.0,Travel & Events,2026-08-01T17:03:55Z,0.4
UCLbtgASZBZFo_tPiqyDzmPA,TheSurFer ( සැරිසරන්නා),428.0,Travel & Events,2026-08-01T16:07:30Z,0.4
UCMcaGpzjo0D-d6oSvcg8PtA,Milinda Family 🇱🇰 ,425.0,Travel & Events,2026-08-01T17:39:57Z,0.4
UCt-6E0Gbt1TvKMPslKJev9g,sri lanka fruit carving ,684.0,Travel & Events,2026-08-01T18:04:45Z,0.4
UCt1uMmva5HBK0qu1hTGGvzA,Elephant soul,247000.0,Travel & Events,2026-08-01T17:08:59Z,0.4
UCu_uRk4D5klE6p_SBLVOWaQ,𝐓𝐫𝐚𝐯𝐞𝐥 𝐰𝐢𝐭𝐡 𝐝𝐫𝐨𝐧𝐞,172.0,Travel & Events,2026-08-01T16:16:13Z,0.4
UC2hNsnLO5nL_YgnaZkKsbPA,Travel With Yhelaya ,2520.0,Travel & Events,2026-08-01T14:30:21Z,0.5
UC3p04mqwNkOmiQoTrFtrcRw,Nadun Tharusha,4590.0,Travel & Events,2026-08-01T15:50:59Z,0.5
UC4oZv7iatCbhEp6ehMMbhAg,Gaman yathra,38.0,Travel & Events,2026-08-01T15:02:09Z,0.5
UCE_uaeRZwW7roZqYO31iDWg,JAFFNA SUTHAN,182000.0,Travel & Events,2026-08-01T13:30:19Z,0.5
UCF06B6cH6Rf9UVYc5v4WAwg,Mahee Vlogger,5150.0,Travel & Events,2026-08-01T14:15:02Z,0.5
UCK7K6a0WPm-QIUD7D1hqQSA,Sj mart,397.0,Travel & Events,2026-08-01T13:45:11Z,0.5
UCN5KMxQbOwIrbmJmsR4ojhA,Asherah Gomez,25300.0,Travel & Events,2026-08-01T14:30:02Z,0.5
UCVfnhhDIkkBJ_1QyzCqeVDg,eHistory,71300.0,Travel & Events,2026-08-01T14:08:58Z,0.5
UCZv4N9cT2yGAbOgEGZ_cseQ,View Sri Lanka,291.0,Travel & Events,2026-08-01T13:30:35Z,0.5
UCekdpdajQ1JyGxUbmsN7nNA,Dushyanthi vlog,585.0,Travel & Events,2026-08-01T14:08:13Z,0.5
UCgy5luu86OLBeugp27Tnddw,Y2M Studio,548.0,Travel & Events,2026-08-01T13:58:14Z,0.5
UCj1dU6sfWVtm1AeD1yT7iFQ,Travel 360,41700.0,Travel & Events,2026-08-01T13:30:21Z,0.5
UCl-yS00RyPVFdq4QnfCYA1w,Where's Shanaka 😉🍃,180.0,Travel & Events,2026-08-01T14:30:18Z,0.5
UCm6FpVN_cg2tGqHVDc9QpMg,AJ VLOGS,11000.0,Travel & Events,2026-08-01T15:30:39Z,0.5
UCrFRH0Nq7gg2SZncgS7imZA,Tech and Travel Idea,14700.0,Travel & Events,2026-08-01T13:30:21Z,0.5
UCs7S1q9lLPbNFfKxj_2cLpA,Shapi,66100.0,Travel & Events,2026-08-01T14:29:35Z,0.5
UCx4GT61AI2dyy3FVFZ3s9Hw,HeLanka - Sri Lanka,3540.0,Travel & Events,2026-08-01T14:40:35Z,0.5
UCyKNjZkJTmFuYSTx5HLPsPQ,Travel With Baja Baby,9280.0,Travel & Events,2026-08-01T14:07:42Z,0.5
UCyaIoiqUyGoO7u6jIZm3h6Q,Travel With Juliya ,9530.0,Travel & Events,2026-08-01T13:30:08Z,0.5
UCzQ15V_zn2VoGUZrMhXw4vA,Infinity Hiker,41.0,Travel & Events,2026-08-01T13:30:22Z,0.5
UC1ZwdgiuwLzqJUMEfKj0rsQ,The Summit  Kandy,47.0,Travel & Events,2026-08-01T12:27:02Z,0.6
UC8a89-tnN8wKeI1Xm4-5wqw,Omar Naseef,799.0,Travel & Events,2026-08-01T12:30:00Z,0.6
UC9iMBVTfsZGvgDdOZEputVQ,Sam Sri Lanka,89.0,Travel & Events,2026-08-01T13:15:08Z,0.6
UCC4ytg6VTSI4EMTJoorjQtw,SL V VLOGS,1120.0,Travel & Events,2026-08-01T12:30:34Z,0.6
UCCEcX65K49gfceGQLm9qJLA,Santhosh Rupert,520.0,Travel & Events,2026-08-01T12:36:28Z,0.6
UCESCGo0Fo0IO63sunkVeXwg,Chanu & Bhagi,428.0,Travel & Events,2026-08-01T11:44:23Z,0.6
UCMk3TZ_MvwlPbSYp_1FScrw,Travel With Lahiru,222000.0,Travel & Events,2026-08-01T12:00:22Z,0.6
UCO-YacZb_Muitqu50KGaFig,Our Heritage in Srilanka,2780.0,Travel & Events,2026-08-01T12:49:12Z,0.6
UCPreI9vioVpVEuSW6g95kFQ,Explore with RiMi,5390.0,Travel & Events,2026-08-01T11:30:15Z,0.6
UCPxhWwGPVHS-CfMKMfTjx6g,Wander with S H A N U,345.0,Travel & Events,2026-08-01T12:54:49Z,0.6
UCRJcNfmSJ0jOwKw270tEkAw,Awidayan ඇවිදයන්,926.0,Travel & Events,2026-08-01T12:43:21Z,0.6
UCXSus5Zss-0FP1quj0Mpndw,The Destination,5580.0,Travel & Events,2026-08-01T13:00:08Z,0.6
UCYNv_RN_4R-wm_G69MDF4Ig,Imesh_karunarathna ,257.0,Travel & Events,2026-08-01T12:30:33Z,0.6
UCaqKkC85KtIgXZK1edWABww,TravelFrames,174.0,Travel & Events,2026-08-01T12:30:31Z,0.6
UCbr3MNcISUfftpZYqf0PiIw,Premium Cakes,692.0,Travel & Events,2026-08-01T13:18:34Z,0.6
UChhmvfskCK4IaaoJ4Bj84Kg,Lakshitha Vlogs (ලක්ෂිත ව්ලොග්ස් ),299000.0,Travel & Events,2026-08-01T12:46:09Z,0.6
UClKD6E6fDdor11ySgDxrjIQ,Hafeeth Vlogs,628.0,Travel & Events,2026-08-01T12:33:24Z,0.6
UCpP5Y5ssB2iicCuWrpVpR3A,Visit Sri Lanka,1700.0,Travel & Events,2026-08-01T11:53:59Z,0.6
UCuN1HN5RXX2D6ZcEkopILeg,Sutrula Boys,188.0,Travel & Events,2026-08-01T13:00:36Z,0.6
UC77KElG2_PMASzuLRryMYDg,Ujith's Travel Tales,116.0,Travel & Events,2026-08-01T09:02:20Z,0.7
UC7ky7hEgAEMLo1lrDWJXlNw,kg chathuranga pathum,206000.0,Travel & Events,2026-08-01T09:56:33Z,0.7
UCTnTpSsN7eemLLpDyqdBP_w,HIT Channel,7440.0,Travel & Events,2026-08-01T09:49:29Z,0.7
UCXqd1fHoinkTGW9zY1eILMQ,IAM lanka,280000.0,Travel & Events,2026-08-01T10:40:45Z,0.7
UCaI7IwVdrAcfhu3cp6x4T6Q,TRAVEL BOY,2360.0,Travel & Events,2026-08-01T10:19:06Z,0.7
UCgkHqu3n1qAHqd7aL1RE8Ew,Travel Star,4430.0,Travel & Events,2026-08-01T09:41:24Z,0.7
UCj-Bj91Y16KgYeMDFqmjuuA,Sapiens Traveler,493.0,Travel & Events,2026-08-01T11:00:06Z,0.7
UCyKbGIhchUM6-ybLXFXA1cg,SRI LANKA Unlocked,7920.0,Travel & Events,2026-08-01T10:47:47Z,0.7
UC695Emm21OPSYGkvHK4aNnQ,Maldives-Times,295.0,Travel & Events,2026-08-01T08:15:27Z,0.8
UC6aSX46078fvOY9bY9ZUTYw,Deshan V,106000.0,Travel & Events,2026-08-01T07:56:08Z,0.8
UCHZ5r2C-XXLtwiq4iwUZpSA,Ceylon Folk,486.0,Travel & Events,2026-08-01T07:18:49Z,0.8
UCR2_AL0apUWNpZSgrCKtnPQ,Ape Travel අපේ ට්‍රැවල්,3520.0,Travel & Events,2026-08-01T07:15:46Z,0.8
UCRHYFnWL0aYTQ9qmvfZnUxg,Visa House,34.0,Travel & Events,2026-08-01T07:46:28Z,0.8
UCbrUOGvSoSNhltSSaV7qIIg,Diaries of Rush ,122.0,Travel & Events,2026-08-01T08:08:56Z,0.8
UCl8Yel7dn0_zNl2O6bUP2tQ,Explore With TuTu,1690.0,Travel & Events,2026-08-01T06:37:58Z,0.8
UCrFbaY86Z23fi-CaEzjN5sQ,Travel Tec & Tours,3940.0,Travel & Events,2026-08-01T07:56:49Z,0.8
UCx2bxQGDuQgYPJPYFmIthnA,D E V I N,1590.0,Travel & Events,2026-08-01T08:30:21Z,0.8
UC22LfvKY_7Ibkt5I5wFqwfg,No Limit,87400.0,Travel & Events,2026-08-01T04:30:25Z,0.9
UCD02fQ2jNzcVZPxeqiDQZXQ,Mufees,205.0,Travel & Events,2026-08-01T04:46:19Z,0.9
UCFuP4DmMM9LZOMoa86vsZig,Mr Walker Ceylon,8650.0,Travel & Events,2026-08-01T04:36:10Z,0.9
UC_nTuqFK2NuOeVU2YQ7Z6Xg,FlickzTravel,1950.0,Travel & Events,2026-08-01T04:36:00Z,0.9
UC_oQPOpRefuPENfsJ404nmA,Wild Wonder,10.0,Travel & Events,2026-08-01T05:22:02Z,0.9
UCkK-FOO4FY_7QmxtDa4MLiA,Sajith S Fernando,16700.0,Travel & Events,2026-08-01T05:47:32Z,0.9
UCmAZwdFQyvTnrAVx5IqILgg,Student Direct Srilanka,5730.0,Travel & Events,2026-08-01T04:49:33Z,0.9
UCoignce2_XnPfTYhPFS5s0Q,Vacay Channel,4700.0,Travel & Events,2026-08-01T05:08:30Z,0.9
UCwuQoMSU9n40I2o41zz_btg,The Traveling Trio ,1010.0,Travel & Events,2026-08-01T05:57:44Z,0.9
UC2QBPyin5a-DAh1cHMn39Aw,Travel Life,625.0,Travel & Events,2026-08-01T02:30:04Z,1.0
UCdB6k3Q_dkVJ77cV9tVWzcQ,NNA Video Memories,1680.0,Travel & Events,2026-08-01T01:30:08Z,1.0
UCk0ZLeOPZVnRJn_s1x-8Idg,wild rider,158.0,Travel & Events,2026-08-01T02:30:04Z,1.0
UCkeEpicYaM60TOxBPswu5MQ,"sanjeewa""",106.0,Travel & Events,2026-08-01T01:30:11Z,1.0
UCl49ihCGkE4RVEqoHu4KFJQ,Lankan Nomad,5310.0,Travel & Events,2026-08-01T03:50:07Z,1.0
UClunvGYCQvwHImJomUKmrQQ,ඇවිදන් යං  (Awidan yan),37.0,Travel & Events,2026-08-01T01:30:01Z,1.0
UCnANUYmlChbeCOqyAE-Y80g,Bathiya A,3130.0,Travel & Events,2026-08-01T01:52:15Z,1.0
UC-lJDdyLYyv47bXu5uUc5rQ,Days of Iru and Opa ( English ),1070.0,Travel & Events,2026-07-31T23:37:50Z,1.1
UCNW0wUIg3FDgHuLq8cRGQrQ,Miracle,11400.0,Travel & Events,2026-08-01T00:51:18Z,1.1
UCMyR9VCVUQjHnnHYj7D0Uog,Wandering Shey,4910.0,Travel & Events,2026-07-31T19:08:53Z,1.3
UCSrDRz91Pg_jV-vVUyQrcRw,ΠΛDΞΞKΛ MΛlDΞΠΙЧΛ ,406.0,Travel & Events,2026-07-31T18:40:20Z,1.3
UCXsMY_hrFVDw_OnHmvwtx1w,Mr.4K,29.0,Travel & Events,2026-07-31T18:30:13Z,1.3
UC1EM-s2v6U6Yyrmdv_Zwkbw,Sri Lanka Culture,1210.0,Travel & Events,2026-07-31T17:44:11Z,1.4
UCT9wY8llfLPCGtIMJ8kNt2w,Ms Traveller,4090.0,Travel & Events,2026-07-31T16:16:30Z,1.4
UCnGYlVr3d853bC5zl-85wZA,Smiles and Trails,513.0,Travel & Events,2026-07-31T17:31:03Z,1.4
UCygYnLZET_WbkdwtqTq3nqQ,Heritance Hotels and Resorts,239.0,Travel & Events,2026-07-31T17:40:50Z,1.4
UC33e0vM5W6gm82W5WuoGB9A,SL Travel Memo ,2540.0,Travel & Events,2026-07-31T15:32:51Z,1.5
UC4Tu0ezWjyVMBD7lyX3EOdQ,Apex Foreign Employment Agency Pvt Ltd,93300.0,Travel & Events,2026-07-31T15:00:01Z,1.5
UCE2pRAea_j03dgmO01sNoCg,Mr Batti Tamilan,819.0,Travel & Events,2026-07-31T13:39:15Z,1.5
UCE_G_4cy5SxO7kHwINqJLeQ,JakeFello ,566.0,Travel & Events,2026-07-31T14:09:42Z,1.5
UCJzlU4AAdk6dS1BznfIEbPg,Walk With Hasith,814.0,Travel & Events,2026-07-31T15:32:53Z,1.5
UCLD_EGJOhzPx4qu1OhOfeJg,SathsaRaX,25700.0,Travel & Events,2026-07-31T14:53:04Z,1.5
UCM4Fg3P7qH2eM-CIyhfJFFA,Gamana - ගමන,21200.0,Travel & Events,2026-07-31T14:35:15Z,1.5
UCN2EppENLvG8D2y7CQ8iLQw,Blooming Wild ,94.0,Travel & Events,2026-07-31T14:07:00Z,1.5
UCSfmHr5cQvlVKR2f6p8T01w,"GlenMyu Estate, Luxury B & B, Haputale, Sri Lanka.",1330.0,Travel & Events,2026-07-31T15:37:22Z,1.5
UCWr_3S-gYx33CVRDXSYSDhA,Anpu Tamil,23400.0,Travel & Events,2026-07-31T15:06:50Z,1.5
UCeZvtW294qri-NCdwuH3IkA,Travel Offbook,8180.0,Travel & Events,2026-07-31T15:49:26Z,1.5
UChlp78im967vMhVtD6dRvIw,TerraSeek,294.0,Travel & Events,2026-07-31T15:50:50Z,1.5
UCi7NA4jgRbTDZG50Gku70EQ,AP Mello,1900.0,Travel & Events,2026-07-31T14:30:26Z,1.5
UCzwfMlDUF7R8MXf4ttm-a1Q,I Traveller SL,93.0,Travel & Events,2026-07-31T14:05:13Z,1.5
UC0duLcyQT9tghWHfexjuTxQ,Sheha's Journey,901.0,Travel & Events,2026-07-31T11:30:37Z,1.6
UCAyWzuNB_xRTMEBRnD7tKzA,Chashika D Malshan,3440.0,Travel & Events,2026-07-31T12:30:26Z,1.6
UCP591ev4r952IF-hXQDnw_Q,Vihanga abeyrathna ,15600.0,Travel & Events,2026-07-31T12:23:34Z,1.6
UCTzr48N2uKbsyKGtdvwEabQ,VLOG with KANI,17200.0,Travel & Events,2026-07-31T13:00:35Z,1.6
UCUaN1jgVNkHTTfVFrKhSYyw,Chitra Village Girl,1230.0,Travel & Events,2026-07-31T12:30:36Z,1.6
UCVKM7a5BBYiKOggaNi6vjYw,Nature Lovers,574.0,Travel & Events,2026-07-31T13:03:34Z,1.6
UChXdaHzQMCIKzoVQ4ywJR8w,K&C life,1320.0,Travel & Events,2026-07-31T12:23:50Z,1.6
UCiuCllaTAButX4ZC5DbRclw,MR. CeyLanka,712.0,Travel & Events,2026-07-31T12:37:57Z,1.6
UCs8-XMlV1sdA56cHlQAgzdg,SK Videos,4830.0,Travel & Events,2026-07-31T11:53:31Z,1.6
UC-W1Ad5ABQBd7wnAQzCqSkQ,Travel Summary,2610.0,Travel & Events,2026-07-31T10:30:12Z,1.7
UC2v4JoyE3CHejL5sNbBdTqA,Travelaya,1380.0,Travel & Events,2026-07-31T09:30:22Z,1.7
UC2vkiMjVj6b_1hq0q3J5pyQ,Z travel vlogs,1460.0,Travel & Events,2026-07-31T11:00:39Z,1.7
UCAqN1JjVJgOjk2zSdPMJMUw,"iTravel Kavish ""කVශ්""",27.0,Travel & Events,2026-07-31T11:03:57Z,1.7
UCowxAocjCbSGBMrpSwvxrEg,SilentTravelNest2025,9.0,Travel & Events,2026-07-31T09:30:12Z,1.7
UCt8CsDuXwVP08dTy3cQI-Cg,Travel with partner,4880.0,Travel & Events,2026-07-31T09:11:09Z,1.7
UCtiGZZPmarBuFwSQ5LG_iRA,Thari & Shan ,41.0,Travel & Events,2026-07-31T09:37:36Z,1.7
UCvcVb1fcd-asMSL6-CeOgNw,Travel to Death,388.0,Travel & Events,2026-07-31T10:30:08Z,1.7
UCzBxpFnzdrbKctaSNozTHpA,Browns Hotels & Resorts,3080.0,Travel & Events,2026-07-31T10:11:58Z,1.7
UCNwjSgTmUs7fIhd_6AdPlEA,Known Unknown,25600.0,Travel & Events,2026-07-31T07:58:58Z,1.8
UCjG1iw5WByPYVukngRcFVnA,Baby And Ilee Vlogs,83.0,Travel & Events,2026-07-31T08:25:18Z,1.8
UCahcA_PBZFfp0a0yY31khyg,Let's go With Me,306.0,Travel & Events,2026-07-31T05:13:55Z,1.9
UCw6HmIsvHGq2HcBQCzE7J5A,Cinnamon Hotels & Resorts,6110.0,Travel & Events,2026-07-31T06:00:30Z,1.9
UCRsGjvRKg2tYc7f_nSDEXtw,Mystic Ceylon,103.0,Travel & Events,2026-07-31T02:04:34Z,2.0
UC_nFt7ialY-bZ-nUFwzY_hg,Be Ready - Comics,18600.0,Travel & Events,2026-07-31T02:42:14Z,2.0
UClyD0kAmF2WdnI-KsR3pBIA,Jo Jo Wicky - විකීගේ දිනපොත ,178.0,Travel & Events,2026-07-31T01:01:27Z,2.1
UCmp1I1k6yNX-HqwfOFS2IPA,🕊️OnE SteP WitH KaNIsH👣,1210.0,Travel & Events,2026-07-30T23:57:34Z,2.1
UC5WSecXlA7u_5H_2h2ne1Rg,Le Meridien Leisure - Sri Lanka,48.0,Travel & Events,2026-07-30T18:21:26Z,2.3
UCuW88etg2u7Ln25Rw3s4ijw,Mihiran Karangoda,15300.0,Travel & Events,2026-07-30T18:42:16Z,2.3
UCtbtihatpVC4YkcNvP6v4Vg,AYON LANKA Holidays,6340.0,Travel & Events,2026-07-30T16:24:48Z,2.4
UCwdeq2uy9XyPT7-1Q7XRWUg,AlerT,546.0,Travel & Events,2026-07-30T16:18:31Z,2.4
UCM19g5ow7vLXDTYx_j9Z7VQ,Travel With Husband,41300.0,Travel & Events,2026-07-30T14:30:19Z,2.5
UC4f76oW8ZgZYEhl7jrvIA3w,srilankatravelstories,5620.0,Travel & Events,2026-07-30T13:10:16Z,2.6
UCECl9CQ_kgWaX5h1SH2PKEQ,Deshani Vivids,19700.0,Travel & Events,2026-07-30T13:16:11Z,2.6
UCIzJ8MT1NFOo3Q-VJlNDlQQ,History Hub lk,12200.0,Travel & Events,2026-07-30T11:54:36Z,2.6
UCdYKWxPPJG4GBg_YdB33vKQ,ChamelVibes ,388.0,Travel & Events,2026-07-30T12:00:39Z,2.6
UCv28xURTYOApw2GsurpATSg,Aikon Travellers,909.0,Travel & Events,2026-07-30T12:14:59Z,2.6
UCHeMucXhCFhNkh8ixLSEKZQ,Raju view,26700.0,Travel & Events,2026-07-30T09:27:44Z,2.7
UCJOcX7_SB1sVSYpbC-PJSeQ,Heritage Tours,250.0,Travel & Events,2026-07-30T10:08:23Z,2.7
UCdsfAu-B6cfItQuwUyNngvg,Trendy Traveler ,1690.0,Travel & Events,2026-07-30T10:30:09Z,2.7
UCjP4NRjhPwXF9wljddHBFVQ,Wander with Dew,28.0,Travel & Events,2026-07-30T09:26:18Z,2.7
UCrqa-dFbpsG1jCm-RlpydLg,Travel Me - suranga,9200.0,Travel & Events,2026-07-30T09:50:32Z,2.7
UCPF69AP3W-ngo3QLFWKqx8w,Travel With Niro,10200.0,Travel & Events,2026-07-30T07:00:17Z,2.8
UCiJfplrc7idtWYpDsI325yQ,Travel With Wife,549000.0,Travel & Events,2026-07-30T08:13:49Z,2.8
UCHnrxBGuC8ZV_XhmJc8Ytcg,Mother serendib 🇱🇰,27.0,Travel & Events,2026-07-30T05:21:40Z,2.9
UCMz5OIRJhEHlbyfbzN_I1ag,Track walk with Ushee & Adee,19300.0,Travel & Events,2026-07-30T05:17:11Z,2.9
UCS_wit98t2r1creRBOR78aQ,Bucket List Journey,202.0,Travel & Events,2026-07-30T04:28:41Z,2.9
UCkC-yhK-WnPNaNslH_LbBWQ,macs 48,17600.0,Travel & Events,2026-07-30T06:03:50Z,2.9
UCq3nTkPujlH-ahNVYNCsTNw,Chammi method ,2740.0,Travel & Events,2026-07-30T04:52:15Z,2.9
UC3kfa-NcEH6MXC4vi8uaXxA,HOW TO,949.0,Travel & Events,2026-07-30T01:45:05Z,3.0
UC8eF9J7-ycJX1BGzk9Dm0tw,Aloka Malinga ,1180.0,Travel & Events,2026-07-30T01:31:03Z,3.0
UCLkBa7dDSZyT5CkZFa0W7QQ,Thanuka  science ,17.0,Travel & Events,2026-07-30T03:41:23Z,3.0
UCBsrUim15y-s6PfMISCR38A,Ape Room,1650.0,Travel & Events,2026-07-29T23:17:28Z,3.1
UCs57QVT92ixgjqY9DqTb_tA,Travel with Girls,128.0,Travel & Events,2026-07-29T23:30:25Z,3.1
UChiooF2byqPuqvdvPZj7owQ,DINU VLOGS,753.0,Travel & Events,2026-07-29T16:50:02Z,3.4
UCqHDGZmlUf-w6_xs6Ftou0w,TV Danuma,8150.0,Travel & Events,2026-07-29T17:12:17Z,3.4
UCXozlWD-wtlZeWkC5Cl-oGQ,Kule Bro,54.0,Travel & Events,2026-07-29T14:55:05Z,3.5
UCbpY0fXgMhJZYNm-AQA6kjw,Days of Dilshan,197000.0,Travel & Events,2026-07-29T13:45:26Z,3.5
UChJFPdvtzyTPxMAysD4FX-w,Bear cook book,1150.0,Travel & Events,2026-07-29T15:38:49Z,3.5
UCvpO2ovuYdqZWHP0uIOOi1Q,Globix by Sam | Animals • Nature • Trending,3440.0,Travel & Events,2026-07-29T15:14:28Z,3.5
UCYFEWdq-XSGk-8RZGpJ3nbA,TRAVELER ,87.0,Travel & Events,2026-07-29T10:46:34Z,3.7
UCbj5TVwioQCK3qtYYEzD3kA,Yamuda Machan,4520.0,Travel & Events,2026-07-29T10:24:48Z,3.7
UCjpGxXMEnHYxF_T9ZIeieqg,kulasiri yapa,1570.0,Travel & Events,2026-07-29T09:48:07Z,3.7
UCgxiMvAbKYM3SZ2d46NHLug,A M I T H,209.0,Travel & Events,2026-07-29T06:36:46Z,3.8
UCwH5wSFcuXiR_qYFMbl6S7A,Nima - නිමා,446.0,Travel & Events,2026-07-29T05:57:34Z,3.9
UCO_66skZM2AyW8lgXawoPiw,Viskam Flora,132.0,Travel & Events,2026-07-29T03:42:23Z,4.0
UCrYItZrCXaq1dZ-6ArlCc6A,CEYLON LK,22600.0,Travel & Events,2026-07-29T00:00:00Z,4.1
UCqGCzNVpQAaYJ2MkVvhBhgA,Joyful life with Bhagya ,513.0,Travel & Events,2026-07-28T18:36:35Z,4.3
UCgGHI5NkqlZ59MALsGqyoXg,Tripitaka Deshana,1940.0,Travel & Events,2026-07-28T17:06:01Z,4.4
UCr-6xm7xSlbjYgDdwoyLtYQ,KeenS94,560.0,Travel & Events,2026-07-28T16:07:45Z,4.4
UC3asBjakSJquSeu2yt25lBw,Ks Shankar,197000.0,Travel & Events,2026-07-28T14:50:35Z,4.5
UC9fPHWAjuWcR0cyXvX6MWrg,Travel With Gune,7.0,Travel & Events,2026-07-28T14:17:07Z,4.5
UCoyLhYJoI0T5ViaRYmnG2Ww,Wander Spot Travel,140.0,Travel & Events,2026-07-28T15:40:46Z,4.5
UCU4-CtCgYRh_c-ySgLixIQQ,Travel With Tilan,28000.0,Travel & Events,2026-07-28T13:07:42Z,4.6
UC5lT7mnrszE3L2UdcpnFVhw,Travel With Maduwa ,176.0,Travel & Events,2026-07-28T10:15:12Z,4.7
UCeLO_4Xmr0Zm2AHsbD50Sfg,Colleagues' Vessel,254.0,Travel & Events,2026-07-28T09:27:55Z,4.7
UCUC1pfBWXr1hrdeJ5XpxUVA,Rasa Lens,89.0,Travel & Events,2026-07-28T07:03:23Z,4.8
UCryzdH7ZaVTMRf5YkucFShQ,EYECAM,13.0,Travel & Events,2026-07-28T05:38:10Z,4.9
UC55ZPAtA0eZWIJ2s8aEbqwQ,Every one bro ,6140.0,Travel & Events,2026-07-28T02:30:29Z,5.0
UCXO16AETdKbshG7DvDqPG5w,AYESH VIDURANGA,136.0,Travel & Events,2026-07-27T19:32:00Z,5.3
UCFaY2tgIiwUFXCPLJCoZb2w,K Shan Vlogs,1160.0,Travel & Events,2026-07-27T17:13:16Z,5.4
UC5_ZwjhsY8cjQqXvz2wd8vw,Ishani Sandarekha,498.0,Travel & Events,2026-07-27T13:44:16Z,5.5
UCPFA5cfAn096vHy_zmy967w,slnationexploring,139.0,Travel & Events,2026-07-27T14:50:32Z,5.5
UCTOTiK1a37iiSQJXbe149Cg,PlaceTo Place - යනයන තැන,3580.0,Travel & Events,2026-07-27T13:18:31Z,5.6
UCVwfluXqG3UUGOS9-nHqBdA,Angel Beach,136.0,Travel & Events,2026-07-27T11:05:05Z,5.6
UCsiOZ2ttcdAnMHEFAo4VbGA,Travel with Sahakari,3540.0,Travel & Events,2026-07-27T11:20:42Z,5.6
UCwugeDQ2ml4CorBdOLC2vhA,WonderSri,333.0,Travel & Events,2026-07-27T12:00:35Z,5.6
UCznWXGTjn670tN1m8GobH1w,Shadow Girl,11100.0,Travel & Events,2026-07-27T05:31:01Z,5.9
UCRW38YwC3kVpBWe0nwa0Ytg,Janu & Thisi ,347.0,Travel & Events,2026-07-26T16:44:09Z,6.4
UCy2uqHWI358-1PuKL7dKs7A,Travel With Ru,2400.0,Travel & Events,2026-07-26T16:01:34Z,6.4
UCUJlhgu2VRWkB1YPI_jjctA,GS+O,323.0,Travel & Events,2026-07-26T13:30:06Z,6.5
UCtOctcFy9iYftvrf1xlF8mw,CHAMARA,838.0,Travel & Events,2026-07-26T15:12:32Z,6.5
UCDyVn80GuHYMgkKe3nVJXAw,Janit Hewag,77500.0,Travel & Events,2026-07-26T12:00:09Z,6.6
UCWeoS76MnqF8RxP-5EiQQCw,Google's Focus,2530.0,Travel & Events,2026-07-26T12:30:06Z,6.6
UClMr-ncdbeS5Ay4o-V7zRYQ,BONA VISTA TRAVELING ,217.0,Travel & Events,2026-07-26T12:16:09Z,6.6
UCyViVCKFXyGBnqZ8ywpIOjQ,Battu,625.0,Travel & Events,2026-07-26T12:00:22Z,6.6
UC-2CXMuiEVb_wuLfpuLf_0w,Nidahase seya-නිදහසේ සේයා,91.0,Travel & Events,2026-07-26T10:04:52Z,6.7
UCzxB2cF1B8Prxt83HGJmc5g,Namadi's Life,22.0,Travel & Events,2026-07-26T10:00:49Z,6.7
UCbslldG51NumaG5QqgYSdtg,Travel S Channel,4480.0,Travel & Events,2026-07-26T07:33:00Z,6.8
UCrcwOYr2Zf5Y6FKNHZTSXIg,Motion Monkey,542.0,Travel & Events,2026-07-26T06:54:35Z,6.8
UC4T84A24Y2SIfnPhrehRU1w,ICT4Agri_Traveling,268.0,Travel & Events,2026-07-26T03:38:01Z,7.0
UC8-g9Rlv5NuUMb0I3KvHI6g,Charika Satahan,53500.0,Travel & Events,2026-07-26T02:42:56Z,7.0
UCjiEydGyKdx_An0FP_MT2uA,TRAVEL LENS,603.0,Travel & Events,2026-07-26T03:14:48Z,7.0
UC471fAbaaRU_ZQ_VUMnewaA,_Black_Mark_,232.0,Travel & Events,2026-07-26T01:08:38Z,7.1
UCx4JwDsgteQ-gBE1lqNopcw,Mikka com,517.0,Travel & Events,2026-07-25T16:18:16Z,7.4
UC_11Bq_yPD1gIFYAlDXEC_A,COMPASS,143.0,Travel & Events,2026-07-25T14:03:33Z,7.5
UCb6RrPJLl-GpO7qfVA1Z0VQ,Isle Of ADV,24800.0,Travel & Events,2026-07-25T14:52:41Z,7.5
UCyH9u_WllbJZHZHeIBzjW2g,Ravi Deshappriya ,12700.0,Travel & Events,2026-07-25T13:30:21Z,7.5
UCcpu5rsbhRZrOQciyNw-trQ,Epic Trips - වීර චාරිකා,485.0,Travel & Events,2026-07-25T11:25:57Z,7.6
UCgF-9NtNQ5Q2su79ZkHPwSg,Nature Traveler,2340.0,Travel & Events,2026-07-25T09:30:06Z,7.7
UCEUE5XgDTMltZBgBmsfpXSQ,Travel With Dima,7060.0,Travel & Events,2026-07-25T01:30:21Z,8.0
UCwWDpOw_z1LfBD1wKerDCsA,පා සටහන් ( pā saṭahan ),3230.0,Travel & Events,2026-07-24T19:01:19Z,8.3
UCMAsQ6boj7sTPjNAlYxMMCw,Ceylon Vibes,19.0,Travel & Events,2026-07-24T16:31:50Z,8.4
UCNtyU8p2xAcg3XzJoNjkg4g,The HIKER,275.0,Travel & Events,2026-07-24T16:07:17Z,8.4
UC8ZRk92Ov4Mj3dXpxVkgQww,Max Visions,13800.0,Travel & Events,2026-07-24T13:30:15Z,8.5
UCkBneuzZoS4xT6C0JbkJkdg,Travel with danny,662.0,Travel & Events,2026-07-24T13:53:53Z,8.5
UCoXZaKlDGvv9yjN3koqygfQ,Madhuranga Official,24500.0,Travel & Events,2026-07-24T15:11:13Z,8.5
UCvGElnRYInQhBWjyM4EaLgQ,The Nature kitchen,8290.0,Travel & Events,2026-07-24T13:30:07Z,8.5
UC1e3SfoIliz7Do8r_siL7Vg,Prageeth Lakshan,2670.0,Travel & Events,2026-07-24T13:06:11Z,8.6
UC6HwmLhWyPIiVHDvJO5EZPw,Travel Trinco,32000.0,Travel & Events,2026-07-24T11:29:21Z,8.6
UCZ8OO-3lypeUeAHeGSHwDUQ,Thozhi suji (தோழி சுஜி ),30000.0,Travel & Events,2026-07-24T11:15:31Z,8.6
UCJ1m8clZt6P-jZpNzadca6Q,YAKDESSA යක්දෙස්සා,5670.0,Travel & Events,2026-07-24T09:07:51Z,8.7
UCkM9Dn8ZcDf8U2566xTIjAg,Sureka wikramaarachchi ,401.0,Travel & Events,2026-07-24T10:53:16Z,8.7
UC3PjE5BQZUiSTswBvfRdlQg,Drone Vlog with Kapila,5160.0,Travel & Events,2026-07-24T03:22:17Z,9.0
UCEQrXk9S_wxT6fz7Iy7PI5Q,Аренда жилья на Шри-Ланке - Виктория Планеттэр,1380.0,Travel & Events,2026-07-23T17:43:12Z,9.4
UCS-_jIUP-Ix01Amtbh7eUIQ,Easy Travel විස්තරේ,12400.0,Travel & Events,2026-07-23T11:30:33Z,9.6
UCTNQ_fWs1aFqgnNSo-65Ehg,Sakthi Talks,5780.0,Travel & Events,2026-07-23T11:30:07Z,9.6
UC5JwzJDwAuRySymCcbbdFlQ,TRAVEL VLOG,1990.0,Travel & Events,2026-07-23T07:55:09Z,9.8
UC7GLQ-HMUqx3GItKwS_5QIQ,𝐭𝐫𝐚𝐯𝐞𝐥 𝐰𝐢𝐭𝐡 𝐠𝐚𝐲𝐚𝐧,2240.0,Travel & Events,2026-07-23T06:55:18Z,9.8
UCNUf8Lne0SorLxdjyiRKDNA,TourWaves ,440.0,Travel & Events,2026-07-22T14:30:27Z,10.5
UCZ58KjaqzO5pkpfHYq2N0-w,IndulaD,3260.0,Travel & Events,2026-07-22T14:15:08Z,10.5
UCaf0YBdTL7IqDv0_bze-Cyg,EWIS Sri Lanka,645.0,Travel & Events,2026-07-22T14:00:38Z,10.5
UC6dhc11JD8TxRv9cur7mECg,Jetwing Hotels,2900.0,Travel & Events,2026-07-22T05:39:44Z,10.9
UCh7ctxg3sDvLYxmaYNXHPyQ,Ruma with Madu,41.0,Travel & Events,2026-07-22T04:46:54Z,10.9
UCEQEFbJVgLxIe2sGlg93aGg,ROYAL TOURS MIRISSA OFFICIAL CHANNEL ,110.0,Travel & Events,2026-07-22T03:32:14Z,11.0
UCTbddw9r2MMaNf81ErkMAyg,TRJ Media Unit,787.0,Travel & Events,2026-07-21T16:06:21Z,11.4
UCazesppn7KdpNZbEcgMZxJQ,The Shadow SL,3110.0,Travel & Events,2026-07-21T17:40:03Z,11.4
UC70c3TfvQLB9XPUPMiO3OVw,Kold Cafe Cinematics ,3420.0,Travel & Events,2026-07-21T15:37:16Z,11.5
UCP2YhISU6q8pOw8fbS4NjTg,Sri Lanka Driver Hire (Pvt) Ltd,1290.0,Travel & Events,2026-07-21T14:47:09Z,11.5
UCzEhObPYxgT503UVbNbCapA,Ape Sakwala - අපේ සක්වල,15600.0,Travel & Events,2026-07-21T14:43:50Z,11.5
UCocUo0CPUsreVyXy8UXH4Dw,මග සටහන් - Maga Satahan (vlog),186.0,Travel & Events,2026-07-21T11:38:10Z,11.6
UCJZ9dEp2t5pGnc3oOmd2KFA,Untold Journeys with Thilak,1780.0,Travel & Events,2026-07-20T20:03:14Z,12.3
UCtFYDTWrF9zfe-qA9wSQwQg,Stories with Chathi,225.0,Travel & Events,2026-07-20T13:30:21Z,12.5
UCCsjZs33zzyQ5VmCz7_YgvQ,Diyakawa Adventure Sports,49.0,Travel & Events,2026-07-20T09:26:18Z,12.7
UCcFg0_EkuomROD6HEJA8t5g,SL Train Mania - කෝච්චි පිස්සුව,320.0,Travel & Events,2026-07-20T09:04:54Z,12.7
UCaOlvg-aCeUJPtOpD4UytoQ,Ceylon Heritage Trail,101.0,Travel & Events,2026-07-20T08:15:26Z,12.8
UCv70kMNzCN6FHdg3BSfkM7Q,Dilu Praba අරුම ලොකයක් Traveling (praba tv ),476.0,Travel & Events,2026-07-20T05:52:05Z,12.9
UCy47MqJG4-jFTBfd1u6MDjQ,Life With Chathu,132.0,Travel & Events,2026-07-20T04:25:30Z,12.9
UCJ2VUk1Xl_9Z1gkND1h_wGA,PXGGY,11300.0,Travel & Events,2026-07-19T18:15:54Z,13.4
UCFQ8ZKx2ZgNWyYG7xFGRfoQ,Chabi Malli vlog ,4730.0,Travel & Events,2026-07-19T13:06:04Z,13.6
UCLMx-A1FJ73GRtvWTQ0y9Gw,Aki Vlogs SL,3250.0,Travel & Events,2026-07-19T12:30:19Z,13.6
UCUa0a5l56H0xre3SljFYRgw,GAMAYAA,155.0,Travel & Events,2026-07-19T13:17:36Z,13.6
UCnoGtpm7tySa-2IGpic9RdQ,Travel And Us,390.0,Travel & Events,2026-07-19T06:30:00Z,13.8
UCpwVqB7rjAkZUlFOPz4qafw,Rohitha Velog,1050.0,Travel & Events,2026-07-19T04:32:12Z,13.9
UCtj_Jtf4f9c5PSI7Go1_EEQ,Nature Island SL,11.0,Travel & Events,2026-07-19T01:15:58Z,14.1
UCWOPf0r-xlLNlPHvJO9Gkuw,Avid Traveler,275.0,Travel & Events,2026-07-18T17:30:49Z,14.4
UCpoTebfTyQ_MnHRIIWpVQeA,Rohan D Ranwala,227.0,Travel & Events,2026-07-18T02:17:19Z,15.0
UCu84Sz4SPM1Ceu-1youdCBw,Life Journey With Buses,25300.0,Travel & Events,2026-07-18T03:00:07Z,15.0
UCv50lhIEdFjQAVZk2C6WaVA,FNR Creations,1120.0,Travel & Events,2026-07-18T02:30:40Z,15.0
UChcZLMu9ldVC7IUvh33BUgg,Travel with S7,529.0,Travel & Events,2026-07-17T12:30:18Z,15.6
UCIKNDbyl0wVJA-MeUJbNCQw,Travel_Tales,616.0,Travel & Events,2026-07-17T10:30:06Z,15.7
UCtz2Mog_5r1EtauBQ7veK1g,Mr & Mrs Rajja,7020.0,Travel & Events,2026-07-17T10:56:42Z,15.7
UCBunbKYZkKZubTPRQm68VaA,Umesh Ranthilina,1050.0,Travel & Events,2026-07-17T01:00:02Z,16.1
UCIz9mJ8WHSfw0R_z5eP6j4w,Daily Ceylon Meals,7.0,Travel & Events,2026-07-16T20:30:04Z,16.3
UCGPmIOWSsBUruB9diPsz4Fg,Earth & Me,1550.0,Travel & Events,2026-07-16T16:14:30Z,16.4
UCDCFL34d1TquN_j0laNWD2A,Gigili Bigili travel ,43.0,Travel & Events,2026-07-16T13:03:13Z,16.6
UCpFaFSdYsGqIsiuumAftydQ,Wikiya (විකියා),6050.0,Travel & Events,2026-07-16T12:30:22Z,16.6
UCfts7_S-PNNnENPJp7S6fpQ,Rumi & Kish,177.0,Travel & Events,2026-07-16T08:17:16Z,16.8
UC_-HAbSdy9ZYvxC9I2V3SOg,AURAA GALLERY ,532.0,Travel & Events,2026-07-16T01:41:45Z,17.0
UC3Tc2fr9_zSVZe-ikKOsQHA,Dream Travel Spot,1520.0,Travel & Events,2026-07-15T17:37:58Z,17.4
UC3mQgSw2HVtGK5xiWwqFL3g,KP VIBE,137.0,Travel & Events,2026-07-15T10:10:57Z,17.7
UCErq12gvrb2Gm0x1cavQVAA,Blissful Routes,9.0,Travel & Events,2026-07-14T07:11:38Z,18.8
UC4_LjoDMn31jsC5Wj1pJkMQ,Trail SriLanka,62.0,Travel & Events,2026-07-14T04:15:41Z,18.9
UCS_LcZt-3JIMbyhm7FPeu8w,Ar12ranhida,4280.0,Travel & Events,2026-07-13T15:13:41Z,19.5
UCleSED0EeFCUcstM9g9o4Gg,Travel Joduwa,4370.0,Travel & Events,2026-07-13T11:30:24Z,19.6
UCHVmUdL6kxwbEJFUayYD0bw,Kitesurfing Lanka,210.0,Travel & Events,2026-07-13T10:33:07Z,19.7
UChGzTiaWdSF6cC985Q8SdlA,Paradise,202000.0,Travel & Events,2026-07-13T11:00:04Z,19.7
UCPjYaNGIiD3klmxBM6eY7xQ,Mayurapriyan. மயூரப்பிரியன்.,4110.0,Travel & Events,2026-07-13T04:53:51Z,19.9
UCoE6G13zYV3X5klMONxrQwQ,Emosh D Kites ,4700.0,Travel & Events,2026-07-12T14:21:15Z,20.5
UCwlPNhrMo22WgVKX1SyNRBQ,Medventures ,3750.0,Travel & Events,2026-07-12T12:30:13Z,20.6
UCnPRMQl7Yf5dniUY5sBRsmQ,Nextstop with Dil,6410.0,Travel & Events,2026-07-12T04:27:42Z,20.9
UCsaWsVoIh5rKa8ilwDMLsxA,BMK Travel Stories - Buddhika Mahesh Kodikara,95100.0,Travel & Events,2026-07-11T11:30:01Z,21.6
UCDqPAJovLjTUS_h-y_YTpzQ,Travel with Hiru n Niru ,1700.0,Travel & Events,2026-07-10T15:27:01Z,22.5
UCVrg2J9bED5Iykq44WEsjaQ,travel sri lanka,19.0,Travel & Events,2026-07-10T14:07:42Z,22.5
UCWLyufh4wmZ10YM-jbWpYyQ,Location Two,838.0,Travel & Events,2026-07-10T14:09:21Z,22.5
UCa--Ced01OPtW6JViF4hGvg,Travel with Family ,2220.0,Travel & Events,2026-07-10T14:43:48Z,22.5
UC0PpMwS7QoLdbMAmgcopPEQ,You & Me,125.0,Travel & Events,2026-07-10T12:05:28Z,22.6
UCcsAXVNcM8sZShSHxY0db0w,Yang Adventure,444.0,Travel & Events,2026-07-10T11:30:20Z,22.6
UCKdJeTmLiv-3ou9L5r1XUEg,Tamraparni,652.0,Travel & Events,2026-07-08T19:49:55Z,24.3
UCFQ4EFo7WWWf8qmVoIih1vA,Travel Zenu,3030.0,Travel & Events,2026-07-08T11:13:52Z,24.6
UCnTs-j8U-bGh0GJ4xC-NPqw,Randy liyanage online ,2380.0,Travel & Events,2026-07-08T11:30:35Z,24.6
UCmTG8tucD4MxgU6fNCFFHxw,Dinith Creations,41200.0,Travel & Events,2026-07-07T16:57:16Z,25.4
UCKZTcTfmoKmUNQ8G14yL_bQ,Traveling with Dreams ,7280.0,Travel & Events,2026-07-06T09:15:07Z,26.7
UC4liySyRIOLEonPkVwL-ckA,ChaThuMal,5710.0,Travel & Events,2026-07-06T07:56:20Z,26.8
UCpKhlTvg_rdRYDfeLjpCVbQ,SL Shan Boy,4010.0,Travel & Events,2026-07-05T23:56:18Z,27.1
UCIenqpIzba_dA38bBoc0MMQ,IndeeShani,8330.0,Travel & Events,2026-07-05T11:30:26Z,27.6
UCp7CXZR7tYqwh8pVSH4lQhQ,Sudam Rubasinghe,11500.0,Travel & Events,2026-07-05T13:08:31Z,27.6
UCP3vmghopPkg0gt6DGjzvmw,Around Sri Lanka,1390.0,Travel & Events,2026-07-05T08:13:01Z,27.8
UCo23Dik18-OZwLmfTvDVzFg,Travel Pisso ( ට්‍රැවල් පිස්සෝ ),183.0,Travel & Events,2026-07-05T03:44:53Z,28.0
UC_-pe4UZxLsbCeUSnjkb_WQ,one to one,2850.0,Travel & Events,2026-07-04T14:00:35Z,28.5
UCor119v4OYf4SIJ1q85dqBg,Traveling SL,108.0,Travel & Events,2026-07-04T12:47:13Z,28.6
UC3Cw011ydB883PPr7wq560g,natural sri lanka TV,136.0,Travel & Events,2026-07-04T10:01:08Z,28.7
UC6Pfh3FrYriEOKf5bd19V3A,YANAWA NAM YAN   ( යනව නම් යං ),4520.0,Travel & Events,2026-07-04T09:32:03Z,28.7
UCUBWwMKVdkK9w33uBlbn14Q,Travelinza,1490.0,Travel & Events,2026-07-04T10:07:20Z,28.7
UCz4jx04CDH0p0yjEgY3LCZw,Explo With Ravindra,114.0,Travel & Events,2026-07-04T03:07:42Z,29.0
UCnVgagsJoheQm3H5BfPlPlA,Machang Ceylonians,16200.0,Travel & Events,2026-07-03T15:03:20Z,29.5
UCxa466qWNQIdXb7eaeoyuPg,Where is kanchu,1010.0,Travel & Events,2026-07-03T13:30:08Z,29.5
UCLhW6DaM_LgiSotaDsIC04w,Ayubowan KiwiLand,2870.0,Travel & Events,2026-07-03T12:39:43Z,29.6
UCPnbFJ_15olgalHziNWxtcA,SonShine Trails,498.0,Travel & Events,2026-07-03T11:30:24Z,29.6
UCiXej9m-USlWk6PQPK2qx4A,Travel With Sandaruwan,26200.0,Travel & Events,2026-07-03T12:30:18Z,29.6
UCHenruGeRSo0FpiAtIrwyzg,SP location,2400.0,Travel & Events,2026-07-02T11:23:54Z,30.6
UCaJ7SGZYof6IsS5qcw6lspQ,Travel with Rashi 96,655.0,Travel & Events,2026-07-02T12:11:25Z,30.6
UCweu1B9ZCOtPWqx-vBhPSTw,Magadige,83100.0,Travel & Events,2026-07-02T10:30:33Z,30.7
UC8Cqzz2WdgI_2kYOYK09i8g,Lankan Vibes LK,11100.0,Travel & Events,2026-07-02T03:03:55Z,31.0
UCjmEp53dNZw69ewnYEtoWaA,Ruins Raider.,173.0,Travel & Events,2026-07-01T17:30:37Z,31.4
UC95TvSf1vDasyRkYij0bcSQ,HEDA Traveller,3250.0,Travel & Events,2026-07-01T14:10:05Z,31.5
UCFGlEikErIvsTRsczl1OE3g,Travel boy ,331.0,Travel & Events,2026-07-01T04:47:18Z,31.9
UCIwGPivjZTIOrtP909xXzxQ,Wonder and Wonder ,207.0,Travel & Events,2026-06-30T19:17:02Z,32.3
UCengcJGQ8wcpXW28SnfUf6Q,On Road,238.0,Travel & Events,2026-06-30T08:32:27Z,32.8
UC86RhWTNMB3dOaCSSDhLe1Q,Milinda Munasinghe,31.0,Travel & Events,2026-06-30T01:00:01Z,33.1
UCe3_wrkm5Tr84r9byMZdhuQ,TRACKER DS,6350.0,Travel & Events,2026-06-30T00:41:20Z,33.1
UCQiZ4qi1TosiqaXTOwbso3g, (Travel Tharuka🌍,491.0,Travel & Events,2026-06-28T13:25:32Z,34.6
UCq3HCoxjUBbfWfzqTASEpmw,Travel gura,346.0,Travel & Events,2026-06-28T12:30:34Z,34.6
UCMPpQaI2rJ7nPtJaI0T4zkw,Ceylon Fantasy Traveler,2620.0,Travel & Events,2026-06-28T06:00:06Z,34.9
UC4adjWyLuvu3uEyQdpKcsGQ,Vibes Yasa,91.0,Travel & Events,2026-06-27T09:44:19Z,35.7
UC2YiTcPzNTCA-LWeyqra4qg,Travel Fever,1690.0,Travel & Events,2026-06-27T08:30:39Z,35.8
UC2k1uTcwwTePo1WafONFhcA,Lets travel Awidimu,228.0,Travel & Events,2026-06-27T07:45:57Z,35.8
UC7hqTC-ChL-_PUKhctTt50A,Trip Pisso,428000.0,Travel & Events,2026-06-27T05:32:45Z,35.9
UCLkewnVmdhO0ghxpVOlrq_A,Journey of Binu,1170.0,Travel & Events,2026-06-26T16:06:40Z,36.4
UC7atTpsb6kWSkIqKz5Nuu7A,Lanka Updates,28400.0,Travel & Events,2026-06-26T13:30:02Z,36.5
UCkp6lZKVGX81rGPuDaYxJjg,Mr.Traveler ,1670.0,Travel & Events,2026-06-26T15:10:26Z,36.5
UCIfXh8C1brJIcCeGut2NAUw,WhyGo Ceylon,7760.0,Travel & Events,2026-06-26T09:48:14Z,36.7
UCV90wQUFgDHNu5WQ1l7E_yg,Liyan mix sri,1280.0,Travel & Events,2026-06-25T13:48:26Z,37.5
UCG_-SP0y_5lXiJRbp6ywYvQ,Vinisu Dreams,1040.0,Travel & Events,2026-06-25T11:29:55Z,37.6
UCptvB88yXDxA3sYS-ihTkPg,Natural_Show@,117.0,Travel & Events,2026-06-25T12:44:12Z,37.6
UC8NDmztXKuxyVjEEIUY-IXw,WORLD DOT,28800.0,Travel & Events,2026-06-25T09:23:10Z,37.7
UC-WSS4bQEqB3tJY3HCJfinQ,Wanderlust Journeys,4740.0,Travel & Events,2026-06-23T17:37:31Z,39.4
UCcgRE26i93-9u9lpoE6wxPQ,Riyas Rys,15.0,Travel & Events,2026-06-23T15:50:25Z,39.5
UCyxove79N90780Iz3lGfflA,Let's Go,1010.0,Travel & Events,2026-06-23T14:48:21Z,39.5
UCjhZL1Sq9P6Tfwsupwm4Z3g,Win Lanka Travels,15100.0,Travel & Events,2026-06-23T04:30:05Z,39.9
UCSknxbveVmcWA6guydPtr4w,Fun n Explore,706.0,Travel & Events,2026-06-22T19:00:39Z,40.3
UCk-7BN12DkzOyXLA2Uv9w4A,Timepass Duo,60.0,Travel & Events,2026-06-21T22:29:51Z,41.2
UCFw8wClr95Mf34KxaNTgb9g,Days of Janeth,4010.0,Travel & Events,2026-06-21T11:30:08Z,41.6
UCadZ2i3ixgG4pXh44sDeVOg,JonnyFerdi,37.0,Travel & Events,2026-06-21T06:34:43Z,41.8
UCjh9ABYPxj9jbNB278-qbqQ,Nature,1870.0,Travel & Events,2026-06-21T01:59:08Z,42.0
UC-dpa5AHa9ReT2KN-zyTwDw,Travel-D,65.0,Travel & Events,2026-06-20T10:07:36Z,42.7
UCizVp4eKaAZexxvVyf5hgYQ,Dulan Thabrew - දුලා,404.0,Travel & Events,2026-06-18T11:34:51Z,44.6
UCW6nzIyS9oz64PSSgxeotKg,අයාලේ සංචාරකයා - Ayale Sancharakaya,386.0,Travel & Events,2026-06-17T17:33:48Z,45.4
UC2n2upw9kXZYo9qpk7K_qCg,Odiliya Homes and Residencies,668.0,Travel & Events,2026-06-17T08:34:59Z,45.8
UCP1Kt1b7mZNG3v7OrBu5aMA, Hithumathe~හිතුමතේ,817.0,Travel & Events,2026-06-17T02:59:55Z,46.0
UCfLHjokqc_oeXinWiKDQRQw,Nesara Prasanjith,2430.0,Travel & Events,2026-06-16T15:53:14Z,46.4
UCcplQB2hYIBEqAM60KYVn3A,chavindu jayathunga,1100.0,Travel & Events,2026-06-16T14:11:21Z,46.5
UCzKI_zRFCToiMkDS2NsEcgA,Unbound Traveler,648.0,Travel & Events,2026-06-16T09:35:30Z,46.7
UCDtGLOgqsOq5CsKww-gMKug,BZ Vlogs,360.0,Travel & Events,2026-06-15T14:37:40Z,47.5
UCo8ZA-sbjlY8jnuH2Am50Dg,BWalker Tours ,1770.0,Travel & Events,2026-06-15T14:30:36Z,47.5
UCo6rEh_LKC-c7tc-wzFHpnw,Sadi's Travel,72.0,Travel & Events,2026-06-14T14:00:34Z,48.5
UCHX5XC--1ErJ4CbaIfBLqVQ,Sri Lankan Nature,377.0,Travel & Events,2026-06-14T13:07:35Z,48.6
UCkZ8j81rdba9LPqja4IHaVg,sardha bandara,1010.0,Travel & Events,2026-06-13T12:30:33Z,49.6
UC7H8ZOalnVFcbXlv7I6HYDA,Days of Enu,72.0,Travel & Events,2026-06-12T15:30:09Z,50.5
UCeCRsiLNWty3l8JN9oC0SOw,Manoj Vlogs,1540.0,Travel & Events,2026-06-12T15:43:30Z,50.5
UCHy6YSFKINGapoiiM09CTQg,nuwa__vlog💫,469.0,Travel & Events,2026-06-12T07:39:25Z,50.8
UCt1_kd4P5oqJ9dt-FhVNAuQ,SL family Kitchen,6420.0,Travel & Events,2026-06-11T14:05:12Z,51.5
UCirZe66Y3rBmJMvfTBfHc8w,ceylon diaries,4150.0,Travel & Events,2026-06-11T07:59:25Z,51.8
UCaPDKQLpBncBBuPt8aLcMPA,TRAVEL WITH LOKKAIYA,6660.0,Travel & Events,2026-06-11T02:30:37Z,52.0
UCuqEPOJ3buzsYIDypgzhjbg,Travel Talk Asia,45.0,Travel & Events,2026-06-10T16:26:48Z,52.4
UCmg4pu1pgxb_CynQscpnNtA,SL Road Trips by Sere,129.0,Travel & Events,2026-06-10T11:37:04Z,52.6
UCVJqdpxn9elUdx9UQrulSgw,Resplendent Ceylon,967.0,Travel & Events,2026-06-10T07:00:08Z,52.8
UCNWZKagJdxYmvLuydmLbe3A,KALUWA,153.0,Travel & Events,2026-06-09T14:13:37Z,53.5
UC9xheZKXWSvV0LnhSu_W6eA,TRAVEL ZONELK,3710.0,Travel & Events,2026-06-09T07:56:23Z,53.8
UCLmXifUrxT0ZmTE8_lp00Cg,Travelo,897.0,Travel & Events,2026-06-08T18:37:14Z,54.3
UCUZCblcoiux4EZqcVW8ZHbg,Naveen B99,843.0,Travel & Events,2026-06-07T12:18:13Z,55.6
UCCIpKvW8gCYskd5LN5dzy4w,Train Loon,2610.0,Travel & Events,2026-06-07T11:00:09Z,55.7
UCSz3I28-Ra9lgnaD9nkSqlA,Hasa Boy - හසා බෝයි Official ,192.0,Travel & Events,2026-06-07T03:22:15Z,56.0
UCaMmbvp1drWQP9zfM03YJBg,The Explorer,166.0,Travel & Events,2026-06-07T02:35:03Z,56.0
UCj3Tm68dQVrcZ_utpch4Uqg,Ganesh Sandaruwan,491.0,Travel & Events,2026-06-07T01:48:52Z,56.0
UClnahJZjDhlipuHxvxA4kTA,Gems Sri Lanka,336.0,Travel & Events,2026-06-06T16:30:19Z,56.4
UCxUqsiAAF55KNZyuDiX9MYQ,Easy English SL Academy,104.0,Travel & Events,2026-06-06T05:21:38Z,56.9
UCCwgadqhEAGwfsQj9ggVEoA,Agrow Naturals,13.0,Travel & Events,2026-06-05T15:24:43Z,57.5
UC5NQmOv2V_I6Z7QB1ULV3Wg,JP BRO SL,2260.0,Travel & Events,2026-06-05T00:57:01Z,58.1
UC3W5jPbGoaBQKHFht17N5Lg,SURFERS OF SRI LANKA,9470.0,Travel & Events,2026-06-04T15:07:55Z,58.5
UCu4-WjANs-3bN5gbivWSXKg,Uditha & Zara,1090.0,Travel & Events,2026-06-04T00:30:02Z,59.1
UCo-XIQeNRWSg0NrUI7f2G2A,Heshan Vlogs ,409.0,Travel & Events,2026-06-03T15:36:14Z,59.5
