horizon_days,horizon_row_position,source_row_index,video_id,channel_id,partition,cv_validation_fold
30,0,3,QSz4OGGb4zY,UCbR7juPwtP-bV_w0840ciYQ,development,3
30,1,8,8zHkhHRYMHE,UCfQfw--8dPGypR7sGcXJz0w,development,5
30,2,10,ha5WjylYCE4,UC1YGPDtctHGJWW0NrlQVklw,development,5
30,3,16,Zs2WpKXDeXQ,UCV-q7cRK5yFYEFzWuoQOmQQ,development,4
30,4,18,4lEAI8j41Yc,UCj5dmKmfkAR5Y4y_d9FW3og,development,4
30,5,20,yPfR0zseXd4,UCbR7juPwtP-bV_w0840ciYQ,development,3
30,6,22,iquxTYHThQ4,UCm_cUbvQZt8A02HMU6vyguA,development,4
30,7,28,k2FuyULedtU,UCBWG_GjopQPckewo1_IvhLQ,development,5
30,8,29,sEYb102c2Rw,UCbS_glb2N1NVTrDLVryRbng,development,4
30,9,30,krDxynTkSiM,UCsCp9NfFhRhL6DvDjWtAweg,development,1
30,10,34,s9_WbBpjcgQ,UCcijXxFzSXgoM6q9cCtT9PA,development,2
30,11,48,TtT8SVOua6s,UCVjyzr_EOtJLtLF_3VKfrWQ,development,2
30,12,50,Unnnx5Zodug,UCckltLEhFLv8Xz_lQhYfwmg,development,1
30,13,57,0Rdcp6Z6G0I,UCckltLEhFLv8Xz_lQhYfwmg,development,1
30,14,58,sJALyHJc6a0,UCCK3OZi788Ok44K97WAhLKQ,test_reserved,
30,15,60,-j4bb5-7oDc,UCckltLEhFLv8Xz_lQhYfwmg,development,1
30,16,66,9R41B-6F_60,UCxEgUOusX-Z7f7zWK_aA79A,development,5
30,17,69,5HJKMas6B5c,UCbRbdFTihZZCq8r5-bQa0sA,test_reserved,
30,18,79,v8EdCLtMJAA,UCh2Xwe7on2Oa2MBtk8zvEuw,development,3
30,19,83,3s6eZDNsOaY,UCfxrtRajRgkbSCct-w7jErQ,development,3
30,20,85,Kf6r0MoTOSk,UCF11-Puqxb0jdeWNc7F_Fcw,development,2
30,21,87,bFN4kuS8rro,UCh1GBh9K3ThnZkJjCdB5-bg,test_reserved,
30,22,90,Kr3eg0ZFhCU,UCekdpdajQ1JyGxUbmsN7nNA,development,3
30,23,92,jT-iqD4Wj2w,UCKQw2OwROuqrhOuiqSttu6g,test_reserved,
30,24,93,uiedAXcd2V8,UCvpO2ovuYdqZWHP0uIOOi1Q,development,5
30,25,103,l1c18xODRvE,UCLD_EGJOhzPx4qu1OhOfeJg,test_reserved,
30,26,116,Wp6ZMhOAB3Q,UCA5xW2Ce7KT2AtxzDYDebCA,development,4
30,27,122,98-sx2k4JjY,UCctwRj5yOB7cFYPc8z_rZSw,development,5
30,28,129,bTDcG-RLtWw,UCOtYyt7W5PmPnwQjWWF_Z-Q,development,3
30,29,138,mRomLtXpKRQ,UCRB8mrLCcwTPlJOMUy9MDUg,development,2
30,30,140,YggPl4J78zo,UCrVFS_0PdV7AwyTgR13IcVg,test_reserved,
30,31,144,MC7SXjEx1Cc,UCckltLEhFLv8Xz_lQhYfwmg,development,1
30,32,146,AlWW9zi-beo,UCAH7R88V7gz7RqJv78nNOzg,development,3
30,33,148,nWdNGE0WOcA,UCCK3OZi788Ok44K97WAhLKQ,test_reserved,
30,34,153,H6iqsMg2Mew,UCA5xW2Ce7KT2AtxzDYDebCA,development,4
30,35,154,O3GTlqpsyeE,UCYogjR8tl0p9hAtG4vmkksw,test_reserved,
30,36,156,3hDJydxvIXs,UCckltLEhFLv8Xz_lQhYfwmg,development,1
30,37,157,Gg2qa2-bJZM,UCIKg0Ev6Vq2M7hU7bL_jHFQ,development,3
30,38,159,LHKhw6MSjaY,UCbS_glb2N1NVTrDLVryRbng,development,4
30,39,162,UZCkNTpDwOA,UCAH7R88V7gz7RqJv78nNOzg,development,3
30,40,164,1rdsjSmKV_U,UCMxeqmVKOqiqh7V_A3h4gfA,development,2
30,41,166,iYWAkRKOG14,UCZG9GCS1vbvb_BF5Sh43abw,development,4
30,42,167,K1SRMJEqkGA,UCCK3OZi788Ok44K97WAhLKQ,test_reserved,
30,43,168,kVjeV7RAto0,UCbS_glb2N1NVTrDLVryRbng,development,4
30,44,182,NckZ3SoKWEI,UCc30sTBdN9LRSxEuHaXV_bQ,test_reserved,
30,45,186,2nKL6-E0qWc,UCcrsFwwoMvcXYpJ0XldIlVQ,development,5
30,46,202,zHds4L4VJq8,UCaESx7Bdghv_UICcG1hBkcg,development,2
30,47,208,W76d3ph3OO8,UCckltLEhFLv8Xz_lQhYfwmg,development,1
30,48,211,g0J7eKNIFlk,UCcijXxFzSXgoM6q9cCtT9PA,development,2
30,49,216,1GqB4dbD2Qs,UCbS_glb2N1NVTrDLVryRbng,development,4
30,50,220,QqdLcqXTbNI,UC0tV1b7IFEXFUUILF7mAcWw,development,5
30,51,225,JH4VfkM1fyk,UCWLyufh4wmZ10YM-jbWpYyQ,development,4
30,52,227,ylZ0f4UrYkw,UCckltLEhFLv8Xz_lQhYfwmg,development,1
30,53,228,2uutDw2dOkg,UC6jQt9K_jqnBNtsRf7hXHsA,development,2
30,54,231,yAtX6H3YOQY,UC61hH_E3HUjIweuWm20wuDg,development,1
30,55,232,ONJB5mBQNCU,UCCK3OZi788Ok44K97WAhLKQ,test_reserved,
30,56,238,DGKnem3aHUE,UC6ZbYPgeRROi5cBA6opqIcg,development,2
30,57,247,6zDvvqcK_6M,UC2q8im1fqNqwN0xEtlGwi1Q,development,5
30,58,248,P12zNaO4FYg,UCgnFSj7jQffD5V5m05j4dPw,development,5
30,59,250,6CnRN_T5uw4,UCbCAIiyYUDoFFIzXS0HxYTA,development,4
30,60,256,9wv2m_Ie7hg,UCJtl0GhFcswuh8R_Y-jcLwA,development,4
30,61,260,JXQoXHZAQ7g,UCcspHoBTj_aLhnJLwkMpWHQ,development,3
30,62,281,6Pqd15WVzXk,UCIKg0Ev6Vq2M7hU7bL_jHFQ,development,3
30,63,287,LENC438ADoQ,UCCK3OZi788Ok44K97WAhLKQ,test_reserved,
30,64,295,lw_QKsUH2KE,UCgnFSj7jQffD5V5m05j4dPw,development,5
30,65,301,GUhUVtdrPxA,UCOtYyt7W5PmPnwQjWWF_Z-Q,development,3
30,66,306,3b0At9h13Tk,UCcspHoBTj_aLhnJLwkMpWHQ,development,3
30,67,315,ixVswUV09K4,UCvZ8sPFxYngz2JN3DG93fOw,development,4
30,68,317,xGwTX1TKRWw,UCaIc6SgS90ud_RgMSC6hW_w,test_reserved,
30,69,331,ArCnk4bemqc,UCRDDfbYPHX_GUJ4lcQYTc8A,development,2
30,70,333,c1oLb3ex-jo,UC9ydRoXpQVhwb3sM7VY8xNg,development,3
30,71,337,lFBKe78lZdY,UCwUzrshKoIdDpdBLeyidDaQ,development,3
30,72,342,0YFlBi2wXU4,UCcijXxFzSXgoM6q9cCtT9PA,development,2
30,73,343,mqI2pQp_qqQ,UCaESx7Bdghv_UICcG1hBkcg,development,2
30,74,348,Q1li8OjA6jw,UCfctDMDRq0cS1N8ddyvLfAg,development,4
30,75,351,HADKqUBiZpM,UCV-q7cRK5yFYEFzWuoQOmQQ,development,4
30,76,358,BBRhRwYdnpI,UCfTCfcZwZ9U0jMO-6fVEYoQ,test_reserved,
30,77,359,YbR3Ja3_Hs8,UCoYoYVojg-QGFH7VyKMpB8w,development,2
30,78,366,XCtTR5AXc50,UCsnCixtlCIMp7gH6X5uswZg,development,1
30,79,370,sgTUbjQe-fU,UCqShCHSDvCBKDN_GAsnLJmQ,development,5
30,80,371,r_LrIhViZVw,UCDqy-V3qY-xtSmiRHlZIWWQ,development,5
30,81,373,tO7QeyGzWGI,UCoUtpHt61tmeSpaznNoqr3g,test_reserved,
30,82,381,luGFshcuOSw,UCPXSUKHTNc1_hnHuj-UiQWQ,development,4
30,83,383,cnJr8NyBoXk,UCckltLEhFLv8Xz_lQhYfwmg,development,1
30,84,385,5iOIL0nU7Fw,UCmwIKQQjwpjNT8OQ_VZuRfg,development,3
30,85,386,vO5tMzQqKxg,UCgnFSj7jQffD5V5m05j4dPw,development,5
30,86,387,1Br-TaMfh00,UCoe7M9QIuCkZ3R0JEqIIBAA,test_reserved,
30,87,393,OB3Usl0-bVQ,UCO1V4cx38VioEk7rA_zNhYQ,development,5
30,88,394,uMSwCJgpNec,UCckltLEhFLv8Xz_lQhYfwmg,development,1
30,89,396,fqDjzOu5Ee4,UCcijXxFzSXgoM6q9cCtT9PA,development,2
30,90,397,NzbuZi4kUMY,UCmqflTSJ6911aCrnaWIXxsA,development,3
30,91,399,pdCE_iJq0Bk,UCYweMykEAI5aaRztqrJuuAg,development,2
30,92,400,pf-hHV78r60,UCAcPvtBwVq1vqSyPdhqD-UA,development,1
30,93,405,PNusBlLvOzM,UCckltLEhFLv8Xz_lQhYfwmg,development,1
30,94,408,zV_4LLndLTM,UCbR7juPwtP-bV_w0840ciYQ,development,3
30,95,410,dNEw9DSMtFI,UCkNx9e7yQNWPiXe5zCOuUiw,development,4
30,96,413,rgMoncYkVno,UCbS_glb2N1NVTrDLVryRbng,development,4
30,97,419,H5ADlfX4Tco,UCPXSUKHTNc1_hnHuj-UiQWQ,development,4
30,98,422,QhVy69E-WAQ,UCPJRtoh7x7vEw0-d59JwKiQ,test_reserved,
30,99,430,UUlmZP76NlI,UCskNFH2e4ptFTkgeVmFPNhA,development,2
30,100,441,E8ks-BQnBYw,UCdotiSNtLlS4qwDto9CdURA,development,3
30,101,443,WENwvVP8zxg,UCAH7R88V7gz7RqJv78nNOzg,development,3
30,102,450,Jx3xNHMJNo8,UCckltLEhFLv8Xz_lQhYfwmg,development,1
30,103,456,vt86xNuSTfk,UCs_mHlm5_C82W5WCIJaSMbQ,test_reserved,
30,104,460,xLpN8cWj4J0,UCn6YTM3fvYdwCOHpdNJBOeg,development,5
30,105,463,ILMG8WbZ2ro,UC8rcDufKZ3W6CtZU69CtMXg,development,5
30,106,464,qTlCp1WA9ug,UCqrqt9Egbp4Voh3iEUUoorw,development,3
30,107,466,OaJFa51G5UA,UCALssg4U8BjdtR-DX43o-mQ,development,2
30,108,469,HG3GyvEb4vA,UCfpYakGtM6UYxAjTWpUu1PA,test_reserved,
30,109,486,Yr8tqknBYJw,UCfQfw--8dPGypR7sGcXJz0w,development,5
30,110,489,YSl6kHUbDH4,UC0nMJ3QNryBHZpy1P3Wamwg,test_reserved,
30,111,495,L2nDDb17Mvk,UCaIc6SgS90ud_RgMSC6hW_w,test_reserved,
30,112,497,ltLHz2uIFzw,UC8MegDkaJsqK63fwbOjBLzw,development,2
30,113,498,QJOjfKgYlXA,UCbS_glb2N1NVTrDLVryRbng,development,4
30,114,499,iymafp4SJLU,UCgnFSj7jQffD5V5m05j4dPw,development,5
30,115,501,OdpTQsRE84U,UCr5BVR_ePEz_9V-KF5rSEmQ,test_reserved,
30,116,503,UUdN1iyody8,UCsDDVBdzvMMZaQtF8vaC9bg,development,3
30,117,520,z4hKisudxMo,UCckltLEhFLv8Xz_lQhYfwmg,development,1
30,118,525,USILaE8JBoI,UC8lKgUHo-2mSR5cRRXO9xow,test_reserved,
30,119,531,dC2j4Sb22ng,UC0tV1b7IFEXFUUILF7mAcWw,development,5
30,120,532,8VgkKoM6ZYY,UCDWDuArgzMjvihWp47GYzKw,development,2
30,121,550,JbblTXxTabM,UCEoAl837WtAzW_HMqEHPi5Q,development,3
30,122,552,yyfOGjTY9SU,UCaESx7Bdghv_UICcG1hBkcg,development,2
30,123,553,CEc_1b3aatY,UCCK3OZi788Ok44K97WAhLKQ,test_reserved,
30,124,554,4iZMNHPy65U,UC3tvYy-s84yySG7V85jRDnA,development,4
30,125,556,FsDYQmAdB5c,UCbS_glb2N1NVTrDLVryRbng,development,4
30,126,558,MWNeIDz_VlY,UCh9qXeL8eP3Txra2908xksg,development,3
30,127,560,lPsBQ0kjxxE,UCbVw-Yr6A7L4hPi8W6zsQlw,development,3
30,128,563,1IPa0NVp_-g,UCAH7R88V7gz7RqJv78nNOzg,development,3
30,129,564,6Xd-eu2B-so,UCLA8Ovy_NPAwMWvr8IEDquw,development,4
30,130,565,XZOfEsjQ6L0,UCu3jIK2NBSXc0_YaFqEuIrg,development,2
30,131,570,aB1LqmygukI,UCPAbeKHjE4HpRXqo4AXJzVQ,development,1
30,132,575,A-33y_jjA7k,UCol1SzfebXhRo0ltxOJZ9cg,development,2
30,133,577,zo_YYnH30Oc,UCcijXxFzSXgoM6q9cCtT9PA,development,2
30,134,583,pgMGxcSAL-M,UCTmg1B8yhWyPTgGgPGGazMA,development,2
30,135,584,RhCI9k-xxBk,UCrVFS_0PdV7AwyTgR13IcVg,test_reserved,
30,136,587,DNY4rE8K4f4,UCn6YTM3fvYdwCOHpdNJBOeg,development,5
30,137,593,Q9390VJuXiE,UCOtYyt7W5PmPnwQjWWF_Z-Q,development,3
30,138,598,5hmpoWjw-JM,UCtGrWulB6ohN4my07gWxj_Q,development,1
30,139,600,A6AWYUKsGaY,UCgnFSj7jQffD5V5m05j4dPw,development,5
30,140,602,EuOiSgKyxzo,UCnT7Z6-yqjhM__jZbK_B3kw,development,3
30,141,604,EJvmxVbSzQI,UCckltLEhFLv8Xz_lQhYfwmg,development,1
30,142,613,eiqaxrUy9sw,UCLx0BJNc11RlbIR5JHH-qmw,development,1
30,143,616,HReB7GcrF3Q,UC0tV1b7IFEXFUUILF7mAcWw,development,5
30,144,619,QDXDeH7IeJM,UC8rcDufKZ3W6CtZU69CtMXg,development,5
30,145,620,7wKNZ7qYUvw,UCckltLEhFLv8Xz_lQhYfwmg,development,1
30,146,622,eH0si-cq_io,UCgnFSj7jQffD5V5m05j4dPw,development,5
30,147,634,rJzuGphMcI4,UCsFJW4hPOuBZS486UwG2dPQ,development,4
30,148,635,tPESBuEz6VI,UCvZ8sPFxYngz2JN3DG93fOw,development,4
30,149,636,eAfcuvLxqps,UCZ6MS5ygBzz25PnSMaAw8PA,development,3
30,150,642,bDkjymMjg9w,UCKQw2OwROuqrhOuiqSttu6g,test_reserved,
30,151,646,Ej5zDBzfZHw,UCOtYyt7W5PmPnwQjWWF_Z-Q,development,3
30,152,647,0X86VUPJ64Q,UCy8ao-puUtb-1Y0L6xSItOQ,development,3
30,153,653,jiztwBr8XLs,UCbVw-Yr6A7L4hPi8W6zsQlw,development,3
30,154,659,qa0hHddWhKM,UC8lKgUHo-2mSR5cRRXO9xow,test_reserved,
30,155,660,SSD6GQnO1-g,UCrWDxd_eJ3NM1Z-e1jDsjUA,development,1
30,156,664,LkMSIGM2a2g,UCgnFSj7jQffD5V5m05j4dPw,development,5
30,157,665,hdyZCUBs8R4,UCqrqt9Egbp4Voh3iEUUoorw,development,3
30,158,666,ahW4WMoEZ0o,UCPJRtoh7x7vEw0-d59JwKiQ,test_reserved,
30,159,670,z5YltOdumTw,UCPXSUKHTNc1_hnHuj-UiQWQ,development,4
30,160,675,X9ej0uYpDzE,UCVqfoMNwM8SIpL6BMGTZbcA,development,5
30,161,678,YevYpUA5Jiw,UCcMQKrccZ9c0_GNyXWo8jLg,development,2
30,162,679,ZQWA2Nr5v3I,UCRB8mrLCcwTPlJOMUy9MDUg,development,2
30,163,680,-lLRwNhMyqg,UCoQOQFHBsBAhobpI8NradTA,test_reserved,
30,164,685,gWOZmjLdcNo,UCtp_OfPNzUewXn2l8nE1xhQ,development,4
30,165,696,UWLSkaQxGzU,UCaESx7Bdghv_UICcG1hBkcg,development,2
30,166,699,o1UQUgEuAH4,UCg22fUwQQF-7Sf6-TIVIFrA,development,1
30,167,700,9NZ2zSPx2B4,UCaESx7Bdghv_UICcG1hBkcg,development,2
30,168,701,7dZXLDa1keQ,UCo7jGFwywOdtesciwW-POqg,test_reserved,
30,169,706,9AxqGvn3ZY8,UCckltLEhFLv8Xz_lQhYfwmg,development,1
30,170,708,oAowExngGYE,UCMNaxF22tMr_rcNI5fkUkYw,development,4
30,171,709,5VcUwdIe1fQ,UCXJm14vFoWrYud1ZXCiHj3A,development,2
30,172,718,OtpDB-iM5Bk,UCXFiIVHYqQmgpmIi7KChMkQ,development,1
30,173,720,ywi6IMLidh8,UCcbOsE5_4LEjtQi8X2PFxDw,development,2
30,174,722,GWzYiPdTIq8,UCOiMY00_ZLijPF6InrCl0TA,development,3
30,175,726,2eYtUI1pDmI,UCT83ymyAGm7Gnk_4ifxjxIA,development,4
30,176,729,dtF0RGMO-8s,UCfdBd-9WWZUv1h7d80Omy8g,development,2
30,177,731,a8-lxOH55zE,UCcxDOjzjxdaGfT5NiN5M8mg,development,2
30,178,732,dpoYdcNLlc4,UCckltLEhFLv8Xz_lQhYfwmg,development,1
30,179,734,Cmu-Q-_inio,UCPXSUKHTNc1_hnHuj-UiQWQ,development,4
30,180,736,A--xkRN_-WI,UC4Pb9SEsCb1EpsXVYAVVajw,test_reserved,
30,181,741,yyHWpIKf27Q,UCyH9u_WllbJZHZHeIBzjW2g,development,2
30,182,742,DUem2l4TgNQ,UCwsNWoSlQUyeWgbVQYZtLOA,development,2
30,183,746,LPRBIT5jDeo,UCLsRogzQ9bw2Efitidd0ikg,test_reserved,
30,184,749,Jd2y91xQ_u4,UCMd-Y13fuzRTpBKs1MlnjYw,development,1
30,185,752,MEk79yaRunM,UCckltLEhFLv8Xz_lQhYfwmg,development,1
30,186,753,V88pvsyjB_s,UC1YGPDtctHGJWW0NrlQVklw,development,5
30,187,755,i7id2suDMt4,UCDhV2dS5kewSaccFl9g66sw,development,3
30,188,756,K6YyT1QxE_I,UCUz70SsT1TZzlwEqvSCpJRA,development,4
30,189,769,wn1hke9tvrE,UC91I5M02wjnsUoCFHGhjC2g,development,4
30,190,777,iYKOP2genqM,UCvGKlluI-t9s8JIuKPMa5nw,development,3
30,191,781,3dh7rKhQpj4,UC_K3CNn5jlFvgCx7cpKiCYA,development,1
30,192,786,QlCT-qFiDoU,UCn0XmAUFv6d2tofMFEesSNw,development,5
30,193,792,KKkjoGoSzjo,UC5-n2dfksESEt3ATmM6Uujw,test_reserved,
30,194,793,1YtXyJ8VZ2c,UCoz7UhbfPFJyljIIV2saR7A,development,3
30,195,796,Pt5Qi9uok7Y,UCCK3OZi788Ok44K97WAhLKQ,test_reserved,
30,196,798,IGLUdkaSoDY,UCIs94IGV3YMXRdVDRLpJZ6A,development,3
30,197,800,Gy-zrb4GRo8,UCcxDOjzjxdaGfT5NiN5M8mg,development,2
30,198,804,8w4O_LALf3Y,UC-W1Ad5ABQBd7wnAQzCqSkQ,development,3
30,199,806,QXnqHYAXAEk,UCpRgfr4_Eax0HHa2rwkRQ2w,development,1
30,200,809,-_rQjDCVrq8,UCLuP7ROjaueiuNbzrvPqXSQ,development,3
30,201,811,FzolGd0CgLo,UC_Yt4EUT5dtwOxMm6sheYrQ,development,5
30,202,813,susg99N4g9o,UCAH7R88V7gz7RqJv78nNOzg,development,3
30,203,815,zrGinrEcalM,UCckltLEhFLv8Xz_lQhYfwmg,development,1
30,204,816,7_zolqlQMdg,UCCK3OZi788Ok44K97WAhLKQ,test_reserved,
30,205,817,RekQ2YnHYe4,UCckltLEhFLv8Xz_lQhYfwmg,development,1
30,206,821,nGmCNUoFqTU,UCSMwk29d_VfGoBkZUYfjdeQ,development,2
30,207,823,SFuyF0UnnRE,UCAgBGlUKoAQFXMUzshrWDgg,development,1
30,208,829,-krFYuOBdIs,UCuTgmLxqarTxuBU5ARMYUNQ,development,5
30,209,832,MO6N-Fo20VA,UC1hcl0aIr9KtXA-Kiq9itqw,development,3
30,210,836,f_zZv5TOJQ8,UCa79Dm6QBH4i8PAmTrfQPXQ,development,2
30,211,838,bNGv6h8c4DE,UC-CcqBJrHwkO8SxwZpjcuSg,development,5
30,212,840,Mu6UREicXTE,UCQTcNhAZidy1i9wwmdgf2Lw,development,4
30,213,846,phV2WdfdpVk,UCPby3xVR_13sYz7yDLBVYqw,test_reserved,
30,214,848,Kdp79BFy_CY,UC1dfhQyj962rwYPVLi3OHLg,development,3
30,215,852,ePf-whQS40g,UCpKHQzqFn8VhNKQVCNp2M1g,development,2
30,216,855,cYZkHcE_x_Y,UCckltLEhFLv8Xz_lQhYfwmg,development,1
30,217,856,yISPMtbMyt0,UCa35dxzLV_EvJq3hpy8K23g,development,3
30,218,864,Ex-MYTH03nU,UCckltLEhFLv8Xz_lQhYfwmg,development,1
30,219,871,PuZXeq1XiH4,UCckltLEhFLv8Xz_lQhYfwmg,development,1
30,220,872,47RU9x2qXeM,UCCK3OZi788Ok44K97WAhLKQ,test_reserved,
30,221,877,Dx9THopQzd0,UC6ziF4GiQwcEIY1PFqk9iVg,development,4
30,222,887,vgZMXhIf34Q,UCb9Qkzmz89cxREP9fhGgClA,test_reserved,
30,223,890,AE3BBjbjCmc,UCJhdo2Kg29_EZwNPvlhzIFg,development,2
30,224,897,gFtK6gkq_dc,UCMqjB1OMaNxphrBRCLlpMzQ,development,5
30,225,898,lIOOzX1_SCk,UCckltLEhFLv8Xz_lQhYfwmg,development,1
30,226,901,OvIdrfjgUgQ,UCCK3OZi788Ok44K97WAhLKQ,test_reserved,
30,227,908,e3jMNi3MuJA,UCaIc6SgS90ud_RgMSC6hW_w,test_reserved,
30,228,909,9E0sYgqv1ew,UClWdV81I0BoL-GlmPf942Nw,test_reserved,
30,229,912,jSfa73hzTME,UCoQOQFHBsBAhobpI8NradTA,test_reserved,
30,230,913,n5LFVYvDExg,UCU61_hys4AeiR3wSoZ_cxHg,development,5
30,231,916,AD-SyWgHINw,UC6jQt9K_jqnBNtsRf7hXHsA,development,2
30,232,920,T3gCF2rPt6Q,UCj1dU6sfWVtm1AeD1yT7iFQ,development,2
30,233,924,c2ELJi0hqEc,UCbS_glb2N1NVTrDLVryRbng,development,4
30,234,928,UDuJqNor_wY,UCj5dmKmfkAR5Y4y_d9FW3og,development,4
30,235,929,7MAqknlpBlU,UCckltLEhFLv8Xz_lQhYfwmg,development,1
30,236,933,Axi_kLadAAU,UCRB8mrLCcwTPlJOMUy9MDUg,development,2
30,237,934,gc0qnyGblBs,UCXm0FsS7PXy0w5HeOkYMi7Q,test_reserved,
30,238,935,XSDZJPEyvvA,UC_hR1wSDcKjBRTlKtp6LK1A,development,4
30,239,936,DPVOUVDyw3s,UCOtYyt7W5PmPnwQjWWF_Z-Q,development,3
30,240,941,V8WYPXNDz_s,UCCK3OZi788Ok44K97WAhLKQ,test_reserved,
30,241,955,3KRSm2oVkiY,UCrcATWZGF_p53r38i6VK0eA,test_reserved,
30,242,956,moZ9-xZT3LQ,UCRB8mrLCcwTPlJOMUy9MDUg,development,2
30,243,960,nKSrqwGg7JM,UCBYHzLIry8B-rCsqd1okLKQ,development,4
30,244,964,k5tb9FAHirA,UCCK3OZi788Ok44K97WAhLKQ,test_reserved,
30,245,967,ve0nxx73K34,UC1CkcuwxCW_dIchuR0tTCJw,development,4
30,246,968,M-nFofvUvaY,UCRtNR8eqB_eaxKgUcltpwXg,test_reserved,
30,247,974,0VM-1utuTEU,UCLuP7ROjaueiuNbzrvPqXSQ,development,3
30,248,976,EYx31_mwFcE,UCPXSUKHTNc1_hnHuj-UiQWQ,development,4
30,249,977,n2BzhTq6TJY,UCVXCitEEweQox0oyIsJONrQ,development,3
30,250,980,A1gda1aJpmw,UCOtYyt7W5PmPnwQjWWF_Z-Q,development,3
30,251,984,PMsAu4FB9do,UCbFwBydUOii24oZK1BlyVig,development,2
30,252,995,bNXvr1gRl2s,UCckltLEhFLv8Xz_lQhYfwmg,development,1
30,253,998,wwm1suZk01w,UC5-n2dfksESEt3ATmM6Uujw,test_reserved,
30,254,999,sYSGkvu5uGw,UCcrsFwwoMvcXYpJ0XldIlVQ,development,5
30,255,1002,LLuB-DGTIpQ,UCiR8kH7EvdjJGp41a9KIfsQ,development,3
30,256,1011,kwahM22vj4I,UCkl2iKEW9ltlrBOjzCNJgzw,development,3
30,257,1016,1cwQmP61y98,UCOtYyt7W5PmPnwQjWWF_Z-Q,development,3
30,258,1018,vVmyPGwODqo,UCbS_glb2N1NVTrDLVryRbng,development,4
30,259,1022,l3MeJ7XquL4,UCpamW3WJjX0CgjWGsBxIm2w,development,3
30,260,1025,UFK1rK0uGhs,UC5uGexidH3WqbErqSX_EGJA,development,1
30,261,1033,Ciz1qYy3ptM,UCXfgx23Lw81I4wsCNhdVBgw,development,4
30,262,1036,JVyJ8rpAgnU,UCuJmg9Gw1uO-JGVLk9iACDw,development,2
30,263,1042,NyRi40_DRhI,UCo7jGFwywOdtesciwW-POqg,test_reserved,
30,264,1047,5JrYZ6NngqQ,UCAH7R88V7gz7RqJv78nNOzg,development,3
30,265,1053,Sce7Tl8NS7k,UCq3WWAoJj0DOQC3G7ri1cug,test_reserved,
30,266,1056,fXaRzNTpaiU,UCcijXxFzSXgoM6q9cCtT9PA,development,2
30,267,1057,CRJTOkB6HFU,UCeixuk-NkKqLJfZKcK2fQig,development,3
30,268,1063,BH5U41GcYYE,UCcijXxFzSXgoM6q9cCtT9PA,development,2
30,269,1067,JwwvfDrBdQk,UCT83ymyAGm7Gnk_4ifxjxIA,development,4
30,270,1071,0NYT1N6IUuw,UCOtYyt7W5PmPnwQjWWF_Z-Q,development,3
30,271,1076,XaTRlGVkdkc,UCcijXxFzSXgoM6q9cCtT9PA,development,2
30,272,1077,bRPOwZpIe-k,UCXRnXDVoCjqUN_sOJweAXyQ,development,5
30,273,1084,Sa93zWUG6Rg,UCLNz9bgiJfM3ImTtYDOt8Ew,development,4
30,274,1089,6BDQaHGqfzs,UCckltLEhFLv8Xz_lQhYfwmg,development,1
30,275,1091,a6MctbGtxkw,UCEWXUrJx9ufOtbQH5VRoVzg,development,4
30,276,1092,GcYmuEnXc5Q,UCqtFS_Ap7Qh2y8cfE_20C0A,development,5
30,277,1094,9GhIQhmhavY,UCu3jIK2NBSXc0_YaFqEuIrg,development,2
30,278,1095,1mQwRcLJ7kA,UCXLyL2Fg5DZouTYsYtRT0WQ,development,2
30,279,1100,QFQFhSuHc78,UCPXSUKHTNc1_hnHuj-UiQWQ,development,4
30,280,1109,vFZ4tao3kis,UCRDDfbYPHX_GUJ4lcQYTc8A,development,2
30,281,1112,7xDq-gsi_y4,UCCK3OZi788Ok44K97WAhLKQ,test_reserved,
30,282,1114,EfD0MUz0y0k,UCXFiIVHYqQmgpmIi7KChMkQ,development,1
30,283,1118,nAofuZN1ce0,UCaIc6SgS90ud_RgMSC6hW_w,test_reserved,
30,284,1119,L-npgR0O0DY,UC1hcl0aIr9KtXA-Kiq9itqw,development,3
30,285,1123,pY87HiK7444,UCCK3OZi788Ok44K97WAhLKQ,test_reserved,
30,286,1124,sB-4kFbBTsU,UC-InXGUDXmIVAZG7efBiU7A,development,1
30,287,1125,WfDyrD2T5Tw,UCS5U8OTQXzQXMET3NcRguWQ,development,1
30,288,1126,bdpJDyZZmYk,UC1YGPDtctHGJWW0NrlQVklw,development,5
30,289,1128,GrmBubjqp-4,UC6jQt9K_jqnBNtsRf7hXHsA,development,2
30,290,1131,8T3WyEoIaZI,UCT83ymyAGm7Gnk_4ifxjxIA,development,4
30,291,1135,m2QTA5dWlvw,UCQTcNhAZidy1i9wwmdgf2Lw,development,4
30,292,1141,mARgX6JuviM,UCAeBFsK2bmm5lkgy90uFiqw,development,4
30,293,1149,R43ygWl3hx8,UCaIc6SgS90ud_RgMSC6hW_w,test_reserved,
30,294,1154,ns4Pa6ZDHiM,UCZNreSxdvd50nzMz5zkXg4w,development,5
30,295,1161,2tF2pixeY4M,UCc30sTBdN9LRSxEuHaXV_bQ,test_reserved,
30,296,1162,XkLAeCJub10,UC8yf9lgtn8Tjeb2HauaFgFg,development,3
30,297,1164,heW5Soe-6eM,UCbS_glb2N1NVTrDLVryRbng,development,4
30,298,1169,BWkPzvZb8mA,UC6jQt9K_jqnBNtsRf7hXHsA,development,2
30,299,1175,wMtcwf1rkms,UCGz2fGeoOdTm_Jp-nEl3jFg,development,1
30,300,1176,YA_P0AhdlLI,UCoz7UhbfPFJyljIIV2saR7A,development,3
30,301,1183,r-XyxrA-cck,UCgnFSj7jQffD5V5m05j4dPw,development,5
30,302,1188,devYqKURsh0,UCZNreSxdvd50nzMz5zkXg4w,development,5
30,303,1196,MuCT-mF_xDY,UCckltLEhFLv8Xz_lQhYfwmg,development,1
30,304,1203,esM1HHQrJ8E,UCl4MonVoWRx3HqAh3Efw2Jg,test_reserved,
30,305,1206,3Iez5aYxzJI,UCQTcNhAZidy1i9wwmdgf2Lw,development,4
30,306,1209,fkXYCfRx0k8,UCskNFH2e4ptFTkgeVmFPNhA,development,2
30,307,1212,idlxbFYiU5w,UCcijXxFzSXgoM6q9cCtT9PA,development,2
30,308,1213,29gG-BJXcBs,UCcpvzu2fNDZyKkQ6tETbHLw,development,4
30,309,1216,gLcNOrROPzY,UCOtYyt7W5PmPnwQjWWF_Z-Q,development,3
30,310,1220,PZvYItOfNtM,UCCK3OZi788Ok44K97WAhLKQ,test_reserved,
30,311,1221,Ov4pUQNKkMY,UCgnFSj7jQffD5V5m05j4dPw,development,5
30,312,1228,B7WhKTwkIyA,UCbS_glb2N1NVTrDLVryRbng,development,4
30,313,1232,7OD0hTMM4g8,UC3tvYy-s84yySG7V85jRDnA,development,4
30,314,1233,h1N_KQL1UzE,UCqrqt9Egbp4Voh3iEUUoorw,development,3
30,315,1235,jqVQet5vjh8,UCtEz7PSfmMS8lL1tzI3k9ZA,test_reserved,
30,316,1236,AwfG5CrXtyY,UC0MnP2Iso6enxaJTBZ3_nJw,development,4
30,317,1239,ZDY-3RyOZc8,UCcijXxFzSXgoM6q9cCtT9PA,development,2
30,318,1240,LuII7shnOR0,UCOtYyt7W5PmPnwQjWWF_Z-Q,development,3
30,319,1242,jO3StXDO3Ks,UCIoyIVPZEfC2p0dQwAxGiEw,test_reserved,
30,320,1251,330wO1OzWQc,UCckltLEhFLv8Xz_lQhYfwmg,development,1
30,321,1257,ldUsClVk8g8,UCXBHPGYTwiBvTIk5dl9-r6Q,test_reserved,
30,322,1258,K6K1uN3ApMs,UCbS_glb2N1NVTrDLVryRbng,development,4
30,323,1262,QUam00SUZic,UCckltLEhFLv8Xz_lQhYfwmg,development,1
30,324,1265,cTn4LC034-8,UC1YGPDtctHGJWW0NrlQVklw,development,5
30,325,1269,NMiK48TQkms,UCOtYyt7W5PmPnwQjWWF_Z-Q,development,3
30,326,1287,9nK2GdqrUYA,UC7di5zivMKpYOmhyhZ2nVvg,development,4
30,327,1288,TWrLuNTMoHg,UCzQ0nw7uz0dRcO5VKzDwmlQ,development,3
30,328,1289,jizsdRmjzzs,UCXLyL2Fg5DZouTYsYtRT0WQ,development,2
30,329,1292,5-LOx1x1_l0,UC6aSX46078fvOY9bY9ZUTYw,development,4
30,330,1293,3EauoSxR8Gs,UCOtYyt7W5PmPnwQjWWF_Z-Q,development,3
30,331,1294,8sJTmjWaG70,UC8lKgUHo-2mSR5cRRXO9xow,test_reserved,
30,332,1301,NftureUaY7A,UCqK8Pziw5w_zNPAzQS4lXaA,development,2
30,333,1306,0I6hudui4Tg,UCAH7R88V7gz7RqJv78nNOzg,development,3
30,334,1315,ZTiqlWLrzgc,UCOtYyt7W5PmPnwQjWWF_Z-Q,development,3
30,335,1324,IT0kKfSeRhs,UCcijXxFzSXgoM6q9cCtT9PA,development,2
30,336,1327,n5tn4r1vY24,UCCK3OZi788Ok44K97WAhLKQ,test_reserved,
30,337,1328,kpYOWhj29aY,UCc30sTBdN9LRSxEuHaXV_bQ,test_reserved,
30,338,1329,jnkMx4Mwb8I,UCG3QSJwsRV2nH5Fo3eoYlOA,development,4
30,339,1331,61pTeLIH4O4,UCCK3OZi788Ok44K97WAhLKQ,test_reserved,
30,340,1333,MrSTPOpCCKA,UC-yc8jrjmaMFVsXdLccngbQ,development,3
30,341,1335,yj5VO5hdGeA,UCDO8zlJiV9ZgaMMK2DyX1Dw,development,1
30,342,1342,HU8ATdjFW64,UCOtYyt7W5PmPnwQjWWF_Z-Q,development,3
30,343,1345,LRcHfJMN68s,UCcg4tDKgPLIc_x3lhWdogLg,development,4
30,344,1349,kNqsc_SdDEY,UCh2Xwe7on2Oa2MBtk8zvEuw,development,3
30,345,1354,MtzDRDWSSsQ,UCgnFSj7jQffD5V5m05j4dPw,development,5
30,346,1355,xgzt0elzugA,UCOtYyt7W5PmPnwQjWWF_Z-Q,development,3
30,347,1361,8cqb3958yEU,UC0554zf4RvVkxwt_tS4Wx_g,test_reserved,
30,348,1363,11HpthHIiTI,UCAH7R88V7gz7RqJv78nNOzg,development,3
30,349,1370,32pPARNA26M,UC4HY_G18OzcY63vhq-3Gw0g,development,1
30,350,1371,g13aPM38skI,UC8lKgUHo-2mSR5cRRXO9xow,test_reserved,
30,351,1378,ns1RoBCKCfI,UCckltLEhFLv8Xz_lQhYfwmg,development,1
30,352,1384,lUMPlS9zfek,UCOtYyt7W5PmPnwQjWWF_Z-Q,development,3
30,353,1389,7acXXw_qQlc,UCcijXxFzSXgoM6q9cCtT9PA,development,2
30,354,1390,x2UqA7t3JgM,UCbS_glb2N1NVTrDLVryRbng,development,4
30,355,1393,d-fCqnMSDC8,UCBR9iW2qo_7LP9_9u3A2ZeQ,development,5
30,356,1396,0TDbor1PmNY,UC-InXGUDXmIVAZG7efBiU7A,development,1
30,357,1399,z0csGv9Ht2k,UCcMWbB5GUQlIJMo8vrWl3Bg,development,2
30,358,1401,UIQbzQWpgqA,UCqrqt9Egbp4Voh3iEUUoorw,development,3
30,359,1405,LqQVp16Q3l8,UCoUtpHt61tmeSpaznNoqr3g,test_reserved,
30,360,1418,qdBRZrssTTc,UC2BTAEU-0MU0QV-vlDEvouQ,test_reserved,
30,361,1419,BumerDCH5r4,UCckltLEhFLv8Xz_lQhYfwmg,development,1
30,362,1427,vuo1XHj2oxw,UCn0XmAUFv6d2tofMFEesSNw,development,5
30,363,1434,I7JUcw3xdyg,UCuW9OiaVwvoOraW1Jcc3_uA,development,2
30,364,1435,e8MY31NJois,UC5mNdm6_f2fv50Hzsg7qW1g,development,1
30,365,1437,K1u7uY4i_4g,UCbS_glb2N1NVTrDLVryRbng,development,4
30,366,1444,WxH0G1_e7nc,UCrJA25R_KDe3dM1sLZK7gCQ,development,5
30,367,1448,mGM03UUCt-8,UC0tV1b7IFEXFUUILF7mAcWw,development,5
30,368,1459,ILYUhNfavyM,UClSIhhnuyF8fXtBTpOOTknA,development,2
30,369,1469,DKPwTJ37MWQ,UCtnr6oJUddg5npF1iQVVpBA,development,3
30,370,1471,HCpTJBZCDAM,UCckltLEhFLv8Xz_lQhYfwmg,development,1
30,371,1478,DAVr-9sSE8w,UCl-yS00RyPVFdq4QnfCYA1w,development,2
30,372,1480,qcURT_BpuDw,UCUBN8f1H_gd7aulxB-Ik4tA,development,3
30,373,1481,4dZYdxnLVyw,UCbS_glb2N1NVTrDLVryRbng,development,4
30,374,1486,9YBt56ENRPc,UCFuygvMWDiyNyxxFe347H9w,development,4
30,375,1487,Zetk0LHokjE,UCckltLEhFLv8Xz_lQhYfwmg,development,1
30,376,1489,KYkDjiId3yM,UCOHyRrRuD2zGCkpuCAlyOyA,development,3
30,377,1494,sYZGE5RCOM0,UC-vTBToHrXuxkqSJ3OEqS0Q,development,2
30,378,1497,M0-CXq_bPgM,UCQTcNhAZidy1i9wwmdgf2Lw,development,4
30,379,1499,qY0XZZ3GP6I,UC5-n2dfksESEt3ATmM6Uujw,test_reserved,
30,380,1500,fSH56uEY0G4,UChJFPdvtzyTPxMAysD4FX-w,test_reserved,
30,381,1506,YKwFv9gSrqs,UCOtYyt7W5PmPnwQjWWF_Z-Q,development,3
30,382,1510,8KvebKRubbU,UCJc1hbJPvG5f2v8iSPG-3CA,test_reserved,
30,383,1518,mWIHVpGjzBw,UCm-TXzgh9U2K3wjWzY0XX0A,development,1
30,384,1522,QKP4F8JzSC4,UCbS_glb2N1NVTrDLVryRbng,development,4
30,385,1525,hvmcYZjz6q4,UCcijXxFzSXgoM6q9cCtT9PA,development,2
30,386,1530,ETyuZ2FziQc,UCP0FKFuz9j2Dp-QDr-Dv_0g,development,5
30,387,1544,FpkIxagW5oA,UCCK3OZi788Ok44K97WAhLKQ,test_reserved,
30,388,1557,SSW8RDQ8gKc,UCCbm1E52PV05ZLv6dtRB92Q,development,5
30,389,1558,nKRkwXcfroE,UC-GRFwciK7JiP8T4tl0pftQ,test_reserved,
30,390,1572,MTna7iDL7uU,UC4RBCrw6cMvOXz4eNkIgbnA,development,3
30,391,1575,YvRm-EJfd-o,UCcspHoBTj_aLhnJLwkMpWHQ,development,3
30,392,1577,YIH0PEeTkNg,UCgnFSj7jQffD5V5m05j4dPw,development,5
30,393,1584,1yWpfHkQDtk,UCIKg0Ev6Vq2M7hU7bL_jHFQ,development,3
30,394,1587,WlG8YW5UncA,UCcijXxFzSXgoM6q9cCtT9PA,development,2
30,395,1596,BWP_TqpCp74,UCTlLpPddpcW0ee6y4z9stKA,development,2
30,396,1598,ZV3TzV7AypA,UCaESx7Bdghv_UICcG1hBkcg,development,2
30,397,1602,oOqIGhTVdtg,UCTlVnv2IrpdHPiB4PeaH6Lw,test_reserved,
30,398,1604,s2Z0-JJphYo,UCcwCsuV7bOpTfqf2UvLfYmg,development,2
30,399,1611,zAzSV7Xifxo,UC0Hd0uu4ur5gRjrZ5xTef8g,development,2
30,400,1631,euFURBz0mtE,UCRDDfbYPHX_GUJ4lcQYTc8A,development,2
30,401,1633,eZ0S3jOLKWE,UCc30sTBdN9LRSxEuHaXV_bQ,test_reserved,
30,402,1641,yHy-ETxF1jc,UCdK77phqBSZ9nY9XxqGmtYQ,development,3
30,403,1650,Td5qqkm7eMM,UCReF_78PPPdU7kKodNtBwMg,development,3
30,404,1651,a23eqXR-jG0,UCckltLEhFLv8Xz_lQhYfwmg,development,1
30,405,1653,2wXtWRExaQE,UCq5SmrhSWmp89RR1JpO2z8Q,development,5
30,406,1658,jtFcHq_LJAc,UCP7bW-wX2pweVFH70yiEo_Q,test_reserved,
30,407,1660,60OAgwPWRG0,UCOk9zSvzL_G02l8-5o2J0aw,development,4
30,408,1661,iDz1mAr1nT0,UCbR7juPwtP-bV_w0840ciYQ,development,3
30,409,1673,U8aBtG5TLVM,UCCK3OZi788Ok44K97WAhLKQ,test_reserved,
30,410,1679,CST7xxT2Ljo,UCOtYyt7W5PmPnwQjWWF_Z-Q,development,3
30,411,1682,iE13PvidNHQ,UCcwCsuV7bOpTfqf2UvLfYmg,development,2
30,412,1696,3NvhilUYpUc,UCCK3OZi788Ok44K97WAhLKQ,test_reserved,
30,413,1699,g4-rWvvs3MI,UCfctDMDRq0cS1N8ddyvLfAg,development,4
30,414,1706,o0sDqQmvbZQ,UCckltLEhFLv8Xz_lQhYfwmg,development,1
30,415,1710,BmvK5nfeRFM,UCJhdo2Kg29_EZwNPvlhzIFg,development,2
30,416,1712,_BQPfW8Zth8,UCckltLEhFLv8Xz_lQhYfwmg,development,1
30,417,1713,3aoW4Cs8ZYs,UCmqflTSJ6911aCrnaWIXxsA,development,3
30,418,1720,6Lz857C7BW8,UCPfU0uygBGutjaaJU5PpEvg,development,2
30,419,1724,ql3KxeLv7a0,UCcspHoBTj_aLhnJLwkMpWHQ,development,3
30,420,1729,1eeKWlzSHo0,UCmAZwdFQyvTnrAVx5IqILgg,development,3
30,421,1738,0au6BuaA5jQ,UC8lKgUHo-2mSR5cRRXO9xow,test_reserved,
30,422,1741,pJmLrFc2mvI,UC1GBN6Ujq_d9f5Kot0YZVEA,development,2
30,423,1751,qFJ9OjNVVqk,UCJmv3smPAGjWh4URe2nlhag,test_reserved,
30,424,1759,5Dj_rRI1ab4,UCCK3OZi788Ok44K97WAhLKQ,test_reserved,
30,425,1763,1Qm75mBdVXA,UC95VofaZiQPFwRMaqPhLc0w,development,1
30,426,1766,rwrIvoXr1WM,UCgnFSj7jQffD5V5m05j4dPw,development,5
30,427,1769,Eq7x3O8zgtg,UCDRvVQA5TYL0TFYjA6jcHag,test_reserved,
30,428,1773,8dJJB1UMYJ8,UCxQQ7T5UMck1aKxzBmyt4rw,development,5
30,429,1780,6FSLfsPRYxw,UCbS_glb2N1NVTrDLVryRbng,development,4
30,430,1782,bjPgZl2muL4,UCCbm1E52PV05ZLv6dtRB92Q,development,5
30,431,1805,zhn6IN7oPZk,UCaIc6SgS90ud_RgMSC6hW_w,test_reserved,
30,432,1826,B4FvlBC1YJ0,UC8ZmvQOUKiu6SmICTXzjFnA,development,5
30,433,1828,VkKZQ9g6pVI,UCA5xW2Ce7KT2AtxzDYDebCA,development,4
30,434,1829,SZiEz8U1_iw,UCckltLEhFLv8Xz_lQhYfwmg,development,1
30,435,1830,m0TlPr1uT1k,UCc30sTBdN9LRSxEuHaXV_bQ,test_reserved,
30,436,1836,R9iL_oCTr7c,UCy8ao-puUtb-1Y0L6xSItOQ,development,3
30,437,1842,87gcPTM9-j8,UCckltLEhFLv8Xz_lQhYfwmg,development,1
30,438,1845,xcfYJLUDEMk,UCbS_glb2N1NVTrDLVryRbng,development,4
30,439,1846,7z7G6xM3PbE,UCbR7juPwtP-bV_w0840ciYQ,development,3
30,440,1849,tvEHfH8_oeg,UCAvDJMfUNahnsnMBN1hIXuA,development,5
30,441,1852,BI0kAzdUEVs,UCbS_glb2N1NVTrDLVryRbng,development,4
30,442,1863,7AMKVjlGoAc,UCXFiIVHYqQmgpmIi7KChMkQ,development,1
30,443,1864,qlVlIhopSGs,UCPXSUKHTNc1_hnHuj-UiQWQ,development,4
30,444,1874,gJ7aWC0HYOs,UCFGhJsc1ddSN8819LsMa90w,development,3
30,445,1875,DtP3u43MIgg,UCgnkk8P4G9yQFuRl0dEO1HQ,development,2
30,446,1884,U7in1If-1bc,UCiP6DUi_wjUMfc4bo0yIusQ,development,2
30,447,1885,SpVmRYw4dnI,UCbS_glb2N1NVTrDLVryRbng,development,4
30,448,1892,wwIr_-FSSnc,UCCK3OZi788Ok44K97WAhLKQ,test_reserved,
30,449,1894,f9WXl4jrAY0,UCgnFSj7jQffD5V5m05j4dPw,development,5
30,450,1897,So6SHWQdRng,UC9iEv8PqeHuC3ZVt0QqN-pQ,development,4
30,451,1908,YeJ6MZ8ZiQg,UCckltLEhFLv8Xz_lQhYfwmg,development,1
30,452,1909,q3wgUrSnZxk,UCckltLEhFLv8Xz_lQhYfwmg,development,1
30,453,1912,GyU2yyy1gLg,UCF11-Puqxb0jdeWNc7F_Fcw,development,2
30,454,1919,21RXZLqQCSI,UCcijXxFzSXgoM6q9cCtT9PA,development,2
30,455,1923,t5Y1WIscPxQ,UCiSjgMdwgt_wYFGu2QpVtPg,development,1
30,456,1924,ExZAIMIzvNg,UCfctDMDRq0cS1N8ddyvLfAg,development,4
30,457,1926,6vdA7exJmLg,UCxBVx6NRw-RN78ge2n9TZ0A,development,1
30,458,1927,bdHWsqdZZI0,UCnshye-RhraZYwmM6XYeLeg,development,5
30,459,1930,ISR5HgL0D50,UCcCp0B0bypJE4EJjwq8u2lQ,development,2
30,460,1935,EPHGKypxZFI,UC8lKgUHo-2mSR5cRRXO9xow,test_reserved,
30,461,1938,NmzwJDrUMeM,UCekdpdajQ1JyGxUbmsN7nNA,development,3
30,462,1941,YugFje9qlMQ,UC3pnlqmWVIVdQ4hkaQAxyVw,development,1
30,463,1945,u_VhNpd7GPw,UCbS_glb2N1NVTrDLVryRbng,development,4
30,464,1946,lvO6qWQDfeg,UCPXSUKHTNc1_hnHuj-UiQWQ,development,4
30,465,1947,5bYho8aoY-Q,UClSIhhnuyF8fXtBTpOOTknA,development,2
30,466,1959,zD9k7aoWZyw,UCFMVncdxIw-kfoB-mBluGxw,test_reserved,
30,467,1960,eav0UWjENb4,UCWwo8NBrDNOb5EEZadW3iWA,development,1
30,468,1962,6O8sgJzhz_8,UChlTbGDLAEo8WN_qZLavi7Q,development,1
30,469,1967,x94nact-kPA,UCc30sTBdN9LRSxEuHaXV_bQ,test_reserved,
30,470,1974,M9iXko1f-lM,UCixHOFltSlDzQezAiDC--wg,development,1
30,471,1976,TxjAwI0WTOE,UC_0KqdgCMvhbpYcp9JaqQRg,test_reserved,
30,472,1981,cKd5M0Bm57w,UCAOAqdh0wJ6lmzO8j33v8fQ,development,5
30,473,1992,DcVCV2cDDwI,UCQTcNhAZidy1i9wwmdgf2Lw,development,4
30,474,1997,9MhqkZjTLPI,UCOtYyt7W5PmPnwQjWWF_Z-Q,development,3
30,475,2001,tNuXUA86r84,UCc30sTBdN9LRSxEuHaXV_bQ,test_reserved,
30,476,2013,LE17se3qfds,UCfgEc6wWBbVbj8ZNQLltioA,development,5
30,477,2016,3jq9S009XjQ,UCoNaQS6wefjNVFkwvxrzAYw,test_reserved,
30,478,2020,ERa5K76oFJI,UCMk3TZ_MvwlPbSYp_1FScrw,development,2
30,479,2028,43aLPyLE_yc,UCMQg72D9bcWjW-umvECrcAQ,development,1
30,480,2031,rnEwiXb-n1A,UCbCK6ywTvfb7TVWixsVZ4Vw,development,1
30,481,2032,t3pXJT5GLFk,UCRDDfbYPHX_GUJ4lcQYTc8A,development,2
30,482,2037,4Z4Ni_-Fjik,UCkl2iKEW9ltlrBOjzCNJgzw,development,3
30,483,2041,dx5Ph-a81b4,UCeA0YDYhED5x7n3udzVNlpA,development,5
30,484,2051,NQf8k0iday4,UCCK3OZi788Ok44K97WAhLKQ,test_reserved,
30,485,2054,7cVElRXWvDw,UCgnFSj7jQffD5V5m05j4dPw,development,5
30,486,2056,1-h5f2VwJZQ,UCckltLEhFLv8Xz_lQhYfwmg,development,1
30,487,2061,bL43IXVICeM,UCckltLEhFLv8Xz_lQhYfwmg,development,1
30,488,2063,pjXIgOKZW_I,UCc30sTBdN9LRSxEuHaXV_bQ,test_reserved,
30,489,2064,XH5Z_-9Nw8s,UCcijXxFzSXgoM6q9cCtT9PA,development,2
30,490,2065,KfhlwPhCrWA,UCckltLEhFLv8Xz_lQhYfwmg,development,1
30,491,2074,B77URRRYdl0,UClfffHYKuZqi1DFcb77Tn4A,development,2
30,492,2076,m0bUsdACfSM,UCVBwpXexP8VjccZE6ohzTAQ,development,2
30,493,2095,C8RY8Qw6PcI,UCgdaUnUmkHDpYCU0w2pR7Rw,development,2
30,494,2100,wS3-pDLsqbg,UCOtYyt7W5PmPnwQjWWF_Z-Q,development,3
30,495,2101,URHaIZun2gM,UCn0XmAUFv6d2tofMFEesSNw,development,5
30,496,2116,-B5mrM_1Y6I,UCMxeqmVKOqiqh7V_A3h4gfA,development,2
30,497,2119,yU8JU9Prs68,UC8ZmvQOUKiu6SmICTXzjFnA,development,5
30,498,2122,PGwH3V-KWnk,UC5R7F4Mw_ZV1c4tYe4UKLIg,development,4
30,499,2126,GhcF8n_43ws,UCcijXxFzSXgoM6q9cCtT9PA,development,2
30,500,2148,CJFCC1XfFmY,UC3tvYy-s84yySG7V85jRDnA,development,4
30,501,2151,gJ_kfZsnpUY,UChdRlRaJpIhRYoHvXwFxRKA,development,3
30,502,2152,Cnmj9RxMK2M,UCOtYyt7W5PmPnwQjWWF_Z-Q,development,3
30,503,2154,-GSx_pRRS3M,UCCDDsanm6kVSg-eiNiO8hiA,development,1
30,504,2162,18SO6ZmKAM8,UCOtYyt7W5PmPnwQjWWF_Z-Q,development,3
30,505,2169,YhmPQKlFWg0,UCCbm1E52PV05ZLv6dtRB92Q,development,5
30,506,2173,xBaaoBGe6PE,UC8lKgUHo-2mSR5cRRXO9xow,test_reserved,
30,507,2189,Ro65t2ExW2s,UCDqFysWGVtduHRyawK8oJkw,development,5
30,508,2190,kZJ-o_5Qysg,UC1YGPDtctHGJWW0NrlQVklw,development,5
30,509,2194,8XVH73C8YgE,UCckltLEhFLv8Xz_lQhYfwmg,development,1
30,510,2195,wWROnHbmRW0,UCtIXoHZjzjT7HehPh6Eru2Q,development,1
30,511,2196,QPsQLT31qQ4,UCW_dWq1AfuNLqbZuoc6_Clg,development,4
30,512,2197,v-rxy4ivaZU,UC3Tc2fr9_zSVZe-ikKOsQHA,development,2
30,513,2200,KbwT4dThW9k,UCOtYyt7W5PmPnwQjWWF_Z-Q,development,3
30,514,2201,ueXC14NoE9c,UCmqflTSJ6911aCrnaWIXxsA,development,3
30,515,2205,zb5Dgpq-JxE,UC0nMJ3QNryBHZpy1P3Wamwg,test_reserved,
30,516,2206,3uTVMktCF0M,UCOtYyt7W5PmPnwQjWWF_Z-Q,development,3
30,517,2211,vB146AAdz-c,UCpxzXOqrMd5AITBd_KXfwcQ,development,2
30,518,2218,NK3WE_c94nk,UC2-G0rYWhRDRck575AitgHw,development,4
30,519,2233,7OGgEG4vUtI,UCaESx7Bdghv_UICcG1hBkcg,development,2
30,520,2247,LG_Cdbq6ylo,UC1CkcuwxCW_dIchuR0tTCJw,development,4
30,521,2255,-W8RferajFE,UCqK3dBCdroLoJixIyuog5Ag,development,3
30,522,2257,ubyxNZkVy8E,UCDqFysWGVtduHRyawK8oJkw,development,5
30,523,2260,OA3IkdxMpqA,UClSIhhnuyF8fXtBTpOOTknA,development,2
30,524,2272,QPh-ocW5DfA,UCHZ6l32mEskYLDm1OkjFO3g,development,5
30,525,2273,U6CJpfl2RyA,UCvZ8sPFxYngz2JN3DG93fOw,development,4
30,526,2274,FcJOhIoD314,UCY8jtiRLqx1Sv5A0fWYGlNQ,development,4
30,527,2276,e0YmJvfw37M,UC0-UFP1d6OeVtl2VXYSquIA,development,1
30,528,2277,zvu77UNPkzE,UCqrqt9Egbp4Voh3iEUUoorw,development,3
30,529,2281,l8U8xDsHHCI,UCOtYyt7W5PmPnwQjWWF_Z-Q,development,3
30,530,2284,yjOtGcFBgbY,UCf2Iar2LDcFaSCnVH1ZMUkA,development,4
30,531,2286,YEEtxat8DRs,UCKQw2OwROuqrhOuiqSttu6g,test_reserved,
30,532,2288,q68FGtQqNV8,UCbVw-Yr6A7L4hPi8W6zsQlw,development,3
30,533,2291,ZchHQyp8DO4,UCCK3OZi788Ok44K97WAhLKQ,test_reserved,
30,534,2296,7Rjeen1MDQw,UCckltLEhFLv8Xz_lQhYfwmg,development,1
30,535,2297,4MrK1jUjANA,UC4HY_G18OzcY63vhq-3Gw0g,development,1
30,536,2298,BnVjOvY7dwA,UCCK3OZi788Ok44K97WAhLKQ,test_reserved,
30,537,2306,k8qOq9ZMF94,UCCK3OZi788Ok44K97WAhLKQ,test_reserved,
30,538,2309,XYQrRKJOvTM,UCCK3OZi788Ok44K97WAhLKQ,test_reserved,
30,539,2313,HqMwfZ9Ihe8,UClSIhhnuyF8fXtBTpOOTknA,development,2
30,540,2319,sQ6n7lPzTtk,UCEa6e_J_Xs_GKCzG8Eq15Xw,development,5
30,541,2320,OOmPvq2dC8Y,UCA5xW2Ce7KT2AtxzDYDebCA,development,4
30,542,2337,Gwf5I_NsAus,UCwocSABHCRrVIlBSdyrQVXg,development,3
30,543,2344,u9WCba7ZQ_c,UC0uW127NmbWG0g-BnTltSHw,development,1
30,544,2347,ZXADXIGMSNA,UCPXSUKHTNc1_hnHuj-UiQWQ,development,4
30,545,2355,nwgrPDi_zOc,UCA5xW2Ce7KT2AtxzDYDebCA,development,4
30,546,2357,_PIPFJlQa9c,UCkagcQYGoYFuXsUg-ObSL6A,development,5
30,547,2362,C2bHsbTO3nA,UCuN1HN5RXX2D6ZcEkopILeg,development,4
30,548,2364,blySox1OGWA,UCJEbxceR8FFUcZU0Ez83lPQ,development,4
30,549,2371,eDwX9qTKffw,UCOtYyt7W5PmPnwQjWWF_Z-Q,development,3
30,550,2372,-b5WGMzAItk,UCR_X7zQO_e7lB2BhlxtfIoA,development,2
30,551,2373,_8aQsjJNFig,UCcijXxFzSXgoM6q9cCtT9PA,development,2
30,552,2375,awmPUfz5Yls,UC28QOqy4nLwECRs65fahlIg,test_reserved,
30,553,2382,oyC_6hStSGc,UCi-dz1RuP-FhWvbKCDKOdNg,development,1
30,554,2385,VxnnPS1EmMY,UCmqflTSJ6911aCrnaWIXxsA,development,3
30,555,2386,NF2UFOlScmw,UCRtOZlngzqpl4h2qjmCLh_A,development,5
30,556,2393,StxBJwAmluA,UCu3jIK2NBSXc0_YaFqEuIrg,development,2
30,557,2399,GyhJoVMkOtE,UCQTcNhAZidy1i9wwmdgf2Lw,development,4
30,558,2417,VcD7Asl2sNU,UCsAPX_-Yu9O_3dJu0aUj_BA,development,4
30,559,2420,et3pXTaFQto,UCxyOEiDidNJQGoMJXjOVW7A,development,2
30,560,2422,kwTCgTFr-Jo,UCckltLEhFLv8Xz_lQhYfwmg,development,1
30,561,2424,x3GAHaI25SU,UCE_HRkZMtXQvjnCrM0aSjCQ,development,5
30,562,2427,J1SBN3qsngQ,UCAH7R88V7gz7RqJv78nNOzg,development,3
30,563,2429,lt6NFUcFo1Q,UCj66yJ6BRcAD83A7KhIl9lw,test_reserved,
30,564,2431,7T8tPNGj3bE,UCWnwsDArGEUHuUBTiv4JnEQ,development,5
30,565,2438,Db_RBr8b6bk,UCkLQJFBnqzhJCAvqn99hRUg,development,4
30,566,2440,vL2l8PPeYdQ,UCrhkgHTUdZXbCd69TNuQuMg,development,4
30,567,2443,y30E-zT7Pu4,UCaESx7Bdghv_UICcG1hBkcg,development,2
30,568,2445,QodzV2VB6SU,UCCK3OZi788Ok44K97WAhLKQ,test_reserved,
30,569,2458,jA4lElVApRw,UC8qBNfgWRK_WYYGSmmrfgPA,development,4
30,570,2465,c4HgPcN1B6U,UCdvzidU6j1UdUBhaEw-LLuQ,test_reserved,
30,571,2470,X8J55WWYaUk,UCfQzTP1jc7JXj8hYtG31osw,test_reserved,
30,572,2472,yJ7vPQPNNQs,UCsnCixtlCIMp7gH6X5uswZg,development,1
30,573,2477,hiPB6sVMDM8,UCR40Xn4_B3pU-g924OG9Pvg,development,2
30,574,2480,YExG0ozgje4,UCn0XmAUFv6d2tofMFEesSNw,development,5
30,575,2484,TMEXgKl8eks,UCLNz9bgiJfM3ImTtYDOt8Ew,development,4
30,576,2493,kkEJNXsMpTs,UCGSDCIUEvUtO5wzIFtc4AgQ,test_reserved,
30,577,2495,XQKqVRDY-Zc,UCdB6k3Q_dkVJ77cV9tVWzcQ,development,2
30,578,2498,amcx6dovSzU,UC0fnN8-CgXOlHLjGc78e-0g,development,3
30,579,2499,Kh4FT42SVY8,UCdB6k3Q_dkVJ77cV9tVWzcQ,development,2
30,580,2507,LNoid1ptLtc,UCM3bQBUJ0PEbgfe9lAw_Y3Q,development,3
30,581,2515,vOXWsbeNVjY,UCSY8CuQrYb37sCeYATzE1-w,test_reserved,
30,582,2518,WWBA0Cy2el4,UCCK3OZi788Ok44K97WAhLKQ,test_reserved,
30,583,2520,9GntQ7vYkWQ,UC0l36s7dMwk1GYxmSHAib_A,development,5
30,584,2526,gDgHCVwknAo,UCbS_glb2N1NVTrDLVryRbng,development,4
30,585,2528,ijqrcAqWJIY,UC4RBCrw6cMvOXz4eNkIgbnA,development,3
30,586,2529,wHJ6C80-mx0,UCA5xW2Ce7KT2AtxzDYDebCA,development,4
30,587,2532,SZE_8fOW4UY,UCckltLEhFLv8Xz_lQhYfwmg,development,1
30,588,2534,ry0XSTznQBI,UCcbOsE5_4LEjtQi8X2PFxDw,development,2
30,589,2539,LyfemaRTfu0,UCjm7vbOwssao7Bhm9wX3-bw,development,3
30,590,2546,2zwuNmaH7a0,UCsaWsVoIh5rKa8ilwDMLsxA,test_reserved,
30,591,2555,drNuwabXR_s,UCCK3OZi788Ok44K97WAhLKQ,test_reserved,
30,592,2561,Cz44KofvDtU,UCKuDeSAQOkDnBpiSa0gJN0A,development,3
30,593,2564,CHVgvg1ZMiM,UCm6FpVN_cg2tGqHVDc9QpMg,development,4
30,594,2570,OgP6VjOI4fs,UCMW_Sgzlaezz3MHg3BtgKbw,development,5
30,595,2574,g4lvMeggan4,UCckltLEhFLv8Xz_lQhYfwmg,development,1
30,596,2576,58HT5ROllMY,UCuEwrmIOrOpKWtoy2GjgHkw,development,1
30,597,2583,RQQLFeIZINQ,UCkD2Gixzde52jx1XspNvrBw,test_reserved,
30,598,2584,ptN8ICKJkKA,UC95VofaZiQPFwRMaqPhLc0w,development,1
30,599,2589,soIIiW-aS18,UCCK3OZi788Ok44K97WAhLKQ,test_reserved,
30,600,2596,kLh58IXotkc,UCD2X28mF5ZqSA2gncomAtAA,development,2
30,601,2608,snfjCK6X6t0,UCc30sTBdN9LRSxEuHaXV_bQ,test_reserved,
30,602,2616,AhR077RRKKk,UCckltLEhFLv8Xz_lQhYfwmg,development,1
30,603,2618,9lnG6_DdbjU,UC0QrPhl7LB3tfSN3Fls2o0g,development,1
30,604,2619,GoaiqB-V5UA,UCPJRtoh7x7vEw0-d59JwKiQ,test_reserved,
30,605,2628,qhFbkLi6WCY,UCOtYyt7W5PmPnwQjWWF_Z-Q,development,3
30,606,2630,4IddIL3HF4s,UCu3jIK2NBSXc0_YaFqEuIrg,development,2
30,607,2636,MfKqoyKHPcE,UC_AuTY5qqpUUYFLSDQIbOsg,development,4
30,608,2638,jgNglJBH-_s,UC_JZSut6C3cNn_5G_imKHWA,test_reserved,
30,609,2644,jAJAuboRovM,UCnT7Z6-yqjhM__jZbK_B3kw,development,3
30,610,2651,vuii3ROFFTw,UCm8uQm-q6IUP0u0lssUiITQ,development,3
30,611,2660,pPE4as_Inuk,UCb0KyqTm4bkjnZg_mND9hhg,test_reserved,
30,612,2661,jk3wXMa4aD8,UCCK3OZi788Ok44K97WAhLKQ,test_reserved,
30,613,2664,paXxIOES7Xw,UCckltLEhFLv8Xz_lQhYfwmg,development,1
30,614,2674,-b19nGxA24g,UCc30sTBdN9LRSxEuHaXV_bQ,test_reserved,
30,615,2680,SdAYD4INDWs,UCyaIoiqUyGoO7u6jIZm3h6Q,test_reserved,
30,616,2682,uywCLwGubwI,UCol1SzfebXhRo0ltxOJZ9cg,development,2
30,617,2686,ftmVjn4_IW0,UC8lKgUHo-2mSR5cRRXO9xow,test_reserved,
30,618,2693,-LNgD0Jpf2M,UClNX00LvziLlfJ_trtu8llQ,development,3
30,619,2696,cP_mjAZ94fk,UCr5BVR_ePEz_9V-KF5rSEmQ,test_reserved,
30,620,2703,vlDX4AsFbP8,UCgnFSj7jQffD5V5m05j4dPw,development,5
30,621,2714,TMSEwBxXhVE,UC_K3CNn5jlFvgCx7cpKiCYA,development,1
30,622,2717,LcfxlpFgCoY,UCPXSUKHTNc1_hnHuj-UiQWQ,development,4
30,623,2725,3HWd4mS6080,UC0tV1b7IFEXFUUILF7mAcWw,development,5
30,624,2730,8Ydo4vDu2hQ,UCQIWzvLOlB4tu84TtOTJCGg,test_reserved,
30,625,2734,oAb53-q0onQ,UCbVw-Yr6A7L4hPi8W6zsQlw,development,3
30,626,2737,j0CHvRSDpCQ,UCrG36PjxPG2rgCHXmZEGmvQ,development,4
30,627,2738,5X1MAaXGupg,UC4-OGkz_qi4h59w_HeqwYjg,development,5
30,628,2739,3xregzu9wGw,UCbkMFGQ_RWIf0OiYeOpf6Ng,test_reserved,
30,629,2740,bQISyYvXPes,UCcijXxFzSXgoM6q9cCtT9PA,development,2
30,630,2742,BFPpdHdvoIQ,UCt85p_UTIuhPLZBuZbfciNQ,test_reserved,
30,631,2743,IOevQQ5sBvQ,UCtZO2c3i1PrtwyeaxaIYHKA,development,4
30,632,2744,_dxrFdNDgNk,UCS_wit98t2r1creRBOR78aQ,development,3
30,633,2759,hk4PMf6Frzo,UCTlLpPddpcW0ee6y4z9stKA,development,2
30,634,2763,FFCzRjeRn10,UCdgWTRipbTuQsIiiPb6fB-A,development,5
30,635,2766,T6eqS8jlczc,UCdgWTRipbTuQsIiiPb6fB-A,development,5
30,636,2770,vM-GAK3_2MA,UCEQrXk9S_wxT6fz7Iy7PI5Q,development,4
30,637,2778,pqpSS_iSxa8,UCCK3OZi788Ok44K97WAhLKQ,test_reserved,
30,638,2785,k55wqfLp4KI,UCTlVnv2IrpdHPiB4PeaH6Lw,test_reserved,
30,639,2786,RIlEDqy69_c,UCckltLEhFLv8Xz_lQhYfwmg,development,1
30,640,2787,e0fZnyAoxQg,UCIKg0Ev6Vq2M7hU7bL_jHFQ,development,3
30,641,2795,DQeGuGW77uQ,UCCK3OZi788Ok44K97WAhLKQ,test_reserved,
30,642,2797,FfoFShwRIPo,UCq5SmrhSWmp89RR1JpO2z8Q,development,5
30,643,2803,yOtO7itOrag,UCXZaF1h4qgnp9sDlflUM8dw,development,1
30,644,2804,JQX793x9jYs,UCmrLu4r89ykOzmtmbAeEklA,development,5
30,645,2806,euua10GO0ks,UCQIWzvLOlB4tu84TtOTJCGg,test_reserved,
30,646,2810,zXl4-R8KEgs,UCAgBGlUKoAQFXMUzshrWDgg,development,1
30,647,2811,wJHIz8qBbTc,UCqShCHSDvCBKDN_GAsnLJmQ,development,5
30,648,2815,CE-ejnwFRlU,UCMEXwFurMItX0u1yit-UrAw,development,5
30,649,2816,Y_7_6YibK8g,UCfVmYgJP_bBt00lLtPGsbcQ,development,4
30,650,2817,sdruVma3Y-A,UCcrsFwwoMvcXYpJ0XldIlVQ,development,5
30,651,2819,Ao0bXZ8enIc,UCf2Iar2LDcFaSCnVH1ZMUkA,development,4
30,652,2820,3Hc9J31I6ZY,UCBYHzLIry8B-rCsqd1okLKQ,development,4
30,653,2829,WGo4rc5QeSk,UC0MnP2Iso6enxaJTBZ3_nJw,development,4
30,654,2830,Pf7ZBlMmbD4,UCmqflTSJ6911aCrnaWIXxsA,development,3
30,655,2831,VaIQkIqLDYM,UCAH7R88V7gz7RqJv78nNOzg,development,3
30,656,2834,KNQQZk6rZvE,UCTa7XGYF8a8jFVozt8rEIlw,development,2
30,657,2835,hTaBFs0PMrE,UCOtYyt7W5PmPnwQjWWF_Z-Q,development,3
30,658,2842,vm8EC6cqBZs,UCbS_glb2N1NVTrDLVryRbng,development,4
30,659,2844,gLDSufGn8Qg,UCM3bQBUJ0PEbgfe9lAw_Y3Q,development,3
30,660,2845,Nx98SGlQJ3s,UCbS_glb2N1NVTrDLVryRbng,development,4
30,661,2846,SbtLFMsb3Pw,UCCK3OZi788Ok44K97WAhLKQ,test_reserved,
30,662,2849,DxksijUwS-k,UCkC-yhK-WnPNaNslH_LbBWQ,development,2
30,663,2861,iYY6lOA1SkM,UCGyG2Xkr4xR73xgQMXNi8_g,development,5
30,664,2867,J4X4ARSEHPE,UCCbm1E52PV05ZLv6dtRB92Q,development,5
30,665,2868,AqMJobnlzVM,UCaESx7Bdghv_UICcG1hBkcg,development,2
30,666,2876,3RPEIuPMklE,UCgXtlvhFq4vzq8IKUBBTKYw,development,2
30,667,2886,d-6HAabFV2w,UCcspHoBTj_aLhnJLwkMpWHQ,development,3
30,668,2890,Se3CYHEQM7g,UC5-bq5cxEBTPRH58MSb5p7Q,development,4
30,669,2895,-qzbTo-xRpQ,UCuGDIseJA12zshqpeL19yDg,development,3
30,670,2898,kFlVnR9SJAY,UCcijXxFzSXgoM6q9cCtT9PA,development,2
30,671,2907,CmQuTZqFj9o,UCgnFSj7jQffD5V5m05j4dPw,development,5
30,672,2911,O_RIxdsVDEw,UCQTcNhAZidy1i9wwmdgf2Lw,development,4
30,673,2917,agixE4iAsV8,UC_oQPOpRefuPENfsJ404nmA,test_reserved,
30,674,2918,gWsrAJCk-k4,UCdgWTRipbTuQsIiiPb6fB-A,development,5
30,675,2919,PTjwLfdmCik,UCNE9NOD2gYqalo9436sfW4Q,development,4
30,676,2926,Ju5BkY_AHug,UC1hcl0aIr9KtXA-Kiq9itqw,development,3
30,677,2934,q9qrJgKuLwc,UCIW2pneMPYovEjy2cwyJqPw,development,1
30,678,2936,IaeP4jof9qE,UCmTrMV3RUj_n8dO0Ff-wHOQ,development,3
30,679,2939,3O9GEbevNa8,UCcrsFwwoMvcXYpJ0XldIlVQ,development,5
30,680,2945,gOQQ_6O10vs,UCaIc6SgS90ud_RgMSC6hW_w,test_reserved,
30,681,2946,EG4K45O2aas,UCXx6WMAaI1c0yJ5LFlISadA,development,2
30,682,2949,6gERuBvMhC0,UCqrqt9Egbp4Voh3iEUUoorw,development,3
30,683,2958,pVtiUAPzZJQ,UCckltLEhFLv8Xz_lQhYfwmg,development,1
30,684,2962,JCnvcPLr-tU,UCckltLEhFLv8Xz_lQhYfwmg,development,1
30,685,2964,Q9aZoDBjAMs,UCA5xW2Ce7KT2AtxzDYDebCA,development,4
30,686,2967,c0HM1_O01d8,UCGN3TM5lZQ1DAvMwI1LIc8Q,test_reserved,
30,687,2968,IFAVKS9nVNU,UCPNrO0ttpyhUv1ys6GiIWPQ,development,2
30,688,2977,bDW8PNtK0jY,UCn0XmAUFv6d2tofMFEesSNw,development,5
30,689,2978,NjJkaDH55LI,UCRDDfbYPHX_GUJ4lcQYTc8A,development,2
30,690,2983,Gdsl7QapRRc,UCHT6F9HJ9DtLUjTOH16yg6g,development,3
30,691,2992,MScBY92r6Pc,UCckltLEhFLv8Xz_lQhYfwmg,development,1
30,692,2998,DVGxFtwebSY,UCcrsFwwoMvcXYpJ0XldIlVQ,development,5
30,693,3002,QN7PCr-LcOw,UCgoCbMJ4JnH0q40GofKZxVg,development,3
30,694,3005,Ye-nzL3GdP8,UCnkon33rksDXo3qChhTs5Vw,development,5
30,695,3022,wm-Cy1winBY,UCckltLEhFLv8Xz_lQhYfwmg,development,1
30,696,3025,HCce6pbqPmg,UCcrsFwwoMvcXYpJ0XldIlVQ,development,5
30,697,3030,wL4pVt9QeTQ,UCgnFSj7jQffD5V5m05j4dPw,development,5
30,698,3035,uiNw5Khbo1k,UCcijXxFzSXgoM6q9cCtT9PA,development,2
30,699,3040,acgfdei85GE,UCbR7juPwtP-bV_w0840ciYQ,development,3
30,700,3041,5_l7vo9lfWQ,UCqDbs3rlemiBZmhkh9gXXHg,test_reserved,
30,701,3045,6pM5Q6BlOok,UC_7Jqqz_coq4yn0Fm7B_tIA,development,3
30,702,3051,7RurMkBENHA,UCYweMykEAI5aaRztqrJuuAg,development,2
30,703,3053,ujASAAu9DaM,UC324VVhYKykBv01GecF4aYg,development,5
30,704,3054,BAiJN0oSrPk,UCocTGar6qlhml1oAUBWMQTg,development,3
30,705,3057,q95DYHw8Md4,UCVfnhhDIkkBJ_1QyzCqeVDg,development,2
30,706,3070,Cq3CdXcnLeA,UC2OHGMQqFUgru1lonCqNRfQ,test_reserved,
30,707,3073,kjiqvZI3b78,UCCK3OZi788Ok44K97WAhLKQ,test_reserved,
30,708,3075,MiVJ15Ldml8,UCGeFw8dTOxFT2HjpvfYOI8Q,development,3
30,709,3081,DTDIAfUeNTw,UCaI8gOmwQZJpganFN4-SZlg,development,2
30,710,3085,Z6tB60OPSxc,UC8a89-tnN8wKeI1Xm4-5wqw,development,5
30,711,3089,xyg-txCkJho,UC5lT7mnrszE3L2UdcpnFVhw,development,1
30,712,3090,mQyFl9aGyw4,UCckltLEhFLv8Xz_lQhYfwmg,development,1
30,713,3096,8uFN1XWcaUw,UCfQfw--8dPGypR7sGcXJz0w,development,5
30,714,3097,bG0afT_4W8M,UCnT7Z6-yqjhM__jZbK_B3kw,development,3
30,715,3100,qM9LmR5N9tI,UCiZjKOKJbOGuV5JyTUglUIg,development,4
30,716,3104,8vdcWoVrTAM,UCmTrMV3RUj_n8dO0Ff-wHOQ,development,3
30,717,3112,B36Q6ipcntk,UCZpPfCxvP6T9rCkDX3tQfOw,test_reserved,
30,718,3117,1WsMl96XOgI,UCdgWTRipbTuQsIiiPb6fB-A,development,5
30,719,3118,41aocM2VwyQ,UC324VVhYKykBv01GecF4aYg,development,5
30,720,3125,SQ5Kjq228mc,UCCK3OZi788Ok44K97WAhLKQ,test_reserved,
30,721,3126,NliJykPWDEY,UCudfZQIHLy6usVW03sRoksQ,development,2
30,722,3141,d8w7DaqzPsg,UC6jQt9K_jqnBNtsRf7hXHsA,development,2
30,723,3142,X01z4rHS7v0,UCcijXxFzSXgoM6q9cCtT9PA,development,2
30,724,3144,ymdbw6I7vlo,UCCK3OZi788Ok44K97WAhLKQ,test_reserved,
30,725,3145,-Fw8jygt6Kw,UCcijXxFzSXgoM6q9cCtT9PA,development,2
30,726,3146,MwGMu3LNl4s,UCc30sTBdN9LRSxEuHaXV_bQ,test_reserved,
30,727,3150,WhH134QbaNc,UCVjyzr_EOtJLtLF_3VKfrWQ,development,2
30,728,3153,3r9ajr626aI,UC12Ujt77-UFGXPAalKwuXDg,development,2
30,729,3155,QC7yil1q-fo,UCCK3OZi788Ok44K97WAhLKQ,test_reserved,
30,730,3156,z_84I6gZdyY,UCOtYyt7W5PmPnwQjWWF_Z-Q,development,3
30,731,3158,SmxvGE5uoxY,UCrtXFLaJQUh6R8xjW6l5tMQ,development,1
30,732,3166,malsFdxVfkU,UCbS_glb2N1NVTrDLVryRbng,development,4
30,733,3167,VsyLrEa7d_c,UCTIi9jL0_XH6wCRyHDygl9A,development,5
30,734,3169,tFB7Dl3QLI8,UCQTcNhAZidy1i9wwmdgf2Lw,development,4
30,735,3171,oPmKPdOXlyY,UCAH7R88V7gz7RqJv78nNOzg,development,3
30,736,3181,HNKeH9ZntiA,UCB3pmaew5i2Sp9LJe03BU8g,development,4
30,737,3183,wXPWYbcJmBw,UChlvAvH3N7Xd29DuAJgv0Mg,development,1
30,738,3193,feIdi-fGfkw,UCeixuk-NkKqLJfZKcK2fQig,development,3
30,739,3197,seZVVdvrGMc,UCUBN8f1H_gd7aulxB-Ik4tA,development,3
30,740,3202,9KF-XGiO7Ew,UCQTcNhAZidy1i9wwmdgf2Lw,development,4
30,741,3203,s-MivIKw-MY,UC3tvYy-s84yySG7V85jRDnA,development,4
30,742,3205,cNZJ85v4u7g,UC-GRFwciK7JiP8T4tl0pftQ,test_reserved,
30,743,3206,R8UBbocutt8,UCDIfBxwQyQY8_qt9BjGnNDw,development,1
30,744,3212,01HbY1fEQ_8,UC0RxmX79uHOBvSKKYAQ7Axg,development,4
30,745,3217,gDN5ySZZR2A,UCOiMY00_ZLijPF6InrCl0TA,development,3
30,746,3221,rnyN6nuA_JM,UCIi-sp4cticvdmHAodPeyvw,development,1
30,747,3225,weO5KWMuivc,UCjX5zm1l8VZfEzAVMHKJSAg,test_reserved,
30,748,3227,bq1vq34vo8k,UCuJmg9Gw1uO-JGVLk9iACDw,development,2
30,749,3247,aM0DAFOnlcU,UC944GuW0gSM0srEsZSZRQEQ,development,1
30,750,3248,3CGziAohMno,UC22LfvKY_7Ibkt5I5wFqwfg,development,4
30,751,3250,WCqYXw1VlM0,UC0sBFIQoyeYIsejowliQx-A,test_reserved,
30,752,3252,zd2zkkHKu_E,UCevIJwUaxXaZviOJEZYaAqw,development,2
30,753,3253,il_Ifio5Sqg,UCckltLEhFLv8Xz_lQhYfwmg,development,1
30,754,3256,vTszVpgDj0c,UCuN1HN5RXX2D6ZcEkopILeg,development,4
30,755,3260,67lBaWMadcY,UCbS_glb2N1NVTrDLVryRbng,development,4
30,756,3269,31GSX0Ls9jE,UCckltLEhFLv8Xz_lQhYfwmg,development,1
30,757,3272,MoAYz36Uhm4,UCcbOsE5_4LEjtQi8X2PFxDw,development,2
30,758,3278,mlztYOfxz8M,UCfxrtRajRgkbSCct-w7jErQ,development,3
30,759,3286,lFDvx-psLoY,UCCK3OZi788Ok44K97WAhLKQ,test_reserved,
30,760,3294,3XHfFY8TWoI,UCcijXxFzSXgoM6q9cCtT9PA,development,2
30,761,3310,_OVFTh_L0gc,UCbS_glb2N1NVTrDLVryRbng,development,4
30,762,3314,GvqUXFtomyk,UCaESx7Bdghv_UICcG1hBkcg,development,2
30,763,3318,yB9fMrdSSU4,UCOtYyt7W5PmPnwQjWWF_Z-Q,development,3
30,764,3319,bve-UWTDAgI,UCcijXxFzSXgoM6q9cCtT9PA,development,2
30,765,3323,sfoziOU_PxA,UCckltLEhFLv8Xz_lQhYfwmg,development,1
30,766,3327,5aextwEmBLk,UCM3bQBUJ0PEbgfe9lAw_Y3Q,development,3
30,767,3334,wsDbViVY9cM,UCizY5U-GpEdZXFsSbIUIogQ,development,2
30,768,3335,Yhoco9aHudU,UCu_V8lfzyGspxP-LNFowW9w,development,1
30,769,3337,31hBTAmirkc,UCAH7R88V7gz7RqJv78nNOzg,development,3
30,770,3340,PEcZLECA21Y,UCckltLEhFLv8Xz_lQhYfwmg,development,1
30,771,3342,zHVhSDE6xNs,UCOtYyt7W5PmPnwQjWWF_Z-Q,development,3
30,772,3351,ZPqu8L5P6as,UCgnFSj7jQffD5V5m05j4dPw,development,5
30,773,3352,T8U6CDFlr7U,UCQTcNhAZidy1i9wwmdgf2Lw,development,4
30,774,3355,tpRxM2U5y_8,UCgnFSj7jQffD5V5m05j4dPw,development,5
30,775,3362,KWFViZcUz3g,UCbR7juPwtP-bV_w0840ciYQ,development,3
30,776,3366,4FHUMrpfBCI,UC0OQrrbVFEASTwszPPVOndA,development,2
30,777,3367,wRsTgLuYptc,UCmqflTSJ6911aCrnaWIXxsA,development,3
30,778,3368,TCyWVLj3HxY,UCx7lEnwLHxO9yPjOotGb-bA,development,2
30,779,3386,Rk13U0c2Hn4,UCDqy-V3qY-xtSmiRHlZIWWQ,development,5
30,780,3387,qGKLtf_-aGQ,UCYk97F4sCu3hEWp6YEH-Dow,test_reserved,
30,781,3393,-MPB8VKoFlc,UC38c_i9VoaIjDpp46l35d0w,development,2
30,782,3396,qFMfwwhwti4,UCXfgx23Lw81I4wsCNhdVBgw,development,4
30,783,3403,1PIyBdro7t0,UCCK3OZi788Ok44K97WAhLKQ,test_reserved,
30,784,3407,PvFMTtYmdJA,UCgnFSj7jQffD5V5m05j4dPw,development,5
30,785,3418,PArTevP7S9Q,UCtEz7PSfmMS8lL1tzI3k9ZA,test_reserved,
30,786,3435,4ZVB42snVTU,UCmwIKQQjwpjNT8OQ_VZuRfg,development,3
30,787,3443,_oGC6foGg5M,UCckltLEhFLv8Xz_lQhYfwmg,development,1
30,788,3453,qJqgtjsdCCg,UCnkon33rksDXo3qChhTs5Vw,development,5
30,789,3457,SEs0AjfZzJs,UCcijXxFzSXgoM6q9cCtT9PA,development,2
30,790,3470,28qt8PNpsoQ,UCpamW3WJjX0CgjWGsBxIm2w,development,3
30,791,3472,J2UnnFPynjI,UCcijXxFzSXgoM6q9cCtT9PA,development,2
30,792,3480,hDC0T0CvIrk,UCQIWzvLOlB4tu84TtOTJCGg,test_reserved,
30,793,3483,IJ6rViOklss,UCUxrelp7FHiIj9SNfzWdh_A,development,5
30,794,3487,NMNXM_IE18M,UCUaN1jgVNkHTTfVFrKhSYyw,test_reserved,
30,795,3499,uKYQDF1hCMA,UC8lKgUHo-2mSR5cRRXO9xow,test_reserved,
30,796,3506,CLYib6uJbTQ,UCPNrO0ttpyhUv1ys6GiIWPQ,development,2
30,797,3516,znVbpbaeA1Y,UCckltLEhFLv8Xz_lQhYfwmg,development,1
30,798,3518,0b_K7SWmWIU,UCUmkuHIy9TcUhd10BCEVpIg,development,4
30,799,3521,0IDj5s2a_-A,UC3tvYy-s84yySG7V85jRDnA,development,4
30,800,3523,pFXdw51NihE,UCQTcNhAZidy1i9wwmdgf2Lw,development,4
30,801,3524,qmiM0DDNSmA,UCoz7UhbfPFJyljIIV2saR7A,development,3
30,802,3526,ulHlcHC77nY,UCQTcNhAZidy1i9wwmdgf2Lw,development,4
30,803,3528,rhCGYAXUw9I,UCh2Xwe7on2Oa2MBtk8zvEuw,development,3
30,804,3530,SGpqVCoVzaM,UCgnFSj7jQffD5V5m05j4dPw,development,5
30,805,3531,aqIz0dP4GOc,UCjSPtKPtRTj4b-vaT5qB20g,development,1
30,806,3532,6ZcYCDn1QcI,UC5ZNkdIVKL-M3KrNaCEzveg,test_reserved,
30,807,3534,-ijQoAfyTfU,UCaIc6SgS90ud_RgMSC6hW_w,test_reserved,
30,808,3536,iMkI2p20h1k,UCRDDfbYPHX_GUJ4lcQYTc8A,development,2
30,809,3541,RftF7TXfQf8,UCCK3OZi788Ok44K97WAhLKQ,test_reserved,
30,810,3546,aN5q2epCdVQ,UCf2Iar2LDcFaSCnVH1ZMUkA,development,4
30,811,3549,oI7fEGcRL0Q,UCgnFSj7jQffD5V5m05j4dPw,development,5
30,812,3553,_KRHYeyVDRY,UCoV9dlug2YWQ9BHzJTJrTrA,development,1
30,813,3554,Nqveb53hcdA,UCgnFSj7jQffD5V5m05j4dPw,development,5
30,814,3556,Qc84frhLi4w,UCwyld30uUaeOoRl9Y1dsfLw,development,3
30,815,3557,4nUZjFVAVRc,UCs_mHlm5_C82W5WCIJaSMbQ,test_reserved,
30,816,3561,vfhfa93rM0o,UCZLtqBURY7PHmBLxExRw4WQ,test_reserved,
30,817,3567,KwWD30jMtuQ,UCbS_glb2N1NVTrDLVryRbng,development,4
30,818,3575,Ro4U_Tntykc,UCMayHG7j39d11Gh36vV7GnQ,development,3
30,819,3579,W1He3YnvMiA,UCEJ2OW9pd3aUob5SGap2Hzg,test_reserved,
30,820,3587,Zb1ANzgAbLA,UCu7mjvRGwbSdh6zIzRSWNng,development,1
30,821,3590,ds4IiAyRQ4g,UCPXSUKHTNc1_hnHuj-UiQWQ,development,4
30,822,3592,Ap8b0Z23xlE,UC1YGPDtctHGJWW0NrlQVklw,development,5
30,823,3594,bib6aZt1RUo,UCOtYyt7W5PmPnwQjWWF_Z-Q,development,3
30,824,3600,56EAVB-2I8o,UCQTcNhAZidy1i9wwmdgf2Lw,development,4
30,825,3603,M6kiCvPITbY,UC0tV1b7IFEXFUUILF7mAcWw,development,5
30,826,3607,AsNOwhyt4iA,UCckltLEhFLv8Xz_lQhYfwmg,development,1
30,827,3611,6bcyyII5oW8,UCckltLEhFLv8Xz_lQhYfwmg,development,1
30,828,3615,i30ik-ccRbA,UCgxiMvAbKYM3SZ2d46NHLug,development,3
30,829,3616,SGK3xOcJ9Ek,UCbS_glb2N1NVTrDLVryRbng,development,4
30,830,3623,0g76k7FHKAI,UCCK3OZi788Ok44K97WAhLKQ,test_reserved,
30,831,3629,IMnz5ov0jL4,UCbS_glb2N1NVTrDLVryRbng,development,4
30,832,3633,jSVjl61UEX8,UCckltLEhFLv8Xz_lQhYfwmg,development,1
30,833,3635,_Ely8-2tAzU,UCQTcNhAZidy1i9wwmdgf2Lw,development,4
30,834,3640,3gT0hpVvPSs,UCvZ8sPFxYngz2JN3DG93fOw,development,4
30,835,3646,sPUv07lGsxQ,UC0tV1b7IFEXFUUILF7mAcWw,development,5
30,836,3655,VLVU0nytsa4,UCskNFH2e4ptFTkgeVmFPNhA,development,2
30,837,3664,_mN3Jyt-s8k,UCoPGkvh-1AoSzh23-ROXrpw,development,2
30,838,3670,if7F71koaHM,UC1YGPDtctHGJWW0NrlQVklw,development,5
30,839,3674,APhwC-ea-Gk,UCQTcNhAZidy1i9wwmdgf2Lw,development,4
30,840,3675,JaV8O-7Vq0Q,UCiPssoHLvUfNEXLEhZ29rXg,development,1
30,841,3676,8emNZKj3j4M,UC3tvYy-s84yySG7V85jRDnA,development,4
30,842,3679,SW4fH9LBj7M,UCXn1a_JRiiunkEVS9tamdCA,test_reserved,
30,843,3680,mEvbUFn48Ao,UCbS_glb2N1NVTrDLVryRbng,development,4
30,844,3684,Rjl8KGDeBfU,UCOtYyt7W5PmPnwQjWWF_Z-Q,development,3
30,845,3689,tgouvdFxviE,UCCK3OZi788Ok44K97WAhLKQ,test_reserved,
30,846,3700,rJlQfJrP4fI,UCckltLEhFLv8Xz_lQhYfwmg,development,1
30,847,3701,fgeJ3TTA6XQ,UCT83ymyAGm7Gnk_4ifxjxIA,development,4
30,848,3706,2SNUqfNjZfk,UCLuP7ROjaueiuNbzrvPqXSQ,development,3
30,849,3708,NEk30Dn97Xs,UCPXSUKHTNc1_hnHuj-UiQWQ,development,4
30,850,3709,ljj1EJN_J6E,UCckltLEhFLv8Xz_lQhYfwmg,development,1
30,851,3715,4L0XZ_hrkn0,UC0l36s7dMwk1GYxmSHAib_A,development,5
30,852,3718,KqNijTFhPuI,UCc30sTBdN9LRSxEuHaXV_bQ,test_reserved,
30,853,3723,r2ExWEuexnc,UC324VVhYKykBv01GecF4aYg,development,5
30,854,3724,J44Cnu0ukmc,UCHT6F9HJ9DtLUjTOH16yg6g,development,3
30,855,3734,EaG6FvGYrqY,UCCK3OZi788Ok44K97WAhLKQ,test_reserved,
30,856,3742,sseUwHbXOIo,UCm-TXzgh9U2K3wjWzY0XX0A,development,1
30,857,3746,UkkCsqN26gc,UCMaZtErMSOUyfCaiGgPlouA,development,3
30,858,3747,vjZQRCj1AEI,UCckltLEhFLv8Xz_lQhYfwmg,development,1
30,859,3749,EZp7qFyMuH4,UCckltLEhFLv8Xz_lQhYfwmg,development,1
30,860,3751,ms04UA-FS4I,UCn0XmAUFv6d2tofMFEesSNw,development,5
30,861,3753,CAbxi5dEiZI,UC9iEv8PqeHuC3ZVt0QqN-pQ,development,4
30,862,3755,vwnbJ9FwErU,UCPaa9NR1c6o7QW8kHYbR9Rg,development,1
30,863,3760,J-i_f7J7HYY,UCBWG_GjopQPckewo1_IvhLQ,development,5
30,864,3763,xvTyyufLnuk,UCRDDfbYPHX_GUJ4lcQYTc8A,development,2
30,865,3766,xpzlPEdu9Dg,UCCxWuiv11xqdA6Vi3HkaXuw,development,3
30,866,3778,lg7ObbsY2WU,UCOtYyt7W5PmPnwQjWWF_Z-Q,development,3
30,867,3781,hhetBYRePGo,UC1YGPDtctHGJWW0NrlQVklw,development,5
30,868,3785,UkXObnzcLCk,UCOtYyt7W5PmPnwQjWWF_Z-Q,development,3
30,869,3789,JXGkXIRn2aA,UCkagcQYGoYFuXsUg-ObSL6A,development,5
30,870,3791,Kc1J6ig_-gE,UCCK3OZi788Ok44K97WAhLKQ,test_reserved,
30,871,3798,zB5RYc5bp6c,UCgnFSj7jQffD5V5m05j4dPw,development,5
30,872,3801,LF3Blxbd6wc,UCgnFSj7jQffD5V5m05j4dPw,development,5
30,873,3804,S7RGd7XvnXo,UCCK3OZi788Ok44K97WAhLKQ,test_reserved,
30,874,3811,Ws7y0aS7EMQ,UCQTcNhAZidy1i9wwmdgf2Lw,development,4
30,875,3814,sejAzPOZ-vM,UCgnFSj7jQffD5V5m05j4dPw,development,5
30,876,3815,1D8xZU4uIgc,UCgnFSj7jQffD5V5m05j4dPw,development,5
30,877,3816,XWS3Gnq4L-Q,UCOtYyt7W5PmPnwQjWWF_Z-Q,development,3
30,878,3817,Xu8FYUT3xBY,UCckltLEhFLv8Xz_lQhYfwmg,development,1
30,879,3828,7mrJvNV0QwE,UCXSus5Zss-0FP1quj0Mpndw,development,5
30,880,3834,mJMYnLl7__g,UCckltLEhFLv8Xz_lQhYfwmg,development,1
30,881,3835,JdTHxBwUVLo,UC0uW127NmbWG0g-BnTltSHw,development,1
30,882,3837,PHYQHnhplIY,UC22zCdUVUr8JgnEPVQOtPZw,development,4
30,883,3841,szw84DL3yec,UCvZpRt_4T2NlC9111RxNBug,development,2
30,884,3858,bD5p3psdaj0,UCRDDfbYPHX_GUJ4lcQYTc8A,development,2
30,885,3861,r08clU9aw-Q,UCUmkuHIy9TcUhd10BCEVpIg,development,4
30,886,3868,IYOKQYJ2zK4,UCVfnhhDIkkBJ_1QyzCqeVDg,development,2
30,887,3874,ixi7WwyjeIo,UCoz7UhbfPFJyljIIV2saR7A,development,3
30,888,3878,FrWnUkNK1zo,UCmGMChEd9jBucufrWcpk3Ew,development,3
30,889,3882,4qscjk4LTkg,UCkagcQYGoYFuXsUg-ObSL6A,development,5
30,890,3887,JYXxevV4IoM,UCwsNWoSlQUyeWgbVQYZtLOA,development,2
30,891,3890,SD8BzpCmFEA,UCFsAAfR-lgzQ0Qk5xipzFzA,test_reserved,
30,892,3893,TKLEfa53MDk,UCckltLEhFLv8Xz_lQhYfwmg,development,1
30,893,3895,iRpQkH--U-I,UCgnFSj7jQffD5V5m05j4dPw,development,5
30,894,3896,Qvy48d__REA,UC9y7Wh-inBLM44vBwc9MGJg,development,2
30,895,3898,JHDm5sWpggQ,UCc30sTBdN9LRSxEuHaXV_bQ,test_reserved,
30,896,3902,iB76fK4gS7o,UCckltLEhFLv8Xz_lQhYfwmg,development,1
30,897,3908,4_UFZ_fsFt8,UCh9qXeL8eP3Txra2908xksg,development,3
30,898,3919,KUsZ51KrcQM,UCc30sTBdN9LRSxEuHaXV_bQ,test_reserved,
30,899,3927,zCQ8Ga9nzfk,UCafJV2dgvIHYxjKb4GJpV7w,development,4
30,900,3928,NBYYhQajSjk,UCgoCbMJ4JnH0q40GofKZxVg,development,3
30,901,3935,AkL4nrJQphI,UCAH7R88V7gz7RqJv78nNOzg,development,3
30,902,3937,vKh1SwJgqow,UCAvoCBJ72wT6nT7BZzeaPCA,development,3
30,903,3939,QB_ZUvPROww,UCMxeqmVKOqiqh7V_A3h4gfA,development,2
30,904,3946,EzIHhbuOnbM,UCrG36PjxPG2rgCHXmZEGmvQ,development,4
30,905,3947,OWTC1Nqjq8M,UCv2eZuaYeehdcyLvzucKy-A,development,5
30,906,3950,YDzz9TDIo4Y,UC1YGPDtctHGJWW0NrlQVklw,development,5
30,907,3953,A3USL-i_j8U,UC7jNYrQQr_GnMWLe6bGRi2A,test_reserved,
30,908,3957,XhOlq_-UIJE,UCZNreSxdvd50nzMz5zkXg4w,development,5
30,909,3961,WAAkFd1Q8Ks,UC7jNYrQQr_GnMWLe6bGRi2A,test_reserved,
30,910,3963,zrK5Xjo_j8k,UCF11-Puqxb0jdeWNc7F_Fcw,development,2
30,911,3966,eI8LalWXWIU,UCUzsesaP5G628WVuqEckF8w,development,5
30,912,3969,QRhNTveA9ig,UCpErRATj-Z4ux1lAtBhdfbg,development,4
30,913,3972,lqhj6jAaaK8,UCc30sTBdN9LRSxEuHaXV_bQ,test_reserved,
30,914,3975,1QW7c_IgQI0,UCckltLEhFLv8Xz_lQhYfwmg,development,1
30,915,3982,f7mjJo_P8KU,UCGwNjr4N0uUvqD8MopqsfyA,development,1
30,916,3987,d-SoDA4vsJs,UCocTGar6qlhml1oAUBWMQTg,development,3
30,917,3990,7DYOz7TJVtk,UCW_dWq1AfuNLqbZuoc6_Clg,development,4
30,918,3992,J85erKtDFaA,UCgm1AkjIpLGAoBDdCPx1tMQ,development,2
30,919,3993,SszdMA2JlO8,UCfGkuimLRsrJLW0gjQ8eIGg,development,2
30,920,3995,p1Cy4dK2TeY,UCcijXxFzSXgoM6q9cCtT9PA,development,2
30,921,3998,TVkANmB0I-Y,UCPNrO0ttpyhUv1ys6GiIWPQ,development,2
30,922,4002,XrxfK34GkFw,UCMNaxF22tMr_rcNI5fkUkYw,development,4
30,923,4004,6V19WtlkulI,UCuJmg9Gw1uO-JGVLk9iACDw,development,2
30,924,4019,x3qZG2ukIHw,UCQTcNhAZidy1i9wwmdgf2Lw,development,4
30,925,4025,WdCR9mr3if8,UCcijXxFzSXgoM6q9cCtT9PA,development,2
30,926,4030,fcJo_8J2BOQ,UCA5xW2Ce7KT2AtxzDYDebCA,development,4
30,927,4033,2xqEI3Iwbmo,UCrtXFLaJQUh6R8xjW6l5tMQ,development,1
30,928,4036,pQwgIlOB8Zk,UCm3mXl7hQbHVMxhKaOeEhYA,development,4
30,929,4042,I6Ivay2W2aI,UCl5xacxsAhltNGtiMktd_Sg,development,4
30,930,4047,wVA5QaLf0Tk,UCc30sTBdN9LRSxEuHaXV_bQ,test_reserved,
30,931,4048,8CuyLe-GZxI,UCiuCllaTAButX4ZC5DbRclw,development,5
30,932,4051,0Ml6r59G9Ww,UCZfQAl56Y6qStW8DECs2hGw,development,5
30,933,4053,GAHcbb8nd1o,UCgnFSj7jQffD5V5m05j4dPw,development,5
30,934,4058,wUquOw2guuM,UCCK3OZi788Ok44K97WAhLKQ,test_reserved,
30,935,4059,OBTJEriVusM,UCbS_glb2N1NVTrDLVryRbng,development,4
30,936,4063,DVzwjPI13mU,UCAH7R88V7gz7RqJv78nNOzg,development,3
30,937,4071,SlU_XHnOgDo,UCgnFSj7jQffD5V5m05j4dPw,development,5
30,938,4072,CZz9fX6Wzgc,UCLsRogzQ9bw2Efitidd0ikg,test_reserved,
30,939,4082,dvnhvighhm4,UCN5KMxQbOwIrbmJmsR4ojhA,development,4
30,940,4083,oQnuLjqRRgA,UCqrqt9Egbp4Voh3iEUUoorw,development,3
30,941,4088,hyeAfGyt3Fs,UCiwOYqQCfcQ-iV5VIguQcKA,development,2
30,942,4092,c6Kxk81R2b8,UC4L5fKRgM-3HjdKiZjTjsxw,development,3
30,943,4096,m_K1f4tQgxY,UCdfW3fTYPnjFcWM4pwmLvrg,test_reserved,
30,944,4106,R5Ch7PAYlGY,UCCK3OZi788Ok44K97WAhLKQ,test_reserved,
30,945,4107,4NNWgms6LOI,UCckltLEhFLv8Xz_lQhYfwmg,development,1
30,946,4110,lKVJ42Yoehw,UCOtYyt7W5PmPnwQjWWF_Z-Q,development,3
30,947,4113,cFkQklvLEFs,UCkOBWuInZXAP0DT3iAT5hYw,development,4
30,948,4116,sit2jUqylgM,UCbS_glb2N1NVTrDLVryRbng,development,4
30,949,4117,GNEJIDcUKzs,UClNX00LvziLlfJ_trtu8llQ,development,3
30,950,4119,DjF9Fr5RNxw,UCPXSUKHTNc1_hnHuj-UiQWQ,development,4
30,951,4120,i5zmOOV936Q,UCwdeq2uy9XyPT7-1Q7XRWUg,development,2
30,952,4124,kQuGDbB7J84,UCl49ihCGkE4RVEqoHu4KFJQ,development,3
30,953,4126,4R1HCN4H_tY,UCckltLEhFLv8Xz_lQhYfwmg,development,1
30,954,4135,hur0JQdLwp0,UCbS_glb2N1NVTrDLVryRbng,development,4
30,955,4137,JnVXSIJTrFo,UCbj5TVwioQCK3qtYYEzD3kA,test_reserved,
30,956,4140,X1uGKuVhPDg,UCRDDfbYPHX_GUJ4lcQYTc8A,development,2
30,957,4143,X9PFc-VM3zw,UCCK3OZi788Ok44K97WAhLKQ,test_reserved,
30,958,4149,sX1dvFLDBvA,UCOtYyt7W5PmPnwQjWWF_Z-Q,development,3
30,959,4150,IDTRwKjjIJQ,UCkLQJFBnqzhJCAvqn99hRUg,development,4
30,960,4153,FHKuhhIKi0I,UCbS_glb2N1NVTrDLVryRbng,development,4
30,961,4162,efacecf3JxM,UCHT6F9HJ9DtLUjTOH16yg6g,development,3
30,962,4166,m_Cy7rsvJDM,UCIoyIVPZEfC2p0dQwAxGiEw,test_reserved,
30,963,4173,nappSqkOCHc,UCaFC8Yo8pGEvX5hu5J6tGDg,development,4
30,964,4178,ePYDmsDelnU,UCckltLEhFLv8Xz_lQhYfwmg,development,1
30,965,4181,bsKdKVULcDc,UCdJppX3uAMFMvCTuE9qCowg,development,4
30,966,4184,QYEJif5zLZA,UCZfQAl56Y6qStW8DECs2hGw,development,5
30,967,4187,ybhq12D8r4g,UCbS_glb2N1NVTrDLVryRbng,development,4
30,968,4192,UhyVO5z08cU,UCqrqt9Egbp4Voh3iEUUoorw,development,3
30,969,4193,KGwat54z8xs,UCckltLEhFLv8Xz_lQhYfwmg,development,1
30,970,4194,uhFfR82BjN0,UCc30sTBdN9LRSxEuHaXV_bQ,test_reserved,
30,971,4196,iOMRac7IdTg,UCqrqt9Egbp4Voh3iEUUoorw,development,3
30,972,4204,XJ8w8kZaRRA,UCxEUUXpOFlVyBC9sf73Isow,development,1
30,973,4208,LdIlJvK21_Y,UCbS_glb2N1NVTrDLVryRbng,development,4
30,974,4211,kfGkg-krQYo,UCckltLEhFLv8Xz_lQhYfwmg,development,1
30,975,4213,c7_--jhG61Q,UCIKg0Ev6Vq2M7hU7bL_jHFQ,development,3
30,976,4214,zDGEFyKyhk0,UCpamW3WJjX0CgjWGsBxIm2w,development,3
30,977,4215,dvpu5G88nkA,UCckltLEhFLv8Xz_lQhYfwmg,development,1
30,978,4221,Yo1rFY-fRc0,UCqrqt9Egbp4Voh3iEUUoorw,development,3
30,979,4223,VU03FegfIOU,UCckltLEhFLv8Xz_lQhYfwmg,development,1
30,980,4226,E3JLr5onS_w,UCcijXxFzSXgoM6q9cCtT9PA,development,2
30,981,4228,Idz5StEuoEo,UCQTcNhAZidy1i9wwmdgf2Lw,development,4
30,982,4231,D9mpNGIl7uE,UCAgBGlUKoAQFXMUzshrWDgg,development,1
30,983,4234,q85mcxiFVFc,UCgnFSj7jQffD5V5m05j4dPw,development,5
30,984,4239,4PCMSs7NdOA,UCU698FK0A1JkE2VADC4fQlA,development,5
30,985,4241,KovoG9olL0Q,UCcijXxFzSXgoM6q9cCtT9PA,development,2
30,986,4244,cjT8JrJxovM,UCaESx7Bdghv_UICcG1hBkcg,development,2
30,987,4247,X6F7leFIXtk,UCQTcNhAZidy1i9wwmdgf2Lw,development,4
30,988,4249,vtLhyH5pr2k,UCgnFSj7jQffD5V5m05j4dPw,development,5
30,989,4255,f1SpBUtWaNs,UCyKbGIhchUM6-ybLXFXA1cg,development,1
30,990,4258,m39KD1tpaYE,UCgoCbMJ4JnH0q40GofKZxVg,development,3
30,991,4270,OssaqBWmEKM,UCQgP7Qg3su6gQj2nj-dGbWA,development,5
30,992,4272,U7EaHVoBEvo,UCg49edhvr3zKvWJz01MV8Mw,test_reserved,
30,993,4273,UpHmg8Agyww,UCGh7bj8m9xZtszizdpu8cMw,test_reserved,
30,994,4276,rrJ_Mv4fztY,UClSIhhnuyF8fXtBTpOOTknA,development,2
30,995,4287,W4LwL_zfSs8,UCaqKkC85KtIgXZK1edWABww,development,5
30,996,4288,Vzu2PsSHXRI,UC33Jrx8BvmJ5WSYVIj-3xgw,development,5
30,997,4290,OX6ZF1HcUWo,UCAH7R88V7gz7RqJv78nNOzg,development,3
30,998,4296,API6tlR2XJ8,UCN2EppENLvG8D2y7CQ8iLQw,development,2
30,999,4298,2syPTJDhv0s,UC944GuW0gSM0srEsZSZRQEQ,development,1
30,1000,4308,Q4pKZXN-wqk,UCRDDfbYPHX_GUJ4lcQYTc8A,development,2
30,1001,4309,q21Z0VbaLEQ,UCdl01jabKqzbe0XoZmn1y9A,development,3
30,1002,4319,WKlsWBfdvPo,UCAH7R88V7gz7RqJv78nNOzg,development,3
30,1003,4323,HY0aAq_-un0,UCRUyTXpT4JzSSaUyjfclOKA,development,1
30,1004,4331,VI6uW_eLesE,UC8-g9Rlv5NuUMb0I3KvHI6g,development,3
30,1005,4336,FAKQS_Kn6ZM,UCckltLEhFLv8Xz_lQhYfwmg,development,1
30,1006,4337,ROAadqQJKOk,UCRB8mrLCcwTPlJOMUy9MDUg,development,2
30,1007,4338,7jhk8_J0IL0,UCn0XmAUFv6d2tofMFEesSNw,development,5
30,1008,4340,nCAgVQtgZ-w,UCMxeqmVKOqiqh7V_A3h4gfA,development,2
30,1009,4357,iwr13piOTQc,UCgnFSj7jQffD5V5m05j4dPw,development,5
30,1010,4364,eoBr8F_bG_0,UCckltLEhFLv8Xz_lQhYfwmg,development,1
30,1011,4367,GXAV6lvRZJU,UC7di5zivMKpYOmhyhZ2nVvg,development,4
30,1012,4372,3gMcdAVI7o8,UCf2Iar2LDcFaSCnVH1ZMUkA,development,4
30,1013,4374,_UhwbVvHlHw,UCUa0a5l56H0xre3SljFYRgw,development,4
30,1014,4384,5-n2rCBjWYI,UCXWZGzBJjw0VUPU3Em5gFlQ,development,4
30,1015,4385,_svjwq4Pr_k,UCGwNjr4N0uUvqD8MopqsfyA,development,1
30,1016,4390,xOtIOqICbWE,UCOtYyt7W5PmPnwQjWWF_Z-Q,development,3
30,1017,4398,8oWiC3gwuXk,UCZv4N9cT2yGAbOgEGZ_cseQ,development,1
30,1018,4409,3EXKUyG4hoU,UCckltLEhFLv8Xz_lQhYfwmg,development,1
30,1019,4411,cvS7KSY6WL0,UCaIc6SgS90ud_RgMSC6hW_w,test_reserved,
30,1020,4412,AlIQKTLTqqI,UCmwIKQQjwpjNT8OQ_VZuRfg,development,3
30,1021,4414,rVD9fcq64vg,UCbLcppYDPaXh-SLaYadLJ2g,development,2
30,1022,4416,tbFC4bHRFOw,UCpoFVjuq1ALkaLXUCpn_GuA,development,2
30,1023,4419,IbLOF6d-oxI,UCXm0FsS7PXy0w5HeOkYMi7Q,test_reserved,
30,1024,4420,K8Hlw3uRfW0,UCcijXxFzSXgoM6q9cCtT9PA,development,2
30,1025,4422,H4SZRwcYVm4,UCn0XmAUFv6d2tofMFEesSNw,development,5
30,1026,4428,GFBssqtSeo0,UCgnFSj7jQffD5V5m05j4dPw,development,5
30,1027,4434,NpgayG8DR5w,UCCK3OZi788Ok44K97WAhLKQ,test_reserved,
30,1028,4435,z3d-3g0sI2o,UCPXSUKHTNc1_hnHuj-UiQWQ,development,4
30,1029,4436,FLDNtqztMJY,UCgnFSj7jQffD5V5m05j4dPw,development,5
30,1030,4445,WvAh8jfbAvw,UCBf296-OhUNfaDbtcYQ4RQQ,development,5
30,1031,4452,JdZ-8o38agA,UCprmDoTgvTMCbo8CInSLBIA,test_reserved,
30,1032,4459,kZDZLkY9Cxk,UCCbm1E52PV05ZLv6dtRB92Q,development,5
30,1033,4461,MYbLJ1uJf3k,UCcijXxFzSXgoM6q9cCtT9PA,development,2
30,1034,4466,cD3_8myjCZM,UCcrsFwwoMvcXYpJ0XldIlVQ,development,5
30,1035,4467,PF9Qb0fZ4lI,UCkagcQYGoYFuXsUg-ObSL6A,development,5
30,1036,4471,25t-8f9b0CY,UCdgWTRipbTuQsIiiPb6fB-A,development,5
30,1037,4473,x4dkrJLu6y0,UCHxf5NOZYmtmQEOkToogAiQ,development,5
30,1038,4474,1RAB1XdQbFY,UCfuND8HywiC1G1T5s1t6ElA,test_reserved,
30,1039,4476,sh6Sb_UD8m0,UCOHyRrRuD2zGCkpuCAlyOyA,development,3
30,1040,4479,ckxzX18GwAc,UC0QrPhl7LB3tfSN3Fls2o0g,development,1
30,1041,4490,RdwlXR__oGI,UCfQzTP1jc7JXj8hYtG31osw,test_reserved,
30,1042,4494,Piucvet4fPY,UCV_4W6LL-Iwh0UaT_B6exQg,development,5
30,1043,4497,p4gfsJTmDy4,UCckltLEhFLv8Xz_lQhYfwmg,development,1
30,1044,4508,IedPb2ooIzo,UCOgsOVUELkkv_irhET9kK_Q,development,1
30,1045,4510,Gd90LV_Ni9A,UCCK3OZi788Ok44K97WAhLKQ,test_reserved,
30,1046,4513,pmukVE_yEpY,UCbS_glb2N1NVTrDLVryRbng,development,4
30,1047,4516,Ii-io7kSHz0,UC1YGPDtctHGJWW0NrlQVklw,development,5
30,1048,4530,xxQL9VBNf5Y,UC8lKgUHo-2mSR5cRRXO9xow,test_reserved,
30,1049,4536,aa08c13ulvU,UCM3bQBUJ0PEbgfe9lAw_Y3Q,development,3
30,1050,4538,JX2oCR7RK3s,UCgnFSj7jQffD5V5m05j4dPw,development,5
30,1051,4540,KUmuDgkqstE,UCOmNxm15JgVbbxGVFoTkX-w,test_reserved,
30,1052,4545,M46FeyizJyY,UCiPqzkmX93ta8vFwMVS81oQ,development,3
30,1053,4549,5DKVRZanpxs,UC4eD6O9BDhL1gSOnFkqQl9A,development,1
30,1054,4550,G4uSDk0kFa4,UCcijXxFzSXgoM6q9cCtT9PA,development,2
30,1055,4551,Ix12c8VuObY,UCskNFH2e4ptFTkgeVmFPNhA,development,2
30,1056,4554,MFD0kAoo4dM,UC1CkcuwxCW_dIchuR0tTCJw,development,4
30,1057,4556,OED_yOZd-CM,UCh9qXeL8eP3Txra2908xksg,development,3
30,1058,4559,DoY_tzQ4hyM,UC-budHy3MfX1QRQPT3GTu1w,development,4
30,1059,4560,srzGhMQwOlE,UCckltLEhFLv8Xz_lQhYfwmg,development,1
30,1060,4566,NKHuAVFVBZQ,UCaESx7Bdghv_UICcG1hBkcg,development,2
30,1061,4570,rCoJainiVc4,UC3bDumjXNsq2ixYkUT7wT_g,development,3
30,1062,4573,JITVDQ3dats,UCu_V8lfzyGspxP-LNFowW9w,development,1
30,1063,4587,cf3HAub6PrI,UCCK3OZi788Ok44K97WAhLKQ,test_reserved,
30,1064,4591,jnADujk-n0g,UCc30sTBdN9LRSxEuHaXV_bQ,test_reserved,
30,1065,4597,5pK663oKAOQ,UC0554zf4RvVkxwt_tS4Wx_g,test_reserved,
30,1066,4598,aSceXYf8leQ,UCAH7R88V7gz7RqJv78nNOzg,development,3
30,1067,4617,AYA_aTrs63w,UCgnFSj7jQffD5V5m05j4dPw,development,5
30,1068,4620,gH7cGmUptXg,UCfctDMDRq0cS1N8ddyvLfAg,development,4
30,1069,4626,Tah9FRbpbOQ,UCPXSUKHTNc1_hnHuj-UiQWQ,development,4
30,1070,4630,EVuItbx_0DQ,UCgnFSj7jQffD5V5m05j4dPw,development,5
30,1071,4632,e55s1hm21Fs,UCckltLEhFLv8Xz_lQhYfwmg,development,1
30,1072,4636,iTKO1qWaxcY,UCud27Gl7WPKF4KmdOWKXIPg,development,5
30,1073,4637,6W7b0-p2_1M,UC3tvYy-s84yySG7V85jRDnA,development,4
30,1074,4642,h35EDexgT6s,UC4HY_G18OzcY63vhq-3Gw0g,development,1
30,1075,4643,JXZqwleIhjo,UCa68yFNzpqAEnwg37j8JXSg,test_reserved,
30,1076,4648,4U-Rj0NXHiI,UCCK3OZi788Ok44K97WAhLKQ,test_reserved,
30,1077,4658,Q0GqAtjSKtY,UCCwOzy0ryAUOTHmPBcPTdAg,test_reserved,
30,1078,4662,dVR6pX9i4b4,UC-InXGUDXmIVAZG7efBiU7A,development,1
30,1079,4663,7PqcKwDacfo,UCMxeqmVKOqiqh7V_A3h4gfA,development,2
30,1080,4664,FY9imeQpCSI,UCwbOjMYW_wWRq9yw3V6OyQA,development,1
30,1081,4665,kSaBS2ab_sQ,UCN7qTVHuIoIEmMMWQM8LPNQ,development,3
30,1082,4670,e2lDvAybGso,UCEieBVk2twUCVeoDDTeXo9Q,development,2
30,1083,4672,0ayyS75V-z0,UCn0XmAUFv6d2tofMFEesSNw,development,5
30,1084,4673,12JheuDfTVo,UCDuvyLq1ewXk3iNCrt_aF7A,development,3
30,1085,4675,MV08bV1rAQQ,UCXFiIVHYqQmgpmIi7KChMkQ,development,1
30,1086,4681,LjQy2xxyeq0,UCu7cGbQEMgGk8TD0ZYucM5g,test_reserved,
30,1087,4686,R0TpsfRVzQM,UCn39xNZ42C93DHXbbRH2mgA,development,3
30,1088,4687,fZfq61HACTo,UCcg4tDKgPLIc_x3lhWdogLg,development,4
30,1089,4689,6Ph16EBDI4M,UCOtYyt7W5PmPnwQjWWF_Z-Q,development,3
30,1090,4702,eqSFQz2P66o,UCkC-yhK-WnPNaNslH_LbBWQ,development,2
30,1091,4704,TR5PQO4-trM,UC8irIP66QzlZNVgqe4vwN9g,test_reserved,
30,1092,4707,EyI5eVNgjz8,UCckltLEhFLv8Xz_lQhYfwmg,development,1
30,1093,4708,H1p887pfJHA,UCAH7R88V7gz7RqJv78nNOzg,development,3
30,1094,4714,EzwrsUBqY4s,UCHhk9EHspPZejY9PnR1PLVg,development,2
30,1095,4716,jDF8AwUiVOQ,UCoNaQS6wefjNVFkwvxrzAYw,test_reserved,
30,1096,4719,Sd-rjMJO71c,UCjq3jp1xBUTbQodcOHXAGEg,development,4
30,1097,4723,KuPRWPfVMr8,UCCK3OZi788Ok44K97WAhLKQ,test_reserved,
30,1098,4724,GGrsRtKJUlk,UCaESx7Bdghv_UICcG1hBkcg,development,2
30,1099,4725,9IuIq6qHFso,UCPXSUKHTNc1_hnHuj-UiQWQ,development,4
30,1100,4733,1WpshLhcz1c,UCckltLEhFLv8Xz_lQhYfwmg,development,1
30,1101,4739,972grmAOSfM,UCZEXdsMN3HWEz34uY5PbtXA,test_reserved,
30,1102,4744,-PLsfnFxptw,UCbR7juPwtP-bV_w0840ciYQ,development,3
30,1103,4748,H59Sw5ncw_8,UCuW9OiaVwvoOraW1Jcc3_uA,development,2
30,1104,4755,Yd67ygQThpM,UCaESx7Bdghv_UICcG1hBkcg,development,2
30,1105,4757,hqZkEUyGLJo,UCrVFS_0PdV7AwyTgR13IcVg,test_reserved,
30,1106,4762,pD7CSFt8RAA,UCcijXxFzSXgoM6q9cCtT9PA,development,2
30,1107,4767,F7FsXDtHsBw,UC7stSaiwtUtv_0SzZTxovnQ,development,5
30,1108,4768,_TuQ6y1Dk60,UCaESx7Bdghv_UICcG1hBkcg,development,2
30,1109,4770,Zg8zhOwyGVs,UCN7qTVHuIoIEmMMWQM8LPNQ,development,3
30,1110,4773,FTp2h3s63vY,UC0fnN8-CgXOlHLjGc78e-0g,development,3
30,1111,4775,2kS4ilD_7yA,UCOtYyt7W5PmPnwQjWWF_Z-Q,development,3
30,1112,4779,EVgHUQ3byG4,UCu_V8lfzyGspxP-LNFowW9w,development,1
30,1113,4785,_YqJuKormyU,UCAH7R88V7gz7RqJv78nNOzg,development,3
30,1114,4788,aFvh6bIoEVk,UCxood6HxMjFCIoHa2dRI1Cg,development,3
30,1115,4790,GkYkdLpbUMo,UCkagcQYGoYFuXsUg-ObSL6A,development,5
30,1116,4796,Jkli9Kvy7rQ,UC8qBNfgWRK_WYYGSmmrfgPA,development,4
30,1117,4799,JdFrechqBJM,UCylhkgEGRNcr-hWRfx8KxzA,development,4
30,1118,4813,hmma9gZSaQQ,UCFiYb7cX7DVgkb0fsyt3pyQ,development,1
30,1119,4816,X9c4nB9zIV4,UCh9qXeL8eP3Txra2908xksg,development,3
30,1120,4821,B1dUSS233rk,UCCK3OZi788Ok44K97WAhLKQ,test_reserved,
30,1121,4824,FfWajily4qM,UCS00preUqXYy1PDLHwDBooA,development,3
30,1122,4825,xJyx4b3ZAhg,UCV_4W6LL-Iwh0UaT_B6exQg,development,5
30,1123,4834,mSF9rzbXee8,UC69csWmeK-LePWo8JJ9BoqQ,development,3
30,1124,4835,vVOAiJlMqgY,UCckltLEhFLv8Xz_lQhYfwmg,development,1
30,1125,4844,bnA8eKAI8x0,UCCK3OZi788Ok44K97WAhLKQ,test_reserved,
30,1126,4845,oVt68EMwlcE,UCZ-RBSr_ZD-jWWDgZmFyZyw,test_reserved,
30,1127,4846,Q1FfpSe1NSU,UCckltLEhFLv8Xz_lQhYfwmg,development,1
30,1128,4850,Z1jX6eadbyI,UCKdJeTmLiv-3ou9L5r1XUEg,test_reserved,
30,1129,4851,s9UD7yKi42s,UCckltLEhFLv8Xz_lQhYfwmg,development,1
30,1130,4852,Mmd_9bE_ACo,UC_OVGNPj6MFL1nZOU05HIZA,development,4
30,1131,4857,aPK-ppX4rLE,UCBlbnaMHXbDkLzm2KNKH7RQ,development,1
30,1132,4859,8ATnwWL4AyE,UCn0XmAUFv6d2tofMFEesSNw,development,5
30,1133,4861,RvNn8zdmG_8,UCOtYyt7W5PmPnwQjWWF_Z-Q,development,3
30,1134,4864,Oc09SnpaEiY,UCckltLEhFLv8Xz_lQhYfwmg,development,1
30,1135,4869,n7Jt4ok-MfQ,UCQTcNhAZidy1i9wwmdgf2Lw,development,4
30,1136,4873,K9w-1xTSTYQ,UCOtYyt7W5PmPnwQjWWF_Z-Q,development,3
30,1137,4874,Y1Qjop31pZc,UCMxeqmVKOqiqh7V_A3h4gfA,development,2
30,1138,4876,4vrNRiLaOAo,UCG4iJ9LgvBTfaTCqdtkmMIQ,development,3
30,1139,4882,M5ZwQXwohf8,UCbS_glb2N1NVTrDLVryRbng,development,4
30,1140,4886,ZCXe8SpO3iM,UCKpVunhV9C8UyXZ-5GtsH7A,development,2
30,1141,4890,nhvDOWORvqE,UCCbm1E52PV05ZLv6dtRB92Q,development,5
30,1142,4901,qOckVhuOQqk,UCp4rV_5KmCHG-_ub1r6B2Zg,test_reserved,
30,1143,4907,sx3xmp8_RJ4,UCXSus5Zss-0FP1quj0Mpndw,development,5
30,1144,4908,xKV2Pp68y9E,UCckltLEhFLv8Xz_lQhYfwmg,development,1
30,1145,4909,okdnvRjHc6E,UCGe9vzavXCSu7GBIgoPebeQ,development,4
30,1146,4911,uQ_ewZ060sw,UCpRgfr4_Eax0HHa2rwkRQ2w,development,1
30,1147,4922,j0FZdAfNPMU,UCCK3OZi788Ok44K97WAhLKQ,test_reserved,
30,1148,4925,V_8paEL5DlQ,UCaESx7Bdghv_UICcG1hBkcg,development,2
30,1149,4933,9UI1nzhL_50,UCqrqt9Egbp4Voh3iEUUoorw,development,3
30,1150,4934,6nuQ0iCX0lA,UCqrqt9Egbp4Voh3iEUUoorw,development,3
30,1151,4940,X_FimPgFeMg,UCaIc6SgS90ud_RgMSC6hW_w,test_reserved,
30,1152,4951,H2t0A1kBdAI,UCQTcNhAZidy1i9wwmdgf2Lw,development,4
30,1153,4955,H34X8RfeV_M,UCOI_wHZTTvcGwvsmlCx4imQ,development,2
30,1154,4961,UG9Mj2ZbUj0,UCp1NZ1G3fkJCgh6eNZ7MG6w,development,5
30,1155,4963,mAASNqxE21w,UC1YGPDtctHGJWW0NrlQVklw,development,5
30,1156,4965,9kLfL7yqhSc,UCK_mRBdCXMfDqOnnrP5_Ztg,development,2
30,1157,4966,WkzLyhaxH_4,UCgnFSj7jQffD5V5m05j4dPw,development,5
30,1158,4972,2nB-kR5GosY,UCckltLEhFLv8Xz_lQhYfwmg,development,1
30,1159,4975,GGVGf94Bc0o,UCMIOtMp-WuFS6f25y4Cwytg,development,2
30,1160,4976,qaZaVkj98IU,UCF11-Puqxb0jdeWNc7F_Fcw,development,2
30,1161,4982,kjLtHRK700I,UCJ44oEtQ4TUPUbVS6hLI9Hw,development,5
30,1162,4984,BnvIKN2PsDM,UCAH7R88V7gz7RqJv78nNOzg,development,3
30,1163,4990,IWPMPwfMGHs,UCbS_glb2N1NVTrDLVryRbng,development,4
30,1164,4991,da6OeB2lUKU,UCJojbxGV0sfU1QPWhRxx4-A,development,1
30,1165,4995,5KKIHEnXKRE,UCOtYyt7W5PmPnwQjWWF_Z-Q,development,3
30,1166,4997,IT9BacPgyO8,UC1YGPDtctHGJWW0NrlQVklw,development,5
30,1167,5003,n6-lfe_rVH4,UCu7cGbQEMgGk8TD0ZYucM5g,test_reserved,
30,1168,5012,SkJhhaIhKvQ,UCc30sTBdN9LRSxEuHaXV_bQ,test_reserved,
30,1169,5018,kyUOqKc-g7Y,UCXSus5Zss-0FP1quj0Mpndw,development,5
30,1170,5029,eVfctwdMaMU,UCEa6e_J_Xs_GKCzG8Eq15Xw,development,5
30,1171,5031,QR_P5UqBndM,UCq0hVW_G5kWt2ocLhbjOtGg,development,2
30,1172,5035,JrMGIpqwzgU,UC1hcl0aIr9KtXA-Kiq9itqw,development,3
30,1173,5036,n2F2eDTCPAk,UCaESx7Bdghv_UICcG1hBkcg,development,2
30,1174,5040,o7HldtPvDp4,UCCK3OZi788Ok44K97WAhLKQ,test_reserved,
30,1175,5043,tW0o2NY5eIA,UCh9qXeL8eP3Txra2908xksg,development,3
30,1176,5046,Ng9mc9aYJ2c,UCckltLEhFLv8Xz_lQhYfwmg,development,1
30,1177,5048,DZ6EDXNAVNA,UCRDDfbYPHX_GUJ4lcQYTc8A,development,2
30,1178,5050,C3L775X8jQU,UCQTcNhAZidy1i9wwmdgf2Lw,development,4
30,1179,5051,SVMvdQfJ4pc,UCUz70SsT1TZzlwEqvSCpJRA,development,4
30,1180,5054,G-OU9TnyY4w,UC4Pb9SEsCb1EpsXVYAVVajw,test_reserved,
30,1181,5058,dDghaB4kuQo,UCckltLEhFLv8Xz_lQhYfwmg,development,1
30,1182,5059,lqC3ROIQkXk,UCOHyRrRuD2zGCkpuCAlyOyA,development,3
30,1183,5060,hgNs6DMqbWw,UCcg4tDKgPLIc_x3lhWdogLg,development,4
30,1184,5062,aY_uFFvQ0zU,UCSvq6flKvb-vwtaU5hfnQjA,development,2
30,1185,5063,MnhGsrbGiaQ,UC_Yt4EUT5dtwOxMm6sheYrQ,development,5
30,1186,5068,nFWUS-u0vu0,UC4Pb9SEsCb1EpsXVYAVVajw,test_reserved,
30,1187,5071,pix93-cqhEk,UCppSNX9SEvI6TM1U0GLGQyA,development,2
30,1188,5076,n7KJXr95TTE,UCaESx7Bdghv_UICcG1hBkcg,development,2
30,1189,5078,KWu8p5cNLHI,UCGwSu8n08wtb7RVacaPs9Tw,development,3
30,1190,5083,02I0A2R9MSI,UCuW9OiaVwvoOraW1Jcc3_uA,development,2
30,1191,5084,xc5U-ZDzaUI,UCLNz9bgiJfM3ImTtYDOt8Ew,development,4
30,1192,5085,Oa2xaJUzQUs,UCRDDfbYPHX_GUJ4lcQYTc8A,development,2
30,1193,5105,LEjQctCuob0,UCeS8rbr3AqDgkYmEMLMWjnQ,test_reserved,
30,1194,5106,1A0vaUPOz_I,UCOtYyt7W5PmPnwQjWWF_Z-Q,development,3
30,1195,5109,wZQEGspH2Nw,UCcijXxFzSXgoM6q9cCtT9PA,development,2
30,1196,5111,TzaA0kApu7Y,UCuTgmLxqarTxuBU5ARMYUNQ,development,5
30,1197,5112,QF5X9vnhp-4,UC4Pb9SEsCb1EpsXVYAVVajw,test_reserved,
30,1198,5123,dNcr3-I3erI,UCzNxbzqN0to4GNb9otFuGJQ,development,1
30,1199,5135,YUAet8gZAlo,UCmAZwdFQyvTnrAVx5IqILgg,development,3
30,1200,5137,7lyqnm5Q3Sg,UCBf296-OhUNfaDbtcYQ4RQQ,development,5
30,1201,5138,Y1JGycIV5xU,UCbRbdFTihZZCq8r5-bQa0sA,test_reserved,
30,1202,5145,u6v1l1R8nFw,UCbR7juPwtP-bV_w0840ciYQ,development,3
30,1203,5147,i6WRNqLt5rY,UCckltLEhFLv8Xz_lQhYfwmg,development,1
30,1204,5149,GfriNBQtB4Y,UCrcATWZGF_p53r38i6VK0eA,test_reserved,
30,1205,5157,giUn2YDaSvw,UC1YGPDtctHGJWW0NrlQVklw,development,5
30,1206,5160,lsjkwlvssOg,UCc30sTBdN9LRSxEuHaXV_bQ,test_reserved,
30,1207,5165,4gjQp3cG5fQ,UCAgBGlUKoAQFXMUzshrWDgg,development,1
30,1208,5167,8PfmscHDwq0,UCzdwVqqrY_z1DJkpLfdMHag,development,5
30,1209,5168,a3vBkd3ZH0g,UCAH7R88V7gz7RqJv78nNOzg,development,3
30,1210,5171,iiEmA1JJzfc,UC2BTAEU-0MU0QV-vlDEvouQ,test_reserved,
30,1211,5172,GQ7LO0Wk5us,UC5mNdm6_f2fv50Hzsg7qW1g,development,1
30,1212,5181,_N_wWp3tuGo,UCn0XmAUFv6d2tofMFEesSNw,development,5
30,1213,5185,UDm-uAiGa3w,UCgnFSj7jQffD5V5m05j4dPw,development,5
30,1214,5190,OfYF2wpmc-w,UCOtYyt7W5PmPnwQjWWF_Z-Q,development,3
30,1215,5196,MRsYXQRhmSo,UC1YGPDtctHGJWW0NrlQVklw,development,5
30,1216,5197,C-OSZZNMjUw,UCfU_EkNq6OxL-RvZCx7f7wQ,test_reserved,
30,1217,5201,DRLqJRHP-qE,UCckltLEhFLv8Xz_lQhYfwmg,development,1
30,1218,5221,G6PZl23Ivbg,UCCK3OZi788Ok44K97WAhLKQ,test_reserved,
30,1219,5223,4-3pLoGbTDM,UCAH7R88V7gz7RqJv78nNOzg,development,3
30,1220,5225,gH7YYNJOQ0I,UCRB8mrLCcwTPlJOMUy9MDUg,development,2
30,1221,5228,4Bhk5Awk5fM,UCrtXFLaJQUh6R8xjW6l5tMQ,development,1
30,1222,5231,ikd6zgCPD-A,UClcIQJ6q-HsROoyWms8B8tg,development,1
30,1223,5235,-QsNP-OhnqU,UCJeJFkRVgi7gT7ViTxuHHdg,test_reserved,
30,1224,5237,zRGKLJkrdyo,UCcspHoBTj_aLhnJLwkMpWHQ,development,3
30,1225,5239,ooFQe7AgdmM,UCCK3OZi788Ok44K97WAhLKQ,test_reserved,
30,1226,5241,o7eLucICOYk,UC8lKgUHo-2mSR5cRRXO9xow,test_reserved,
30,1227,5254,hyRgaYbUbdU,UCbj5TVwioQCK3qtYYEzD3kA,test_reserved,
30,1228,5256,luatCwS8Cdw,UC0tV1b7IFEXFUUILF7mAcWw,development,5
30,1229,5260,a9ySsPx3zBk,UCcijXxFzSXgoM6q9cCtT9PA,development,2
30,1230,5262,AqJoFtZPjIY,UCCK3OZi788Ok44K97WAhLKQ,test_reserved,
30,1231,5266,hw0I8NHdHuY,UCZh-LKLV1xgqYh814W0pqjQ,development,3
30,1232,5272,uRuAnFuheNU,UCF11-Puqxb0jdeWNc7F_Fcw,development,2
30,1233,5274,zGc476CFvfE,UCZ-RBSr_ZD-jWWDgZmFyZyw,test_reserved,
30,1234,5277,MhY1qkRWGJ8,UCzBxpFnzdrbKctaSNozTHpA,development,4
30,1235,5278,XcGaQADaYEQ,UCckltLEhFLv8Xz_lQhYfwmg,development,1
30,1236,5282,2RJ2t5qWd60,UCckltLEhFLv8Xz_lQhYfwmg,development,1
30,1237,5290,8dmWYtgSs5U,UCx7lEnwLHxO9yPjOotGb-bA,development,2
30,1238,5296,7B-gbjsTDpE,UCckltLEhFLv8Xz_lQhYfwmg,development,1
30,1239,5297,MOU9Mitxbys,UCdl01jabKqzbe0XoZmn1y9A,development,3
30,1240,5305,jLdixH58TyI,UCbS_glb2N1NVTrDLVryRbng,development,4
30,1241,5306,No41qXum56I,UC5p0VT3GMM-PEYL_gulNSnA,development,3
30,1242,5308,eR3ZoJpNwDU,UC5lv4CxZMHtVTgdzvLjITbA,development,5
30,1243,5315,VFdEnT_pCGs,UCM3bQBUJ0PEbgfe9lAw_Y3Q,development,3
30,1244,5316,CEoIa7KSFOE,UCHhk9EHspPZejY9PnR1PLVg,development,2
30,1245,5317,CsML1a453CI,UCYEmdesrRlDICr6v6LnX5Bg,development,2
30,1246,5321,LTRKXmfESlw,UCkLQJFBnqzhJCAvqn99hRUg,development,4
30,1247,5325,rUhOEJk53Kk,UCm8I2aLYgPm_gdzw4SSkiGg,development,2
30,1248,5327,sxTe_GQoeX8,UCWLLcchNMCl8I5cGAMQYdpA,development,3
30,1249,5334,R4Y6Pfdtz1Y,UCcijXxFzSXgoM6q9cCtT9PA,development,2
30,1250,5338,dYHf4Z0Pu3w,UCcijXxFzSXgoM6q9cCtT9PA,development,2
30,1251,5343,DCte2r3viuA,UCPXSUKHTNc1_hnHuj-UiQWQ,development,4
30,1252,5346,0eAdxBsxYkU,UCQTcNhAZidy1i9wwmdgf2Lw,development,4
30,1253,5348,CG4XVitJVGI,UCkEC1Cni_4S08XLUPk4e40Q,test_reserved,
30,1254,5353,DWIwMo3ytoo,UCCK3OZi788Ok44K97WAhLKQ,test_reserved,
30,1255,5354,F_49m6zSeAM,UCprmDoTgvTMCbo8CInSLBIA,test_reserved,
30,1256,5355,eLtpTqgzghU,UCEItJuaZGCe0BlGzRKruP0A,development,5
30,1257,5362,GBRD9pHlfPA,UCBf296-OhUNfaDbtcYQ4RQQ,development,5
30,1258,5369,MVtCgyt8KBM,UCkzFXIie723z4vsYAMsMGsg,development,4
30,1259,5370,U32basRxPlk,UCjPgam2UGpF3EWkiHfp-0EQ,development,3
30,1260,5372,1I72fKMMhi4,UCYweMykEAI5aaRztqrJuuAg,development,2
30,1261,5380,4yhGjUJa2mw,UC4UaWbUUwVvCxWNqhb4f16Q,development,3
30,1262,5385,fkkfEDYDO7I,UCbS_glb2N1NVTrDLVryRbng,development,4
30,1263,5388,LIzAQRA0hcs,UCZNreSxdvd50nzMz5zkXg4w,development,5
30,1264,5389,n5f28cJQy_8,UCgdaUnUmkHDpYCU0w2pR7Rw,development,2
30,1265,5390,-77i8OCnIRA,UCl4Y73ZM9g5mP5W489jHp3w,development,1
30,1266,5392,tS-1QLD3e7A,UC9ORGuJaC-QPJByakklL9-w,development,3
30,1267,5394,iyN4IvkJ4uc,UCxAkK6_mU-y8NownflBHl7A,development,2
30,1268,5415,xF1zEamzbYY,UCygAzvEJNqZmteflPb1bbGA,development,5
30,1269,5430,ZMI1D9EoEhY,UCXozlWD-wtlZeWkC5Cl-oGQ,development,1
30,1270,5434,RWOb0SiSV34,UCn0XmAUFv6d2tofMFEesSNw,development,5
30,1271,5442,fbRVjdubf9k,UCrvZv5Ph8ODU8frd7ZGZQYg,development,5
30,1272,5456,0Mv4Xl2enTQ,UCB1peLqwO8xdVLp_v3qjDmQ,development,1
30,1273,5457,Ah46WVHTcMc,UCfVmYgJP_bBt00lLtPGsbcQ,development,4
30,1274,5461,3nO6Uitb4Pg,UCXfgx23Lw81I4wsCNhdVBgw,development,4
30,1275,5464,gsAPxTPJWwA,UCPXSUKHTNc1_hnHuj-UiQWQ,development,4
30,1276,5467,iAf-rB6J3TM,UCckltLEhFLv8Xz_lQhYfwmg,development,1
30,1277,5468,4aUwuCt3bKU,UCcijXxFzSXgoM6q9cCtT9PA,development,2
30,1278,5473,JFrN6MdplJo,UCQTcNhAZidy1i9wwmdgf2Lw,development,4
30,1279,5476,VpzGKAU9Utc,UCcijXxFzSXgoM6q9cCtT9PA,development,2
30,1280,5488,1bf170dDAvo,UC0A6PKKzwexBqhStrZ98lbw,test_reserved,
30,1281,5492,JkOMLnyl7tU,UCI3sRzrfKcpm_MKTYmo9lZg,development,1
30,1282,5493,HhDPzupD2jY,UCbS_glb2N1NVTrDLVryRbng,development,4
30,1283,5502,QrjRtC8klX0,UCN2EppENLvG8D2y7CQ8iLQw,development,2
30,1284,5505,KxWhLvxWnyY,UCQTcNhAZidy1i9wwmdgf2Lw,development,4
30,1285,5512,PhC-nORJaGI,UCS6wii1nENlRXQpu_1mp5CA,test_reserved,
30,1286,5517,0VPHFrFgo3k,UC265AWt6bbPKJcmpQwhif2A,development,3
30,1287,5520,iM1CDouKvWE,UCMkW7S3IszN1L9u1bLw23rQ,development,5
30,1288,5523,eTSdfJGjro4,UCy-3y3BEH8dFhPsNEnO74Vg,development,5
30,1289,5524,TEptve0CydI,UCckltLEhFLv8Xz_lQhYfwmg,development,1
30,1290,5526,jCgObx6XNx8,UCvZ8sPFxYngz2JN3DG93fOw,development,4
30,1291,5528,AyvaH-OeZ6E,UCfQfw--8dPGypR7sGcXJz0w,development,5
30,1292,5530,rIluS8a-ABg,UCCK3OZi788Ok44K97WAhLKQ,test_reserved,
30,1293,5531,nXT-ECefT7I,UCkagcQYGoYFuXsUg-ObSL6A,development,5
30,1294,5534,1vSZSJgVlWo,UCMcaGpzjo0D-d6oSvcg8PtA,development,4
30,1295,5536,XI8s5BlkucA,UCdK77phqBSZ9nY9XxqGmtYQ,development,3
30,1296,5541,NZ_Of9Kv_90,UCgnFSj7jQffD5V5m05j4dPw,development,5
30,1297,5544,1SPRI_E9kyE,UCYogjR8tl0p9hAtG4vmkksw,test_reserved,
30,1298,5545,Ra8FnyWsLjY,UCSSdxN7FMswC7GFnvVON-eQ,development,4
30,1299,5555,i1Z4T8TTURc,UCPXSUKHTNc1_hnHuj-UiQWQ,development,4
30,1300,5556,hr9o6cvLapQ,UCA5xW2Ce7KT2AtxzDYDebCA,development,4
30,1301,5559,DGPAKFg_kIo,UCcijXxFzSXgoM6q9cCtT9PA,development,2
30,1302,5569,mcHm0HNAWnk,UCbS_glb2N1NVTrDLVryRbng,development,4
30,1303,5572,9NRb9nDTxsY,UCTlVnv2IrpdHPiB4PeaH6Lw,test_reserved,
30,1304,5578,Q4o2yedjCYw,UCzdhdIwGTQNUTWVXdqyNCoQ,development,1
30,1305,5583,5UJxJLJB5mM,UC5R7F4Mw_ZV1c4tYe4UKLIg,development,4
30,1306,5584,xBAfL8FiFds,UCcijXxFzSXgoM6q9cCtT9PA,development,2
30,1307,5588,9DB0HSFR9W4,UCJ44oEtQ4TUPUbVS6hLI9Hw,development,5
30,1308,5596,PPrgOvmT5X8,UCowxAocjCbSGBMrpSwvxrEg,development,5
30,1309,5598,EG6pIGvFcRI,UCcijXxFzSXgoM6q9cCtT9PA,development,2
30,1310,5599,WbUzznoTjfk,UCckltLEhFLv8Xz_lQhYfwmg,development,1
30,1311,5600,YiL2b1y63Wg,UCckltLEhFLv8Xz_lQhYfwmg,development,1
30,1312,5606,XYvuQJ4LdmE,UCbS_glb2N1NVTrDLVryRbng,development,4
30,1313,5617,N4PZfmBTy-s,UCckltLEhFLv8Xz_lQhYfwmg,development,1
30,1314,5619,av4HefzgWPY,UCwm1pjpLVd7r9wdp-s_Swvw,development,4
30,1315,5622,T8875u8u6FU,UCxEUUXpOFlVyBC9sf73Isow,development,1
30,1316,5625,0p7FY7-afNQ,UCB6tVmll-6XbKyS3fq8P4MA,test_reserved,
30,1317,5636,fqXRwPU6xOQ,UCQTcNhAZidy1i9wwmdgf2Lw,development,4
30,1318,5638,7G-YSteNxn8,UCm8I2aLYgPm_gdzw4SSkiGg,development,2
30,1319,5641,ww8mxJ9kq0U,UCkLA7sLLrCERBrtvBTAh_jg,test_reserved,
30,1320,5645,YraDTA3tWrA,UC3cLeuBcLQ2vwEbVfdlfXyg,development,5
30,1321,5646,uA75cIwg6T0,UCAH7R88V7gz7RqJv78nNOzg,development,3
30,1322,5648,_HksQwnOosQ,UCckltLEhFLv8Xz_lQhYfwmg,development,1
30,1323,5650,66imKimQEAo,UCckltLEhFLv8Xz_lQhYfwmg,development,1
30,1324,5653,nIbbz30lRFY,UCHZ6l32mEskYLDm1OkjFO3g,development,5
30,1325,5654,mv6uqMrkp2o,UCVfnhhDIkkBJ_1QyzCqeVDg,development,2
30,1326,5660,dHotaM--RNk,UC324VVhYKykBv01GecF4aYg,development,5
30,1327,5663,6f2u1lYTiyA,UC4-OGkz_qi4h59w_HeqwYjg,development,5
30,1328,5674,De41Eoi7GGM,UCf2Iar2LDcFaSCnVH1ZMUkA,development,4
30,1329,5680,K2qD8WtR7ig,UCf2Iar2LDcFaSCnVH1ZMUkA,development,4
30,1330,5682,lwkPAy44sF4,UCPXSUKHTNc1_hnHuj-UiQWQ,development,4
30,1331,5690,QAlBvDaHFo0,UCckltLEhFLv8Xz_lQhYfwmg,development,1
30,1332,5693,ZEhygNs3zEg,UCOtYyt7W5PmPnwQjWWF_Z-Q,development,3
30,1333,5695,afkbZHp_ThU,UC0nMJ3QNryBHZpy1P3Wamwg,test_reserved,
30,1334,5696,4X38Jtre6kI,UCaESx7Bdghv_UICcG1hBkcg,development,2
30,1335,5704,wocuXo0DS7c,UCcijXxFzSXgoM6q9cCtT9PA,development,2
30,1336,5705,PQS5v70j2BM,UCqrqt9Egbp4Voh3iEUUoorw,development,3
30,1337,5711,5UFNGeHk3w4,UCQxYcvX5hnGJvuTFzKng-Vg,development,2
30,1338,5713,nbjgZAfF4vA,UCgnFSj7jQffD5V5m05j4dPw,development,5
30,1339,5717,wrW27m6lAO8,UC1YGPDtctHGJWW0NrlQVklw,development,5
30,1340,5720,s2_NbWXxDmM,UCXfgx23Lw81I4wsCNhdVBgw,development,4
30,1341,5723,N7lGFSdI3WY,UCLNz9bgiJfM3ImTtYDOt8Ew,development,4
30,1342,5727,foqq50Pf5TQ,UCaESx7Bdghv_UICcG1hBkcg,development,2
30,1343,5740,AAc8DK-vDWs,UCacIRbbu-hgx4sRW6tZPRoQ,test_reserved,
30,1344,5742,jAWenTJo4fk,UCCK3OZi788Ok44K97WAhLKQ,test_reserved,
30,1345,5745,xLFiL_FJ0e4,UCbS_glb2N1NVTrDLVryRbng,development,4
30,1346,5752,1b5_W--oHag,UCbS_glb2N1NVTrDLVryRbng,development,4
30,1347,5756,WulVdNXMrRQ,UCRDDfbYPHX_GUJ4lcQYTc8A,development,2
30,1348,5758,8lGHTpdJOnA,UCf2Iar2LDcFaSCnVH1ZMUkA,development,4
30,1349,5761,0_H7ShrP1tU,UCCK3OZi788Ok44K97WAhLKQ,test_reserved,
30,1350,5768,BD5wPOsGKG8,UCA5xW2Ce7KT2AtxzDYDebCA,development,4
30,1351,5769,EoMCk6xbWpo,UCckltLEhFLv8Xz_lQhYfwmg,development,1
30,1352,5779,67fARRkck7o,UCaESx7Bdghv_UICcG1hBkcg,development,2
30,1353,5780,Kiv3yEj07xc,UCCK3OZi788Ok44K97WAhLKQ,test_reserved,
30,1354,5781,UQMgczCx0pk,UCyaIoiqUyGoO7u6jIZm3h6Q,test_reserved,
30,1355,5785,FMtr5-lbMNo,UCYu4WywARv9NAIuV-kF8Fmg,development,2
30,1356,5797,jpFxRq9_J38,UCoNaQS6wefjNVFkwvxrzAYw,test_reserved,
30,1357,5798,ok6q7DghEOY,UCYweMykEAI5aaRztqrJuuAg,development,2
30,1358,5801,_RgOe5_owIc,UCQTcNhAZidy1i9wwmdgf2Lw,development,4
30,1359,5803,vrGV6OUPQ-o,UC2GNitBc9qBFZd0329eYOPg,test_reserved,
30,1360,5807,pIngrG4IZNI,UCgnFSj7jQffD5V5m05j4dPw,development,5
30,1361,5818,M0S1-EXXV_A,UC8rcDufKZ3W6CtZU69CtMXg,development,5
30,1362,5819,qhMIR8DNBY4,UCd6LnMF8BMnKY4Anwovreug,development,1
30,1363,5820,lkcs4Pl6G6w,UC1YGPDtctHGJWW0NrlQVklw,development,5
30,1364,5823,V8ER6DNo34k,UCckltLEhFLv8Xz_lQhYfwmg,development,1
30,1365,5824,zz_1brBXFjI,UC1hcl0aIr9KtXA-Kiq9itqw,development,3
30,1366,5825,5XXQDv7nAKk,UCjm7vbOwssao7Bhm9wX3-bw,development,3
30,1367,5830,HWzVTBeRt70,UC-vTBToHrXuxkqSJ3OEqS0Q,development,2
30,1368,5834,PHZS1pNDves,UC0OQrrbVFEASTwszPPVOndA,development,2
30,1369,5835,S5jl-oxhZGY,UCidNC9-9DsHj3FmP5N42Lqw,test_reserved,
30,1370,5841,vuNcRox0Oqg,UCQTcNhAZidy1i9wwmdgf2Lw,development,4
30,1371,5842,R7qDZ5SEYnA,UCSSdxN7FMswC7GFnvVON-eQ,development,4
30,1372,5848,yh8ROJcMQvs,UCCK3OZi788Ok44K97WAhLKQ,test_reserved,
30,1373,5857,Nj1l8MOD-f4,UCckltLEhFLv8Xz_lQhYfwmg,development,1
30,1374,5863,_E8kuJ94pMg,UC4Pb9SEsCb1EpsXVYAVVajw,test_reserved,
30,1375,5867,Pb0wr3uYNkw,UCgnFSj7jQffD5V5m05j4dPw,development,5
30,1376,5870,V53YI-c-HYM,UCOtYyt7W5PmPnwQjWWF_Z-Q,development,3
30,1377,5877,NgIOGuAt9TA,UCMW_Sgzlaezz3MHg3BtgKbw,development,5
30,1378,5882,DezfUbCxVzg,UCskNFH2e4ptFTkgeVmFPNhA,development,2
30,1379,5885,MwdvgFcrqds,UCewWZeJ0g9cHU61e_jN_bZg,development,1
30,1380,5887,2RMaOICt8uk,UCjCsmSR5ZZa2pgcjviTHfCA,test_reserved,
30,1381,5892,8rOjG9j4W2E,UCCK3OZi788Ok44K97WAhLKQ,test_reserved,
30,1382,5893,qPnSgv2N9KI,UC3asBjakSJquSeu2yt25lBw,test_reserved,
30,1383,5896,r_aV8zEILhE,UCmTrMV3RUj_n8dO0Ff-wHOQ,development,3
30,1384,5898,6OH_fI7x0Xw,UCusvl0DsifRAeHH9YQhdBOA,development,3
30,1385,5902,q8v6aPb0SmE,UC5R7F4Mw_ZV1c4tYe4UKLIg,development,4
30,1386,5904,gGzaVHItRA4,UCQTcNhAZidy1i9wwmdgf2Lw,development,4
30,1387,5911,-pke6mGnAh0,UC6jQt9K_jqnBNtsRf7hXHsA,development,2
30,1388,5912,z9VNStq44Sk,UCHxf5NOZYmtmQEOkToogAiQ,development,5
30,1389,5925,t8bu6xtLxe0,UCgnFSj7jQffD5V5m05j4dPw,development,5
30,1390,5928,Zjvyz29KPXk,UCR6_aPD4R4zCxV0ECariYxA,development,1
30,1391,5938,G5g8rnMAMqg,UCls_uDOm2aY8LP8tP1Z4BOQ,development,3
30,1392,5942,Jy7ojXDyL-E,UCJ44oEtQ4TUPUbVS6hLI9Hw,development,5
30,1393,5962,cVmh_Ph1oKU,UCqrqt9Egbp4Voh3iEUUoorw,development,3
30,1394,5966,y5AgAQvu1Oc,UCcbOsE5_4LEjtQi8X2PFxDw,development,2
30,1395,5969,zcQUnAVRwvA,UC1YGPDtctHGJWW0NrlQVklw,development,5
30,1396,5973,0wFEM41qYEY,UCOtYyt7W5PmPnwQjWWF_Z-Q,development,3
30,1397,5974,CZItSSKfhck,UCvZpRt_4T2NlC9111RxNBug,development,2
30,1398,5979,0ZVJl4nLobY,UCG0j1mTQov3RVBgLgh6wbKg,development,5
30,1399,5983,442kBASsunI,UCn0XmAUFv6d2tofMFEesSNw,development,5
30,1400,5994,sFxC__71vko,UCrhfPfnrGA6aLHO6qxvM7_Q,development,2
30,1401,5998,l_fdvJP7oI8,UCm8I2aLYgPm_gdzw4SSkiGg,development,2
30,1402,6001,o3JO0kRgbcE,UCMkW7S3IszN1L9u1bLw23rQ,development,5
30,1403,6009,fBYx46MLcV4,UCEuS493FuYJu_jGLfEjksUQ,test_reserved,
30,1404,6013,ixroDwq1lGM,UCRz88b4G1-MPeAECV7vOmAQ,development,2
30,1405,6018,AibsNrLY6Uo,UCckltLEhFLv8Xz_lQhYfwmg,development,1
30,1406,6023,6wqCoLl5fZE,UC8qBNfgWRK_WYYGSmmrfgPA,development,4
30,1407,6024,pgaW56ayN8E,UCckltLEhFLv8Xz_lQhYfwmg,development,1
30,1408,6027,ySkbaVh5EzI,UCDAkUKRB1pkb-s3Gqv7FZ7A,development,2
30,1409,6029,G6q1mvi5kjo,UCcg4tDKgPLIc_x3lhWdogLg,development,4
30,1410,6038,Fw0-PXPv-gY,UCZ6MS5ygBzz25PnSMaAw8PA,development,3
30,1411,6043,i1jXR10oMuI,UCmrLu4r89ykOzmtmbAeEklA,development,5
30,1412,6048,6WaDA6PP7zI,UCcspHoBTj_aLhnJLwkMpWHQ,development,3
30,1413,6051,hH1j44y2c0E,UCgnFSj7jQffD5V5m05j4dPw,development,5
30,1414,6055,iPOw1vorWOg,UCkK-FOO4FY_7QmxtDa4MLiA,development,2
30,1415,6060,H46CTkS4LTg,UCGwSu8n08wtb7RVacaPs9Tw,development,3
30,1416,6073,jHr7tCXJZ-s,UCckltLEhFLv8Xz_lQhYfwmg,development,1
30,1417,6078,q6MuZOpl79A,UCjX5zm1l8VZfEzAVMHKJSAg,test_reserved,
30,1418,6080,Ij8fWkpjKYI,UCM3bQBUJ0PEbgfe9lAw_Y3Q,development,3
30,1419,6085,EmnMhTRTau0,UCgnFSj7jQffD5V5m05j4dPw,development,5
30,1420,6089,Z3Ie7ZaE0mY,UCud27Gl7WPKF4KmdOWKXIPg,development,5
30,1421,6093,P0LzmSxAz4w,UCsU0TSt6Jm_yLlTkZS-FvUw,test_reserved,
30,1422,6099,7W3883A7ex4,UC1YGPDtctHGJWW0NrlQVklw,development,5
30,1423,6100,-YVB_j1p9J0,UCCK3OZi788Ok44K97WAhLKQ,test_reserved,
30,1424,6106,C8htjy3vnFg,UCsAPX_-Yu9O_3dJu0aUj_BA,development,4
30,1425,6111,NY8uqPvlQrU,UCOHyRrRuD2zGCkpuCAlyOyA,development,3
30,1426,6117,LOGKLHFNhy4,UCaI8gOmwQZJpganFN4-SZlg,development,2
30,1427,6119,etFB7VDZtXE,UCRtOZlngzqpl4h2qjmCLh_A,development,5
30,1428,6120,vmpPNryZqVY,UCAGQUfHzdsgxJ1pq2XDS2TQ,test_reserved,
30,1429,6121,DX3sXonl9KM,UCTN68Ja0PcelkTQW8KX3y2A,development,3
30,1430,6123,vUoyyVIC0aA,UCJ44oEtQ4TUPUbVS6hLI9Hw,development,5
30,1431,6126,puNsKY9r_OI,UCj66yJ6BRcAD83A7KhIl9lw,test_reserved,
30,1432,6129,42TXHrSnUNI,UCc30sTBdN9LRSxEuHaXV_bQ,test_reserved,
30,1433,6139,kpBid_Xrk0k,UC2Amu02bFnMs-XglUunh44w,development,4
30,1434,6144,A70JsDF4iTY,UC_nFt7ialY-bZ-nUFwzY_hg,development,1
30,1435,6145,lLtjlhmU9dY,UCaJ7jMM--ysn4kmgXLj15_A,development,3
30,1436,6151,2GuM6lYPu2s,UCckltLEhFLv8Xz_lQhYfwmg,development,1
30,1437,6153,q4Phvx8TCaI,UC_-pe4UZxLsbCeUSnjkb_WQ,development,1
30,1438,6156,Sk5EsjezVcw,UCcijXxFzSXgoM6q9cCtT9PA,development,2
30,1439,6161,e7u6iayhZgg,UCCbm1E52PV05ZLv6dtRB92Q,development,5
30,1440,6163,UfyBedX6H4E,UCk9jF1m8XqLTOcixWkGb0jg,test_reserved,
30,1441,6165,blf7G97_Ejw,UCckltLEhFLv8Xz_lQhYfwmg,development,1
30,1442,6169,3yZ8j-R0u8o,UCRDDfbYPHX_GUJ4lcQYTc8A,development,2
30,1443,6178,amiut0eaUOw,UC_oQPOpRefuPENfsJ404nmA,test_reserved,
30,1444,6184,2LUgGzMYtTY,UCMSkjQ3tGULsiJeTD6UspsQ,test_reserved,
30,1445,6186,kq4bDAC9bZk,UCf2Iar2LDcFaSCnVH1ZMUkA,development,4
30,1446,6188,yLZBDK1sPw0,UCcijXxFzSXgoM6q9cCtT9PA,development,2
30,1447,6196,Sz6bo_6zhPo,UCcijXxFzSXgoM6q9cCtT9PA,development,2
30,1448,6197,QKOEXlmpCvw,UC22LfvKY_7Ibkt5I5wFqwfg,development,4
30,1449,6204,sM1RYe1ToPg,UC944GuW0gSM0srEsZSZRQEQ,development,1
30,1450,6210,eMAZp45CoMI,UCNnL7JQhtBvNZWn9Cg13i2Q,development,1
30,1451,6216,YBBGUdoyfKk,UCLj8c-AqbSmkSPLG44lT0lw,development,4
30,1452,6217,GIK_q3vjVXQ,UCqrqt9Egbp4Voh3iEUUoorw,development,3
30,1453,6235,pcwEi8OEyRE,UCacIRbbu-hgx4sRW6tZPRoQ,test_reserved,
30,1454,6240,P6od6_vIt1U,UCRDDfbYPHX_GUJ4lcQYTc8A,development,2
30,1455,6241,VkBIn1ycIns,UCQTcNhAZidy1i9wwmdgf2Lw,development,4
30,1456,6244,rOYfp0VVPFs,UCckltLEhFLv8Xz_lQhYfwmg,development,1
30,1457,6257,9y6woGyIhr0,UCcijXxFzSXgoM6q9cCtT9PA,development,2
30,1458,6266,SU4iT2gkLD4,UCc30sTBdN9LRSxEuHaXV_bQ,test_reserved,
30,1459,6271,n9XL8jc9ECQ,UCc30sTBdN9LRSxEuHaXV_bQ,test_reserved,
30,1460,6272,x3SNBOInHQQ,UCRB8mrLCcwTPlJOMUy9MDUg,development,2
30,1461,6276,10VbWFJMFwQ,UCOtYyt7W5PmPnwQjWWF_Z-Q,development,3
30,1462,6278,5zJKUkAcjEQ,UCgnFSj7jQffD5V5m05j4dPw,development,5
30,1463,6280,US64-CRXu5w,UCkuoWSLw-SNu8dvVCU0MjMQ,development,1
30,1464,6283,0V6ok3JrNug,UC6jQt9K_jqnBNtsRf7hXHsA,development,2
30,1465,6287,t_CZAAoTLY4,UCPXSUKHTNc1_hnHuj-UiQWQ,development,4
30,1466,6291,nBpG3RrTLQs,UC5_mCvFp3zgtxoX1W9yHHHQ,development,1
30,1467,6299,Zyabz4L5MVs,UCbS_glb2N1NVTrDLVryRbng,development,4
30,1468,6315,yuqRDMO0O1s,UCgnFSj7jQffD5V5m05j4dPw,development,5
30,1469,6317,pRXXe5BKX8k,UCE_uaeRZwW7roZqYO31iDWg,development,1
30,1470,6323,O9GdZQsiY70,UCzdwVqqrY_z1DJkpLfdMHag,development,5
30,1471,6334,dL_cIGTm_oQ,UCbS_glb2N1NVTrDLVryRbng,development,4
30,1472,6336,hZhY14J8XGQ,UCkXjFNkQdPUGCXGvwqAx7og,development,4
30,1473,6338,OHWvQ3EA5XA,UCqrqt9Egbp4Voh3iEUUoorw,development,3
30,1474,6341,RA0bzzvkCLk,UCcspHoBTj_aLhnJLwkMpWHQ,development,3
30,1475,6342,ZyuljkumshI,UCB3pmaew5i2Sp9LJe03BU8g,development,4
30,1476,6346,fEUt3NW8yfU,UC1nFPCnX9qu53XUsSEmjyNw,development,3
30,1477,6347,M5xbXAiaiVQ,UCvLsvfgY-hbGDtOi2udm4Gg,development,4
30,1478,6348,rAY8jRA9sjY,UCiR8kH7EvdjJGp41a9KIfsQ,development,3
30,1479,6350,MCpsgWa812Q,UCCK3OZi788Ok44K97WAhLKQ,test_reserved,
30,1480,6365,Hji7Zo6UYB0,UCckltLEhFLv8Xz_lQhYfwmg,development,1
30,1481,6369,Xya0t6-3-V0,UCr5BVR_ePEz_9V-KF5rSEmQ,test_reserved,
30,1482,6373,3ZlBgPA5u-o,UCCK3OZi788Ok44K97WAhLKQ,test_reserved,
30,1483,6374,XiSwg8IJR-M,UC38c_i9VoaIjDpp46l35d0w,development,2
30,1484,6379,eBSwhWKij7M,UC_hR1wSDcKjBRTlKtp6LK1A,development,4
30,1485,6384,7OGT3GUPLlk,UCCK3OZi788Ok44K97WAhLKQ,test_reserved,
30,1486,6386,KhUaCPPMI8o,UCOHyRrRuD2zGCkpuCAlyOyA,development,3
30,1487,6390,YzWOo6xwPuE,UCdgWTRipbTuQsIiiPb6fB-A,development,5
30,1488,6392,usdolkyBtlc,UCwtuDrW63iZmgrnlRgP8mow,development,2
30,1489,6397,Mhb_K-YS1HM,UCPXSUKHTNc1_hnHuj-UiQWQ,development,4
30,1490,6407,_oIGRqNh21Y,UCuJmg9Gw1uO-JGVLk9iACDw,development,2
30,1491,6408,3qODXZjsiIE,UCPXSUKHTNc1_hnHuj-UiQWQ,development,4
30,1492,6409,GuDfwB0H_dA,UCctwRj5yOB7cFYPc8z_rZSw,development,5
30,1493,6410,MtXJiHIxfPI,UCckltLEhFLv8Xz_lQhYfwmg,development,1
30,1494,6414,1tA9i1kmLqA,UCckltLEhFLv8Xz_lQhYfwmg,development,1
30,1495,6415,9tZu9mXsyUA,UCAH7R88V7gz7RqJv78nNOzg,development,3
30,1496,6424,xVWXlXqq7nQ,UCaCnmd0sVADrw8228hCBnlA,development,4
30,1497,6429,9aqBC7eWKOs,UCuJmg9Gw1uO-JGVLk9iACDw,development,2
30,1498,6431,f4dICEbu90E,UCXfgx23Lw81I4wsCNhdVBgw,development,4
30,1499,6435,h5D-4dmL2Xw,UC-GRFwciK7JiP8T4tl0pftQ,test_reserved,
30,1500,6437,3seRsQc8hFo,UCFdCT7ZJCc9ax1yAqDCQPaA,development,5
30,1501,6442,k4iIg-deQRM,UCfU_EkNq6OxL-RvZCx7f7wQ,test_reserved,
30,1502,6456,fXI4bJoePQ4,UCgnFSj7jQffD5V5m05j4dPw,development,5
30,1503,6458,o7qydjmKFbw,UC-4FUBrbjpCCoNGqHh6X5og,development,1
30,1504,6460,4BM-8nl1KW8,UCMk3TZ_MvwlPbSYp_1FScrw,development,2
30,1505,6461,_AmOiTGE5nw,UCckltLEhFLv8Xz_lQhYfwmg,development,1
30,1506,6465,1zHi3rLvdII,UCnRmorY-xMkotuJSykIMPsg,test_reserved,
30,1507,6473,CHLof_GHUF0,UCyZS69UpW-wtQvZxnLtDx1A,development,2
30,1508,6474,_xkvZzG3XYo,UC1hcl0aIr9KtXA-Kiq9itqw,development,3
30,1509,6477,OsnNyhWDD9Y,UCPueJmiUPtofKLh_sbSFcqA,development,5
30,1510,6480,HeUqNV8mXUQ,UCckltLEhFLv8Xz_lQhYfwmg,development,1
30,1511,6481,oLla1TrHIWs,UC3sxNugUTDt39PNiE2jsVRA,test_reserved,
30,1512,6482,RsPMwcpFKUE,UCqDMvUe1Zy9QzR-F6X7B5pw,development,1
30,1513,6490,SJP4nj5NPIg,UCckltLEhFLv8Xz_lQhYfwmg,development,1
30,1514,6492,bCvWo6u6ahw,UCv50lhIEdFjQAVZk2C6WaVA,development,3
30,1515,6493,zfhr69cVU4g,UC4UaWbUUwVvCxWNqhb4f16Q,development,3
30,1516,6497,3y_PB2CPi2s,UCpP5Y5ssB2iicCuWrpVpR3A,test_reserved,
30,1517,6498,Zn51JFhqQkw,UChsvddGPTnFP1915_GTb3KQ,development,1
30,1518,6499,eG1B0vR1u3U,UCOtYyt7W5PmPnwQjWWF_Z-Q,development,3
30,1519,6502,orqW1yawqOA,UCckltLEhFLv8Xz_lQhYfwmg,development,1
30,1520,6504,8NPxHWLtCOg,UCwnRMnxUyJ5iGZkE1nADVvw,test_reserved,
30,1521,6506,5iwDFj60d1k,UCOtYyt7W5PmPnwQjWWF_Z-Q,development,3
30,1522,6509,oolpMy05zUc,UCegqG9T-A_SJKIC8oihTHhg,test_reserved,
30,1523,6510,ca7XmtjW1os,UCZWXOdFyxE0frP_uXHN_BJw,development,1
30,1524,6514,KMo_1pA-iE0,UCgnFSj7jQffD5V5m05j4dPw,development,5
30,1525,6519,jdQLn04ZUEk,UC_Urg845xBIOarYXBx_Ko2w,development,1
30,1526,6521,QuHBoDzi0Gs,UC1h_aaTcmTzrff8ifpPUTZg,development,2
30,1527,6523,8QHm42mX_BY,UCfdBd-9WWZUv1h7d80Omy8g,development,2
30,1528,6526,eF48dIAizFA,UCCK3OZi788Ok44K97WAhLKQ,test_reserved,
30,1529,6527,6P8dhKyYFNM,UC5R7F4Mw_ZV1c4tYe4UKLIg,development,4
30,1530,6530,lh95c69PAYk,UCn0XmAUFv6d2tofMFEesSNw,development,5
30,1531,6532,DmPC1104xqI,UCr6N1fR_Lb9ftvHwqCsadSg,development,2
30,1532,6539,6XU34M5Eri4,UCqrqt9Egbp4Voh3iEUUoorw,development,3
30,1533,6544,uPgS_335L6A,UCckltLEhFLv8Xz_lQhYfwmg,development,1
30,1534,6550,XrZFa99aD54,UCqrqt9Egbp4Voh3iEUUoorw,development,3
30,1535,6551,tdMvDIuzoJI,UC1YGPDtctHGJWW0NrlQVklw,development,5
30,1536,6554,hebXFPSFL-I,UCgooj1ufFuOk6GD2jq8CbdQ,development,2
30,1537,6555,DvRbKLp-ej4,UCh2Xwe7on2Oa2MBtk8zvEuw,development,3
30,1538,6559,VqaFCwPldLQ,UCh-cPhwaVIJTFLMq0ZNf-hg,test_reserved,
30,1539,6562,AYOdr61Lmdg,UCQTcNhAZidy1i9wwmdgf2Lw,development,4
30,1540,6565,2UNb6vyw1Ug,UCrVFS_0PdV7AwyTgR13IcVg,test_reserved,
30,1541,6572,4w2NsyHxwgk,UCbS_glb2N1NVTrDLVryRbng,development,4
30,1542,6574,3A_BKQW6oX4,UCckltLEhFLv8Xz_lQhYfwmg,development,1
30,1543,6575,ktBFGqw9MCM,UC_7Jqqz_coq4yn0Fm7B_tIA,development,3
30,1544,6587,8LDVSY8XWzA,UCWwo8NBrDNOb5EEZadW3iWA,development,1
30,1545,6588,kGySu4rvFl8,UCqrqt9Egbp4Voh3iEUUoorw,development,3
30,1546,6589,IAfQpSKoIEg,UCILFY0DK2vcnnnTAgWrX-xw,development,5
30,1547,6591,6Y9kmJ8YCpU,UCG0j1mTQov3RVBgLgh6wbKg,development,5
30,1548,6594,H4zALESLTkw,UCbS_glb2N1NVTrDLVryRbng,development,4
30,1549,6598,8K50zGtQXmc,UCYweMykEAI5aaRztqrJuuAg,development,2
30,1550,6600,nHsTT8ZMNoQ,UCdxXgi-bzxMZEx5M-TSr3qA,test_reserved,
30,1551,6604,s02x0LdYmws,UCOtYyt7W5PmPnwQjWWF_Z-Q,development,3
30,1552,6606,It4tjNQ5HDE,UCCSpwCvA20G-b2u7kjjogqw,development,1
30,1553,6615,fCUDNMGQjfw,UC4Pb9SEsCb1EpsXVYAVVajw,test_reserved,
30,1554,6625,UfOU27FS_Ig,UCVfnhhDIkkBJ_1QyzCqeVDg,development,2
30,1555,6628,7VyQ0C2t7GU,UCckltLEhFLv8Xz_lQhYfwmg,development,1
30,1556,6629,dLWJsuk1FQg,UCf48pki8AqjBHuV80LcC7kA,test_reserved,
30,1557,6631,OQxh36JnvT0,UCM4-TLxH9bFDlsjc6BlbsIA,test_reserved,
30,1558,6633,pUJcxTxa4fY,UCPAbeKHjE4HpRXqo4AXJzVQ,development,1
30,1559,6641,L264a2DZt3c,UCc30sTBdN9LRSxEuHaXV_bQ,test_reserved,
30,1560,6643,Qr5XBHc17UM,UCcg4tDKgPLIc_x3lhWdogLg,development,4
30,1561,6644,yj7cEYT_ywc,UCvivK4AwTrkPBnmrObTFxaQ,test_reserved,
30,1562,6651,yXheRt8OFpw,UCXfgx23Lw81I4wsCNhdVBgw,development,4
30,1563,6654,VK9i5TsignI,UCCQ3mUIQTv2Snhw5Os0Yo5Q,development,3
30,1564,6660,q_j_sN7at8c,UC38c_i9VoaIjDpp46l35d0w,development,2
30,1565,6667,b8hH06u3MoM,UCALssg4U8BjdtR-DX43o-mQ,development,2
30,1566,6671,OFeRIZndC7I,UCckltLEhFLv8Xz_lQhYfwmg,development,1
30,1567,6673,oMfxI7bwe18,UCmrLu4r89ykOzmtmbAeEklA,development,5
30,1568,6683,wU74BJVLY5A,UCwyld30uUaeOoRl9Y1dsfLw,development,3
30,1569,6684,9mHZhXO1xKI,UCQxYcvX5hnGJvuTFzKng-Vg,development,2
30,1570,6693,6Z05tELGb5c,UCCK3OZi788Ok44K97WAhLKQ,test_reserved,
30,1571,6696,YfUmybuTmYM,UCeA0YDYhED5x7n3udzVNlpA,development,5
30,1572,6699,5fvnL2T_J5I,UCLbLJNJZ4SAx_9vSEjRyN9w,development,5
30,1573,6701,ZXNGHMxPTEI,UC6jQt9K_jqnBNtsRf7hXHsA,development,2
30,1574,6714,EYUmjUlS2Bs,UCvZpRt_4T2NlC9111RxNBug,development,2
30,1575,6715,GdWnS9pzuH8,UCI3Xc02tgvW28O-Rrou3LxQ,development,4
30,1576,6716,8PeSGsRW4CA,UCIQYzhtvJ9Ve8IlADFudn0g,test_reserved,
30,1577,6718,cGjCZYdYGHY,UCCK3OZi788Ok44K97WAhLKQ,test_reserved,
30,1578,6720,euqrKcVLGZI,UC5-n2dfksESEt3ATmM6Uujw,test_reserved,
30,1579,6725,BCM6YJEa1ps,UCOtYyt7W5PmPnwQjWWF_Z-Q,development,3
30,1580,6726,kuzm2qz4HYY,UCcijXxFzSXgoM6q9cCtT9PA,development,2
30,1581,6735,8Qi-SpgXDVg,UCCK3OZi788Ok44K97WAhLKQ,test_reserved,
30,1582,6740,eYGDqlVGJos,UCbS_glb2N1NVTrDLVryRbng,development,4
30,1583,6742,85gaSU2GZvM,UCckltLEhFLv8Xz_lQhYfwmg,development,1
30,1584,6750,PNE670Knl1E,UCsAPX_-Yu9O_3dJu0aUj_BA,development,4
30,1585,6752,-ldvrCn3ANY,UCHZ6l32mEskYLDm1OkjFO3g,development,5
30,1586,6763,G7wSjZlfo-M,UCr-6xm7xSlbjYgDdwoyLtYQ,development,1
30,1587,6770,fHPOdgaIkIg,UCckltLEhFLv8Xz_lQhYfwmg,development,1
30,1588,6771,QaVNkTrMPwQ,UCcijXxFzSXgoM6q9cCtT9PA,development,2
30,1589,6780,7jaLz7-Miec,UCbS_glb2N1NVTrDLVryRbng,development,4
30,1590,6782,-fkExh_ogLE,UCf2Iar2LDcFaSCnVH1ZMUkA,development,4
30,1591,6784,A4D-htngQDo,UCMNaxF22tMr_rcNI5fkUkYw,development,4
30,1592,6789,mVwfWMBWpks,UCgoCbMJ4JnH0q40GofKZxVg,development,3
30,1593,6791,Y5Dc3tFJp9w,UCcijXxFzSXgoM6q9cCtT9PA,development,2
30,1594,6792,7zDua74_mtQ,UCw3UDSrbKod4Gk_rSpA5gqw,development,3
30,1595,6797,S8gKTk5NGG4,UC265AWt6bbPKJcmpQwhif2A,development,3
30,1596,6804,jx9H9cSwYKA,UCDIfBxwQyQY8_qt9BjGnNDw,development,1
30,1597,6808,GHA7omg48QQ,UCaoUDHP-lpKY06Y3axFEmew,test_reserved,
30,1598,6810,M7RawyA-S5o,UCc30sTBdN9LRSxEuHaXV_bQ,test_reserved,
30,1599,6814,rmB-PrDPDUU,UCckltLEhFLv8Xz_lQhYfwmg,development,1
30,1600,6815,2SZLVO3-GS8,UCvZ8sPFxYngz2JN3DG93fOw,development,4
30,1601,6819,DJ7gWTxeyDI,UCckltLEhFLv8Xz_lQhYfwmg,development,1
30,1602,6823,-J72f7BcOPw,UCT83ymyAGm7Gnk_4ifxjxIA,development,4
30,1603,6829,p8LrbE0kNA4,UCzdhdIwGTQNUTWVXdqyNCoQ,development,1
30,1604,6831,ZI9J6V1eRmo,UCHZ6l32mEskYLDm1OkjFO3g,development,5
30,1605,6834,HcYlGjmF2zM,UCCK3OZi788Ok44K97WAhLKQ,test_reserved,
30,1606,6836,xD8oiWwK3W4,UCsAPX_-Yu9O_3dJu0aUj_BA,development,4
30,1607,6842,db-dsR3GdCI,UCaIc6SgS90ud_RgMSC6hW_w,test_reserved,
30,1608,6844,FcDr5JQO1-Q,UCCK3OZi788Ok44K97WAhLKQ,test_reserved,
30,1609,6848,3c5h9QsUil8,UC6MkngMDyobFNaXOZR0ukyQ,development,1
30,1610,6852,r1JORoYhO1Y,UCDqFysWGVtduHRyawK8oJkw,development,5
30,1611,6853,ldm-Vuhfdb0,UC1BSMzeIFCVLaTI2-l8mJbw,development,2
30,1612,6858,4W8BUXYjkuQ,UCiSjgMdwgt_wYFGu2QpVtPg,development,1
30,1613,6866,yq_LBQtKML0,UCckltLEhFLv8Xz_lQhYfwmg,development,1
30,1614,6875,MozdFNVBrro,UCOtYyt7W5PmPnwQjWWF_Z-Q,development,3
30,1615,6882,aFR1CZJrAFQ,UCckltLEhFLv8Xz_lQhYfwmg,development,1
30,1616,6885,rDsmqZX72Vc,UCcwCsuV7bOpTfqf2UvLfYmg,development,2
30,1617,6897,68rSoix8M2E,UCpRgfr4_Eax0HHa2rwkRQ2w,development,1
30,1618,6898,ft7fLmUjvGc,UC8lKgUHo-2mSR5cRRXO9xow,test_reserved,
30,1619,6900,ITukCwqaTTs,UCamSAN6IFdxTRTbfSSrkiDw,development,4
30,1620,6902,eYIbk73J1Hc,UCCK3OZi788Ok44K97WAhLKQ,test_reserved,
30,1621,6903,q1loJMK3TXQ,UCQTcNhAZidy1i9wwmdgf2Lw,development,4
30,1622,6907,EdDZVUUcAcU,UCbkMFGQ_RWIf0OiYeOpf6Ng,test_reserved,
30,1623,6910,HjD1rTtnyuQ,UC_9VJwufGMIJmGyWrKIKSRg,development,3
30,1624,6913,Ix8lYY8yWyg,UCoz7UhbfPFJyljIIV2saR7A,development,3
30,1625,6915,tbCLON9BDuc,UCafJV2dgvIHYxjKb4GJpV7w,development,4
30,1626,6917,KUafhXC-K5s,UCb0KyqTm4bkjnZg_mND9hhg,test_reserved,
30,1627,6919,GpxPljkneO0,UCYB7HJ5mt61PSDByUrF3IJg,development,3
30,1628,6933,MiErlY48OAw,UCckltLEhFLv8Xz_lQhYfwmg,development,1
30,1629,6934,rjgLq0Lkq8k,UCbS_glb2N1NVTrDLVryRbng,development,4
30,1630,6940,zjZFU3povhE,UCv2eZuaYeehdcyLvzucKy-A,development,5
30,1631,6942,aRQYS6H_Kbk,UC1YGPDtctHGJWW0NrlQVklw,development,5
30,1632,6943,gI0KNuJMYZ8,UCRB8mrLCcwTPlJOMUy9MDUg,development,2
30,1633,6954,B3kMaW6QH8s,UCXm0FsS7PXy0w5HeOkYMi7Q,test_reserved,
30,1634,6956,JpBwcURqSnM,UCIKg0Ev6Vq2M7hU7bL_jHFQ,development,3
30,1635,6965,IOOMMLczkCU,UCPXSUKHTNc1_hnHuj-UiQWQ,development,4
30,1636,6968,-7iMClsFu1E,UCix7C1KG_SPtiMXommMExNg,test_reserved,
30,1637,6972,nAzldWuH0nE,UCCK3OZi788Ok44K97WAhLKQ,test_reserved,
30,1638,6973,Rrx3et9ZTmM,UC8qBNfgWRK_WYYGSmmrfgPA,development,4
30,1639,6979,qOYwIhrThuI,UC8MegDkaJsqK63fwbOjBLzw,development,2
30,1640,6980,fupQ9D03oVg,UCcijXxFzSXgoM6q9cCtT9PA,development,2
30,1641,6985,rQldm5gaztg,UCckltLEhFLv8Xz_lQhYfwmg,development,1
30,1642,6986,kv6eFKJvnv0,UCeixuk-NkKqLJfZKcK2fQig,development,3
30,1643,6991,2P3yewu96J8,UCZNreSxdvd50nzMz5zkXg4w,development,5
30,1644,6993,VMSmbtL8k4E,UCCK3OZi788Ok44K97WAhLKQ,test_reserved,
30,1645,6997,TBB1cNkGYMs,UCRDDfbYPHX_GUJ4lcQYTc8A,development,2
30,1646,6998,j_i38M8pkXM,UCjX5zm1l8VZfEzAVMHKJSAg,test_reserved,
30,1647,6999,lIGKf4bI6Ho,UC-InXGUDXmIVAZG7efBiU7A,development,1
30,1648,7003,qgMzWX08Ot0,UCkOBWuInZXAP0DT3iAT5hYw,development,4
30,1649,7006,GKoLkoHolZQ,UCRyHK0HPW8OQtTqtRLqCMlw,development,4
30,1650,7013,0cK7_PGsXi0,UCgnFSj7jQffD5V5m05j4dPw,development,5
30,1651,7021,VoiX-t6A9Tg,UC3vuLv1EXDUxS_UKLPFJVSA,test_reserved,
30,1652,7022,FpLNshn18fE,UCa79Dm6QBH4i8PAmTrfQPXQ,development,2
30,1653,7028,kTwuOG0Yw34,UCRDDfbYPHX_GUJ4lcQYTc8A,development,2
30,1654,7029,8ZaDRRyNAk8,UCCK3OZi788Ok44K97WAhLKQ,test_reserved,
30,1655,7034,yBR-2UtHp2w,UCaESx7Bdghv_UICcG1hBkcg,development,2
30,1656,7038,F_Gh6cL4wtQ,UCQTcNhAZidy1i9wwmdgf2Lw,development,4
30,1657,7039,CVB69sRgGOQ,UC5-n2dfksESEt3ATmM6Uujw,test_reserved,
30,1658,7042,khhrthvHKWU,UCgnFSj7jQffD5V5m05j4dPw,development,5
30,1659,7051,qhPe1XiZrEA,UC22LfvKY_7Ibkt5I5wFqwfg,development,4
30,1660,7053,VXe_9ECUkUY,UCckltLEhFLv8Xz_lQhYfwmg,development,1
30,1661,7055,TZg1ir_A5Os,UCaESx7Bdghv_UICcG1hBkcg,development,2
30,1662,7066,GXSp1FaosQk,UC1YGPDtctHGJWW0NrlQVklw,development,5
30,1663,7070,9sKLouzKV0U,UCCK3OZi788Ok44K97WAhLKQ,test_reserved,
30,1664,7072,OFxfP-ROhAY,UCCK3OZi788Ok44K97WAhLKQ,test_reserved,
30,1665,7077,uNS8j6QZJ2w,UCOtYyt7W5PmPnwQjWWF_Z-Q,development,3
30,1666,7084,1U_ygQ9vPpw,UC3tvYy-s84yySG7V85jRDnA,development,4
30,1667,7090,xhScA0wgtjE,UCbS_glb2N1NVTrDLVryRbng,development,4
30,1668,7093,vrEt5bT3ER4,UCm3mXl7hQbHVMxhKaOeEhYA,development,4
30,1669,7094,HeOCWXcfKt4,UCYB7HJ5mt61PSDByUrF3IJg,development,3
30,1670,7101,EBj0Gv0Gn8s,UCgnFSj7jQffD5V5m05j4dPw,development,5
30,1671,7105,ClWSQ7Olq4Y,UCCK3OZi788Ok44K97WAhLKQ,test_reserved,
30,1672,7106,NB-fAGwCdi0,UCtpFElVQJM8YgaMTwnEsU4g,development,1
30,1673,7115,2aJbKzYzLqA,UCILFY0DK2vcnnnTAgWrX-xw,development,5
30,1674,7117,gys2wkwjhmo,UCoNaQS6wefjNVFkwvxrzAYw,test_reserved,
30,1675,7119,sBxof7-7BPY,UC7ky7hEgAEMLo1lrDWJXlNw,development,1
30,1676,7121,cxeUiR7jR7g,UCgnFSj7jQffD5V5m05j4dPw,development,5
30,1677,7123,4d6ckYM_FFQ,UCA5xW2Ce7KT2AtxzDYDebCA,development,4
30,1678,7125,mwTp8gB-CxU,UC-4FUBrbjpCCoNGqHh6X5og,development,1
30,1679,7128,4bwcGyIhouM,UCQTcNhAZidy1i9wwmdgf2Lw,development,4
30,1680,7129,LHDN32eStSo,UCK5iLQ5REdVC528f8tyicsQ,development,2
30,1681,7132,x1vG4JOkpvg,UCpErRATj-Z4ux1lAtBhdfbg,development,4
30,1682,7138,EauS-NYxeXQ,UCckltLEhFLv8Xz_lQhYfwmg,development,1
30,1683,7142,95oSJJLb-Bw,UCj1dU6sfWVtm1AeD1yT7iFQ,development,2
30,1684,7143,YKqfpFXBKbo,UCCK3OZi788Ok44K97WAhLKQ,test_reserved,
30,1685,7145,40K6IXAcP4Q,UCRDDfbYPHX_GUJ4lcQYTc8A,development,2
30,1686,7148,rn2_b68TyFE,UCDqy-V3qY-xtSmiRHlZIWWQ,development,5
30,1687,7153,IckHs4k9gkQ,UCsbPUu0F_qqCmDFVjiRva1Q,development,5
30,1688,7155,BVro49bAtts,UCc30sTBdN9LRSxEuHaXV_bQ,test_reserved,
30,1689,7159,cjdelieVaZY,UCgnFSj7jQffD5V5m05j4dPw,development,5
30,1690,7161,5ZJ8qQnuLkY,UCp3vt0JWTbhd15j9PSn3RnQ,test_reserved,
30,1691,7167,4k8gvZnBtFg,UCSodo0fV9KfObDMmYTpV5_A,development,4
30,1692,7180,V8yjQjJKtjc,UCcHDTE8S_jjHaIUo9sltvhA,development,3
30,1693,7182,JcqozcepLPI,UCbS_glb2N1NVTrDLVryRbng,development,4
30,1694,7185,92MjuCPf_yk,UCckltLEhFLv8Xz_lQhYfwmg,development,1
30,1695,7188,a7of8tx-3-c,UCbR7juPwtP-bV_w0840ciYQ,development,3
30,1696,7189,69nrDwJzH6s,UCIs94IGV3YMXRdVDRLpJZ6A,development,3
30,1697,7193,M7B_2obY2rI,UCgnFSj7jQffD5V5m05j4dPw,development,5
30,1698,7198,Si0hsraqwWU,UCQkPhQ-6NhA1v7Tpsp6EnKQ,development,1
30,1699,7201,pt3sqdfuqhI,UCuTgmLxqarTxuBU5ARMYUNQ,development,5
30,1700,7206,UC0-CMKgZpw,UCckltLEhFLv8Xz_lQhYfwmg,development,1
30,1701,7212,HVdwU1Eok7w,UCDqFysWGVtduHRyawK8oJkw,development,5
30,1702,7223,v84e1utandM,UC1YGPDtctHGJWW0NrlQVklw,development,5
30,1703,7224,mivL1zX2xMo,UCup087KFZ46kMrTwfhVYhkQ,development,2
30,1704,7230,nYSxvtIGlFk,UCaESx7Bdghv_UICcG1hBkcg,development,2
30,1705,7231,Wo5gpbcdsEs,UCckltLEhFLv8Xz_lQhYfwmg,development,1
30,1706,7247,Yf87ZAgmQa8,UC_OVGNPj6MFL1nZOU05HIZA,development,4
30,1707,7255,SNWS2smTKOE,UCBQ_5txpN9srcPmkpJytDvw,development,3
30,1708,7257,3FaBoN-f1KI,UC1CkcuwxCW_dIchuR0tTCJw,development,4
30,1709,7261,TQVbuPjogSI,UCVfnhhDIkkBJ_1QyzCqeVDg,development,2
30,1710,7264,uWvgJLUHSeM,UCsDDVBdzvMMZaQtF8vaC9bg,development,3
30,1711,7266,IPHKvzcmtGM,UCV-q7cRK5yFYEFzWuoQOmQQ,development,4
30,1712,7270,fFF7JWDiWWY,UCc30sTBdN9LRSxEuHaXV_bQ,test_reserved,
30,1713,7271,d6NBvww77cU,UCckltLEhFLv8Xz_lQhYfwmg,development,1
30,1714,7274,Chh8m2BDpX4,UCKQw2OwROuqrhOuiqSttu6g,test_reserved,
30,1715,7277,W1-mNjIPvRY,UC3vuLv1EXDUxS_UKLPFJVSA,test_reserved,
30,1716,7279,En8iz8tFenA,UCkU6swX2r3IiYoAUbVnNq3w,development,4
30,1717,7280,QXd5Wet2bzE,UCCK3OZi788Ok44K97WAhLKQ,test_reserved,
30,1718,7289,p75ejZZ3f3k,UC5R7F4Mw_ZV1c4tYe4UKLIg,development,4
30,1719,7290,m4NsPVS2N00,UCaESx7Bdghv_UICcG1hBkcg,development,2
30,1720,7292,Lh90nk-5l_k,UC0MnP2Iso6enxaJTBZ3_nJw,development,4
30,1721,7295,SChaV8mZ6ks,UCXfgx23Lw81I4wsCNhdVBgw,development,4
30,1722,7296,5mh0ChfMbjk,UCbR7juPwtP-bV_w0840ciYQ,development,3
30,1723,7297,N01ZPYkZ1Eg,UC1YGPDtctHGJWW0NrlQVklw,development,5
30,1724,7312,E7ZzQsO1eoQ,UCPXSUKHTNc1_hnHuj-UiQWQ,development,4
30,1725,7316,G66l-MHeLGY,UCUYXSaH7gW9DGZHItFsvJ_A,test_reserved,
30,1726,7332,aujIvcduIzc,UCVfnhhDIkkBJ_1QyzCqeVDg,development,2
30,1727,7338,RQgDv5uZRgw,UCkagcQYGoYFuXsUg-ObSL6A,development,5
30,1728,7339,lYXjMsuAm0g,UCZG9GCS1vbvb_BF5Sh43abw,development,4
30,1729,7342,k2FMkgRahzU,UCc30sTBdN9LRSxEuHaXV_bQ,test_reserved,
30,1730,7343,q3a5kCK0Ktw,UCkOBWuInZXAP0DT3iAT5hYw,development,4
30,1731,7347,JDL4WbQJS_E,UCckltLEhFLv8Xz_lQhYfwmg,development,1
30,1732,7349,eIb_IFzgQlc,UCckltLEhFLv8Xz_lQhYfwmg,development,1
30,1733,7353,awuAwcFyutI,UCr5BVR_ePEz_9V-KF5rSEmQ,test_reserved,
30,1734,7357,6ofAFebJiXs,UCwsNWoSlQUyeWgbVQYZtLOA,development,2
30,1735,7358,F-zB-sfs6gk,UCgnFSj7jQffD5V5m05j4dPw,development,5
30,1736,7359,tOLq5s6qYOU,UCyhM9-y17fHHp-laYCEvT2g,development,1
30,1737,7363,6nYbL12mp-4,UCNyHMPBQCOtMq0-c2rcFWxA,development,3
30,1738,7367,RqjzcklqAP8,UCckltLEhFLv8Xz_lQhYfwmg,development,1
30,1739,7369,wGQ0xHn3ZY8,UCnkon33rksDXo3qChhTs5Vw,development,5
30,1740,7370,Ri9KUZZvyCA,UC8byti_nmRGuF52xaPb2QIA,development,1
30,1741,7374,2pIJrlfXImY,UCgnFSj7jQffD5V5m05j4dPw,development,5
30,1742,7375,q-LHaDZsyjo,UCoq-esaiThmy5HvMXDi9l8g,development,1
30,1743,7377,1P-_01WR77U,UCQTcNhAZidy1i9wwmdgf2Lw,development,4
30,1744,7383,Jgq8R3aNpFM,UC9mVbiRT4STi4TmCNJ89O9w,test_reserved,
30,1745,7392,jjQBe5oUBTk,UCw48Rkx5LeKzVbSfb9Cukhg,development,3
30,1746,7393,pgz8J5_WYFg,UC3pnlqmWVIVdQ4hkaQAxyVw,development,1
30,1747,7394,7g0uaObVH-8,UClWSTWnXSIOK34ySODMm8Ew,development,4
30,1748,7395,VYhwlYsbJwg,UCbj5TVwioQCK3qtYYEzD3kA,test_reserved,
30,1749,7398,58OgiSBHZak,UCPXSUKHTNc1_hnHuj-UiQWQ,development,4
30,1750,7400,z-v6df7fN4c,UCckltLEhFLv8Xz_lQhYfwmg,development,1
30,1751,7402,xUy0PPuvhfU,UCrFbaY86Z23fi-CaEzjN5sQ,development,1
30,1752,7404,c5NO2JpYSbA,UC28QOqy4nLwECRs65fahlIg,test_reserved,
30,1753,7408,rSGtp2ymUdE,UC8qBNfgWRK_WYYGSmmrfgPA,development,4
30,1754,7413,IXct2IJi51Y,UCHrjPef58odmjGI-2rfIjZw,development,5
30,1755,7415,bMci9Njzrxc,UCCbm1E52PV05ZLv6dtRB92Q,development,5
30,1756,7419,C1e0c87nU4s,UCIKg0Ev6Vq2M7hU7bL_jHFQ,development,3
30,1757,7420,up2eNAYZh2s,UCUxrelp7FHiIj9SNfzWdh_A,development,5
30,1758,7422,WJCQc0FoOk4,UCXSus5Zss-0FP1quj0Mpndw,development,5
30,1759,7430,T-6j8MaaFkY,UC1IwzRoyy-eroP1ZbQxXxag,development,5
30,1760,7433,mLFfVhKJ28Y,UCS5U8OTQXzQXMET3NcRguWQ,development,1
30,1761,7435,r0OPsgKxzbw,UCQTcNhAZidy1i9wwmdgf2Lw,development,4
30,1762,7446,ET5YySMozDk,UC1YGPDtctHGJWW0NrlQVklw,development,5
30,1763,7447,2LOZkXDtP5U,UCt1uMmva5HBK0qu1hTGGvzA,development,3
30,1764,7450,bEQt6wfL5Uw,UCQTcNhAZidy1i9wwmdgf2Lw,development,4
30,1765,7452,3We17PhqETs,UCckltLEhFLv8Xz_lQhYfwmg,development,1
30,1766,7453,kOL-pSl5UAg,UCeS8rbr3AqDgkYmEMLMWjnQ,test_reserved,
30,1767,7459,u4-qOtuQxmo,UCkagcQYGoYFuXsUg-ObSL6A,development,5
30,1768,7460,Pm-wjz62j_Y,UCrhfPfnrGA6aLHO6qxvM7_Q,development,2
30,1769,7465,4LoeHRSC4o0,UCRDDfbYPHX_GUJ4lcQYTc8A,development,2
30,1770,7477,AKdbwOn251s,UCgnFSj7jQffD5V5m05j4dPw,development,5
30,1771,7478,DO1N-e-QcYk,UClSIhhnuyF8fXtBTpOOTknA,development,2
30,1772,7479,kbDsUVlycsU,UCi7NA4jgRbTDZG50Gku70EQ,development,2
30,1773,7482,MqJUrvFJVoM,UCbS_glb2N1NVTrDLVryRbng,development,4
30,1774,7489,Jy0Mx_ETSNA,UCUz70SsT1TZzlwEqvSCpJRA,development,4
30,1775,7492,I3R15IB_5ys,UC62QgaEe8YqmCcxbeyxQg9w,development,3
30,1776,7493,fHhUq8Hm99E,UCWO2tL69FZ9ckckHcAa18Ug,development,4
30,1777,7498,VMSs3GDZIEg,UC1YGPDtctHGJWW0NrlQVklw,development,5
30,1778,7500,jYmzPK8xliE,UCu-ie13q_U2KJNBeR5chJfg,development,4
30,1779,7501,K0SZ1nFCaBM,UC0554zf4RvVkxwt_tS4Wx_g,test_reserved,
30,1780,7502,Ah0HaGvLLhc,UCuJmg9Gw1uO-JGVLk9iACDw,development,2
30,1781,7504,Y3pTlKvRoQI,UCCK3OZi788Ok44K97WAhLKQ,test_reserved,
30,1782,7507,c5n1vWWWQGE,UCUvHXAEbFzdArW3FbzeT_Yw,development,3
30,1783,7514,35pYp2NM_Ts,UCOhlt0l_vucCrUDphPAJnbw,test_reserved,
30,1784,7515,ffSeyWXHW1A,UC8lKgUHo-2mSR5cRRXO9xow,test_reserved,
30,1785,7516,v9soA7E329o,UCIPnCyTWcKHe-C-_mtG0GmA,development,4
30,1786,7517,2aaMFgADkCY,UCpRnLw-i6ep13w_vh9M9k-g,development,2
30,1787,7518,_gPCSwBccmM,UCQTcNhAZidy1i9wwmdgf2Lw,development,4
30,1788,7522,fSLDJ_L4qHE,UCP591ev4r952IF-hXQDnw_Q,development,3
30,1789,7526,MEUdN0g8p50,UCldiq7Z0JJVSkGXVgfV2qtg,development,2
30,1790,7530,C5rgOVoATR8,UCyKbGIhchUM6-ybLXFXA1cg,development,1
30,1791,7534,GTJ12cVTAmc,UCCK3OZi788Ok44K97WAhLKQ,test_reserved,
30,1792,7537,sq6jvhRBobs,UCaI7IwVdrAcfhu3cp6x4T6Q,development,3
30,1793,7538,0No_y--HNFI,UCOtYyt7W5PmPnwQjWWF_Z-Q,development,3
30,1794,7543,h6ugL5ge5Jk,UCQTcNhAZidy1i9wwmdgf2Lw,development,4
30,1795,7544,e5LQhUtjhZY,UCsU0TSt6Jm_yLlTkZS-FvUw,test_reserved,
30,1796,7545,3x77J7TJPv4,UC4_9osAS7WwBFEj-ygHSvHw,development,4
30,1797,7547,VqBgcHj0G_s,UCLNz9bgiJfM3ImTtYDOt8Ew,development,4
30,1798,7553,MTiIJob74k8,UCqrqt9Egbp4Voh3iEUUoorw,development,3
30,1799,7555,9JUz0vzCyK0,UCPdASwipemqGhpK-B-a12Ow,development,2
30,1800,7559,YMJXNCVG8mI,UCRDDfbYPHX_GUJ4lcQYTc8A,development,2
30,1801,7564,q_6FVr6q3dU,UCCK3OZi788Ok44K97WAhLKQ,test_reserved,
30,1802,7569,X0n8uLDNOE4,UCPfU0uygBGutjaaJU5PpEvg,development,2
30,1803,7580,6KIj7UPi0po,UCZNreSxdvd50nzMz5zkXg4w,development,5
30,1804,7585,8oTkkS2kY_g,UCAH7R88V7gz7RqJv78nNOzg,development,3
30,1805,7590,4RAlyVpnohs,UCMhmKEOpLnDNmzmKBTg0jeA,development,4
30,1806,7591,sHWXWJa-sJA,UCs8-XMlV1sdA56cHlQAgzdg,development,1
30,1807,7607,UhrYP_qUQsM,UCSSdxN7FMswC7GFnvVON-eQ,development,4
30,1808,7608,EQznwoOY99w,UCmqflTSJ6911aCrnaWIXxsA,development,3
30,1809,7614,rcZFUX6YOY8,UCJkx-61Ysti3AzfwmdgtyKg,development,5
30,1810,7615,bHEoETBnuZ0,UCCK3OZi788Ok44K97WAhLKQ,test_reserved,
30,1811,7616,BxGOzxhZL6o,UCOtYyt7W5PmPnwQjWWF_Z-Q,development,3
30,1812,7617,KkAjPRp7YiY,UCcbOsE5_4LEjtQi8X2PFxDw,development,2
30,1813,7623,bImhm0tDndc,UCdotiSNtLlS4qwDto9CdURA,development,3
30,1814,7628,l-uRFNnXTJk,UCa3BMXA9qcVqMtfnq7d977w,test_reserved,
30,1815,7633,2pZJcY1YCiM,UCcijXxFzSXgoM6q9cCtT9PA,development,2
30,1816,7642,N2XtaU1hUnU,UCn0XmAUFv6d2tofMFEesSNw,development,5
30,1817,7654,uH2wIpnm7Wk,UCkagcQYGoYFuXsUg-ObSL6A,development,5
30,1818,7657,Xk7GF0nXUzM,UCckltLEhFLv8Xz_lQhYfwmg,development,1
30,1819,7659,__lqAFcpUDk,UCOlHu4DBJ6q8cE1oLW1bNJw,development,5
30,1820,7660,htxU8YWnDiQ,UCYT4vetZzMYjLIyxMmLv_9Q,development,5
30,1821,7662,jJxeiiwoFfc,UCckltLEhFLv8Xz_lQhYfwmg,development,1
30,1822,7672,EQ7N1Kb4TKI,UCh9qXeL8eP3Txra2908xksg,development,3
30,1823,7674,CZarrfwiZRo,UCn0XmAUFv6d2tofMFEesSNw,development,5
30,1824,7677,n_VijLUj0C8,UCCK3OZi788Ok44K97WAhLKQ,test_reserved,
30,1825,7678,-E1IGTXcoZ8,UCMW_Sgzlaezz3MHg3BtgKbw,development,5
30,1826,7690,_zwFghkKNvQ,UCsAPX_-Yu9O_3dJu0aUj_BA,development,4
30,1827,7694,tGiF1O5zoFk,UCBf296-OhUNfaDbtcYQ4RQQ,development,5
30,1828,7695,HI2NzyMthvY,UC8U5Mgl9nbkm5vOJ0SMtQgA,test_reserved,
30,1829,7698,0b_f920Ygs4,UCRDDfbYPHX_GUJ4lcQYTc8A,development,2
30,1830,7706,B5fcg7DMoTA,UCbS_glb2N1NVTrDLVryRbng,development,4
30,1831,7722,CRgom5oMJNA,UCj-Bj91Y16KgYeMDFqmjuuA,development,4
30,1832,7728,0RwLA-70jec,UCNSnFwvrkdgy7yoDd3M9uYQ,development,1
30,1833,7730,NlIjs0--HIw,UCCK3OZi788Ok44K97WAhLKQ,test_reserved,
30,1834,7731,kkH344FKxcU,UCgnFSj7jQffD5V5m05j4dPw,development,5
30,1835,7732,nCiiuynnHSI,UCaESx7Bdghv_UICcG1hBkcg,development,2
30,1836,7735,VGlJyZZsrbY,UC5R7F4Mw_ZV1c4tYe4UKLIg,development,4
30,1837,7736,cOnFoT9v83E,UCckltLEhFLv8Xz_lQhYfwmg,development,1
30,1838,7738,Iu1ptwlg5bE,UC8lKgUHo-2mSR5cRRXO9xow,test_reserved,
30,1839,7742,KikAFs44prM,UCRDDfbYPHX_GUJ4lcQYTc8A,development,2
30,1840,7745,h1hRIGPFtbI,UC1hcl0aIr9KtXA-Kiq9itqw,development,3
30,1841,7747,Scos7_w6O34,UC6ziF4GiQwcEIY1PFqk9iVg,development,4
30,1842,7754,T1LDVwFp6pQ,UCw3UDSrbKod4Gk_rSpA5gqw,development,3
30,1843,7755,I0zkhitYyAs,UCCK3OZi788Ok44K97WAhLKQ,test_reserved,
30,1844,7757,Bb8jnu7X0X0,UCT83ymyAGm7Gnk_4ifxjxIA,development,4
30,1845,7765,ciogtNN94hY,UCRDDfbYPHX_GUJ4lcQYTc8A,development,2
30,1846,7767,eqtG1dMw4nE,UCr27vXsqJXYjFy-vepngPWg,test_reserved,
30,1847,7774,cXu_U0qYlxo,UCCK3OZi788Ok44K97WAhLKQ,test_reserved,
30,1848,7778,_1GDQPyKMF0,UC4UaWbUUwVvCxWNqhb4f16Q,development,3
30,1849,7783,DfVUFqW9hVM,UCMQg72D9bcWjW-umvECrcAQ,development,1
30,1850,7787,yQFwetw4AEA,UCckltLEhFLv8Xz_lQhYfwmg,development,1
30,1851,7790,P7DBe8ytsf8,UCbR7juPwtP-bV_w0840ciYQ,development,3
30,1852,7794,QSRAbw8p4Xk,UC2sbMVU3YATVZQCRpHPKLcA,development,5
30,1853,7819,H6BTCZIB1QE,UCVd1jcy6wKFzfQ5E-Txtg-w,development,2
30,1854,7821,qh0aculJjx4,UCILFY0DK2vcnnnTAgWrX-xw,development,5
30,1855,7822,Feax2u_hMFM,UCLuP7ROjaueiuNbzrvPqXSQ,development,3
30,1856,7825,sX4VMXDAm_8,UCAH7R88V7gz7RqJv78nNOzg,development,3
30,1857,7834,li_FD-KxxNg,UCAH7R88V7gz7RqJv78nNOzg,development,3
30,1858,7843,Mrw_E-oBRkk,UCXZaF1h4qgnp9sDlflUM8dw,development,1
30,1859,7844,WMzkoYUz5PU,UCcijXxFzSXgoM6q9cCtT9PA,development,2
30,1860,7845,F5ck4PfTMBI,UC1YGPDtctHGJWW0NrlQVklw,development,5
30,1861,7849,yCMLIjJUt0E,UCCK3OZi788Ok44K97WAhLKQ,test_reserved,
30,1862,7853,RaF4R5wLJFI,UCOtYyt7W5PmPnwQjWWF_Z-Q,development,3
30,1863,7858,Ms9dRdJtbtM,UCMQg72D9bcWjW-umvECrcAQ,development,1
30,1864,7868,oQC87DykGlU,UCLuP7ROjaueiuNbzrvPqXSQ,development,3
30,1865,7877,VNoJs6YL59I,UCQTcNhAZidy1i9wwmdgf2Lw,development,4
30,1866,7882,AJQGuJZ_0os,UCAH7R88V7gz7RqJv78nNOzg,development,3
30,1867,7888,WYcONk9HuuE,UCCK3OZi788Ok44K97WAhLKQ,test_reserved,
30,1868,7889,3CfmQM-LIoc,UCIoyIVPZEfC2p0dQwAxGiEw,test_reserved,
30,1869,7890,9Qnlohn1pbA,UCs_mHlm5_C82W5WCIJaSMbQ,test_reserved,
30,1870,7891,IIFx6cStL_w,UCQIWzvLOlB4tu84TtOTJCGg,test_reserved,
30,1871,7892,iMLvGK8apG8,UCq0hVW_G5kWt2ocLhbjOtGg,development,2
30,1872,7897,ToBgGzRRrHc,UCckltLEhFLv8Xz_lQhYfwmg,development,1
30,1873,7903,38MuV0WPLMw,UC0554zf4RvVkxwt_tS4Wx_g,test_reserved,
30,1874,7907,vR-9H1MjKEA,UCn0XmAUFv6d2tofMFEesSNw,development,5
30,1875,7908,8btXoOsXWnw,UCDoXItIw1akXVz4Gk_F8CDw,test_reserved,
30,1876,7910,eQgaLdd7JAs,UC1hcl0aIr9KtXA-Kiq9itqw,development,3
30,1877,7925,OHoZg8FHBUA,UCckltLEhFLv8Xz_lQhYfwmg,development,1
30,1878,7932,bw5k3li2YiU,UC4j4HUyjjgMALWnjN1v7z7A,development,4
30,1879,7933,ccwbIQBaXP8,UCqShCHSDvCBKDN_GAsnLJmQ,development,5
30,1880,7940,BSyXVmpeWTc,UCL-TetUXLuL3nvjmvruroeQ,test_reserved,
30,1881,7946,Nq1F86Prw4c,UCckltLEhFLv8Xz_lQhYfwmg,development,1
30,1882,7950,bfADEzUxcCM,UCckltLEhFLv8Xz_lQhYfwmg,development,1
30,1883,7951,q0NVLORO1_s,UCWLLcchNMCl8I5cGAMQYdpA,development,3
30,1884,7966,vkGBcVeTv6o,UCRDDfbYPHX_GUJ4lcQYTc8A,development,2
30,1885,7973,jzrotFYaDz4,UCn0XmAUFv6d2tofMFEesSNw,development,5
30,1886,7974,tw1ooj-SEZk,UCP0FKFuz9j2Dp-QDr-Dv_0g,development,5
30,1887,7975,Vcb0z2qshHw,UCPXSUKHTNc1_hnHuj-UiQWQ,development,4
30,1888,7985,GWQawv0uzWA,UC1YGPDtctHGJWW0NrlQVklw,development,5
30,1889,7986,Eo5LK4DXMxA,UCyrW9aDENkU6G6URdVFwB9g,development,1
30,1890,7988,jXcej1cqJRo,UCu3jIK2NBSXc0_YaFqEuIrg,development,2
30,1891,7991,2BRNhHAlc40,UCpRgfr4_Eax0HHa2rwkRQ2w,development,1
30,1892,8002,sqe0M5DNNn0,UCn0XmAUFv6d2tofMFEesSNw,development,5
30,1893,8004,td9nPkGqtao,UCrmzxiCDMV3hI56E9nYy-4A,development,4
30,1894,8012,lRannraLk1c,UCuK-W8b-YHBZY043p-Mxn8A,development,5
30,1895,8024,3w3FFW8AGKY,UCrVFS_0PdV7AwyTgR13IcVg,test_reserved,
30,1896,8038,BlZCGuKQ8hA,UCgnkk8P4G9yQFuRl0dEO1HQ,development,2
30,1897,8042,GC0GvLweJ7U,UCaESx7Bdghv_UICcG1hBkcg,development,2
30,1898,8044,RIUZbJcoGCg,UCPXSUKHTNc1_hnHuj-UiQWQ,development,4
30,1899,8048,kW9yziHGChQ,UCQTcNhAZidy1i9wwmdgf2Lw,development,4
30,1900,8060,mgGK2BhvCT4,UCrG36PjxPG2rgCHXmZEGmvQ,development,4
30,1901,8061,kJmJnSaYCoQ,UCgoCbMJ4JnH0q40GofKZxVg,development,3
30,1902,8065,h9XOYWcF_qY,UCOtYyt7W5PmPnwQjWWF_Z-Q,development,3
30,1903,8069,kh3mOSfn3SU,UCkagcQYGoYFuXsUg-ObSL6A,development,5
30,1904,8073,0yARXJeKD4A,UCErq12gvrb2Gm0x1cavQVAA,development,4
30,1905,8080,2xu8D3mt_js,UCgnFSj7jQffD5V5m05j4dPw,development,5
30,1906,8081,1hrF-U6uj6o,UCsnCixtlCIMp7gH6X5uswZg,development,1
30,1907,8089,kNq9mvmSRlc,UC324VVhYKykBv01GecF4aYg,development,5
30,1908,8092,IdHLxgXId0U,UCXLyL2Fg5DZouTYsYtRT0WQ,development,2
30,1909,8099,2iQt5kng1xg,UCmqflTSJ6911aCrnaWIXxsA,development,3
30,1910,8110,NbBfzfFvyTE,UCQTcNhAZidy1i9wwmdgf2Lw,development,4
30,1911,8122,Nf2BuH_8tGg,UClSIhhnuyF8fXtBTpOOTknA,development,2
30,1912,8126,hb5ucV9iU88,UCekdpdajQ1JyGxUbmsN7nNA,development,3
30,1913,8130,DqtfFWQ75Z0,UCRDDfbYPHX_GUJ4lcQYTc8A,development,2
30,1914,8134,XSxAfsh3z5A,UC1YGPDtctHGJWW0NrlQVklw,development,5
30,1915,8137,Ry0QpQ2eZXI,UCO6Q3ASBv6pPC-wUheZy9mQ,development,4
30,1916,8139,so3kCFHg6I8,UCLuP7ROjaueiuNbzrvPqXSQ,development,3
30,1917,8140,WJ4E4faAtWw,UCNegsuGc742ezJnIYrzKgBQ,development,5
30,1918,8143,H1Y-tT8cvJE,UCcijXxFzSXgoM6q9cCtT9PA,development,2
30,1919,8151,qp7cAYtU2Kk,UCtVEiBn_-ezOpRkL2pNjXzA,development,5
30,1920,8166,Cy6pJmcnVKM,UCnTnjJyH0gAaVrDWiVrCsSQ,test_reserved,
30,1921,8169,TKqSDpgrQ78,UCv28xURTYOApw2GsurpATSg,development,2
30,1922,8173,N-oJ0bmjwzg,UCXqd1fHoinkTGW9zY1eILMQ,development,3
30,1923,8179,AXrncIr9Lkg,UCx2bxQGDuQgYPJPYFmIthnA,development,4
30,1924,8180,1B2v2qIVRQE,UC9SgyReu4QufMUTFhZYYEMw,test_reserved,
30,1925,8185,QZqa5EnfvXU,UCbS_glb2N1NVTrDLVryRbng,development,4
30,1926,8189,aXLba1t9bJc,UCoNaQS6wefjNVFkwvxrzAYw,test_reserved,
30,1927,8191,N8PNU22WMQo,UCV9cn7kAjTi6nMKVKIuwoDw,development,1
30,1928,8195,jmYCPjowqwU,UCOtYyt7W5PmPnwQjWWF_Z-Q,development,3
30,1929,8196,FrKRS3iJJdg,UCOtYyt7W5PmPnwQjWWF_Z-Q,development,3
30,1930,8197,r2i6UxUb44g,UCQxYcvX5hnGJvuTFzKng-Vg,development,2
30,1931,8200,jAsKRnhNtwY,UCIoyIVPZEfC2p0dQwAxGiEw,test_reserved,
30,1932,8204,LbNfYDaUTGc,UCckltLEhFLv8Xz_lQhYfwmg,development,1
30,1933,8205,Sast2WCyG3w,UCcijXxFzSXgoM6q9cCtT9PA,development,2
30,1934,8223,5ko-uRrriMA,UC1YGPDtctHGJWW0NrlQVklw,development,5
30,1935,8236,1l63xyPAdys,UCor119v4OYf4SIJ1q85dqBg,development,4
30,1936,8243,kU3P6D9EBEk,UCCK3OZi788Ok44K97WAhLKQ,test_reserved,
30,1937,8247,5gxJaWl48GM,UCbS_glb2N1NVTrDLVryRbng,development,4
30,1938,8248,zrgu5VrW5Fc,UCgnFSj7jQffD5V5m05j4dPw,development,5
30,1939,8249,1vvtZI6mOAs,UCjm7vbOwssao7Bhm9wX3-bw,development,3
30,1940,8252,5eYxU85x8oM,UCbS_glb2N1NVTrDLVryRbng,development,4
30,1941,8254,oqUiX451VoA,UCcijXxFzSXgoM6q9cCtT9PA,development,2
30,1942,8265,TmYLXpFDZvs,UCOtYyt7W5PmPnwQjWWF_Z-Q,development,3
30,1943,8270,8vttuyul9AY,UCKvIAFnwVFiuITk3cl7UTxA,development,5
30,1944,8275,4DQ0nBFDi8w,UCRB8mrLCcwTPlJOMUy9MDUg,development,2
30,1945,8276,HVIQUxuhe8c,UChDDErhFN18hQ-NifYMMbVA,development,4
30,1946,8287,R37oeFJOonU,UCRDDfbYPHX_GUJ4lcQYTc8A,development,2
30,1947,8288,eGV9e8Eu7-g,UCuJmg9Gw1uO-JGVLk9iACDw,development,2
30,1948,8290,S0okXtWZW7E,UCwt4zdWrmnBpglCHb1ArREA,development,4
30,1949,8299,mxc1fYUmZAo,UCcijXxFzSXgoM6q9cCtT9PA,development,2
30,1950,8300,So8h31Ol6IY,UCOtYyt7W5PmPnwQjWWF_Z-Q,development,3
30,1951,8308,HiqIN_rkfJY,UCCK3OZi788Ok44K97WAhLKQ,test_reserved,
30,1952,8320,HrIy5B2lSgY,UCeixuk-NkKqLJfZKcK2fQig,development,3
30,1953,8327,8udFDQnn9rg,UCu_uRk4D5klE6p_SBLVOWaQ,development,3
30,1954,8328,_HBw6fB3PIs,UCAOAqdh0wJ6lmzO8j33v8fQ,development,5
30,1955,8330,vJtm27qUDBQ,UCbS_glb2N1NVTrDLVryRbng,development,4
30,1956,8335,5J2F-nttFcE,UCCbm1E52PV05ZLv6dtRB92Q,development,5
30,1957,8338,G_dl7D07Hlo,UClcIQJ6q-HsROoyWms8B8tg,development,1
30,1958,8341,1Fst0nR2o0U,UCf2Iar2LDcFaSCnVH1ZMUkA,development,4
30,1959,8343,GPHc8gtViT0,UCOtYyt7W5PmPnwQjWWF_Z-Q,development,3
30,1960,8352,iMYuvEraEXY,UCHpfVofNf7_QA3gux58C3vw,development,5
30,1961,8355,ByehGRq4_Fk,UCvMYO1Ywh_KVLYb67ruTQBQ,development,5
30,1962,8362,MNDLCNKMG0g,UCckltLEhFLv8Xz_lQhYfwmg,development,1
30,1963,8374,PYCb6v8M0IQ,UCbS_glb2N1NVTrDLVryRbng,development,4
30,1964,8375,X6q7SXUZZ3Y,UCuJmg9Gw1uO-JGVLk9iACDw,development,2
30,1965,8383,5mEN5npPQu0,UC8ZmvQOUKiu6SmICTXzjFnA,development,5
30,1966,8386,SluP8zP3mks,UCckltLEhFLv8Xz_lQhYfwmg,development,1
30,1967,8390,GujJAmRulvE,UCieUj92znWxr02AWNviTElQ,development,3
30,1968,8395,fJJ5AhprsOc,UC2oGrNhMUyWu5yzEJ_j1PMA,test_reserved,
30,1969,8398,ahI64q5-wnw,UCaIc6SgS90ud_RgMSC6hW_w,test_reserved,
30,1970,8400,wc7BQzPPllY,UCaFC8Yo8pGEvX5hu5J6tGDg,development,4
30,1971,8408,FQx0BCXlhtg,UCUz70SsT1TZzlwEqvSCpJRA,development,4
30,1972,8410,-7ejbday3o0,UC12Ujt77-UFGXPAalKwuXDg,development,2
30,1973,8420,Vos8h0WAVvc,UCdotiSNtLlS4qwDto9CdURA,development,3
30,1974,8427,UtW1ocKMBsg,UCckltLEhFLv8Xz_lQhYfwmg,development,1
30,1975,8430,6tsv4_07OLA,UCAvDdYpu6UjCFlOepV7TNMA,test_reserved,
30,1976,8432,molzrumRUZ0,UCOtYyt7W5PmPnwQjWWF_Z-Q,development,3
30,1977,8434,UtwsbV2jJEo,UCcijXxFzSXgoM6q9cCtT9PA,development,2
30,1978,8438,oHFTi9vdIMc,UCu_ocDeJ-wty_Y1IiittaBA,test_reserved,
30,1979,8441,zmySAnyjCQI,UCcy3exSBk-B1tfIAxHnxgzw,development,2
30,1980,8443,ORFN5qChztc,UC_YEDp_hEdqGHD6cYAHX0KA,development,3
30,1981,8445,9hCqpqF5KSE,UCud27Gl7WPKF4KmdOWKXIPg,development,5
30,1982,8450,4FYajcK_vzg,UCBkEIYKUPw_d06rAFuJfTVQ,development,5
30,1983,8454,lH61HyaDMPk,UC0l36s7dMwk1GYxmSHAib_A,development,5
30,1984,8459,GzIy-zsQ6GA,UCRDDfbYPHX_GUJ4lcQYTc8A,development,2
30,1985,8466,6Irzp14u5XI,UCiuCllaTAButX4ZC5DbRclw,development,5
30,1986,8468,6q79y2u_1yA,UCKurrM38zebptCChSC6QpuQ,development,2
30,1987,8471,kcHIu5D3t8o,UCcspHoBTj_aLhnJLwkMpWHQ,development,3
30,1988,8480,-bRK3Lpleko,UCPaLywDTxz4X0KMks4GOTfQ,development,1
30,1989,8481,Dd6FJQurwuo,UCckltLEhFLv8Xz_lQhYfwmg,development,1
30,1990,8482,xRriUneamR4,UCQTcNhAZidy1i9wwmdgf2Lw,development,4
30,1991,8489,LgyzZ6jdyzY,UCckltLEhFLv8Xz_lQhYfwmg,development,1
30,1992,8497,0yA6m87bjXA,UCckltLEhFLv8Xz_lQhYfwmg,development,1
30,1993,8502,n_cr5s3bTq4,UCE_uaeRZwW7roZqYO31iDWg,development,1
30,1994,8505,e5GIY5mh_gw,UCAH7R88V7gz7RqJv78nNOzg,development,3
30,1995,8511,vJCKjaZF7F4,UChMwYEDk54VhNNfuxDBRPTA,development,2
30,1996,8514,BykGefYTuqQ,UCCK3OZi788Ok44K97WAhLKQ,test_reserved,
30,1997,8515,K1LPzWK8n2k,UCQTcNhAZidy1i9wwmdgf2Lw,development,4
30,1998,8517,gZqNLrwUK9k,UCcijXxFzSXgoM6q9cCtT9PA,development,2
30,1999,8518,W_20G8Hvu4M,UCckltLEhFLv8Xz_lQhYfwmg,development,1
30,2000,8523,i9EVA___aJs,UCckltLEhFLv8Xz_lQhYfwmg,development,1
30,2001,8528,IpaZJaIOeRc,UCgnFSj7jQffD5V5m05j4dPw,development,5
30,2002,8529,3q-sYzpaM5Y,UCOtYyt7W5PmPnwQjWWF_Z-Q,development,3
30,2003,8530,c8qCwT8Y9C0,UCCK3OZi788Ok44K97WAhLKQ,test_reserved,
30,2004,8531,XXwX5HLMln0,UCckltLEhFLv8Xz_lQhYfwmg,development,1
30,2005,8536,kQmcsqaczYU,UCCK3OZi788Ok44K97WAhLKQ,test_reserved,
30,2006,8545,5E7y01Va-qo,UCCK3OZi788Ok44K97WAhLKQ,test_reserved,
30,2007,8546,_RarzLgZHQc,UCc30sTBdN9LRSxEuHaXV_bQ,test_reserved,
30,2008,8552,X0ct19Iqtg0,UC8lKgUHo-2mSR5cRRXO9xow,test_reserved,
30,2009,8557,sqRXyFYnG_Q,UCfgEc6wWBbVbj8ZNQLltioA,development,5
30,2010,8559,agqsvJxAHeI,UCQTcNhAZidy1i9wwmdgf2Lw,development,4
30,2011,8565,ZmNe73JVQCg,UCckltLEhFLv8Xz_lQhYfwmg,development,1
30,2012,8567,-UxiMw5X3OI,UCT83ymyAGm7Gnk_4ifxjxIA,development,4
30,2013,8568,AKA5pl6eJrQ,UCIW2pneMPYovEjy2cwyJqPw,development,1
30,2014,8569,nKVUGSkwSss,UCKZjHYC2CfZ0EZkkTWogsVA,development,4
30,2015,8576,YBIpssE5zG8,UCE_HRkZMtXQvjnCrM0aSjCQ,development,5
30,2016,8586,IDmHyh1cOJE,UCs_mHlm5_C82W5WCIJaSMbQ,test_reserved,
30,2017,8587,lSJW6KvWU1s,UCmTrMV3RUj_n8dO0Ff-wHOQ,development,3
30,2018,8590,bXtT269DN5g,UCqrqt9Egbp4Voh3iEUUoorw,development,3
30,2019,8593,ADMBdxUulYs,UCud27Gl7WPKF4KmdOWKXIPg,development,5
30,2020,8606,EweRq-Ug8gc,UCckltLEhFLv8Xz_lQhYfwmg,development,1
30,2021,8620,TAvSxlsX_AU,UCckltLEhFLv8Xz_lQhYfwmg,development,1
30,2022,8622,GGOwR7Det1o,UCOtYyt7W5PmPnwQjWWF_Z-Q,development,3
30,2023,8628,D7k3NQEulnM,UC4VkNi2RZSJyqXsFaJYfsPg,development,4
30,2024,8629,q7S26zFBPJE,UCKMHxntbjMQxwezTaVdDtFA,development,2
30,2025,8630,frnCZiuze5k,UCcijXxFzSXgoM6q9cCtT9PA,development,2
30,2026,8635,bvAW75HXh1M,UCCK3OZi788Ok44K97WAhLKQ,test_reserved,
30,2027,8653,bicCV3BXC7M,UCckltLEhFLv8Xz_lQhYfwmg,development,1
30,2028,8673,_1hiAB-ZsbU,UCUa0a5l56H0xre3SljFYRgw,development,4
30,2029,8675,fjy9cvniOlk,UCCK3OZi788Ok44K97WAhLKQ,test_reserved,
30,2030,8679,zL3saSYy8uM,UC6aSX46078fvOY9bY9ZUTYw,development,4
30,2031,8685,ciOdU8qEFg0,UCkagcQYGoYFuXsUg-ObSL6A,development,5
30,2032,8690,b3fSEx919jA,UCckltLEhFLv8Xz_lQhYfwmg,development,1
30,2033,8697,05sGIrPGR5M,UClSIhhnuyF8fXtBTpOOTknA,development,2
30,2034,8699,zrHvW-j9aDs,UCfuND8HywiC1G1T5s1t6ElA,test_reserved,
30,2035,8704,5CP48YNdaGw,UC7jNYrQQr_GnMWLe6bGRi2A,test_reserved,
30,2036,8710,VRD__lEYnWg,UCCK3OZi788Ok44K97WAhLKQ,test_reserved,
30,2037,8711,DUX2QOxhnpg,UCzQ0nw7uz0dRcO5VKzDwmlQ,development,3
30,2038,8713,eRNDHs0-I_s,UCRDDfbYPHX_GUJ4lcQYTc8A,development,2
30,2039,8717,26svS_4Gj3k,UCckltLEhFLv8Xz_lQhYfwmg,development,1
30,2040,8726,-cyd1Fh579c,UCM19g5ow7vLXDTYx_j9Z7VQ,test_reserved,
30,2041,8730,BtgMvhO8E4A,UCckltLEhFLv8Xz_lQhYfwmg,development,1
30,2042,8736,V9IiuEcxxkM,UCn0XmAUFv6d2tofMFEesSNw,development,5
30,2043,8737,LDOSa0r6R0o,UCsDDVBdzvMMZaQtF8vaC9bg,development,3
30,2044,8749,FjUJuLsJnOk,UCubo6fKdM-y-sqsu1sprjIQ,development,5
30,2045,8751,hnmH53BNNRw,UCn0XmAUFv6d2tofMFEesSNw,development,5
30,2046,8756,Rp7ixNpAf8E,UCtmKeT1zqxvWPGCR0I-6hiQ,development,5
30,2047,8767,6SXN8bEPsvc,UCQTcNhAZidy1i9wwmdgf2Lw,development,4
30,2048,8768,ecuK-4Bm2f8,UCKurrM38zebptCChSC6QpuQ,development,2
30,2049,8773,zNYiFLLtDFY,UCckltLEhFLv8Xz_lQhYfwmg,development,1
30,2050,8774,5jplgax8_GE,UCkXjFNkQdPUGCXGvwqAx7og,development,4
30,2051,8777,yoIGgHAIuvg,UCCK3OZi788Ok44K97WAhLKQ,test_reserved,
30,2052,8779,yckDXcRL7vQ,UCbS_glb2N1NVTrDLVryRbng,development,4
30,2053,8782,qGklYnWcl-U,UCCK3OZi788Ok44K97WAhLKQ,test_reserved,
30,2054,8783,rJHW6k8wpPM,UCRDDfbYPHX_GUJ4lcQYTc8A,development,2
30,2055,8793,5nyyEUX6qXk,UCQTcNhAZidy1i9wwmdgf2Lw,development,4
30,2056,8796,mjWoOa3vJaw,UCckltLEhFLv8Xz_lQhYfwmg,development,1
30,2057,8817,tPSM4c3qFKQ,UCRB8mrLCcwTPlJOMUy9MDUg,development,2
30,2058,8819,k6ZTqqE_wCY,UCXFiIVHYqQmgpmIi7KChMkQ,development,1
30,2059,8822,0Wlrn2mOTXA,UCv28xURTYOApw2GsurpATSg,development,2
30,2060,8826,VZdGClHTVC0,UCc30sTBdN9LRSxEuHaXV_bQ,test_reserved,
30,2061,8833,SVDkPOLxdIY,UCk9jF1m8XqLTOcixWkGb0jg,test_reserved,
30,2062,8835,4RyTRwT1eNk,UCn0XmAUFv6d2tofMFEesSNw,development,5
30,2063,8844,dBhURZWYqBY,UCTlLpPddpcW0ee6y4z9stKA,development,2
30,2064,8851,CD3huX6ZmZ8,UCCV84bEXdXJd1HSHhqUhoIA,development,1
30,2065,8859,HSfB-NKvh-g,UCQTcNhAZidy1i9wwmdgf2Lw,development,4
30,2066,8863,ilcNtgSp-ek,UCLNz9bgiJfM3ImTtYDOt8Ew,development,4
30,2067,8864,rkU27tmaZc0,UCVfnhhDIkkBJ_1QyzCqeVDg,development,2
30,2068,8882,Xj1fEVdYMiU,UC5lT7mnrszE3L2UdcpnFVhw,development,1
30,2069,8886,pRO47kb4D-I,UCc30sTBdN9LRSxEuHaXV_bQ,test_reserved,
30,2070,8887,JiN-xMY_yqQ,UCLA8Ovy_NPAwMWvr8IEDquw,development,4
30,2071,8888,UAWnshwE9T8,UCckltLEhFLv8Xz_lQhYfwmg,development,1
30,2072,8891,O-qekRcLwZk,UCRDDfbYPHX_GUJ4lcQYTc8A,development,2
30,2073,8897,liODvFBw7x0,UCiPssoHLvUfNEXLEhZ29rXg,development,1
30,2074,8898,GfxckuDdIIo,UCAH7R88V7gz7RqJv78nNOzg,development,3
30,2075,8901,Blrbp2B-wRs,UCxm3qT6MukO0l_vlfjy_ziw,development,2
30,2076,8909,lEJkDzc59Zk,UCAH7R88V7gz7RqJv78nNOzg,development,3
30,2077,8912,ZhWk3uL4XJA,UCpErRATj-Z4ux1lAtBhdfbg,development,4
30,2078,8914,vb1nGvAdRNU,UCLuP7ROjaueiuNbzrvPqXSQ,development,3
30,2079,8922,CS9BIxICkrU,UCcrsFwwoMvcXYpJ0XldIlVQ,development,5
30,2080,8924,wui0DWRaW8s,UCV9cn7kAjTi6nMKVKIuwoDw,development,1
30,2081,8928,0XjlJ2tnYG8,UCZpPfCxvP6T9rCkDX3tQfOw,test_reserved,
30,2082,8929,JgYMnOAP36Y,UCu_uRk4D5klE6p_SBLVOWaQ,development,3
30,2083,8930,KlrzcNcEJSs,UCAH7R88V7gz7RqJv78nNOzg,development,3
30,2084,8932,XmvO6jks7BU,UCqrqt9Egbp4Voh3iEUUoorw,development,3
30,2085,8933,AAk69IycFAg,UCcbOsE5_4LEjtQi8X2PFxDw,development,2
30,2086,8935,MDpUJOoANvo,UCV-q7cRK5yFYEFzWuoQOmQQ,development,4
30,2087,8936,0WZYwvJo72E,UChoqXWCFqL2vw60A_GraIQw,development,1
30,2088,8938,7BRfQskSs2A,UCaIc6SgS90ud_RgMSC6hW_w,test_reserved,
30,2089,8939,pu9a3wnByJk,UC1e3SfoIliz7Do8r_siL7Vg,development,1
30,2090,8943,_WKRuyXVgZs,UCfdBd-9WWZUv1h7d80Omy8g,development,2
30,2091,8955,pcrpkO0SfHk,UCqrqt9Egbp4Voh3iEUUoorw,development,3
30,2092,8959,IICXS3vz4wM,UCQIWzvLOlB4tu84TtOTJCGg,test_reserved,
30,2093,8965,1MatWNWWJto,UCcCp0B0bypJE4EJjwq8u2lQ,development,2
30,2094,8969,F1MtJe2UrdM,UCoz7UhbfPFJyljIIV2saR7A,development,3
30,2095,8971,qosx1Mqnizg,UCckltLEhFLv8Xz_lQhYfwmg,development,1
30,2096,8973,t7CaKrmg7Mw,UCckltLEhFLv8Xz_lQhYfwmg,development,1
30,2097,8974,9xJLEJ9Y8pY,UCckltLEhFLv8Xz_lQhYfwmg,development,1
30,2098,8979,H-1o0Ba3v0k,UCZEXdsMN3HWEz34uY5PbtXA,test_reserved,
30,2099,8980,oF_1D6e-Dpo,UC6jQt9K_jqnBNtsRf7hXHsA,development,2
30,2100,8992,C4ylyatLt2A,UCSNTusy_RmBUbTV2aV4ju_w,development,5
30,2101,8993,U_UJadt1VfM,UCJbxRq_IlWyzvB9KK0Mrs8A,development,5
30,2102,8995,b1XGob3HDa4,UCBp5IVBcxqhnaKSReF0nkQA,development,2
30,2103,9000,jDh2RocOl3Y,UC0l36s7dMwk1GYxmSHAib_A,development,5
30,2104,9004,KhACpPoz8Ho,UCmqflTSJ6911aCrnaWIXxsA,development,3
30,2105,9005,XeIS_jV5bM4,UCh-cPhwaVIJTFLMq0ZNf-hg,test_reserved,
30,2106,9009,1xOgt1Giog0,UCCQ3mUIQTv2Snhw5Os0Yo5Q,development,3
30,2107,9011,aeVUAU5qfJg,UCGnnbsbqbCc7KxSIAbC_d2A,development,5
30,2108,9014,NZ8LlezM-II,UC0554zf4RvVkxwt_tS4Wx_g,test_reserved,
30,2109,9015,EJx62JUF5zw,UCfgEc6wWBbVbj8ZNQLltioA,development,5
30,2110,9018,Lt-TEJ2VWqI,UClmcdMeyewoxHEYb2XDjhJw,development,5
30,2111,9022,pfzBn0svS6g,UCckltLEhFLv8Xz_lQhYfwmg,development,1
30,2112,9023,DtUH5q3qi1E,UCtwlss6rr66DbEurYOJgu4w,development,3
30,2113,9026,l5dAXENJZ6s,UCckltLEhFLv8Xz_lQhYfwmg,development,1
30,2114,9038,AscLcRIEmxM,UCc30sTBdN9LRSxEuHaXV_bQ,test_reserved,
30,2115,9043,aeZ-UY_RPpA,UCy3DJWVPCZ1ke602YJZ9PSg,development,3
30,2116,9044,RZ_tIoyejQ0,UCFGhJsc1ddSN8819LsMa90w,development,3
30,2117,9055,hUFb-HkQJGw,UCcijXxFzSXgoM6q9cCtT9PA,development,2
30,2118,9056,0xMFt1g5bCo,UCRDDfbYPHX_GUJ4lcQYTc8A,development,2
30,2119,9059,BJ1pANVl6vc,UCZfQAl56Y6qStW8DECs2hGw,development,5
30,2120,9063,UF_eVK-T_9A,UC12K2QZlfWLq_8FmZfB23Yw,test_reserved,
30,2121,9067,Shn-h8ETZGQ,UCCK3OZi788Ok44K97WAhLKQ,test_reserved,
30,2122,9069,Oat-e6Nprq4,UCbS_glb2N1NVTrDLVryRbng,development,4
30,2123,9070,jWjyi7sc4zc,UCaESx7Bdghv_UICcG1hBkcg,development,2
30,2124,9071,DZPJaW_334Q,UCckltLEhFLv8Xz_lQhYfwmg,development,1
30,2125,9078,yWuWDLYJHSc,UC5uGexidH3WqbErqSX_EGJA,development,1
30,2126,9079,RAseQbkaiIk,UCvLsvfgY-hbGDtOi2udm4Gg,development,4
30,2127,9080,7HOruqBQMqs,UCZ-RBSr_ZD-jWWDgZmFyZyw,test_reserved,
30,2128,9096,033E3-RH4P4,UCbS_glb2N1NVTrDLVryRbng,development,4
30,2129,9098,NZotDNan5hs,UCuJmg9Gw1uO-JGVLk9iACDw,development,2
30,2130,9100,_ZHwgwa_4kk,UCCEcX65K49gfceGQLm9qJLA,development,5
30,2131,9103,utNPDPu9a48,UCf2Iar2LDcFaSCnVH1ZMUkA,development,4
30,2132,9104,DQSBY1y7WAs,UCPXSUKHTNc1_hnHuj-UiQWQ,development,4
30,2133,9105,SQ75K51lH-8,UCVXCitEEweQox0oyIsJONrQ,development,3
30,2134,9106,Dv4wtgK-Cag,UCcijXxFzSXgoM6q9cCtT9PA,development,2
30,2135,9109,wcWBvQdXv1I,UCy3DJWVPCZ1ke602YJZ9PSg,development,3
30,2136,9110,B2T1FF3qjH4,UCoNaQS6wefjNVFkwvxrzAYw,test_reserved,
30,2137,9112,8u0YBdl4x_U,UCCK3OZi788Ok44K97WAhLKQ,test_reserved,
30,2138,9114,UmSe71F6tec,UCckltLEhFLv8Xz_lQhYfwmg,development,1
30,2139,9130,sPYN8tlYcR0,UCql-jEixeuMcyabHRYqr-Zw,development,3
30,2140,9133,TrKMZTj4u-g,UCCK3OZi788Ok44K97WAhLKQ,test_reserved,
30,2141,9134,7iCKSE9w6aI,UCn0XmAUFv6d2tofMFEesSNw,development,5
30,2142,9137,owxxEm7tIYo,UC8rcDufKZ3W6CtZU69CtMXg,development,5
30,2143,9139,8zM1Wy8OzuY,UCl4aG8npoRPiiPPr5S2-Lgw,test_reserved,
30,2144,9141,py-qOuTECFs,UCcijXxFzSXgoM6q9cCtT9PA,development,2
30,2145,9148,RKLwoXsAzsI,UCQTcNhAZidy1i9wwmdgf2Lw,development,4
30,2146,9156,hGdqkXgMNbA,UCTlLpPddpcW0ee6y4z9stKA,development,2
30,2147,9169,YlEr9Lero4Y,UCmGMChEd9jBucufrWcpk3Ew,development,3
30,2148,9170,tJyBiDB_gM4,UCcy3exSBk-B1tfIAxHnxgzw,development,2
30,2149,9177,F-g22Hgo0qc,UCl5xacxsAhltNGtiMktd_Sg,development,4
30,2150,9178,JbaIsEHbogU,UCckltLEhFLv8Xz_lQhYfwmg,development,1
30,2151,9179,F2AKqK1Y-OE,UC6jQt9K_jqnBNtsRf7hXHsA,development,2
30,2152,9183,mqCnbn1gllk,UCPfU0uygBGutjaaJU5PpEvg,development,2
30,2153,9184,GM1xfs085A8,UCm-TXzgh9U2K3wjWzY0XX0A,development,1
30,2154,9188,Sz7T-ISBzr0,UCRtAu8OVYVfuNZmTV-Ug0zA,development,5
30,2155,9193,WFk_ZQUpUxo,UCldiq7Z0JJVSkGXVgfV2qtg,development,2
30,2156,9198,lhuSywQhzaM,UCCK3OZi788Ok44K97WAhLKQ,test_reserved,
30,2157,9199,vEHMKQYMdWE,UCW_dWq1AfuNLqbZuoc6_Clg,development,4
30,2158,9200,Sp7jVUh3JHQ,UCOtYyt7W5PmPnwQjWWF_Z-Q,development,3
30,2159,9201,ZyqAkniSS4Q,UCcwCsuV7bOpTfqf2UvLfYmg,development,2
30,2160,9204,vzvoervpJrk,UCHZ6l32mEskYLDm1OkjFO3g,development,5
30,2161,9207,ok3aGkK-BE0,UCckltLEhFLv8Xz_lQhYfwmg,development,1
30,2162,9218,xVBuQoD1NiI,UCSmxZt63zt1f3kiBXnwVjNA,development,5
30,2163,9225,3fZzqsvcMLU,UC1hcl0aIr9KtXA-Kiq9itqw,development,3
30,2164,9238,I8mn2T9Ifwk,UCAH7R88V7gz7RqJv78nNOzg,development,3
30,2165,9247,rfrGAZnSwZU,UCCK3OZi788Ok44K97WAhLKQ,test_reserved,
30,2166,9250,3wyPHa29eNg,UCzXVxRmgawPeuyYCcbhBdUw,test_reserved,
30,2167,9257,rU3qCOcdm2E,UC80S9x_1mLIq3Q21dG-iy5A,development,3
30,2168,9259,sTIX7QCgPuw,UC1YGPDtctHGJWW0NrlQVklw,development,5
30,2169,9260,PYZPgARqiug,UCaIc6SgS90ud_RgMSC6hW_w,test_reserved,
30,2170,9262,oqSJjERrLQI,UCmGMChEd9jBucufrWcpk3Ew,development,3
30,2171,9269,RShZMGeGaCQ,UCckltLEhFLv8Xz_lQhYfwmg,development,1
30,2172,9272,sbeJrE-VgaY,UCz84dcspzky4K9dlmsP7K8Q,development,5
30,2173,9287,bJraxd-3sj0,UCwRAPq0zLdVsb440xKGBx2w,development,1
30,2174,9289,qg-jEn832zc,UC4hd4Gkr9VXuyMUvWNn1lEw,development,5
30,2175,9293,ngelHQ2GPhY,UCQTcNhAZidy1i9wwmdgf2Lw,development,4
30,2176,9294,UrmLji8Uck8,UCbR7juPwtP-bV_w0840ciYQ,development,3
30,2177,9302,E_jYQorA1TA,UCuW9OiaVwvoOraW1Jcc3_uA,development,2
30,2178,9311,T9mvJ_I_Kmk,UC8qBNfgWRK_WYYGSmmrfgPA,development,4
30,2179,9318,UBkl187q6fQ,UCCK3OZi788Ok44K97WAhLKQ,test_reserved,
30,2180,9321,WqEB94Tls4I,UCckltLEhFLv8Xz_lQhYfwmg,development,1
30,2181,9322,1yBhr0hh_8s,UCn0XmAUFv6d2tofMFEesSNw,development,5
30,2182,9324,Quufk7Awzxw,UCXm0FsS7PXy0w5HeOkYMi7Q,test_reserved,
30,2183,9325,Qms5BCZzUF0,UCckltLEhFLv8Xz_lQhYfwmg,development,1
30,2184,9347,dgl5FdZ8Igw,UCCK3OZi788Ok44K97WAhLKQ,test_reserved,
30,2185,9353,gK0_3xy8QII,UCLj8c-AqbSmkSPLG44lT0lw,development,4
30,2186,9356,HLbixSPa6HY,UCjm7vbOwssao7Bhm9wX3-bw,development,3
30,2187,9363,Pmgt-ddE5Tk,UC-GRFwciK7JiP8T4tl0pftQ,test_reserved,
30,2188,9369,rwmUvj2G6MM,UCckltLEhFLv8Xz_lQhYfwmg,development,1
30,2189,9372,IUZqKQ0vxak,UCQTcNhAZidy1i9wwmdgf2Lw,development,4
30,2190,9382,HTf4HcKd-L0,UC1YGPDtctHGJWW0NrlQVklw,development,5
30,2191,9383,eNMsLm7xq88,UCQTcNhAZidy1i9wwmdgf2Lw,development,4
30,2192,9386,WuJKLmVlr2w,UCOtYyt7W5PmPnwQjWWF_Z-Q,development,3
30,2193,9391,6ftnED_gN9s,UCafJV2dgvIHYxjKb4GJpV7w,development,4
30,2194,9394,3ChxqtEAl7c,UCMcbA7PGSiHNM1SqqTmKK9w,development,5
30,2195,9395,-w1xItbCL9s,UC22LfvKY_7Ibkt5I5wFqwfg,development,4
30,2196,9396,EtqlLga6ZKA,UCM19g5ow7vLXDTYx_j9Z7VQ,test_reserved,
30,2197,9400,fSWpQ1ROzVI,UC0tV1b7IFEXFUUILF7mAcWw,development,5
30,2198,9407,l14UaTWc0sA,UCckltLEhFLv8Xz_lQhYfwmg,development,1
30,2199,9411,o_TEhOBP8l0,UCIKg0Ev6Vq2M7hU7bL_jHFQ,development,3
30,2200,9413,ayk7_ZBgCPU,UC8rcDufKZ3W6CtZU69CtMXg,development,5
30,2201,9416,cxMjbNm2TIA,UCEItJuaZGCe0BlGzRKruP0A,development,5
30,2202,9418,rFsnDDe-qoU,UCRDDfbYPHX_GUJ4lcQYTc8A,development,2
30,2203,9422,to0-3Q3xHAY,UCkC-yhK-WnPNaNslH_LbBWQ,development,2
30,2204,9433,sRe79ZeLhJw,UCVfnhhDIkkBJ_1QyzCqeVDg,development,2
30,2205,9437,N5W9D01m0OU,UCZ6MS5ygBzz25PnSMaAw8PA,development,3
30,2206,9445,mfXAM0t14fY,UCCK3OZi788Ok44K97WAhLKQ,test_reserved,
30,2207,9458,Am2ttpbfRCY,UClKD6E6fDdor11ySgDxrjIQ,development,4
30,2208,9460,TBFjpavqUeU,UC5BT1yMZC1MtgngCRMRZoLg,development,1
30,2209,9469,sl24MqFXVqQ,UCOHyRrRuD2zGCkpuCAlyOyA,development,3
30,2210,9470,uu9BSupeDE0,UCckltLEhFLv8Xz_lQhYfwmg,development,1
30,2211,9472,yIKcroOzkCg,UCHT6F9HJ9DtLUjTOH16yg6g,development,3
30,2212,9475,2oQ04Ie0Xn4,UCbS_glb2N1NVTrDLVryRbng,development,4
30,2213,9476,serdlDFXVho,UCCK3OZi788Ok44K97WAhLKQ,test_reserved,
30,2214,9478,CdwV2elG2Lo,UC1YGPDtctHGJWW0NrlQVklw,development,5
30,2215,9483,Hck_6Npc4RI,UCckltLEhFLv8Xz_lQhYfwmg,development,1
30,2216,9487,oqCFxlM5gqY,UCYB7HJ5mt61PSDByUrF3IJg,development,3
30,2217,9490,LUoBr_-heWg,UC5uGexidH3WqbErqSX_EGJA,development,1
30,2218,9497,waTMCS0gCQA,UCmrLu4r89ykOzmtmbAeEklA,development,5
30,2219,9502,1DtabcbX4Qs,UC1YGPDtctHGJWW0NrlQVklw,development,5
30,2220,9504,Jf3nF0WGnfs,UCzNxbzqN0to4GNb9otFuGJQ,development,1
30,2221,9509,ySpZPDGKJ_0,UC-dHEjWS4CibzGtijQC6cOg,test_reserved,
30,2222,9526,paHiCtE_fuU,UCgnFSj7jQffD5V5m05j4dPw,development,5
30,2223,9531,0k54086WZQ0,UCckltLEhFLv8Xz_lQhYfwmg,development,1
30,2224,9536,gP4flxPO5aw,UCCK3OZi788Ok44K97WAhLKQ,test_reserved,
30,2225,9540,6SWrzQ1O1d0,UC2zxNWQM0kBCY5rXpeHaFQQ,development,4
30,2226,9544,WkxRtCsc97c,UCaCnmd0sVADrw8228hCBnlA,development,4
30,2227,9545,yH50xhcvxJM,UCql-jEixeuMcyabHRYqr-Zw,development,3
30,2228,9546,5N2UJSKs48w,UCgxiMvAbKYM3SZ2d46NHLug,development,3
30,2229,9551,8-566_Ux6lQ,UCwt4zdWrmnBpglCHb1ArREA,development,4
30,2230,9552,t8LyivZ26Es,UCdgWTRipbTuQsIiiPb6fB-A,development,5
30,2231,9558,yuo8BCpchJI,UCCK3OZi788Ok44K97WAhLKQ,test_reserved,
30,2232,9559,yu9dFfx81tM,UCdgWTRipbTuQsIiiPb6fB-A,development,5
30,2233,9560,eQVQxSNddVo,UC8qBNfgWRK_WYYGSmmrfgPA,development,4
30,2234,9564,Q3hcPnWmkKs,UCCK3OZi788Ok44K97WAhLKQ,test_reserved,
30,2235,9567,mMWgj0FQHC4,UCLuP7ROjaueiuNbzrvPqXSQ,development,3
30,2236,9597,Uxl0KMpeZ0E,UCyH9u_WllbJZHZHeIBzjW2g,development,2
30,2237,9605,iSxlnhA8mbc,UCAh_a0VFh-paEuVM_ITrreA,development,5
30,2238,9606,DvkUv97f_gQ,UCgnFSj7jQffD5V5m05j4dPw,development,5
30,2239,9608,6wamnG4gRWI,UCckltLEhFLv8Xz_lQhYfwmg,development,1
30,2240,9612,WVuE6MtV4uU,UCTIi9jL0_XH6wCRyHDygl9A,development,5
30,2241,9616,RoiQ7enDreE,UCOtYyt7W5PmPnwQjWWF_Z-Q,development,3
30,2242,9622,BM-Nm7svX1M,UCVXCitEEweQox0oyIsJONrQ,development,3
30,2243,9628,qjOw8Ytta_4,UCXm0FsS7PXy0w5HeOkYMi7Q,test_reserved,
30,2244,9630,AZI1wp4aNfg,UCckltLEhFLv8Xz_lQhYfwmg,development,1
30,2245,9631,2_eHqadfEjc,UCCK3OZi788Ok44K97WAhLKQ,test_reserved,
30,2246,9633,_KrYs5PDnxg,UCol1SzfebXhRo0ltxOJZ9cg,development,2
30,2247,9634,Gw1JmiGqHoQ,UCcwCsuV7bOpTfqf2UvLfYmg,development,2
30,2248,9642,tEYVZDK8JYk,UCzQ15V_zn2VoGUZrMhXw4vA,development,3
30,2249,9644,BMEm47hrYr8,UCAH7R88V7gz7RqJv78nNOzg,development,3
30,2250,9645,-rOZHMC3V8M,UC8qBNfgWRK_WYYGSmmrfgPA,development,4
30,2251,9651,WrCLJIGSRY0,UCgnFSj7jQffD5V5m05j4dPw,development,5
30,2252,9657,m3DlietsWqQ,UCoNaQS6wefjNVFkwvxrzAYw,test_reserved,
30,2253,9673,A556MtPnk7c,UCaIc6SgS90ud_RgMSC6hW_w,test_reserved,
30,2254,9677,NWx31iPQc9o,UCyhM9-y17fHHp-laYCEvT2g,development,1
30,2255,9689,vUZ8vvQDLqQ,UCZ6MS5ygBzz25PnSMaAw8PA,development,3
30,2256,9690,UG4J59HamuA,UCZv4N9cT2yGAbOgEGZ_cseQ,development,1
30,2257,9691,7WsLZLclLd4,UCAeBFsK2bmm5lkgy90uFiqw,development,4
30,2258,9692,bpje9rEvEWU,UCqrqt9Egbp4Voh3iEUUoorw,development,3
30,2259,9696,qZpYO5MMTG8,UCgnFSj7jQffD5V5m05j4dPw,development,5
30,2260,9697,UdxgAiHoc34,UCF11-Puqxb0jdeWNc7F_Fcw,development,2
30,2261,9702,s3AFmdWK4vk,UC265AWt6bbPKJcmpQwhif2A,development,3
30,2262,9712,_AQRACGY7Ro,UCpRnLw-i6ep13w_vh9M9k-g,development,2
30,2263,9720,XZND033J-JA,UCckltLEhFLv8Xz_lQhYfwmg,development,1
30,2264,9721,iWM7Qx07yOE,UCxEUUXpOFlVyBC9sf73Isow,development,1
30,2265,9730,T2CPcfp6ezQ,UCEWXUrJx9ufOtbQH5VRoVzg,development,4
30,2266,9740,alk9h3jcf3E,UC5-n2dfksESEt3ATmM6Uujw,test_reserved,
30,2267,9745,t3wAd0HMQAI,UCrVFS_0PdV7AwyTgR13IcVg,test_reserved,
30,2268,9748,3yL4IGooVmo,UCC4ytg6VTSI4EMTJoorjQtw,development,5
30,2269,9754,deMthGm8VU4,UCPXSUKHTNc1_hnHuj-UiQWQ,development,4
30,2270,9757,gEKhS7srrmM,UCcijXxFzSXgoM6q9cCtT9PA,development,2
30,2271,9762,rPYPOi9BLXk,UCDqFysWGVtduHRyawK8oJkw,development,5
30,2272,9764,iEUjM9XmIUE,UCylM3lbHnrtayjSl6fzDxDQ,development,3
30,2273,9766,dAhg7Jt0CK8,UCckltLEhFLv8Xz_lQhYfwmg,development,1
30,2274,9772,nl0cNWU0_F4,UCckltLEhFLv8Xz_lQhYfwmg,development,1
30,2275,9775,7jdWvXhi0N8,UCbI5YpdPKTd7FRoIuZ_uulw,development,1
30,2276,9777,kpD2qPkpSZk,UCppSNX9SEvI6TM1U0GLGQyA,development,2
30,2277,9781,bIDanRpPa04,UCOtYyt7W5PmPnwQjWWF_Z-Q,development,3
30,2278,9784,4i094ljrkJg,UCckltLEhFLv8Xz_lQhYfwmg,development,1
30,2279,9787,K86abnLooP0,UCbS_glb2N1NVTrDLVryRbng,development,4
30,2280,9788,2ae03iXZpS8,UCcijXxFzSXgoM6q9cCtT9PA,development,2
30,2281,9799,L68viC1OIwc,UCCK3OZi788Ok44K97WAhLKQ,test_reserved,
30,2282,9805,rkdKxecqt2U,UCq3WWAoJj0DOQC3G7ri1cug,test_reserved,
30,2283,9811,xQaDn2-2veM,UCkagcQYGoYFuXsUg-ObSL6A,development,5
30,2284,9812,O-P5kSK76Yw,UCsCp9NfFhRhL6DvDjWtAweg,development,1
30,2285,9815,UOC-1sxUmpo,UCLA8Ovy_NPAwMWvr8IEDquw,development,4
30,2286,9828,65d-uxGpPRA,UCckltLEhFLv8Xz_lQhYfwmg,development,1
30,2287,9832,yeNRVNENAFs,UCgnFSj7jQffD5V5m05j4dPw,development,5
30,2288,9836,_uokrWlckaU,UCcijXxFzSXgoM6q9cCtT9PA,development,2
30,2289,9840,6rtEHhKL9lM,UCCK3OZi788Ok44K97WAhLKQ,test_reserved,
30,2290,9848,0kdEv1xSxmY,UCmGMChEd9jBucufrWcpk3Ew,development,3
30,2291,9855,c8dOmbe1vtk,UCl5xacxsAhltNGtiMktd_Sg,development,4
30,2292,9859,coc-zLYtvos,UCOtYyt7W5PmPnwQjWWF_Z-Q,development,3
30,2293,9860,1Jq2U-zxSVg,UCM3bQBUJ0PEbgfe9lAw_Y3Q,development,3
30,2294,9861,-7HbmWwAv_Y,UCuQ0Z6UmOOZ5JmsniU20Myw,development,2
30,2295,9864,2npSssmORgc,UCn0XmAUFv6d2tofMFEesSNw,development,5
30,2296,9866,vnM6lop4_kg,UCm8I2aLYgPm_gdzw4SSkiGg,development,2
30,2297,9875,S0yv5-h-XNQ,UCqoZbyGTVsHUPErog0Sac4w,development,2
30,2298,9881,8hBTSVMjLwg,UCaqKkC85KtIgXZK1edWABww,development,5
30,2299,9885,bvAZyJfDZUY,UClSIhhnuyF8fXtBTpOOTknA,development,2
30,2300,9887,tgFb0MIJCp4,UCCK3OZi788Ok44K97WAhLKQ,test_reserved,
30,2301,9889,sgqAbtoyy8Q,UC6aSX46078fvOY9bY9ZUTYw,development,4
30,2302,9894,Xy9-ew8ZJJ4,UCB6jpWSG2GBgeUFfSrUgXew,development,2
30,2303,9895,BzJLaf4oIuI,UC0tV1b7IFEXFUUILF7mAcWw,development,5
30,2304,9898,eXHtNILLijU,UCc30sTBdN9LRSxEuHaXV_bQ,test_reserved,
30,2305,9907,Yu4-9FmijCQ,UCOHyRrRuD2zGCkpuCAlyOyA,development,3
30,2306,9914,xsDP3EteRg8,UC1YGPDtctHGJWW0NrlQVklw,development,5
30,2307,9932,G6DYN9cucQY,UCM19g5ow7vLXDTYx_j9Z7VQ,test_reserved,
30,2308,9933,lhujCV3zIRA,UCh9qXeL8eP3Txra2908xksg,development,3
30,2309,9936,WFVKsEQ5rM8,UCbR7juPwtP-bV_w0840ciYQ,development,3
30,2310,9938,ONcDQ3TOHBs,UCQTcNhAZidy1i9wwmdgf2Lw,development,4
30,2311,9939,VsUWEithC9Y,UCbS_glb2N1NVTrDLVryRbng,development,4
30,2312,9942,r6i-wsprerI,UCjYAhUnrkBujtKI3j3LM2uA,development,1
30,2313,9945,4gj3cui64nc,UCMayHG7j39d11Gh36vV7GnQ,development,3
30,2314,9946,6a1AKuY3i0g,UC_OVGNPj6MFL1nZOU05HIZA,development,4
30,2315,9949,yudPefsVy7U,UCLuP7ROjaueiuNbzrvPqXSQ,development,3
30,2316,9950,Mw3BZpD9CSQ,UCbS_glb2N1NVTrDLVryRbng,development,4
30,2317,9952,WdmMKGscwI4,UC-B9e7r2XmQBmB-hzpw7xEA,development,5
30,2318,9954,dP8p19UZew8,UC1YGPDtctHGJWW0NrlQVklw,development,5
30,2319,9960,rkJ_AEOg270,UC2b5VAYjsOfepl9nAXgRmfQ,development,4
30,2320,9961,O8Zcp6pt2uA,UC5ZNkdIVKL-M3KrNaCEzveg,test_reserved,
30,2321,9963,EHRCBlte96w,UCRDDfbYPHX_GUJ4lcQYTc8A,development,2
30,2322,9967,TSpX75BzuLs,UCcijXxFzSXgoM6q9cCtT9PA,development,2
30,2323,9968,YVfrexPvJHI,UCQgP7Qg3su6gQj2nj-dGbWA,development,5
30,2324,9973,jCEMQty92LE,UCOtYyt7W5PmPnwQjWWF_Z-Q,development,3
30,2325,9974,El48P7NjdUY,UCckltLEhFLv8Xz_lQhYfwmg,development,1
30,2326,9977,8TA7fbfu3HQ,UCAOAqdh0wJ6lmzO8j33v8fQ,development,5
30,2327,9982,LEDcACoqIlg,UC6jQt9K_jqnBNtsRf7hXHsA,development,2
30,2328,9983,7acV9BeNNcQ,UCx7lEnwLHxO9yPjOotGb-bA,development,2
30,2329,9992,92Dc-PXS2IQ,UCMxeqmVKOqiqh7V_A3h4gfA,development,2
30,2330,9993,dSJl8eElw4s,UCx7lEnwLHxO9yPjOotGb-bA,development,2
30,2331,9996,j_d7wJlgXDA,UCOtYyt7W5PmPnwQjWWF_Z-Q,development,3
30,2332,10007,AjsFLbCTmUc,UCzyTz2So395JRTH79AlQS7Q,development,2
30,2333,10008,WB-aE4MszOM,UCRDDfbYPHX_GUJ4lcQYTc8A,development,2
30,2334,10010,1dZhXIexEXg,UCf2Iar2LDcFaSCnVH1ZMUkA,development,4
30,2335,10013,wJC6sqerXyg,UC7NapJjZn91I2PnqsG2jXKA,development,4
30,2336,10014,bkakq9kUzwQ,UCDLJ56xJBl8heeTFRRpK9xQ,development,3
30,2337,10015,jl9lNMsIPP8,UCbS_glb2N1NVTrDLVryRbng,development,4
30,2338,10025,6fJr27Dl49w,UCDm4BW0Q5d-zASSuRyvPGXw,development,2
30,2339,10027,1VCqVVwKF5g,UCcijXxFzSXgoM6q9cCtT9PA,development,2
30,2340,10040,khu79RmIHeQ,UCdgWTRipbTuQsIiiPb6fB-A,development,5
30,2341,10041,_7CKVVb2y7c,UCgdaUnUmkHDpYCU0w2pR7Rw,development,2
30,2342,10043,L_gPsp3dl0E,UCckltLEhFLv8Xz_lQhYfwmg,development,1
30,2343,10044,8sgisqK84YA,UCacIRbbu-hgx4sRW6tZPRoQ,test_reserved,
30,2344,10049,yM94b_nFlvM,UCOtYyt7W5PmPnwQjWWF_Z-Q,development,3
30,2345,10051,kbKLfPS1juI,UCc30sTBdN9LRSxEuHaXV_bQ,test_reserved,
30,2346,10053,jKYIrqzlCis,UCfQfw--8dPGypR7sGcXJz0w,development,5
30,2347,10058,zDKJZ3AUlOA,UCckltLEhFLv8Xz_lQhYfwmg,development,1
30,2348,10062,8s9HvGZCUUQ,UCuTgmLxqarTxuBU5ARMYUNQ,development,5
30,2349,10065,L9-M43m2Y78,UC9SnUR9ewkPk9h45L0uY6SQ,test_reserved,
30,2350,10067,6UCrSivy_sQ,UCCXHDSRJKfNBLNJmIegx8Lw,development,4
30,2351,10077,dORFw2lgnp4,UCCK3OZi788Ok44K97WAhLKQ,test_reserved,
30,2352,10086,m50s7jPE8gM,UCeregcA7V24wo3vGVVsitfA,development,3
30,2353,10096,DoVt7iEK9Sw,UCQTcNhAZidy1i9wwmdgf2Lw,development,4
30,2354,10098,HnDaw1EWOSg,UCIoyIVPZEfC2p0dQwAxGiEw,test_reserved,
30,2355,10100,L4O8Yw1TL6I,UCU698FK0A1JkE2VADC4fQlA,development,5
30,2356,10104,xj0bY74845I,UCckltLEhFLv8Xz_lQhYfwmg,development,1
30,2357,10107,yejhbQkoJxM,UCCK3OZi788Ok44K97WAhLKQ,test_reserved,
30,2358,10112,JOUw7KaA1QQ,UC1hcl0aIr9KtXA-Kiq9itqw,development,3
30,2359,10116,_jxIEug80VE,UCmGMChEd9jBucufrWcpk3Ew,development,3
30,2360,10117,rLGsJN5p0DI,UCXfgx23Lw81I4wsCNhdVBgw,development,4
30,2361,10121,q9WDznXTqGo,UCXFiIVHYqQmgpmIi7KChMkQ,development,1
30,2362,10124,R5JhqXwVHCc,UCoZJaxWPeeGKZ6ShK5EsIkA,development,3
30,2363,10125,P6MNKj641Cs,UCOtYyt7W5PmPnwQjWWF_Z-Q,development,3
30,2364,10128,u3vkIK-L6ko,UCMkW7S3IszN1L9u1bLw23rQ,development,5
30,2365,10132,E_ZkJH1__A4,UCNSnFwvrkdgy7yoDd3M9uYQ,development,1
30,2366,10136,w1wb3KZdpys,UCRDDfbYPHX_GUJ4lcQYTc8A,development,2
30,2367,10152,CrFC_o9O0yY,UChsvddGPTnFP1915_GTb3KQ,development,1
30,2368,10153,2b1H1-s2D9U,UCCK3OZi788Ok44K97WAhLKQ,test_reserved,
30,2369,10157,FcljenlGe7Q,UCwuGqZ8aBXugJ5fsGQeeQiA,development,4
30,2370,10163,cIg39iSZAr8,UC1YGPDtctHGJWW0NrlQVklw,development,5
30,2371,10165,gsTUtvfN5Yw,UC-CcqBJrHwkO8SxwZpjcuSg,development,5
30,2372,10175,prYO-5zLgGU,UCaESx7Bdghv_UICcG1hBkcg,development,2
30,2373,10176,AIxme6CwlP4,UCwnRMnxUyJ5iGZkE1nADVvw,test_reserved,
30,2374,10179,YVlmLltn33Y,UCZNreSxdvd50nzMz5zkXg4w,development,5
30,2375,10194,1o6xoT_LUr8,UCfuND8HywiC1G1T5s1t6ElA,test_reserved,
30,2376,10197,wG2sWJdAVrc,UCc30sTBdN9LRSxEuHaXV_bQ,test_reserved,
30,2377,10198,QxU6jU-TUEQ,UC1YGPDtctHGJWW0NrlQVklw,development,5
30,2378,10202,vXiZRi64tQ4,UCVXCitEEweQox0oyIsJONrQ,development,3
30,2379,10207,Vs1k1M-VQMU,UC324VVhYKykBv01GecF4aYg,development,5
30,2380,10211,gvnFqAiEuAU,UCgnFSj7jQffD5V5m05j4dPw,development,5
30,2381,10212,tIo66x7IxV0,UCkagcQYGoYFuXsUg-ObSL6A,development,5
30,2382,10215,liFlWCxxvOU,UCRz88b4G1-MPeAECV7vOmAQ,development,2
30,2383,10218,sDemYDtBU9k,UC4jCgcD-VeJuSwbubFBqLxA,development,2
30,2384,10221,TYomIHzXkW8,UCuTgmLxqarTxuBU5ARMYUNQ,development,5
30,2385,10225,qgoo-F_DPF0,UCCK3OZi788Ok44K97WAhLKQ,test_reserved,
30,2386,10228,U2w5dNfMb6Y,UCZ6MS5ygBzz25PnSMaAw8PA,development,3
30,2387,10231,IPNlCXJWcTw,UCh9qXeL8eP3Txra2908xksg,development,3
30,2388,10232,C0lOP0OfR7o,UCckltLEhFLv8Xz_lQhYfwmg,development,1
30,2389,10239,8DZEbLGwdZI,UCM19g5ow7vLXDTYx_j9Z7VQ,test_reserved,
30,2390,10241,12SH7CCQEdE,UCKIAuvwMPOv0uVrGdGS2V7w,test_reserved,
30,2391,10247,mLutKmeKfOo,UCQkPhQ-6NhA1v7Tpsp6EnKQ,development,1
30,2392,10248,HbX-mVlqKAQ,UCcijXxFzSXgoM6q9cCtT9PA,development,2
30,2393,10256,mjWd4F6VRTI,UCCK3OZi788Ok44K97WAhLKQ,test_reserved,
30,2394,10258,YJBYh3LmkBc,UCRDDfbYPHX_GUJ4lcQYTc8A,development,2
30,2395,10264,AK6Sl5k_7g8,UCbS_glb2N1NVTrDLVryRbng,development,4
30,2396,10265,15c_tfV9iws,UCGyG2Xkr4xR73xgQMXNi8_g,development,5
30,2397,10267,OIGKrXumLqw,UCG0j1mTQov3RVBgLgh6wbKg,development,5
30,2398,10269,nxn-smvSRmg,UCr5BVR_ePEz_9V-KF5rSEmQ,test_reserved,
30,2399,10275,QZ0cQjLnQh0,UC1YGPDtctHGJWW0NrlQVklw,development,5
30,2400,10277,Vz1DiwzBwYw,UC6IHfZ-Rez2LR0PH01YxL7w,development,1
30,2401,10286,qOS0eu8O8vw,UCckltLEhFLv8Xz_lQhYfwmg,development,1
30,2402,10297,E0eGR1sfsPM,UCV1NPkc2O0YZBtx_rhDkicw,development,1
30,2403,10298,xDwrsbXD_6Y,UCA2bFNmvfzZLOIAvPwNQgPQ,development,2
30,2404,10304,mVNmaBFHZHM,UCgnFSj7jQffD5V5m05j4dPw,development,5
30,2405,10306,9_J65q935OM,UCdZRFHIhq7TpUNSLXRlt7rQ,development,5
30,2406,10312,ED4nVi0tOyE,UCgnFSj7jQffD5V5m05j4dPw,development,5
30,2407,10320,cS5zerXJSGQ,UCskNFH2e4ptFTkgeVmFPNhA,development,2
30,2408,10322,GGWe_okqgd0,UCoz7UhbfPFJyljIIV2saR7A,development,3
30,2409,10329,9p0Q-Vrsnyc,UCWwo8NBrDNOb5EEZadW3iWA,development,1
30,2410,10337,v-59fIt7VgI,UC944GuW0gSM0srEsZSZRQEQ,development,1
30,2411,10340,L2T0RoR4FWU,UCPXSUKHTNc1_hnHuj-UiQWQ,development,4
30,2412,10345,3wJbRVDPp5w,UCB1peLqwO8xdVLp_v3qjDmQ,development,1
30,2413,10346,LT40ySTe0Ps,UC28E5W1CJPbQxAQl9tFfzTA,test_reserved,
30,2414,10347,YRZ2wqIa3NM,UCyH9u_WllbJZHZHeIBzjW2g,development,2
30,2415,10348,FRM9xwLV8uo,UCqShCHSDvCBKDN_GAsnLJmQ,development,5
30,2416,10350,B1dsZx9cyp0,UCc30sTBdN9LRSxEuHaXV_bQ,test_reserved,
30,2417,10357,zf69h7Q_dl0,UCZNreSxdvd50nzMz5zkXg4w,development,5
30,2418,10361,zqdYXFDYgzQ,UCcg4tDKgPLIc_x3lhWdogLg,development,4
30,2419,10362,NshEsCEyONo,UC8lKgUHo-2mSR5cRRXO9xow,test_reserved,
30,2420,10371,6F4Jvcz0JKo,UCTzr48N2uKbsyKGtdvwEabQ,development,3
30,2421,10375,zaFuhduY-zs,UC_Urg845xBIOarYXBx_Ko2w,development,1
30,2422,10377,BIrwjzjkJNE,UCVfnhhDIkkBJ_1QyzCqeVDg,development,2
30,2423,10378,csiCz-gmRuE,UCXfgx23Lw81I4wsCNhdVBgw,development,4
30,2424,10379,5oyKgOFmIWE,UCR6bwkq2RbGG12zWqD9YRvw,development,3
30,2425,10385,FW7QnX0KHMk,UCcijXxFzSXgoM6q9cCtT9PA,development,2
30,2426,10399,97gNN0eu-fA,UC1YGPDtctHGJWW0NrlQVklw,development,5
30,2427,10411,s7CfGtwxWWM,UCPPRZwmVt30AOBVQ9vru3Xw,development,5
30,2428,10420,Iex-X9sWMf4,UCcbOsE5_4LEjtQi8X2PFxDw,development,2
30,2429,10425,xA24d_whtso,UCHxf5NOZYmtmQEOkToogAiQ,development,5
30,2430,10429,3zQIn7O05oY,UCaxBlBmzR1DJYmTaPax2gPQ,development,1
30,2431,10430,U4fXo79NifM,UCcijXxFzSXgoM6q9cCtT9PA,development,2
30,2432,10432,tReW2ogANog,UCxEUUXpOFlVyBC9sf73Isow,development,1
30,2433,10436,TbOi-uZrmCM,UCckltLEhFLv8Xz_lQhYfwmg,development,1
30,2434,10438,fPt55ShDa_M,UCm3mXl7hQbHVMxhKaOeEhYA,development,4
30,2435,10440,itqSiNk4XyA,UCCK3OZi788Ok44K97WAhLKQ,test_reserved,
30,2436,10446,lw825JiprF0,UCmAZwdFQyvTnrAVx5IqILgg,development,3
30,2437,10451,ZOzSixXPiQM,UCLuP7ROjaueiuNbzrvPqXSQ,development,3
30,2438,10455,KqJkSTHJISs,UCoPGkvh-1AoSzh23-ROXrpw,development,2
30,2439,10457,y6m9ltYUlDg,UCgnFSj7jQffD5V5m05j4dPw,development,5
30,2440,10461,Z6a5fg1E9z8,UCcijXxFzSXgoM6q9cCtT9PA,development,2
30,2441,10462,Dne0tAZH9aQ,UCM3bQBUJ0PEbgfe9lAw_Y3Q,development,3
30,2442,10481,6HfTWuBwFSY,UCckltLEhFLv8Xz_lQhYfwmg,development,1
30,2443,10487,np9HWBkmiX4,UCsLoRcb3FvB-uK3F1_zqXbw,development,1
30,2444,10489,xEK2dnRsQ9w,UCDhV2dS5kewSaccFl9g66sw,development,3
30,2445,10491,oBR_mJMiu8I,UCCK3OZi788Ok44K97WAhLKQ,test_reserved,
30,2446,10499,BQivADxOCNo,UCwRAPq0zLdVsb440xKGBx2w,development,1
30,2447,10500,QLaPK4bEGxM,UCA5xW2Ce7KT2AtxzDYDebCA,development,4
30,2448,10501,-2HNjndiuCk,UC_d3UQ1v8KP1JNFOBmV63xA,development,5
30,2449,10504,u1S0yz1zI90,UCCK3OZi788Ok44K97WAhLKQ,test_reserved,
30,2450,10508,iv8a9-a3vHA,UCM3bQBUJ0PEbgfe9lAw_Y3Q,development,3
30,2451,10516,WwlDKWvFOAM,UCOtYyt7W5PmPnwQjWWF_Z-Q,development,3
30,2452,10521,BBCF-L4wUSU,UCbS_glb2N1NVTrDLVryRbng,development,4
30,2453,10522,81zwzczctiI,UC1k6-TBSzYvANKKu2zcSjcQ,development,3
30,2454,10534,qhIp2ddUMmk,UC8byti_nmRGuF52xaPb2QIA,development,1
30,2455,10535,7vKiIoeaRqI,UCqrqt9Egbp4Voh3iEUUoorw,development,3
30,2456,10544,kR8Z5iQaAaI,UCJeJFkRVgi7gT7ViTxuHHdg,test_reserved,
30,2457,10546,H3vTqx2HwCI,UC4_jjlNoa3g_V3y9YoiE24Q,development,2
30,2458,10555,_ZrI-v7CdHs,UCc30sTBdN9LRSxEuHaXV_bQ,test_reserved,
30,2459,10557,05T7GatZ8WU,UCdgWTRipbTuQsIiiPb6fB-A,development,5
30,2460,10558,LM9zdNLIjEk,UCpoTebfTyQ_MnHRIIWpVQeA,development,3
30,2461,10564,wAFCESPJDVI,UCKuDeSAQOkDnBpiSa0gJN0A,development,3
30,2462,10569,wxs3I6A4UfQ,UCc30sTBdN9LRSxEuHaXV_bQ,test_reserved,
30,2463,10572,NqwgjvXfSZQ,UCWwo8NBrDNOb5EEZadW3iWA,development,1
30,2464,10573,RwBVWJs6gzc,UCQTcNhAZidy1i9wwmdgf2Lw,development,4
30,2465,10574,gAUwj2W3OWs,UCCK3OZi788Ok44K97WAhLKQ,test_reserved,
30,2466,10591,U2xxmJI0IlE,UCOtYyt7W5PmPnwQjWWF_Z-Q,development,3
30,2467,10594,lgOlaY0eF4U,UCql-jEixeuMcyabHRYqr-Zw,development,3
30,2468,10600,zAhdNHExVqE,UC12Go-EQ4E8Rjcj3nzVlzIA,test_reserved,
30,2469,10602,xT_d74BSRVU,UCckltLEhFLv8Xz_lQhYfwmg,development,1
30,2470,10610,uO48-rBQlZI,UCdB6k3Q_dkVJ77cV9tVWzcQ,development,2
30,2471,10613,KrUXomuNFfM,UC4-OGkz_qi4h59w_HeqwYjg,development,5
30,2472,10618,spsvRiDp5F4,UCV1NPkc2O0YZBtx_rhDkicw,development,1
30,2473,10633,Ee83GvHIM4c,UCckltLEhFLv8Xz_lQhYfwmg,development,1
30,2474,10634,gPSpbB2fwag,UCckltLEhFLv8Xz_lQhYfwmg,development,1
30,2475,10635,VUmZ1UIiAqo,UCCK3OZi788Ok44K97WAhLKQ,test_reserved,
30,2476,10638,Z1NjAX4kiPY,UCRePDO2sKo0VkW33MrPJCkw,development,3
30,2477,10639,7s8BkUl0D38,UC1YGPDtctHGJWW0NrlQVklw,development,5
30,2478,10652,50oxpwFQtJk,UCcijXxFzSXgoM6q9cCtT9PA,development,2
30,2479,10660,e2ks2yJ64fA,UC_hR1wSDcKjBRTlKtp6LK1A,development,4
30,2480,10679,MKruPPlj3Ts,UCbS_glb2N1NVTrDLVryRbng,development,4
30,2481,10683,foyopWM0684,UCckltLEhFLv8Xz_lQhYfwmg,development,1
30,2482,10698,zKAC-R2kL7Q,UCewWZeJ0g9cHU61e_jN_bZg,development,1
30,2483,10705,YvvuIjTeCiY,UCMz5OIRJhEHlbyfbzN_I1ag,test_reserved,
30,2484,10707,YYYrve4Wdos,UCXDs97xqSkkV9WSXMtYvCEw,test_reserved,
30,2485,10715,fg_uFrvryMc,UCyaXn4baYP2PVJtegGVRDiw,development,1
30,2486,10723,a2N6fFQm98o,UC8lKgUHo-2mSR5cRRXO9xow,test_reserved,
30,2487,10725,1z2uVeZs2Tw,UCqrqt9Egbp4Voh3iEUUoorw,development,3
30,2488,10732,DWfT4SLT4dc,UCOtYyt7W5PmPnwQjWWF_Z-Q,development,3
30,2489,10735,Hki9Tfm0RWM,UCprmDoTgvTMCbo8CInSLBIA,test_reserved,
30,2490,10741,YGnONM932a0,UCnkon33rksDXo3qChhTs5Vw,development,5
30,2491,10743,Elh5Qsu2p0E,UCOtYyt7W5PmPnwQjWWF_Z-Q,development,3
30,2492,10745,uC1cgf-qkuU,UCHrjPef58odmjGI-2rfIjZw,development,5
30,2493,10747,vCoOBieeqb8,UCbS_glb2N1NVTrDLVryRbng,development,4
30,2494,10755,ogvFhbwU4uo,UCV-q7cRK5yFYEFzWuoQOmQQ,development,4
30,2495,10756,9RbwgtP6vsc,UCckltLEhFLv8Xz_lQhYfwmg,development,1
30,2496,10759,Qmt4zbe3kvk,UCh9qXeL8eP3Txra2908xksg,development,3
30,2497,10763,mIbRlnTLexA,UCP4Z7-uWZYIQBclex8M086A,development,5
30,2498,10772,3lOENtQoVAQ,UCeG8nrxBu_9Ij5DikfOCntA,test_reserved,
30,2499,10774,K6JxIR71qSM,UCOtYyt7W5PmPnwQjWWF_Z-Q,development,3
30,2500,10775,AyMBFtIrYLE,UCxaN4q6cRJtTNGGvpt57k_g,development,5
30,2501,10777,x-fJCMyG3Yo,UCxPYVvthidICJb75llNXktg,test_reserved,
30,2502,10781,FgOo67oLuaM,UCKvIAFnwVFiuITk3cl7UTxA,development,5
30,2503,10782,3Nr6frVyfxg,UCEvTQbWPmEx-dzZq1yV-AWA,development,4
30,2504,10783,FYDdPKfkgFk,UCAH7R88V7gz7RqJv78nNOzg,development,3
30,2505,10784,eWWchRhusTE,UCaESx7Bdghv_UICcG1hBkcg,development,2
30,2506,10785,wUrM5k90t5A,UC3voMf0jfFBxwsv7k_ujPFw,development,1
30,2507,10788,RFlHhcmDKWY,UCCK3OZi788Ok44K97WAhLKQ,test_reserved,
30,2508,10790,TKRe9pn9vfQ,UC1YGPDtctHGJWW0NrlQVklw,development,5
30,2509,10793,kXmCVL6ONSg,UCPAbeKHjE4HpRXqo4AXJzVQ,development,1
30,2510,10794,ESCEF3E0NII,UCckltLEhFLv8Xz_lQhYfwmg,development,1
30,2511,10800,DIycyw3ImWw,UCRB6lI4yHvSUUL4cmz9ATfA,development,2
30,2512,10806,Dd7iokYLbU0,UCaqKkC85KtIgXZK1edWABww,development,5
30,2513,10810,kHPMwBHwkaA,UCgnFSj7jQffD5V5m05j4dPw,development,5
30,2514,10812,H_bG4NnfXdI,UCckltLEhFLv8Xz_lQhYfwmg,development,1
30,2515,10815,bBy98to72FQ,UC0xD4bzto2wp16mXMdHgBVg,test_reserved,
30,2516,10817,YwNbrpbQ8HU,UCqrqt9Egbp4Voh3iEUUoorw,development,3
30,2517,10819,0b1-HiXH0pk,UCFuP4DmMM9LZOMoa86vsZig,development,4
30,2518,10824,-hwaBJJ6weA,UC1YGPDtctHGJWW0NrlQVklw,development,5
30,2519,10834,cDp969lwtko,UCAH7R88V7gz7RqJv78nNOzg,development,3
30,2520,10835,Fory4jzNtYM,UC8MegDkaJsqK63fwbOjBLzw,development,2
30,2521,10837,eEIXPMXNJNc,UCLkBa7dDSZyT5CkZFa0W7QQ,development,3
30,2522,10839,4l_al-SCeBg,UCNnL7JQhtBvNZWn9Cg13i2Q,development,1
30,2523,10842,j4JvggqC7pI,UCMxeqmVKOqiqh7V_A3h4gfA,development,2
30,2524,10850,9gdn2tuFzbk,UCZZlMZ_qxyuwvp6H8c0wwvA,development,5
30,2525,10852,uvY_74OTs4U,UCckltLEhFLv8Xz_lQhYfwmg,development,1
30,2526,10853,1k95GN6Fy90,UC5R7F4Mw_ZV1c4tYe4UKLIg,development,4
30,2527,10863,WzuiTVqlSpM,UCU698FK0A1JkE2VADC4fQlA,development,5
30,2528,10865,M7VUF-kKpfw,UCn0XmAUFv6d2tofMFEesSNw,development,5
30,2529,10868,o0d1WA3yaWo,UCYweMykEAI5aaRztqrJuuAg,development,2
30,2530,10877,OaOhq1hjJV4,UCq5SmrhSWmp89RR1JpO2z8Q,development,5
30,2531,10889,84SWHBphdhY,UCNegsuGc742ezJnIYrzKgBQ,development,5
30,2532,10890,Szc1D2tb-QY,UCjCsmSR5ZZa2pgcjviTHfCA,test_reserved,
30,2533,10897,GxCyugqPJFw,UCG0j1mTQov3RVBgLgh6wbKg,development,5
30,2534,10908,DMLPQdpEdVA,UCV-q7cRK5yFYEFzWuoQOmQQ,development,4
30,2535,10917,0e5tXuNzcTI,UCxyOEiDidNJQGoMJXjOVW7A,development,2
30,2536,10936,Rc2Xc9N2gHI,UCKHgO2j1mqI5vFxJioRSPMQ,development,4
30,2537,10937,w-zAVnEN_2s,UCMcaGpzjo0D-d6oSvcg8PtA,development,4
30,2538,10943,evlQDJlV-I4,UCA5xW2Ce7KT2AtxzDYDebCA,development,4
30,2539,10949,Anpo0teNoJU,UCtj_Jtf4f9c5PSI7Go1_EEQ,test_reserved,
30,2540,10958,tHrdF3emX0Q,UCQIWzvLOlB4tu84TtOTJCGg,test_reserved,
30,2541,10961,X4X7BIpyQ_U,UC22LfvKY_7Ibkt5I5wFqwfg,development,4
30,2542,10969,WBAbkn4H4IE,UCAH7R88V7gz7RqJv78nNOzg,development,3
30,2543,10976,HE8lyVSSCRk,UCMn4yJDLV2bPWGc5ZOucU1A,development,3
30,2544,10977,WO696e1ovBo,UCekdpdajQ1JyGxUbmsN7nNA,development,3
30,2545,10981,oBVRLU6gaEc,UCRHYFnWL0aYTQ9qmvfZnUxg,development,1
30,2546,10983,8AWMoSYXJgU,UCgnFSj7jQffD5V5m05j4dPw,development,5
30,2547,10989,dy-3QNkHykQ,UCCK3OZi788Ok44K97WAhLKQ,test_reserved,
30,2548,10992,ZJ_aNgZWpIU,UCaxBlBmzR1DJYmTaPax2gPQ,development,1
30,2549,10993,uj9p5R9mfRI,UCCGEqESioRlas0CFwEZ1fww,development,3
30,2550,11000,pwQUkHHk2rA,UCckltLEhFLv8Xz_lQhYfwmg,development,1
30,2551,11001,eJA-i8VysZU,UCOtYyt7W5PmPnwQjWWF_Z-Q,development,3
30,2552,11002,ff1dzoYfzTo,UCckltLEhFLv8Xz_lQhYfwmg,development,1
30,2553,11020,w2M9FjoWBNk,UCrVFS_0PdV7AwyTgR13IcVg,test_reserved,
30,2554,11027,zlRt8Ecyn70,UCOtYyt7W5PmPnwQjWWF_Z-Q,development,3
30,2555,11033,LGHK9IqdIVc,UCCK3OZi788Ok44K97WAhLKQ,test_reserved,
30,2556,11045,QTg2XriQq50,UC8qBNfgWRK_WYYGSmmrfgPA,development,4
30,2557,11047,_e9M0ariiwk,UCgnFSj7jQffD5V5m05j4dPw,development,5
30,2558,11048,HUZwI91Np-A,UCgnFSj7jQffD5V5m05j4dPw,development,5
30,2559,11050,s4ZkjXhBLjs,UCckltLEhFLv8Xz_lQhYfwmg,development,1
30,2560,11053,TeieCRTk0Hk,UCLuP7ROjaueiuNbzrvPqXSQ,development,3
30,2561,11062,DDPcTk39bi0,UCk16AZqObhsEu7fUjwroGaA,development,1
30,2562,11066,-QLpeJFqvIU,UCckltLEhFLv8Xz_lQhYfwmg,development,1
30,2563,11067,u3N0wwJAycA,UCY-HsE38TZN4JKuFtQDTdDw,development,4
30,2564,11070,eyryfgTBXhE,UCcijXxFzSXgoM6q9cCtT9PA,development,2
30,2565,11072,26Dc5VasBYU,UCckltLEhFLv8Xz_lQhYfwmg,development,1
30,2566,11074,QqyXhBGQ68Q,UC8lKgUHo-2mSR5cRRXO9xow,test_reserved,
30,2567,11081,RBWLGnh-O78,UCaqKkC85KtIgXZK1edWABww,development,5
30,2568,11084,RJQvFjYTzD8,UCCK3OZi788Ok44K97WAhLKQ,test_reserved,
30,2569,11085,hlSMFObz-Ko,UCfG1KjPgXr137xDf4RJMtCg,test_reserved,
30,2570,11097,rwjOOPTgGQ4,UCprmDoTgvTMCbo8CInSLBIA,test_reserved,
30,2571,11098,WG5t50NB_Mo,UCcijXxFzSXgoM6q9cCtT9PA,development,2
30,2572,11101,pFzlYA0W5hw,UCkagcQYGoYFuXsUg-ObSL6A,development,5
30,2573,11102,w-R3dzZ3h-U,UCM2aWgUf3p5baPX6kx14uBw,development,3
30,2574,11104,fZlSqej61Xs,UCqDbs3rlemiBZmhkh9gXXHg,test_reserved,
30,2575,11108,e3O5YfjsEag,UCckltLEhFLv8Xz_lQhYfwmg,development,1
30,2576,11116,DUbHRF_aKLw,UCOtYyt7W5PmPnwQjWWF_Z-Q,development,3
30,2577,11118,aGRJNLGoxac,UCc30sTBdN9LRSxEuHaXV_bQ,test_reserved,
30,2578,11120,mjiarQHjfWE,UC8lKgUHo-2mSR5cRRXO9xow,test_reserved,
30,2579,11128,BqCtYonTH9E,UCOtYyt7W5PmPnwQjWWF_Z-Q,development,3
30,2580,11135,UZuWwr8VSYk,UCfQfw--8dPGypR7sGcXJz0w,development,5
30,2581,11138,Jl6xz9ubaxs,UCbS_glb2N1NVTrDLVryRbng,development,4
30,2582,11142,TqrhsWKx1g8,UC5_mCvFp3zgtxoX1W9yHHHQ,development,1
30,2583,11146,HYyClf5Y67k,UCjYAhUnrkBujtKI3j3LM2uA,development,1
30,2584,11149,OtWaWkJ9j3Y,UC_Yt4EUT5dtwOxMm6sheYrQ,development,5
30,2585,11153,zCSJx_O03H0,UCckltLEhFLv8Xz_lQhYfwmg,development,1
30,2586,11170,L12X6qwoD1w,UCbS_glb2N1NVTrDLVryRbng,development,4
30,2587,11172,gew_Xk-Ir9U,UCn6YTM3fvYdwCOHpdNJBOeg,development,5
30,2588,11177,--z3S87X-r4,UCcijXxFzSXgoM6q9cCtT9PA,development,2
30,2589,11178,w-jnqSD9v3k,UCcijXxFzSXgoM6q9cCtT9PA,development,2
30,2590,11181,OlBDfJXE2iY,UCCK3OZi788Ok44K97WAhLKQ,test_reserved,
30,2591,11183,FdLp2I2xh8k,UCckltLEhFLv8Xz_lQhYfwmg,development,1
30,2592,11188,81MjGMzRVV8,UCCK3OZi788Ok44K97WAhLKQ,test_reserved,
30,2593,11190,BE8rk6i-D2g,UCSodo0fV9KfObDMmYTpV5_A,development,4
30,2594,11197,46ZEn6mREGk,UCAH7R88V7gz7RqJv78nNOzg,development,3
30,2595,11199,qOAdzBU5pqk,UCZEXdsMN3HWEz34uY5PbtXA,test_reserved,
30,2596,11204,T7mBuRVfPMo,UCOupsF9ZsNIg_NybXseZaQg,development,4
30,2597,11207,Zy6nW1XR24E,UCS_wit98t2r1creRBOR78aQ,development,3
30,2598,11212,lDeNcNLCu5I,UCuEwrmIOrOpKWtoy2GjgHkw,development,1
30,2599,11221,6NI0Msf_TN4,UCmGMChEd9jBucufrWcpk3Ew,development,3
30,2600,11225,4KOEw5QlEF4,UCmKxhMStMwZZ1gdOg1YZQug,development,4
30,2601,11230,NgdHSl_9Yjs,UCc30sTBdN9LRSxEuHaXV_bQ,test_reserved,
30,2602,11238,n1KQQnGICoo,UCbS_glb2N1NVTrDLVryRbng,development,4
30,2603,11241,i5n3z6lNP1U,UCgnFSj7jQffD5V5m05j4dPw,development,5
30,2604,11258,LwlYS-iKKvg,UCAcPvtBwVq1vqSyPdhqD-UA,development,1
30,2605,11266,Qa9w_Hye7kY,UCfRW1ia4zPMtsbM7XiUrPQg,test_reserved,
30,2606,11267,6wEc465JTUA,UCckltLEhFLv8Xz_lQhYfwmg,development,1
30,2607,11271,VM2r6Lfmphg,UCckltLEhFLv8Xz_lQhYfwmg,development,1
30,2608,11281,frWdhp_NzIU,UCPXSUKHTNc1_hnHuj-UiQWQ,development,4
30,2609,11286,oP67g_tA_h4,UCqrqt9Egbp4Voh3iEUUoorw,development,3
30,2610,11290,VbXfIPSMMWk,UCIQ9OZNLnAZTySLZgUxbcQQ,development,2
30,2611,11292,Yc8Mq2TkZn8,UCol1SzfebXhRo0ltxOJZ9cg,development,2
30,2612,11293,cSkYwm--VMs,UC4EtZkAiRfpNl1QRxWTuXaA,development,4
30,2613,11299,BuTzH_e_sG0,UCpRgfr4_Eax0HHa2rwkRQ2w,development,1
30,2614,11300,9aAqGkQyBlU,UCCHjSTQREA19wpNwbo260dg,test_reserved,
30,2615,11301,W0GCfTrnQEg,UCDyQcvr-Lu0rbfEMECgwUFg,development,2
30,2616,11307,sfy79VE0paA,UCM3bQBUJ0PEbgfe9lAw_Y3Q,development,3
30,2617,11309,fgcnjKopH5U,UCEWXUrJx9ufOtbQH5VRoVzg,development,4
30,2618,11311,nK9kh9F2seg,UCdZRFHIhq7TpUNSLXRlt7rQ,development,5
30,2619,11314,MTKMCcHuIt0,UCckltLEhFLv8Xz_lQhYfwmg,development,1
30,2620,11320,S2h4H4lqgxk,UCp3vt0JWTbhd15j9PSn3RnQ,test_reserved,
30,2621,11323,AL9xYojhZbw,UCZEXdsMN3HWEz34uY5PbtXA,test_reserved,
30,2622,11326,qt4Iu0JDBLw,UCCK3OZi788Ok44K97WAhLKQ,test_reserved,
30,2623,11328,D5iZ2VrKYUU,UCPfU0uygBGutjaaJU5PpEvg,development,2
30,2624,11329,x9u9Fg9vtaM,UCh9qXeL8eP3Txra2908xksg,development,3
30,2625,11333,059JVd9Tx8Q,UCM3bQBUJ0PEbgfe9lAw_Y3Q,development,3
30,2626,11346,4fX24R8EO7E,UCVXCitEEweQox0oyIsJONrQ,development,3
30,2627,11350,d7N2OFjQTL8,UC1Er_ypK-cdGjc78OT6D6sQ,development,4
30,2628,11351,a5RxIs5C-nw,UCob2nB-OJ0dmsTjq3qPWibw,test_reserved,
30,2629,11353,f56BATC-EZU,UCQTcNhAZidy1i9wwmdgf2Lw,development,4
30,2630,11355,_Ch22_K1Q6E,UCxo2vmbl7cIT3p7hojtkZsA,development,1
30,2631,11357,bRGFSV8cKyE,UCckltLEhFLv8Xz_lQhYfwmg,development,1
30,2632,11362,pjAxRoDYqmA,UCiPqzkmX93ta8vFwMVS81oQ,development,3
30,2633,11363,SCbDk_AeJcI,UCd-gmzevnJBe9jHuNDMrI0w,test_reserved,
30,2634,11365,0WRIRc6QQ4I,UCM19g5ow7vLXDTYx_j9Z7VQ,test_reserved,
30,2635,11370,IPvgjzs-RsQ,UCqrqt9Egbp4Voh3iEUUoorw,development,3
30,2636,11371,N24sGy7X89A,UCXfgx23Lw81I4wsCNhdVBgw,development,4
30,2637,11376,KFWfQUsedL8,UCqrqt9Egbp4Voh3iEUUoorw,development,3
30,2638,11379,4BsxfRSHJnQ,UCt1uMmva5HBK0qu1hTGGvzA,development,3
30,2639,11382,_BR0ui52LcU,UCAcPvtBwVq1vqSyPdhqD-UA,development,1
30,2640,11383,efkADZ4CiOY,UCsvrW9k0uqrFMEXuF0HDgJQ,development,2
30,2641,11384,AJsrSqsf4VQ,UClSIhhnuyF8fXtBTpOOTknA,development,2
30,2642,11396,chQn5F3FXXU,UCe13xXtdfx_n0_z1qeXV6_g,test_reserved,
30,2643,11397,Z8uZFxD0ywk,UCaCnmd0sVADrw8228hCBnlA,development,4
30,2644,11399,RSJiRKOJ_OA,UCOtYyt7W5PmPnwQjWWF_Z-Q,development,3
30,2645,11410,4V_DdnjJuAw,UCckltLEhFLv8Xz_lQhYfwmg,development,1
30,2646,11416,vNpDc4-FtDQ,UCCK3OZi788Ok44K97WAhLKQ,test_reserved,
30,2647,11421,e0XhBxhTqis,UCgnFSj7jQffD5V5m05j4dPw,development,5
30,2648,11424,1SUG5raaEHc,UCsAPX_-Yu9O_3dJu0aUj_BA,development,4
30,2649,11450,W4LvPIL6T9Q,UCIoyIVPZEfC2p0dQwAxGiEw,test_reserved,
30,2650,11458,LYrZuI45itg,UCckltLEhFLv8Xz_lQhYfwmg,development,1
30,2651,11460,ART6Xb2cGzo,UC5uGexidH3WqbErqSX_EGJA,development,1
30,2652,11466,g6Il2KaoaWc,UCCK3OZi788Ok44K97WAhLKQ,test_reserved,
30,2653,11467,Vm-ru-N6CRQ,UC_Yt4EUT5dtwOxMm6sheYrQ,development,5
30,2654,11475,MWhjr3PgB-E,UCqrqt9Egbp4Voh3iEUUoorw,development,3
30,2655,11483,xN9qBLfzg90,UC3tvYy-s84yySG7V85jRDnA,development,4
30,2656,11488,0MbSjvR3q6Y,UCCK3OZi788Ok44K97WAhLKQ,test_reserved,
30,2657,11495,pKMU-ZE6vxI,UCgnFSj7jQffD5V5m05j4dPw,development,5
30,2658,11500,lRgHGq0ZB7U,UC1YGPDtctHGJWW0NrlQVklw,development,5
30,2659,11501,TM0I2HPxleo,UCCK3OZi788Ok44K97WAhLKQ,test_reserved,
30,2660,11502,7LOXtcDZvEQ,UCwt4zdWrmnBpglCHb1ArREA,development,4
30,2661,11503,7CqqQ8u1ZJ8,UCOtYyt7W5PmPnwQjWWF_Z-Q,development,3
30,2662,11511,rL311sljp6E,UCaESx7Bdghv_UICcG1hBkcg,development,2
30,2663,11515,9aAOc-B7Krk,UCf2Iar2LDcFaSCnVH1ZMUkA,development,4
30,2664,11521,KSIPZP8fT7Q,UC944GuW0gSM0srEsZSZRQEQ,development,1
30,2665,11529,b9diH_UWDd0,UCnkon33rksDXo3qChhTs5Vw,development,5
30,2666,11533,8VIXWaSnrMM,UCr5BVR_ePEz_9V-KF5rSEmQ,test_reserved,
30,2667,11537,75-svBYlVb0,UC-vTBToHrXuxkqSJ3OEqS0Q,development,2
30,2668,11546,bPKb82UlkA0,UCr5BVR_ePEz_9V-KF5rSEmQ,test_reserved,
30,2669,11553,J_H__emT46E,UCFjPN4qKreAn3tB36QMYiRA,development,5
30,2670,11558,xZHOkDBzIEs,UCgdaUnUmkHDpYCU0w2pR7Rw,development,2
30,2671,11565,6TkKODMcX6A,UCCXHDSRJKfNBLNJmIegx8Lw,development,4
30,2672,11570,aDNhqC2iZZU,UC22LfvKY_7Ibkt5I5wFqwfg,development,4
30,2673,11572,IKJImRnJGwU,UC1IwzRoyy-eroP1ZbQxXxag,development,5
30,2674,11578,05nNQEh97jk,UCZEXdsMN3HWEz34uY5PbtXA,test_reserved,
30,2675,11582,nagwr-cmvt4,UC8ZmvQOUKiu6SmICTXzjFnA,development,5
30,2676,11583,E5bk72VoofE,UCCK3OZi788Ok44K97WAhLKQ,test_reserved,
30,2677,11608,98LeikesPHE,UCckltLEhFLv8Xz_lQhYfwmg,development,1
30,2678,11617,ZgzqXZPZJnM,UCckltLEhFLv8Xz_lQhYfwmg,development,1
30,2679,11623,l99B3PjgZgU,UCckltLEhFLv8Xz_lQhYfwmg,development,1
30,2680,11631,wM-lWwWq5_U,UCacIRbbu-hgx4sRW6tZPRoQ,test_reserved,
30,2681,11636,hPDR5INxQQE,UCCV84bEXdXJd1HSHhqUhoIA,development,1
30,2682,11643,WfVJfgl5fOY,UCckltLEhFLv8Xz_lQhYfwmg,development,1
30,2683,11645,YuHcRm33pGY,UC0tV1b7IFEXFUUILF7mAcWw,development,5
30,2684,11648,wuWMTJkDwj0,UCckltLEhFLv8Xz_lQhYfwmg,development,1
30,2685,11658,j41K0oK_d9A,UCOtYyt7W5PmPnwQjWWF_Z-Q,development,3
30,2686,11662,r_zoo518BEU,UC4EtZkAiRfpNl1QRxWTuXaA,development,4
30,2687,11666,0QJW63iUtqs,UCHrjPef58odmjGI-2rfIjZw,development,5
30,2688,11683,-EUkiAvAuHY,UCAGQUfHzdsgxJ1pq2XDS2TQ,test_reserved,
30,2689,11685,K2ZeKc3N3Ws,UCUHPIJ7Bv3S2UL4sKgNhoYQ,development,5
30,2690,11690,Lsqb3XE78mg,UCf2Iar2LDcFaSCnVH1ZMUkA,development,4
30,2691,11702,GwnD2jpg9w4,UCfG1KjPgXr137xDf4RJMtCg,test_reserved,
30,2692,11709,sV2CV9dbRFM,UCgnFSj7jQffD5V5m05j4dPw,development,5
30,2693,11712,pdM8bk5K5zg,UCCGAo78vKOsDVXMESWJ2t3A,development,1
30,2694,11717,b95mQEPsl0w,UCQTcNhAZidy1i9wwmdgf2Lw,development,4
30,2695,11719,N1m8qjz60N0,UCqrqt9Egbp4Voh3iEUUoorw,development,3
30,2696,11724,JE8Ey3szCpM,UCQkPhQ-6NhA1v7Tpsp6EnKQ,development,1
30,2697,11728,GirNWD0R_v4,UCc30sTBdN9LRSxEuHaXV_bQ,test_reserved,
30,2698,11730,883kxK2ckag,UCmTrMV3RUj_n8dO0Ff-wHOQ,development,3
30,2699,11733,bbrEpW9WuGY,UCVfnhhDIkkBJ_1QyzCqeVDg,development,2
30,2700,11741,D1ODobv03sE,UCSfmHr5cQvlVKR2f6p8T01w,test_reserved,
30,2701,11744,EL5w_QHOli0,UCl5xacxsAhltNGtiMktd_Sg,development,4
30,2702,11766,7Qoz6eFXU-Q,UCbS_glb2N1NVTrDLVryRbng,development,4
30,2703,11767,FBciD4QsFRg,UCOgsOVUELkkv_irhET9kK_Q,development,1
30,2704,11770,089jR2V8Rfw,UCbS_glb2N1NVTrDLVryRbng,development,4
30,2705,11775,c40AK-OREew,UCCK3OZi788Ok44K97WAhLKQ,test_reserved,
30,2706,11779,Vxg1fC4X7Nc,UCsAPX_-Yu9O_3dJu0aUj_BA,development,4
30,2707,11780,dDMWTQX6nhs,UCMIOtMp-WuFS6f25y4Cwytg,development,2
30,2708,11781,jjccCvKYVAU,UCU698FK0A1JkE2VADC4fQlA,development,5
30,2709,11784,t4-PKN48LD0,UCx4GT61AI2dyy3FVFZ3s9Hw,development,1
30,2710,11787,GQxFxAZ9ULM,UCaszdCPv2DolWB2zmTDYPEA,development,4
30,2711,11792,2e845iRaoPE,UCfU_EkNq6OxL-RvZCx7f7wQ,test_reserved,
30,2712,11794,IU3AqyJSxF8,UCckltLEhFLv8Xz_lQhYfwmg,development,1
30,2713,11795,4ptpnkTgcOw,UCM3bQBUJ0PEbgfe9lAw_Y3Q,development,3
30,2714,11803,LK4fF4wA3Ss,UCZEXdsMN3HWEz34uY5PbtXA,test_reserved,
30,2715,11808,J7I9iLi9dvg,UC8lKgUHo-2mSR5cRRXO9xow,test_reserved,
30,2716,11814,53JqufSHH_g,UCPXSUKHTNc1_hnHuj-UiQWQ,development,4
30,2717,11815,NBVW2P0em54,UCCK3OZi788Ok44K97WAhLKQ,test_reserved,
30,2718,11816,Is7k0YZGvPE,UCrcATWZGF_p53r38i6VK0eA,test_reserved,
30,2719,11823,ZS6iUUjYrIE,UC33e0vM5W6gm82W5WuoGB9A,development,3
30,2720,11837,fEtS6ZiNcFU,UCXm0FsS7PXy0w5HeOkYMi7Q,test_reserved,
30,2721,11846,fqen4GGNlOM,UCQTcNhAZidy1i9wwmdgf2Lw,development,4
30,2722,11856,igagMQG44Uk,UCcijXxFzSXgoM6q9cCtT9PA,development,2
30,2723,11862,n2rGRFtDnKA,UCa68yFNzpqAEnwg37j8JXSg,test_reserved,
30,2724,11864,_AZX5q30yg4,UCAezzZgM5G37vOksUpBtBnQ,development,4
30,2725,11865,RY84OPCjBUA,UCKrtxx7ukDTuCSvLBiUIt8A,development,1
30,2726,11871,Xq2qlRKAM0M,UCaESx7Bdghv_UICcG1hBkcg,development,2
30,2727,11873,wFHFGFptK-k,UCBQ_5txpN9srcPmkpJytDvw,development,3
30,2728,11877,lVsZFQvJA4w,UCPXSUKHTNc1_hnHuj-UiQWQ,development,4
30,2729,11881,P5WTcyNlRsM,UCCK3OZi788Ok44K97WAhLKQ,test_reserved,
30,2730,11884,uIhHJHLiEFE,UCCK3OZi788Ok44K97WAhLKQ,test_reserved,
30,2731,11887,AQthhF9PCM8,UC_d3UQ1v8KP1JNFOBmV63xA,development,5
30,2732,11889,uF51-2oLIzM,UCCbm1E52PV05ZLv6dtRB92Q,development,5
30,2733,11891,JJxj91-Kjt4,UC5lT7mnrszE3L2UdcpnFVhw,development,1
30,2734,11892,wLIyrRqaxoc,UCbRbdFTihZZCq8r5-bQa0sA,test_reserved,
30,2735,11894,79_lJCaTj6Q,UCm-TXzgh9U2K3wjWzY0XX0A,development,1
30,2736,11898,0uCWtNbS3t0,UCt6_uKUFzWP7jLJZR9WpEoA,development,3
30,2737,11900,uZDsK_nD-RI,UC2UVrW6JtYPWq0ezzpF16RQ,development,3
30,2738,11912,LjcyQXDsOxg,UC9y7Wh-inBLM44vBwc9MGJg,development,2
30,2739,11914,p_F7L6v0Zok,UCAgBGlUKoAQFXMUzshrWDgg,development,1
30,2740,11918,FByFrXIY2qQ,UC0nMJ3QNryBHZpy1P3Wamwg,test_reserved,
30,2741,11922,P-dCRENvd-Y,UCOtYyt7W5PmPnwQjWWF_Z-Q,development,3
30,2742,11925,RKqwvesv06o,UCcijXxFzSXgoM6q9cCtT9PA,development,2
30,2743,11939,3ZATV0Ow5cw,UC5HK5iZs2UB55Bum9BBbajg,development,2
30,2744,11943,feiK6DamAk8,UCCQ3mUIQTv2Snhw5Os0Yo5Q,development,3
30,2745,11961,63Xjeg7g-jo,UC3tvYy-s84yySG7V85jRDnA,development,4
30,2746,11965,k7nPFzGMIN0,UCqrqt9Egbp4Voh3iEUUoorw,development,3
30,2747,11966,mkf1Eon6rYc,UCc30sTBdN9LRSxEuHaXV_bQ,test_reserved,
30,2748,11980,CltD95u1uS8,UCF11-Puqxb0jdeWNc7F_Fcw,development,2
30,2749,11985,_KfTIfBAd5U,UCP0FKFuz9j2Dp-QDr-Dv_0g,development,5
30,2750,11990,idHcCnl7FDA,UC80S9x_1mLIq3Q21dG-iy5A,development,3
30,2751,11996,3ZDeyoRzP8g,UCcijXxFzSXgoM6q9cCtT9PA,development,2
30,2752,11998,2d-v6SaoCDc,UCuJmg9Gw1uO-JGVLk9iACDw,development,2
30,2753,12006,HQQZERG96DA,UC6jQt9K_jqnBNtsRf7hXHsA,development,2
30,2754,12012,ZCxlLUFdcm8,UCEJ2OW9pd3aUob5SGap2Hzg,test_reserved,
30,2755,12020,7AD_zMMOHOE,UCkagcQYGoYFuXsUg-ObSL6A,development,5
30,2756,12024,7ZbVd4E0itE,UCuJmg9Gw1uO-JGVLk9iACDw,development,2
30,2757,12025,pRsOxI8DaiY,UCDhV2dS5kewSaccFl9g66sw,development,3
30,2758,12028,_Y3aQkuAgf4,UCcg4tDKgPLIc_x3lhWdogLg,development,4
30,2759,12035,VZrX37HyNE4,UC6aSX46078fvOY9bY9ZUTYw,development,4
30,2760,12045,uFNk8HdkMi0,UCnqTWrNbHl4SvL60MCE693Q,development,2
30,2761,12050,-U6cztp1mFM,UCbslldG51NumaG5QqgYSdtg,development,4
30,2762,12052,7ArJMSIOVXg,UC1YGPDtctHGJWW0NrlQVklw,development,5
30,2763,12057,HkrqXrBZIjY,UCt6_uKUFzWP7jLJZR9WpEoA,development,3
30,2764,12064,r22oE59nWkM,UC7y523uvfJhftdgPfC6NHPA,development,4
30,2765,12076,9X6QpOuodd8,UCcijXxFzSXgoM6q9cCtT9PA,development,2
30,2766,12078,adEJT0GHzq8,UCQTcNhAZidy1i9wwmdgf2Lw,development,4
30,2767,12080,k-VlW8bqpTo,UCMqjB1OMaNxphrBRCLlpMzQ,development,5
30,2768,12081,5PhDfewtp1M,UC5-n2dfksESEt3ATmM6Uujw,test_reserved,
30,2769,12084,zWcplQ78uhs,UCsU0TSt6Jm_yLlTkZS-FvUw,test_reserved,
30,2770,12086,2J9VKJ_iefE,UCbS_glb2N1NVTrDLVryRbng,development,4
30,2771,12087,gqqkb2lDlgA,UCNnL7JQhtBvNZWn9Cg13i2Q,development,1
30,2772,12098,PB3B_qTAWCM,UCPXSUKHTNc1_hnHuj-UiQWQ,development,4
30,2773,12102,TBKiy3ZVcW8,UCT83ymyAGm7Gnk_4ifxjxIA,development,4
30,2774,12105,eiVLBdcbpOo,UCL5nre1TlSK2uagqOO_4O9g,test_reserved,
30,2775,12106,Afpn9G952nM,UCAKbFSucxr0iLZDDkEp3gGw,development,1
30,2776,12109,9aHcJXPPMrQ,UCtHPrqawRzI9ifxLSqy4qsQ,development,2
30,2777,12118,HpbkpnoVwh8,UCl4aG8npoRPiiPPr5S2-Lgw,test_reserved,
30,2778,12123,Ga8OdnayQRc,UCgnFSj7jQffD5V5m05j4dPw,development,5
30,2779,12125,kROFChPgExg,UCCK3OZi788Ok44K97WAhLKQ,test_reserved,
30,2780,12126,wUY6KHc8LNE,UCgnFSj7jQffD5V5m05j4dPw,development,5
30,2781,12130,f2jdwWcmHCs,UCCK3OZi788Ok44K97WAhLKQ,test_reserved,
30,2782,12132,dIMemaBql2o,UCuJmg9Gw1uO-JGVLk9iACDw,development,2
30,2783,12149,S5Sn-YVYk8U,UCHwfjlJXhLKCNsuw2VXr6ig,development,1
30,2784,12153,EhdUaYuSJTI,UC1YGPDtctHGJWW0NrlQVklw,development,5
30,2785,12154,gt60UFbsXzo,UC1YGPDtctHGJWW0NrlQVklw,development,5
30,2786,12156,2IOkgRZHgTw,UCrhfPfnrGA6aLHO6qxvM7_Q,development,2
30,2787,12167,d1mgofXoyxk,UC1YGPDtctHGJWW0NrlQVklw,development,5
30,2788,12170,bZ68D6nxHQs,UCAH7R88V7gz7RqJv78nNOzg,development,3
30,2789,12180,QVB7TXJ5KCg,UCPfU0uygBGutjaaJU5PpEvg,development,2
30,2790,12186,GjDCM7iJLFk,UCckltLEhFLv8Xz_lQhYfwmg,development,1
30,2791,12191,XhYcb_J57NY,UChhmvfskCK4IaaoJ4Bj84Kg,test_reserved,
30,2792,12192,3ZWvfgJr7Os,UCmrLu4r89ykOzmtmbAeEklA,development,5
30,2793,12197,VLOMwbJdYjE,UCckltLEhFLv8Xz_lQhYfwmg,development,1
30,2794,12199,iBLTnEceFT4,UCAH7R88V7gz7RqJv78nNOzg,development,3
30,2795,12202,5Rm3uBgCaU8,UCbS_glb2N1NVTrDLVryRbng,development,4
30,2796,12203,zL1Yq-HGV0E,UCcxDOjzjxdaGfT5NiN5M8mg,development,2
30,2797,12205,gNoII5Nfxew,UCpRgfr4_Eax0HHa2rwkRQ2w,development,1
30,2798,12206,7yxAID_ObOU,UCgnFSj7jQffD5V5m05j4dPw,development,5
30,2799,12209,oLLpVrbdD0s,UCfQfw--8dPGypR7sGcXJz0w,development,5
30,2800,12211,lhwilGe52T4,UCsCp9NfFhRhL6DvDjWtAweg,development,1
30,2801,12212,vM06JhrYNk0,UCf48pki8AqjBHuV80LcC7kA,test_reserved,
30,2802,12217,NvQdaV8F0wc,UCn6YTM3fvYdwCOHpdNJBOeg,development,5
30,2803,12220,Ms5sn9rCA-8,UCckltLEhFLv8Xz_lQhYfwmg,development,1
30,2804,12226,JUs2R405IK0,UCPXSUKHTNc1_hnHuj-UiQWQ,development,4
30,2805,12227,jkDw3_4HVGg,UCAKAcMWVANp_qXgWKlXMCFA,development,2
30,2806,12228,wO7mAlmXN6k,UCafJV2dgvIHYxjKb4GJpV7w,development,4
30,2807,12229,tsQKbS6FquE,UCNnL7JQhtBvNZWn9Cg13i2Q,development,1
30,2808,12233,i_4HbgRE51c,UCckltLEhFLv8Xz_lQhYfwmg,development,1
30,2809,12234,pwav-HV4-Cs,UCrhkgHTUdZXbCd69TNuQuMg,development,4
30,2810,12235,WxsdXTedUXk,UCcijXxFzSXgoM6q9cCtT9PA,development,2
30,2811,12236,pmhcjyMEEyI,UCe4g8BqxCBVICI2OTCLdedg,test_reserved,
30,2812,12245,AyzvRug0lm8,UCckltLEhFLv8Xz_lQhYfwmg,development,1
30,2813,12249,-Ci1oq5zkw0,UCpKHQzqFn8VhNKQVCNp2M1g,development,2
30,2814,12250,FbZKDzkMrvg,UCGG2hIW0ZqagoM7__Gh2emw,development,1
30,2815,12260,Z9MjIbE_P4c,UC5_mCvFp3zgtxoX1W9yHHHQ,development,1
30,2816,12261,08vYC7l-Sxc,UCckltLEhFLv8Xz_lQhYfwmg,development,1
30,2817,12263,P3owd6WTUgw,UCckltLEhFLv8Xz_lQhYfwmg,development,1
30,2818,12265,cKtKPO4KV2k,UCOWCgndXfQ4DZKp34MXHYHg,test_reserved,
30,2819,12268,Q4JMDB-YcGM,UCgnFSj7jQffD5V5m05j4dPw,development,5
30,2820,12270,viq7j56d9SE,UCSMwk29d_VfGoBkZUYfjdeQ,development,2
30,2821,12278,nXuGw0RrOkY,UCuW9OiaVwvoOraW1Jcc3_uA,development,2
30,2822,12281,ZYVyqj6_wJI,UC4RBCrw6cMvOXz4eNkIgbnA,development,3
30,2823,12289,M1kySNpCDSE,UC1YGPDtctHGJWW0NrlQVklw,development,5
30,2824,12290,JwrK5pPNi7w,UCXfgx23Lw81I4wsCNhdVBgw,development,4
30,2825,12294,R8tK2_jOnJc,UCql-jEixeuMcyabHRYqr-Zw,development,3
30,2826,12295,BSz90lPwwwc,UCTlLpPddpcW0ee6y4z9stKA,development,2
30,2827,12296,o-3qlemSVuI,UCCK3OZi788Ok44K97WAhLKQ,test_reserved,
30,2828,12301,5ReRBR9_cUA,UCOiMY00_ZLijPF6InrCl0TA,development,3
30,2829,12303,PnublxTReyw,UCCK3OZi788Ok44K97WAhLKQ,test_reserved,
30,2830,12305,rOX1f82SGPo,UC0tV1b7IFEXFUUILF7mAcWw,development,5
30,2831,12307,8-5lHn6nvl8,UCx7lEnwLHxO9yPjOotGb-bA,development,2
30,2832,12313,cFXznqPB3yE,UCCK3OZi788Ok44K97WAhLKQ,test_reserved,
30,2833,12317,EbYSg-jT6F8,UC4RBCrw6cMvOXz4eNkIgbnA,development,3
30,2834,12318,oPRLT9fRI5Y,UCcrsFwwoMvcXYpJ0XldIlVQ,development,5
30,2835,12323,3UpDTx82NJg,UCckltLEhFLv8Xz_lQhYfwmg,development,1
30,2836,12326,uIQK-2G6F2g,UCckltLEhFLv8Xz_lQhYfwmg,development,1
30,2837,12328,Ibr7cxaVHnY,UC0tV1b7IFEXFUUILF7mAcWw,development,5
30,2838,12342,RRohjLJeX3E,UCRDDfbYPHX_GUJ4lcQYTc8A,development,2
30,2839,12343,cHfDhygpJ8w,UCQTcNhAZidy1i9wwmdgf2Lw,development,4
30,2840,12345,jWKl6AQ9eOI,UCT83ymyAGm7Gnk_4ifxjxIA,development,4
30,2841,12348,SVPJeIkoPGQ,UCyrW9aDENkU6G6URdVFwB9g,development,1
30,2842,12357,da8xAmRT70Q,UC1YGPDtctHGJWW0NrlQVklw,development,5
30,2843,12365,3wrOtZiDGT0,UCvZ8sPFxYngz2JN3DG93fOw,development,4
30,2844,12367,OTIblOi3rYI,UCIKg0Ev6Vq2M7hU7bL_jHFQ,development,3
30,2845,12369,tjsqtBViB50,UCW_dWq1AfuNLqbZuoc6_Clg,development,4
30,2846,12372,aRcK_0xhb_M,UCqXGW6IGN6fsLCDh4x6D1qw,development,5
30,2847,12374,4RlHs6puWsw,UCckltLEhFLv8Xz_lQhYfwmg,development,1
30,2848,12376,PT9rDuruzAA,UCweDTnElSgujDbt3yoNTx4g,development,2
30,2849,12383,FB9th_Uvx2Y,UCckltLEhFLv8Xz_lQhYfwmg,development,1
30,2850,12391,Qq5EgdOJbus,UCbS_glb2N1NVTrDLVryRbng,development,4
30,2851,12398,ticwgt6W6sc,UCtGwzTmbkXWhYwuVZQa3kVQ,development,2
30,2852,12401,199u7Aq0URo,UCckltLEhFLv8Xz_lQhYfwmg,development,1
30,2853,12405,EwDTiPBTzCE,UCckltLEhFLv8Xz_lQhYfwmg,development,1
30,2854,12416,0-JvcsnykWg,UCCK3OZi788Ok44K97WAhLKQ,test_reserved,
30,2855,12420,RlkS1EiUE5g,UCpRnLw-i6ep13w_vh9M9k-g,development,2
30,2856,12429,L6PHDOzbZAA,UCRDDfbYPHX_GUJ4lcQYTc8A,development,2
30,2857,12431,aWdCAU-DSkQ,UCOk9zSvzL_G02l8-5o2J0aw,development,4
30,2858,12449,mYwg3Vm_GNQ,UCmKxhMStMwZZ1gdOg1YZQug,development,4
30,2859,12452,6_nlSqhEjeY,UC1YGPDtctHGJWW0NrlQVklw,development,5
30,2860,12453,82Ei-oolsH0,UC1YGPDtctHGJWW0NrlQVklw,development,5
30,2861,12459,-2cdW8MsTss,UCVfnhhDIkkBJ_1QyzCqeVDg,development,2
30,2862,12460,yfb9qFwrfxg,UCOtYyt7W5PmPnwQjWWF_Z-Q,development,3
30,2863,12462,ycgD36kkvTk,UCn6YTM3fvYdwCOHpdNJBOeg,development,5
30,2864,12464,pFofooVBhZ4,UCoQrhbL8EqaiWTywvgPlriA,development,1
30,2865,12466,sz2qza1uevc,UC0RWGQFXExJPSdMNf9VAiHg,development,2
30,2866,12470,RAXwbPeAutg,UCcgkjXIaOrsFR8GLFo3iwOw,development,3
30,2867,12474,LNJUfZ9U6Sk,UCh9qXeL8eP3Txra2908xksg,development,3
30,2868,12482,2pOI_OSBBe8,UC5dezjl-rF4Sw6BRPM8Q6Zg,development,2
30,2869,12492,TrTFjFEN9Cw,UCf2Iar2LDcFaSCnVH1ZMUkA,development,4
30,2870,12494,Mm984_K66EU,UCweDTnElSgujDbt3yoNTx4g,development,2
30,2871,12499,APFJkD0gye0,UCcijXxFzSXgoM6q9cCtT9PA,development,2
30,2872,12500,J2Dv7YswJL0,UCCK3OZi788Ok44K97WAhLKQ,test_reserved,
30,2873,12507,N8VH5RJ2Wbo,UCckltLEhFLv8Xz_lQhYfwmg,development,1
30,2874,12512,vqPXcbO2hg4,UCOtYyt7W5PmPnwQjWWF_Z-Q,development,3
30,2875,12520,04Vb7-twcqQ,UCAgBGlUKoAQFXMUzshrWDgg,development,1
30,2876,12522,yzE7MzyqyA4,UCzNxbzqN0to4GNb9otFuGJQ,development,1
30,2877,12528,eVqgWxKHejc,UCCK3OZi788Ok44K97WAhLKQ,test_reserved,
30,2878,12532,UShw8DblQG8,UCAH7R88V7gz7RqJv78nNOzg,development,3
30,2879,12539,iKftQGg07MY,UCuJmg9Gw1uO-JGVLk9iACDw,development,2
30,2880,12540,pHvAMdoijDk,UCbS_glb2N1NVTrDLVryRbng,development,4
30,2881,12543,evszt-06VwE,UCcijXxFzSXgoM6q9cCtT9PA,development,2
30,2882,12550,Xch_G-szC2M,UCgnFSj7jQffD5V5m05j4dPw,development,5
30,2883,12554,WzhzRcirQAE,UCgnFSj7jQffD5V5m05j4dPw,development,5
30,2884,12559,Y1kTyq4ebuA,UCGwNjr4N0uUvqD8MopqsfyA,development,1
30,2885,12562,6lTJsJ6ib2E,UCQTcNhAZidy1i9wwmdgf2Lw,development,4
30,2886,12569,Qlgfk9ZfuyY,UCQTcNhAZidy1i9wwmdgf2Lw,development,4
30,2887,12571,g5iCT-mQK8o,UCc30sTBdN9LRSxEuHaXV_bQ,test_reserved,
30,2888,12573,on6PEGDRR_I,UCckltLEhFLv8Xz_lQhYfwmg,development,1
30,2889,12578,5feQR1OZnH8,UCm8I2aLYgPm_gdzw4SSkiGg,development,2
30,2890,12579,zX9pk02XInI,UCkOBWuInZXAP0DT3iAT5hYw,development,4
30,2891,12580,x7FSTSXOii4,UCgooj1ufFuOk6GD2jq8CbdQ,development,2
30,2892,12582,uPHQ78IgqhA,UCcijXxFzSXgoM6q9cCtT9PA,development,2
30,2893,12585,C392I_1mOYk,UCqrqt9Egbp4Voh3iEUUoorw,development,3
30,2894,12591,RDVRzjWQv2M,UC-c6MH2EkbLgjFT63lAx1Jw,development,3
30,2895,12594,z8cpK_xulTo,UCAH7R88V7gz7RqJv78nNOzg,development,3
30,2896,12598,5c12NIdEPmo,UCDAkUKRB1pkb-s3Gqv7FZ7A,development,2
30,2897,12603,I8WQ_Z-GSnQ,UCCK3OZi788Ok44K97WAhLKQ,test_reserved,
30,2898,12607,RcenwicuQ0k,UCh2Xwe7on2Oa2MBtk8zvEuw,development,3
30,2899,12609,oxTYcyfkF9Q,UCrVFS_0PdV7AwyTgR13IcVg,test_reserved,
30,2900,12612,FlGGb-YsQ-s,UC8rcDufKZ3W6CtZU69CtMXg,development,5
30,2901,12624,CejE_VuRlR4,UC_hR1wSDcKjBRTlKtp6LK1A,development,4
30,2902,12632,B3Clum5Ot7Y,UCckltLEhFLv8Xz_lQhYfwmg,development,1
30,2903,12642,YXbfZOWWW1M,UCCK3OZi788Ok44K97WAhLKQ,test_reserved,
30,2904,12646,5UsbH4ENFAc,UCdgWTRipbTuQsIiiPb6fB-A,development,5
30,2905,12649,tyYaBB4f_Js,UCckltLEhFLv8Xz_lQhYfwmg,development,1
30,2906,12650,_EkbJvJ81bc,UC4VkNi2RZSJyqXsFaJYfsPg,development,4
30,2907,12652,RVp5EFX5I9s,UCckltLEhFLv8Xz_lQhYfwmg,development,1
30,2908,12660,4cCg-aznuiY,UCOtYyt7W5PmPnwQjWWF_Z-Q,development,3
30,2909,12665,UVD8OJlSZjE,UCAKbFSucxr0iLZDDkEp3gGw,development,1
30,2910,12666,feQ1eF16AG0,UC1YGPDtctHGJWW0NrlQVklw,development,5
30,2911,12672,F-9jHTo9S8A,UCckltLEhFLv8Xz_lQhYfwmg,development,1
30,2912,12679,Z-n9RGCLANI,UCfuND8HywiC1G1T5s1t6ElA,test_reserved,
30,2913,12688,A9BgglDB2N4,UCCK3OZi788Ok44K97WAhLKQ,test_reserved,
30,2914,12689,bmXV9xGvpvY,UC-sHdOIu-eh_LFxQP018pmA,development,4
30,2915,12690,UXCTkf_oM30,UCCK3OZi788Ok44K97WAhLKQ,test_reserved,
30,2916,12691,fp87-hyoLPA,UCcijXxFzSXgoM6q9cCtT9PA,development,2
30,2917,12693,7ojdehRGApE,UCf2Iar2LDcFaSCnVH1ZMUkA,development,4
30,2918,12697,zkejb9cIymI,UCSfmHr5cQvlVKR2f6p8T01w,test_reserved,
30,2919,12700,CGmCLrghG48,UCcijXxFzSXgoM6q9cCtT9PA,development,2
30,2920,12706,F9VQCs7QHQQ,UCbS_glb2N1NVTrDLVryRbng,development,4
30,2921,12713,laFyYeJcO8g,UC_K3CNn5jlFvgCx7cpKiCYA,development,1
30,2922,12718,IE1_HHXq8io,UCckltLEhFLv8Xz_lQhYfwmg,development,1
30,2923,12733,b-sQxEg7V2s,UCbS_glb2N1NVTrDLVryRbng,development,4
30,2924,12739,970f339yda4,UCOtYyt7W5PmPnwQjWWF_Z-Q,development,3
30,2925,12741,eQY2HHbF2A4,UC61hH_E3HUjIweuWm20wuDg,development,1
30,2926,12742,6t8wVcHVpNg,UCUYXSaH7gW9DGZHItFsvJ_A,test_reserved,
30,2927,12743,yK22LsORswQ,UC6ziF4GiQwcEIY1PFqk9iVg,development,4
30,2928,12745,crYiP0d1ogY,UCGwNjr4N0uUvqD8MopqsfyA,development,1
30,2929,12752,vxM9-J2DmNI,UCCK3OZi788Ok44K97WAhLKQ,test_reserved,
30,2930,12754,a6eSBkdzCQE,UCsLoRcb3FvB-uK3F1_zqXbw,development,1
30,2931,12769,ZtWdJeeRiRQ,UCckltLEhFLv8Xz_lQhYfwmg,development,1
30,2932,12783,YNYlhiadZ1k,UCyaXn4baYP2PVJtegGVRDiw,development,1
30,2933,12790,oLeRJlobaEk,UCbj5TVwioQCK3qtYYEzD3kA,test_reserved,
30,2934,12792,-XcmQk8jL1Y,UCenKxrud5MMWf6GCANWZ7tA,development,1
30,2935,12793,_kxY5Qby21Y,UCpxzXOqrMd5AITBd_KXfwcQ,development,2
30,2936,12802,zdB0nWe8lxM,UCbS_glb2N1NVTrDLVryRbng,development,4
30,2937,12814,4yQKjQxk3t4,UCIenqpIzba_dA38bBoc0MMQ,development,5
30,2938,12817,c82P6SgmU8g,UCWr_3S-gYx33CVRDXSYSDhA,development,1
30,2939,12818,2-gCrkoAC9k,UCb8mB3DVTSichd8oZ1HQRwg,development,1
30,2940,12819,mnnN-P_J7io,UC6MkngMDyobFNaXOZR0ukyQ,development,1
30,2941,12822,q3m14ofkRg4,UCckltLEhFLv8Xz_lQhYfwmg,development,1
30,2942,12827,q5VEwmC2oHA,UCc30sTBdN9LRSxEuHaXV_bQ,test_reserved,
30,2943,12828,KHn_1igZsWg,UCgnFSj7jQffD5V5m05j4dPw,development,5
30,2944,12831,WR_M_D5mQM8,UCvivK4AwTrkPBnmrObTFxaQ,test_reserved,
30,2945,12833,7scJItueZwI,UCp3JwFW1xiUY4QwLqSsbNyw,development,2
30,2946,12836,yor5Jpr_Qws,UCCK3OZi788Ok44K97WAhLKQ,test_reserved,
30,2947,12837,eBt9qqQ2sh0,UCvr8FfbItix2xyxAqRpq2kw,test_reserved,
30,2948,12838,yNFn7W6-uG8,UCtsqmkwg-BebjNZEg6ofAcA,test_reserved,
30,2949,12848,QXWdKu5Wqe8,UCCK3OZi788Ok44K97WAhLKQ,test_reserved,
30,2950,12849,MwfCqVO7u2Y,UCaqKkC85KtIgXZK1edWABww,development,5
30,2951,12850,LdcVirevEMA,UCckltLEhFLv8Xz_lQhYfwmg,development,1
30,2952,12852,1-5Gv-ER9qQ,UCCK3OZi788Ok44K97WAhLKQ,test_reserved,
30,2953,12857,Fb8iaAsgC_I,UCiP6DUi_wjUMfc4bo0yIusQ,development,2
30,2954,12863,JBdULizGHAM,UCD02fQ2jNzcVZPxeqiDQZXQ,development,2
30,2955,12868,Ze7NOXOjhuI,UCckltLEhFLv8Xz_lQhYfwmg,development,1
30,2956,12881,Hrk_Y-ukqac,UCCK3OZi788Ok44K97WAhLKQ,test_reserved,
30,2957,12886,nTFkGooiaz4,UCzyTz2So395JRTH79AlQS7Q,development,2
30,2958,12893,A5QmAmbXxzs,UCckltLEhFLv8Xz_lQhYfwmg,development,1
30,2959,12898,OiMbU9fVOpc,UCQTcNhAZidy1i9wwmdgf2Lw,development,4
30,2960,12905,9h2Iv0b0N4s,UCcijXxFzSXgoM6q9cCtT9PA,development,2
30,2961,12906,gLVE5Do_kes,UCxm3qT6MukO0l_vlfjy_ziw,development,2
30,2962,12909,5IujSNitsxI,UCaIc6SgS90ud_RgMSC6hW_w,test_reserved,
30,2963,12913,1g9VzFap5oY,UCgnFSj7jQffD5V5m05j4dPw,development,5
30,2964,12919,FPIqaM6CO8o,UCj5dmKmfkAR5Y4y_d9FW3og,development,4
30,2965,12920,mQNqldn-yyY,UCfJxtusEDRdgxuIfeQR7r8A,development,2
30,2966,12929,YE3q6t8zQWo,UCofF1Whz-uMOt6JJAoHa9wQ,development,4
30,2967,12932,5jeXFT8hAbY,UCDAkUKRB1pkb-s3Gqv7FZ7A,development,2
30,2968,12934,zVdDFcZsBTY,UCQq_Qrz3HvOYtMm4gVIt7TA,development,4
30,2969,12939,t3Chue2V2mY,UCI9B6cvPkauAUvfV2CvKMMQ,development,4
30,2970,12945,vr8lkyCIInE,UCgoCbMJ4JnH0q40GofKZxVg,development,3
30,2971,12946,XjsQxuIuBTw,UCnRmorY-xMkotuJSykIMPsg,test_reserved,
30,2972,12947,a9Zws2evlo0,UC8rcDufKZ3W6CtZU69CtMXg,development,5
30,2973,12949,mWz-5VkTE8g,UCdB6k3Q_dkVJ77cV9tVWzcQ,development,2
30,2974,12952,n3yBdAZoH7A,UCkOBWuInZXAP0DT3iAT5hYw,development,4
30,2975,12954,n6q2xrZ1whc,UCWr_3S-gYx33CVRDXSYSDhA,development,1
30,2976,12957,HrOTqFkx5Bc,UCIoyIVPZEfC2p0dQwAxGiEw,test_reserved,
30,2977,12960,mVf6jro0ndc,UCRDDfbYPHX_GUJ4lcQYTc8A,development,2
30,2978,12961,sx0B_J3s2jw,UCf2Iar2LDcFaSCnVH1ZMUkA,development,4
30,2979,12967,VVmPSsQpHNs,UCl5xacxsAhltNGtiMktd_Sg,development,4
30,2980,12972,BOTHcpFlT8o,UC1YGPDtctHGJWW0NrlQVklw,development,5
30,2981,12978,TiuF68m55V0,UCn0XmAUFv6d2tofMFEesSNw,development,5
30,2982,12980,8PfZds9Ogmc,UCy9n9YrTsfIMdaPhKYRsdLQ,development,2
30,2983,12993,2vZk2ldsHuw,UC2q8im1fqNqwN0xEtlGwi1Q,development,5
30,2984,12994,CBnPyJFaUYc,UC0nMJ3QNryBHZpy1P3Wamwg,test_reserved,
30,2985,12997,iX_MiJpRLaA,UCkagcQYGoYFuXsUg-ObSL6A,development,5
30,2986,12999,6uOWzD2DaTM,UCckltLEhFLv8Xz_lQhYfwmg,development,1
30,2987,13004,-PDVVSU2r6k,UCckltLEhFLv8Xz_lQhYfwmg,development,1
30,2988,13008,GVElfIV5ISQ,UCu_V8lfzyGspxP-LNFowW9w,development,1
30,2989,13013,qCt7aPdC3Jc,UCzEhObPYxgT503UVbNbCapA,test_reserved,
30,2990,13020,3_c0WQPXnOk,UCAH7R88V7gz7RqJv78nNOzg,development,3
30,2991,13022,4wHP7GPcHLA,UCcijXxFzSXgoM6q9cCtT9PA,development,2
30,2992,13027,FaqEfbXj4YQ,UCbS_glb2N1NVTrDLVryRbng,development,4
30,2993,13030,BHRWXL1AJY8,UCj5dmKmfkAR5Y4y_d9FW3og,development,4
30,2994,13033,1JFL1dWXANc,UCckltLEhFLv8Xz_lQhYfwmg,development,1
30,2995,13034,7BXLgwg1X0k,UCu_uRk4D5klE6p_SBLVOWaQ,development,3
30,2996,13036,z_2EuL2bSQM,UC1hcl0aIr9KtXA-Kiq9itqw,development,3
30,2997,13038,ZFbsGyhNhmQ,UC3re5L0YoJSpwt2VJ4Y92Ug,development,1
30,2998,13039,I-GF2Y8VVcc,UCCK3OZi788Ok44K97WAhLKQ,test_reserved,
30,2999,13040,LoHOnAZi9xg,UCbS_glb2N1NVTrDLVryRbng,development,4
30,3000,13054,k3ClJuQ7P3g,UCcijXxFzSXgoM6q9cCtT9PA,development,2
30,3001,13058,ZzqDIpU9xr8,UCqrqt9Egbp4Voh3iEUUoorw,development,3
30,3002,13068,RkFOHaE3xJE,UCcwCsuV7bOpTfqf2UvLfYmg,development,2
30,3003,13071,p7J0vA9j-h4,UCckltLEhFLv8Xz_lQhYfwmg,development,1
30,3004,13072,nEdpyVZ9pJg,UC_d3UQ1v8KP1JNFOBmV63xA,development,5
30,3005,13080,6v99gRB02jQ,UCIKg0Ev6Vq2M7hU7bL_jHFQ,development,3
30,3006,13082,p-8rEU0Aukg,UCBUk51w4TcB2Joq2GOh7Peg,development,3
30,3007,13084,kXvgu94e5fs,UCrhkgHTUdZXbCd69TNuQuMg,development,4
30,3008,13090,PtTFKXKXzwU,UCaESx7Bdghv_UICcG1hBkcg,development,2
30,3009,13095,0hVIak7B5w8,UCzSJmu5JS43eHAs0Ajrq5_Q,development,2
30,3010,13103,S204VnVVOeY,UClunvGYCQvwHImJomUKmrQQ,development,4
30,3011,13127,KN0qL_QPf5Q,UC7aKqcJ03df0TVCzMtjEEtg,development,1
30,3012,13128,UVzR2XL3cmw,UCMQg72D9bcWjW-umvECrcAQ,development,1
30,3013,13132,f8Vc0gNch9w,UCm8I2aLYgPm_gdzw4SSkiGg,development,2
30,3014,13134,MXX5JiOHTow,UCwkyfeMvDrg0wjacet-bcCA,development,2
30,3015,13138,0NL5C3wwypc,UCRDDfbYPHX_GUJ4lcQYTc8A,development,2
30,3016,13140,cb_4YeKXneY,UChjjQEg9N3ySQae_eGitULg,development,2
30,3017,13144,ukC7YIfEbPU,UCCK3OZi788Ok44K97WAhLKQ,test_reserved,
30,3018,13147,ds8wmp4lhKw,UCckltLEhFLv8Xz_lQhYfwmg,development,1
30,3019,13150,Y8AUmy2U0XQ,UC5R7F4Mw_ZV1c4tYe4UKLIg,development,4
30,3020,13151,ccCUM4nIri4,UCCK3OZi788Ok44K97WAhLKQ,test_reserved,
30,3021,13152,Pi6yUvJEJQc,UCgnFSj7jQffD5V5m05j4dPw,development,5
30,3022,13155,vjeL_gHhSX8,UCCK3OZi788Ok44K97WAhLKQ,test_reserved,
30,3023,13157,_LPvqSrWJTY,UCckltLEhFLv8Xz_lQhYfwmg,development,1
30,3024,13160,ptHeaofN_1A,UCCK3OZi788Ok44K97WAhLKQ,test_reserved,
30,3025,13167,pNWFEd-L_i4,UCCK3OZi788Ok44K97WAhLKQ,test_reserved,
30,3026,13171,2Yj3dx8h7g4,UCqrqt9Egbp4Voh3iEUUoorw,development,3
30,3027,13181,VBnETXhwbl4,UCaIc6SgS90ud_RgMSC6hW_w,test_reserved,
30,3028,13194,kWwjDf3TVJ8,UCckltLEhFLv8Xz_lQhYfwmg,development,1
30,3029,13198,8nmcNJ_4_jM,UC1YGPDtctHGJWW0NrlQVklw,development,5
30,3030,13199,daZcguLAovo,UCA5xW2Ce7KT2AtxzDYDebCA,development,4
30,3031,13201,8GgVU-ds0pg,UC2YLwpfSSEV2eK31LzJKB6A,development,4
30,3032,13207,EGI1O9E3iRE,UCLNz9bgiJfM3ImTtYDOt8Ew,development,4
30,3033,13209,26ExIgitRzo,UCcbOsE5_4LEjtQi8X2PFxDw,development,2
30,3034,13212,TFSwj8C0504,UCaFC8Yo8pGEvX5hu5J6tGDg,development,4
30,3035,13214,PvtTUQOZP5s,UCbS_glb2N1NVTrDLVryRbng,development,4
30,3036,13218,Yon1yjlXzTI,UCkOBWuInZXAP0DT3iAT5hYw,development,4
30,3037,13221,msVpcjLByEU,UC1hcl0aIr9KtXA-Kiq9itqw,development,3
30,3038,13224,EeCzkX4fBoY,UCk0ZLeOPZVnRJn_s1x-8Idg,test_reserved,
30,3039,13227,Z5e7w1VrRik,UCh2Xwe7on2Oa2MBtk8zvEuw,development,3
30,3040,13232,wp3fjq9wB0k,UCr5BVR_ePEz_9V-KF5rSEmQ,test_reserved,
30,3041,13234,6uMGQKD-tfo,UCIoyIVPZEfC2p0dQwAxGiEw,test_reserved,
30,3042,13237,Fob3DVDQHIQ,UCqrqt9Egbp4Voh3iEUUoorw,development,3
30,3043,13242,3FqnC3AbMYk,UCM3bQBUJ0PEbgfe9lAw_Y3Q,development,3
30,3044,13246,9aSqupX5UyA,UCgnFSj7jQffD5V5m05j4dPw,development,5
30,3045,13250,4B0nZWQ36fA,UCbS_glb2N1NVTrDLVryRbng,development,4
30,3046,13261,MfumEOYqZ1I,UC0tV1b7IFEXFUUILF7mAcWw,development,5
30,3047,13262,KC4jdmqZbAU,UCs_mHlm5_C82W5WCIJaSMbQ,test_reserved,
30,3048,13267,Pyp1mUPeYRw,UCCbm1E52PV05ZLv6dtRB92Q,development,5
30,3049,13272,mVPZbmYxYho,UCMayHG7j39d11Gh36vV7GnQ,development,3
30,3050,13274,wrKSFltci04,UCckltLEhFLv8Xz_lQhYfwmg,development,1
30,3051,13279,KjiXyyikl0o,UCqDMvUe1Zy9QzR-F6X7B5pw,development,1
30,3052,13285,INNv0GC4__8,UCmp1I1k6yNX-HqwfOFS2IPA,development,4
30,3053,13294,1N8QoR4q5SQ,UCqtFS_Ap7Qh2y8cfE_20C0A,development,5
30,3054,13297,GDUZCdc7Ox4,UCOtYyt7W5PmPnwQjWWF_Z-Q,development,3
30,3055,13301,a1t-K3IxHU4,UC6aSX46078fvOY9bY9ZUTYw,development,4
30,3056,13303,xN9HzGclNEM,UCCK3OZi788Ok44K97WAhLKQ,test_reserved,
30,3057,13304,pTOiK-8sUFI,UCckltLEhFLv8Xz_lQhYfwmg,development,1
30,3058,13305,jc2kWfgsD8Q,UCA5xW2Ce7KT2AtxzDYDebCA,development,4
30,3059,13317,74rZkQ9YeRo,UCbR7juPwtP-bV_w0840ciYQ,development,3
30,3060,13321,VqZ0Ve1RgEA,UC7di5zivMKpYOmhyhZ2nVvg,development,4
30,3061,13330,GtoQEa_PYc0,UCcijXxFzSXgoM6q9cCtT9PA,development,2
30,3062,13332,iNi4pzUxVrQ,UC3yRhP9WE8V8mXVSAyYyOVg,development,2
30,3063,13333,Cluv-Z15v5M,UCRB8mrLCcwTPlJOMUy9MDUg,development,2
30,3064,13334,SGA8aQMG1cU,UCOtYyt7W5PmPnwQjWWF_Z-Q,development,3
30,3065,13338,Wvu3k8_Wa34,UCT9E_8Mls_HI5Mo4HSiBtSg,development,4
30,3066,13341,6AhymCS6788,UCckltLEhFLv8Xz_lQhYfwmg,development,1
30,3067,13351,pO0kz5L81-U,UCLuP7ROjaueiuNbzrvPqXSQ,development,3
30,3068,13366,u-UsmNaLJko,UCAH7R88V7gz7RqJv78nNOzg,development,3
30,3069,13367,nBiWVcEglBs,UCVBt_Exv9FMcM6F09AZNcew,development,1
30,3070,13371,8S9MMqQ3ys4,UCckltLEhFLv8Xz_lQhYfwmg,development,1
30,3071,13374,EB_I9EZTQ7c,UCEItJuaZGCe0BlGzRKruP0A,development,5
30,3072,13380,QYY3NJOaHzU,UCEItJuaZGCe0BlGzRKruP0A,development,5
30,3073,13382,f2a00y9h8SE,UCMAsQ6boj7sTPjNAlYxMMCw,development,5
30,3074,13389,H2uDkU6MIls,UCIKg0Ev6Vq2M7hU7bL_jHFQ,development,3
30,3075,13392,Gifep0Ohcs0,UCRDDfbYPHX_GUJ4lcQYTc8A,development,2
30,3076,13396,kaza2en0LQw,UCTWJG6nS2y6e3ETGBavoIyw,development,5
30,3077,13398,5bZcj1bfyT0,UCPXSUKHTNc1_hnHuj-UiQWQ,development,4
30,3078,13401,Z_9ES6GVFHA,UCm6FpVN_cg2tGqHVDc9QpMg,development,4
30,3079,13406,fTB8Zz5PA7o,UCr5BVR_ePEz_9V-KF5rSEmQ,test_reserved,
30,3080,13410,uZJCw8J-ilc,UCFsAAfR-lgzQ0Qk5xipzFzA,test_reserved,
30,3081,13414,0y4HnqbKXfE,UCPXSUKHTNc1_hnHuj-UiQWQ,development,4
30,3082,13416,GKug7Bi8aTY,UCHnrxBGuC8ZV_XhmJc8Ytcg,development,4
30,3083,13417,_rLfa3npPKs,UCCK3OZi788Ok44K97WAhLKQ,test_reserved,
30,3084,13418,Hey8fhhgbSs,UCckltLEhFLv8Xz_lQhYfwmg,development,1
30,3085,13420,qpPwxgGbZI0,UCmrLu4r89ykOzmtmbAeEklA,development,5
30,3086,13421,v6VOLKx3GBY,UCOtYyt7W5PmPnwQjWWF_Z-Q,development,3
30,3087,13423,YqVs7U9ZA0w,UCckltLEhFLv8Xz_lQhYfwmg,development,1
30,3088,13427,b93AdFSuzDY,UCAH7R88V7gz7RqJv78nNOzg,development,3
30,3089,13428,NkUaz7WCcQo,UCvjZ9vJOPpr9vOAi2UNe3kg,development,2
30,3090,13434,zwN7XgDTjYs,UCh9qXeL8eP3Txra2908xksg,development,3
30,3091,13435,hyli6RrXwEU,UCCK3OZi788Ok44K97WAhLKQ,test_reserved,
30,3092,13436,stlZrqT5wyc,UCVfnhhDIkkBJ_1QyzCqeVDg,development,2
30,3093,13437,t7f7n6DNJBs,UCd-gmzevnJBe9jHuNDMrI0w,test_reserved,
30,3094,13438,2EJD2uXHruQ,UCOHyRrRuD2zGCkpuCAlyOyA,development,3
30,3095,13445,qzUXiXIFvmw,UCbkAklUqbCi69K8xQdbe48A,development,2
30,3096,13449,AG8rdrd22r8,UCcijXxFzSXgoM6q9cCtT9PA,development,2
30,3097,13450,EVbBgo9gV1U,UCqrqt9Egbp4Voh3iEUUoorw,development,3
30,3098,13452,S5I3rx9Y9hc,UC3tvYy-s84yySG7V85jRDnA,development,4
30,3099,13471,UlktspA83RI,UCCK3OZi788Ok44K97WAhLKQ,test_reserved,
30,3100,13474,wj4NYxdWhBc,UCAgBGlUKoAQFXMUzshrWDgg,development,1
30,3101,13481,BQE2hfmjWOw,UCckltLEhFLv8Xz_lQhYfwmg,development,1
30,3102,13483,ZA_z02lWr5o,UCBWG_GjopQPckewo1_IvhLQ,development,5
30,3103,13491,c5RK9cWU2ks,UCiP6DUi_wjUMfc4bo0yIusQ,development,2
30,3104,13496,9YvzgzBYMP4,UCOtYyt7W5PmPnwQjWWF_Z-Q,development,3
30,3105,13497,qsGl41v3Wnc,UC0qps5j0_2WR6JxJxSVyjNg,development,5
30,3106,13504,fuNiTlWrhl8,UCM3bQBUJ0PEbgfe9lAw_Y3Q,development,3
30,3107,13508,KHdHw6punQg,UCdgWTRipbTuQsIiiPb6fB-A,development,5
30,3108,13511,8zc45ayrb38,UCoYoYVojg-QGFH7VyKMpB8w,development,2
30,3109,13513,8QW2wXCxpyk,UCbR7juPwtP-bV_w0840ciYQ,development,3
30,3110,13522,Ok0fmArNetM,UCCK3OZi788Ok44K97WAhLKQ,test_reserved,
30,3111,13528,sU4NsEvCcsg,UCMd-Y13fuzRTpBKs1MlnjYw,development,1
30,3112,13530,l7JfaVWee3Q,UCcgkjXIaOrsFR8GLFo3iwOw,development,3
30,3113,13541,OjMKwqJS_jw,UCDoXItIw1akXVz4Gk_F8CDw,test_reserved,
30,3114,13545,aWGBHLivE7k,UCCK3OZi788Ok44K97WAhLKQ,test_reserved,
30,3115,13548,jh2jXXs83UA,UCQTcNhAZidy1i9wwmdgf2Lw,development,4
30,3116,13550,0cCa0079kek,UCckltLEhFLv8Xz_lQhYfwmg,development,1
30,3117,13561,qCbciy23JqE,UChlvAvH3N7Xd29DuAJgv0Mg,development,1
30,3118,13562,DoXQ2R1bxNc,UC-c6MH2EkbLgjFT63lAx1Jw,development,3
30,3119,13563,U-O7HE--HMg,UCQIWzvLOlB4tu84TtOTJCGg,test_reserved,
30,3120,13569,xTh3qpeEClU,UCcbOsE5_4LEjtQi8X2PFxDw,development,2
30,3121,13571,TWDYGKInY_k,UCc30sTBdN9LRSxEuHaXV_bQ,test_reserved,
30,3122,13582,0pZsBWDAMtI,UC5_mCvFp3zgtxoX1W9yHHHQ,development,1
30,3123,13585,4YC6alrrX7A,UCjm7vbOwssao7Bhm9wX3-bw,development,3
30,3124,13587,ve0jqOICYAg,UCzeBunsQThQMJuN7ldtbeRA,development,3
30,3125,13589,Ik6-oUDiR6g,UCOtYyt7W5PmPnwQjWWF_Z-Q,development,3
30,3126,13596,z6YnyWv4tlM,UCckltLEhFLv8Xz_lQhYfwmg,development,1
30,3127,13603,ahg4Euso-9A,UCaESx7Bdghv_UICcG1hBkcg,development,2
30,3128,13621,TYFb0y8Njwo,UCbS_glb2N1NVTrDLVryRbng,development,4
30,3129,13629,1w4ipeAG9OE,UCaIc6SgS90ud_RgMSC6hW_w,test_reserved,
30,3130,13635,8_yNRiUnpk8,UC0uW127NmbWG0g-BnTltSHw,development,1
30,3131,13650,sfvgn8dFwTo,UCVtvUr2I4U1kfly4SN3Ecxg,development,4
30,3132,13654,Rmi_Pon32kE,UCe4g8BqxCBVICI2OTCLdedg,test_reserved,
30,3133,13659,wE4wkmlUi0M,UCCK3OZi788Ok44K97WAhLKQ,test_reserved,
30,3134,13670,TgKZd0xuyYg,UCqU7Eof3uDD0309gvUNfAog,development,1
30,3135,13676,BJbzHPczmyw,UCq0hVW_G5kWt2ocLhbjOtGg,development,2
30,3136,13681,kG7nNAkbfs0,UCn0XmAUFv6d2tofMFEesSNw,development,5
30,3137,13684,q8RRrEBoxP4,UC1YGPDtctHGJWW0NrlQVklw,development,5
30,3138,13685,vGNC0LVu86Y,UCNnL7JQhtBvNZWn9Cg13i2Q,development,1
30,3139,13688,IYaXe7fKHLg,UCPXSUKHTNc1_hnHuj-UiQWQ,development,4
30,3140,13689,jvE8bO8HAic,UCbS_glb2N1NVTrDLVryRbng,development,4
30,3141,13690,GDz3QhK_8k8,UCCK3OZi788Ok44K97WAhLKQ,test_reserved,
30,3142,13691,yHIJkEAQQTQ,UCRK13WgCsr2N6y9cbeEq39g,development,3
30,3143,13692,agbr2qznPMg,UC2oGrNhMUyWu5yzEJ_j1PMA,test_reserved,
30,3144,13702,NEfsOZfhxsg,UCjX5zm1l8VZfEzAVMHKJSAg,test_reserved,
30,3145,13703,jQrNRw9A4TA,UCNnL7JQhtBvNZWn9Cg13i2Q,development,1
30,3146,13706,F8d6p0crXOQ,UCckltLEhFLv8Xz_lQhYfwmg,development,1
30,3147,13717,z1AAVFN7fo0,UCgnFSj7jQffD5V5m05j4dPw,development,5
30,3148,13720,R_-og7KJkjA,UCOPqjdQOIF6faslRMEruJmA,test_reserved,
30,3149,13724,FQ1m5v95HrI,UCOtYyt7W5PmPnwQjWWF_Z-Q,development,3
30,3150,13730,s9QF3LtE5T4,UCckltLEhFLv8Xz_lQhYfwmg,development,1
30,3151,13734,sBiwUUT0yQw,UCQTcNhAZidy1i9wwmdgf2Lw,development,4
30,3152,13739,Y8-Iirsu3Ws,UCrEtbePpVwOMRaAootmBCAg,test_reserved,
30,3153,13750,yjPbUFngVEM,UCbR7juPwtP-bV_w0840ciYQ,development,3
30,3154,13752,jbv5CkhsRDo,UCCK3OZi788Ok44K97WAhLKQ,test_reserved,
30,3155,13753,Wb29NLfYlNE,UCrVFS_0PdV7AwyTgR13IcVg,test_reserved,
30,3156,13756,PSd3atf_bPc,UCm4WfjRuxfKL6neixClsh7Q,development,2
30,3157,13759,9IgxjwN9UFc,UCPXSUKHTNc1_hnHuj-UiQWQ,development,4
30,3158,13760,MXZR_yUxHL0,UCpRgfr4_Eax0HHa2rwkRQ2w,development,1
30,3159,13761,MDUcIBjHskI,UCV-q7cRK5yFYEFzWuoQOmQQ,development,4
30,3160,13765,XAcBIGz2_Ho,UCrhfPfnrGA6aLHO6qxvM7_Q,development,2
30,3161,13768,k8nACtraWCo,UCRDDfbYPHX_GUJ4lcQYTc8A,development,2
30,3162,13772,avNwrXDYpmk,UCCK3OZi788Ok44K97WAhLKQ,test_reserved,
30,3163,13773,0aT4BLNCag8,UCXGG6bmgJJ02uSG4gxp4zng,development,5
30,3164,13778,8rQ5TgvgSsI,UCUmkuHIy9TcUhd10BCEVpIg,development,4
30,3165,13781,CHU_9onDm5M,UCHZ6l32mEskYLDm1OkjFO3g,development,5
30,3166,13791,r67Rr_moWvg,UCmLefvOWUhvzrk0ToJbK2AA,development,3
30,3167,13795,Kw5sXhG_8HU,UCUz70SsT1TZzlwEqvSCpJRA,development,4
30,3168,13796,k2NHYfR7Dac,UCgnFSj7jQffD5V5m05j4dPw,development,5
30,3169,13798,ZMhDt-T9eqI,UCQTcNhAZidy1i9wwmdgf2Lw,development,4
30,3170,13800,pg4pIHxdIpE,UCckltLEhFLv8Xz_lQhYfwmg,development,1
30,3171,13803,vT06XozjtdU,UCOtYyt7W5PmPnwQjWWF_Z-Q,development,3
30,3172,13804,eiXWqMijcmE,UCfQfw--8dPGypR7sGcXJz0w,development,5
30,3173,13807,7DWMG3hp4b8,UCcijXxFzSXgoM6q9cCtT9PA,development,2
30,3174,13809,aVoPBr2UnSE,UCrVFS_0PdV7AwyTgR13IcVg,test_reserved,
30,3175,13815,QxPS8kIkhWE,UCJ0e5l_v7pJpcrtPBBDKk4g,development,5
30,3176,13828,1n_geLUZLvQ,UCkC-yhK-WnPNaNslH_LbBWQ,development,2
30,3177,13832,4oTMaVebdhQ,UC1YGPDtctHGJWW0NrlQVklw,development,5
30,3178,13851,TItjTYeJpv0,UCdZRFHIhq7TpUNSLXRlt7rQ,development,5
30,3179,13852,-cP8inyWFU0,UCckltLEhFLv8Xz_lQhYfwmg,development,1
30,3180,13853,fKcFBhBLJ_k,UCOtYyt7W5PmPnwQjWWF_Z-Q,development,3
30,3181,13858,HUYdUtvEAH8,UC1YGPDtctHGJWW0NrlQVklw,development,5
30,3182,13870,FOvlM9Xiggo,UCnPRMQl7Yf5dniUY5sBRsmQ,development,2
30,3183,13872,8oySVRJYHpA,UCgnFSj7jQffD5V5m05j4dPw,development,5
30,3184,13874,ukVhw3Wkoho,UCCK3OZi788Ok44K97WAhLKQ,test_reserved,
30,3185,13875,tqAYJ_E4X2U,UCs_mHlm5_C82W5WCIJaSMbQ,test_reserved,
30,3186,13879,ABADq0phFtk,UC0QrPhl7LB3tfSN3Fls2o0g,development,1
30,3187,13882,b4GOuCIfAAg,UCv66-sCavJbr1nmAA1brPQQ,development,4
30,3188,13886,UA2EK9X5pwk,UCc30sTBdN9LRSxEuHaXV_bQ,test_reserved,
30,3189,13891,gnp5Rq8igGc,UCh9qXeL8eP3Txra2908xksg,development,3
30,3190,13894,VvO872nc5IQ,UCc30sTBdN9LRSxEuHaXV_bQ,test_reserved,
30,3191,13895,EyQLkMuZOxI,UCckltLEhFLv8Xz_lQhYfwmg,development,1
30,3192,13901,KZYnvaqm27M,UCmqflTSJ6911aCrnaWIXxsA,development,3
30,3193,13910,H5DhbxApF34,UCMNaxF22tMr_rcNI5fkUkYw,development,4
30,3194,13911,sRp0MaPl84A,UCdgWTRipbTuQsIiiPb6fB-A,development,5
30,3195,13919,x98VQ3_MSwI,UCOHyRrRuD2zGCkpuCAlyOyA,development,3
30,3196,13922,b9X0Bn5w3zk,UCYmEcbCgb9yxZZJGH1rtn_Q,development,3
30,3197,13942,CqHgQ5uPBY4,UCOtYyt7W5PmPnwQjWWF_Z-Q,development,3
30,3198,13944,aaZ61__ZlK4,UCuJmg9Gw1uO-JGVLk9iACDw,development,2
30,3199,13947,5ACYFg4ZS6E,UCuM3C7bjxZSQCCF97tyZP0w,test_reserved,
30,3200,13949,Nf0gKsRmDc8,UCXLyL2Fg5DZouTYsYtRT0WQ,development,2
30,3201,13955,lEau4jBsfx0,UCXm0FsS7PXy0w5HeOkYMi7Q,test_reserved,
30,3202,13958,94eIz9LqjHM,UCaESx7Bdghv_UICcG1hBkcg,development,2
30,3203,13959,XUi9wk76Iho,UCe4g8BqxCBVICI2OTCLdedg,test_reserved,
30,3204,13963,yZq8kWLTTgw,UCjm7vbOwssao7Bhm9wX3-bw,development,3
30,3205,13966,y7GfvMXlvuo,UCm3mXl7hQbHVMxhKaOeEhYA,development,4
30,3206,13968,QagIH_WY8Ek,UCqrqt9Egbp4Voh3iEUUoorw,development,3
30,3207,13969,BleW73Nzzsw,UCOtYyt7W5PmPnwQjWWF_Z-Q,development,3
30,3208,13971,UqUjdtV4oNQ,UCm3mXl7hQbHVMxhKaOeEhYA,development,4
30,3209,13973,6gz00D7r20U,UCc30sTBdN9LRSxEuHaXV_bQ,test_reserved,
30,3210,13990,W_sZuT5t-2k,UC1YGPDtctHGJWW0NrlQVklw,development,5
30,3211,13999,NKhcERZDUjg,UCVU09OJkBIHZTGb-acbajoQ,development,4
30,3212,14003,K5K_JHlMmYQ,UCMz5OIRJhEHlbyfbzN_I1ag,test_reserved,
30,3213,14007,0HgCtMUoAME,UCLbtgASZBZFo_tPiqyDzmPA,development,2
30,3214,14019,lere5doQyUI,UCP0FKFuz9j2Dp-QDr-Dv_0g,development,5
30,3215,14025,DqwQ2WPXRGI,UCCK3OZi788Ok44K97WAhLKQ,test_reserved,
30,3216,14027,BUZnK8SxsS8,UCCK3OZi788Ok44K97WAhLKQ,test_reserved,
30,3217,14037,m-jTzfji_Mo,UC2HGgzRXGxoirkRroh0aHIA,development,5
30,3218,14038,TCVB0_sslrc,UCl4aG8npoRPiiPPr5S2-Lgw,test_reserved,
30,3219,14039,lYBUxA6ozpo,UCbS_glb2N1NVTrDLVryRbng,development,4
30,3220,14045,8AWnCCj7zyE,UCwnRMnxUyJ5iGZkE1nADVvw,test_reserved,
30,3221,14047,zwQr-fOHpr0,UCdotiSNtLlS4qwDto9CdURA,development,3
30,3222,14055,7wWuc_8L1lc,UCckltLEhFLv8Xz_lQhYfwmg,development,1
30,3223,14056,sUROLLYMvfY,UCRDDfbYPHX_GUJ4lcQYTc8A,development,2
30,3224,14058,-w_9E9rjrfE,UCckltLEhFLv8Xz_lQhYfwmg,development,1
30,3225,14062,S78wXG53M08,UCtmKeT1zqxvWPGCR0I-6hiQ,development,5
30,3226,14085,9NcFZoBC_78,UCaESx7Bdghv_UICcG1hBkcg,development,2
30,3227,14086,-7eGJt92Gmo,UCIoyIVPZEfC2p0dQwAxGiEw,test_reserved,
30,3228,14095,3ETA4s_EnPU,UCwnRMnxUyJ5iGZkE1nADVvw,test_reserved,
30,3229,14102,pk7XtIWipzs,UCxQQ7T5UMck1aKxzBmyt4rw,development,5
30,3230,14107,nKYzbLVM5RM,UCUzsesaP5G628WVuqEckF8w,development,5
30,3231,14108,qvMyzhuZr7s,UCrcATWZGF_p53r38i6VK0eA,test_reserved,
30,3232,14109,kxzKUr7D7KQ,UCi7VL_vCoFDWNQn_1IGhhWw,development,5
30,3233,14115,8RsIAXohT-g,UCc30sTBdN9LRSxEuHaXV_bQ,test_reserved,
30,3234,14123,zSM9Mg5LI6c,UCdFAl3bZf7bi7A5HX7USKzg,development,5
30,3235,14132,VB6Y6ML-r7E,UCV-q7cRK5yFYEFzWuoQOmQQ,development,4
30,3236,14134,hbXdAdWaUhQ,UCQIWzvLOlB4tu84TtOTJCGg,test_reserved,
30,3237,14138,qaODEKxVYf0,UC33e0vM5W6gm82W5WuoGB9A,development,3
30,3238,14140,ikbVRbIgYOQ,UCZ-RBSr_ZD-jWWDgZmFyZyw,test_reserved,
30,3239,14144,OdXqerrsyxw,UCgnFSj7jQffD5V5m05j4dPw,development,5
30,3240,14146,Uqbh5XtbIzo,UCJA-NQ4MtcRIog66wziD8fA,development,5
30,3241,14147,3dRzX0ok9lM,UCckltLEhFLv8Xz_lQhYfwmg,development,1
30,3242,14148,l-xZ1sliB0E,UC9iMBVTfsZGvgDdOZEputVQ,test_reserved,
30,3243,14149,PQEev6A3C80,UCypYfMZbKIxBlXqngCuvi0A,development,5
30,3244,14158,SQYM8dBnjl4,UCrhkgHTUdZXbCd69TNuQuMg,development,4
30,3245,14160,W-XPot6XG0A,UCAfSZ4d_LQ3v6gs6r4IADcw,development,4
30,3246,14164,CXk99RyAuss,UCCK3OZi788Ok44K97WAhLKQ,test_reserved,
30,3247,14165,xu08TLSbhSY,UCCK3OZi788Ok44K97WAhLKQ,test_reserved,
30,3248,14177,n3s-2AxhqdQ,UC12Go-EQ4E8Rjcj3nzVlzIA,test_reserved,
30,3249,14183,WDe5F3EHvFY,UCYpuhzSdssW_GFUhl_od38w,development,4
30,3250,14193,RzrVtKH8lZE,UC8qBNfgWRK_WYYGSmmrfgPA,development,4
30,3251,14202,3U3oCvGdpjU,UC4Pb9SEsCb1EpsXVYAVVajw,test_reserved,
30,3252,14207,PiQ90UHDtKE,UCbS_glb2N1NVTrDLVryRbng,development,4
30,3253,14219,GFZt1Ek1vjY,UCnT7Z6-yqjhM__jZbK_B3kw,development,3
30,3254,14222,lwgYVVXRZ0o,UCkagcQYGoYFuXsUg-ObSL6A,development,5
30,3255,14223,PX0EPr_6TP0,UCKurrM38zebptCChSC6QpuQ,development,2
30,3256,14227,dYff_T1bTvk,UCO_66skZM2AyW8lgXawoPiw,development,4
30,3257,14228,eJVc66oY0TQ,UCCK3OZi788Ok44K97WAhLKQ,test_reserved,
30,3258,14231,tLr5hceI5S4,UCgnFSj7jQffD5V5m05j4dPw,development,5
30,3259,14236,43DOzP3Rygs,UCCK3OZi788Ok44K97WAhLKQ,test_reserved,
30,3260,14239,Qc1fUQi56R4,UCVfnhhDIkkBJ_1QyzCqeVDg,development,2
30,3261,14241,gBTn_AZ7jco,UC8lKgUHo-2mSR5cRRXO9xow,test_reserved,
30,3262,14246,MyLvP7vMg-g,UCl5xacxsAhltNGtiMktd_Sg,development,4
30,3263,14247,VM0JmQWDu6o,UCCK3OZi788Ok44K97WAhLKQ,test_reserved,
30,3264,14253,-oypdZaxCK0,UCcijXxFzSXgoM6q9cCtT9PA,development,2
30,3265,14256,A0jEfq73xxo,UCXWZGzBJjw0VUPU3Em5gFlQ,development,4
30,3266,14257,FGyRczNCGbw,UCMEXwFurMItX0u1yit-UrAw,development,5
30,3267,14261,nvv0tgS8pak,UCRHYFnWL0aYTQ9qmvfZnUxg,development,1
30,3268,14271,a5azGbd-kh8,UCVNgjnq_n7i_8GJOca0DIeQ,test_reserved,
30,3269,14272,TUTLTYWPp4Q,UCSSdxN7FMswC7GFnvVON-eQ,development,4
30,3270,14283,baNYjPP7TVs,UC5_mCvFp3zgtxoX1W9yHHHQ,development,1
30,3271,14286,pxL0oGJBopo,UCc30sTBdN9LRSxEuHaXV_bQ,test_reserved,
30,3272,14294,X4frOb1ELUs,UCsLoRcb3FvB-uK3F1_zqXbw,development,1
30,3273,14297,DR5_qDJuj3U,UCPfU0uygBGutjaaJU5PpEvg,development,2
30,3274,14302,1N4cYLkRB8k,UCcijXxFzSXgoM6q9cCtT9PA,development,2
30,3275,14304,Nj9L-8NQOkQ,UCgnFSj7jQffD5V5m05j4dPw,development,5
30,3276,14307,MbQ6-dLelmM,UCPXSUKHTNc1_hnHuj-UiQWQ,development,4
30,3277,14309,UfUBOr6aCdw,UCckltLEhFLv8Xz_lQhYfwmg,development,1
30,3278,14310,nvHCSiCmM0U,UC_AuTY5qqpUUYFLSDQIbOsg,development,4
30,3279,14320,S0i0dB73JmA,UCcaVB3FypBGq7EcRTltEPXg,development,3
30,3280,14322,laSEOiMpJBY,UC-CcqBJrHwkO8SxwZpjcuSg,development,5
30,3281,14326,iwJyWC_Rhio,UCgnFSj7jQffD5V5m05j4dPw,development,5
30,3282,14327,ypB-tiuaFhU,UCWwo8NBrDNOb5EEZadW3iWA,development,1
30,3283,14328,ZcZcDWavOsI,UCPXSUKHTNc1_hnHuj-UiQWQ,development,4
30,3284,14329,9dPV7P8O5TI,UCckltLEhFLv8Xz_lQhYfwmg,development,1
30,3285,14338,cvnihDXekLo,UCckltLEhFLv8Xz_lQhYfwmg,development,1
30,3286,14339,8Y24deoF5DQ,UCckltLEhFLv8Xz_lQhYfwmg,development,1
30,3287,14340,dyoe0v8kwJE,UC6aSX46078fvOY9bY9ZUTYw,development,4
30,3288,14353,WdFeVFBLehc,UCA5xW2Ce7KT2AtxzDYDebCA,development,4
30,3289,14356,dAwn16GL7ms,UCPdASwipemqGhpK-B-a12Ow,development,2
30,3290,14357,tTMdL1KmIYE,UCb9Qkzmz89cxREP9fhGgClA,test_reserved,
30,3291,14363,bUwaHVxzICQ,UC5HK5iZs2UB55Bum9BBbajg,development,2
30,3292,14366,TYmvCkU3Vdc,UCZviWuwUI9NuYnQpO9sqLQA,development,1
30,3293,14374,n5ZttJSatxk,UC61hH_E3HUjIweuWm20wuDg,development,1
30,3294,14376,5BO5A47x7yI,UCrHp7_wVE4B6jcUNMwBXZRw,development,1
30,3295,14377,R84vDGlF0Ew,UCnGPmAcR-LCVm_TPxQ633Xw,test_reserved,
30,3296,14378,zSd_X9p15j0,UCOtYyt7W5PmPnwQjWWF_Z-Q,development,3
30,3297,14395,OOq3F0fBnqY,UCuJmg9Gw1uO-JGVLk9iACDw,development,2
30,3298,14397,rQnDF0kSftk,UCS_wit98t2r1creRBOR78aQ,development,3
30,3299,14398,OHg5QJN38eU,UCckltLEhFLv8Xz_lQhYfwmg,development,1
30,3300,14399,0aZai1zM1PQ,UC1YGPDtctHGJWW0NrlQVklw,development,5
30,3301,14401,7LqMGlpIuAg,UCPXSUKHTNc1_hnHuj-UiQWQ,development,4
30,3302,14404,W0JpRckCPgw,UCidNC9-9DsHj3FmP5N42Lqw,test_reserved,
30,3303,14414,-nRDpGzFs2A,UCluX2aszbegi4QBNHFQP63A,development,5
30,3304,14424,m3YIdTMeFqU,UCXfgx23Lw81I4wsCNhdVBgw,development,4
30,3305,14426,Qp1MuTeFh2o,UCckltLEhFLv8Xz_lQhYfwmg,development,1
30,3306,14429,Gfyz2vRQ3a0,UCaIc6SgS90ud_RgMSC6hW_w,test_reserved,
30,3307,14434,Kkecx2_4NQg,UCc30sTBdN9LRSxEuHaXV_bQ,test_reserved,
30,3308,14438,vwTEEzb5xb4,UC7SpeEKCvhjtxa4VX2sHA1Q,development,5
30,3309,14456,D7aMJecvoBQ,UCcg4tDKgPLIc_x3lhWdogLg,development,4
30,3310,14457,I3N5lzWWhY0,UCVU09OJkBIHZTGb-acbajoQ,development,4
30,3311,14458,F1_7Ey6pKMA,UCaIc6SgS90ud_RgMSC6hW_w,test_reserved,
30,3312,14464,OquSpWDrz30,UCeregcA7V24wo3vGVVsitfA,development,3
30,3313,14473,kj4K2lyk_lg,UCcijXxFzSXgoM6q9cCtT9PA,development,2
30,3314,14477,K0yjBjC6OZU,UCZwRhDqyXXFucAGxyQs40uw,development,5
30,3315,14479,r96Pv4igUao,UCkD2Gixzde52jx1XspNvrBw,test_reserved,
30,3316,14483,x_papNR7Fhk,UCIQYzhtvJ9Ve8IlADFudn0g,test_reserved,
30,3317,14488,hMUBJowULKY,UCQTcNhAZidy1i9wwmdgf2Lw,development,4
30,3318,14507,W49BvQpg4us,UCYRuRw221bkMM9zHUS5_Y0w,development,3
30,3319,14514,efCCf4CXLe8,UCQTcNhAZidy1i9wwmdgf2Lw,development,4
30,3320,14519,F1A9CdTTIu8,UCA-IWqJKqhCDYcF8yAfKraw,development,4
30,3321,14522,hHn81KWnF8Y,UCgnFSj7jQffD5V5m05j4dPw,development,5
30,3322,14524,s8D4hezNJ0g,UCCK3OZi788Ok44K97WAhLKQ,test_reserved,
30,3323,14528,MkyRmvkjiGI,UC_d3UQ1v8KP1JNFOBmV63xA,development,5
30,3324,14529,M-ef6I1eGV4,UCRjMnDOSBcoYlWHFLcHJAKA,test_reserved,
30,3325,14533,WKR5mJJP27Q,UCI9B6cvPkauAUvfV2CvKMMQ,development,4
30,3326,14542,7TY_ThApOdE,UCuJmg9Gw1uO-JGVLk9iACDw,development,2
30,3327,14547,HgBlHMFgzSM,UCr5BVR_ePEz_9V-KF5rSEmQ,test_reserved,
30,3328,14550,9nhn267EbBA,UCjm7vbOwssao7Bhm9wX3-bw,development,3
30,3329,14552,yRKZmBKN1_U,UCckltLEhFLv8Xz_lQhYfwmg,development,1
30,3330,14554,iljY1_JZhRg,UCf2Iar2LDcFaSCnVH1ZMUkA,development,4
30,3331,14560,BP_Mo0c0yGE,UCqrqt9Egbp4Voh3iEUUoorw,development,3
30,3332,14588,HlmAvNihOkI,UCcspHoBTj_aLhnJLwkMpWHQ,development,3
30,3333,14589,iuQHHF6MYo0,UC_Urg845xBIOarYXBx_Ko2w,development,1
30,3334,14590,eRY8SKyLJUk,UCckltLEhFLv8Xz_lQhYfwmg,development,1
30,3335,14595,Dnwe3_HUzSg,UCc30sTBdN9LRSxEuHaXV_bQ,test_reserved,
30,3336,14599,v2SLrz_VCr4,UCCQ3mUIQTv2Snhw5Os0Yo5Q,development,3
30,3337,14602,ia1n8tCfdqo,UCmqflTSJ6911aCrnaWIXxsA,development,3
30,3338,14605,-xuDXhR2S9g,UCjYAhUnrkBujtKI3j3LM2uA,development,1
30,3339,14608,L1l0b8b8Ssw,UCAH7R88V7gz7RqJv78nNOzg,development,3
30,3340,14609,041j-U7RbR8,UCs7S1q9lLPbNFfKxj_2cLpA,development,1
30,3341,14618,-IFGEd7CLlA,UCc30sTBdN9LRSxEuHaXV_bQ,test_reserved,
30,3342,14628,TgW_BL02icw,UCgnFSj7jQffD5V5m05j4dPw,development,5
30,3343,14632,i09J4R6xdWI,UCMxeqmVKOqiqh7V_A3h4gfA,development,2
30,3344,14640,A9UcfbjUPkQ,UCCK3OZi788Ok44K97WAhLKQ,test_reserved,
30,3345,14642,subgQuoQ6-Q,UCm8I2aLYgPm_gdzw4SSkiGg,development,2
30,3346,14644,F92C7S7TUWk,UCUz70SsT1TZzlwEqvSCpJRA,development,4
30,3347,14649,uub8yGZtpCA,UCGa1_vxtCaUijKxNt0DB7aQ,development,5
30,3348,14651,Y4MssR3K4Qc,UCckltLEhFLv8Xz_lQhYfwmg,development,1
30,3349,14652,qU_BbFer-kg,UC1YGPDtctHGJWW0NrlQVklw,development,5
30,3350,14654,zwKkT4ZFnL4,UCgnFSj7jQffD5V5m05j4dPw,development,5
30,3351,14656,O80Kyr-7o3g,UCgwh9BV2dh6VFO7MxL36iNw,test_reserved,
30,3352,14658,89PY_PqB9zA,UCckltLEhFLv8Xz_lQhYfwmg,development,1
30,3353,14660,IyNR-yhV7RE,UCOtYyt7W5PmPnwQjWWF_Z-Q,development,3
30,3354,14661,fE8-eA8b7l8,UCkLQJFBnqzhJCAvqn99hRUg,development,4
30,3355,14664,V0NaV2Meu9c,UCCK3OZi788Ok44K97WAhLKQ,test_reserved,
30,3356,14666,hj3s77DA6p4,UCnqTWrNbHl4SvL60MCE693Q,development,2
30,3357,14671,N0JcSFUg6L0,UCm6FpVN_cg2tGqHVDc9QpMg,development,4
30,3358,14673,Z2a1zCqpVKw,UCckltLEhFLv8Xz_lQhYfwmg,development,1
30,3359,14679,rTPI4DECFGk,UCgooj1ufFuOk6GD2jq8CbdQ,development,2
30,3360,14694,9Aw_lKfAH_g,UCbS_glb2N1NVTrDLVryRbng,development,4
30,3361,14710,dyQBIkM7-s4,UCacIRbbu-hgx4sRW6tZPRoQ,test_reserved,
30,3362,14713,YwnVW5PGglU,UCckltLEhFLv8Xz_lQhYfwmg,development,1
30,3363,14721,oMU0VLSpr0I,UCM19g5ow7vLXDTYx_j9Z7VQ,test_reserved,
30,3364,14723,KQ2pCv6IX5M,UCn0XmAUFv6d2tofMFEesSNw,development,5
30,3365,14724,9Q4zwmL3hrs,UClCjoJ0fs2RqaRTjukU1jQA,development,2
30,3366,14725,SN7M54i6qaM,UCwtuDrW63iZmgrnlRgP8mow,development,2
30,3367,14729,RF1vauMyo94,UCRDDfbYPHX_GUJ4lcQYTc8A,development,2
30,3368,14739,YdSPjilxH38,UCUh8FFbl1BfRmzL9t4Fkykw,test_reserved,
30,3369,14740,vkuQhtP2IEo,UCdgWTRipbTuQsIiiPb6fB-A,development,5
30,3370,14743,xnrCO-TkU1k,UCckltLEhFLv8Xz_lQhYfwmg,development,1
30,3371,14751,aJpR0JUtAxs,UCVXCitEEweQox0oyIsJONrQ,development,3
30,3372,14752,GyAXEa0I9Vw,UCbS_glb2N1NVTrDLVryRbng,development,4
30,3373,14766,Ld4ArWmlzaM,UCAGQUfHzdsgxJ1pq2XDS2TQ,test_reserved,
30,3374,14768,csUu__YoezM,UCCko_Xv9kKMFf5-hqd0NlJQ,development,4
30,3375,14769,rhmjLmUolo8,UCOtYyt7W5PmPnwQjWWF_Z-Q,development,3
30,3376,14776,t9TYDQBiHqQ,UCQTcNhAZidy1i9wwmdgf2Lw,development,4
30,3377,14777,-HFMHuwj9RI,UCOtYyt7W5PmPnwQjWWF_Z-Q,development,3
30,3378,14781,mtUNSGuQ_Kg,UCV_4W6LL-Iwh0UaT_B6exQg,development,5
30,3379,14783,4sNWcB4gxcY,UCcijXxFzSXgoM6q9cCtT9PA,development,2
30,3380,14787,p2B2p6AoV1Y,UCcijXxFzSXgoM6q9cCtT9PA,development,2
30,3381,14789,hYoCIiXimqc,UCCK3OZi788Ok44K97WAhLKQ,test_reserved,
30,3382,14791,vA6uuFD-FHY,UCckltLEhFLv8Xz_lQhYfwmg,development,1
30,3383,14792,JsSwYis3muU,UCVfnhhDIkkBJ_1QyzCqeVDg,development,2
30,3384,14794,3gM7Of7FCtE,UC0tV1b7IFEXFUUILF7mAcWw,development,5
30,3385,14795,nsQTM-IuIrk,UCCK3OZi788Ok44K97WAhLKQ,test_reserved,
30,3386,14796,_6XU6ERMgEI,UCkagcQYGoYFuXsUg-ObSL6A,development,5
30,3387,14797,bRSu4lJh0Tw,UCyH9u_WllbJZHZHeIBzjW2g,development,2
30,3388,14810,DvzUyqy12Ck,UC35oZgra9TA5Vxr9PrTjRyg,development,5
30,3389,14822,_JJXeSTaXZg,UCOtYyt7W5PmPnwQjWWF_Z-Q,development,3
30,3390,14826,80y-QGZ-_uc,UCAeBFsK2bmm5lkgy90uFiqw,development,4
30,3391,14832,u7qCd9AnWiU,UCOtYyt7W5PmPnwQjWWF_Z-Q,development,3
30,3392,14838,ps2f2g_TNDc,UCckltLEhFLv8Xz_lQhYfwmg,development,1
30,3393,14846,whe1E8NVMTI,UCZ-RBSr_ZD-jWWDgZmFyZyw,test_reserved,
30,3394,14850,hLWXnSMyi2s,UCV_4W6LL-Iwh0UaT_B6exQg,development,5
30,3395,14853,5PyN_q6WSC8,UCckltLEhFLv8Xz_lQhYfwmg,development,1
30,3396,14856,Kjz78VGbaSo,UCOI_wHZTTvcGwvsmlCx4imQ,development,2
30,3397,14862,Tbq5Uc8f35E,UCpamW3WJjX0CgjWGsBxIm2w,development,3
30,3398,14867,PalaLXrBrTY,UC0nMJ3QNryBHZpy1P3Wamwg,test_reserved,
30,3399,14870,bbPSCueAdFw,UCDqFysWGVtduHRyawK8oJkw,development,5
30,3400,14873,npFky2Yllgs,UCYga1ycTsoZn6Y_xlrdw0iA,development,4
30,3401,14875,PFuHXHNXosc,UC4Pb9SEsCb1EpsXVYAVVajw,test_reserved,
30,3402,14878,WHKZ__eT5vg,UCT83ymyAGm7Gnk_4ifxjxIA,development,4
30,3403,14879,C-1b6oLUgwU,UCu3jIK2NBSXc0_YaFqEuIrg,development,2
30,3404,14888,ZqCvr5YlL3M,UCckltLEhFLv8Xz_lQhYfwmg,development,1
30,3405,14891,B5IeP6X_FjU,UCCK3OZi788Ok44K97WAhLKQ,test_reserved,
30,3406,14926,_VSN_OaUEQI,UCCK3OZi788Ok44K97WAhLKQ,test_reserved,
30,3407,14931,mSws3xxG1VI,UCoPGkvh-1AoSzh23-ROXrpw,development,2
30,3408,14932,JhGo8H4iRto,UCxAkK6_mU-y8NownflBHl7A,development,2
30,3409,14937,kOlXYvziphk,UCZwRhDqyXXFucAGxyQs40uw,development,5
30,3410,14944,fR11K-LIWB0,UCmKxhMStMwZZ1gdOg1YZQug,development,4
30,3411,14949,-Uh8ivefLM4,UCJc1hbJPvG5f2v8iSPG-3CA,test_reserved,
30,3412,14952,RELJfyyPO24,UCvMYO1Ywh_KVLYb67ruTQBQ,development,5
30,3413,14959,HSpHcZcTw2k,UC0tV1b7IFEXFUUILF7mAcWw,development,5
30,3414,14960,LBi-JHHD-To,UCckltLEhFLv8Xz_lQhYfwmg,development,1
30,3415,14962,8qoChRKE8pk,UCmp1I1k6yNX-HqwfOFS2IPA,development,4
30,3416,14964,dRZpDnxebCc,UCaESx7Bdghv_UICcG1hBkcg,development,2
30,3417,14970,I5VgRU4XP_k,UCckltLEhFLv8Xz_lQhYfwmg,development,1
30,3418,14972,sxKgL_dSPIg,UCCK3OZi788Ok44K97WAhLKQ,test_reserved,
30,3419,14974,EoPUKPdQRrM,UCdK77phqBSZ9nY9XxqGmtYQ,development,3
30,3420,14979,lpZg41LOpLQ,UCfQzTP1jc7JXj8hYtG31osw,test_reserved,
30,3421,14981,mUcpXCr0wDI,UCCK3OZi788Ok44K97WAhLKQ,test_reserved,
30,3422,14990,nYT8OwIIKOQ,UCbS_glb2N1NVTrDLVryRbng,development,4
30,3423,14992,HlidoqAqmJY,UCh9qXeL8eP3Txra2908xksg,development,3
30,3424,14993,ZUkkPhwVVCc,UCLnBDHkiAQQ6m8hHQsbtcOA,development,3
30,3425,14996,h4TeREDaXYg,UC7e8LFxir9MCfTAf2XQbfaA,test_reserved,
30,3426,15001,YlwQjnfz-u4,UCckltLEhFLv8Xz_lQhYfwmg,development,1
30,3427,15002,8sHTy7pHF5Y,UCc30sTBdN9LRSxEuHaXV_bQ,test_reserved,
30,3428,15003,2YpZUaJveVM,UC8kC4R1-G80cwxWLr6jvmtw,development,5
30,3429,15005,mspjJjOYmeA,UCc30sTBdN9LRSxEuHaXV_bQ,test_reserved,
30,3430,15010,iSnhG2xMX3g,UC5ZNkdIVKL-M3KrNaCEzveg,test_reserved,
30,3431,15011,CA9iObg7u_c,UCyH9u_WllbJZHZHeIBzjW2g,development,2
30,3432,15016,KlOOJGlrJNQ,UCgnFSj7jQffD5V5m05j4dPw,development,5
30,3433,15027,hz9bDXh13KE,UCaIc6SgS90ud_RgMSC6hW_w,test_reserved,
30,3434,15031,-_e4YE0PKpU,UCckltLEhFLv8Xz_lQhYfwmg,development,1
30,3435,15034,b_yh00BlQbY,UC0tV1b7IFEXFUUILF7mAcWw,development,5
30,3436,15036,Mp0mjbyNjO8,UCOtYyt7W5PmPnwQjWWF_Z-Q,development,3
30,3437,15043,hMy5sdHdAsE,UCkl2iKEW9ltlrBOjzCNJgzw,development,3
30,3438,15047,jsLLWsq2Dd8,UCMEXwFurMItX0u1yit-UrAw,development,5
30,3439,15050,75x2n-e3N1Y,UCckltLEhFLv8Xz_lQhYfwmg,development,1
30,3440,15059,QS4Git7HIY0,UCfVmYgJP_bBt00lLtPGsbcQ,development,4
30,3441,15063,kaZ1Y6K4rnA,UCjEGgDkPGoqypbE-5GzsJAA,development,4
30,3442,15065,WVh1tyC0cW8,UCckltLEhFLv8Xz_lQhYfwmg,development,1
30,3443,15068,loEJf-V25Lk,UCaIc6SgS90ud_RgMSC6hW_w,test_reserved,
30,3444,15071,oUXxGZRpPvY,UCbluZAGjKbGBKxLqE6v-BNA,development,3
30,3445,15072,HqRxkc_8Gi0,UC-GRFwciK7JiP8T4tl0pftQ,test_reserved,
30,3446,15074,njj7DwFqX5s,UC324VVhYKykBv01GecF4aYg,development,5
30,3447,15077,bpTrLmrJ-Hk,UCCK3OZi788Ok44K97WAhLKQ,test_reserved,
30,3448,15084,6oMwLO0kYtw,UCrXH3bjqSAndzb72KkauIrg,test_reserved,
30,3449,15085,YyJ3oAQP7-8,UCV1NPkc2O0YZBtx_rhDkicw,development,1
30,3450,15089,AGaGjMPpnBg,UCK71gEn4lLLToHx50jwMyNg,development,2
30,3451,15093,x2Ots8q3Qts,UCOtYyt7W5PmPnwQjWWF_Z-Q,development,3
30,3452,15094,J21D-lhgwko,UCofF1Whz-uMOt6JJAoHa9wQ,development,4
30,3453,15100,ZQ7P0P8rxUo,UCg22fUwQQF-7Sf6-TIVIFrA,development,1
30,3454,15101,pw56EKERLrc,UCV_4W6LL-Iwh0UaT_B6exQg,development,5
30,3455,15103,etEPSp-MJ7Q,UCdotiSNtLlS4qwDto9CdURA,development,3
30,3456,15104,qUJTNN5G8Pc,UCCK3OZi788Ok44K97WAhLKQ,test_reserved,
30,3457,15110,XZPO5y1fpCc,UCCK3OZi788Ok44K97WAhLKQ,test_reserved,
30,3458,15112,oVmYcAwcvVs,UCcMQKrccZ9c0_GNyXWo8jLg,development,2
30,3459,15115,8q0uJunWxP4,UC95VofaZiQPFwRMaqPhLc0w,development,1
30,3460,15116,xB26Bo-Kqfo,UCLuP7ROjaueiuNbzrvPqXSQ,development,3
30,3461,15119,l4ela-IqOwk,UCs7S1q9lLPbNFfKxj_2cLpA,development,1
30,3462,15123,qMV9YlSBZJo,UCckltLEhFLv8Xz_lQhYfwmg,development,1
30,3463,15129,tr91-D7hIbU,UCq0hVW_G5kWt2ocLhbjOtGg,development,2
30,3464,15132,GyTgQqzpOAM,UC4eD6O9BDhL1gSOnFkqQl9A,development,1
30,3465,15136,eBHneupTkNc,UCkK-FOO4FY_7QmxtDa4MLiA,development,2
30,3466,15138,j3OgpBEeLeU,UC1hcl0aIr9KtXA-Kiq9itqw,development,3
30,3467,15139,hL8frI7Q4tE,UCckltLEhFLv8Xz_lQhYfwmg,development,1
30,3468,15143,6deol9jX2vs,UCZv4N9cT2yGAbOgEGZ_cseQ,development,1
30,3469,15147,IcScoIQZnF4,UCnSX8rOTbJ0BnrcziyjzM6A,test_reserved,
30,3470,15149,sRMIyaSnpSA,UC7jNYrQQr_GnMWLe6bGRi2A,test_reserved,
30,3471,15168,uwcfz9IrRyQ,UC5lT7mnrszE3L2UdcpnFVhw,development,1
30,3472,15173,ZENVj1Ho6Ak,UC8U5Mgl9nbkm5vOJ0SMtQgA,test_reserved,
30,3473,15174,J7K7vn4RvOY,UCw48Rkx5LeKzVbSfb9Cukhg,development,3
30,3474,15177,GpOZ92jnuRM,UCYweMykEAI5aaRztqrJuuAg,development,2
30,3475,15178,B2KWdw351Vk,UCCK3OZi788Ok44K97WAhLKQ,test_reserved,
30,3476,15182,ijHLoQQ2-g4,UCOtYyt7W5PmPnwQjWWF_Z-Q,development,3
30,3477,15189,kgw7U-TDc3Q,UCP4Z7-uWZYIQBclex8M086A,development,5
30,3478,15191,uXNH_RqVr3Y,UCckltLEhFLv8Xz_lQhYfwmg,development,1
30,3479,15197,ozp6DoVplkE,UC4oZv7iatCbhEp6ehMMbhAg,development,5
30,3480,15203,OxNDogZQjqI,UCQTcNhAZidy1i9wwmdgf2Lw,development,4
30,3481,15210,ATBIEV2SQM4,UCOtYyt7W5PmPnwQjWWF_Z-Q,development,3
30,3482,15213,eGRzq742opI,UCRB8mrLCcwTPlJOMUy9MDUg,development,2
30,3483,15225,cFrXiDrJHYQ,UCpRnLw-i6ep13w_vh9M9k-g,development,2
30,3484,15229,oUqGNiIF3Vc,UCwsNWoSlQUyeWgbVQYZtLOA,development,2
30,3485,15230,obln0YN-0LE,UCql-jEixeuMcyabHRYqr-Zw,development,3
30,3486,15239,3oneHf2Z-os,UCQTcNhAZidy1i9wwmdgf2Lw,development,4
30,3487,15242,I3VvSBwboM0,UC0fnN8-CgXOlHLjGc78e-0g,development,3
30,3488,15245,E8xa8wFZPo4,UCgnFSj7jQffD5V5m05j4dPw,development,5
30,3489,15250,BTWD1hiR7T4,UCaI7IwVdrAcfhu3cp6x4T6Q,development,3
30,3490,15253,P2LIfkiXnkY,UCOtYyt7W5PmPnwQjWWF_Z-Q,development,3
30,3491,15256,c6Gv6xmmIIw,UCckltLEhFLv8Xz_lQhYfwmg,development,1
30,3492,15260,z4yZkPJKQp4,UCfCzC_zJomF_Ace4T2wKb6Q,development,2
30,3493,15265,vrksILrpVdI,UCKEKf35apTUvSLs-c1DCekw,development,5
30,3494,15268,1EobiewAhDg,UCrVFS_0PdV7AwyTgR13IcVg,test_reserved,
30,3495,15272,Jn37FCEwLSQ,UCHT6F9HJ9DtLUjTOH16yg6g,development,3
30,3496,15274,L8e-vpu0p-Q,UCOtYyt7W5PmPnwQjWWF_Z-Q,development,3
30,3497,15275,HFD2LmZJ2ag,UCDdHwnkDDgjwep7VRq2aDoA,development,5
30,3498,15304,eup5IMq4LjM,UCbS_glb2N1NVTrDLVryRbng,development,4
30,3499,15305,INuwBqnm1EM,UCOtYyt7W5PmPnwQjWWF_Z-Q,development,3
30,3500,15307,JXtHZShbznk,UC3W16VfuU392bL3zrOdVGfQ,test_reserved,
30,3501,15308,MWFSeoIJtYU,UCQTcNhAZidy1i9wwmdgf2Lw,development,4
30,3502,15311,K0WcUgloQko,UC3vuLv1EXDUxS_UKLPFJVSA,test_reserved,
30,3503,15316,lNKJphtRdOQ,UCRHYFnWL0aYTQ9qmvfZnUxg,development,1
30,3504,15319,8Qa8hlE9sfI,UCLkBa7dDSZyT5CkZFa0W7QQ,development,3
30,3505,15323,Bll-DBz75r4,UCRtNR8eqB_eaxKgUcltpwXg,test_reserved,
30,3506,15324,ipd_PDsndyg,UCAKAcMWVANp_qXgWKlXMCFA,development,2
30,3507,15328,VJxQQqxCrT8,UCQTcNhAZidy1i9wwmdgf2Lw,development,4
30,3508,15331,3coXTUhges0,UCDgCzQ_an_TmDOFLNj806pw,development,1
30,3509,15336,2dExEJsd1SA,UCUBWwMKVdkK9w33uBlbn14Q,development,2
30,3510,15339,mxleSQi3Vs0,UClSIhhnuyF8fXtBTpOOTknA,development,2
30,3511,15343,u3d3bvQyI7c,UC-2JPD5wybLAPIPcIQp2Vgg,development,2
30,3512,15345,NKS4C_nDrF0,UCmrLu4r89ykOzmtmbAeEklA,development,5
30,3513,15353,OXk9dLnQShI,UCgnFSj7jQffD5V5m05j4dPw,development,5
30,3514,15355,GI5BMyVEvR4,UCpftu_0oOhBDWOt3efcK7Zg,test_reserved,
30,3515,15359,2OvGjFAa08g,UCiPqzkmX93ta8vFwMVS81oQ,development,3
30,3516,15362,DsbmKuZmO84,UCckltLEhFLv8Xz_lQhYfwmg,development,1
30,3517,15366,GQ3S5leH_Y4,UC12K2QZlfWLq_8FmZfB23Yw,test_reserved,
30,3518,15369,LO7N1GW9YcE,UCqU7Eof3uDD0309gvUNfAog,development,1
30,3519,15374,_sjEA1ibiPY,UCmM4xWoq5UiSSYKeZGlFFNw,development,4
30,3520,15377,JRYeNtdOwbY,UC5-n2dfksESEt3ATmM6Uujw,test_reserved,
30,3521,15380,GFpZKKMIbUw,UCk9jF1m8XqLTOcixWkGb0jg,test_reserved,
30,3522,15385,R3ixcS8nQlk,UCDqy-V3qY-xtSmiRHlZIWWQ,development,5
30,3523,15387,YMmDbwigRXw,UC1faY0gip4IfKbRDUwIpcGQ,development,2
30,3524,15390,i0hnhACv8js,UCG0j1mTQov3RVBgLgh6wbKg,development,5
30,3525,15391,xbhuZm06pOA,UCgnFSj7jQffD5V5m05j4dPw,development,5
30,3526,15392,q1f122-QcA8,UCacUZLDBxUQgUfJnnnd5-Fg,development,5
30,3527,15394,glFKi2X-p_4,UCOtYyt7W5PmPnwQjWWF_Z-Q,development,3
30,3528,15397,r9X0eGE9xnY,UCn0XmAUFv6d2tofMFEesSNw,development,5
30,3529,15406,AJJ-SPdQt0E,UCcijXxFzSXgoM6q9cCtT9PA,development,2
30,3530,15409,i5Zck4yRBlI,UCsbPUu0F_qqCmDFVjiRva1Q,development,5
30,3531,15410,kMHffBKQ-B8,UC5HK5iZs2UB55Bum9BBbajg,development,2
30,3532,15411,EvrnHiQRdsE,UCu7cGbQEMgGk8TD0ZYucM5g,test_reserved,
30,3533,15412,ChigM3ucJZc,UCPfU0uygBGutjaaJU5PpEvg,development,2
30,3534,15416,V2TxdMXo9F8,UCckltLEhFLv8Xz_lQhYfwmg,development,1
30,3535,15420,eoO8uXTZJ5A,UC8rcDufKZ3W6CtZU69CtMXg,development,5
30,3536,15425,rV6eDGSd6Is,UCs7S1q9lLPbNFfKxj_2cLpA,development,1
30,3537,15427,KAgMjDo2WgU,UCEUE5XgDTMltZBgBmsfpXSQ,development,4
30,3538,15428,q60kw1J_Kkc,UCCK3OZi788Ok44K97WAhLKQ,test_reserved,
30,3539,15432,ttFWr_wgcXQ,UCQTcNhAZidy1i9wwmdgf2Lw,development,4
30,3540,15433,aHpPOxWfm6w,UCRK13WgCsr2N6y9cbeEq39g,development,3
30,3541,15435,ruz-aJNvWkY,UCaFC8Yo8pGEvX5hu5J6tGDg,development,4
30,3542,15439,8rjoLpQ0JqQ,UCbVw-Yr6A7L4hPi8W6zsQlw,development,3
30,3543,15441,XW5vYPj2iO8,UC1_uLITLP5agSh27SaB1C_A,development,1
30,3544,15454,qesPm4De-v4,UCI9B6cvPkauAUvfV2CvKMMQ,development,4
30,3545,15457,-pOB3s7oStg,UCmrLu4r89ykOzmtmbAeEklA,development,5
30,3546,15461,tNwUCM-LqeM,UCGthOXoEW15pWRUZjcgQwFw,development,3
30,3547,15463,ejkic6lcJgg,UCOtYyt7W5PmPnwQjWWF_Z-Q,development,3
30,3548,15464,IVrrZdQhBRQ,UCZw-8vhDi8SvEjHgHI4WTMw,development,5
30,3549,15473,vpNRKXzMPqs,UCZwRhDqyXXFucAGxyQs40uw,development,5
30,3550,15477,qQZKjZJmesg,UCgnFSj7jQffD5V5m05j4dPw,development,5
30,3551,15487,OkNl4rprd7Y,UCckltLEhFLv8Xz_lQhYfwmg,development,1
30,3552,15491,G-gl9FhNz7I,UCyaIoiqUyGoO7u6jIZm3h6Q,test_reserved,
30,3553,15495,GYEYrX2bZrY,UCCK3OZi788Ok44K97WAhLKQ,test_reserved,
30,3554,15496,HLzoOnulblE,UCCK3OZi788Ok44K97WAhLKQ,test_reserved,
30,3555,15497,4qXNr7MignI,UCRDDfbYPHX_GUJ4lcQYTc8A,development,2
30,3556,15499,GelCJowAURI,UCgnFSj7jQffD5V5m05j4dPw,development,5
30,3557,15504,M9fhGckhejg,UCZEXdsMN3HWEz34uY5PbtXA,test_reserved,
30,3558,15509,YNKx5pkWB7I,UCqPFytj5oPGu7mRFRQ8hclQ,development,2
30,3559,15510,vX4WTm3MpZU,UCckltLEhFLv8Xz_lQhYfwmg,development,1
30,3560,15518,713LvRmLkss,UCaZNRV75Ab-RXOGATOKwqCA,development,1
30,3561,15521,TFAm_nP4an4,UCckltLEhFLv8Xz_lQhYfwmg,development,1
30,3562,15523,G00Mb_G-w68,UCOtYyt7W5PmPnwQjWWF_Z-Q,development,3
30,3563,15526,Rt3DJIrikm4,UCcijXxFzSXgoM6q9cCtT9PA,development,2
30,3564,15529,WG6f8wqEScA,UCcijXxFzSXgoM6q9cCtT9PA,development,2
30,3565,15535,IsSoJ0oBsn0,UCoNaQS6wefjNVFkwvxrzAYw,test_reserved,
30,3566,15536,GlDXHPuSg6M,UCFLYUbc09-OG0VIKRFxMvlg,development,2
30,3567,15543,yCyxh-Zlflk,UCCK3OZi788Ok44K97WAhLKQ,test_reserved,
30,3568,15556,lI79Styl1p0,UCsU0TSt6Jm_yLlTkZS-FvUw,test_reserved,
30,3569,15559,szNCFeRj8ew,UCcijXxFzSXgoM6q9cCtT9PA,development,2
30,3570,15561,kP2XHXcCti8,UCaESx7Bdghv_UICcG1hBkcg,development,2
30,3571,15564,05VWu-_rbOU,UCVXCitEEweQox0oyIsJONrQ,development,3
30,3572,15569,c0xtEVkxUmo,UCaESx7Bdghv_UICcG1hBkcg,development,2
30,3573,15570,WM7wE7bPf8g,UCQTcNhAZidy1i9wwmdgf2Lw,development,4
30,3574,15576,CuCOMlkQ6BE,UCckltLEhFLv8Xz_lQhYfwmg,development,1
30,3575,15581,Vl8yzuVroYc,UCvB1253p1Sy6KEPhYeiOmrQ,development,3
30,3576,15582,kChqpEB-yrU,UCa7tIPq6XgQs1KhuVoUrw5g,development,1
30,3577,15590,bIJRYrgP3ZI,UCgnFSj7jQffD5V5m05j4dPw,development,5
30,3578,15593,hZNfjGfSemI,UCOtYyt7W5PmPnwQjWWF_Z-Q,development,3
30,3579,15594,tj1x707hbFg,UCckltLEhFLv8Xz_lQhYfwmg,development,1
30,3580,15597,jOCJ8EKrpSw,UCXJm14vFoWrYud1ZXCiHj3A,development,2
30,3581,15598,W5T4ZqEKUto,UCyatESKDOtYoUqC3zXhREzw,development,3
30,3582,15601,GzpzplF1c6c,UCCK3OZi788Ok44K97WAhLKQ,test_reserved,
30,3583,15606,O7FJmKEtr9M,UCB3pmaew5i2Sp9LJe03BU8g,development,4
30,3584,15612,EkBxY81T55I,UCuTgmLxqarTxuBU5ARMYUNQ,development,5
30,3585,15620,7N3ikWvWfDg,UCckltLEhFLv8Xz_lQhYfwmg,development,1
30,3586,15621,UcaIch1OUGE,UCcijXxFzSXgoM6q9cCtT9PA,development,2
30,3587,15630,8zZgX5w6uDU,UCuJmg9Gw1uO-JGVLk9iACDw,development,2
30,3588,15636,PxSc64QwcTs,UCowiYUdbNsL9qVmpY9Z0jLQ,development,3
30,3589,15638,_Dow5YbBljY,UCFuP4DmMM9LZOMoa86vsZig,development,4
30,3590,15641,H-xhCdn2V0Q,UCc30sTBdN9LRSxEuHaXV_bQ,test_reserved,
30,3591,15642,7LjvQyVL--4,UCc30sTBdN9LRSxEuHaXV_bQ,test_reserved,
30,3592,15652,tZ3FqOh2Y3U,UCCK3OZi788Ok44K97WAhLKQ,test_reserved,
30,3593,15653,V3_qB0SpNpU,UCbS_glb2N1NVTrDLVryRbng,development,4
30,3594,15654,3h8Fn-FcomM,UC1hcl0aIr9KtXA-Kiq9itqw,development,3
30,3595,15660,t8j--qePkEc,UCPRmXiMVjB_P7SCKFPqZXlQ,development,1
30,3596,15666,MKab1KqA82w,UCuW9OiaVwvoOraW1Jcc3_uA,development,2
30,3597,15667,9KahFynMxzw,UCZ6MS5ygBzz25PnSMaAw8PA,development,3
30,3598,15668,dfjK7wSwZC8,UCCKp8UXlGm8frgpY9heHSAg,development,5
30,3599,15675,46NBSOfiPDI,UCgnFSj7jQffD5V5m05j4dPw,development,5
30,3600,15687,nVmF9yfUFaw,UCceS_252pdNUa5ztP_MW8rw,development,2
30,3601,15690,ShaUKg5teHY,UCaIc6SgS90ud_RgMSC6hW_w,test_reserved,
30,3602,15697,-6XNoU3YpDU,UCoElcu6NTt-SxyARxAprpmQ,development,2
30,3603,15698,OaWO4ySirj0,UCckltLEhFLv8Xz_lQhYfwmg,development,1
30,3604,15699,oLoTxnQzBjU,UCbR7juPwtP-bV_w0840ciYQ,development,3
30,3605,15700,GwgkLr3O_pY,UC-vTBToHrXuxkqSJ3OEqS0Q,development,2
30,3606,15712,b456aBRFhss,UCekdpdajQ1JyGxUbmsN7nNA,development,3
30,3607,15715,JvzS678Pyzo,UCs3r_67R1GGZGzjhM4rR2xA,test_reserved,
30,3608,15719,bxjqf7kxIqY,UCQTcNhAZidy1i9wwmdgf2Lw,development,4
30,3609,15720,tl-2XFkH6ss,UCKkRSuLQBs2oErUCgivn8mw,development,2
30,3610,15721,OA2N9PpqIR0,UCQTcNhAZidy1i9wwmdgf2Lw,development,4
30,3611,15723,_jM7VkepTCQ,UCdgWTRipbTuQsIiiPb6fB-A,development,5
30,3612,15732,8VUc0ACIfNQ,UCQTcNhAZidy1i9wwmdgf2Lw,development,4
30,3613,15733,5ClypdX-VD4,UCcbOsE5_4LEjtQi8X2PFxDw,development,2
30,3614,15735,vtLHURgqZaA,UChwjz-THeefGm2mSbYB37Wg,development,3
30,3615,15739,4ihvZuuDOVg,UCTIi9jL0_XH6wCRyHDygl9A,development,5
30,3616,15740,81YkzAx4GpM,UCA5xW2Ce7KT2AtxzDYDebCA,development,4
30,3617,15745,IKGiQ1A6vjo,UCG0j1mTQov3RVBgLgh6wbKg,development,5
30,3618,15756,JBE548lJLCA,UCql-jEixeuMcyabHRYqr-Zw,development,3
30,3619,15759,w2X0Dlm3Vbs,UCCK3OZi788Ok44K97WAhLKQ,test_reserved,
30,3620,15771,NqKthCPkjsg,UCzyTz2So395JRTH79AlQS7Q,development,2
30,3621,15772,OCe-vcBEGTA,UC-GRFwciK7JiP8T4tl0pftQ,test_reserved,
30,3622,15774,Pgzhenski9c,UCgnFSj7jQffD5V5m05j4dPw,development,5
30,3623,15806,bpFRlWYvN7Q,UCCK3OZi788Ok44K97WAhLKQ,test_reserved,
30,3624,15808,xVjGOKB2o5M,UCQTcNhAZidy1i9wwmdgf2Lw,development,4
30,3625,15809,fT_XRYOQjY8,UCckltLEhFLv8Xz_lQhYfwmg,development,1
30,3626,15810,pe5cNSTYsM8,UCUh8FFbl1BfRmzL9t4Fkykw,test_reserved,
30,3627,15811,dAxKVJzZ-CI,UCc30sTBdN9LRSxEuHaXV_bQ,test_reserved,
30,3628,15812,FryJE0EGjJw,UCn0XmAUFv6d2tofMFEesSNw,development,5
30,3629,15814,3VzoeRU4jWs,UCAH7R88V7gz7RqJv78nNOzg,development,3
30,3630,15820,9tZfQquEdAY,UCKIAuvwMPOv0uVrGdGS2V7w,test_reserved,
30,3631,15821,XF5NrE1j1xY,UCtbtihatpVC4YkcNvP6v4Vg,development,3
30,3632,15828,MshLMBgzncQ,UCu3jIK2NBSXc0_YaFqEuIrg,development,2
30,3633,15829,Z2gDdnV145g,UCG0j1mTQov3RVBgLgh6wbKg,development,5
30,3634,15833,BpfzZEhY5Uc,UC2oGrNhMUyWu5yzEJ_j1PMA,test_reserved,
30,3635,15836,kDV9qeD1vco,UCnT7Z6-yqjhM__jZbK_B3kw,development,3
30,3636,15838,6NHOQfRc50k,UCXozlWD-wtlZeWkC5Cl-oGQ,development,1
30,3637,15839,Hjq2yPIngZk,UCbS_glb2N1NVTrDLVryRbng,development,4
30,3638,15841,wVw9NsiJEy4,UCAH7R88V7gz7RqJv78nNOzg,development,3
30,3639,15844,eQGi0lIRCuM,UC3Tc2fr9_zSVZe-ikKOsQHA,development,2
30,3640,15848,6zals-wpjMc,UCMOJZJjbOVCp2oqoTNK5PdQ,development,3
30,3641,15850,SvUTVbzQU-w,UCCK3OZi788Ok44K97WAhLKQ,test_reserved,
30,3642,15853,01OIwhLWXpo,UCcJpqRpi5w9OV11xtYgUSUQ,development,3
30,3643,15860,awVxbSaB7B4,UCckltLEhFLv8Xz_lQhYfwmg,development,1
30,3644,15863,UqRG_PRKmDM,UCtVEiBn_-ezOpRkL2pNjXzA,development,5
30,3645,15869,fAL6EM69OFQ,UCRDDfbYPHX_GUJ4lcQYTc8A,development,2
30,3646,15874,3zNGBm55mvk,UCAH7R88V7gz7RqJv78nNOzg,development,3
30,3647,15876,Bv2HyJjVhFU,UC324VVhYKykBv01GecF4aYg,development,5
30,3648,15877,EpnRnfz9v2U,UCEQrXk9S_wxT6fz7Iy7PI5Q,development,4
30,3649,15878,R62-yNJwh40,UCD02fQ2jNzcVZPxeqiDQZXQ,development,2
30,3650,15879,AbQeZyGfq6A,UCAH7R88V7gz7RqJv78nNOzg,development,3
30,3651,15882,YG72mBVDOu0,UCgnFSj7jQffD5V5m05j4dPw,development,5
30,3652,15883,jwsXCSyN3lI,UCckltLEhFLv8Xz_lQhYfwmg,development,1
30,3653,15889,jhsGbGsMzZA,UCckltLEhFLv8Xz_lQhYfwmg,development,1
30,3654,15891,6fwyv-SIo-o,UCmAZwdFQyvTnrAVx5IqILgg,development,3
30,3655,15892,HRx9pZghJGg,UCckltLEhFLv8Xz_lQhYfwmg,development,1
30,3656,15894,lxeFiolVUKY,UCgnFSj7jQffD5V5m05j4dPw,development,5
30,3657,15896,z18UN9jtcZA,UCrHp7_wVE4B6jcUNMwBXZRw,development,1
30,3658,15899,FjlWYpRafRY,UCpxzXOqrMd5AITBd_KXfwcQ,development,2
30,3659,15903,3NCLh5TccN0,UCcijXxFzSXgoM6q9cCtT9PA,development,2
30,3660,15905,5KI0cC8nP8c,UCM3bQBUJ0PEbgfe9lAw_Y3Q,development,3
30,3661,15915,EckNoSEqbpc,UC1u-HhClpg8qOz7JO23W7Ow,development,5
30,3662,15918,RHCx1iESPyk,UCh2Xwe7on2Oa2MBtk8zvEuw,development,3
30,3663,15919,pPQVH7-qGV4,UCdotiSNtLlS4qwDto9CdURA,development,3
30,3664,15929,jE09rdF92_0,UCHZ6l32mEskYLDm1OkjFO3g,development,5
30,3665,15931,Oc3GXlxpCGE,UCVc_jmqkqUNgEqBZ2pxOyyA,test_reserved,
30,3666,15938,yuvAMUh_yLE,UC-GRFwciK7JiP8T4tl0pftQ,test_reserved,
30,3667,15939,21koCIVDY8o,UCcijXxFzSXgoM6q9cCtT9PA,development,2
30,3668,15941,54QFqtAJioQ,UCmjo40eaWQS0jkW7UW24KSA,development,3
30,3669,15944,ScNkttu3K2I,UCb0KyqTm4bkjnZg_mND9hhg,test_reserved,
30,3670,15945,8pa3cPhEcIc,UCz5VldG-q50ldO8dU7qio4g,test_reserved,
30,3671,15949,0vD-HIz3bjA,UCLwShsDcrXwLEINVFaa1msw,development,2
30,3672,15950,RhoQ-ieeU18,UCyrW9aDENkU6G6URdVFwB9g,development,1
30,3673,15953,mBRpyu9M17o,UCtnFdFtN_fDK-xHkgGtgloA,development,2
30,3674,15956,UfOITM_4uYc,UCHxf5NOZYmtmQEOkToogAiQ,development,5
30,3675,15961,_8xQE9LmbRE,UClWSTWnXSIOK34ySODMm8Ew,development,4
30,3676,15964,jctjc5-Jn0U,UCcijXxFzSXgoM6q9cCtT9PA,development,2
30,3677,15976,XMI0GFOtb18,UCckltLEhFLv8Xz_lQhYfwmg,development,1
30,3678,15984,0IUXHxB2puA,UCQTcNhAZidy1i9wwmdgf2Lw,development,4
30,3679,15987,OwLRl-ZUVzY,UCOtYyt7W5PmPnwQjWWF_Z-Q,development,3
30,3680,15990,rBRxHo0hpfg,UChtQ7TCSKmvCIqonz1eto1w,development,3
30,3681,16004,RZZG_chxSx0,UCrVFS_0PdV7AwyTgR13IcVg,test_reserved,
30,3682,16005,PhAYIOACdZk,UC1YGPDtctHGJWW0NrlQVklw,development,5
30,3683,16007,4yCCmmzKcRU,UC1hcl0aIr9KtXA-Kiq9itqw,development,3
30,3684,16012,f4Cc-I-3Fp8,UCbR7juPwtP-bV_w0840ciYQ,development,3
30,3685,16013,0OgwdomIM48,UCQfhtH9WEOzRuv9yObnJtVA,development,3
30,3686,16023,TijK4h12CHo,UCqrqt9Egbp4Voh3iEUUoorw,development,3
30,3687,16025,DWvg2gzTPMI,UC1YGPDtctHGJWW0NrlQVklw,development,5
30,3688,16026,d4qqswkX3C4,UCoQrhbL8EqaiWTywvgPlriA,development,1
30,3689,16027,eBfm2ho1qQ4,UCUYXSaH7gW9DGZHItFsvJ_A,test_reserved,
30,3690,16032,jkHbndv2pJU,UCJc1hbJPvG5f2v8iSPG-3CA,test_reserved,
30,3691,16038,1quLRGjTT4A,UCmGMChEd9jBucufrWcpk3Ew,development,3
30,3692,16040,xjGiCMEwYTE,UCcbOsE5_4LEjtQi8X2PFxDw,development,2
30,3693,16043,GWF6WqW6B4E,UCRDDfbYPHX_GUJ4lcQYTc8A,development,2
30,3694,16045,54i28Uj3nq0,UCzNxbzqN0to4GNb9otFuGJQ,development,1
30,3695,16047,ujaOFDb5eyw,UCMgnxTg0x7lfZs480sdpREg,development,1
30,3696,16052,tt5JEi688Es,UCp3vt0JWTbhd15j9PSn3RnQ,test_reserved,
30,3697,16062,aWtziG8TDus,UC8irIP66QzlZNVgqe4vwN9g,test_reserved,
30,3698,16067,NRnrQ2nyIGA,UCwt4zdWrmnBpglCHb1ArREA,development,4
30,3699,16068,6seKkmQtM-I,UCJ44oEtQ4TUPUbVS6hLI9Hw,development,5
30,3700,16069,MHTIFegQJzM,UCZWXOdFyxE0frP_uXHN_BJw,development,1
30,3701,16072,zh2huyjlqfE,UCCK3OZi788Ok44K97WAhLKQ,test_reserved,
30,3702,16077,2hy6qTNrHXs,UCqrqt9Egbp4Voh3iEUUoorw,development,3
30,3703,16081,zJ49dvzvWcw,UCs8-XMlV1sdA56cHlQAgzdg,development,1
30,3704,16088,H7DV8A02mWk,UCc30sTBdN9LRSxEuHaXV_bQ,test_reserved,
30,3705,16090,8m6h5yhoQFg,UCwH5wSFcuXiR_qYFMbl6S7A,test_reserved,
30,3706,16094,nTqp-7HkvmU,UC0nMJ3QNryBHZpy1P3Wamwg,test_reserved,
30,3707,16102,Ff7TQsF8I4Y,UCckltLEhFLv8Xz_lQhYfwmg,development,1
30,3708,16107,H-eVsKJdZqU,UClC6jQT87s0yKTxHls4BWSw,development,3
30,3709,16111,9KCfPM8w48A,UCbslldG51NumaG5QqgYSdtg,development,4
30,3710,16114,T3exscsWXhk,UCYweMykEAI5aaRztqrJuuAg,development,2
30,3711,16116,4Q2wPPu5pVA,UCo7jGFwywOdtesciwW-POqg,test_reserved,
30,3712,16125,qsrnS9kzoBY,UCPdASwipemqGhpK-B-a12Ow,development,2
30,3713,16128,4gBAtnHSD30,UCZEXdsMN3HWEz34uY5PbtXA,test_reserved,
30,3714,16134,kyZ-0BDj_OU,UCUWsih24MIJm0hrkWmhJkmA,development,3
30,3715,16143,Bulj9A7lNzg,UCZFZrF8lZizsW3io-ONv_Ig,development,5
30,3716,16153,n2maRCjWSb4,UCqShCHSDvCBKDN_GAsnLJmQ,development,5
30,3717,16154,oi_AyXdCrPQ,UCckltLEhFLv8Xz_lQhYfwmg,development,1
30,3718,16158,fxI362Md8IY,UCxPYVvthidICJb75llNXktg,test_reserved,
30,3719,16159,06nHy29UY5U,UC0l36s7dMwk1GYxmSHAib_A,development,5
30,3720,16163,oS8m31Zc5ms,UCXm0FsS7PXy0w5HeOkYMi7Q,test_reserved,
30,3721,16169,XI3APtccax0,UC-dHEjWS4CibzGtijQC6cOg,test_reserved,
30,3722,16175,Zrz-b09xyog,UCOtYyt7W5PmPnwQjWWF_Z-Q,development,3
30,3723,16176,p_cDY4umfJ8,UCPJRtoh7x7vEw0-d59JwKiQ,test_reserved,
30,3724,16178,P6T6KRzLJlk,UCgnFSj7jQffD5V5m05j4dPw,development,5
30,3725,16181,LNq121Ou9w8,UC-GRFwciK7JiP8T4tl0pftQ,test_reserved,
30,3726,16198,pBVVkGAjCKE,UCcijXxFzSXgoM6q9cCtT9PA,development,2
30,3727,16200,FrlpGF47P4E,UCt1uMmva5HBK0qu1hTGGvzA,development,3
30,3728,16209,nkBgF5nJcpQ,UCgnFSj7jQffD5V5m05j4dPw,development,5
30,3729,16215,rXwIBKZEFkc,UCUjrGH_aRUuOP-BGBAQyZOw,development,3
30,3730,16216,trIOSMnNvlc,UCckltLEhFLv8Xz_lQhYfwmg,development,1
30,3731,16225,7PoBAD0NDM8,UCbR7juPwtP-bV_w0840ciYQ,development,3
30,3732,16228,E5LVL0MfDFM,UC6IHfZ-Rez2LR0PH01YxL7w,development,1
30,3733,16229,yWBJfB0h_W0,UCPdASwipemqGhpK-B-a12Ow,development,2
30,3734,16235,xRRZRljOqvw,UCqDbs3rlemiBZmhkh9gXXHg,test_reserved,
30,3735,16239,elTUNvAYTGA,UCle34dvTBAMXQaCPX9kxuJw,development,5
30,3736,16242,cXTiwxYfwNU,UC0uMi8HNlftUWq4k7NHnjSQ,test_reserved,
30,3737,16243,41aLQ6lDnzY,UCRDDfbYPHX_GUJ4lcQYTc8A,development,2
30,3738,16248,SoFvEpNZcoI,UCPfU0uygBGutjaaJU5PpEvg,development,2
30,3739,16254,WEA6VF68ZCo,UCUaN1jgVNkHTTfVFrKhSYyw,test_reserved,
30,3740,16260,jUW8IKRGDCU,UCE_HRkZMtXQvjnCrM0aSjCQ,development,5
30,3741,16262,BBGnQgOuFx0,UCRDDfbYPHX_GUJ4lcQYTc8A,development,2
30,3742,16265,FeG0Lr_29ds,UCcijXxFzSXgoM6q9cCtT9PA,development,2
30,3743,16268,V0S3xN8-ujI,UCwrJnrHM2qRjjiSVk1nlx4Q,development,4
30,3744,16269,Vd93xHaT93A,UCI3Xc02tgvW28O-Rrou3LxQ,development,4
30,3745,16274,LPflzMqgDjM,UCOtYyt7W5PmPnwQjWWF_Z-Q,development,3
30,3746,16278,YbPvoRLCU2o,UCqXGW6IGN6fsLCDh4x6D1qw,development,5
30,3747,16280,xH9GLsoWbdQ,UCVd1jcy6wKFzfQ5E-Txtg-w,development,2
30,3748,16286,CWsGRdBQIrA,UCAH7R88V7gz7RqJv78nNOzg,development,3
30,3749,16294,WTFyqSA6u6Y,UCAH7R88V7gz7RqJv78nNOzg,development,3
30,3750,16299,KWL_Vl-drZA,UCLak0deToyy3f9HQKZJpfRQ,development,1
30,3751,16300,LW5UQUqYti8,UCOiMY00_ZLijPF6InrCl0TA,development,3
30,3752,16303,pSRWlXEi2zw,UCOtYyt7W5PmPnwQjWWF_Z-Q,development,3
30,3753,16306,20lsgKmaIwM,UC5R7F4Mw_ZV1c4tYe4UKLIg,development,4
30,3754,16308,Qd3nE976o1s,UCOPqjdQOIF6faslRMEruJmA,test_reserved,
30,3755,16315,K9CaOCBY3Jo,UCNPswKyohe5t4ovcYvvVwPA,test_reserved,
30,3756,16319,SA1ObDckdjM,UCDqPAJovLjTUS_h-y_YTpzQ,development,2
30,3757,16322,t6jMu4bCFtY,UCbR7juPwtP-bV_w0840ciYQ,development,3
30,3758,16336,3zodd1IrxuI,UCsDDVBdzvMMZaQtF8vaC9bg,development,3
30,3759,16337,Scw6ECj8OEw,UCCK3OZi788Ok44K97WAhLKQ,test_reserved,
30,3760,16338,CW1bAI3G90Q,UCn0XmAUFv6d2tofMFEesSNw,development,5
30,3761,16344,sozlWdkBiBo,UC55ZUgpS4-bUNhFtuDt4jqQ,test_reserved,
30,3762,16348,b4Th5PV3q0M,UCVfnhhDIkkBJ_1QyzCqeVDg,development,2
30,3763,16352,ImlctkO7mCc,UCNEf722QEvvmyGaT0HsKxRQ,test_reserved,
30,3764,16365,RU3TDL7QFhY,UC_0KqdgCMvhbpYcp9JaqQRg,test_reserved,
30,3765,16370,vcwyumnLjDo,UCCK3OZi788Ok44K97WAhLKQ,test_reserved,
30,3766,16373,3TqfsoCzgKg,UCcijXxFzSXgoM6q9cCtT9PA,development,2
30,3767,16376,3SahoMUsmyc,UCQTcNhAZidy1i9wwmdgf2Lw,development,4
30,3768,16381,xWnWnhZsuCI,UCuM3C7bjxZSQCCF97tyZP0w,test_reserved,
30,3769,16385,gRcJVyeLaSE,UCLNz9bgiJfM3ImTtYDOt8Ew,development,4
30,3770,16388,Ze6lAoQxOKU,UCgGWyBs51NVNDxP-tXEhlZw,development,4
30,3771,16393,Wabj9L5ur2Y,UC8qBNfgWRK_WYYGSmmrfgPA,development,4
30,3772,16396,us0SQ6hpdZM,UClSIhhnuyF8fXtBTpOOTknA,development,2
30,3773,16398,6qIdVoxjbRA,UCLx0BJNc11RlbIR5JHH-qmw,development,1
30,3774,16402,oUOY9UfVW2g,UCes373iqg3EYZrnuhDWkfeA,test_reserved,
30,3775,16403,nZg58oFsyDs,UCckltLEhFLv8Xz_lQhYfwmg,development,1
30,3776,16404,q-ViQdTl-Iw,UCckltLEhFLv8Xz_lQhYfwmg,development,1
30,3777,16406,OR_u6AhdKec,UC0MnP2Iso6enxaJTBZ3_nJw,development,4
30,3778,16407,kOhOFAuILBM,UCoZJaxWPeeGKZ6ShK5EsIkA,development,3
30,3779,16411,EiZp6Yr_glc,UCAH7R88V7gz7RqJv78nNOzg,development,3
30,3780,16414,hzjc87IoNck,UCIKg0Ev6Vq2M7hU7bL_jHFQ,development,3
30,3781,16417,rDuyShL6Rk8,UCckltLEhFLv8Xz_lQhYfwmg,development,1
30,3782,16418,4eRRgM-fWik,UCckltLEhFLv8Xz_lQhYfwmg,development,1
30,3783,16426,Gx_4_edWtRQ,UCbS_glb2N1NVTrDLVryRbng,development,4
30,3784,16428,yDp4QmfXuC0,UC8kC4R1-G80cwxWLr6jvmtw,development,5
30,3785,16430,aLAhgbfSnTk,UCmrLu4r89ykOzmtmbAeEklA,development,5
30,3786,16431,uK87nOB38q4,UCCK3OZi788Ok44K97WAhLKQ,test_reserved,
30,3787,16435,YMJDh6ULs00,UCtEz7PSfmMS8lL1tzI3k9ZA,test_reserved,
30,3788,16437,MhWoK_FotN4,UCckltLEhFLv8Xz_lQhYfwmg,development,1
30,3789,16439,DgguKNwQ4eE,UCckltLEhFLv8Xz_lQhYfwmg,development,1
30,3790,16440,pQrJ0FXnA7s,UCfCxPLBK1BYkaSqlrRwRXkA,development,1
30,3791,16443,p-_ciTShowk,UCaqKkC85KtIgXZK1edWABww,development,5
30,3792,16448,AFNG2A94g-A,UCcijXxFzSXgoM6q9cCtT9PA,development,2
30,3793,16461,M2BJzFeHax8,UCPXSUKHTNc1_hnHuj-UiQWQ,development,4
30,3794,16466,OUdLHSUrDGI,UCth9R703obgHx665cpiNY9A,development,5
30,3795,16485,heC16kk00qg,UC8lKgUHo-2mSR5cRRXO9xow,test_reserved,
30,3796,16490,0fsSt9_imhU,UCcijXxFzSXgoM6q9cCtT9PA,development,2
30,3797,16491,IBVawjf2H14,UClCjoJ0fs2RqaRTjukU1jQA,development,2
30,3798,16505,0FRMJnWjD_0,UCP3vmghopPkg0gt6DGjzvmw,test_reserved,
30,3799,16515,RLIgzFuGubI,UCckltLEhFLv8Xz_lQhYfwmg,development,1
30,3800,16518,BJywQfTfHRk,UC-GRFwciK7JiP8T4tl0pftQ,test_reserved,
30,3801,16519,nxgVoM9yVRY,UCW5J0vbGISAYVK_Oz6m2Dqw,test_reserved,
30,3802,16520,uU0HxXlAxPk,UCCK3OZi788Ok44K97WAhLKQ,test_reserved,
30,3803,16527,JU88OhM40u0,UCOtYyt7W5PmPnwQjWWF_Z-Q,development,3
30,3804,16534,ypJUuPOhPxM,UCq0hVW_G5kWt2ocLhbjOtGg,development,2
30,3805,16535,qZxjuksxXk0,UCckltLEhFLv8Xz_lQhYfwmg,development,1
30,3806,16536,TZMdePwqwus,UC3vuLv1EXDUxS_UKLPFJVSA,test_reserved,
30,3807,16537,fIBuo-RIfFU,UC0Ixpv316Cz0tAqp900J-qg,development,1
30,3808,16540,DjwRqXJV8xE,UCOtYyt7W5PmPnwQjWWF_Z-Q,development,3
30,3809,16542,l6ZFzYiGmFs,UCQTcNhAZidy1i9wwmdgf2Lw,development,4
30,3810,16556,awbv_9usnhQ,UCCK3OZi788Ok44K97WAhLKQ,test_reserved,
30,3811,16564,6rsh-RmQ0zE,UCCK3OZi788Ok44K97WAhLKQ,test_reserved,
30,3812,16572,RxboZYThtz4,UCQTcNhAZidy1i9wwmdgf2Lw,development,4
30,3813,16577,9tuLNX2wNVI,UCkzFXIie723z4vsYAMsMGsg,development,4
30,3814,16585,Bd_FViRTErg,UCCK3OZi788Ok44K97WAhLKQ,test_reserved,
30,3815,16595,1BKhqSgt8jU,UCNX1vwdag0CwzXCcgvUG0Dg,development,4
30,3816,16599,j15Mpt7tZ_s,UCQN2cRMiB1BkljRswBN802g,development,4
30,3817,16604,4QiTonJonXk,UCcijXxFzSXgoM6q9cCtT9PA,development,2
30,3818,16614,oGGA-LPqRXI,UCNcI0kxp_9BiBiLQUviN-hw,test_reserved,
30,3819,16620,V5H-6OyO-gI,UCYbt3LkjHI9rVvYfq0jN_ew,development,1
30,3820,16622,IrnPAa2e1M8,UCCK3OZi788Ok44K97WAhLKQ,test_reserved,
30,3821,16625,jGoIhjUnIV0,UCckltLEhFLv8Xz_lQhYfwmg,development,1
30,3822,16627,chkI_Z8WBZs,UCAH7R88V7gz7RqJv78nNOzg,development,3
30,3823,16629,xdM7mr_nEeo,UCLWofMl6ouENOuxQwYUPhJg,development,1
30,3824,16635,3tUPp2xB2As,UCmqflTSJ6911aCrnaWIXxsA,development,3
30,3825,16636,84uP522mHxM,UCsGsDaPTOt6VXRPF2FyAJ4g,development,4
30,3826,16642,f0MXASQ6oy8,UC9SgyReu4QufMUTFhZYYEMw,test_reserved,
30,3827,16643,6P0iP3RpsAg,UCckltLEhFLv8Xz_lQhYfwmg,development,1
30,3828,16648,KQwpm0MRzT0,UCtpFElVQJM8YgaMTwnEsU4g,development,1
30,3829,16650,S3yO6JaR_EQ,UC3tvYy-s84yySG7V85jRDnA,development,4
30,3830,16653,tJMcK6BjR0w,UCHZ6l32mEskYLDm1OkjFO3g,development,5
30,3831,16658,VIYI0NU3r_o,UCCK3OZi788Ok44K97WAhLKQ,test_reserved,
30,3832,16659,mu-2z6T_wik,UCckltLEhFLv8Xz_lQhYfwmg,development,1
30,3833,16677,68mX7DbMW3M,UCckltLEhFLv8Xz_lQhYfwmg,development,1
30,3834,16679,VJtIGb18P4A,UCmiaax5BUtJnA2wgQk1tSBA,test_reserved,
30,3835,16681,noHsjnhLwLs,UCPXSUKHTNc1_hnHuj-UiQWQ,development,4
30,3836,16686,B5mMd3D1uq0,UCOtYyt7W5PmPnwQjWWF_Z-Q,development,3
30,3837,16696,x2xgfIb4WQs,UCckltLEhFLv8Xz_lQhYfwmg,development,1
30,3838,16698,cCOkt9LlQWg,UCQTcNhAZidy1i9wwmdgf2Lw,development,4
30,3839,16699,7XhT7_wE9M0,UCQTcNhAZidy1i9wwmdgf2Lw,development,4
30,3840,16701,SlocVuMq8KI,UConDLpzQN5uiqRMUD1yYKZQ,development,2
30,3841,16720,CgqrbZMv-m4,UCql-jEixeuMcyabHRYqr-Zw,development,3
30,3842,16732,6xvEqj-3J_M,UCgnFSj7jQffD5V5m05j4dPw,development,5
30,3843,16733,5B0gvGxvANg,UCCK3OZi788Ok44K97WAhLKQ,test_reserved,
30,3844,16734,bcqhGYgalV8,UCOHyRrRuD2zGCkpuCAlyOyA,development,3
30,3845,16742,7HJ32KDSx2E,UC7e8LFxir9MCfTAf2XQbfaA,test_reserved,
30,3846,16743,Nj9ukJPeYzM,UCYweMykEAI5aaRztqrJuuAg,development,2
30,3847,16744,N1QFkPfDho0,UCzNxbzqN0to4GNb9otFuGJQ,development,1
30,3848,16746,wSA5JBsoNAk,UCAH7R88V7gz7RqJv78nNOzg,development,3
30,3849,16747,mveFbncpzt4,UCckltLEhFLv8Xz_lQhYfwmg,development,1
30,3850,16753,XvVQTm_3Rck,UCcg4tDKgPLIc_x3lhWdogLg,development,4
30,3851,16762,AwVqJYWIuRY,UCXJm14vFoWrYud1ZXCiHj3A,development,2
30,3852,16765,-cXSlocdids,UCfTCfcZwZ9U0jMO-6fVEYoQ,test_reserved,
30,3853,16771,M3QUHdREm0I,UCAgBGlUKoAQFXMUzshrWDgg,development,1
30,3854,16778,gqZ1L3FUwXs,UCaIc6SgS90ud_RgMSC6hW_w,test_reserved,
30,3855,16779,p-Ir2Dublqg,UCckltLEhFLv8Xz_lQhYfwmg,development,1
30,3856,16785,_Pel4lfh1W4,UCReF_78PPPdU7kKodNtBwMg,development,3
30,3857,16787,Dpedov4QmnA,UCdgWTRipbTuQsIiiPb6fB-A,development,5
30,3858,16792,usHChmx9mYc,UCCK3OZi788Ok44K97WAhLKQ,test_reserved,
30,3859,16796,6bic_zM3flc,UCOtYyt7W5PmPnwQjWWF_Z-Q,development,3
30,3860,16800,givVaeohWlQ,UC0xD4bzto2wp16mXMdHgBVg,test_reserved,
30,3861,16806,qDMRcxJL0ew,UCcijXxFzSXgoM6q9cCtT9PA,development,2
30,3862,16808,LkHANB3fwGo,UCPXSUKHTNc1_hnHuj-UiQWQ,development,4
30,3863,16811,8XQ3zsV-oWI,UCckltLEhFLv8Xz_lQhYfwmg,development,1
30,3864,16822,PXDelaZnums,UCOtYyt7W5PmPnwQjWWF_Z-Q,development,3
30,3865,16824,UhpoCvbKcbE,UCckltLEhFLv8Xz_lQhYfwmg,development,1
30,3866,16830,gemk2pd3q9g,UCbS_glb2N1NVTrDLVryRbng,development,4
30,3867,16832,2paQOVsjT_s,UCQxYcvX5hnGJvuTFzKng-Vg,development,2
30,3868,16834,l76gUpwywpI,UChtQ7TCSKmvCIqonz1eto1w,development,3
30,3869,16835,5U4faO3rn8w,UCbR7juPwtP-bV_w0840ciYQ,development,3
30,3870,16843,tZolWPNFx_g,UCg22fUwQQF-7Sf6-TIVIFrA,development,1
30,3871,16844,JzwR17KiZvg,UCXm0FsS7PXy0w5HeOkYMi7Q,test_reserved,
30,3872,16845,t60SL5u4WZg,UC80S9x_1mLIq3Q21dG-iy5A,development,3
30,3873,16850,f0zfFUlBpfM,UCLNz9bgiJfM3ImTtYDOt8Ew,development,4
30,3874,16864,E7CIh2W3i78,UCXm0FsS7PXy0w5HeOkYMi7Q,test_reserved,
30,3875,16876,vu1BT1OFdmQ,UCLsRogzQ9bw2Efitidd0ikg,test_reserved,
30,3876,16878,cK2htq8hE0s,UC1YGPDtctHGJWW0NrlQVklw,development,5
30,3877,16879,UIqYZk9Xk38,UCDqFysWGVtduHRyawK8oJkw,development,5
30,3878,16880,Y2oWsEKrnSw,UCPdASwipemqGhpK-B-a12Ow,development,2
30,3879,16884,foEfzYq3lRQ,UCc30sTBdN9LRSxEuHaXV_bQ,test_reserved,
30,3880,16885,I2ti_mYQXOc,UCIi-sp4cticvdmHAodPeyvw,development,1
30,3881,16890,oDGFyhkTlJs,UCFdCT7ZJCc9ax1yAqDCQPaA,development,5
30,3882,16891,2LZLIUkSDjk,UCkNlyDd1Khxu8TaKAayoa4w,development,3
30,3883,16895,KwDTwfea09I,UCbS_glb2N1NVTrDLVryRbng,development,4
30,3884,16899,MydBTZ-6NeA,UCZwRhDqyXXFucAGxyQs40uw,development,5
30,3885,16900,NMTn-UNtvB4,UCLy64UBR8cH9BPUuf1sM6DQ,development,1
30,3886,16912,j7hbIDMoesg,UCpamW3WJjX0CgjWGsBxIm2w,development,3
30,3887,16917,OLXgYHrJP-Q,UCN2EppENLvG8D2y7CQ8iLQw,development,2
30,3888,16918,L4iOmUtDQJE,UCr1eecmGCImVaHQA2dUCScw,development,1
30,3889,16920,5EvKcrv1WBQ,UCckltLEhFLv8Xz_lQhYfwmg,development,1
30,3890,16923,OFPdwzfeTHk,UC-InXGUDXmIVAZG7efBiU7A,development,1
30,3891,16926,-KtLaY4Lg3E,UCckltLEhFLv8Xz_lQhYfwmg,development,1
30,3892,16927,MX83kKD9qH4,UCckltLEhFLv8Xz_lQhYfwmg,development,1
30,3893,16934,rNf_l4vji4o,UCckltLEhFLv8Xz_lQhYfwmg,development,1
30,3894,16959,4YLGkCa7TpY,UCrVFS_0PdV7AwyTgR13IcVg,test_reserved,
30,3895,16963,YuNUn1Lpt90,UCCK3OZi788Ok44K97WAhLKQ,test_reserved,
30,3896,16968,IHM14vZ824g,UCnGPmAcR-LCVm_TPxQ633Xw,test_reserved,
30,3897,16969,tJRhY-wUwoo,UCl5xacxsAhltNGtiMktd_Sg,development,4
30,3898,16970,QAKmqXTajoA,UCCK3OZi788Ok44K97WAhLKQ,test_reserved,
30,3899,16972,MKOGQiffm9M,UCu7cGbQEMgGk8TD0ZYucM5g,test_reserved,
30,3900,16978,gMVTbJFQdU0,UC4Pb9SEsCb1EpsXVYAVVajw,test_reserved,
30,3901,16983,4hxOoyaoFP0,UCYXXppvZSxDSYt8-1XBei-w,development,1
30,3902,16992,Y-oh2jCMFdA,UC1hcl0aIr9KtXA-Kiq9itqw,development,3
30,3903,17002,1SVqsqqVnig,UCnUro1VEvpuIkbqoM9M8L4A,development,4
30,3904,17006,ObLOd46JVgw,UCIQYzhtvJ9Ve8IlADFudn0g,test_reserved,
30,3905,17007,-GcJhToXPV4,UCcijXxFzSXgoM6q9cCtT9PA,development,2
30,3906,17016,wri3JkVv8GY,UCXfgx23Lw81I4wsCNhdVBgw,development,4
30,3907,17017,vo7L0LrcYkM,UCfU_EkNq6OxL-RvZCx7f7wQ,test_reserved,
30,3908,17018,f9VNhqZOFu4,UCckltLEhFLv8Xz_lQhYfwmg,development,1
30,3909,17023,qNXmiCkWuyk,UC1YGPDtctHGJWW0NrlQVklw,development,5
30,3910,17027,DDlgCZFGq6E,UC8lKgUHo-2mSR5cRRXO9xow,test_reserved,
30,3911,17031,8Jk9lOUrUm4,UCMW_Sgzlaezz3MHg3BtgKbw,development,5
30,3912,17035,rTi5axTWk9A,UCvMYO1Ywh_KVLYb67ruTQBQ,development,5
30,3913,17036,ACPhlFYcOFg,UCLuP7ROjaueiuNbzrvPqXSQ,development,3
30,3914,17043,m-RYgZJJ1Ws,UCRDDfbYPHX_GUJ4lcQYTc8A,development,2
30,3915,17047,ch6mlYDuOQM,UCm8uQm-q6IUP0u0lssUiITQ,development,3
30,3916,17051,eMnUlavWrSQ,UCbS_glb2N1NVTrDLVryRbng,development,4
30,3917,17054,c0FGIS3KYyY,UCbS_glb2N1NVTrDLVryRbng,development,4
30,3918,17064,m0Yx1MbTr2k,UCCK3OZi788Ok44K97WAhLKQ,test_reserved,
30,3919,17068,AXdwVbHOdqw,UCMxeqmVKOqiqh7V_A3h4gfA,development,2
30,3920,17071,z4CfhwqeSOg,UCbS_glb2N1NVTrDLVryRbng,development,4
30,3921,17072,nuaT_EbtAgw,UCCK3OZi788Ok44K97WAhLKQ,test_reserved,
30,3922,17076,BxBi_Wl2MLY,UCIi-sp4cticvdmHAodPeyvw,development,1
30,3923,17078,bwgCYD7Ktsk,UCbS_glb2N1NVTrDLVryRbng,development,4
30,3924,17082,Ec9TLfn3urc,UCYKyUJ4cVLcnU6rUyJvOupg,development,2
30,3925,17090,IviWdpzfLCs,UCkD2Gixzde52jx1XspNvrBw,test_reserved,
30,3926,17095,uQsGfkfwfCE,UC1dfhQyj962rwYPVLi3OHLg,development,3
30,3927,17099,xVfHshtSmxY,UCckltLEhFLv8Xz_lQhYfwmg,development,1
30,3928,17103,LnK3-XxD-4Y,UCix7C1KG_SPtiMXommMExNg,test_reserved,
30,3929,17119,h06WFt6DE9U,UC9iEv8PqeHuC3ZVt0QqN-pQ,development,4
30,3930,17120,TAK6lYR_jiM,UC4Pb9SEsCb1EpsXVYAVVajw,test_reserved,
30,3931,17122,dDNrdxq2l9M,UC-YHxIvupukB2zEMyO2zRIA,test_reserved,
30,3932,17124,x-HF1DurMgw,UCRDDfbYPHX_GUJ4lcQYTc8A,development,2
30,3933,17125,tmlrn7UBeHg,UC0tV1b7IFEXFUUILF7mAcWw,development,5
30,3934,17128,2zjhQ1q4wSQ,UCVjyzr_EOtJLtLF_3VKfrWQ,development,2
30,3935,17129,7lB7HIZW_Ck,UC1hcl0aIr9KtXA-Kiq9itqw,development,3
30,3936,17131,gGNHRlSlI0M,UCbS_glb2N1NVTrDLVryRbng,development,4
30,3937,17135,mcq0iVPl1wM,UCiPqzkmX93ta8vFwMVS81oQ,development,3
30,3938,17137,QKsyFSYMShc,UCLNz9bgiJfM3ImTtYDOt8Ew,development,4
30,3939,17140,BILxYfV9IN0,UChwjz-THeefGm2mSbYB37Wg,development,3
30,3940,17147,uuU5yqYjDvI,UCn0XmAUFv6d2tofMFEesSNw,development,5
30,3941,17152,ag8-kYK4vg0,UCCK3OZi788Ok44K97WAhLKQ,test_reserved,
30,3942,17153,tSIyZc5JAN4,UCgnFSj7jQffD5V5m05j4dPw,development,5
30,3943,17158,7fTBfGwdM0I,UCCK3OZi788Ok44K97WAhLKQ,test_reserved,
30,3944,17159,GDJEXNLf4JU,UCXFiIVHYqQmgpmIi7KChMkQ,development,1
30,3945,17161,Qo2y-bRKLII,UCxQQ7T5UMck1aKxzBmyt4rw,development,5
30,3946,17162,feo6OzuHsW4,UCckltLEhFLv8Xz_lQhYfwmg,development,1
30,3947,17164,JJSC87nnUm0,UC1hcl0aIr9KtXA-Kiq9itqw,development,3
30,3948,17174,zHuKIJ0ZrFE,UCOtYyt7W5PmPnwQjWWF_Z-Q,development,3
30,3949,17177,2iGuVhR7Q24,UCCK3OZi788Ok44K97WAhLKQ,test_reserved,
30,3950,17181,glRndpadw64,UCGh7bj8m9xZtszizdpu8cMw,test_reserved,
30,3951,17182,4duyC00y50U,UCcijXxFzSXgoM6q9cCtT9PA,development,2
30,3952,17187,Qyd92EZ_BWc,UCC4ytg6VTSI4EMTJoorjQtw,development,5
30,3953,17189,2PSW7CTzOmU,UCgHlPm2GweC7f8JaynbQRQg,development,5
30,3954,17190,ug2WwflT0A0,UCckltLEhFLv8Xz_lQhYfwmg,development,1
30,3955,17191,tIdaFnToEbQ,UCOtYyt7W5PmPnwQjWWF_Z-Q,development,3
30,3956,17201,56yBQJMI1nw,UCu7cGbQEMgGk8TD0ZYucM5g,test_reserved,
30,3957,17203,WsIOHhelCbo,UCCK3OZi788Ok44K97WAhLKQ,test_reserved,
30,3958,17207,rQOjsZ3Qr78,UC2b5VAYjsOfepl9nAXgRmfQ,development,4
30,3959,17208,fwjLutRKCug,UCPfU0uygBGutjaaJU5PpEvg,development,2
30,3960,17210,1gGbu_GY4bc,UCc30sTBdN9LRSxEuHaXV_bQ,test_reserved,
30,3961,17212,CcMBmuX7cRk,UCQxYcvX5hnGJvuTFzKng-Vg,development,2
30,3962,17213,KtXhtrKBLmQ,UCgdaUnUmkHDpYCU0w2pR7Rw,development,2
30,3963,17216,XcjLCOWAIv0,UCKvIAFnwVFiuITk3cl7UTxA,development,5
30,3964,17217,Qhv5v2h9oqw,UCOtYyt7W5PmPnwQjWWF_Z-Q,development,3
30,3965,17221,ebocrtqlyWM,UCskNFH2e4ptFTkgeVmFPNhA,development,2
30,3966,17222,kRHZAKiBpss,UCckltLEhFLv8Xz_lQhYfwmg,development,1
30,3967,17237,T7-Kzhm09Ak,UCckltLEhFLv8Xz_lQhYfwmg,development,1
30,3968,17239,Bxky52aTll0,UCZEXdsMN3HWEz34uY5PbtXA,test_reserved,
30,3969,17247,d8KwgTgQ4fs,UCVxYtZ-CJ-C4_KVxjXfpW7w,test_reserved,
30,3970,17263,fB3UeXkFrTc,UC22LfvKY_7Ibkt5I5wFqwfg,development,4
30,3971,17264,VZb_RQsDMdU,UCcijXxFzSXgoM6q9cCtT9PA,development,2
30,3972,17266,b3LT4uY2H4k,UC1YGPDtctHGJWW0NrlQVklw,development,5
30,3973,17270,5sPsdwj0v1g,UCiLbj6E-dvR3tDLKigo2juQ,development,3
30,3974,17274,8HRb8sIjkvo,UCckltLEhFLv8Xz_lQhYfwmg,development,1
30,3975,17276,Mm3idOWRKvI,UC8lKgUHo-2mSR5cRRXO9xow,test_reserved,
30,3976,17278,cDfthMER6_U,UCuN1HN5RXX2D6ZcEkopILeg,development,4
30,3977,17279,3Q0MPu7qVfE,UCckltLEhFLv8Xz_lQhYfwmg,development,1
30,3978,17284,BnO06QVAoC0,UCZviWuwUI9NuYnQpO9sqLQA,development,1
30,3979,17285,FaqmeP-E6rQ,UCOtYyt7W5PmPnwQjWWF_Z-Q,development,3
30,3980,17293,qhTYnFcdUYg,UCCK3OZi788Ok44K97WAhLKQ,test_reserved,
30,3981,17297,dceM6pwF6X0,UCgnFSj7jQffD5V5m05j4dPw,development,5
30,3982,17307,gzOaVgvW5Hg,UCoQrhbL8EqaiWTywvgPlriA,development,1
30,3983,17316,oe23eOYHivc,UCy9n9YrTsfIMdaPhKYRsdLQ,development,2
30,3984,17319,9Cd0Bt7OfKU,UCMayHG7j39d11Gh36vV7GnQ,development,3
30,3985,17321,TCfZB1gKWeY,UCAH7R88V7gz7RqJv78nNOzg,development,3
30,3986,17328,ieykdEtP0Ck,UC_d3UQ1v8KP1JNFOBmV63xA,development,5
30,3987,17329,DHDCCuIrsew,UCLuP7ROjaueiuNbzrvPqXSQ,development,3
30,3988,17336,5iX-QFT2eTM,UC22LfvKY_7Ibkt5I5wFqwfg,development,4
30,3989,17337,8s31qvoGN-8,UC324VVhYKykBv01GecF4aYg,development,5
30,3990,17343,J7v1-Mpdu_A,UCRDDfbYPHX_GUJ4lcQYTc8A,development,2
30,3991,17348,9G597wjrQew,UCj5dmKmfkAR5Y4y_d9FW3og,development,4
30,3992,17352,nal8Zz5aB2A,UCRDDfbYPHX_GUJ4lcQYTc8A,development,2
30,3993,17358,y_-43J8tF8E,UCHT6F9HJ9DtLUjTOH16yg6g,development,3
30,3994,17359,Y9C4tqas4R4,UCnkon33rksDXo3qChhTs5Vw,development,5
30,3995,17363,9rrjjbVsfkA,UCaszdCPv2DolWB2zmTDYPEA,development,4
30,3996,17370,nM-1nGh3Vf4,UCckltLEhFLv8Xz_lQhYfwmg,development,1
30,3997,17375,Aa32cho5wh8,UCbR7juPwtP-bV_w0840ciYQ,development,3
30,3998,17378,JcAbDa7JNkw,UC8byti_nmRGuF52xaPb2QIA,development,1
30,3999,17382,RYiEqIrsiX8,UCQTcNhAZidy1i9wwmdgf2Lw,development,4
30,4000,17385,eM2wQFiQkas,UCckltLEhFLv8Xz_lQhYfwmg,development,1
30,4001,17390,qRe_UuBMWQM,UCUWsih24MIJm0hrkWmhJkmA,development,3
30,4002,17391,DvTf5Vd542k,UC0xHX8gNJzWCFU4J0kP9JQw,development,1
30,4003,17406,sUu-9oQOCLY,UCFuP4DmMM9LZOMoa86vsZig,development,4
30,4004,17414,1egn9Pc5nyw,UCaESx7Bdghv_UICcG1hBkcg,development,2
30,4005,17420,aT90bamEXPA,UC6jQt9K_jqnBNtsRf7hXHsA,development,2
30,4006,17421,Q_nV97Up85c,UC5_mCvFp3zgtxoX1W9yHHHQ,development,1
30,4007,17422,7gp9DbmOAos,UCCK3OZi788Ok44K97WAhLKQ,test_reserved,
30,4008,17423,hIReCMiEm38,UCJhdo2Kg29_EZwNPvlhzIFg,development,2
30,4009,17432,F7l5DU0ZWak,UC0QrPhl7LB3tfSN3Fls2o0g,development,1
30,4010,17435,XeEFYAx4eH0,UCw3UDSrbKod4Gk_rSpA5gqw,development,3
30,4011,17442,qGVwJJD1NDI,UCgooj1ufFuOk6GD2jq8CbdQ,development,2
30,4012,17445,2G_T_74BTwE,UCckltLEhFLv8Xz_lQhYfwmg,development,1
30,4013,17453,hoETNf6H_KI,UCckltLEhFLv8Xz_lQhYfwmg,development,1
30,4014,17457,5x1_kj-T344,UCt6_uKUFzWP7jLJZR9WpEoA,development,3
30,4015,17463,7_fP-AiI0a4,UC91DBjbGDIfxhi-R0rWQkaQ,development,1
30,4016,17467,v68R2fPc7E8,UCQTcNhAZidy1i9wwmdgf2Lw,development,4
30,4017,17472,zyUDvtssdgY,UCJc1hbJPvG5f2v8iSPG-3CA,test_reserved,
30,4018,17476,R-vP4BHGBXU,UCOtYyt7W5PmPnwQjWWF_Z-Q,development,3
30,4019,17477,LHT9WdP7wWA,UCppSNX9SEvI6TM1U0GLGQyA,development,2
30,4020,17479,o5k4MPCNJ3I,UC0duLcyQT9tghWHfexjuTxQ,test_reserved,
30,4021,17484,oYrPDnT-yUU,UCgnFSj7jQffD5V5m05j4dPw,development,5
30,4022,17487,66gZ4e5RQE4,UCXfgx23Lw81I4wsCNhdVBgw,development,4
30,4023,17489,uannfh1M2Dg,UCjboX8rWtjAyU7dI2bd67KQ,test_reserved,
30,4024,17505,0XmUDj1QObk,UCrxjz0zgsm9xxPnF0Boaubw,development,1
30,4025,17515,b6xZ9gGRn9A,UC8lKgUHo-2mSR5cRRXO9xow,test_reserved,
30,4026,17516,n3DGsQ2TML8,UC2oGrNhMUyWu5yzEJ_j1PMA,test_reserved,
30,4027,17521,jG87c95bUhA,UCn6YTM3fvYdwCOHpdNJBOeg,development,5
30,4028,17522,sce9_ybsy5U,UCcg4tDKgPLIc_x3lhWdogLg,development,4
30,4029,17526,04Tk-lsAUtc,UCqXGW6IGN6fsLCDh4x6D1qw,development,5
30,4030,17527,Lm5jh7OeDRg,UCqrqt9Egbp4Voh3iEUUoorw,development,3
30,4031,17528,6_KHsnxr7h0,UCGUIJxToYLu79zr7YzpmZjg,development,5
30,4032,17531,afbvZzdz9sU,UCcijXxFzSXgoM6q9cCtT9PA,development,2
30,4033,17532,vbJSdhBCFPI,UCgnFSj7jQffD5V5m05j4dPw,development,5
30,4034,17533,wVf5zL2dT5Y,UCjSPtKPtRTj4b-vaT5qB20g,development,1
30,4035,17534,UhiZoR1Pf2Y,UCaESx7Bdghv_UICcG1hBkcg,development,2
30,4036,17536,i-zhvCRclPU,UCbS_glb2N1NVTrDLVryRbng,development,4
30,4037,17538,6pW98v4eTqI,UCxm3qT6MukO0l_vlfjy_ziw,development,2
30,4038,17548,mqfqcWJIj1M,UC-DEHYgvcA5bBD3cWo_vSuA,test_reserved,
30,4039,17550,faj9PyiCwsk,UCdl01jabKqzbe0XoZmn1y9A,development,3
30,4040,17555,eP47P3Vs2dw,UCHxf5NOZYmtmQEOkToogAiQ,development,5
30,4041,17557,SCpBunlxE_k,UCPXSUKHTNc1_hnHuj-UiQWQ,development,4
30,4042,17558,yDz3LRy8BJQ,UC2b5VAYjsOfepl9nAXgRmfQ,development,4
30,4043,17578,t5MCNefOx8E,UC2RlY2LHoGOoaU8qRI9sZ9g,development,4
30,4044,17586,XnhzT9CqIHk,UCc30sTBdN9LRSxEuHaXV_bQ,test_reserved,
30,4045,17589,A98ZnAL07VI,UC_0KqdgCMvhbpYcp9JaqQRg,test_reserved,
30,4046,17593,pgQYDIjC0f0,UCTlLpPddpcW0ee6y4z9stKA,development,2
30,4047,17594,lZMEfkJMdwY,UCIoyIVPZEfC2p0dQwAxGiEw,test_reserved,
30,4048,17595,aU3VhhsMDNk,UCV1NPkc2O0YZBtx_rhDkicw,development,1
30,4049,17597,zDd-5PQ0-fg,UCc30sTBdN9LRSxEuHaXV_bQ,test_reserved,
30,4050,17601,JCRTi6i2U00,UCKurrM38zebptCChSC6QpuQ,development,2
30,4051,17605,ELHf0jzS4xU,UCA-IWqJKqhCDYcF8yAfKraw,development,4
30,4052,17612,OzdEzbJOxZo,UCV1NPkc2O0YZBtx_rhDkicw,development,1
30,4053,17616,4_T5obGJFoo,UCQkPhQ-6NhA1v7Tpsp6EnKQ,development,1
30,4054,17621,It_EsvzGd7I,UCTlVnv2IrpdHPiB4PeaH6Lw,test_reserved,
30,4055,17624,v-j3WeNaA2U,UCrmzxiCDMV3hI56E9nYy-4A,development,4
30,4056,17629,ZEZIIeaxD2Y,UCCK3OZi788Ok44K97WAhLKQ,test_reserved,
30,4057,17643,j3_qCO4PVYc,UCPXSUKHTNc1_hnHuj-UiQWQ,development,4
30,4058,17646,wDh-J3k5UJ4,UCKQw2OwROuqrhOuiqSttu6g,test_reserved,
30,4059,17653,EUo_KCyVm2Y,UC1hcl0aIr9KtXA-Kiq9itqw,development,3
30,4060,17657,7iQXyWRL878,UCsCp9NfFhRhL6DvDjWtAweg,development,1
30,4061,17662,MZBj8eczuqc,UC_AuTY5qqpUUYFLSDQIbOsg,development,4
30,4062,17666,SXm4Vbl4zYk,UCckltLEhFLv8Xz_lQhYfwmg,development,1
30,4063,17669,ehnJxuMDtP8,UCcspHoBTj_aLhnJLwkMpWHQ,development,3
30,4064,17672,m2BLSJg3XCs,UCTWJG6nS2y6e3ETGBavoIyw,development,5
30,4065,17679,QxEu_r-ZV3c,UC4Pb9SEsCb1EpsXVYAVVajw,test_reserved,
30,4066,17683,nQagF50ffNY,UCOtYyt7W5PmPnwQjWWF_Z-Q,development,3
30,4067,17687,56OJnlPkadQ,UCsLoRcb3FvB-uK3F1_zqXbw,development,1
30,4068,17688,Gxxaq3umIO0,UCckltLEhFLv8Xz_lQhYfwmg,development,1
30,4069,17692,zot3qylevHg,UCckltLEhFLv8Xz_lQhYfwmg,development,1
30,4070,17693,3oXSwX3RRco,UCcijXxFzSXgoM6q9cCtT9PA,development,2
30,4071,17697,htTVI3M_rgw,UCPXSUKHTNc1_hnHuj-UiQWQ,development,4
30,4072,17707,C5a-Yno2kBs,UC8lKgUHo-2mSR5cRRXO9xow,test_reserved,
30,4073,17716,qU1ASc7OTec,UCYT4vetZzMYjLIyxMmLv_9Q,development,5
30,4074,17722,JRdy96Por_k,UCEUSUxrhCt4n0Pp9WB7q7-w,development,5
30,4075,17726,kOYldBOkVlU,UClKD6E6fDdor11ySgDxrjIQ,development,4
30,4076,17744,DYLHjA7ut08,UCqPFytj5oPGu7mRFRQ8hclQ,development,2
30,4077,17748,VFY53zefTc8,UCbR7juPwtP-bV_w0840ciYQ,development,3
30,4078,17755,moVsyow91h8,UCGUIJxToYLu79zr7YzpmZjg,development,5
30,4079,17763,GPUMFo5dyGA,UCPXSUKHTNc1_hnHuj-UiQWQ,development,4
30,4080,17770,MVMzdF9YShY,UCYB7HJ5mt61PSDByUrF3IJg,development,3
30,4081,17773,K7l-ALlllLc,UCqrqt9Egbp4Voh3iEUUoorw,development,3
30,4082,17782,aI4Gn0voyOY,UCAH7R88V7gz7RqJv78nNOzg,development,3
30,4083,17787,xhOX4hJxMws,UCCK3OZi788Ok44K97WAhLKQ,test_reserved,
30,4084,17790,6bUCH0qub-g,UCrBzMpy0C8kRGCfjRG-F__A,development,3
30,4085,17792,yT5s_oxVpyU,UCe6HjoReyFQoc4Q9SAmNAHA,development,4
30,4086,17795,papJoPbXH2k,UC1IwzRoyy-eroP1ZbQxXxag,development,5
30,4087,17796,ftq7Hn0uDb0,UCI-teIr7yMeLi4Z3LW4LNRg,development,3
30,4088,17798,JDZqyd3-uzI,UCrhkgHTUdZXbCd69TNuQuMg,development,4
30,4089,17804,o8IU1D3DO4Q,UCnT7Z6-yqjhM__jZbK_B3kw,development,3
30,4090,17805,n3FvGvqPIJI,UCVXCitEEweQox0oyIsJONrQ,development,3
30,4091,17811,Mc9_YPiFmPw,UCgFSgMsvgRRq4xDjmmf4LUw,test_reserved,
30,4092,17816,nSagYIyJprc,UCeregcA7V24wo3vGVVsitfA,development,3
30,4093,17820,98Vc188y3Ak,UCJeJFkRVgi7gT7ViTxuHHdg,test_reserved,
30,4094,17822,LxorJ2kN8I8,UCcijXxFzSXgoM6q9cCtT9PA,development,2
30,4095,17828,nd5HvDEKCAk,UC-CcqBJrHwkO8SxwZpjcuSg,development,5
30,4096,17830,38At0QO1xyo,UCckltLEhFLv8Xz_lQhYfwmg,development,1
30,4097,17832,95fF0uJinJ8,UCGyG2Xkr4xR73xgQMXNi8_g,development,5
30,4098,17837,_4qxm28_IV4,UCEUSUxrhCt4n0Pp9WB7q7-w,development,5
30,4099,17842,wqkSQblXtC4,UCn0XmAUFv6d2tofMFEesSNw,development,5
30,4100,17847,Zp5r_fPsR1E,UCckltLEhFLv8Xz_lQhYfwmg,development,1
30,4101,17852,83OqOfmANl8,UCS4etFvWLvhVowAmj4dn45g,development,3
30,4102,17855,Y1LuFgoMRyY,UCA5xW2Ce7KT2AtxzDYDebCA,development,4
30,4103,17858,_uRBbvqopdY,UCmGMChEd9jBucufrWcpk3Ew,development,3
30,4104,17863,pAxSFyg0r7w,UCQTcNhAZidy1i9wwmdgf2Lw,development,4
30,4105,17864,IZR0zXzGEDQ,UCckltLEhFLv8Xz_lQhYfwmg,development,1
30,4106,17868,b3vO7OFytbE,UCx4GT61AI2dyy3FVFZ3s9Hw,development,1
30,4107,17869,cQxkkO6W-Qo,UC9YkaMywrdhD_27n3usJn_Q,development,4
30,4108,17873,YFTuLWE7kZg,UCuJmg9Gw1uO-JGVLk9iACDw,development,2
30,4109,17876,5bhuRScboqk,UCcijXxFzSXgoM6q9cCtT9PA,development,2
30,4110,17879,B_zXVAU1DmI,UCQTcNhAZidy1i9wwmdgf2Lw,development,4
30,4111,17889,1kEz1pnEJtA,UCbS_glb2N1NVTrDLVryRbng,development,4
30,4112,17890,s1Kr7gWVTdo,UC5mNdm6_f2fv50Hzsg7qW1g,development,1
30,4113,17892,CLh9Rcjz4Ls,UCbS_glb2N1NVTrDLVryRbng,development,4
30,4114,17896,5T_vzgwjh1w,UCvjZ9vJOPpr9vOAi2UNe3kg,development,2
30,4115,17899,aRDFMd91oTQ,UCaqKkC85KtIgXZK1edWABww,development,5
30,4116,17906,cuI1bVTFDJE,UCT9E_8Mls_HI5Mo4HSiBtSg,development,4
30,4117,17911,EOIU7D2GEHc,UCckltLEhFLv8Xz_lQhYfwmg,development,1
30,4118,17912,-7g4Wr6SZJc,UCtpFElVQJM8YgaMTwnEsU4g,development,1
30,4119,17914,VTpsF2wIQwE,UCuJmg9Gw1uO-JGVLk9iACDw,development,2
30,4120,17924,8_GdGDo5YRY,UCMz5OIRJhEHlbyfbzN_I1ag,test_reserved,
30,4121,17925,dTRueuWqkuw,UCk0ZLeOPZVnRJn_s1x-8Idg,test_reserved,
30,4122,17930,ug9Yfr5BRVk,UCoz7UhbfPFJyljIIV2saR7A,development,3
30,4123,17937,nVkTIOIWUhk,UCuJmg9Gw1uO-JGVLk9iACDw,development,2
30,4124,17949,sM0R2o9oBzw,UCy9n9YrTsfIMdaPhKYRsdLQ,development,2
30,4125,17951,wocNEGDbO-U,UC7lMOYGM4RHBvV8TR5zYmvQ,test_reserved,
30,4126,17961,qpaCmJYzgTo,UCckltLEhFLv8Xz_lQhYfwmg,development,1
30,4127,17963,ie7pf8ROON8,UCCK3OZi788Ok44K97WAhLKQ,test_reserved,
30,4128,17967,Hl_msvUUzfw,UCcijXxFzSXgoM6q9cCtT9PA,development,2
30,4129,17972,HnJhppu9uWk,UC_d3UQ1v8KP1JNFOBmV63xA,development,5
30,4130,17978,Nc1rAjsy42Q,UCZ8OO-3lypeUeAHeGSHwDUQ,development,3
30,4131,17982,U9tnJyLm_iY,UCckltLEhFLv8Xz_lQhYfwmg,development,1
30,4132,17993,xrK1GcVIpac,UCbS_glb2N1NVTrDLVryRbng,development,4
30,4133,17997,rF_oPgw_qeQ,UCCK3OZi788Ok44K97WAhLKQ,test_reserved,
30,4134,18007,Lj1jkHC4J58,UCP0FKFuz9j2Dp-QDr-Dv_0g,development,5
30,4135,18010,Ia8LKyNpqzA,UCfQfw--8dPGypR7sGcXJz0w,development,5
30,4136,18020,Xmz2Q-9p87I,UCFuygvMWDiyNyxxFe347H9w,development,4
30,4137,18021,lSl2FVb4uSc,UCAH7R88V7gz7RqJv78nNOzg,development,3
30,4138,18022,n0k3hLyjuRM,UCvZpRt_4T2NlC9111RxNBug,development,2
30,4139,18024,oBZ5-Fbk9FY,UCOtYyt7W5PmPnwQjWWF_Z-Q,development,3
30,4140,18026,_bjCG1Ys054,UCBf296-OhUNfaDbtcYQ4RQQ,development,5
30,4141,18027,Hst3HfN-jMM,UCCK3OZi788Ok44K97WAhLKQ,test_reserved,
30,4142,18034,8qFU_rKXdNc,UC6jQt9K_jqnBNtsRf7hXHsA,development,2
30,4143,18040,R5ne_aAXdBw,UCckltLEhFLv8Xz_lQhYfwmg,development,1
30,4144,18042,IgID37wtWr8,UCcrsFwwoMvcXYpJ0XldIlVQ,development,5
30,4145,18047,GKZdntaK_xA,UCcrsFwwoMvcXYpJ0XldIlVQ,development,5
30,4146,18056,dxRFJSlSzas,UCCK3OZi788Ok44K97WAhLKQ,test_reserved,
30,4147,18057,uFUJzfNVx_c,UCOtYyt7W5PmPnwQjWWF_Z-Q,development,3
30,4148,18059,kpGcMDc5uKk,UCbS_glb2N1NVTrDLVryRbng,development,4
30,4149,18061,e_gAjz8I6Yg,UCbRbdFTihZZCq8r5-bQa0sA,test_reserved,
30,4150,18065,zJW-3I77mak,UC0-UFP1d6OeVtl2VXYSquIA,development,1
30,4151,18076,MLPJDyCBecU,UCw6-MbidLyoWQlvb9FFz5xQ,development,4
30,4152,18078,02GwKLDLCc4,UCx92wsCDH3A2jKCcNV85HOw,development,5
30,4153,18081,RuE_U0-bVAE,UCPJRtoh7x7vEw0-d59JwKiQ,test_reserved,
30,4154,18089,J5xhxibmiyI,UC2oGrNhMUyWu5yzEJ_j1PMA,test_reserved,
30,4155,18096,XZMMVkHy3zc,UCCK3OZi788Ok44K97WAhLKQ,test_reserved,
30,4156,18097,c0KIFGx_NIw,UC6MkngMDyobFNaXOZR0ukyQ,development,1
30,4157,18102,_yrvwoywXBU,UCLsRogzQ9bw2Efitidd0ikg,test_reserved,
30,4158,18105,l69B5vmUZZ4,UCZ-RBSr_ZD-jWWDgZmFyZyw,test_reserved,
30,4159,18108,JghJtbPRaOY,UC_hR1wSDcKjBRTlKtp6LK1A,development,4
30,4160,18114,JEgB1ZhzMSY,UCV_4W6LL-Iwh0UaT_B6exQg,development,5
30,4161,18115,_E1tNuH-th8,UCPXSUKHTNc1_hnHuj-UiQWQ,development,4
30,4162,18116,vYizHWq5y3o,UCCK3OZi788Ok44K97WAhLKQ,test_reserved,
30,4163,18124,p48FyWTEUoQ,UCV1NPkc2O0YZBtx_rhDkicw,development,1
30,4164,18129,ob3XXNBNLHs,UCFAQPiyzxj7BNfeKWGsR5gA,development,5
30,4165,18130,3gLtkDi9peU,UCAH7R88V7gz7RqJv78nNOzg,development,3
30,4166,18139,_Ay2Shp5Y3k,UCNbM4dl9kN5KDpmDdAW6zOg,development,3
30,4167,18147,ZMDB9v9PIfs,UCmqflTSJ6911aCrnaWIXxsA,development,3
30,4168,18149,6za2xako51k,UCc30sTBdN9LRSxEuHaXV_bQ,test_reserved,
30,4169,18151,LiEbgThBSPo,UCc30sTBdN9LRSxEuHaXV_bQ,test_reserved,
30,4170,18152,zk5UuqjEpz0,UCCK3OZi788Ok44K97WAhLKQ,test_reserved,
30,4171,18165,JmY3ws9bbcY,UCckltLEhFLv8Xz_lQhYfwmg,development,1
30,4172,18166,o8F0yPIR8jw,UCDAkUKRB1pkb-s3Gqv7FZ7A,development,2
30,4173,18173,H64mI19mcAo,UCn0XmAUFv6d2tofMFEesSNw,development,5
30,4174,18175,N--dZ9Ve0OU,UCnRmorY-xMkotuJSykIMPsg,test_reserved,
30,4175,18184,5E1TSMlsJdQ,UCqShCHSDvCBKDN_GAsnLJmQ,development,5
30,4176,18186,369-DRJ-K6M,UCQTcNhAZidy1i9wwmdgf2Lw,development,4
30,4177,18188,a8eM20l-6lg,UCCK3OZi788Ok44K97WAhLKQ,test_reserved,
30,4178,18190,HMrSPUj-hbw,UCjX5zm1l8VZfEzAVMHKJSAg,test_reserved,
30,4179,18202,GnOtUOk4q3o,UCckltLEhFLv8Xz_lQhYfwmg,development,1
30,4180,18206,j3y0dLTiyRw,UCQTcNhAZidy1i9wwmdgf2Lw,development,4
30,4181,18211,PilrYgPCurE,UCcMQKrccZ9c0_GNyXWo8jLg,development,2
30,4182,18214,D_XNT6ebG-s,UCOHyRrRuD2zGCkpuCAlyOyA,development,3
30,4183,18218,olK50ixjjMA,UCc30sTBdN9LRSxEuHaXV_bQ,test_reserved,
30,4184,18219,whz-DJ2xrrQ,UCJc1hbJPvG5f2v8iSPG-3CA,test_reserved,
30,4185,18226,unR0YfrVKoY,UCPXSUKHTNc1_hnHuj-UiQWQ,development,4
30,4186,18227,Tc7zrmebIAA,UCLWofMl6ouENOuxQwYUPhJg,development,1
30,4187,18232,u5xnEnCI8pc,UCbS_glb2N1NVTrDLVryRbng,development,4
30,4188,18234,PGZp0_0JMnU,UCmGMChEd9jBucufrWcpk3Ew,development,3
30,4189,18236,53JA6xCY10M,UCVrg2J9bED5Iykq44WEsjaQ,test_reserved,
30,4190,18239,HRjKG6IHxpQ,UCCbm1E52PV05ZLv6dtRB92Q,development,5
30,4191,18240,YoFG9CMOYcg,UCth9R703obgHx665cpiNY9A,development,5
30,4192,18246,PLp2tQEK9Co,UCPXSUKHTNc1_hnHuj-UiQWQ,development,4
30,4193,18256,0Ht9S5rl8NE,UCcijXxFzSXgoM6q9cCtT9PA,development,2
30,4194,18257,JnPihnzvHkU,UC1YGPDtctHGJWW0NrlQVklw,development,5
30,4195,18263,sySgGxp3CeQ,UCPfU0uygBGutjaaJU5PpEvg,development,2
30,4196,18269,qdLyciVYAp4,UCCbm1E52PV05ZLv6dtRB92Q,development,5
30,4197,18274,tkdckkBGXGs,UCPXSUKHTNc1_hnHuj-UiQWQ,development,4
30,4198,18276,jKUi0YYxuGE,UCcbOsE5_4LEjtQi8X2PFxDw,development,2
30,4199,18277,KTo-CING5C4,UCoQOQFHBsBAhobpI8NradTA,test_reserved,
30,4200,18278,obcJsfrtXLA,UC94kX8sCqFj-3I4DgLGoQMg,development,2
30,4201,18295,QZ-ENYWjLNY,UCqrqt9Egbp4Voh3iEUUoorw,development,3
30,4202,18299,hGUafGe0G-A,UC3pnlqmWVIVdQ4hkaQAxyVw,development,1
30,4203,18300,0g87HzDpIt0,UC265AWt6bbPKJcmpQwhif2A,development,3
30,4204,18301,PHvT23eeQV4,UCrhfPfnrGA6aLHO6qxvM7_Q,development,2
30,4205,18306,9rtEP6ibMLo,UCSGjjIMkvIJh9vdbbNPb3pw,development,3
30,4206,18308,CiJ23goySBo,UCQTcNhAZidy1i9wwmdgf2Lw,development,4
30,4207,18311,VXCmYJXXqbc,UCOtYyt7W5PmPnwQjWWF_Z-Q,development,3
30,4208,18316,4VvPaW4ctZg,UCbS_glb2N1NVTrDLVryRbng,development,4
30,4209,18323,CrmvaWwdLDk,UC2oGrNhMUyWu5yzEJ_j1PMA,test_reserved,
30,4210,18335,HP6Otz1VKxI,UC6aSX46078fvOY9bY9ZUTYw,development,4
30,4211,18337,OhS_EsVpKAY,UCOgsOVUELkkv_irhET9kK_Q,development,1
30,4212,18341,LXArHFrJwCA,UC5_mCvFp3zgtxoX1W9yHHHQ,development,1
30,4213,18343,ZnTcVqqiLJc,UCckltLEhFLv8Xz_lQhYfwmg,development,1
30,4214,18345,lADXxnOXqes,UCbS_glb2N1NVTrDLVryRbng,development,4
30,4215,18347,mNWbVaH0sNY,UCAH7R88V7gz7RqJv78nNOzg,development,3
30,4216,18350,pQDxmDx5wHw,UCDrTN5A0V-Fzu1Jn7qnxA6A,development,4
30,4217,18353,sabiIBqojLU,UCc0sUeYh6uLZ055Meox_G5w,development,5
30,4218,18357,tP4ZcBU27YA,UC-GRFwciK7JiP8T4tl0pftQ,test_reserved,
30,4219,18360,Gt0FnczhwN0,UC5_mCvFp3zgtxoX1W9yHHHQ,development,1
30,4220,18362,HVo0XhkEuVI,UCgnFSj7jQffD5V5m05j4dPw,development,5
30,4221,18365,F2KFNPESyeU,UCm8I2aLYgPm_gdzw4SSkiGg,development,2
30,4222,18369,0qcS9pdqHUY,UCbS_glb2N1NVTrDLVryRbng,development,4
30,4223,18371,-J5ady_pXpQ,UCckltLEhFLv8Xz_lQhYfwmg,development,1
30,4224,18378,W0kJISyWq9Y,UCuJmg9Gw1uO-JGVLk9iACDw,development,2
30,4225,18384,hv_vuLfQOLg,UCh9qXeL8eP3Txra2908xksg,development,3
30,4226,18392,_YD_Hp3Bufg,UCQTcNhAZidy1i9wwmdgf2Lw,development,4
30,4227,18396,LGq7ARH-jgw,UCbS_glb2N1NVTrDLVryRbng,development,4
30,4228,18400,oeXGevowXfA,UCc30sTBdN9LRSxEuHaXV_bQ,test_reserved,
30,4229,18405,nUjuxeQrQdk,UC_d3UQ1v8KP1JNFOBmV63xA,development,5
30,4230,18415,X7avVgW505k,UCEieBVk2twUCVeoDDTeXo9Q,development,2
30,4231,18416,wAp7tKFIVLQ,UC1GXX9hisqTO3S7ZHhoepXw,development,5
30,4232,18422,LdM1kwMCUz4,UC3Cw011ydB883PPr7wq560g,development,5
30,4233,18424,1dEwAN521BI,UC0tV1b7IFEXFUUILF7mAcWw,development,5
30,4234,18427,b9sZIRO2XCQ,UCT83ymyAGm7Gnk_4ifxjxIA,development,4
30,4235,18433,JHf26wfXc0o,UC5HK5iZs2UB55Bum9BBbajg,development,2
30,4236,18434,ocP4ByU8FUE,UCCK3OZi788Ok44K97WAhLKQ,test_reserved,
30,4237,18440,CAlKq3lf6F8,UC3cLeuBcLQ2vwEbVfdlfXyg,development,5
30,4238,18441,8WTEEbDIjyg,UCR6bwkq2RbGG12zWqD9YRvw,development,3
30,4239,18453,BVB4Z4J0vxA,UC1YGPDtctHGJWW0NrlQVklw,development,5
30,4240,18454,HUesRx_X_Vg,UCewWZeJ0g9cHU61e_jN_bZg,development,1
30,4241,18459,FbJQKBoLkwc,UCbS_glb2N1NVTrDLVryRbng,development,4
30,4242,18462,lTSn0vl0KYU,UCbS_glb2N1NVTrDLVryRbng,development,4
30,4243,18464,RGnibLW7O1A,UCckltLEhFLv8Xz_lQhYfwmg,development,1
30,4244,18466,PLm-52WriXE,UCzQ0nw7uz0dRcO5VKzDwmlQ,development,3
30,4245,18467,VDv_v9qHb4Y,UCmrLu4r89ykOzmtmbAeEklA,development,5
30,4246,18477,_CFlF7n4MB4,UC1YGPDtctHGJWW0NrlQVklw,development,5
30,4247,18482,yBh8R5prVfg,UCa68yFNzpqAEnwg37j8JXSg,test_reserved,
30,4248,18486,07Uor-7GUEY,UC_R5RnT7O66G791kXv-9_vg,development,5
30,4249,18492,z-EkvG40n8U,UCgnFSj7jQffD5V5m05j4dPw,development,5
30,4250,18496,LKUeyE4qGGg,UCWnwsDArGEUHuUBTiv4JnEQ,development,5
30,4251,18500,tuPqyj76lMk,UCjX5zm1l8VZfEzAVMHKJSAg,test_reserved,
30,4252,18506,KPDvOcm_eRU,UCaESx7Bdghv_UICcG1hBkcg,development,2
30,4253,18518,bV6MrAttjJ8,UC7Ohefm3GfJU1uNz7MXzhGA,development,3
30,4254,18522,3WRWmmiPhaM,UCRDDfbYPHX_GUJ4lcQYTc8A,development,2
30,4255,18527,8qKUsPyuGY0,UC3tvYy-s84yySG7V85jRDnA,development,4
30,4256,18530,TX8jUWwlLf4,UCOtYyt7W5PmPnwQjWWF_Z-Q,development,3
30,4257,18533,RDLdjO2TXBg,UCtZyfc8g7BwrOuPcZz08lTQ,development,3
30,4258,18535,WV3tQ1QUUrY,UCM3bQBUJ0PEbgfe9lAw_Y3Q,development,3
30,4259,18537,dh540jciJgw,UCCK3OZi788Ok44K97WAhLKQ,test_reserved,
30,4260,18542,6MZ65QZd5_g,UCi-3Vt9kYawd12KPcldSPFg,development,3
30,4261,18544,ZYnDsBXMfhw,UCs_mHlm5_C82W5WCIJaSMbQ,test_reserved,
30,4262,18546,pQYLZoEjV04,UCcijXxFzSXgoM6q9cCtT9PA,development,2
30,4263,18558,QSbKOLjPuUE,UCqShCHSDvCBKDN_GAsnLJmQ,development,5
30,4264,18563,oqoaY5Mu5FY,UCcijXxFzSXgoM6q9cCtT9PA,development,2
30,4265,18569,y-GtBisjyxY,UCgnFSj7jQffD5V5m05j4dPw,development,5
30,4266,18571,5mYEhvypjxQ,UCuW9OiaVwvoOraW1Jcc3_uA,development,2
30,4267,18582,EoFXNZ-eLOQ,UC8lKgUHo-2mSR5cRRXO9xow,test_reserved,
30,4268,18591,ScyBUvE5Xlo,UCcijXxFzSXgoM6q9cCtT9PA,development,2
30,4269,18599,osoDZVjlhUY,UCCK3OZi788Ok44K97WAhLKQ,test_reserved,
30,4270,18603,loPqT6VygMU,UCVjyzr_EOtJLtLF_3VKfrWQ,development,2
30,4271,18604,tEd2DlWDIkU,UCRDDfbYPHX_GUJ4lcQYTc8A,development,2
30,4272,18610,eENTFD1-CJg,UCh4w38T-PaPzEqVUbJTnOOg,development,3
30,4273,18613,hBhrXL7dM9A,UCzQ0nw7uz0dRcO5VKzDwmlQ,development,3
30,4274,18630,bhNPis_s78k,UCc30sTBdN9LRSxEuHaXV_bQ,test_reserved,
30,4275,18636,CRaB2kkBVvo,UCCK3OZi788Ok44K97WAhLKQ,test_reserved,
30,4276,18637,qqpLn9wc8gE,UCc30sTBdN9LRSxEuHaXV_bQ,test_reserved,
30,4277,18640,Y83EAkDkbGk,UCNJq7z4rYDfvXvgWKt6KOvw,development,5
30,4278,18642,pgNwOthCyL8,UC1yr5gC3ezNQwKBNlkX5pJw,test_reserved,
30,4279,18650,FYyoI1O-dUI,UCvZpRt_4T2NlC9111RxNBug,development,2
30,4280,18651,oXP9pRWM_-4,UCckltLEhFLv8Xz_lQhYfwmg,development,1
30,4281,18653,G1XY4FzNV6c,UCLuP7ROjaueiuNbzrvPqXSQ,development,3
30,4282,18656,mKAbnfL7rPY,UCx7lEnwLHxO9yPjOotGb-bA,development,2
30,4283,18659,3QnEiAQgAPk,UCuN1HN5RXX2D6ZcEkopILeg,development,4
30,4284,18661,Bz7lXDxOSJ8,UCckltLEhFLv8Xz_lQhYfwmg,development,1
30,4285,18668,Ir5aIT-Pmzo,UCV-q7cRK5yFYEFzWuoQOmQQ,development,4
30,4286,18669,bobAtP1yNGI,UCOtYyt7W5PmPnwQjWWF_Z-Q,development,3
30,4287,18673,8tV3xGN9yNY,UCMxeqmVKOqiqh7V_A3h4gfA,development,2
30,4288,18674,Xz78XU6doXA,UCwH5wSFcuXiR_qYFMbl6S7A,test_reserved,
30,4289,18676,DDNdU35ZxqY,UCs_mHlm5_C82W5WCIJaSMbQ,test_reserved,
30,4290,18677,QdNNEG7okTw,UCkNx9e7yQNWPiXe5zCOuUiw,development,4
30,4291,18679,Sf0ILUzqmwQ,UCpSJ86vrKvGmV63s0AzVhUg,development,2
30,4292,18681,iVW3HIY1g5w,UCCK3OZi788Ok44K97WAhLKQ,test_reserved,
30,4293,18683,GexZ43S7d9U,UCCK3OZi788Ok44K97WAhLKQ,test_reserved,
30,4294,18688,z1NVnEV_JRs,UCzyTz2So395JRTH79AlQS7Q,development,2
30,4295,18695,fIdmgfhQpAQ,UCHxH_-4U4y6OuGqe5XiWWqA,development,5
30,4296,18697,Wle6b8-Keuk,UCCK3OZi788Ok44K97WAhLKQ,test_reserved,
30,4297,18704,QY5cLCdBWX0,UC5ZNkdIVKL-M3KrNaCEzveg,test_reserved,
30,4298,18709,mJgXmQ1Xplw,UC5IM2uMULjHt-0aAfiG8E_A,test_reserved,
30,4299,18715,_ON5dPT0oFk,UCQTcNhAZidy1i9wwmdgf2Lw,development,4
30,4300,18718,j45KCtiJi74,UCbS_glb2N1NVTrDLVryRbng,development,4
30,4301,18730,50HF_avkuXs,UCcijXxFzSXgoM6q9cCtT9PA,development,2
30,4302,18739,xn4GdTG-6H8,UCmGMChEd9jBucufrWcpk3Ew,development,3
30,4303,18742,JznuCXbm7vg,UCx7lEnwLHxO9yPjOotGb-bA,development,2
30,4304,18743,5DA2fU9r3Uo,UCCK3OZi788Ok44K97WAhLKQ,test_reserved,
30,4305,18752,eQCcstaJB9U,UCVjyzr_EOtJLtLF_3VKfrWQ,development,2
30,4306,18755,3DDU543O8SA,UCbS_glb2N1NVTrDLVryRbng,development,4
30,4307,18756,UIxWugIKTKc,UCqDMvUe1Zy9QzR-F6X7B5pw,development,1
30,4308,18759,avw-r2yQ12c,UCbR7juPwtP-bV_w0840ciYQ,development,3
30,4309,18765,gzX5KoeHjVU,UCckltLEhFLv8Xz_lQhYfwmg,development,1
30,4310,18770,WGlmVj89CTk,UCOtYyt7W5PmPnwQjWWF_Z-Q,development,3
30,4311,18771,9Xyu-pfwmbM,UCc30sTBdN9LRSxEuHaXV_bQ,test_reserved,
30,4312,18774,IXIRSI-KpuQ,UC1YGPDtctHGJWW0NrlQVklw,development,5
30,4313,18776,0-RpcqwAwcE,UCGeFw8dTOxFT2HjpvfYOI8Q,development,3
30,4314,18783,WUzN0bWmVDY,UCuJmg9Gw1uO-JGVLk9iACDw,development,2
30,4315,18787,cMH90JjQo1c,UCckltLEhFLv8Xz_lQhYfwmg,development,1
30,4316,18788,PGNj7nkxsPM,UCvsAilh3FFOTE-eMWE5AF8Q,test_reserved,
30,4317,18794,nBlsaKRMTLM,UCQTcNhAZidy1i9wwmdgf2Lw,development,4
30,4318,18797,OZ8mAA9ubww,UCfCzC_zJomF_Ace4T2wKb6Q,development,2
30,4319,18803,j4OsjnJREDc,UCjm7vbOwssao7Bhm9wX3-bw,development,3
30,4320,18804,M-BNkN_HdII,UCcijXxFzSXgoM6q9cCtT9PA,development,2
30,4321,18814,zP7PaZmcQP0,UCEQrXk9S_wxT6fz7Iy7PI5Q,development,4
30,4322,18815,tOHbgHSG7A8,UC3tvYy-s84yySG7V85jRDnA,development,4
30,4323,18817,UFZITkWnQJs,UCbr3MNcISUfftpZYqf0PiIw,test_reserved,
30,4324,18818,bY4hzku098I,UCcijXxFzSXgoM6q9cCtT9PA,development,2
30,4325,18824,sFSmo4U81oY,UCmKxhMStMwZZ1gdOg1YZQug,development,4
30,4326,18830,vPQcZPdjus8,UCckltLEhFLv8Xz_lQhYfwmg,development,1
30,4327,18831,N7bqoBgTlJM,UCCK3OZi788Ok44K97WAhLKQ,test_reserved,
30,4328,18833,9ZUoBn2QzHQ,UCt6_uKUFzWP7jLJZR9WpEoA,development,3
30,4329,18842,kxBRQtJt1VA,UCvHgPqX_MU--WMuk2PVZubg,test_reserved,
30,4330,18846,SIKHohezEVA,UCPXSUKHTNc1_hnHuj-UiQWQ,development,4
30,4331,18848,463L6AYJmmc,UC2E7sjgxaME7k16_TQRR3cw,development,4
30,4332,18870,3sdlCSGiBUY,UC1YGPDtctHGJWW0NrlQVklw,development,5
30,4333,18871,9-rWDih1x5I,UCgnFSj7jQffD5V5m05j4dPw,development,5
30,4334,18872,_LkVWBi-9eA,UC5yW2uhi5gYssl3REs2QLLg,test_reserved,
30,4335,18875,qSX8lcFCwWs,UCUzsesaP5G628WVuqEckF8w,development,5
30,4336,18878,8ejD4J1QTXU,UCckltLEhFLv8Xz_lQhYfwmg,development,1
30,4337,18879,6qDtXK1DBa4,UCckltLEhFLv8Xz_lQhYfwmg,development,1
30,4338,18880,MKLkFY6ImJo,UCnT7Z6-yqjhM__jZbK_B3kw,development,3
30,4339,18889,UnoK2_7fU60,UCgnFSj7jQffD5V5m05j4dPw,development,5
30,4340,18897,gJ4KZGTumA0,UCpen4pxB9xwzERVXhpiBIBg,development,1
30,4341,18900,yY5Kd8C8WSo,UCd-gmzevnJBe9jHuNDMrI0w,test_reserved,
30,4342,18906,wBCze0d6s5M,UCckltLEhFLv8Xz_lQhYfwmg,development,1
30,4343,18909,zbsUUa86q0A,UCFGhJsc1ddSN8819LsMa90w,development,3
30,4344,18910,X3n1SWgDHd8,UCIoyIVPZEfC2p0dQwAxGiEw,test_reserved,
30,4345,18922,7ZOmynbvg6M,UCbS_glb2N1NVTrDLVryRbng,development,4
30,4346,18930,jGQc0kICxxU,UCc30sTBdN9LRSxEuHaXV_bQ,test_reserved,
30,4347,18932,OHh_Sx15gtI,UC6aSX46078fvOY9bY9ZUTYw,development,4
30,4348,18933,K_A-JuMSNv0,UCpP5Y5ssB2iicCuWrpVpR3A,test_reserved,
30,4349,18934,wEoL790-DgI,UCaIc6SgS90ud_RgMSC6hW_w,test_reserved,
30,4350,18936,6W2WMYoJRNE,UCrFRH0Nq7gg2SZncgS7imZA,development,5
30,4351,18937,j--VX-W7M4A,UCckltLEhFLv8Xz_lQhYfwmg,development,1
30,4352,18941,ybHhVn8QGLI,UCu_ocDeJ-wty_Y1IiittaBA,test_reserved,
30,4353,18945,KlzKIF5jm9E,UCQTcNhAZidy1i9wwmdgf2Lw,development,4
30,4354,18952,GgtnVO9jByM,UCALlP9-ExjCgzVht-m5zDsg,test_reserved,
30,4355,18960,lnyqxIOlhIE,UCbS_glb2N1NVTrDLVryRbng,development,4
30,4356,18962,0QHUKvWR6qw,UCckltLEhFLv8Xz_lQhYfwmg,development,1
30,4357,18972,2fty4m7r8xQ,UCbR7juPwtP-bV_w0840ciYQ,development,3
30,4358,18979,9kg1M4K2Rxw,UCOtYyt7W5PmPnwQjWWF_Z-Q,development,3
30,4359,18981,zyxmjAzhvjc,UC2QBPyin5a-DAh1cHMn39Aw,development,2
30,4360,18982,Qun_8YuqMnE,UCMxeqmVKOqiqh7V_A3h4gfA,development,2
30,4361,18984,njGgzwuNizw,UCCK3OZi788Ok44K97WAhLKQ,test_reserved,
30,4362,18985,Ciz750hMzKM,UCrcATWZGF_p53r38i6VK0eA,test_reserved,
30,4363,18987,9qARb-UeZf8,UCCK3OZi788Ok44K97WAhLKQ,test_reserved,
30,4364,18989,zhgcZ_TyrQk,UCCK3OZi788Ok44K97WAhLKQ,test_reserved,
30,4365,18993,Vezh1V11qj0,UCM1XR4yUmryIdI5um99YlKw,development,3
30,4366,18999,vh-w8g4oQkc,UCn0XmAUFv6d2tofMFEesSNw,development,5
30,4367,19003,Qkt4_NpdmTM,UCS_wit98t2r1creRBOR78aQ,development,3
30,4368,19004,D2I7jgCw8Tw,UCckltLEhFLv8Xz_lQhYfwmg,development,1
30,4369,19018,Vv4vJ_OP1l0,UC4UaWbUUwVvCxWNqhb4f16Q,development,3
30,4370,19027,GqWy7CBiFcs,UCG0j1mTQov3RVBgLgh6wbKg,development,5
30,4371,19030,HjkIk9UTZaQ,UCzmdP_DcwfmSVBH3euO5Gyg,development,3
30,4372,19032,eg6zHP7-9lE,UCCK3OZi788Ok44K97WAhLKQ,test_reserved,
30,4373,19033,-m0Or4jffkA,UCCK3OZi788Ok44K97WAhLKQ,test_reserved,
30,4374,19036,_Sa7wLOrCGk,UC6jQt9K_jqnBNtsRf7hXHsA,development,2
30,4375,19038,-k7g4Z15Sd8,UC8qBNfgWRK_WYYGSmmrfgPA,development,4
30,4376,19040,QRLvklKzahg,UCckltLEhFLv8Xz_lQhYfwmg,development,1
30,4377,19042,IkvMQ6HMI3s,UCgnFSj7jQffD5V5m05j4dPw,development,5
30,4378,19049,SahdljtIghc,UCA5xW2Ce7KT2AtxzDYDebCA,development,4
30,4379,19050,1bg8ZoxLLT8,UCXfgx23Lw81I4wsCNhdVBgw,development,4
30,4380,19061,hHaeNkVi26c,UCcrsFwwoMvcXYpJ0XldIlVQ,development,5
30,4381,19068,XWN4Xot7VhE,UCAH7R88V7gz7RqJv78nNOzg,development,3
30,4382,19072,ubT5U2vveAY,UCgnFSj7jQffD5V5m05j4dPw,development,5
30,4383,19076,54uJ6KyIC6I,UCckltLEhFLv8Xz_lQhYfwmg,development,1
30,4384,19092,5ERjYJbcUgc,UCGnnbsbqbCc7KxSIAbC_d2A,development,5
30,4385,19093,dx4SrvFNEbQ,UCaESx7Bdghv_UICcG1hBkcg,development,2
30,4386,19100,aliJn5EmRL4,UCVjyzr_EOtJLtLF_3VKfrWQ,development,2
30,4387,19108,xJHPewXx458,UCa68yFNzpqAEnwg37j8JXSg,test_reserved,
30,4388,19111,RltBu50do1w,UCDrTN5A0V-Fzu1Jn7qnxA6A,development,4
30,4389,19112,sdpYEy4BaFw,UCCK3OZi788Ok44K97WAhLKQ,test_reserved,
30,4390,19115,LEtpVCd64Yc,UCCK3OZi788Ok44K97WAhLKQ,test_reserved,
30,4391,19118,b1fopptFmKg,UCCK3OZi788Ok44K97WAhLKQ,test_reserved,
30,4392,19131,wmZ9PJgYefQ,UCOtYyt7W5PmPnwQjWWF_Z-Q,development,3
30,4393,19140,7_uoFu-kyGs,UCc30sTBdN9LRSxEuHaXV_bQ,test_reserved,
30,4394,19141,neYVO867tII,UCRDDfbYPHX_GUJ4lcQYTc8A,development,2
30,4395,19145,B8bsgTihGmI,UCPfU0uygBGutjaaJU5PpEvg,development,2
30,4396,19152,B6MmADmQ2-8,UChwjz-THeefGm2mSbYB37Wg,development,3
30,4397,19154,CdF37PM4bpI,UCCK3OZi788Ok44K97WAhLKQ,test_reserved,
30,4398,19156,QxvXDX45uDw,UCZXcD8T3zClfNAlDwHCdg6w,development,4
30,4399,19158,e8cP7z5Jftg,UCaESx7Bdghv_UICcG1hBkcg,development,2
30,4400,19163,q9c9W4-7ZkE,UCckltLEhFLv8Xz_lQhYfwmg,development,1
30,4401,19165,RNX_bIbW_U4,UCaCnmd0sVADrw8228hCBnlA,development,4
30,4402,19170,Lk0AH82nf7Q,UCckltLEhFLv8Xz_lQhYfwmg,development,1
30,4403,19176,_9iBq9czslQ,UC0tV1b7IFEXFUUILF7mAcWw,development,5
30,4404,19180,VYD4F8jbNDs,UCvZpRt_4T2NlC9111RxNBug,development,2
30,4405,19184,ab4p84KJXps,UCql-jEixeuMcyabHRYqr-Zw,development,3
30,4406,19185,GDrX33CzvyM,UCVfnhhDIkkBJ_1QyzCqeVDg,development,2
30,4407,19187,yK2TsS36N2c,UCkl2iKEW9ltlrBOjzCNJgzw,development,3
30,4408,19188,F_tfAx2aRe8,UCLwwxYXhMc1fCIAnaO8nYrQ,test_reserved,
30,4409,19190,-ftv47tck10,UCu-ie13q_U2KJNBeR5chJfg,development,4
30,4410,19195,n_QHDyqW5lY,UCGyG2Xkr4xR73xgQMXNi8_g,development,5
30,4411,19198,Hbz_sxqPTYI,UCgnFSj7jQffD5V5m05j4dPw,development,5
30,4412,19209,uWtsqu7Dhro,UCCK3OZi788Ok44K97WAhLKQ,test_reserved,
30,4413,19211,fGsIDJlp7E0,UCgnFSj7jQffD5V5m05j4dPw,development,5
30,4414,19216,vAKQRDRPTpk,UCbS_glb2N1NVTrDLVryRbng,development,4
30,4415,19221,CgSmkt7TAZQ,UCcijXxFzSXgoM6q9cCtT9PA,development,2
30,4416,19223,pXx3z6TPC0k,UCkagcQYGoYFuXsUg-ObSL6A,development,5
30,4417,19226,_UruCHK1asY,UCZNreSxdvd50nzMz5zkXg4w,development,5
30,4418,19230,CFutiut3W8g,UCLsRogzQ9bw2Efitidd0ikg,test_reserved,
30,4419,19235,RZ-QioAhEiE,UClSIhhnuyF8fXtBTpOOTknA,development,2
30,4420,19236,5ahllSrs_As,UCcijXxFzSXgoM6q9cCtT9PA,development,2
30,4421,19239,ZA1GLKWCX90,UCYweMykEAI5aaRztqrJuuAg,development,2
30,4422,19242,pICAzlkA0es,UCckltLEhFLv8Xz_lQhYfwmg,development,1
30,4423,19248,ZPWyUgP8igc,UC8lKgUHo-2mSR5cRRXO9xow,test_reserved,
30,4424,19252,pZjH6iadrUM,UC_nEV-E7z5c250hGJaf5c0A,test_reserved,
30,4425,19254,oTolPDRyCTA,UCckltLEhFLv8Xz_lQhYfwmg,development,1
30,4426,19255,W6M5AaLLf8U,UCP4Z7-uWZYIQBclex8M086A,development,5
30,4427,19258,y0pMrjHW4SA,UCV_4W6LL-Iwh0UaT_B6exQg,development,5
30,4428,19261,j2E028Daxzg,UCckltLEhFLv8Xz_lQhYfwmg,development,1
30,4429,19263,v5rVkYfISeo,UC91I5M02wjnsUoCFHGhjC2g,development,4
30,4430,19271,6osFWAv7hKU,UCrVFS_0PdV7AwyTgR13IcVg,test_reserved,
30,4431,19274,_POIzUvDysI,UCCK3OZi788Ok44K97WAhLKQ,test_reserved,
30,4432,19277,bdEh_yy8rR0,UCckltLEhFLv8Xz_lQhYfwmg,development,1
30,4433,19294,iC6baPzQgRw,UCn6YTM3fvYdwCOHpdNJBOeg,development,5
30,4434,19300,tYCuw5vLqkU,UC-4FUBrbjpCCoNGqHh6X5og,development,1
30,4435,19310,-JhGM72OrQA,UCM3bQBUJ0PEbgfe9lAw_Y3Q,development,3
30,4436,19311,0zyoMGdu3mo,UCOtYyt7W5PmPnwQjWWF_Z-Q,development,3
30,4437,19319,qGacKfDY7AI,UCPXSUKHTNc1_hnHuj-UiQWQ,development,4
30,4438,19320,h6sXYVstPag,UCRDDfbYPHX_GUJ4lcQYTc8A,development,2
30,4439,19325,2-K1d6MovBU,UCRDDfbYPHX_GUJ4lcQYTc8A,development,2
30,4440,19333,swghmsK8r98,UCI3Xc02tgvW28O-Rrou3LxQ,development,4
30,4441,19341,XUJj5-gmdmU,UCckltLEhFLv8Xz_lQhYfwmg,development,1
30,4442,19353,KBJunOynF_0,UCXDs97xqSkkV9WSXMtYvCEw,test_reserved,
30,4443,19354,rzsgK7qXdtw,UC-GRFwciK7JiP8T4tl0pftQ,test_reserved,
30,4444,19355,5YIZC4lcy2s,UCMNaxF22tMr_rcNI5fkUkYw,development,4
30,4445,19367,N9fqJYBnNWY,UCCK3OZi788Ok44K97WAhLKQ,test_reserved,
30,4446,19370,B0IqVoMSfEk,UCkagcQYGoYFuXsUg-ObSL6A,development,5
30,4447,19373,DVFPAhfJfYs,UC_0KqdgCMvhbpYcp9JaqQRg,test_reserved,
30,4448,19389,nXPXuUop9ko,UCuJmg9Gw1uO-JGVLk9iACDw,development,2
30,4449,19391,iv6iIZcMZ9U,UCCK3OZi788Ok44K97WAhLKQ,test_reserved,
30,4450,19393,M50ankE6wNs,UCkXjFNkQdPUGCXGvwqAx7og,development,4
30,4451,19396,lhTphVfwMvE,UCfIqEdQsAkFw216YzrcI7rQ,development,3
30,4452,19398,dn3rAn-jdbU,UCckltLEhFLv8Xz_lQhYfwmg,development,1
30,4453,19401,4cjTBlFIIvE,UCcijXxFzSXgoM6q9cCtT9PA,development,2
30,4454,19409,Ju483espJeU,UCrtXFLaJQUh6R8xjW6l5tMQ,development,1
30,4455,19418,NGA0tzuv2H0,UCk0ZLeOPZVnRJn_s1x-8Idg,test_reserved,
30,4456,19419,N6-RcgzB3Ks,UCCK3OZi788Ok44K97WAhLKQ,test_reserved,
30,4457,19422,hWYYFJHD378,UCckltLEhFLv8Xz_lQhYfwmg,development,1
30,4458,19425,mkV8F3WKDj0,UCCK3OZi788Ok44K97WAhLKQ,test_reserved,
30,4459,19434,nypJNWIrULQ,UC_AuTY5qqpUUYFLSDQIbOsg,development,4
30,4460,19436,Qkj8KPyXXPE,UC-4FUBrbjpCCoNGqHh6X5og,development,1
30,4461,19438,VCDY5LXDBBk,UCa3BMXA9qcVqMtfnq7d977w,test_reserved,
30,4462,19441,NH_WQeBi4yM,UCaESx7Bdghv_UICcG1hBkcg,development,2
30,4463,19442,yCDeIBeQyaI,UCgnFSj7jQffD5V5m05j4dPw,development,5
30,4464,19456,1nRlfvvdE_E,UCcrsFwwoMvcXYpJ0XldIlVQ,development,5
30,4465,19463,Xdm8wysi6FQ,UCYpuhzSdssW_GFUhl_od38w,development,4
30,4466,19471,sGbAmZblVn4,UCq0hVW_G5kWt2ocLhbjOtGg,development,2
30,4467,19476,CrIyAJ6biQw,UCCK3OZi788Ok44K97WAhLKQ,test_reserved,
30,4468,19482,V0aCEiTlxYg,UC6jQt9K_jqnBNtsRf7hXHsA,development,2
30,4469,19486,vSsoYlxoEvg,UCV1NPkc2O0YZBtx_rhDkicw,development,1
30,4470,19495,gTfMhl0vDTc,UC1mSe8-rrpRmY2uITst70SA,development,2
30,4471,19496,IE9xH4pWVOQ,UCx5Rp-vL2d7IqLWqV5cBQHg,development,5
30,4472,19500,tmqlMWVHQeE,UCjm7vbOwssao7Bhm9wX3-bw,development,3
30,4473,19502,jCgH1PJP1aQ,UCckltLEhFLv8Xz_lQhYfwmg,development,1
30,4474,19504,KMjrEIuTGjA,UCZfQAl56Y6qStW8DECs2hGw,development,5
30,4475,19507,40icb34M8o0,UCbS_glb2N1NVTrDLVryRbng,development,4
30,4476,19509,M7fmb-RVg0w,UCQTcNhAZidy1i9wwmdgf2Lw,development,4
30,4477,19510,_jxTmqwvmes,UCWO2tL69FZ9ckckHcAa18Ug,development,4
30,4478,19512,p_s6g-H1QRY,UCp3JwFW1xiUY4QwLqSsbNyw,development,2
30,4479,19515,pD9b0NEOKyA,UCSs9wxjf1Asv9HyFmMym9kQ,development,5
30,4480,19534,O-D4aS-3zYY,UCfVmYgJP_bBt00lLtPGsbcQ,development,4
30,4481,19538,AM3aPiJBudI,UCPaa9NR1c6o7QW8kHYbR9Rg,development,1
30,4482,19540,8ozcaPEFrS0,UCOtYyt7W5PmPnwQjWWF_Z-Q,development,3
30,4483,19548,rFUdv3ljoIc,UCPXSUKHTNc1_hnHuj-UiQWQ,development,4
30,4484,19550,bw0VEB7l_1Q,UCvHgPqX_MU--WMuk2PVZubg,test_reserved,
30,4485,19551,Dw-qt2YpFxM,UCjKSK3d5r0O78WGnMouSvDw,development,5
30,4486,19554,8U6-d5BFXjU,UCdZRFHIhq7TpUNSLXRlt7rQ,development,5
30,4487,19555,WuJj_aTr8PI,UCdotiSNtLlS4qwDto9CdURA,development,3
30,4488,19560,Mm0aMfijSCc,UCCK3OZi788Ok44K97WAhLKQ,test_reserved,
30,4489,19564,DAFhd42dbes,UC8rcDufKZ3W6CtZU69CtMXg,development,5
30,4490,19567,m_xAyTB5ubc,UCJojbxGV0sfU1QPWhRxx4-A,development,1
30,4491,19569,CL_0Q4wiRdg,UCckltLEhFLv8Xz_lQhYfwmg,development,1
30,4492,19581,bGZA0TmZwPg,UCaESx7Bdghv_UICcG1hBkcg,development,2
30,4493,19587,meYAMGruw0A,UCckltLEhFLv8Xz_lQhYfwmg,development,1
30,4494,19591,UKoTQgVxdhc,UCud27Gl7WPKF4KmdOWKXIPg,development,5
30,4495,19593,fK4vPwGdQH4,UCcrsFwwoMvcXYpJ0XldIlVQ,development,5
30,4496,19595,UKvHNJGpEao,UCVXCitEEweQox0oyIsJONrQ,development,3
30,4497,19597,FJeQNhfRfcI,UCgnFSj7jQffD5V5m05j4dPw,development,5
30,4498,19605,apqZ-BSNFEU,UCRDDfbYPHX_GUJ4lcQYTc8A,development,2
30,4499,19611,DzXcpRKibAU,UCPPRZwmVt30AOBVQ9vru3Xw,development,5
30,4500,19614,1HVbiDvRpL0,UC8lnPnFllJsaOLMOQZRX5kA,test_reserved,
30,4501,19615,T7bUVR8DiSc,UCsGsDaPTOt6VXRPF2FyAJ4g,development,4
30,4502,19618,9KMvoljxHhQ,UCn39xNZ42C93DHXbbRH2mgA,development,3
30,4503,19619,iq5rwnSq7mU,UCVfnhhDIkkBJ_1QyzCqeVDg,development,2
30,4504,19623,HYsHLZVxobo,UCCQ3mUIQTv2Snhw5Os0Yo5Q,development,3
30,4505,19634,45BKZ-jRVvU,UCckltLEhFLv8Xz_lQhYfwmg,development,1
30,4506,19643,HTANQ0LEP5U,UCqDbs3rlemiBZmhkh9gXXHg,test_reserved,
30,4507,19646,ttvJK_-oQkk,UCRDDfbYPHX_GUJ4lcQYTc8A,development,2
30,4508,19651,jVwicUpe9tU,UCth9R703obgHx665cpiNY9A,development,5
30,4509,19660,l1oEytkZgrM,UCCK3OZi788Ok44K97WAhLKQ,test_reserved,
30,4510,19663,-BdfdKS--Ew,UChlvAvH3N7Xd29DuAJgv0Mg,development,1
30,4511,19682,w30O_SlfAaw,UCJPbMQYL6VewUfp5TJK8lqQ,development,1
30,4512,19684,l8bQdqh3AdU,UCOPqjdQOIF6faslRMEruJmA,test_reserved,
30,4513,19693,d2PxsziiheI,UCVfnhhDIkkBJ_1QyzCqeVDg,development,2
30,4514,19695,gXMHlrl8pio,UC1YGPDtctHGJWW0NrlQVklw,development,5
30,4515,19699,snDPYT6CDrg,UCAH7R88V7gz7RqJv78nNOzg,development,3
30,4516,19701,0N3gXI_ubWc,UCqODKKfku8auksmekzE6X0Q,development,3
30,4517,19702,ZMvIqWweX7A,UC324VVhYKykBv01GecF4aYg,development,5
30,4518,19703,DK7R7APCk2I,UCgoCbMJ4JnH0q40GofKZxVg,development,3
30,4519,19706,QwDZCHJIIM0,UCcijXxFzSXgoM6q9cCtT9PA,development,2
30,4520,19712,qUu6G1Bpv0Q,UCmAZwdFQyvTnrAVx5IqILgg,development,3
30,4521,19716,H9F-2tAF0GQ,UCaESx7Bdghv_UICcG1hBkcg,development,2
30,4522,19724,4LM02dgyO5U,UCckltLEhFLv8Xz_lQhYfwmg,development,1
30,4523,19730,mQKoqDznnjw,UCUxrelp7FHiIj9SNfzWdh_A,development,5
30,4524,19739,ajTv-XjkjtM,UCckltLEhFLv8Xz_lQhYfwmg,development,1
30,4525,19745,u5xL8VgoQ7I,UCB6jpWSG2GBgeUFfSrUgXew,development,2
30,4526,19746,J94UYou0sOo,UCAH7R88V7gz7RqJv78nNOzg,development,3
30,4527,19747,eQLgebwe39o,UCS_LcZt-3JIMbyhm7FPeu8w,development,1
30,4528,19749,vaATasCeP4Y,UCAgBGlUKoAQFXMUzshrWDgg,development,1
30,4529,19752,m6fWgj8-YC4,UCAH7R88V7gz7RqJv78nNOzg,development,3
30,4530,19755,t26t55rNRck,UCRDDfbYPHX_GUJ4lcQYTc8A,development,2
30,4531,19758,u2iqH9E9GPs,UCW8EhWXH-rFAlmuU79QOVVA,development,5
30,4532,19762,pDp3qIq6il0,UCUjrGH_aRUuOP-BGBAQyZOw,development,3
30,4533,19764,fhSvpmmOfy8,UCuFZRnnDPMiwvyJVHhNP6og,development,1
30,4534,19768,AIoL0EDI3Gc,UCRDDfbYPHX_GUJ4lcQYTc8A,development,2
30,4535,19773,wKVNS5VK5Ak,UCqShCHSDvCBKDN_GAsnLJmQ,development,5
30,4536,19786,ijQSqQXQr_s,UCCK3OZi788Ok44K97WAhLKQ,test_reserved,
30,4537,19788,FidOkVL19ec,UCYmEcbCgb9yxZZJGH1rtn_Q,development,3
30,4538,19789,basqYXsbU7o,UCgnFSj7jQffD5V5m05j4dPw,development,5
30,4539,19792,aDiGBcWEkF4,UCcijXxFzSXgoM6q9cCtT9PA,development,2
30,4540,19798,kH4ECnlQkwM,UCckltLEhFLv8Xz_lQhYfwmg,development,1
30,4541,19799,P3Qqy1d7ZhY,UCqrqt9Egbp4Voh3iEUUoorw,development,3
30,4542,19800,w-tMa0t6S9Q,UC4liySyRIOLEonPkVwL-ckA,development,3
30,4543,19809,IZsqCmgGTpw,UCckltLEhFLv8Xz_lQhYfwmg,development,1
30,4544,19814,x8KxQgQW0vA,UCaESx7Bdghv_UICcG1hBkcg,development,2
30,4545,19816,e7AaEY0m_zc,UCVjyzr_EOtJLtLF_3VKfrWQ,development,2
30,4546,19820,evXocKfou4Y,UCix7C1KG_SPtiMXommMExNg,test_reserved,
30,4547,19822,h4Jn_tzZyV4,UCV9cn7kAjTi6nMKVKIuwoDw,development,1
30,4548,19824,OGroeq1J8tM,UCRB8mrLCcwTPlJOMUy9MDUg,development,2
30,4549,19825,n9yooAN9rdI,UC5-n2dfksESEt3ATmM6Uujw,test_reserved,
30,4550,19826,WiVQtRC32oA,UCc30sTBdN9LRSxEuHaXV_bQ,test_reserved,
30,4551,19829,JWSkCmD-Fic,UCaIc6SgS90ud_RgMSC6hW_w,test_reserved,
30,4552,19831,PixUw8te4gA,UCRB8mrLCcwTPlJOMUy9MDUg,development,2
30,4553,19834,9fUw2BrsFGo,UC265AWt6bbPKJcmpQwhif2A,development,3
30,4554,19840,3GvkQ9_h7To,UCbS_glb2N1NVTrDLVryRbng,development,4
30,4555,19843,96Agki3W1oY,UCAH7R88V7gz7RqJv78nNOzg,development,3
30,4556,19846,KQxcKZaFf0E,UCCK3OZi788Ok44K97WAhLKQ,test_reserved,
30,4557,19853,Ox07UfiKQjk,UCcijXxFzSXgoM6q9cCtT9PA,development,2
30,4558,19858,bn1WOBOurHM,UCCK3OZi788Ok44K97WAhLKQ,test_reserved,
30,4559,19859,-ulG-sCPNRs,UCidNC9-9DsHj3FmP5N42Lqw,test_reserved,
30,4560,19862,hYmku54aC_k,UCCK3OZi788Ok44K97WAhLKQ,test_reserved,
30,4561,19866,zO4_is2VayY,UC1GXX9hisqTO3S7ZHhoepXw,development,5
30,4562,19868,_CMQ1yAAMEA,UC0MnP2Iso6enxaJTBZ3_nJw,development,4
30,4563,19876,QxRerugxlJ0,UC1YGPDtctHGJWW0NrlQVklw,development,5
30,4564,19880,g7kRszb8tYk,UCzyTz2So395JRTH79AlQS7Q,development,2
30,4565,19885,qzADw1xNJXg,UCtsqmkwg-BebjNZEg6ofAcA,test_reserved,
30,4566,19886,-3aDU88NILI,UCnT7Z6-yqjhM__jZbK_B3kw,development,3
30,4567,19893,6Oz9_I_cBzs,UC9iEv8PqeHuC3ZVt0QqN-pQ,development,4
30,4568,19896,V-wTKRjhYM4,UC_AuTY5qqpUUYFLSDQIbOsg,development,4
30,4569,19899,B5B0xS0YcZ0,UCnTnjJyH0gAaVrDWiVrCsSQ,test_reserved,
30,4570,19905,9mV_mQPm4YI,UCbS_glb2N1NVTrDLVryRbng,development,4
30,4571,19908,kJhV8Y0iJCI,UCckltLEhFLv8Xz_lQhYfwmg,development,1
30,4572,19915,0zbXvTzSFXk,UCDWDuArgzMjvihWp47GYzKw,development,2
30,4573,19918,NQQnqQAYvIQ,UCnT7Z6-yqjhM__jZbK_B3kw,development,3
30,4574,19919,0mjRZ0mBAXI,UCgnFSj7jQffD5V5m05j4dPw,development,5
30,4575,19920,VI_mcZJdg7c,UCLNz9bgiJfM3ImTtYDOt8Ew,development,4
30,4576,19926,pOr-EicAobU,UCuJmg9Gw1uO-JGVLk9iACDw,development,2
30,4577,19933,tk-8qdBgob4,UCzyTz2So395JRTH79AlQS7Q,development,2
30,4578,19943,NCLDjygGtw8,UCdotiSNtLlS4qwDto9CdURA,development,3
30,4579,19948,ONlisgzQrto,UCRDDfbYPHX_GUJ4lcQYTc8A,development,2
30,4580,19955,Cdf0AJvuKo8,UCaESx7Bdghv_UICcG1hBkcg,development,2
30,4581,19956,wW3-bPZQmFA,UCfQfw--8dPGypR7sGcXJz0w,development,5
30,4582,19959,yYU8WDwnKCQ,UCl5xacxsAhltNGtiMktd_Sg,development,4
30,4583,19974,z2ytjvppObQ,UCacIRbbu-hgx4sRW6tZPRoQ,test_reserved,
30,4584,19987,mg6srUZsGE0,UCkagcQYGoYFuXsUg-ObSL6A,development,5
30,4585,19993,Lh8FTgh5_vE,UCdvzidU6j1UdUBhaEw-LLuQ,test_reserved,
30,4586,19995,6hR8Qx8-s10,UCy9n9YrTsfIMdaPhKYRsdLQ,development,2
30,4587,20003,oRRPlMdZAXw,UCQxYcvX5hnGJvuTFzKng-Vg,development,2
30,4588,20004,4mMbQshXtyA,UCq0hVW_G5kWt2ocLhbjOtGg,development,2
30,4589,20005,vHzNjfD7FiA,UCCK3OZi788Ok44K97WAhLKQ,test_reserved,
30,4590,20008,n62dVUCVo_w,UCZ-RBSr_ZD-jWWDgZmFyZyw,test_reserved,
30,4591,20012,oOpfFTW9mPs,UCbS_glb2N1NVTrDLVryRbng,development,4
30,4592,20015,vH67MCEhBps,UCEWXUrJx9ufOtbQH5VRoVzg,development,4
30,4593,20017,cErU73LaOLE,UCDrTN5A0V-Fzu1Jn7qnxA6A,development,4
30,4594,20021,si85BBzkq30,UCOtYyt7W5PmPnwQjWWF_Z-Q,development,3
30,4595,20026,3VojgeNXijE,UCuW9OiaVwvoOraW1Jcc3_uA,development,2
30,4596,20029,sLVR16VGGzM,UC1hcl0aIr9KtXA-Kiq9itqw,development,3
30,4597,20032,ReW0mW0XqMI,UCckltLEhFLv8Xz_lQhYfwmg,development,1
30,4598,20036,-OQ46Zn2XGw,UCWBGcCHKv85MuFwgax4oc9w,development,4
30,4599,20043,qYGmoBiXyFc,UCd-gmzevnJBe9jHuNDMrI0w,test_reserved,
30,4600,20044,6U2qWLyFXSg,UC9SnUR9ewkPk9h45L0uY6SQ,test_reserved,
30,4601,20052,Mg__GCZ3BpU,UCOtYyt7W5PmPnwQjWWF_Z-Q,development,3
30,4602,20056,2l5W1b4r2lA,UCckltLEhFLv8Xz_lQhYfwmg,development,1
30,4603,20057,X9IzFDBkXOI,UCGG2hIW0ZqagoM7__Gh2emw,development,1
30,4604,20058,RZ0IszzwQuY,UCaIc6SgS90ud_RgMSC6hW_w,test_reserved,
30,4605,20065,LNbeoAuY7IE,UCcgyRWiM833H81tMd-7Fn4A,development,4
30,4606,20069,RvAgpscDgPc,UC1YGPDtctHGJWW0NrlQVklw,development,5
30,4607,20071,YIC4OwvPIuw,UCAGQUfHzdsgxJ1pq2XDS2TQ,test_reserved,
30,4608,20073,_kN7I6Ut_f8,UCdgWTRipbTuQsIiiPb6fB-A,development,5
30,4609,20074,IMhTbcdDv0o,UCYT4vetZzMYjLIyxMmLv_9Q,development,5
30,4610,20076,0icSpUGfMA8,UCc30sTBdN9LRSxEuHaXV_bQ,test_reserved,
30,4611,20081,Dyr0Y4JgWUE,UCQkPhQ-6NhA1v7Tpsp6EnKQ,development,1
30,4612,20085,1vfztDR0Uf8,UCyrW9aDENkU6G6URdVFwB9g,development,1
30,4613,20091,elrgD7Wrhgs,UCRDDfbYPHX_GUJ4lcQYTc8A,development,2
30,4614,20093,smEwLeEFxMY,UCTlVnv2IrpdHPiB4PeaH6Lw,test_reserved,
30,4615,20096,e09Jn7PzYAQ,UCc30sTBdN9LRSxEuHaXV_bQ,test_reserved,
30,4616,20109,YPBzOS_NzJY,UCzeBunsQThQMJuN7ldtbeRA,development,3
30,4617,20116,9tJGtSiWDHY,UCYweMykEAI5aaRztqrJuuAg,development,2
30,4618,20122,BGRKjh8HBkc,UCfuND8HywiC1G1T5s1t6ElA,test_reserved,
30,4619,20125,YXewx_Y1tAM,UCrhkgHTUdZXbCd69TNuQuMg,development,4
30,4620,20127,5C8n4xU4YVk,UCCK3OZi788Ok44K97WAhLKQ,test_reserved,
30,4621,20129,ITKT-TbQ7pU,UCbR7juPwtP-bV_w0840ciYQ,development,3
30,4622,20135,F1YFiEAIXC4,UCG0j1mTQov3RVBgLgh6wbKg,development,5
30,4623,20141,GhEc3FhfXGg,UC0tV1b7IFEXFUUILF7mAcWw,development,5
30,4624,20142,GZisHfOfQqE,UC1YGPDtctHGJWW0NrlQVklw,development,5
30,4625,20144,HNpB1lzGzsw,UCCK3OZi788Ok44K97WAhLKQ,test_reserved,
30,4626,20154,cfs3N9nnw70,UCDoXItIw1akXVz4Gk_F8CDw,test_reserved,
30,4627,20155,Ogx0wdwxO0M,UCckltLEhFLv8Xz_lQhYfwmg,development,1
30,4628,20158,DDxUU_eVvTY,UCCK3OZi788Ok44K97WAhLKQ,test_reserved,
30,4629,20172,An2JbPq_VHs,UCYFn7BOOlmL21iNJ6q5IDfg,development,5
30,4630,20173,3w2XUlJx-6A,UCYweMykEAI5aaRztqrJuuAg,development,2
30,4631,20175,LM3tKsUJ1yk,UCkagcQYGoYFuXsUg-ObSL6A,development,5
30,4632,20180,cw3wKbmRUp0,UCA5xW2Ce7KT2AtxzDYDebCA,development,4
30,4633,20183,P78Lre22G1E,UCCbm1E52PV05ZLv6dtRB92Q,development,5
30,4634,20197,pnXaD6yFNVw,UCWO2tL69FZ9ckckHcAa18Ug,development,4
30,4635,20198,b-4jml8Zg2Y,UC-4FUBrbjpCCoNGqHh6X5og,development,1
30,4636,20205,C4EQDHIM1h8,UCnNF2wWnDyhm-yz2CgC5BTA,development,1
30,4637,20206,RmKRQm0XHyc,UCp3JwFW1xiUY4QwLqSsbNyw,development,2
30,4638,20209,4jzfbgwtP_4,UCuJmg9Gw1uO-JGVLk9iACDw,development,2
30,4639,20215,5RCWidp2iK0,UCCK3OZi788Ok44K97WAhLKQ,test_reserved,
30,4640,20218,XrhAfEoyPeU,UCckltLEhFLv8Xz_lQhYfwmg,development,1
30,4641,20220,ed-ZaoE_G0s,UC8qBNfgWRK_WYYGSmmrfgPA,development,4
30,4642,20222,K0pZMVd7U1A,UCMcaGpzjo0D-d6oSvcg8PtA,development,4
30,4643,20226,azJmX06rF08,UCl5xacxsAhltNGtiMktd_Sg,development,4
30,4644,20227,5ipvFY5gM44,UCe4g8BqxCBVICI2OTCLdedg,test_reserved,
30,4645,20231,w27WOX_j0aI,UCVfnhhDIkkBJ_1QyzCqeVDg,development,2
30,4646,20245,DtLf4JssxZU,UCckltLEhFLv8Xz_lQhYfwmg,development,1
30,4647,20250,cGXCm08IMDA,UCiAYv_QAosB-49bJbu3NM3A,test_reserved,
30,4648,20254,a4QygTBg0lY,UCMOzBNaskYXY_cN7IeJWQ9w,test_reserved,
30,4649,20256,VbVbPFiX2M0,UC1YGPDtctHGJWW0NrlQVklw,development,5
30,4650,20273,F0-x-gj4l0o,UCckltLEhFLv8Xz_lQhYfwmg,development,1
30,4651,20276,astoxt8tnSU,UC8kC4R1-G80cwxWLr6jvmtw,development,5
30,4652,20280,FtssJA59f84,UCJ44oEtQ4TUPUbVS6hLI9Hw,development,5
30,4653,20283,s6kaF0FIVZ8,UCwbOjMYW_wWRq9yw3V6OyQA,development,1
30,4654,20290,J89LEcc_O7A,UCNEf722QEvvmyGaT0HsKxRQ,test_reserved,
30,4655,20292,3c7oxDeprQ0,UCB_YWDx6xDq1kYfZfJ7W6wQ,development,4
30,4656,20300,t9hoZ_ow2Io,UCc30sTBdN9LRSxEuHaXV_bQ,test_reserved,
30,4657,20302,_Lbz1tKESu8,UCaIc6SgS90ud_RgMSC6hW_w,test_reserved,
30,4658,20307,f5ERKUFG30A,UCXm0FsS7PXy0w5HeOkYMi7Q,test_reserved,
30,4659,20311,gsMU3Z2kFdo,UCOtYyt7W5PmPnwQjWWF_Z-Q,development,3
30,4660,20317,gwZqcECmBFs,UCacIRbbu-hgx4sRW6tZPRoQ,test_reserved,
30,4661,20323,DVwmmE9D7t0,UCaESx7Bdghv_UICcG1hBkcg,development,2
30,4662,20324,-Kk0NahzPs4,UCckltLEhFLv8Xz_lQhYfwmg,development,1
30,4663,20326,30Y1p_zAKGA,UCMxeqmVKOqiqh7V_A3h4gfA,development,2
30,4664,20327,_H8Itt7RDkg,UC8lKgUHo-2mSR5cRRXO9xow,test_reserved,
30,4665,20331,J9KYfyA661U,UC6_QBGzvw98NQApyx4J8CeA,development,5
30,4666,20334,wk-E7EA_r-c,UCCK3OZi788Ok44K97WAhLKQ,test_reserved,
30,4667,20338,x_0HU7ycYGc,UC8irIP66QzlZNVgqe4vwN9g,test_reserved,
30,4668,20339,epkLr_Fbf0E,UCrmzxiCDMV3hI56E9nYy-4A,development,4
30,4669,20341,xLSY0di3cTw,UCQTcNhAZidy1i9wwmdgf2Lw,development,4
30,4670,20344,wgwZw7Filug,UCCK3OZi788Ok44K97WAhLKQ,test_reserved,
30,4671,20346,hyvB1w_1fp8,UCPXSUKHTNc1_hnHuj-UiQWQ,development,4
30,4672,20348,hJcfVeJL5Xw,UCjKSK3d5r0O78WGnMouSvDw,development,5
30,4673,20350,qIYonYvZGRk,UCIoyIVPZEfC2p0dQwAxGiEw,test_reserved,
30,4674,20353,571UyB9vqjY,UCL1vzWEQ3lWQBrxYZo_SZOw,development,5
30,4675,20354,oXICWy1kk44,UCckltLEhFLv8Xz_lQhYfwmg,development,1
30,4676,20355,med-hn7Zi-0,UCmqflTSJ6911aCrnaWIXxsA,development,3
30,4677,20356,8RgK11MvumY,UChlvAvH3N7Xd29DuAJgv0Mg,development,1
30,4678,20360,WEbP5vi_pQ4,UClCjoJ0fs2RqaRTjukU1jQA,development,2
30,4679,20361,FpghViwDfbs,UCCK3OZi788Ok44K97WAhLKQ,test_reserved,
30,4680,20363,861sm41PjXQ,UCCK3OZi788Ok44K97WAhLKQ,test_reserved,
30,4681,20368,iILnLSHY6lg,UCVqfoMNwM8SIpL6BMGTZbcA,development,5
30,4682,20371,d-_Bvj1Az60,UC2v4JoyE3CHejL5sNbBdTqA,test_reserved,
30,4683,20375,fG0LiHig-1g,UCckltLEhFLv8Xz_lQhYfwmg,development,1
30,4684,20376,9UIGQ_3oN6M,UCrhkgHTUdZXbCd69TNuQuMg,development,4
30,4685,20377,WrYNkbCkMPM,UCckltLEhFLv8Xz_lQhYfwmg,development,1
30,4686,20381,LAF_sX7obgE,UCuJmg9Gw1uO-JGVLk9iACDw,development,2
30,4687,20383,5UbZKcX6bWs,UCSodo0fV9KfObDMmYTpV5_A,development,4
30,4688,20385,CciJnslx3y0,UCHxf5NOZYmtmQEOkToogAiQ,development,5
30,4689,20394,0-TzlGG7Dco,UCBf296-OhUNfaDbtcYQ4RQQ,development,5
30,4690,20402,SO88G0ZJhxo,UCAH7R88V7gz7RqJv78nNOzg,development,3
30,4691,20403,htrn-zERRqA,UCrcATWZGF_p53r38i6VK0eA,test_reserved,
30,4692,20414,G-VW_MNlWHo,UCAH7R88V7gz7RqJv78nNOzg,development,3
30,4693,20415,rlnC71P0W9E,UC7jNYrQQr_GnMWLe6bGRi2A,test_reserved,
30,4694,20416,eKjOZFRUTng,UCoUtpHt61tmeSpaznNoqr3g,test_reserved,
30,4695,20417,5ohwfzSSrtY,UCckltLEhFLv8Xz_lQhYfwmg,development,1
30,4696,20420,FfHuFubihb8,UCl5xacxsAhltNGtiMktd_Sg,development,4
30,4697,20424,ebUbkFvp2hs,UCcrsFwwoMvcXYpJ0XldIlVQ,development,5
30,4698,20432,DN6LroYwh9M,UCCK3OZi788Ok44K97WAhLKQ,test_reserved,
30,4699,20435,SA2HUzg0_os,UC5R7F4Mw_ZV1c4tYe4UKLIg,development,4
30,4700,20436,iUPxdgQaQ28,UCqtFS_Ap7Qh2y8cfE_20C0A,development,5
30,4701,20437,OnN6C2lf2ek,UC0tV1b7IFEXFUUILF7mAcWw,development,5
30,4702,20439,Cwh0czs8AxA,UCFAQPiyzxj7BNfeKWGsR5gA,development,5
30,4703,20447,Cr4DLB-hsM4,UCCK3OZi788Ok44K97WAhLKQ,test_reserved,
30,4704,20448,LMrJV0h7spA,UCoZJaxWPeeGKZ6ShK5EsIkA,development,3
30,4705,20452,hBRnqaxo5TA,UCJEbxceR8FFUcZU0Ez83lPQ,development,4
30,4706,20458,9U6hSYPkRss,UCckltLEhFLv8Xz_lQhYfwmg,development,1
30,4707,20459,ia7RYMcuUzs,UC9C-57voJN0pZQtG7c5mn_w,development,3
30,4708,20463,NFYe_jv9XZU,UCubo6fKdM-y-sqsu1sprjIQ,development,5
30,4709,20466,9QlASlAa4Mc,UCvjZ9vJOPpr9vOAi2UNe3kg,development,2
30,4710,20477,0pq9TeMZ--4,UCqDbs3rlemiBZmhkh9gXXHg,test_reserved,
30,4711,20479,DRa2OeN9s90,UCOtYyt7W5PmPnwQjWWF_Z-Q,development,3
30,4712,20483,WL1NmkpxnL0,UCbS_glb2N1NVTrDLVryRbng,development,4
30,4713,20499,yKY4xADQ93M,UC8rcDufKZ3W6CtZU69CtMXg,development,5
30,4714,20514,h9gL9dOWjag,UCgnFSj7jQffD5V5m05j4dPw,development,5
30,4715,20515,JvtcKe9JbAY,UC1YGPDtctHGJWW0NrlQVklw,development,5
30,4716,20516,qEsNstL00pw,UCPaa9NR1c6o7QW8kHYbR9Rg,development,1
30,4717,20520,Hbzk-KdoWoU,UCckltLEhFLv8Xz_lQhYfwmg,development,1
30,4718,20521,-l--mPS6aEE,UCRDDfbYPHX_GUJ4lcQYTc8A,development,2
30,4719,20524,AvdjtisrSrU,UCCK3OZi788Ok44K97WAhLKQ,test_reserved,
30,4720,20526,mE5B4HBDutE,UCA5xW2Ce7KT2AtxzDYDebCA,development,4
30,4721,20544,z9O9tkb4r2I,UCnkon33rksDXo3qChhTs5Vw,development,5
30,4722,20545,yr1m9VGg1dM,UCOtYyt7W5PmPnwQjWWF_Z-Q,development,3
30,4723,20546,3TapVlQyZhA,UC20RzbPn2zOX8-g15ld7nFw,development,4
30,4724,20547,UZJR2p6BvUw,UCckltLEhFLv8Xz_lQhYfwmg,development,1
30,4725,20549,VB0BP7U4RlY,UCcbOsE5_4LEjtQi8X2PFxDw,development,2
30,4726,20557,ftK4co8QRb0,UCcrsFwwoMvcXYpJ0XldIlVQ,development,5
30,4727,20570,RBhAED-B7zU,UCmrLu4r89ykOzmtmbAeEklA,development,5
30,4728,20571,yenb0Vr949w,UCOgsOVUELkkv_irhET9kK_Q,development,1
30,4729,20573,oGs3fwiCP0I,UCyKNjZkJTmFuYSTx5HLPsPQ,development,2
30,4730,20574,IiR6TL_-HA4,UC-c6MH2EkbLgjFT63lAx1Jw,development,3
30,4731,20583,YM441tcFtLk,UCRLApdXlS7QMsGzhodZkcWQ,test_reserved,
30,4732,20585,i-rO4J6OSv8,UCPF69AP3W-ngo3QLFWKqx8w,development,4
30,4733,20590,g9X3dUBtYs4,UCJEnfxBpv0TwLx_mAf9NXHg,development,4
30,4734,20594,pT6ZwEEO3Ow,UCxPYVvthidICJb75llNXktg,test_reserved,
30,4735,20597,vA3L8n7Wke4,UC2HGgzRXGxoirkRroh0aHIA,development,5
30,4736,20616,AEZs1nNuT-w,UCz5VldG-q50ldO8dU7qio4g,test_reserved,
30,4737,20647,12KBK7dduA8,UC7yvlRxy_mqtwPMyZ8H5Zkw,development,3
30,4738,20653,zKlH2xaSZrU,UClCjoJ0fs2RqaRTjukU1jQA,development,2
30,4739,20661,r_9LiSh5E_Q,UCCK3OZi788Ok44K97WAhLKQ,test_reserved,
30,4740,20665,8jdWvNXagTg,UCcijXxFzSXgoM6q9cCtT9PA,development,2
30,4741,20673,Emi2XfjmazQ,UCMxeqmVKOqiqh7V_A3h4gfA,development,2
30,4742,20681,4RUBk-k74go,UCRB8mrLCcwTPlJOMUy9MDUg,development,2
30,4743,20684,RwJ5d0dOEeI,UC4VkNi2RZSJyqXsFaJYfsPg,development,4
30,4744,20698,AiAu9NWjh5w,UCgnFSj7jQffD5V5m05j4dPw,development,5
30,4745,20702,5zUFSOTpXHI,UCHZ6l32mEskYLDm1OkjFO3g,development,5
30,4746,20704,E9MBgbl8fAE,UCckltLEhFLv8Xz_lQhYfwmg,development,1
30,4747,20705,aijXoiotd4M,UCA5xW2Ce7KT2AtxzDYDebCA,development,4
30,4748,20707,yL94zwLPVHE,UCF11-Puqxb0jdeWNc7F_Fcw,development,2
30,4749,20709,6sBOiaGOnnU,UCf2Iar2LDcFaSCnVH1ZMUkA,development,4
30,4750,20719,OuBt687h5hE,UCqShCHSDvCBKDN_GAsnLJmQ,development,5
30,4751,20721,kClx9JnhuLk,UCCK3OZi788Ok44K97WAhLKQ,test_reserved,
30,4752,20722,gVeZOktfoOo,UCh9qXeL8eP3Txra2908xksg,development,3
30,4753,20723,XFyXv7pqdJw,UC2oGrNhMUyWu5yzEJ_j1PMA,test_reserved,
30,4754,20727,tYIBNGosgg0,UCPdASwipemqGhpK-B-a12Ow,development,2
30,4755,20729,i-Qs71Xc97Q,UCbS_glb2N1NVTrDLVryRbng,development,4
30,4756,20733,gfMURrlBUZY,UCckltLEhFLv8Xz_lQhYfwmg,development,1
30,4757,20734,ZxDxwZuEfUw,UCXozlWD-wtlZeWkC5Cl-oGQ,development,1
30,4758,20735,qON9yJxRY9k,UCqrqt9Egbp4Voh3iEUUoorw,development,3
30,4759,20738,b0WauuGWap8,UCVfnhhDIkkBJ_1QyzCqeVDg,development,2
30,4760,20739,dGmeLGnONJk,UCor119v4OYf4SIJ1q85dqBg,development,4
30,4761,20740,wkav7ZGMH_M,UCc30sTBdN9LRSxEuHaXV_bQ,test_reserved,
30,4762,20743,_qZk-zE3gQw,UCZw-8vhDi8SvEjHgHI4WTMw,development,5
30,4763,20744,ztrGBRY34BY,UCc30sTBdN9LRSxEuHaXV_bQ,test_reserved,
30,4764,20748,By1-9fcWzeQ,UCislee3pDHW8zszfqOM73vA,development,3
30,4765,20749,r8_vdIy6fyA,UCqDMvUe1Zy9QzR-F6X7B5pw,development,1
30,4766,20750,yVtuKIiw9ck,UCBf296-OhUNfaDbtcYQ4RQQ,development,5
30,4767,20769,jjvnT4zmOTc,UCaIc6SgS90ud_RgMSC6hW_w,test_reserved,
30,4768,20772,njYnrmcx97Y,UCCK3OZi788Ok44K97WAhLKQ,test_reserved,
30,4769,20773,Nf9RV9sKJQI,UCcg4tDKgPLIc_x3lhWdogLg,development,4
30,4770,20779,PchI-XDGUVE,UCgnFSj7jQffD5V5m05j4dPw,development,5
30,4771,20782,b2eWvkKpm60,UCCK3OZi788Ok44K97WAhLKQ,test_reserved,
30,4772,20785,Yaq9Yaakac4,UCuJmg9Gw1uO-JGVLk9iACDw,development,2
30,4773,20786,SDPVOJOZpDI,UCCK3OZi788Ok44K97WAhLKQ,test_reserved,
30,4774,20797,FJujHzyFShw,UCn0XmAUFv6d2tofMFEesSNw,development,5
30,4775,20810,vsOv34pbrWo,UC3tvYy-s84yySG7V85jRDnA,development,4
30,4776,20813,D3FSbjo4RjQ,UCMxeqmVKOqiqh7V_A3h4gfA,development,2
30,4777,20818,PKJkpfUlcvM,UCw6HmIsvHGq2HcBQCzE7J5A,development,3
30,4778,20819,-D1BYlVQnek,UC1YGPDtctHGJWW0NrlQVklw,development,5
30,4779,20822,Xv2Wx4OkBtM,UCAH7R88V7gz7RqJv78nNOzg,development,3
30,4780,20823,Ga5OtpGCQZE,UC58y6NhWQ_IkAUJdYqtmtQg,development,5
30,4781,20825,eDQcbPL-fV4,UCl5xacxsAhltNGtiMktd_Sg,development,4
30,4782,20837,mUxFx2R6aBs,UC8ADWM4kdxtzzoDH3JI5hSg,test_reserved,
30,4783,20846,uATROkNQfS4,UCOtYyt7W5PmPnwQjWWF_Z-Q,development,3
30,4784,20848,m1KrXNbJVFo,UC1YGPDtctHGJWW0NrlQVklw,development,5
30,4785,20849,uJYqelq31eE,UCCK3OZi788Ok44K97WAhLKQ,test_reserved,
30,4786,20851,SvPYvXibUgA,UCM3bQBUJ0PEbgfe9lAw_Y3Q,development,3
30,4787,20857,vsUD5RgjswM,UCckltLEhFLv8Xz_lQhYfwmg,development,1
30,4788,20861,P5IHCKjrlag,UCCK3OZi788Ok44K97WAhLKQ,test_reserved,
30,4789,20865,H2g3-fKPMQY,UCMNaxF22tMr_rcNI5fkUkYw,development,4
30,4790,20867,8K0FWpOo9V4,UClNX00LvziLlfJ_trtu8llQ,development,3
30,4791,20874,_H-GUAHUZkg,UC7-BodqPOzDwzbtgz3kxfZw,development,5
30,4792,20879,acETEu023tk,UCP4Z7-uWZYIQBclex8M086A,development,5
30,4793,20887,YocwPzDaINg,UCckltLEhFLv8Xz_lQhYfwmg,development,1
30,4794,20888,tB498Fu9mf4,UCPXSUKHTNc1_hnHuj-UiQWQ,development,4
30,4795,20890,UderN0itpQU,UCc30sTBdN9LRSxEuHaXV_bQ,test_reserved,
30,4796,20892,8BK5QDbyHPs,UCwsNWoSlQUyeWgbVQYZtLOA,development,2
30,4797,20894,Z5QYL4MMuX4,UCDoXItIw1akXVz4Gk_F8CDw,test_reserved,
30,4798,20895,eLRDjZInym4,UCBR9iW2qo_7LP9_9u3A2ZeQ,development,5
30,4799,20906,TeaOJrwyIRw,UC5-n2dfksESEt3ATmM6Uujw,test_reserved,
30,4800,20916,fIf6-KfBSuU,UCz4AovJf6gmXyGIgRO9ouUw,development,1
30,4801,20921,QvwMMfwI-yw,UCqShCHSDvCBKDN_GAsnLJmQ,development,5
30,4802,20925,ux4Gt2plXdc,UCYmEcbCgb9yxZZJGH1rtn_Q,development,3
30,4803,20931,qZy-zQCQgB4,UC1YGPDtctHGJWW0NrlQVklw,development,5
30,4804,20937,Bes0fiWfzkU,UC22LfvKY_7Ibkt5I5wFqwfg,development,4
30,4805,20939,7xRK8TO_2Ak,UC2GNitBc9qBFZd0329eYOPg,test_reserved,
30,4806,20940,JrV_2yg4IOE,UCc30sTBdN9LRSxEuHaXV_bQ,test_reserved,
30,4807,20941,_JDplDjX04E,UCnRozrOdQHOjmgfOobDZyUg,development,2
30,4808,20942,xfR7gylx2ZE,UCcijXxFzSXgoM6q9cCtT9PA,development,2
30,4809,20959,knRRdb8gS9g,UCqrqt9Egbp4Voh3iEUUoorw,development,3
30,4810,20962,W5R43OqvX9U,UCR6bwkq2RbGG12zWqD9YRvw,development,3
30,4811,20964,52FXxsrWtU4,UCckltLEhFLv8Xz_lQhYfwmg,development,1
30,4812,20971,8Cloo2jl8OQ,UCB3pmaew5i2Sp9LJe03BU8g,development,4
30,4813,20976,9d8jYJvDBNM,UCUh8FFbl1BfRmzL9t4Fkykw,test_reserved,
30,4814,20980,b5rrOrhEZck,UCckltLEhFLv8Xz_lQhYfwmg,development,1
30,4815,20983,n1zu06q_8dg,UCqrqt9Egbp4Voh3iEUUoorw,development,3
30,4816,20991,Cm-naGOuMz0,UClC6jQT87s0yKTxHls4BWSw,development,3
30,4817,20993,IRmnZRGR1qQ,UCceS_252pdNUa5ztP_MW8rw,development,2
30,4818,20996,moH3vGL1oPU,UCG0j1mTQov3RVBgLgh6wbKg,development,5
30,4819,21002,ssrNbAX_LRk,UCegqG9T-A_SJKIC8oihTHhg,test_reserved,
30,4820,21004,PEspncj22lU,UCdgWTRipbTuQsIiiPb6fB-A,development,5
30,4821,21008,rEEEQzLD7ro,UCckltLEhFLv8Xz_lQhYfwmg,development,1
30,4822,21019,Jm2oV50JPzc,UCMcaGpzjo0D-d6oSvcg8PtA,development,4
30,4823,21022,dbGv7MC7nqM,UCPJRtoh7x7vEw0-d59JwKiQ,test_reserved,
30,4824,21023,g0ByOt7t-uk,UCw4RbkIJND-Ckh2ccCfz_nw,development,2
30,4825,21025,nngZInlg9no,UCgnFSj7jQffD5V5m05j4dPw,development,5
30,4826,21026,iMsxEKpQ-vo,UCK4dpeglRT8ZE3fBKFXEnZA,development,3
30,4827,21028,A9m7g4Xi2iA,UCwm1pjpLVd7r9wdp-s_Swvw,development,4
30,4828,21029,AFZGjWS1XNg,UCcijXxFzSXgoM6q9cCtT9PA,development,2
30,4829,21033,KWyYKDYTMgg,UCfCzC_zJomF_Ace4T2wKb6Q,development,2
30,4830,21043,P7z6983eiL4,UCA5xW2Ce7KT2AtxzDYDebCA,development,4
30,4831,21052,VFSanJ3slps,UCkC-yhK-WnPNaNslH_LbBWQ,development,2
30,4832,21053,QIvSTZUJOfo,UC3bDumjXNsq2ixYkUT7wT_g,development,3
30,4833,21056,XXyuGi2lqxg,UCc30sTBdN9LRSxEuHaXV_bQ,test_reserved,
30,4834,21062,ozRSYC3hKyY,UCbS_glb2N1NVTrDLVryRbng,development,4
30,4835,21066,7b8sIHm995E,UCcg4tDKgPLIc_x3lhWdogLg,development,4
30,4836,21081,p08MwcL6hRU,UChwjz-THeefGm2mSbYB37Wg,development,3
30,4837,21083,SlrFoi9_Q1Q,UCckltLEhFLv8Xz_lQhYfwmg,development,1
30,4838,21099,28CqOeeKFrM,UCgnkk8P4G9yQFuRl0dEO1HQ,development,2
30,4839,21103,PmeFM85XeUk,UCCQ3mUIQTv2Snhw5Os0Yo5Q,development,3
30,4840,21105,D4QRBAiq95U,UCckltLEhFLv8Xz_lQhYfwmg,development,1
30,4841,21106,26erqrNsavQ,UCbkMFGQ_RWIf0OiYeOpf6Ng,test_reserved,
30,4842,21107,pxzMOG-dIbg,UCcijXxFzSXgoM6q9cCtT9PA,development,2
30,4843,21112,rcRvfV5yNLw,UCCK3OZi788Ok44K97WAhLKQ,test_reserved,
30,4844,21113,WEnEwwUKLNM,UC12Ujt77-UFGXPAalKwuXDg,development,2
30,4845,21115,rZOvdN0PMNM,UCckltLEhFLv8Xz_lQhYfwmg,development,1
30,4846,21121,bZy1nK3NZsw,UCA5xW2Ce7KT2AtxzDYDebCA,development,4
30,4847,21130,3ktCwxFQYKE,UCS1FukhR2GeYArdB87fVFVg,development,4
30,4848,21132,I356AOEInMI,UCcFg0_EkuomROD6HEJA8t5g,development,2
30,4849,21136,BxEY2TH2AuY,UCckltLEhFLv8Xz_lQhYfwmg,development,1
30,4850,21137,XLOba0i_UlE,UC2GNitBc9qBFZd0329eYOPg,test_reserved,
30,4851,21142,aCOf9P_-0ms,UC-CcqBJrHwkO8SxwZpjcuSg,development,5
30,4852,21144,kw3NFe3qxZU,UC5HK5iZs2UB55Bum9BBbajg,development,2
30,4853,21149,I46aETgzChQ,UCP4Z7-uWZYIQBclex8M086A,development,5
30,4854,21151,8mJRsW4q1pY,UCXGG6bmgJJ02uSG4gxp4zng,development,5
30,4855,21155,pVu5IOk0NUw,UCOtYyt7W5PmPnwQjWWF_Z-Q,development,3
30,4856,21157,cV-JPqMyCJk,UC8lKgUHo-2mSR5cRRXO9xow,test_reserved,
30,4857,21161,WOhXOOLCCvk,UCc30sTBdN9LRSxEuHaXV_bQ,test_reserved,
30,4858,21166,6lzeyrxiIcs,UC-lJDdyLYyv47bXu5uUc5rQ,test_reserved,
30,4859,21177,Ug8kx7-RswQ,UCt1uMmva5HBK0qu1hTGGvzA,development,3
30,4860,21182,CwwRS7Zq638,UCtIzUW426lTNR34-GGMQvrQ,development,1
30,4861,21193,pG03Jw2wInI,UCbS_glb2N1NVTrDLVryRbng,development,4
30,4862,21196,twzRbzab0y0,UCMQg72D9bcWjW-umvECrcAQ,development,1
30,4863,21200,zSno6uy_I1U,UCfQfw--8dPGypR7sGcXJz0w,development,5
30,4864,21204,Do-Mx7-834Y,UCiP6DUi_wjUMfc4bo0yIusQ,development,2
30,4865,21207,n847Pa5PQj4,UCAcPvtBwVq1vqSyPdhqD-UA,development,1
30,4866,21210,BluOZmCC79g,UCXZaF1h4qgnp9sDlflUM8dw,development,1
30,4867,21213,iDZbFq3bopQ,UCn0XmAUFv6d2tofMFEesSNw,development,5
30,4868,21214,WBXTTJX_jp4,UCoNaQS6wefjNVFkwvxrzAYw,test_reserved,
30,4869,21220,dJd1cyadE_Y,UCPXSUKHTNc1_hnHuj-UiQWQ,development,4
30,4870,21221,IOBH_I9poqg,UCcrsFwwoMvcXYpJ0XldIlVQ,development,5
30,4871,21225,KRxJI7hDk5M,UCLwwxYXhMc1fCIAnaO8nYrQ,test_reserved,
30,4872,21235,J85E8wX13EU,UC4WWzSIArIMEmtdo2m4pWoA,development,3
30,4873,21236,ooaU6sp-Llo,UCGe9vzavXCSu7GBIgoPebeQ,development,4
30,4874,21238,yrMATBpJj4g,UCbS_glb2N1NVTrDLVryRbng,development,4
30,4875,21248,yWmmkjOhXAQ,UCB3pmaew5i2Sp9LJe03BU8g,development,4
30,4876,21250,35reJpmen9g,UCckltLEhFLv8Xz_lQhYfwmg,development,1
30,4877,21251,0upycTmTruI,UC1YGPDtctHGJWW0NrlQVklw,development,5
30,4878,21258,L8sf6eoqKyU,UCkagcQYGoYFuXsUg-ObSL6A,development,5
30,4879,21259,nv2ppolYau0,UCbS_glb2N1NVTrDLVryRbng,development,4
30,4880,21261,tAtLG2e03dg,UCOtYyt7W5PmPnwQjWWF_Z-Q,development,3
30,4881,21265,KMrAEVOr5Cs,UCCbm1E52PV05ZLv6dtRB92Q,development,5
30,4882,21270,ZwB1LTPvNJ8,UC0BAorC0bVj4GwSER21KmkQ,development,1
30,4883,21271,NxfuDbQ_mng,UC5Q9lmEDB_pWZdzzLI07eVg,development,1
30,4884,21272,30uxYnmKKZM,UCm8I2aLYgPm_gdzw4SSkiGg,development,2
30,4885,21275,kUXMajuv-Dc,UCIKg0Ev6Vq2M7hU7bL_jHFQ,development,3
30,4886,21277,T003fQQVVlQ,UCPXSUKHTNc1_hnHuj-UiQWQ,development,4
30,4887,21283,wJSvFHCpPGE,UCckltLEhFLv8Xz_lQhYfwmg,development,1
30,4888,21287,4vvc2sKQwLw,UCCK3OZi788Ok44K97WAhLKQ,test_reserved,
30,4889,21291,9e0FXVtlEXU,UCCK3OZi788Ok44K97WAhLKQ,test_reserved,
30,4890,21301,pzxtLC1SzAc,UCOtYyt7W5PmPnwQjWWF_Z-Q,development,3
30,4891,21303,L0ETPQYFF7Y,UC2GNitBc9qBFZd0329eYOPg,test_reserved,
30,4892,21305,dpO17A3uEA4,UCJ44oEtQ4TUPUbVS6hLI9Hw,development,5
30,4893,21307,S9SUxzljwsA,UCGjZJ0TN1PlJIEwJXKNlm6w,test_reserved,
30,4894,21312,8AtfL__4fm4,UCXLyL2Fg5DZouTYsYtRT0WQ,development,2
30,4895,21313,ZIN5kq2AqAM,UCix7C1KG_SPtiMXommMExNg,test_reserved,
30,4896,21315,bBpwgYeOPDQ,UCQfScNdtr5cZ3AAjxnlhEfQ,development,2
30,4897,21317,ooCxpYFq5OA,UCckltLEhFLv8Xz_lQhYfwmg,development,1
30,4898,21318,qloOvdAE4ZE,UCbRbdFTihZZCq8r5-bQa0sA,test_reserved,
30,4899,21321,_5h6AZJc7OM,UCaESx7Bdghv_UICcG1hBkcg,development,2
30,4900,21326,Lk28GyAtCoU,UCPXSUKHTNc1_hnHuj-UiQWQ,development,4
30,4901,21331,tTLy7yml0fQ,UCcrsFwwoMvcXYpJ0XldIlVQ,development,5
30,4902,21336,XGcFVwxEI0M,UCmrLu4r89ykOzmtmbAeEklA,development,5
30,4903,21339,7cUhg-zINPM,UCo2XpZV5hjoDx8qtqxgnv9A,development,5
30,4904,21342,iy3S_f9De_g,UCGUIJxToYLu79zr7YzpmZjg,development,5
30,4905,21343,hQvOqeadEOI,UCOtYyt7W5PmPnwQjWWF_Z-Q,development,3
30,4906,21344,jsMOU0pnxxo,UC8kC4R1-G80cwxWLr6jvmtw,development,5
30,4907,21349,u1gA0uRY8vg,UCqDMvUe1Zy9QzR-F6X7B5pw,development,1
30,4908,21351,S0LTkJAmyiI,UCBR9iW2qo_7LP9_9u3A2ZeQ,development,5
30,4909,21358,iqgdUHXCSfI,UCprmDoTgvTMCbo8CInSLBIA,test_reserved,
30,4910,21369,UR8GE7BmgPY,UCGa1_vxtCaUijKxNt0DB7aQ,development,5
30,4911,21371,wyY5cheII6Y,UC7yvlRxy_mqtwPMyZ8H5Zkw,development,3
30,4912,21372,Z0Ac7avQbqI,UCcijXxFzSXgoM6q9cCtT9PA,development,2
30,4913,21374,wGtkeveS_SE,UCCK3OZi788Ok44K97WAhLKQ,test_reserved,
30,4914,21375,3UPWdrZU1Ww,UClSIhhnuyF8fXtBTpOOTknA,development,2
30,4915,21380,l-TXbJ63nRU,UC8lKgUHo-2mSR5cRRXO9xow,test_reserved,
30,4916,21383,0C_kTTpJ2Z4,UCAH7R88V7gz7RqJv78nNOzg,development,3
30,4917,21394,KE_fof03hYU,UCaszdCPv2DolWB2zmTDYPEA,development,4
30,4918,21396,gutLXJAcc0s,UCCK3OZi788Ok44K97WAhLKQ,test_reserved,
30,4919,21402,bZ4DxEWHavk,UCckltLEhFLv8Xz_lQhYfwmg,development,1
30,4920,21403,6-wSmn4YVg8,UCckltLEhFLv8Xz_lQhYfwmg,development,1
30,4921,21405,Y94SmtF2JZE,UC4N96R0hZhwEzNHw53_UGlA,development,3
30,4922,21408,4Vq2emqizso,UCM19g5ow7vLXDTYx_j9Z7VQ,test_reserved,
30,4923,21411,K1ankH4BGcw,UCckltLEhFLv8Xz_lQhYfwmg,development,1
30,4924,21415,Bsnz8TMKexc,UCckltLEhFLv8Xz_lQhYfwmg,development,1
30,4925,21416,_hOyXDPONdI,UCqDbs3rlemiBZmhkh9gXXHg,test_reserved,
30,4926,21417,g6Y9dHQtILs,UCOtYyt7W5PmPnwQjWWF_Z-Q,development,3
30,4927,21423,GBxEWSb_tCA,UCn0XmAUFv6d2tofMFEesSNw,development,5
30,4928,21426,NQFo3glyQfg,UCIs94IGV3YMXRdVDRLpJZ6A,development,3
30,4929,21427,-0Ay9Tej140,UCG3QSJwsRV2nH5Fo3eoYlOA,development,4
30,4930,21428,XLygcBuKLHc,UChwjz-THeefGm2mSbYB37Wg,development,3
30,4931,21432,HvlsIOy0Tzc,UC_YTN_LVEtt1Ff8ZBLN67ow,test_reserved,
30,4932,21442,_cX9KIRYl7c,UCCK3OZi788Ok44K97WAhLKQ,test_reserved,
30,4933,21443,-vATWCScZUQ,UCcijXxFzSXgoM6q9cCtT9PA,development,2
30,4934,21450,Hvy9Wtev4NA,UCVjyzr_EOtJLtLF_3VKfrWQ,development,2
30,4935,21455,idG_y75VZUk,UCVXCitEEweQox0oyIsJONrQ,development,3
30,4936,21461,XJqdfxPJsnE,UCR6bwkq2RbGG12zWqD9YRvw,development,3
30,4937,21463,-Ptnu8fSds4,UCOiMY00_ZLijPF6InrCl0TA,development,3
30,4938,21469,UZr8Yc-rWBE,UCaESx7Bdghv_UICcG1hBkcg,development,2
30,4939,21471,ux8LuIBbRWQ,UCZNreSxdvd50nzMz5zkXg4w,development,5
30,4940,21472,YMmtGzB43BU,UCbS_glb2N1NVTrDLVryRbng,development,4
30,4941,21474,oZATRH1psag,UCbS_glb2N1NVTrDLVryRbng,development,4
30,4942,21475,uDHS49nrWKk,UC20RzbPn2zOX8-g15ld7nFw,development,4
30,4943,21493,rczoEXUTWW0,UCbS_glb2N1NVTrDLVryRbng,development,4
30,4944,21501,-Ll5ISKIGWo,UCr5BVR_ePEz_9V-KF5rSEmQ,test_reserved,
30,4945,21505,WovjR2TjKSM,UCKvIAFnwVFiuITk3cl7UTxA,development,5
30,4946,21509,aNouVK2dF5U,UCckltLEhFLv8Xz_lQhYfwmg,development,1
30,4947,21516,kXBbAqw668k,UCEuS493FuYJu_jGLfEjksUQ,test_reserved,
30,4948,21517,KDN5hl-OEcg,UCckltLEhFLv8Xz_lQhYfwmg,development,1
30,4949,21521,gURYrsM9EeI,UCiuCllaTAButX4ZC5DbRclw,development,5
30,4950,21522,yy07D3MG9UA,UCmLefvOWUhvzrk0ToJbK2AA,development,3
30,4951,21526,13x9WnaNQfY,UCgnFSj7jQffD5V5m05j4dPw,development,5
30,4952,21532,0qN2TuYFWds,UCZ6MS5ygBzz25PnSMaAw8PA,development,3
30,4953,21534,_05XiTE1DFI,UCAH7R88V7gz7RqJv78nNOzg,development,3
30,4954,21555,_LYfVbyKUeU,UCCK3OZi788Ok44K97WAhLKQ,test_reserved,
30,4955,21561,O-vRK763Caw,UCluOn_L83PxMntaWJdrn67A,test_reserved,
30,4956,21564,SbAf6lPrkFY,UCVfnhhDIkkBJ_1QyzCqeVDg,development,2
30,4957,21565,XVgyjs05xOA,UCjKSK3d5r0O78WGnMouSvDw,development,5
30,4958,21571,0yI6J9LCr4A,UCVBwpXexP8VjccZE6ohzTAQ,development,2
30,4959,21572,HCWzmYKhQJk,UCewWZeJ0g9cHU61e_jN_bZg,development,1
30,4960,21576,XEehqV5fjHc,UC1YGPDtctHGJWW0NrlQVklw,development,5
30,4961,21577,8D1tO1ykBX8,UChlvAvH3N7Xd29DuAJgv0Mg,development,1
30,4962,21585,fytxT6T0okc,UCKC83VK5PenX2ocZ4JF7YiQ,development,1
30,4963,21596,iDxWLsSsN0Y,UCCK3OZi788Ok44K97WAhLKQ,test_reserved,
30,4964,21600,9Khz4sU3ypA,UCp3JwFW1xiUY4QwLqSsbNyw,development,2
30,4965,21605,2_81Chf_QmA,UCqDMvUe1Zy9QzR-F6X7B5pw,development,1
30,4966,21606,PWKDpfU2RQk,UCaESx7Bdghv_UICcG1hBkcg,development,2
30,4967,21614,7FO8ibn_Q-s,UCOtYyt7W5PmPnwQjWWF_Z-Q,development,3
30,4968,21631,LOfMSIg1HSI,UCUa0a5l56H0xre3SljFYRgw,development,4
30,4969,21637,M8nO5EgB_ZY,UCckltLEhFLv8Xz_lQhYfwmg,development,1
30,4970,21640,myhDRr-YAz0,UCpoFVjuq1ALkaLXUCpn_GuA,development,2
30,4971,21641,YT9LKR4jFes,UCXDs97xqSkkV9WSXMtYvCEw,test_reserved,
30,4972,21645,Fxc1uO2Qx4w,UCOtYyt7W5PmPnwQjWWF_Z-Q,development,3
30,4973,21657,nK8DBPbRATk,UCCK3OZi788Ok44K97WAhLKQ,test_reserved,
30,4974,21670,GgW-snzaeJU,UCrVFS_0PdV7AwyTgR13IcVg,test_reserved,
30,4975,21678,anfAkwEqkRw,UC7-JGEBb4S3an5tS96rlHaQ,development,3
30,4976,21688,GAwRHcz6lJI,UCcspHoBTj_aLhnJLwkMpWHQ,development,3
30,4977,21689,bDxhqoPM3hA,UCQTcNhAZidy1i9wwmdgf2Lw,development,4
30,4978,21692,Gml6sboidPs,UCDqy-V3qY-xtSmiRHlZIWWQ,development,5
30,4979,21698,UeJhYU1EQas,UCVWqZXv-sjeFu5jKbQ1cA-Q,development,1
30,4980,21701,8AXevPurb18,UCV_4W6LL-Iwh0UaT_B6exQg,development,5
30,4981,21704,OBxqA-rXEqA,UCdgWTRipbTuQsIiiPb6fB-A,development,5
30,4982,21706,XRzelv2q2x8,UC8lnPnFllJsaOLMOQZRX5kA,test_reserved,
30,4983,21709,Olk7ri6FYkY,UCN5KMxQbOwIrbmJmsR4ojhA,development,4
30,4984,21710,BvZhkll6s34,UCckltLEhFLv8Xz_lQhYfwmg,development,1
30,4985,21718,g6zTPELOqGw,UCgnkk8P4G9yQFuRl0dEO1HQ,development,2
30,4986,21724,jj4rXaaiB9U,UCgnFSj7jQffD5V5m05j4dPw,development,5
30,4987,21728,qGH-hngrKlI,UCvcVb1fcd-asMSL6-CeOgNw,development,1
30,4988,21730,auhf9MM5mhY,UC8lKgUHo-2mSR5cRRXO9xow,test_reserved,
30,4989,21732,xEXg6vLMYhM,UC38c_i9VoaIjDpp46l35d0w,development,2
30,4990,21734,MWo4KtnI2oQ,UC69csWmeK-LePWo8JJ9BoqQ,development,3
30,4991,21736,Zy88_tweyzs,UCK71gEn4lLLToHx50jwMyNg,development,2
30,4992,21741,JPjfbgGmTK8,UCbgjuk1jkUr_xe4tNGv35Qg,test_reserved,
30,4993,21747,PFXuKm4HV1s,UCCK3OZi788Ok44K97WAhLKQ,test_reserved,
30,4994,21754,JoUmZgjsGlI,UCgnFSj7jQffD5V5m05j4dPw,development,5
30,4995,21757,NaYK0xXtwYE,UCh-cPhwaVIJTFLMq0ZNf-hg,test_reserved,
30,4996,21768,tjdn_gyRxk0,UC6kLehpqRT0Wm8eBMMSbH2Q,development,1
30,4997,21769,8188QwfXpaM,UCcijXxFzSXgoM6q9cCtT9PA,development,2
30,4998,21772,I8hi2ijIwSE,UCDLJ56xJBl8heeTFRRpK9xQ,development,3
30,4999,21775,ZfLFXn52Fxs,UCn6YTM3fvYdwCOHpdNJBOeg,development,5
30,5000,21778,NyDfjgQqh44,UCvGKlluI-t9s8JIuKPMa5nw,development,3
30,5001,21781,QPE_vsHdvYw,UCaESx7Bdghv_UICcG1hBkcg,development,2
30,5002,21784,XY6wpeRw8So,UC0l36s7dMwk1GYxmSHAib_A,development,5
30,5003,21785,UZgyxb22hKI,UCEY_-NIv3TLgWfV3P2xEVuQ,development,2
30,5004,21786,jz85K4m6B-I,UC9SgyReu4QufMUTFhZYYEMw,test_reserved,
30,5005,21790,arO6CEKDUtI,UCg22fUwQQF-7Sf6-TIVIFrA,development,1
30,5006,21792,R2a_JN2qK4o,UCMEXwFurMItX0u1yit-UrAw,development,5
30,5007,21795,4PrWl7a4Y54,UCOtYyt7W5PmPnwQjWWF_Z-Q,development,3
30,5008,21797,8ggLljsOJhY,UCDqPAJovLjTUS_h-y_YTpzQ,development,2
30,5009,21805,V2HdjHqgsaM,UC5p0VT3GMM-PEYL_gulNSnA,development,3
30,5010,21808,08TRJEQ002U,UCGeFw8dTOxFT2HjpvfYOI8Q,development,3
30,5011,21809,KkhvTW4ht28,UCc30sTBdN9LRSxEuHaXV_bQ,test_reserved,
30,5012,21810,z6dcMeVWt1c,UC1YGPDtctHGJWW0NrlQVklw,development,5
30,5013,21817,amipDRac5gs,UCcrsFwwoMvcXYpJ0XldIlVQ,development,5
30,5014,21818,78IdnKojmAU,UCV-q7cRK5yFYEFzWuoQOmQQ,development,4
30,5015,21819,wVt40E-ddoQ,UCgnFSj7jQffD5V5m05j4dPw,development,5
30,5016,21821,6j4N_dRqBNE,UCgnFSj7jQffD5V5m05j4dPw,development,5
30,5017,21824,pVcRsOkKcmE,UCOtYyt7W5PmPnwQjWWF_Z-Q,development,3
30,5018,21830,8330-4Y9_kk,UCV-q7cRK5yFYEFzWuoQOmQQ,development,4
30,5019,21834,n5rek2uKuE8,UCZEXdsMN3HWEz34uY5PbtXA,test_reserved,
30,5020,21835,36cpeI2Qyjg,UCCK3OZi788Ok44K97WAhLKQ,test_reserved,
30,5021,21845,ivxssvnN7XM,UCgnFSj7jQffD5V5m05j4dPw,development,5
30,5022,21851,UPrzcNg_cJg,UCeLsnnibnzDaSpMZMPJcvAw,development,1
30,5023,21861,XTT_CfJOzdU,UCpP5Y5ssB2iicCuWrpVpR3A,test_reserved,
30,5024,21867,65Q2fCXdZBo,UCCK3OZi788Ok44K97WAhLKQ,test_reserved,
30,5025,21869,7-7e6Xfpp94,UCAgBGlUKoAQFXMUzshrWDgg,development,1
30,5026,21876,AFek-88rNjE,UCctwRj5yOB7cFYPc8z_rZSw,development,5
30,5027,21878,DVdTLzTEzY8,UCluOn_L83PxMntaWJdrn67A,test_reserved,
30,5028,21880,lK3JOe0-Pus,UCP0FKFuz9j2Dp-QDr-Dv_0g,development,5
30,5029,21888,_Qagp3v3n04,UCcijXxFzSXgoM6q9cCtT9PA,development,2
30,5030,21891,2IsvxEd8CMg,UCc30sTBdN9LRSxEuHaXV_bQ,test_reserved,
30,5031,21902,BSfHNai6NCQ,UCluX2aszbegi4QBNHFQP63A,development,5
30,5032,21920,vUzxcNL98LI,UCm248csRxRJwhqVQ8fsHrCw,development,1
30,5033,21929,6nyiA_MRlms,UCgnFSj7jQffD5V5m05j4dPw,development,5
30,5034,21933,X-APDNhtAz0,UCcijXxFzSXgoM6q9cCtT9PA,development,2
30,5035,21940,587PFDPB4sI,UC6IHfZ-Rez2LR0PH01YxL7w,development,1
30,5036,21943,HFp28I6JR7I,UCAH7R88V7gz7RqJv78nNOzg,development,3
30,5037,21947,C0dmWL9LwbA,UCckltLEhFLv8Xz_lQhYfwmg,development,1
30,5038,21948,XphWpZdoDZg,UCOtYyt7W5PmPnwQjWWF_Z-Q,development,3
30,5039,21958,kfAA0GZ2oDE,UCoNaQS6wefjNVFkwvxrzAYw,test_reserved,
30,5040,21959,_gQVFssEPFo,UCOPqjdQOIF6faslRMEruJmA,test_reserved,
30,5041,21965,jftKOITTyWI,UCCK3OZi788Ok44K97WAhLKQ,test_reserved,
30,5042,21983,cT9HbiBJuJc,UC1YGPDtctHGJWW0NrlQVklw,development,5
30,5043,21984,fUBdA5wVLag,UCHT6F9HJ9DtLUjTOH16yg6g,development,3
30,5044,21985,GEt7ZnZJJyU,UCA4N4qep0RLPt94J_4SC8pw,development,1
30,5045,21988,sn2tmP5Yd6U,UCacIRbbu-hgx4sRW6tZPRoQ,test_reserved,
30,5046,21989,hp1fw1mC4J4,UCrFRH0Nq7gg2SZncgS7imZA,development,5
30,5047,21998,LMefg32CPqw,UCuJmg9Gw1uO-JGVLk9iACDw,development,2
30,5048,22005,KV372hzJu5Y,UCrJA25R_KDe3dM1sLZK7gCQ,development,5
30,5049,22011,xcmYp8xRf8Q,UCkagcQYGoYFuXsUg-ObSL6A,development,5
30,5050,22018,L9DNbzHsm9c,UCgnFSj7jQffD5V5m05j4dPw,development,5
30,5051,22020,5l7baJFRSdA,UCx2bxQGDuQgYPJPYFmIthnA,development,4
30,5052,22022,TZvTJz8kKdc,UC944GuW0gSM0srEsZSZRQEQ,development,1
30,5053,22026,HzaY5WeujKY,UCXFiIVHYqQmgpmIi7KChMkQ,development,1
30,5054,22029,3m0lFdFDsiQ,UCVqfoMNwM8SIpL6BMGTZbcA,development,5
30,5055,22030,rASKc2Dl5OM,UCMOzBNaskYXY_cN7IeJWQ9w,test_reserved,
30,5056,22034,9p-bBj82juU,UCN3Buj32nQOlbBjWmj1Eoqw,development,3
30,5057,22040,BMaqMCHZ0WM,UCckltLEhFLv8Xz_lQhYfwmg,development,1
30,5058,22041,K36l--kdSH8,UCeLO_4Xmr0Zm2AHsbD50Sfg,development,3
30,5059,22042,kUHQr8uFvWk,UCypYfMZbKIxBlXqngCuvi0A,development,5
30,5060,22052,wG7CAlyhOUs,UCn0XmAUFv6d2tofMFEesSNw,development,5
30,5061,22064,FHWIPUjc03s,UCOtYyt7W5PmPnwQjWWF_Z-Q,development,3
30,5062,22070,CxihgEZ3X04,UCAH7R88V7gz7RqJv78nNOzg,development,3
30,5063,22083,p8CVwzdcxVk,UCPJRtoh7x7vEw0-d59JwKiQ,test_reserved,
30,5064,22085,P4nBKZUmGxc,UCkC-yhK-WnPNaNslH_LbBWQ,development,2
30,5065,22089,RqloA97CHGA,UCl4Y73ZM9g5mP5W489jHp3w,development,1
30,5066,22099,S8MYGpP2VE8,UCOtYyt7W5PmPnwQjWWF_Z-Q,development,3
30,5067,22101,M8KMibRO6xw,UC8qBNfgWRK_WYYGSmmrfgPA,development,4
30,5068,22103,nbRfrhXBNSU,UCRDDfbYPHX_GUJ4lcQYTc8A,development,2
30,5069,22106,sEOh3fi5LK0,UCbS_glb2N1NVTrDLVryRbng,development,4
30,5070,22108,-KSayrdCb7I,UCh9qXeL8eP3Txra2908xksg,development,3
30,5071,22117,ZiKsg18gRW8,UCckltLEhFLv8Xz_lQhYfwmg,development,1
30,5072,22118,hdhsBITZr14,UCzzA3EbMy6Vzknmuc79k_aA,test_reserved,
30,5073,22121,hOFlFS9Bkq8,UCcg4tDKgPLIc_x3lhWdogLg,development,4
30,5074,22122,bW38hhS6lAc,UCSquzAJZ72PTgZECfAEyYrQ,development,1
30,5075,22130,36CoBd8p-Us,UCESLkkRAOvtHzG-wF7TNofw,development,1
30,5076,22134,ZecvQIIQyvU,UCc30sTBdN9LRSxEuHaXV_bQ,test_reserved,
30,5077,22137,Z1ndn3kOQbg,UCCK3OZi788Ok44K97WAhLKQ,test_reserved,
30,5078,22140,6AMGfmFhsvc,UCHT6F9HJ9DtLUjTOH16yg6g,development,3
30,5079,22141,_9pzrvrphe4,UCCK3OZi788Ok44K97WAhLKQ,test_reserved,
30,5080,22149,NLqzutqdeg0,UCRDDfbYPHX_GUJ4lcQYTc8A,development,2
30,5081,22151,vRCBC4C_KOQ,UCbS_glb2N1NVTrDLVryRbng,development,4
30,5082,22154,Q5JFa0Xzd9U,UC5fkr-uG2-yAEbwbJV-QIxg,development,1
30,5083,22155,VWQEF-zbluU,UCf2Iar2LDcFaSCnVH1ZMUkA,development,4
30,5084,22156,Q61wA8WT5uo,UCjm7vbOwssao7Bhm9wX3-bw,development,3
30,5085,22157,DrmUSFJn0hk,UCrhkgHTUdZXbCd69TNuQuMg,development,4
30,5086,22159,zoBgsQp2tkQ,UCa7tIPq6XgQs1KhuVoUrw5g,development,1
30,5087,22161,u7V45WOTtZo,UCvZpRt_4T2NlC9111RxNBug,development,2
30,5088,22162,BhmYms-EUkQ,UCfG1KjPgXr137xDf4RJMtCg,test_reserved,
30,5089,22165,sVWBg5MAs50,UCbVw-Yr6A7L4hPi8W6zsQlw,development,3
30,5090,22173,oFMaGmSiko0,UCisTAKWxkhLiv8NSl_K77Hg,development,3
30,5091,22182,GBLqz1TNZJk,UCgnFSj7jQffD5V5m05j4dPw,development,5
30,5092,22188,SLa78YtZ4v0,UCx-fk6FBx2mJSWavjxw-zrw,test_reserved,
30,5093,22197,kOkVWFtA2QM,UCEUSUxrhCt4n0Pp9WB7q7-w,development,5
30,5094,22207,c6zJ3uObXPI,UC4j4HUyjjgMALWnjN1v7z7A,development,4
30,5095,22208,yYFOlt0uuOE,UCY8jtiRLqx1Sv5A0fWYGlNQ,development,4
30,5096,22211,1ehLVCwBaGQ,UCYweMykEAI5aaRztqrJuuAg,development,2
30,5097,22214,JX03WuADYXs,UCCK3OZi788Ok44K97WAhLKQ,test_reserved,
30,5098,22217,toMMbHoxNRY,UCp3JwFW1xiUY4QwLqSsbNyw,development,2
30,5099,22220,fyfESNePJw0,UCcsxQFWrFBlECkKlr4MhpQQ,development,1
30,5100,22221,NcUP6D1LHX0,UCbR7juPwtP-bV_w0840ciYQ,development,3
30,5101,22222,5p4WnXM1rQE,UCbS_glb2N1NVTrDLVryRbng,development,4
30,5102,22225,AMz0Xp55Jrg,UCaq1Ca_iVYr-PwiZHwF-QKQ,development,4
30,5103,22226,8BAbV1RYoOQ,UCaESx7Bdghv_UICcG1hBkcg,development,2
30,5104,22229,oOdfZEi61zE,UCc30sTBdN9LRSxEuHaXV_bQ,test_reserved,
30,5105,22233,vA0ZivUWJ88,UCfbPqthcdo_1_KHyU4kMiRg,development,1
30,5106,22234,Hfzzilx9QzM,UCGRcGg4t8Q3iMit9hbQg7WA,development,5
30,5107,22240,GmhIvRkfRME,UC-InXGUDXmIVAZG7efBiU7A,development,1
30,5108,22245,OXU2PEGwWGA,UCV-q7cRK5yFYEFzWuoQOmQQ,development,4
30,5109,22257,yhgxepIsxK4,UCoz7UhbfPFJyljIIV2saR7A,development,3
30,5110,22260,wMBVwuYTalk,UC91I5M02wjnsUoCFHGhjC2g,development,4
30,5111,22263,i9mWtFksmCc,UCcbOsE5_4LEjtQi8X2PFxDw,development,2
30,5112,22278,g_BBoCt8BDs,UCiSjgMdwgt_wYFGu2QpVtPg,development,1
30,5113,22288,I6E9pmbmKhM,UCckltLEhFLv8Xz_lQhYfwmg,development,1
30,5114,22300,1SpbC8Uu8Q8,UCCK3OZi788Ok44K97WAhLKQ,test_reserved,
30,5115,22304,XORF9DXkDzY,UCbS_glb2N1NVTrDLVryRbng,development,4
30,5116,22310,A3d3mot6vck,UC2hNsnLO5nL_YgnaZkKsbPA,development,3
30,5117,22315,BrEVKCsNJEA,UCafJV2dgvIHYxjKb4GJpV7w,development,4
30,5118,22320,ZKUTh9p-VwI,UCl4aG8npoRPiiPPr5S2-Lgw,test_reserved,
30,5119,22325,JM3WhFKNl1g,UCAeBFsK2bmm5lkgy90uFiqw,development,4
30,5120,22329,B_Q8zvH9_Vc,UCAvoCBJ72wT6nT7BZzeaPCA,development,3
30,5121,22331,A5vTqvkPcW4,UC4Pb9SEsCb1EpsXVYAVVajw,test_reserved,
30,5122,22340,JiQQ0H4lR9U,UCdgWTRipbTuQsIiiPb6fB-A,development,5
30,5123,22349,q5lNA-EQtnA,UCpFP00DtyDEHJL38u16JeJQ,test_reserved,
30,5124,22355,gya3Tqh87lA,UCSrDRz91Pg_jV-vVUyQrcRw,test_reserved,
30,5125,22363,pRvsFtd_n7A,UCl5xacxsAhltNGtiMktd_Sg,development,4
30,5126,22368,MswOoQlMhDk,UCaCnmd0sVADrw8228hCBnlA,development,4
30,5127,22370,Wpv9MLI7b_U,UCjYAhUnrkBujtKI3j3LM2uA,development,1
30,5128,22378,yyu4xqj4kfI,UC1YGPDtctHGJWW0NrlQVklw,development,5
30,5129,22380,omvG7lR9Zt8,UCq3WWAoJj0DOQC3G7ri1cug,test_reserved,
30,5130,22383,5d4cfXOlgfQ,UCckltLEhFLv8Xz_lQhYfwmg,development,1
30,5131,22386,tHodfdrT4Uc,UCMayHG7j39d11Gh36vV7GnQ,development,3
30,5132,22399,llypFD6o9aE,UCRDDfbYPHX_GUJ4lcQYTc8A,development,2
30,5133,22400,4vsvLKvPMRw,UC4-OGkz_qi4h59w_HeqwYjg,development,5
30,5134,22403,-dm7tb-zqw0,UCCK3OZi788Ok44K97WAhLKQ,test_reserved,
30,5135,22405,CWynTvDayUk,UC9SgyReu4QufMUTFhZYYEMw,test_reserved,
30,5136,22408,qv2A33Ny348,UCgnFSj7jQffD5V5m05j4dPw,development,5
30,5137,22412,ZnAZZphSJCs,UCZXcD8T3zClfNAlDwHCdg6w,development,4
30,5138,22415,07k8Xzz--YY,UCCK3OZi788Ok44K97WAhLKQ,test_reserved,
30,5139,22420,3-dX8oXuG-8,UCckltLEhFLv8Xz_lQhYfwmg,development,1
30,5140,22422,jNPBh7v3pBA,UCCK3OZi788Ok44K97WAhLKQ,test_reserved,
30,5141,22424,lMr00GfHQLc,UCCK3OZi788Ok44K97WAhLKQ,test_reserved,
30,5142,22428,QLM1DSU-4sU,UCaIc6SgS90ud_RgMSC6hW_w,test_reserved,
30,5143,22431,9fEMuJpGS9Y,UCzNxbzqN0to4GNb9otFuGJQ,development,1
30,5144,22432,hv-cavUkhSE,UC0sBFIQoyeYIsejowliQx-A,test_reserved,
30,5145,22436,rA_N8LeLUKw,UC4Pb9SEsCb1EpsXVYAVVajw,test_reserved,
30,5146,22437,pQSdRj8LXRQ,UCbS_glb2N1NVTrDLVryRbng,development,4
30,5147,22442,u_5eOfZ6uok,UCQTcNhAZidy1i9wwmdgf2Lw,development,4
30,5148,22448,38QWTWFGJDs,UC944GuW0gSM0srEsZSZRQEQ,development,1
30,5149,22455,QfFiPFMqsrE,UCOtYyt7W5PmPnwQjWWF_Z-Q,development,3
30,5150,22457,0phyyMqGzFA,UCsAPX_-Yu9O_3dJu0aUj_BA,development,4
30,5151,22464,WpTi7tugiT4,UC7jNYrQQr_GnMWLe6bGRi2A,test_reserved,
30,5152,22465,KkoChyzbNj0,UCWLLcchNMCl8I5cGAMQYdpA,development,3
30,5153,22468,oEoo7KZA_i4,UCu-3suV6l3eSFmgWE4EDYig,development,5
30,5154,22475,fYHs_0mYLic,UC944GuW0gSM0srEsZSZRQEQ,development,1
30,5155,22477,mdjHbVQIRz4,UCV_4W6LL-Iwh0UaT_B6exQg,development,5
30,5156,22479,B_a5frZgbYw,UCuJmg9Gw1uO-JGVLk9iACDw,development,2
30,5157,22481,rBb748SIN1M,UCLUdRTS-2ikibEqhMRe2qUQ,development,5
30,5158,22485,PAyLW2nZGyo,UCmxLF29mnXea_nL5kaOqD2w,development,3
30,5159,22490,EtS_nrw9Io8,UCIKg0Ev6Vq2M7hU7bL_jHFQ,development,3
30,5160,22495,LIOj3I2ZUts,UCQTcNhAZidy1i9wwmdgf2Lw,development,4
30,5161,22496,bhfbGfLyPcc,UCgnFSj7jQffD5V5m05j4dPw,development,5
30,5162,22500,vStLBfoBaSQ,UCCK3OZi788Ok44K97WAhLKQ,test_reserved,
30,5163,22507,crJgWpSu_Ls,UCcijXxFzSXgoM6q9cCtT9PA,development,2
30,5164,22516,DcwSnw5yjis,UCCK3OZi788Ok44K97WAhLKQ,test_reserved,
30,5165,22518,GI0z-0EEObw,UCaESx7Bdghv_UICcG1hBkcg,development,2
30,5166,22519,_zh5ovGk0WM,UC_d3UQ1v8KP1JNFOBmV63xA,development,5
30,5167,22527,0f32vs_6_O4,UC7-JGEBb4S3an5tS96rlHaQ,development,3
30,5168,22528,352zS0DGczY,UCUYXSaH7gW9DGZHItFsvJ_A,test_reserved,
30,5169,22529,qsV9_5_lozg,UCqrqt9Egbp4Voh3iEUUoorw,development,3
30,5170,22539,xlqJdrYET74,UC8qBNfgWRK_WYYGSmmrfgPA,development,4
30,5171,22541,b8Phzvei5Vc,UCg22fUwQQF-7Sf6-TIVIFrA,development,1
30,5172,22543,8AUoIgQKfec,UCOk9zSvzL_G02l8-5o2J0aw,development,4
30,5173,22544,pc8ayycZO_I,UC5NJWHF4x-DWCWgNGQfMqmA,development,4
30,5174,22548,yAR4SInFmZk,UCckltLEhFLv8Xz_lQhYfwmg,development,1
30,5175,22553,6-qm00-KFZo,UCKkRSuLQBs2oErUCgivn8mw,development,2
30,5176,22557,MNOa9fpQGDA,UC1dfhQyj962rwYPVLi3OHLg,development,3
30,5177,22559,y3nZxYowIc0,UCn0XmAUFv6d2tofMFEesSNw,development,5
30,5178,22560,mLqJPYFHhZU,UC-lJDdyLYyv47bXu5uUc5rQ,test_reserved,
30,5179,22562,SGfAZ6ZVYRw,UCOtYyt7W5PmPnwQjWWF_Z-Q,development,3
30,5180,22564,_aVnGMjMUow,UCcMQKrccZ9c0_GNyXWo8jLg,development,2
30,5181,22566,NqvG9bASDdM,UCaESx7Bdghv_UICcG1hBkcg,development,2
30,5182,22569,gpHRpude8t8,UCcxDOjzjxdaGfT5NiN5M8mg,development,2
30,5183,22573,FCNBRGFVngU,UCckltLEhFLv8Xz_lQhYfwmg,development,1
30,5184,22579,Y2rfwOTY1kQ,UCxPYVvthidICJb75llNXktg,test_reserved,
30,5185,22585,tHmvYVjEhCo,UCPJRtoh7x7vEw0-d59JwKiQ,test_reserved,
30,5186,22590,qx1LndifGRE,UCXJm14vFoWrYud1ZXCiHj3A,development,2
30,5187,22594,yvzaFvBW5t0,UCA5xW2Ce7KT2AtxzDYDebCA,development,4
30,5188,22595,dPOXrqzPw4c,UC1YGPDtctHGJWW0NrlQVklw,development,5
30,5189,22596,nCik4yEIe9w,UCh1YbG4SC-R5fBxZgMMuRww,test_reserved,
30,5190,22602,aaTzcq9fDnk,UCVfnhhDIkkBJ_1QyzCqeVDg,development,2
30,5191,22606,XVxATdDmC5I,UCj1dU6sfWVtm1AeD1yT7iFQ,development,2
30,5192,22607,1tucPqd5VDw,UC_0KqdgCMvhbpYcp9JaqQRg,test_reserved,
30,5193,22608,GaxbMhslaYg,UCaESx7Bdghv_UICcG1hBkcg,development,2
30,5194,22609,pIPB2ljNgBI,UC1YGPDtctHGJWW0NrlQVklw,development,5
30,5195,22618,wn8I7vQfKwI,UCidNC9-9DsHj3FmP5N42Lqw,test_reserved,
30,5196,22621,czZfytqq8YI,UCKMhiMmqyu2uAl8T3LZiEjQ,development,3
30,5197,22622,WLZCzWizI6U,UC6_QBGzvw98NQApyx4J8CeA,development,5
30,5198,22624,2dobpLFvZkc,UCT83ymyAGm7Gnk_4ifxjxIA,development,4
30,5199,22626,chFNxpB-2IY,UCRDDfbYPHX_GUJ4lcQYTc8A,development,2
30,5200,22627,dl-NSF51iXU,UCcg4tDKgPLIc_x3lhWdogLg,development,4
30,5201,22639,ueKDwPm5AvU,UC_0KqdgCMvhbpYcp9JaqQRg,test_reserved,
30,5202,22640,_kq0DR-3y44,UCQTcNhAZidy1i9wwmdgf2Lw,development,4
30,5203,22648,HDeuHIBjcY0,UCcwCsuV7bOpTfqf2UvLfYmg,development,2
30,5204,22654,Wot15Zf9lDQ,UCgnFSj7jQffD5V5m05j4dPw,development,5
30,5205,22659,AUPIRYEpM3M,UCSfmHr5cQvlVKR2f6p8T01w,test_reserved,
30,5206,22663,KINzCU2Yk68,UCaCnmd0sVADrw8228hCBnlA,development,4
30,5207,22672,f5BJXIL_Ss8,UC12K2QZlfWLq_8FmZfB23Yw,test_reserved,
30,5208,22678,H9IgrZXePr0,UCTlVnv2IrpdHPiB4PeaH6Lw,test_reserved,
30,5209,22680,jFQZttXK83s,UCckltLEhFLv8Xz_lQhYfwmg,development,1
30,5210,22682,ymSv9ith9xI,UCwt4zdWrmnBpglCHb1ArREA,development,4
30,5211,22690,nuwrv5j2lJY,UCf2Iar2LDcFaSCnVH1ZMUkA,development,4
30,5212,22694,K45L7vlUAEc,UCP0FKFuz9j2Dp-QDr-Dv_0g,development,5
30,5213,22695,_gKsMlnTL7o,UCcJpqRpi5w9OV11xtYgUSUQ,development,3
30,5214,22706,jwjinYZyUzo,UCl49ihCGkE4RVEqoHu4KFJQ,development,3
30,5215,22708,X1NvYj0UCQM,UCPXSUKHTNc1_hnHuj-UiQWQ,development,4
30,5216,22715,a-vLcG9MX04,UCr5BVR_ePEz_9V-KF5rSEmQ,test_reserved,
30,5217,22720,SbH_fpxp1M4,UCXO2GYY8mFe0WTlIu81ZkuA,development,2
30,5218,22721,D9kTrFnE2aQ,UCbS_glb2N1NVTrDLVryRbng,development,4
30,5219,22723,3g59ut8V0QA,UCckltLEhFLv8Xz_lQhYfwmg,development,1
30,5220,22726,r9-1WkrILWs,UCcijXxFzSXgoM6q9cCtT9PA,development,2
30,5221,22735,uLPEQWuc-5w,UC1IwzRoyy-eroP1ZbQxXxag,development,5
30,5222,22748,00iwX48OoFc,UCjfjJjblqn8jzs1EnaDVqEw,development,5
30,5223,22751,pNDMcW5HN7c,UCCK3OZi788Ok44K97WAhLKQ,test_reserved,
30,5224,22752,OthuQgdwl5I,UCQTcNhAZidy1i9wwmdgf2Lw,development,4
30,5225,22753,MhgAHHHI2Vk,UC1YGPDtctHGJWW0NrlQVklw,development,5
30,5226,22755,8KB852mx7u0,UC2RlY2LHoGOoaU8qRI9sZ9g,development,4
30,5227,22759,5MIr6SpVPBs,UCcg4tDKgPLIc_x3lhWdogLg,development,4
30,5228,22760,Ib6mKeab2i4,UC5_mCvFp3zgtxoX1W9yHHHQ,development,1
30,5229,22764,1qYhpQQRl4k,UCcrsFwwoMvcXYpJ0XldIlVQ,development,5
30,5230,22768,8xtNcgihUf8,UCQTcNhAZidy1i9wwmdgf2Lw,development,4
30,5231,22769,AvHljTv0JCk,UCyaIoiqUyGoO7u6jIZm3h6Q,test_reserved,
30,5232,22771,LWn3rZ_LLHs,UCuTgmLxqarTxuBU5ARMYUNQ,development,5
30,5233,22776,7B2drzg-fzw,UCsLoRcb3FvB-uK3F1_zqXbw,development,1
30,5234,22780,AVaJKdlwQ3k,UCCK3OZi788Ok44K97WAhLKQ,test_reserved,
30,5235,22781,znY4Hbqw2ec,UCbVw-Yr6A7L4hPi8W6zsQlw,development,3
30,5236,22792,ekcPax9wJ_A,UCCK3OZi788Ok44K97WAhLKQ,test_reserved,
30,5237,22793,xPrpkCXww7A,UCJojbxGV0sfU1QPWhRxx4-A,development,1
30,5238,22800,7C0vg6x4UiY,UCCbm1E52PV05ZLv6dtRB92Q,development,5
30,5239,22802,y1r6zu0wYgA,UCckltLEhFLv8Xz_lQhYfwmg,development,1
30,5240,22809,xOZU8Hc7UjU,UCVXCitEEweQox0oyIsJONrQ,development,3
30,5241,22810,WGoINAEFeT4,UCCK3OZi788Ok44K97WAhLKQ,test_reserved,
30,5242,22814,T0YyzYRHf9U,UCDWDuArgzMjvihWp47GYzKw,development,2
30,5243,22816,0OErfDBLPoo,UCVqfoMNwM8SIpL6BMGTZbcA,development,5
30,5244,22820,nZRXPTCHcwg,UClBC9kT7SSFliwTgLQ7Ms4g,test_reserved,
30,5245,22830,sWig7svWNBY,UCbS_glb2N1NVTrDLVryRbng,development,4
30,5246,22837,ZJNh1ljF2rU,UCckltLEhFLv8Xz_lQhYfwmg,development,1
30,5247,22840,ntuv88u7NYo,UCn0XmAUFv6d2tofMFEesSNw,development,5
30,5248,22841,Ll7bRQCDo0Q,UCckltLEhFLv8Xz_lQhYfwmg,development,1
30,5249,22845,sOxQc9h_oyA,UCp3vt0JWTbhd15j9PSn3RnQ,test_reserved,
30,5250,22846,RQEJoa0DNC8,UCkEC1Cni_4S08XLUPk4e40Q,test_reserved,
30,5251,22848,Er3iP322g9w,UCm8I2aLYgPm_gdzw4SSkiGg,development,2
30,5252,22850,rpnPObrWB3A,UCgnFSj7jQffD5V5m05j4dPw,development,5
30,5253,22853,ynoUWoP-QpM,UCZWXOdFyxE0frP_uXHN_BJw,development,1
30,5254,22855,V6txp-HEbgg,UCwRAPq0zLdVsb440xKGBx2w,development,1
30,5255,22858,ARgw3A3nHak,UCoPGkvh-1AoSzh23-ROXrpw,development,2
30,5256,22869,rL1ivO9PZpc,UCckltLEhFLv8Xz_lQhYfwmg,development,1
30,5257,22873,s8JgX4Ybv8Q,UCyZS69UpW-wtQvZxnLtDx1A,development,2
30,5258,22879,mM-Rq771LT4,UC1YGPDtctHGJWW0NrlQVklw,development,5
30,5259,22880,nRwW48KG92c,UC1ixNJgWmSq34rDBnh78CTQ,test_reserved,
30,5260,22882,wZK0lTcmYaI,UCT83ymyAGm7Gnk_4ifxjxIA,development,4
30,5261,22885,yZvwNXQwOD0,UCCK3OZi788Ok44K97WAhLKQ,test_reserved,
30,5262,22892,gl43140ffLg,UCLA8Ovy_NPAwMWvr8IEDquw,development,4
30,5263,22895,Ld625mCFx7w,UCVqfoMNwM8SIpL6BMGTZbcA,development,5
30,5264,22897,pQlIZm-avHc,UCoz7UhbfPFJyljIIV2saR7A,development,3
30,5265,22898,zuClB3R8H6s,UCMxeqmVKOqiqh7V_A3h4gfA,development,2
30,5266,22908,toEeQndkTGU,UCCK3OZi788Ok44K97WAhLKQ,test_reserved,
30,5267,22916,wZVVcVwqlpk,UCV-q7cRK5yFYEFzWuoQOmQQ,development,4
30,5268,22923,1I1ay9UvHo8,UCVBt_Exv9FMcM6F09AZNcew,development,1
30,5269,22927,D3qVAL9xbjM,UCESLkkRAOvtHzG-wF7TNofw,development,1
30,5270,22933,rL6oGaEiD4A,UCtEz7PSfmMS8lL1tzI3k9ZA,test_reserved,
30,5271,22939,elPYpBt3PQQ,UCAQgyaqfCKo7O2EpXuf9X3g,development,5
30,5272,22942,GCn1APIO2U4,UCbS_glb2N1NVTrDLVryRbng,development,4
30,5273,22949,dZ7igQmAHb4,UCmwIKQQjwpjNT8OQ_VZuRfg,development,3
30,5274,22955,IJnnrqxeGak,UCW_dWq1AfuNLqbZuoc6_Clg,development,4
30,5275,22959,P4VhSFnE4jU,UCfQfw--8dPGypR7sGcXJz0w,development,5
30,5276,22967,hlRDstiZ_jc,UCCK3OZi788Ok44K97WAhLKQ,test_reserved,
30,5277,22969,wFoP_q3E4zk,UCGyG2Xkr4xR73xgQMXNi8_g,development,5
30,5278,22972,gGnLYJfhTxI,UCqrqt9Egbp4Voh3iEUUoorw,development,3
30,5279,22984,zy52R4YvV1I,UCxood6HxMjFCIoHa2dRI1Cg,development,3
30,5280,22988,LShoPXc0NK0,UCoNaQS6wefjNVFkwvxrzAYw,test_reserved,
30,5281,22992,9qxE2D8YD0o,UCaESx7Bdghv_UICcG1hBkcg,development,2
30,5282,22995,t2urIYOdHfQ,UCu3jIK2NBSXc0_YaFqEuIrg,development,2
30,5283,23002,RaHMp_8i1ZI,UCaIc6SgS90ud_RgMSC6hW_w,test_reserved,
30,5284,23006,VZ4CfoFBYB0,UCXFiIVHYqQmgpmIi7KChMkQ,development,1
30,5285,23010,sD7MGFOQr_U,UCuQ0Z6UmOOZ5JmsniU20Myw,development,2
30,5286,23013,7E8FrRIEUAM,UCckltLEhFLv8Xz_lQhYfwmg,development,1
30,5287,23014,Xxv14fY2Hdk,UCOtYyt7W5PmPnwQjWWF_Z-Q,development,3
30,5288,23028,kpPppnS_ngw,UC7QG4rQ_1Y7vM7PFIVRfmMw,development,2
30,5289,23030,SnK7QU_SLu8,UCZ-RBSr_ZD-jWWDgZmFyZyw,test_reserved,
30,5290,23032,-EKEBtqlbs4,UCCK3OZi788Ok44K97WAhLKQ,test_reserved,
30,5291,23037,m9s3cTQC05k,UCckltLEhFLv8Xz_lQhYfwmg,development,1
30,5292,23038,HASMrhiypFs,UCAH7R88V7gz7RqJv78nNOzg,development,3
30,5293,23041,H7CRgEWDhtY,UCQNgAoq_8JvzI5buAqhgL_A,development,1
30,5294,23044,4xJ3VuTmufc,UCCK3OZi788Ok44K97WAhLKQ,test_reserved,
30,5295,23045,RHg0-HZEn5k,UC-GRFwciK7JiP8T4tl0pftQ,test_reserved,
30,5296,23046,C9tX7PUtIKY,UCIoyIVPZEfC2p0dQwAxGiEw,test_reserved,
30,5297,23047,5xcj32F1jMY,UC6MkngMDyobFNaXOZR0ukyQ,development,1
30,5298,23050,te78e5ImfUI,UCqrqt9Egbp4Voh3iEUUoorw,development,3
30,5299,23054,H3oW51SMCEA,UCCK3OZi788Ok44K97WAhLKQ,test_reserved,
30,5300,23059,ylsWdTRCxYs,UCy8ao-puUtb-1Y0L6xSItOQ,development,3
30,5301,23067,mGVWMoHWBOM,UCcijXxFzSXgoM6q9cCtT9PA,development,2
30,5302,23068,PgzhM0j98E0,UCuGDIseJA12zshqpeL19yDg,development,3
30,5303,23076,afkL3yQi5bo,UCCK3OZi788Ok44K97WAhLKQ,test_reserved,
30,5304,23080,aXlRA9DyZv4,UCQTcNhAZidy1i9wwmdgf2Lw,development,4
30,5305,23086,g_NzwNvXgP8,UCOtYyt7W5PmPnwQjWWF_Z-Q,development,3
30,5306,23092,CEU993cln78,UCbS_glb2N1NVTrDLVryRbng,development,4
30,5307,23099,kImbfFcVlXw,UCm3mXl7hQbHVMxhKaOeEhYA,development,4
30,5308,23101,dWmIvzR1JMU,UCOtYyt7W5PmPnwQjWWF_Z-Q,development,3
30,5309,23102,hLX_6Nn-zm0,UCuW9OiaVwvoOraW1Jcc3_uA,development,2
30,5310,23107,xDBm1ly4jRo,UCckltLEhFLv8Xz_lQhYfwmg,development,1
30,5311,23108,4tqwezgWZpQ,UCckltLEhFLv8Xz_lQhYfwmg,development,1
30,5312,23110,v4AIfc0izes,UCgnFSj7jQffD5V5m05j4dPw,development,5
30,5313,23111,D6y6ujLGvo4,UCacIRbbu-hgx4sRW6tZPRoQ,test_reserved,
30,5314,23113,QIc89NZ7WQU,UCCK3OZi788Ok44K97WAhLKQ,test_reserved,
30,5315,23115,X3aBtdxAT-U,UCcijXxFzSXgoM6q9cCtT9PA,development,2
30,5316,23117,Q2BKhpTV_rs,UC1YGPDtctHGJWW0NrlQVklw,development,5
30,5317,23120,di1j0J7kC_E,UCckltLEhFLv8Xz_lQhYfwmg,development,1
30,5318,23123,jRku2hvUZUQ,UCh9qXeL8eP3Txra2908xksg,development,3
30,5319,23124,Wvk4fml7Wwk,UCZbnxyWoZa7XqECasHrR7Ww,development,4
30,5320,23130,7-EsNQeD9Do,UCj5dmKmfkAR5Y4y_d9FW3og,development,4
30,5321,23134,CrKyEqqnjrA,UCckltLEhFLv8Xz_lQhYfwmg,development,1
30,5322,23136,oomWaYAcO_4,UCNEf722QEvvmyGaT0HsKxRQ,test_reserved,
30,5323,23137,5cEggwOJHhc,UCgnFSj7jQffD5V5m05j4dPw,development,5
30,5324,23139,jxeO_UPfSiU,UCckltLEhFLv8Xz_lQhYfwmg,development,1
30,5325,23142,ZJpyJ_HXoRY,UCN5KMxQbOwIrbmJmsR4ojhA,development,4
30,5326,23144,JFL-lplOzaQ,UCckltLEhFLv8Xz_lQhYfwmg,development,1
30,5327,23145,7aLVEva135k,UCe4g8BqxCBVICI2OTCLdedg,test_reserved,
30,5328,23148,9FdiC-3NLTI,UCaoUDHP-lpKY06Y3axFEmew,test_reserved,
30,5329,23149,NV3pV3Qu48Q,UC4EtZkAiRfpNl1QRxWTuXaA,development,4
30,5330,23151,juRHO1sbO_Q,UCgnFSj7jQffD5V5m05j4dPw,development,5
30,5331,23157,xBinCrh7EKQ,UC1YGPDtctHGJWW0NrlQVklw,development,5
30,5332,23158,TX_fAZEAYf4,UC5dezjl-rF4Sw6BRPM8Q6Zg,development,2
30,5333,23161,ROMyNggKx4g,UCc30sTBdN9LRSxEuHaXV_bQ,test_reserved,
30,5334,23163,up-VtFaEpY0,UCcijXxFzSXgoM6q9cCtT9PA,development,2
30,5335,23164,TWb1Kf3sAg0,UCYmEcbCgb9yxZZJGH1rtn_Q,development,3
30,5336,23169,dJZYIOHE01o,UCckltLEhFLv8Xz_lQhYfwmg,development,1
30,5337,23171,WotAresSHVo,UCyrW9aDENkU6G6URdVFwB9g,development,1
30,5338,23185,P-6-zLn81eQ,UCCK3OZi788Ok44K97WAhLKQ,test_reserved,
30,5339,23190,myt_clagK1w,UCVqfoMNwM8SIpL6BMGTZbcA,development,5
30,5340,23193,5WzjCz6ii5w,UCckltLEhFLv8Xz_lQhYfwmg,development,1
30,5341,23201,A1mqSS6IubM,UCbR7juPwtP-bV_w0840ciYQ,development,3
30,5342,23203,DIQNiyE5vOY,UC4Pb9SEsCb1EpsXVYAVVajw,test_reserved,
30,5343,23207,Y8yC6xN-Ktg,UCCK3OZi788Ok44K97WAhLKQ,test_reserved,
30,5344,23211,NXItzZrRahw,UCuQ0Z6UmOOZ5JmsniU20Myw,development,2
30,5345,23218,ZQyxzJvanwY,UCzNxbzqN0to4GNb9otFuGJQ,development,1
30,5346,23220,XJHocYzlVaI,UCXfgx23Lw81I4wsCNhdVBgw,development,4
30,5347,23242,JncYmvXc-Ac,UCmGMChEd9jBucufrWcpk3Ew,development,3
30,5348,23248,7KEl32u7Wwk,UC1CkcuwxCW_dIchuR0tTCJw,development,4
30,5349,23249,FGvg0oV5qEo,UCqrqt9Egbp4Voh3iEUUoorw,development,3
30,5350,23254,0vXltST0BA4,UCoPGkvh-1AoSzh23-ROXrpw,development,2
30,5351,23259,36JI4wmePYI,UCbS_glb2N1NVTrDLVryRbng,development,4
30,5352,23260,NdzyTQTjZOk,UCkagcQYGoYFuXsUg-ObSL6A,development,5
30,5353,23262,AzHd7C2fdMo,UCq3WWAoJj0DOQC3G7ri1cug,test_reserved,
30,5354,23263,oapubFlkzC0,UCzNxbzqN0to4GNb9otFuGJQ,development,1
30,5355,23264,KdgrephX50o,UCU9pquukCdVxwA6Hptvf_Tw,test_reserved,
30,5356,23267,zI2vK0S2lb0,UCMz5OIRJhEHlbyfbzN_I1ag,test_reserved,
30,5357,23268,zUeuc1hUsKA,UChDDErhFN18hQ-NifYMMbVA,development,4
30,5358,23272,_pwvDy-kD-g,UCKrtxx7ukDTuCSvLBiUIt8A,development,1
30,5359,23278,W53417wup0Q,UCQIWzvLOlB4tu84TtOTJCGg,test_reserved,
30,5360,23279,UBwfBXNu_KU,UCA5xW2Ce7KT2AtxzDYDebCA,development,4
30,5361,23280,C9-_VddFk04,UCMQg72D9bcWjW-umvECrcAQ,development,1
30,5362,23283,n48h9l2Gk88,UCOHyRrRuD2zGCkpuCAlyOyA,development,3
30,5363,23289,Zj3Exnkc0_g,UC265AWt6bbPKJcmpQwhif2A,development,3
30,5364,23297,yk0aX42fhAc,UCFuP4DmMM9LZOMoa86vsZig,development,4
30,5365,23305,_JfcQozW4Us,UCnkon33rksDXo3qChhTs5Vw,development,5
30,5366,23306,HMBLJGZGHQ0,UCnkon33rksDXo3qChhTs5Vw,development,5
30,5367,23323,p2zcftEf2gs,UCpRnLw-i6ep13w_vh9M9k-g,development,2
30,5368,23326,bCwWodYjkjs,UCckltLEhFLv8Xz_lQhYfwmg,development,1
30,5369,23330,giGVm5pozOE,UCNEf722QEvvmyGaT0HsKxRQ,test_reserved,
30,5370,23332,I4w9dIXb4jA,UC0tV1b7IFEXFUUILF7mAcWw,development,5
30,5371,23336,K0r1VtxwXO4,UCFuygvMWDiyNyxxFe347H9w,development,4
30,5372,23338,4RHsRSTBuuY,UCi7NA4jgRbTDZG50Gku70EQ,development,2
30,5373,23341,TS0we4bDvUM,UCNEf722QEvvmyGaT0HsKxRQ,test_reserved,
30,5374,23343,zKbK_Q2DK74,UCCK3OZi788Ok44K97WAhLKQ,test_reserved,
30,5375,23351,7X3gMWqERx4,UCCK3OZi788Ok44K97WAhLKQ,test_reserved,
30,5376,23353,Jq9Ql7o4nNU,UCckltLEhFLv8Xz_lQhYfwmg,development,1
30,5377,23358,0-KDZcSHvzM,UCu_uRk4D5klE6p_SBLVOWaQ,development,3
30,5378,23361,5cnxsCMeSVk,UC8ZmvQOUKiu6SmICTXzjFnA,development,5
30,5379,23362,68NBZdJJdws,UCPXSUKHTNc1_hnHuj-UiQWQ,development,4
30,5380,23365,Vw52_NBTcf4,UCcijXxFzSXgoM6q9cCtT9PA,development,2
30,5381,23371,mZbVxaV98kk,UCckltLEhFLv8Xz_lQhYfwmg,development,1
30,5382,23374,V_KyGoQdpQ0,UCcijXxFzSXgoM6q9cCtT9PA,development,2
30,5383,23378,sE8x0RiTZhI,UCPXSUKHTNc1_hnHuj-UiQWQ,development,4
30,5384,23380,NimbKQY6ews,UCTGZsXT7xZXB-hBvdpusI9Q,development,4
30,5385,23381,3FQe3dT0Gc0,UCkzFXIie723z4vsYAMsMGsg,development,4
30,5386,23385,C1FEmZ6MvpY,UCZ6MS5ygBzz25PnSMaAw8PA,development,3
30,5387,23387,oO8rNbnmUzY,UC8lKgUHo-2mSR5cRRXO9xow,test_reserved,
30,5388,23388,Ko3y1bYoQ1o,UCkagcQYGoYFuXsUg-ObSL6A,development,5
30,5389,23392,peToDd54iD0,UCsDDVBdzvMMZaQtF8vaC9bg,development,3
30,5390,23396,B6HA2cjaMY0,UCBJaPGaEaIjpYsYHDV0nMBw,development,3
30,5391,23407,E8Ru3iS3CHU,UCAewO1gshtHXVsOdxd03gkw,test_reserved,
30,5392,23411,PASxjFucqWY,UCgnFSj7jQffD5V5m05j4dPw,development,5
30,5393,23415,mEDeRkCtmgc,UCCK3OZi788Ok44K97WAhLKQ,test_reserved,
30,5394,23417,HIs8z-OVbS8,UCx7lEnwLHxO9yPjOotGb-bA,development,2
30,5395,23423,1JNRem8Ag0Y,UC1hcl0aIr9KtXA-Kiq9itqw,development,3
30,5396,23424,5INEWkmblJo,UCCK3OZi788Ok44K97WAhLKQ,test_reserved,
30,5397,23427,Hr8_I_J1YCk,UCacIRbbu-hgx4sRW6tZPRoQ,test_reserved,
30,5398,23428,i0VtYriKcjE,UCCbm1E52PV05ZLv6dtRB92Q,development,5
30,5399,23429,197oWUCh0M4,UCckltLEhFLv8Xz_lQhYfwmg,development,1
30,5400,23431,R0-KlQTmj-4,UCAKva-D2Y1d2ZuWhZfAlalw,development,1
30,5401,23434,k7tyYs1dxcY,UCrX70F3Raylk2fXAT8Xc1Zg,development,3
30,5402,23444,ruWmYjP1pvo,UC9Slp55-nJIx-q1g_TJEY3Q,development,5
30,5403,23450,jE2pkzXZQZk,UCCK3OZi788Ok44K97WAhLKQ,test_reserved,
30,5404,23459,Eg4MOYLDQu4,UCbS_glb2N1NVTrDLVryRbng,development,4
30,5405,23462,-lDbbFccBaE,UCCK3OZi788Ok44K97WAhLKQ,test_reserved,
30,5406,23465,eChHLLVEkzI,UCckltLEhFLv8Xz_lQhYfwmg,development,1
30,5407,23468,QM-KL_vVBzA,UC0tV1b7IFEXFUUILF7mAcWw,development,5
30,5408,23474,gNl7M1_LEN8,UCXRnXDVoCjqUN_sOJweAXyQ,development,5
30,5409,23480,XkEXUmWJtgk,UChiooF2byqPuqvdvPZj7owQ,development,1
30,5410,23487,VL_s4c1n_wE,UCmAZwdFQyvTnrAVx5IqILgg,development,3
30,5411,23488,GXNBG5txCmY,UCckltLEhFLv8Xz_lQhYfwmg,development,1
30,5412,23492,PGQUUXMIQso,UC2b5VAYjsOfepl9nAXgRmfQ,development,4
30,5413,23496,h9JV9VxYtBk,UCcijXxFzSXgoM6q9cCtT9PA,development,2
30,5414,23499,zDcmfH2usjI,UCAqSq3iNGYSbw9mSFzVIANQ,development,4
30,5415,23500,feVvVb3QEjg,UCu_V8lfzyGspxP-LNFowW9w,development,1
30,5416,23502,1uQ_KfnKhAE,UCckltLEhFLv8Xz_lQhYfwmg,development,1
30,5417,23505,RZ5jwb8bB2w,UC3ptIFUr1EMRol7IEwA2AJA,test_reserved,
30,5418,23506,qlPcjF6rY_M,UCckltLEhFLv8Xz_lQhYfwmg,development,1
30,5419,23509,O4pUcQVc4XI,UCbS_glb2N1NVTrDLVryRbng,development,4
30,5420,23514,WNhjAdmNQJk,UCcrsFwwoMvcXYpJ0XldIlVQ,development,5
30,5421,23515,aWGU7FL77Bw,UCQxYcvX5hnGJvuTFzKng-Vg,development,2
30,5422,23522,sO4eDrbnQZI,UChcZLMu9ldVC7IUvh33BUgg,test_reserved,
30,5423,23528,-kSBg4Pa2BI,UCMayHG7j39d11Gh36vV7GnQ,development,3
30,5424,23543,3iyuV-hxZwI,UCckltLEhFLv8Xz_lQhYfwmg,development,1
30,5425,23547,_YrTm4HHO40,UCAH7R88V7gz7RqJv78nNOzg,development,3
30,5426,23555,m4Rkc0PQAIE,UCCXHDSRJKfNBLNJmIegx8Lw,development,4
30,5427,23557,8PvNmMAEc6o,UChdRlRaJpIhRYoHvXwFxRKA,development,3
30,5428,23558,RHsrXgpXUkk,UCckltLEhFLv8Xz_lQhYfwmg,development,1
30,5429,23565,jykb0L1Ycmc,UCQTcNhAZidy1i9wwmdgf2Lw,development,4
30,5430,23568,5VLF8kZNot4,UCCQ3mUIQTv2Snhw5Os0Yo5Q,development,3
30,5431,23570,Jvrx826Xivc,UCqrqt9Egbp4Voh3iEUUoorw,development,3
30,5432,23573,bJfGF80afKA,UCmKxhMStMwZZ1gdOg1YZQug,development,4
30,5433,23577,oIIS0MNp3nc,UC1YGPDtctHGJWW0NrlQVklw,development,5
30,5434,23578,PI9Hl3XODa8,UCOtYyt7W5PmPnwQjWWF_Z-Q,development,3
30,5435,23580,MffB6lJ3oGE,UCYweMykEAI5aaRztqrJuuAg,development,2
30,5436,23581,KNXhXmLHDR0,UCAH7R88V7gz7RqJv78nNOzg,development,3
30,5437,23583,6yVB_5IE6nk,UCsDDVBdzvMMZaQtF8vaC9bg,development,3
30,5438,23589,BA233idaOd8,UCbR7juPwtP-bV_w0840ciYQ,development,3
30,5439,23592,bOGNvaVvxI8,UCAH7R88V7gz7RqJv78nNOzg,development,3
30,5440,23596,BcyQPLhwnjU,UCCK3OZi788Ok44K97WAhLKQ,test_reserved,
30,5441,23601,HpCIPUYWmj0,UCckltLEhFLv8Xz_lQhYfwmg,development,1
30,5442,23602,VIZpHn4_xNA,UCAeBFsK2bmm5lkgy90uFiqw,development,4
30,5443,23609,9XqjEBQuC-I,UCjpGxXMEnHYxF_T9ZIeieqg,development,4
30,5444,23610,nrb7gkvR558,UC944GuW0gSM0srEsZSZRQEQ,development,1
30,5445,23617,cwTxtDCm4ik,UC8lKgUHo-2mSR5cRRXO9xow,test_reserved,
30,5446,23620,iEE4SGRxWSE,UClcIQJ6q-HsROoyWms8B8tg,development,1
30,5447,23625,oCAJRZnvuDE,UCoQrhbL8EqaiWTywvgPlriA,development,1
30,5448,23632,cu0ulyYN0X8,UCrhkgHTUdZXbCd69TNuQuMg,development,4
30,5449,23642,zgL34WgqKJQ,UCcolMq4s8q_GHPWeQNidprA,test_reserved,
30,5450,23647,mE5of7pDToo,UCXm0FsS7PXy0w5HeOkYMi7Q,test_reserved,
30,5451,23650,txup6dd3NBk,UCNEf722QEvvmyGaT0HsKxRQ,test_reserved,
30,5452,23653,w2AmU0RcO1A,UCM3bQBUJ0PEbgfe9lAw_Y3Q,development,3
30,5453,23658,30zelh1J7Y0,UCKdJeTmLiv-3ou9L5r1XUEg,test_reserved,
30,5454,23660,yK3TxJWqPok,UC61hH_E3HUjIweuWm20wuDg,development,1
30,5455,23661,rIWVFxcDSIo,UCOtYyt7W5PmPnwQjWWF_Z-Q,development,3
30,5456,23671,MkPR3hUc6X4,UCnOdVtDQL3J0U-v2EVT7Gsg,test_reserved,
30,5457,23672,Wczu4S2a3XI,UCOiMY00_ZLijPF6InrCl0TA,development,3
30,5458,23674,c-k0xdbRVWg,UC0fnN8-CgXOlHLjGc78e-0g,development,3
30,5459,23677,6Fu-fqIlpQI,UCYweMykEAI5aaRztqrJuuAg,development,2
30,5460,23687,b2f8oj3Ae18,UCckltLEhFLv8Xz_lQhYfwmg,development,1
30,5461,23688,FDRS6RUAC6w,UC1EM-s2v6U6Yyrmdv_Zwkbw,test_reserved,
30,5462,23696,IgCMFsWg2kg,UCh9qXeL8eP3Txra2908xksg,development,3
30,5463,23697,gus-WkfbVMM,UCCK3OZi788Ok44K97WAhLKQ,test_reserved,
30,5464,23700,OXTFOOTRH58,UCbR7juPwtP-bV_w0840ciYQ,development,3
30,5465,23701,YWS8N12zBOw,UCQTcNhAZidy1i9wwmdgf2Lw,development,4
30,5466,23707,x6yrlT5ilwM,UC2b5VAYjsOfepl9nAXgRmfQ,development,4
30,5467,23711,zeqPAkfFsVk,UCPXSUKHTNc1_hnHuj-UiQWQ,development,4
30,5468,23725,l1SLDXkLqQ0,UC1hcl0aIr9KtXA-Kiq9itqw,development,3
30,5469,23726,2Ofsj39daZY,UCV_4W6LL-Iwh0UaT_B6exQg,development,5
30,5470,23727,E8IoLqDqE7M,UC9Slp55-nJIx-q1g_TJEY3Q,development,5
30,5471,23729,Ati310Gy00M,UCIoyIVPZEfC2p0dQwAxGiEw,test_reserved,
30,5472,23734,28AfAFePMkc,UCckltLEhFLv8Xz_lQhYfwmg,development,1
30,5473,23735,c43qPXkHMdg,UCckltLEhFLv8Xz_lQhYfwmg,development,1
30,5474,23742,adD2Xvx2jfI,UCckltLEhFLv8Xz_lQhYfwmg,development,1
30,5475,23748,j0WNr6_o4x0,UCcijXxFzSXgoM6q9cCtT9PA,development,2
30,5476,23749,_qsi3zj_Tj8,UCV-q7cRK5yFYEFzWuoQOmQQ,development,4
30,5477,23750,FVqR428qTCk,UCckltLEhFLv8Xz_lQhYfwmg,development,1
30,5478,23756,oUs_000opqk,UCn0XmAUFv6d2tofMFEesSNw,development,5
30,5479,23759,TmU_ioP70pI,UCA5xW2Ce7KT2AtxzDYDebCA,development,4
30,5480,23763,AWlVbnHgTLE,UCfU_EkNq6OxL-RvZCx7f7wQ,test_reserved,
30,5481,23765,g3bnOS_sZ6c,UCQxYcvX5hnGJvuTFzKng-Vg,development,2
30,5482,23779,9f5cR4j1dkM,UC80S9x_1mLIq3Q21dG-iy5A,development,3
30,5483,23780,krzpikkk7-0,UCkagcQYGoYFuXsUg-ObSL6A,development,5
30,5484,23782,wTt7b0ctF0A,UCOtYyt7W5PmPnwQjWWF_Z-Q,development,3
30,5485,23783,y3vKm8zFbto,UCCK3OZi788Ok44K97WAhLKQ,test_reserved,
30,5486,23785,kwEpOMwJxcw,UCOtYyt7W5PmPnwQjWWF_Z-Q,development,3
30,5487,23788,rD1LC6UiUs4,UCbS_glb2N1NVTrDLVryRbng,development,4
30,5488,23789,EwoXx_Ti5k4,UCckltLEhFLv8Xz_lQhYfwmg,development,1
30,5489,23792,jrtZN9gAEkg,UC_YEDp_hEdqGHD6cYAHX0KA,development,3
30,5490,23795,xzgvoU_ZpbM,UCckltLEhFLv8Xz_lQhYfwmg,development,1
30,5491,23801,DY7r9UtA6hA,UCg0zAfITYvRiMXYzWXOn0cg,test_reserved,
30,5492,23802,3AmZCd6CBgc,UCcrsFwwoMvcXYpJ0XldIlVQ,development,5
30,5493,23805,eWh-65uI3kI,UCaESx7Bdghv_UICcG1hBkcg,development,2
30,5494,23815,1qo4Ts6zrjU,UCcbOsE5_4LEjtQi8X2PFxDw,development,2
30,5495,23820,wtkeJ75Yxqw,UCUz70SsT1TZzlwEqvSCpJRA,development,4
30,5496,23822,p-nNREU93H8,UCxood6HxMjFCIoHa2dRI1Cg,development,3
30,5497,23823,AoVzz62nFU0,UCbS_glb2N1NVTrDLVryRbng,development,4
30,5498,23831,iA4MjWekvOw,UCuJmg9Gw1uO-JGVLk9iACDw,development,2
30,5499,23837,71ix50GtqdM,UCtGwzTmbkXWhYwuVZQa3kVQ,development,2
30,5500,23842,RMbVufBfPVU,UCCK3OZi788Ok44K97WAhLKQ,test_reserved,
30,5501,23848,nVPv-pbXUGE,UCaIc6SgS90ud_RgMSC6hW_w,test_reserved,
30,5502,23850,5gVynN02Eig,UCfgEc6wWBbVbj8ZNQLltioA,development,5
30,5503,23857,uI-DFNITyCs,UCcpvzu2fNDZyKkQ6tETbHLw,development,4
30,5504,23859,7lPlvaatuTE,UCCK3OZi788Ok44K97WAhLKQ,test_reserved,
30,5505,23892,5pvqio7y6g8,UCFdCT7ZJCc9ax1yAqDCQPaA,development,5
30,5506,23894,BawgQzNWKSs,UCF11-Puqxb0jdeWNc7F_Fcw,development,2
30,5507,23899,AbzO4hA_rn8,UCqrqt9Egbp4Voh3iEUUoorw,development,3
30,5508,23901,r9GZVAhBQhE,UCPfU0uygBGutjaaJU5PpEvg,development,2
30,5509,23902,78jjVBTTG5A,UCCK3OZi788Ok44K97WAhLKQ,test_reserved,
30,5510,23904,mk7AUerBXQo,UCc30sTBdN9LRSxEuHaXV_bQ,test_reserved,
30,5511,23914,t2v0hMF8Ajo,UCbS_glb2N1NVTrDLVryRbng,development,4
30,5512,23915,4FIG82QgfbY,UC_YEDp_hEdqGHD6cYAHX0KA,development,3
30,5513,23916,DDRpazM_22c,UCq3WWAoJj0DOQC3G7ri1cug,test_reserved,
30,5514,23917,TJ07_WNPxkU,UCcijXxFzSXgoM6q9cCtT9PA,development,2
30,5515,23918,cx3JIijMGis,UCcbOsE5_4LEjtQi8X2PFxDw,development,2
30,5516,23928,Szwrds2Ik50,UCRB8mrLCcwTPlJOMUy9MDUg,development,2
30,5517,23932,6LxpDGFqx40,UC5fkr-uG2-yAEbwbJV-QIxg,development,1
30,5518,23934,VaBwbatcHm0,UCQTcNhAZidy1i9wwmdgf2Lw,development,4
30,5519,23943,II8vR5wIpOc,UC5-n2dfksESEt3ATmM6Uujw,test_reserved,
30,5520,23949,R3WX48des78,UCckltLEhFLv8Xz_lQhYfwmg,development,1
30,5521,23954,mMrKoMi7AA0,UCOtYyt7W5PmPnwQjWWF_Z-Q,development,3
30,5522,23955,gloY4BsFmu4,UCRB8mrLCcwTPlJOMUy9MDUg,development,2
30,5523,23956,JyNg7xubGAw,UC1YGPDtctHGJWW0NrlQVklw,development,5
30,5524,23961,1tJ7dk_JSPE,UCYweMykEAI5aaRztqrJuuAg,development,2
30,5525,23967,58FnGGAsVqk,UCbS_glb2N1NVTrDLVryRbng,development,4
30,5526,23970,jmBk_6oyofk,UCckltLEhFLv8Xz_lQhYfwmg,development,1
30,5527,23978,Dea0vmBNZ_w,UCKEKf35apTUvSLs-c1DCekw,development,5
30,5528,23979,T2FDQwz5kmM,UCCK3OZi788Ok44K97WAhLKQ,test_reserved,
30,5529,23980,mCgbRUeqKhc,UCRDDfbYPHX_GUJ4lcQYTc8A,development,2
30,5530,23982,dWD9vBUioFQ,UCn39xNZ42C93DHXbbRH2mgA,development,3
30,5531,23983,hQtFJzaObV4,UCcrsFwwoMvcXYpJ0XldIlVQ,development,5
30,5532,23989,OYQDnYUZwaA,UCbR7juPwtP-bV_w0840ciYQ,development,3
30,5533,23990,Ji0YQvw5Uas,UCOiMY00_ZLijPF6InrCl0TA,development,3
30,5534,23995,c6ETwBXloqM,UCoNaQS6wefjNVFkwvxrzAYw,test_reserved,
30,5535,23999,RpP4I5gh-Jw,UCAH7R88V7gz7RqJv78nNOzg,development,3
30,5536,24021,RWjt3N3MKoc,UCPjv6LrnnPDeCw80M6XZMEg,development,5
30,5537,24023,8v3lj6jl4hs,UCAH7R88V7gz7RqJv78nNOzg,development,3
30,5538,24029,tOOQ1nHA66E,UCnkon33rksDXo3qChhTs5Vw,development,5
30,5539,24034,NkkxXVC2wYg,UCFdCT7ZJCc9ax1yAqDCQPaA,development,5
30,5540,24042,d10JsVGEkt0,UClWSTWnXSIOK34ySODMm8Ew,development,4
30,5541,24046,_I6WEPh4be0,UCfuND8HywiC1G1T5s1t6ElA,test_reserved,
30,5542,24049,Dkwry3c2ugM,UCix7C1KG_SPtiMXommMExNg,test_reserved,
30,5543,24056,GNnB9nIqYv8,UCPXSUKHTNc1_hnHuj-UiQWQ,development,4
30,5544,24057,7xrRUNxLYzU,UCbS_glb2N1NVTrDLVryRbng,development,4
30,5545,24059,AMDxfqimguk,UCYf829WTg8Cpx_a-cPtgSQQ,development,4
30,5546,24064,rW9oFPVcxEg,UCCK3OZi788Ok44K97WAhLKQ,test_reserved,
30,5547,24066,J2YoakawDFU,UCBf296-OhUNfaDbtcYQ4RQQ,development,5
30,5548,24069,Ri0qzST0kvk,UCckltLEhFLv8Xz_lQhYfwmg,development,1
30,5549,24079,Wcj9m6cq43M,UCKd4c6Ke8GsuUWf2BnOI4WA,development,5
30,5550,24093,xVBOgi3LtvI,UCKBotsXrIQ4ZQlGGh-LuttQ,development,2
30,5551,24096,ZVZjQaE_jTA,UC0fnN8-CgXOlHLjGc78e-0g,development,3
30,5552,24097,DdqbDI-JAMQ,UC3tvYy-s84yySG7V85jRDnA,development,4
30,5553,24099,X1XjSoYeu_A,UCKdCJ4H-bWf48svKYdaFZhQ,development,5
30,5554,24103,YhZ48PiTPkY,UCAH7R88V7gz7RqJv78nNOzg,development,3
30,5555,24106,s1LzWVd-dyw,UC00vtrikOjfXvPYVdCk6h-g,development,4
30,5556,24109,a7ppAkoiVyQ,UCPXSUKHTNc1_hnHuj-UiQWQ,development,4
30,5557,24118,xzXpoiJMdSw,UCckltLEhFLv8Xz_lQhYfwmg,development,1
30,5558,24120,lhGx8YjQee0,UCAH7R88V7gz7RqJv78nNOzg,development,3
30,5559,24121,mNcroASSRrY,UCDRvVQA5TYL0TFYjA6jcHag,test_reserved,
30,5560,24128,OzbLktSd9_4,UCcbOsE5_4LEjtQi8X2PFxDw,development,2
30,5561,24134,NUHfEDDLMtI,UCpamW3WJjX0CgjWGsBxIm2w,development,3
30,5562,24140,6zHLE3Sr01M,UCMn4yJDLV2bPWGc5ZOucU1A,development,3
30,5563,24142,cLYF4Bxgucw,UC8ADWM4kdxtzzoDH3JI5hSg,test_reserved,
30,5564,24143,7Qy__o-L3dg,UCz8PUhYCR6pHTVQZqtAJKFw,development,3
30,5565,24155,QyCN0ac3jCA,UCPXSUKHTNc1_hnHuj-UiQWQ,development,4
30,5566,24160,t63Us34fKc0,UCZ6MS5ygBzz25PnSMaAw8PA,development,3
30,5567,24163,tTXXaYhuabc,UCckltLEhFLv8Xz_lQhYfwmg,development,1
30,5568,24165,SEJkMvG3lzQ,UCdYKWxPPJG4GBg_YdB33vKQ,development,2
30,5569,24171,gABvRJ9-eWM,UCkM9Dn8ZcDf8U2566xTIjAg,test_reserved,
30,5570,24177,MQTSNcx1Bzs,UCbS_glb2N1NVTrDLVryRbng,development,4
30,5571,24178,6v1Yr2QnKfg,UCn0XmAUFv6d2tofMFEesSNw,development,5
30,5572,24179,V-KIApO-hXA,UCckltLEhFLv8Xz_lQhYfwmg,development,1
30,5573,24181,TFqBpQtKFMI,UCIW2pneMPYovEjy2cwyJqPw,development,1
30,5574,24182,SwRfgUZZrLQ,UCcijXxFzSXgoM6q9cCtT9PA,development,2
30,5575,24188,15UabRZj6wg,UCdgWTRipbTuQsIiiPb6fB-A,development,5
30,5576,24190,6TC4LmKH-tY,UCkagcQYGoYFuXsUg-ObSL6A,development,5
30,5577,24193,G3L1VN8_tts,UCckltLEhFLv8Xz_lQhYfwmg,development,1
30,5578,24196,r2WOUs9wBNI,UCXm0FsS7PXy0w5HeOkYMi7Q,test_reserved,
30,5579,24199,xZ0bAjBAOVs,UCckltLEhFLv8Xz_lQhYfwmg,development,1
30,5580,24200,UqjFkzltEDM,UCRB8mrLCcwTPlJOMUy9MDUg,development,2
30,5581,24206,2IvLzS5U-6k,UChlvAvH3N7Xd29DuAJgv0Mg,development,1
30,5582,24208,C-oflNtUd8Y,UCAH7R88V7gz7RqJv78nNOzg,development,3
30,5583,24213,Au_bY-_BXQU,UCQTcNhAZidy1i9wwmdgf2Lw,development,4
30,5584,24215,DiKx2fPgcGI,UCrBzMpy0C8kRGCfjRG-F__A,development,3
30,5585,24220,X7talmfnqeg,UCbS_glb2N1NVTrDLVryRbng,development,4
30,5586,24222,xTkl7uQ365E,UCKpVunhV9C8UyXZ-5GtsH7A,development,2
30,5587,24232,1k-8ARkK5II,UCQTcNhAZidy1i9wwmdgf2Lw,development,4
30,5588,24235,VkUkgvdz4DA,UCZ8OO-3lypeUeAHeGSHwDUQ,development,3
30,5589,24247,MkrM2SEL9Ds,UCckltLEhFLv8Xz_lQhYfwmg,development,1
30,5590,24252,HZwS8oarcuo,UCCK3OZi788Ok44K97WAhLKQ,test_reserved,
30,5591,24256,X0aUNYiQRig,UCc30sTBdN9LRSxEuHaXV_bQ,test_reserved,
30,5592,24260,MESEcU6omIQ,UCAvDdYpu6UjCFlOepV7TNMA,test_reserved,
30,5593,24262,RcGqNvSkT7U,UCwsNWoSlQUyeWgbVQYZtLOA,development,2
30,5594,24266,XxdVg_AxW4k,UCTIi9jL0_XH6wCRyHDygl9A,development,5
30,5595,24268,hJd8ZOxS0PY,UCy-3y3BEH8dFhPsNEnO74Vg,development,5
30,5596,24274,PU21I5R18Ac,UC9SgyReu4QufMUTFhZYYEMw,test_reserved,
30,5597,24275,1CDHJHEICaM,UCHCCA-XX30GUBXRdi0fSy-A,development,2
30,5598,24280,u-kC13BTblQ,UCIKg0Ev6Vq2M7hU7bL_jHFQ,development,3
30,5599,24285,G8pOXveU6J8,UCckltLEhFLv8Xz_lQhYfwmg,development,1
30,5600,24286,28T856bPhVg,UCckltLEhFLv8Xz_lQhYfwmg,development,1
30,5601,24293,j6VROmVlYaY,UCGwSu8n08wtb7RVacaPs9Tw,development,3
30,5602,24302,biQOUPdkidM,UCkagcQYGoYFuXsUg-ObSL6A,development,5
30,5603,24306,ktRaFQ6BOSs,UCS4etFvWLvhVowAmj4dn45g,development,3
30,5604,24309,p6ncNNNLcgs,UC80S9x_1mLIq3Q21dG-iy5A,development,3
30,5605,24313,s72e42wW3LA,UCRDDfbYPHX_GUJ4lcQYTc8A,development,2
30,5606,24317,XtVfl2owqUs,UC265AWt6bbPKJcmpQwhif2A,development,3
30,5607,24322,l1nMms7eHdI,UCCK3OZi788Ok44K97WAhLKQ,test_reserved,
30,5608,24332,B58gG5KhPWE,UCckltLEhFLv8Xz_lQhYfwmg,development,1
30,5609,24339,4kb8yEvVCVc,UCaIc6SgS90ud_RgMSC6hW_w,test_reserved,
30,5610,24345,jLFS8jdBdnM,UCqDMvUe1Zy9QzR-F6X7B5pw,development,1
30,5611,24352,YYT0i_onUFQ,UCaESx7Bdghv_UICcG1hBkcg,development,2
30,5612,24355,Afprlre5wu8,UCG16kkV97IIrmL8SIt6saPw,development,4
30,5613,24356,MZaK6QjZT6I,UCCXHDSRJKfNBLNJmIegx8Lw,development,4
30,5614,24369,L-2tBu0_Hjc,UCekdpdajQ1JyGxUbmsN7nNA,development,3
30,5615,24374,vnIRw1R98d4,UCc30sTBdN9LRSxEuHaXV_bQ,test_reserved,
30,5616,24375,FhbGbh41Bh8,UCCK3OZi788Ok44K97WAhLKQ,test_reserved,
30,5617,24380,u8ZkyiDKUtM,UCn0XmAUFv6d2tofMFEesSNw,development,5
30,5618,24382,9_Z5tByWhvo,UCcbOsE5_4LEjtQi8X2PFxDw,development,2
30,5619,24390,5GAIiBjS2cw,UCoNaQS6wefjNVFkwvxrzAYw,test_reserved,
30,5620,24391,gxLDfxgt7-s,UCAH7R88V7gz7RqJv78nNOzg,development,3
30,5621,24394,-YlzGC5q3qg,UCRDDfbYPHX_GUJ4lcQYTc8A,development,2
30,5622,24397,C8_p96mjO9Y,UCix7C1KG_SPtiMXommMExNg,test_reserved,
30,5623,24401,fO-j9wOdcGU,UCo7jGFwywOdtesciwW-POqg,test_reserved,
30,5624,24403,IiV2Viwtfy8,UC8lKgUHo-2mSR5cRRXO9xow,test_reserved,
30,5625,24409,c-PZCGucGrs,UCS4etFvWLvhVowAmj4dn45g,development,3
30,5626,24414,8PGhoKOJmvY,UCh9qXeL8eP3Txra2908xksg,development,3
30,5627,24415,JUsq2OKyYjw,UCQTcNhAZidy1i9wwmdgf2Lw,development,4
30,5628,24427,tc6UaLiCDPg,UCckltLEhFLv8Xz_lQhYfwmg,development,1
30,5629,24429,dw0dMWp-amw,UCckltLEhFLv8Xz_lQhYfwmg,development,1
30,5630,24431,6chCK4yFTRc,UC8ZmvQOUKiu6SmICTXzjFnA,development,5
30,5631,24432,8gOTo20ukAo,UCckltLEhFLv8Xz_lQhYfwmg,development,1
30,5632,24434,NHMlT_IwZoQ,UCnTnjJyH0gAaVrDWiVrCsSQ,test_reserved,
30,5633,24438,YL6Vx9zzF9k,UCPdASwipemqGhpK-B-a12Ow,development,2
30,5634,24454,HIvG7Cz7wtU,UCh2Xwe7on2Oa2MBtk8zvEuw,development,3
30,5635,24456,Ll30zXI0Tww,UCfpYakGtM6UYxAjTWpUu1PA,test_reserved,
30,5636,24461,sZu1JkMD9K0,UC1YGPDtctHGJWW0NrlQVklw,development,5
30,5637,24472,KAzcfN-JsTY,UCo7jGFwywOdtesciwW-POqg,test_reserved,
30,5638,24474,uWGkXl2PASM,UCbS_glb2N1NVTrDLVryRbng,development,4
30,5639,24478,Iplh-XRRF7Q,UCm0pv4lhxFrDmiR8o8jfBLw,test_reserved,
30,5640,24480,uLxt08reyAw,UCT83ymyAGm7Gnk_4ifxjxIA,development,4
30,5641,24484,yxh7CZn_H7U,UCdvzidU6j1UdUBhaEw-LLuQ,test_reserved,
30,5642,24489,I2pGXY_gXuw,UCbS_glb2N1NVTrDLVryRbng,development,4
30,5643,24496,dTkTZO9UD-Q,UCU698FK0A1JkE2VADC4fQlA,development,5
30,5644,24497,FhSow74yUFc,UCenKxrud5MMWf6GCANWZ7tA,development,1
30,5645,24500,f2MZ_5LiMcc,UC3W16VfuU392bL3zrOdVGfQ,test_reserved,
30,5646,24503,TFt-aGMLYIY,UCDi0aVaBQ1KlA5WoHAbt0zw,test_reserved,
30,5647,24504,6xGzzUoXbLY,UCRDDfbYPHX_GUJ4lcQYTc8A,development,2
30,5648,24505,ku_GOzmpjHw,UCq3WWAoJj0DOQC3G7ri1cug,test_reserved,
30,5649,24510,qb_oeMl3TEw,UCFuygvMWDiyNyxxFe347H9w,development,4
30,5650,24511,gqt6BPITYGE,UClcIQJ6q-HsROoyWms8B8tg,development,1
30,5651,24530,Ng_WdfWAqPQ,UCgnFSj7jQffD5V5m05j4dPw,development,5
30,5652,24536,5kNikV2Mxv8,UCcg4tDKgPLIc_x3lhWdogLg,development,4
30,5653,24542,6qP69a9fzdM,UCl2s_wU_NKeue51sdiP1s0g,development,3
30,5654,24547,mVQdmwjHQ1M,UCOtYyt7W5PmPnwQjWWF_Z-Q,development,3
30,5655,24557,rrVb76Mug7I,UCQq_Qrz3HvOYtMm4gVIt7TA,development,4
30,5656,24560,6D1cd2P7hFo,UCRnlAD7oJTGIgNVBzWfxTfg,test_reserved,
30,5657,24563,t9ikaIeBxo4,UCN5KMxQbOwIrbmJmsR4ojhA,development,4
30,5658,24569,ogMNJMeIxDY,UCCK3OZi788Ok44K97WAhLKQ,test_reserved,
30,5659,24573,X_vX54cT6ng,UCkjcwbJJld7G6dCnfgl6qDA,development,4
30,5660,24575,K6dCReABqPE,UCamSAN6IFdxTRTbfSSrkiDw,development,4
30,5661,24577,P9Mp28AsIfo,UCCK3OZi788Ok44K97WAhLKQ,test_reserved,
30,5662,24592,9N-BCXZ7jsE,UCPfU0uygBGutjaaJU5PpEvg,development,2
30,5663,24594,9ea2rjjpPmo,UCfQfw--8dPGypR7sGcXJz0w,development,5
30,5664,24596,2ZDOP0HjoHE,UCc30sTBdN9LRSxEuHaXV_bQ,test_reserved,
30,5665,24597,AVQsEbNMipY,UCDoXItIw1akXVz4Gk_F8CDw,test_reserved,
30,5666,24608,fbj3kHvo0tU,UCaESx7Bdghv_UICcG1hBkcg,development,2
30,5667,24609,89MG7nvgJZA,UCcijXxFzSXgoM6q9cCtT9PA,development,2
30,5668,24612,1FG1-MEnJpM,UCZG9GCS1vbvb_BF5Sh43abw,development,4
30,5669,24617,9Zj64v78c7g,UCOtYyt7W5PmPnwQjWWF_Z-Q,development,3
30,5670,24619,qCWUHa3wzNA,UCQIWzvLOlB4tu84TtOTJCGg,test_reserved,
30,5671,24624,LFB7Ejlbtqk,UCqDMvUe1Zy9QzR-F6X7B5pw,development,1
30,5672,24629,Q1qdSeGYzfE,UCgwh9BV2dh6VFO7MxL36iNw,test_reserved,
30,5673,24631,ICQ-krxpjB0,UCl8Yel7dn0_zNl2O6bUP2tQ,development,2
30,5674,24640,NmAVoX6Wtcc,UCdZRFHIhq7TpUNSLXRlt7rQ,development,5
30,5675,24642,bkZZn3niIJQ,UC1YGPDtctHGJWW0NrlQVklw,development,5
30,5676,24645,7igECVUyk2c,UCCK3OZi788Ok44K97WAhLKQ,test_reserved,
30,5677,24647,thyCXEjH0MI,UCP591ev4r952IF-hXQDnw_Q,development,3
30,5678,24661,JkqMJ7QoNjA,UC1Q69efAtK3e652Mf2Z4pCQ,development,4
30,5679,24667,nNFawWnNxHA,UC0RxmX79uHOBvSKKYAQ7Axg,development,4
30,5680,24671,LtPX-7-X9pE,UCe6HjoReyFQoc4Q9SAmNAHA,development,4
30,5681,24676,twSGJvgx-XE,UCZd-LloJJ-8SyTOcqzTw7NQ,development,2
30,5682,24678,mCxRem5xiwo,UCq3nTkPujlH-ahNVYNCsTNw,test_reserved,
30,5683,24698,KALNqylZ20w,UCPfU0uygBGutjaaJU5PpEvg,development,2
30,5684,24703,uzEtcAcJtu8,UCT83ymyAGm7Gnk_4ifxjxIA,development,4
30,5685,24705,hU9LVcvsFnE,UCbS_glb2N1NVTrDLVryRbng,development,4
30,5686,24706,c_iXT4x_8Wc,UCQIWzvLOlB4tu84TtOTJCGg,test_reserved,
30,5687,24712,OCZru5onWMQ,UCdgWTRipbTuQsIiiPb6fB-A,development,5
30,5688,24714,38xcuT6Tcg4,UCckltLEhFLv8Xz_lQhYfwmg,development,1
30,5689,24717,taE6iqTHvaY,UCkagcQYGoYFuXsUg-ObSL6A,development,5
30,5690,24720,bGE3erhKWLg,UCLuP7ROjaueiuNbzrvPqXSQ,development,3
30,5691,24721,xqaG01mRJCg,UCn0XmAUFv6d2tofMFEesSNw,development,5
30,5692,24725,sPs0XtqYxL4,UCiAYv_QAosB-49bJbu3NM3A,test_reserved,
30,5693,24728,MyKz7qovUp8,UC0uMi8HNlftUWq4k7NHnjSQ,test_reserved,
30,5694,24733,xjLvm5t_urQ,UCcijXxFzSXgoM6q9cCtT9PA,development,2
30,5695,24736,0QUeHSqZFPU,UCfQfw--8dPGypR7sGcXJz0w,development,5
30,5696,24748,aIsn--1MyVI,UCCK3OZi788Ok44K97WAhLKQ,test_reserved,
30,5697,24750,17gM8ySTFHY,UC8U5Mgl9nbkm5vOJ0SMtQgA,test_reserved,
30,5698,24751,m9XEMgPkGBo,UCckltLEhFLv8Xz_lQhYfwmg,development,1
30,5699,24755,x5XDRuXd2-g,UCPXSUKHTNc1_hnHuj-UiQWQ,development,4
30,5700,24756,E0a1TpzvMFA,UCCK3OZi788Ok44K97WAhLKQ,test_reserved,
30,5701,24772,hMEYphJYf2c,UCTlLpPddpcW0ee6y4z9stKA,development,2
30,5702,24773,jMeXAboG-0w,UCNnL7JQhtBvNZWn9Cg13i2Q,development,1
30,5703,24780,piqgnO1TXss,UCckltLEhFLv8Xz_lQhYfwmg,development,1
30,5704,24789,ihJ2pbAHB-8,UCqrqt9Egbp4Voh3iEUUoorw,development,3
30,5705,24790,nTbyZWC4-j8,UCuJmg9Gw1uO-JGVLk9iACDw,development,2
30,5706,24802,Vm0m9Solnc4,UCc30sTBdN9LRSxEuHaXV_bQ,test_reserved,
30,5707,24804,KCLzGxHZfRA,UCiiq12phPwfMHaGFVolH4Ag,test_reserved,
30,5708,24808,xDKOD1Nujxg,UCcg4tDKgPLIc_x3lhWdogLg,development,4
30,5709,24810,0b6V2uQzIN4,UCRDDfbYPHX_GUJ4lcQYTc8A,development,2
30,5710,24811,9ijlTZgbC7w,UCbS_glb2N1NVTrDLVryRbng,development,4
30,5711,24817,at9m2eE0b_8,UCckltLEhFLv8Xz_lQhYfwmg,development,1
30,5712,24818,VbFPV6IhKPc,UC7mhtAaF1ESJgCozpoS2lcQ,development,3
30,5713,24821,PQ9GQNrnJnM,UCckltLEhFLv8Xz_lQhYfwmg,development,1
30,5714,24825,vh9ICZ6Ceeg,UCbj5TVwioQCK3qtYYEzD3kA,test_reserved,
30,5715,24828,BSwdBHpC5Jk,UCkzFXIie723z4vsYAMsMGsg,development,4
30,5716,24830,Zi-JNtbxNA8,UC-dHEjWS4CibzGtijQC6cOg,test_reserved,
30,5717,24835,6rlnreEnUDM,UCA3kLjUpfOu8ylZVeOLCogA,development,5
30,5718,24841,hhDaOk1ioyM,UCn0XmAUFv6d2tofMFEesSNw,development,5
30,5719,24842,8ZEKxLRd_0I,UCA5xW2Ce7KT2AtxzDYDebCA,development,4
30,5720,24843,HAiYPXOxIPk,UCgooj1ufFuOk6GD2jq8CbdQ,development,2
30,5721,24858,6aHMKBupVig,UCh2Xwe7on2Oa2MBtk8zvEuw,development,3
30,5722,24860,YkseJh9Y1_g,UCx7lEnwLHxO9yPjOotGb-bA,development,2
30,5723,24867,-HdFojnGrM8,UCCK3OZi788Ok44K97WAhLKQ,test_reserved,
30,5724,24870,c5VNCezB48w,UCq3nTkPujlH-ahNVYNCsTNw,test_reserved,
30,5725,24872,xU_s0kAn5E0,UCOtYyt7W5PmPnwQjWWF_Z-Q,development,3
30,5726,24874,JOeZhxdbxJw,UCMQg72D9bcWjW-umvECrcAQ,development,1
30,5727,24878,Ad4a-3ymbBc,UC8lKgUHo-2mSR5cRRXO9xow,test_reserved,
30,5728,24881,cjnLnv06ofQ,UCckltLEhFLv8Xz_lQhYfwmg,development,1
30,5729,24883,xzK0rnTjPLU,UCcg4tDKgPLIc_x3lhWdogLg,development,4
30,5730,24889,VPWtxkqNBms,UCoNaQS6wefjNVFkwvxrzAYw,test_reserved,
30,5731,24897,qWmILRVE2M8,UCn0XmAUFv6d2tofMFEesSNw,development,5
30,5732,24904,lAbGsYKrWWg,UCh9qXeL8eP3Txra2908xksg,development,3
30,5733,24905,FYUXgOL3Pb4,UCFAQPiyzxj7BNfeKWGsR5gA,development,5
30,5734,24906,43E067twjkk,UCc30sTBdN9LRSxEuHaXV_bQ,test_reserved,
30,5735,24910,XULG4DaIsdk,UCA5xW2Ce7KT2AtxzDYDebCA,development,4
30,5736,24916,VilXt8q-dBs,UC6jQt9K_jqnBNtsRf7hXHsA,development,2
30,5737,24917,awEDfZ1Z4Ls,UC4Pb9SEsCb1EpsXVYAVVajw,test_reserved,
30,5738,24922,xn_FRbhmNzo,UCCK3OZi788Ok44K97WAhLKQ,test_reserved,
30,5739,24933,XgNE9EiHm6c,UCiPssoHLvUfNEXLEhZ29rXg,development,1
30,5740,24937,zUcP8dCmVLc,UC3E_EvS__3XRgrUzv8D3L-g,development,1
30,5741,24945,X681ZskEKwg,UCMxeqmVKOqiqh7V_A3h4gfA,development,2
30,5742,24946,JviQ7ewHqOo,UCTlLpPddpcW0ee6y4z9stKA,development,2
30,5743,24951,Ey2LxcuixcY,UCAH7R88V7gz7RqJv78nNOzg,development,3
30,5744,24962,AvzA7isjmM4,UCbS_glb2N1NVTrDLVryRbng,development,4
30,5745,24971,AS7LL8dxZkQ,UCm8I2aLYgPm_gdzw4SSkiGg,development,2
30,5746,24974,KFCRa6QGtKc,UC22LfvKY_7Ibkt5I5wFqwfg,development,4
30,5747,24976,z-w-u98I94c,UCaESx7Bdghv_UICcG1hBkcg,development,2
30,5748,24977,5SOFuoFTIT0,UC0nMJ3QNryBHZpy1P3Wamwg,test_reserved,
30,5749,24985,D3LiP-4VCew,UCCK3OZi788Ok44K97WAhLKQ,test_reserved,
30,5750,24990,v_bxFh2hhRM,UCh9qXeL8eP3Txra2908xksg,development,3
30,5751,24994,535tZDzEdRk,UCckltLEhFLv8Xz_lQhYfwmg,development,1
30,5752,24995,xb7ibGt9dMU,UC1YGPDtctHGJWW0NrlQVklw,development,5
30,5753,24997,wCNDxsoa99w,UCaIc6SgS90ud_RgMSC6hW_w,test_reserved,
30,5754,25005,d3WRAs9PSVA,UC_hR1wSDcKjBRTlKtp6LK1A,development,4
30,5755,25010,MGppCbyAzV0,UCcijXxFzSXgoM6q9cCtT9PA,development,2
30,5756,25011,rSU74cVpJyE,UCiiq12phPwfMHaGFVolH4Ag,test_reserved,
30,5757,25018,VgpbVdREq0U,UC2Amu02bFnMs-XglUunh44w,development,4
30,5758,25020,IXMwYHYnYUU,UCn0XmAUFv6d2tofMFEesSNw,development,5
30,5759,25021,17chmM7Ef4w,UCgnFSj7jQffD5V5m05j4dPw,development,5
30,5760,25022,18YpSynxWgU,UCckltLEhFLv8Xz_lQhYfwmg,development,1
30,5761,25030,Hac6utUZniQ,UCCK3OZi788Ok44K97WAhLKQ,test_reserved,
30,5762,25036,UrQ_QdyUbHU,UCckltLEhFLv8Xz_lQhYfwmg,development,1
30,5763,25049,CnJl084_Vno,UCkagcQYGoYFuXsUg-ObSL6A,development,5
30,5764,25050,m8yaQj8wP70,UCrVkiG6Tt5y-yNjFOOGdb3Q,development,3
30,5765,25055,Xfhv_G6NBH0,UCcijXxFzSXgoM6q9cCtT9PA,development,2
30,5766,25058,KkGKCHnoFa4,UCCK3OZi788Ok44K97WAhLKQ,test_reserved,
30,5767,25059,163-WgA2z7Y,UCYweMykEAI5aaRztqrJuuAg,development,2
30,5768,25061,6wcjxtEMgk4,UCUWsih24MIJm0hrkWmhJkmA,development,3
30,5769,25064,PWQyTF1iKBs,UCmxLF29mnXea_nL5kaOqD2w,development,3
30,5770,25066,JB0mkfOQ2PM,UC4Pb9SEsCb1EpsXVYAVVajw,test_reserved,
30,5771,25067,mMkhAgn2xOc,UC28E5W1CJPbQxAQl9tFfzTA,test_reserved,
30,5772,25071,-lCibYNUa7c,UCckltLEhFLv8Xz_lQhYfwmg,development,1
30,5773,25075,Xh35r_yMs_I,UCt85p_UTIuhPLZBuZbfciNQ,test_reserved,
30,5774,25076,Ap8vme6ahEs,UCtGwzTmbkXWhYwuVZQa3kVQ,development,2
30,5775,25080,BoceQjSHixM,UCckltLEhFLv8Xz_lQhYfwmg,development,1
30,5776,25084,OogG4_YtgN4,UC3tvYy-s84yySG7V85jRDnA,development,4
30,5777,25092,7hOlWI8QRrw,UCESCGo0Fo0IO63sunkVeXwg,development,1
30,5778,25093,rqW08zRlgNQ,UCqrqt9Egbp4Voh3iEUUoorw,development,3
30,5779,25096,sQ1o_qE-f4w,UCCK3OZi788Ok44K97WAhLKQ,test_reserved,
30,5780,25097,pyIRRt8vqFg,UCz5VldG-q50ldO8dU7qio4g,test_reserved,
30,5781,25105,FkrpDGg5H-Y,UClWSTWnXSIOK34ySODMm8Ew,development,4
30,5782,25111,Lpzo1oyekzI,UCBf296-OhUNfaDbtcYQ4RQQ,development,5
30,5783,25113,evSa48_cyVA,UCpamW3WJjX0CgjWGsBxIm2w,development,3
30,5784,25114,6q93i8Cj21M,UC3pnlqmWVIVdQ4hkaQAxyVw,development,1
30,5785,25117,VlMHODFQpP8,UCt6_uKUFzWP7jLJZR9WpEoA,development,3
30,5786,25118,e-RD3SzG0iY,UC1YGPDtctHGJWW0NrlQVklw,development,5
30,5787,25121,gTrBqxjPKuE,UCbR7juPwtP-bV_w0840ciYQ,development,3
30,5788,25123,hWI2RWLu9mc,UCOtYyt7W5PmPnwQjWWF_Z-Q,development,3
30,5789,25133,m9R7hURQ9GY,UCG3QSJwsRV2nH5Fo3eoYlOA,development,4
30,5790,25137,2HYgUpZP3jQ,UCEUSUxrhCt4n0Pp9WB7q7-w,development,5
30,5791,25143,6KZV_hL6xJ8,UCvoMClO68wGoV5Fvu0KRiqA,development,4
30,5792,25145,cDyJXZEYAtY,UCCK3OZi788Ok44K97WAhLKQ,test_reserved,
30,5793,25151,niCgCNZG720,UCAH7R88V7gz7RqJv78nNOzg,development,3
30,5794,25155,nGuy3ePiT8Y,UCeLO_4Xmr0Zm2AHsbD50Sfg,development,3
30,5795,25159,x00zGz_pS54,UCBf296-OhUNfaDbtcYQ4RQQ,development,5
30,5796,25174,hd68vG55NbM,UCdotiSNtLlS4qwDto9CdURA,development,3
30,5797,25179,lbja88Bv0rA,UC1YGPDtctHGJWW0NrlQVklw,development,5
30,5798,25197,IZbBnzDAaWQ,UCpKHQzqFn8VhNKQVCNp2M1g,development,2
30,5799,25213,P0ndRoxgaG8,UC0554zf4RvVkxwt_tS4Wx_g,test_reserved,
30,5800,25216,uQ-beUqEzPk,UCM3bQBUJ0PEbgfe9lAw_Y3Q,development,3
30,5801,25217,lDGUDPT7b3w,UCbS_glb2N1NVTrDLVryRbng,development,4
30,5802,25222,zLPks3UsNVY,UCckltLEhFLv8Xz_lQhYfwmg,development,1
30,5803,25224,brWXXSw7Vsc,UCckltLEhFLv8Xz_lQhYfwmg,development,1
30,5804,25225,ztVc1InUu58,UCiBHV5AwzPEBhlIX3yR6-Ig,development,2
30,5805,25227,dcvlnDlzOG4,UCLsRogzQ9bw2Efitidd0ikg,test_reserved,
30,5806,25228,6PzJ8lamvLQ,UCcg4tDKgPLIc_x3lhWdogLg,development,4
30,5807,25230,1id2Zy-8NUs,UCOtYyt7W5PmPnwQjWWF_Z-Q,development,3
30,5808,25239,j7LlrGLhEEw,UCuJmg9Gw1uO-JGVLk9iACDw,development,2
30,5809,25241,RLtodfWoAEY,UCOtYyt7W5PmPnwQjWWF_Z-Q,development,3
30,5810,25249,jFWscDR7sS0,UCXm0FsS7PXy0w5HeOkYMi7Q,test_reserved,
30,5811,25269,_Vx4ARuj3qU,UCUh8FFbl1BfRmzL9t4Fkykw,test_reserved,
30,5812,25271,7MkZDHvcIEY,UCRDDfbYPHX_GUJ4lcQYTc8A,development,2
30,5813,25281,RxqN_zUB5Ho,UCgnFSj7jQffD5V5m05j4dPw,development,5
30,5814,25285,CIGrqaH5J9k,UCkagcQYGoYFuXsUg-ObSL6A,development,5
30,5815,25290,qnpS32dhJic,UCckltLEhFLv8Xz_lQhYfwmg,development,1
30,5816,25294,xEsLxxvFKuQ,UCgoCbMJ4JnH0q40GofKZxVg,development,3
30,5817,25307,hH0HCvQy07w,UCCK3OZi788Ok44K97WAhLKQ,test_reserved,
30,5818,25311,qy9sWPRlQvs,UCMQg72D9bcWjW-umvECrcAQ,development,1
30,5819,25312,B3UpAIoltdM,UC2sO_F_Ky4LIAUtSJYXqBDA,development,4
30,5820,25316,08OPYuNGyy0,UCckltLEhFLv8Xz_lQhYfwmg,development,1
30,5821,25317,3X4sVEl2OMw,UCPfU0uygBGutjaaJU5PpEvg,development,2
30,5822,25329,a5s0AHZSq2U,UCYEmdesrRlDICr6v6LnX5Bg,development,2
30,5823,25333,EhkxE7UPvOc,UCgnFSj7jQffD5V5m05j4dPw,development,5
30,5824,25334,r9-gP-ci8CI,UCgm1AkjIpLGAoBDdCPx1tMQ,development,2
30,5825,25340,sytRnzULUpE,UCvcVb1fcd-asMSL6-CeOgNw,development,1
30,5826,25343,43cNsUTXujc,UCQIWzvLOlB4tu84TtOTJCGg,test_reserved,
30,5827,25344,CfPRBIG4VTU,UCvGElnRYInQhBWjyM4EaLgQ,test_reserved,
30,5828,25352,tmcFv4EqxN8,UCM3bQBUJ0PEbgfe9lAw_Y3Q,development,3
30,5829,25353,bSDCheUa8aE,UCAh_a0VFh-paEuVM_ITrreA,development,5
30,5830,25359,QoT0uqCixJc,UCCK3OZi788Ok44K97WAhLKQ,test_reserved,
30,5831,25364,IIHJgbuHBrw,UCckltLEhFLv8Xz_lQhYfwmg,development,1
30,5832,25365,5qJ0qKSBMTc,UCYweMykEAI5aaRztqrJuuAg,development,2
30,5833,25370,ioQa7H9EllU,UCcijXxFzSXgoM6q9cCtT9PA,development,2
30,5834,25376,cOU00BG2Dfg,UC0tV1b7IFEXFUUILF7mAcWw,development,5
30,5835,25379,H4rFBaMFvYE,UCMcaGpzjo0D-d6oSvcg8PtA,development,4
30,5836,25384,W16Gpv6rPDc,UCrmzxiCDMV3hI56E9nYy-4A,development,4
30,5837,25386,vSU3eZFVPI8,UCbS_glb2N1NVTrDLVryRbng,development,4
30,5838,25387,Xk7F2XKnCeY,UCth9R703obgHx665cpiNY9A,development,5
30,5839,25393,mTHitD9bCMI,UC87goh34oNbvOH468hyfQVg,test_reserved,
30,5840,25396,lK6FLO4KvVw,UCaIc6SgS90ud_RgMSC6hW_w,test_reserved,
30,5841,25399,hzCgT2a6_6E,UCOtYyt7W5PmPnwQjWWF_Z-Q,development,3
30,5842,25406,tT-Bkhzcdcc,UC9ORGuJaC-QPJByakklL9-w,development,3
30,5843,25412,DDvTf5Bbh-o,UCCK3OZi788Ok44K97WAhLKQ,test_reserved,
30,5844,25413,V2gxbgfgHDc,UCs_mHlm5_C82W5WCIJaSMbQ,test_reserved,
30,5845,25421,Nw7QwJwsNZg,UCnRozrOdQHOjmgfOobDZyUg,development,2
30,5846,25425,L2s1TNh2168,UCckltLEhFLv8Xz_lQhYfwmg,development,1
30,5847,25426,VH7-sNk6mKQ,UC4UaWbUUwVvCxWNqhb4f16Q,development,3
30,5848,25428,bFk8hEIaJbw,UCh1YbG4SC-R5fBxZgMMuRww,test_reserved,
30,5849,25434,DLbvcx45EFc,UCcpvzu2fNDZyKkQ6tETbHLw,development,4
30,5850,25438,IfAELD34mB4,UCUux47JaSJQ832JtZV8x8Xg,development,5
30,5851,25441,hLNiL4kxG5Y,UC4yIHRo3qoEWK4AaSUxcdwA,development,4
30,5852,25446,3p4I2pPp4yQ,UCq3WWAoJj0DOQC3G7ri1cug,test_reserved,
30,5853,25447,s2wxit6nUck,UCbS_glb2N1NVTrDLVryRbng,development,4
30,5854,25454,54thnsh0tA8,UCsAYQL3fa-MtbeWv2aM5ntQ,development,4
30,5855,25455,sfuOYIV6J60,UC1YGPDtctHGJWW0NrlQVklw,development,5
30,5856,25456,EFdNJpFz3ps,UCOtYyt7W5PmPnwQjWWF_Z-Q,development,3
30,5857,25461,P2wdrR5Wzdo,UCC-QxtkZPfDCczEeT3SEsYA,test_reserved,
30,5858,25464,QilSLVa5dqc,UCc30sTBdN9LRSxEuHaXV_bQ,test_reserved,
30,5859,25470,Q1MB1oZ2BiY,UCcijXxFzSXgoM6q9cCtT9PA,development,2
30,5860,25473,Xh3fu5LUh7k,UC22LfvKY_7Ibkt5I5wFqwfg,development,4
30,5861,25476,DcIcaeFXgHQ,UCCK3OZi788Ok44K97WAhLKQ,test_reserved,
30,5862,25477,_paBJ2rAiyc,UCeixuk-NkKqLJfZKcK2fQig,development,3
30,5863,25485,XfEiIyxDUds,UCCK3OZi788Ok44K97WAhLKQ,test_reserved,
30,5864,25493,I8U6p18_Opw,UC8lKgUHo-2mSR5cRRXO9xow,test_reserved,
30,5865,25494,NhEHMYI0gaI,UCCK3OZi788Ok44K97WAhLKQ,test_reserved,
30,5866,25496,qIsMkZA6V3Q,UCCK3OZi788Ok44K97WAhLKQ,test_reserved,
30,5867,25501,eThYPffZFTw,UCzQ0nw7uz0dRcO5VKzDwmlQ,development,3
30,5868,25509,a85FMsCTQ0w,UCPXSUKHTNc1_hnHuj-UiQWQ,development,4
30,5869,25511,p4VhCZQFNrk,UCx2bxQGDuQgYPJPYFmIthnA,development,4
30,5870,25515,4GPDF7ZDpp8,UCLsRogzQ9bw2Efitidd0ikg,test_reserved,
30,5871,25516,gCzY9aDcmiA,UCcijXxFzSXgoM6q9cCtT9PA,development,2
30,5872,25518,xpCcVcxbrU4,UC1YGPDtctHGJWW0NrlQVklw,development,5
30,5873,25519,E8iw1xWOwC0,UCAkxYR3rzfrxCst5D3t0mYQ,development,3
30,5874,25521,pK-P-2gOpqI,UCaIc6SgS90ud_RgMSC6hW_w,test_reserved,
30,5875,25522,zLW41eTzBd0,UCT83ymyAGm7Gnk_4ifxjxIA,development,4
30,5876,25523,acMrOZc3PUc,UCSmxZt63zt1f3kiBXnwVjNA,development,5
30,5877,25524,XZdvIVzFPYA,UCaESx7Bdghv_UICcG1hBkcg,development,2
30,5878,25528,b0oAB8SCx9g,UC0RX5hQE6UpHTjfub4NZSPg,development,1
30,5879,25529,1Sto-nboHxg,UCcijXxFzSXgoM6q9cCtT9PA,development,2
30,5880,25531,_F0A9NgKno4,UCjm7vbOwssao7Bhm9wX3-bw,development,3
30,5881,25534,sQ-Idu077rs,UCckltLEhFLv8Xz_lQhYfwmg,development,1
30,5882,25536,9yXFQS9EDL4,UCcrsFwwoMvcXYpJ0XldIlVQ,development,5
30,5883,25539,7CPZ36ctnoY,UCbS_glb2N1NVTrDLVryRbng,development,4
30,5884,25545,AX5C0VFaP8E,UCfpYakGtM6UYxAjTWpUu1PA,test_reserved,
30,5885,25547,fbV0l3bObss,UCdZRFHIhq7TpUNSLXRlt7rQ,development,5
30,5886,25548,dyUKWD6l5uY,UCckltLEhFLv8Xz_lQhYfwmg,development,1
30,5887,25550,rcGYQheolWM,UC-TPAJpit-cnGUG-zWliKFw,test_reserved,
30,5888,25551,tA8-95cZQ4k,UC1YGPDtctHGJWW0NrlQVklw,development,5
30,5889,25553,AULyEcBHf40,UCCK3OZi788Ok44K97WAhLKQ,test_reserved,
30,5890,25563,kSb8XXioyRo,UCcijXxFzSXgoM6q9cCtT9PA,development,2
30,5891,25576,I4ASUCEFE8M,UCVd1jcy6wKFzfQ5E-Txtg-w,development,2
30,5892,25577,pgleQKoQe6M,UCG0zly9obnC7U6LdlEU5v5g,development,4
30,5893,25579,KWVReXCpn_k,UCgHlPm2GweC7f8JaynbQRQg,development,5
30,5894,25584,hUldBvf0Gxg,UCmqflTSJ6911aCrnaWIXxsA,development,3
30,5895,25586,ym4F68ZFy1k,UC8kC4R1-G80cwxWLr6jvmtw,development,5
30,5896,25587,UNmY7rC-IyY,UC6MkngMDyobFNaXOZR0ukyQ,development,1
30,5897,25590,VPLFlzq521g,UCbR7juPwtP-bV_w0840ciYQ,development,3
30,5898,25592,hlwEiixjppE,UCag44-HADW04gc6h5u5jrcw,development,3
30,5899,25597,x-eZdQ7I9HU,UCmM4xWoq5UiSSYKeZGlFFNw,development,4
30,5900,25599,ECkFSnHQ3rU,UCQkPhQ-6NhA1v7Tpsp6EnKQ,development,1
30,5901,25609,DOxHge5Jwmw,UCz84dcspzky4K9dlmsP7K8Q,development,5
30,5902,25612,Biw6xzejFQ4,UCReF_78PPPdU7kKodNtBwMg,development,3
30,5903,25616,fRlV6osl9Yk,UCIprmN58Cn66vO3eCEuxj6w,development,3
30,5904,25624,S6T1AC2N5TE,UCcijXxFzSXgoM6q9cCtT9PA,development,2
30,5905,25625,lRkqOrPwoPQ,UC7DAcUDu475b1grvKsSgARg,development,1
30,5906,25627,DPVb-mR1gVU,UCjKSK3d5r0O78WGnMouSvDw,development,5
30,5907,25630,nFr4iT8s8jc,UCQIWzvLOlB4tu84TtOTJCGg,test_reserved,
30,5908,25643,5kLBHleoJKw,UC35oZgra9TA5Vxr9PrTjRyg,development,5
30,5909,25644,k20-ds2l8uQ,UCOtYyt7W5PmPnwQjWWF_Z-Q,development,3
30,5910,25645,g_3HKdfwrwI,UCwiN6Snw81BVefYrjh3TJWw,development,4
30,5911,25646,pG3CMoDorto,UCOtYyt7W5PmPnwQjWWF_Z-Q,development,3
30,5912,25648,gW54uVsUc_w,UCZNreSxdvd50nzMz5zkXg4w,development,5
30,5913,25651,porkIXDNTKE,UCl5xacxsAhltNGtiMktd_Sg,development,4
30,5914,25652,Z63n7UdjdM0,UCgnFSj7jQffD5V5m05j4dPw,development,5
30,5915,25655,c2vP5cV5xwQ,UCG4iJ9LgvBTfaTCqdtkmMIQ,development,3
30,5916,25658,pZl_QJ2IXPk,UCGUIJxToYLu79zr7YzpmZjg,development,5
30,5917,25664,Hp0yBUkeGEI,UCh9qXeL8eP3Txra2908xksg,development,3
30,5918,25667,kyx7OsY9QYE,UCnqTWrNbHl4SvL60MCE693Q,development,2
30,5919,25673,xXJVgmHPJ0A,UCwsNWoSlQUyeWgbVQYZtLOA,development,2
30,5920,25675,LvcLIw6Qndk,UCkagcQYGoYFuXsUg-ObSL6A,development,5
30,5921,25678,UUSlFuYqQic,UCm6FpVN_cg2tGqHVDc9QpMg,development,4
30,5922,25680,u9xlPMZ0cB4,UCCK3OZi788Ok44K97WAhLKQ,test_reserved,
30,5923,25683,kVyBP6K_noA,UCckltLEhFLv8Xz_lQhYfwmg,development,1
30,5924,25693,DSFpzBbWAxI,UCMxeqmVKOqiqh7V_A3h4gfA,development,2
30,5925,25698,i34JwIMXVqY,UCXfgx23Lw81I4wsCNhdVBgw,development,4
30,5926,25700,bKEBn_Kzjzk,UCbS_glb2N1NVTrDLVryRbng,development,4
30,5927,25706,oZgfOt0_AqE,UCdotiSNtLlS4qwDto9CdURA,development,3
30,5928,25711,OUzy5YwEaCo,UCV-q7cRK5yFYEFzWuoQOmQQ,development,4
30,5929,25721,H3JzVzNCLro,UCtwlss6rr66DbEurYOJgu4w,development,3
30,5930,25722,sVzG0Ryol_w,UC2sO_F_Ky4LIAUtSJYXqBDA,development,4
30,5931,25726,oLygh7VZOK8,UCol1SzfebXhRo0ltxOJZ9cg,development,2
30,5932,25734,9EQqMBCuocE,UCckltLEhFLv8Xz_lQhYfwmg,development,1
30,5933,25735,iTa2DWbU480,UChXmjfSOi6m-kumt5Ri_4Nw,development,5
30,5934,25745,xO12R-pjF0g,UCuJmg9Gw1uO-JGVLk9iACDw,development,2
30,5935,25755,Py4Ld7BKUjk,UCuJmg9Gw1uO-JGVLk9iACDw,development,2
30,5936,25757,KMDbMOgUJmI,UC-TPAJpit-cnGUG-zWliKFw,test_reserved,
30,5937,25761,qO-VY2lEbAs,UCckltLEhFLv8Xz_lQhYfwmg,development,1
30,5938,25762,uTWRiaU1Nuw,UCuJmg9Gw1uO-JGVLk9iACDw,development,2
30,5939,25765,vD4b3_Pz2wc,UCvZpRt_4T2NlC9111RxNBug,development,2
30,5940,25768,wzn_lea2OHs,UCbS_glb2N1NVTrDLVryRbng,development,4
30,5941,25776,gHyMHJ6tXfo,UCbkMFGQ_RWIf0OiYeOpf6Ng,test_reserved,
30,5942,25777,xl4QGbzwPaE,UCvtyhFTKjy3EmVh6UJLb9Jg,development,5
30,5943,25780,3wzI2J4PBtw,UC8qBNfgWRK_WYYGSmmrfgPA,development,4
30,5944,25784,f2sKCClacrk,UC0tV1b7IFEXFUUILF7mAcWw,development,5
30,5945,25792,vGvWb0SuPhI,UCckltLEhFLv8Xz_lQhYfwmg,development,1
30,5946,25793,E-Fyg0d945Q,UCCK3OZi788Ok44K97WAhLKQ,test_reserved,
30,5947,25794,VyjNlA9c6GQ,UCCK3OZi788Ok44K97WAhLKQ,test_reserved,
30,5948,25795,4TtNqruqDdk,UCgnFSj7jQffD5V5m05j4dPw,development,5
30,5949,25800,guGC3txsChM,UCckltLEhFLv8Xz_lQhYfwmg,development,1
30,5950,25804,lehpii0Fxq4,UCqrqt9Egbp4Voh3iEUUoorw,development,3
30,5951,25806,GcRxZXiO2u8,UCHrkBP4z4-r3tTCY3FUq_KA,development,4
30,5952,25808,vyyyq5kEZoI,UCRDDfbYPHX_GUJ4lcQYTc8A,development,2
30,5953,25811,Rf3T-ff4efA,UCPXSUKHTNc1_hnHuj-UiQWQ,development,4
30,5954,25812,mbVO6RQlLzg,UCbkMFGQ_RWIf0OiYeOpf6Ng,test_reserved,
30,5955,25816,gmk44bu3D-Y,UC8rcDufKZ3W6CtZU69CtMXg,development,5
30,5956,25818,_J0Xx3akDuk,UCAH7R88V7gz7RqJv78nNOzg,development,3
30,5957,25819,O84TCQDmqp8,UCQTcNhAZidy1i9wwmdgf2Lw,development,4
30,5958,25820,RvN5ipHYS8Y,UC8qBNfgWRK_WYYGSmmrfgPA,development,4
30,5959,25828,FEQrwd8VFLk,UCth9R703obgHx665cpiNY9A,development,5
30,5960,25830,FhcvHI7E55s,UC9ydRoXpQVhwb3sM7VY8xNg,development,3
30,5961,25833,0s8jWPSyv0M,UCn0XmAUFv6d2tofMFEesSNw,development,5
30,5962,25837,6s_29Gu3_Cw,UCV-q7cRK5yFYEFzWuoQOmQQ,development,4
30,5963,25847,imcF8fTjvSY,UCbS_glb2N1NVTrDLVryRbng,development,4
30,5964,25855,_Fq7_R0SSww,UC7lMOYGM4RHBvV8TR5zYmvQ,test_reserved,
30,5965,25867,eYO5xzxtQkQ,UCrmzxiCDMV3hI56E9nYy-4A,development,4
30,5966,25869,Vp0srQJ1gLk,UCReF_78PPPdU7kKodNtBwMg,development,3
30,5967,25871,gCfYtnc_UnE,UCaESx7Bdghv_UICcG1hBkcg,development,2
30,5968,25881,dVIN76vGecg,UCiR8kH7EvdjJGp41a9KIfsQ,development,3
30,5969,25883,-JzN43n5MHI,UCvcVb1fcd-asMSL6-CeOgNw,development,1
30,5970,25884,afPhGV8eOWQ,UCVc_jmqkqUNgEqBZ2pxOyyA,test_reserved,
30,5971,25885,k8uE33-Cz_s,UCql-jEixeuMcyabHRYqr-Zw,development,3
30,5972,25887,3W4MXwUX39o,UC1YGPDtctHGJWW0NrlQVklw,development,5
30,5973,25888,-Wz1VaE9eW4,UC1YGPDtctHGJWW0NrlQVklw,development,5
30,5974,25890,drwpuhc2Kso,UCckltLEhFLv8Xz_lQhYfwmg,development,1
30,5975,25897,lyFlLqg3TIg,UCu_uRk4D5klE6p_SBLVOWaQ,development,3
30,5976,25902,iRU9D5NhI_s,UCPXSUKHTNc1_hnHuj-UiQWQ,development,4
30,5977,25906,tD3psnhe54I,UCV_4W6LL-Iwh0UaT_B6exQg,development,5
30,5978,25907,raD5Cn9VgWw,UCGjZJ0TN1PlJIEwJXKNlm6w,test_reserved,
30,5979,25911,CLHdeZYpztg,UCOtYyt7W5PmPnwQjWWF_Z-Q,development,3
30,5980,25912,c3RJklvaRVM,UCLsRogzQ9bw2Efitidd0ikg,test_reserved,
30,5981,25915,yffDAY_PRDI,UCckltLEhFLv8Xz_lQhYfwmg,development,1
30,5982,25918,H3TlkF_IbJM,UCn6YTM3fvYdwCOHpdNJBOeg,development,5
30,5983,25922,PZFJHO0v8-8,UCP0FKFuz9j2Dp-QDr-Dv_0g,development,5
30,5984,25926,WZUSGrHRvBA,UCCbm1E52PV05ZLv6dtRB92Q,development,5
30,5985,25928,sQ-NjbXpzt8,UCAGQUfHzdsgxJ1pq2XDS2TQ,test_reserved,
30,5986,25935,UTIb-qMAZjw,UCCbm1E52PV05ZLv6dtRB92Q,development,5
30,5987,25936,mrm58vl_fFI,UCiWDsyu4bBPB6_u8hgRaKvA,test_reserved,
30,5988,25937,U1Adx2GkeKA,UCOtYyt7W5PmPnwQjWWF_Z-Q,development,3
30,5989,25945,WK04_Pj3uKI,UCCK3OZi788Ok44K97WAhLKQ,test_reserved,
30,5990,25952,TqmS1ZoXbYQ,UC38c_i9VoaIjDpp46l35d0w,development,2
30,5991,25957,UHNn04amI10,UCNFDDKoTezuSWbIjjHA76xQ,development,4
30,5992,25959,YoTSOuPL-Rs,UCbRbdFTihZZCq8r5-bQa0sA,test_reserved,
30,5993,25961,CIPhDGViZd4,UC_0KqdgCMvhbpYcp9JaqQRg,test_reserved,
30,5994,25967,BaLlKRYoGEs,UCckltLEhFLv8Xz_lQhYfwmg,development,1
30,5995,25969,-VocLHD0ygw,UCaESx7Bdghv_UICcG1hBkcg,development,2
30,5996,25975,oetTNQ3wrLY,UCaESx7Bdghv_UICcG1hBkcg,development,2
30,5997,25978,o4XZ7wBpCAM,UCOtYyt7W5PmPnwQjWWF_Z-Q,development,3
30,5998,25980,Z8qQTBGbzQM,UCYweMykEAI5aaRztqrJuuAg,development,2
30,5999,25984,Ftw2Oqsh6Cw,UCUux47JaSJQ832JtZV8x8Xg,development,5
30,6000,25985,jA3TMX_EvSk,UCRDDfbYPHX_GUJ4lcQYTc8A,development,2
30,6001,25986,WDTFy3eS678,UCCK3OZi788Ok44K97WAhLKQ,test_reserved,
30,6002,25995,K_u-9ZXpuDs,UC1YGPDtctHGJWW0NrlQVklw,development,5
30,6003,25997,F_DagIxPWJg,UCT9wY8llfLPCGtIMJ8kNt2w,test_reserved,
30,6004,26006,zfmwEWF0BcM,UCgnFSj7jQffD5V5m05j4dPw,development,5
30,6005,26018,r43_jP0YNCg,UCbS_glb2N1NVTrDLVryRbng,development,4
30,6006,26021,jM66P0_uMGk,UCZG9GCS1vbvb_BF5Sh43abw,development,4
30,6007,26033,MJQwQ4Dvr6g,UCOtYyt7W5PmPnwQjWWF_Z-Q,development,3
30,6008,26036,lKwZdjzfLFU,UCzdhdIwGTQNUTWVXdqyNCoQ,development,1
30,6009,26037,vlFfkzWYv-g,UC6aSX46078fvOY9bY9ZUTYw,development,4
30,6010,26040,0sNo5C-GSJo,UC1dfhQyj962rwYPVLi3OHLg,development,3
30,6011,26043,kWM_KTrko8k,UCyViVCKFXyGBnqZ8ywpIOjQ,development,2
30,6012,26053,2l79LaPqEuM,UCpbFL0_FIHsmDlPmbiMprtw,development,5
30,6013,26077,Z_3h2rAegO4,UCRDDfbYPHX_GUJ4lcQYTc8A,development,2
30,6014,26078,JLTzW9ntfJQ,UCRDDfbYPHX_GUJ4lcQYTc8A,development,2
30,6015,26079,KV1drepFsn4,UCOtYyt7W5PmPnwQjWWF_Z-Q,development,3
30,6016,26099,L6wktyAtpk0,UCd8gfzUAJZasd7wtit-fhBQ,development,4
30,6017,26101,WELIFphflgs,UCS_15xnauWC12xoiX6XxmLA,test_reserved,
30,6018,26104,qmahZM8IyGs,UCMxeqmVKOqiqh7V_A3h4gfA,development,2
30,6019,26121,utofWdYg-G4,UCcijXxFzSXgoM6q9cCtT9PA,development,2
30,6020,26127,Ag1rSiv03rw,UCQTcNhAZidy1i9wwmdgf2Lw,development,4
30,6021,26130,EOm-XZmSe4g,UCbRbdFTihZZCq8r5-bQa0sA,test_reserved,
30,6022,26136,0qHpS7trjLc,UC_Urg845xBIOarYXBx_Ko2w,development,1
30,6023,26137,2pojtT_MxbE,UCckltLEhFLv8Xz_lQhYfwmg,development,1
30,6024,26141,o8v4KK126fo,UCCK3OZi788Ok44K97WAhLKQ,test_reserved,
30,6025,26147,IZrT6eA5n68,UCLuP7ROjaueiuNbzrvPqXSQ,development,3
30,6026,26155,el786SiEcOk,UCLuP7ROjaueiuNbzrvPqXSQ,development,3
30,6027,26161,X3BqBHdiF-A,UCwKYO2L9xzLtWhSv4ncYCIA,development,1
30,6028,26162,k7RTsWju0P0,UCrVFS_0PdV7AwyTgR13IcVg,test_reserved,
30,6029,26165,hFixmnbT1Eg,UCTlVnv2IrpdHPiB4PeaH6Lw,test_reserved,
30,6030,26167,AkB89of4PyU,UC8MegDkaJsqK63fwbOjBLzw,development,2
30,6031,26170,NAm7kWGxQVc,UCky_P7-XlMtdNDwi_L4wZow,test_reserved,
30,6032,26190,HhOBoQwvow8,UCWnYU_OGWX9P_Yv17M-qKCA,development,4
30,6033,26193,HlIHdyvLtcY,UCRB8mrLCcwTPlJOMUy9MDUg,development,2
30,6034,26194,P_o9BAsfE_o,UCjPgam2UGpF3EWkiHfp-0EQ,development,3
30,6035,26200,CYzKiUBc7UE,UCiP6DUi_wjUMfc4bo0yIusQ,development,2
30,6036,26203,CCrxW6s7xz0,UCAH7R88V7gz7RqJv78nNOzg,development,3
30,6037,26208,hGRAUQXJ9fI,UCOlHu4DBJ6q8cE1oLW1bNJw,development,5
30,6038,26219,GsQidWc5oiY,UC2b5VAYjsOfepl9nAXgRmfQ,development,4
30,6039,26233,RtLxlYIVKf0,UCCK3OZi788Ok44K97WAhLKQ,test_reserved,
30,6040,26238,w8QA5Le9fV0,UCFdCT7ZJCc9ax1yAqDCQPaA,development,5
30,6041,26242,v5MJL0xCtVY,UCOtYyt7W5PmPnwQjWWF_Z-Q,development,3
30,6042,26249,yqQl3s1lFEg,UCOhlt0l_vucCrUDphPAJnbw,test_reserved,
30,6043,26251,oEBWoolMMWw,UCckltLEhFLv8Xz_lQhYfwmg,development,1
30,6044,26255,TxjF9QIqeXc,UCrVFS_0PdV7AwyTgR13IcVg,test_reserved,
30,6045,26256,aJ20m27Chsc,UCSmxZt63zt1f3kiBXnwVjNA,development,5
30,6046,26270,mkjkefUHZ4o,UC8MegDkaJsqK63fwbOjBLzw,development,2
30,6047,26277,yVUxXbX6Rac,UCAvDdYpu6UjCFlOepV7TNMA,test_reserved,
30,6048,26281,j-UXkSalZFE,UCDoXItIw1akXVz4Gk_F8CDw,test_reserved,
30,6049,26284,td4tPIMOF_E,UCmGMChEd9jBucufrWcpk3Ew,development,3
30,6050,26287,DJTnx45DJmo,UCp7CXZR7tYqwh8pVSH4lQhQ,development,1
30,6051,26288,aVpZROvW-7A,UCAH7R88V7gz7RqJv78nNOzg,development,3
30,6052,26291,_AB6xEQD_Vg,UCd6LnMF8BMnKY4Anwovreug,development,1
30,6053,26297,zoVJKm-J7jI,UCFGhJsc1ddSN8819LsMa90w,development,3
30,6054,26301,4FIK0nK2G5s,UCB3pmaew5i2Sp9LJe03BU8g,development,4
30,6055,26308,atFO_j3Dqp0,UCPXSUKHTNc1_hnHuj-UiQWQ,development,4
30,6056,26309,g9AsdCoGmrI,UClWSTWnXSIOK34ySODMm8Ew,development,4
30,6057,26312,dT9BlbQgIzg,UCs2n9rcT5RTQRJZWRx-2F3g,development,5
30,6058,26325,D12OVxw8py4,UCCK3OZi788Ok44K97WAhLKQ,test_reserved,
30,6059,26326,5TL1FhZHz1o,UCs3r_67R1GGZGzjhM4rR2xA,test_reserved,
30,6060,26330,IUQeH8R4Kgs,UCAh_a0VFh-paEuVM_ITrreA,development,5
30,6061,26331,IGqJ8G8A630,UC6jQt9K_jqnBNtsRf7hXHsA,development,2
30,6062,26342,xSB2SEmLKiU,UCctwRj5yOB7cFYPc8z_rZSw,development,5
30,6063,26343,cKx5SNJGIbw,UCmKxhMStMwZZ1gdOg1YZQug,development,4
30,6064,26346,TGTrcE9UaXA,UCaIc6SgS90ud_RgMSC6hW_w,test_reserved,
30,6065,26349,OPZt8EpsP3I,UCpFP00DtyDEHJL38u16JeJQ,test_reserved,
30,6066,26352,4kobDja5lZI,UCXDs97xqSkkV9WSXMtYvCEw,test_reserved,
30,6067,26363,VM0xKZp9Ngk,UCQTcNhAZidy1i9wwmdgf2Lw,development,4
30,6068,26364,fpaKtvrwTzw,UCidNC9-9DsHj3FmP5N42Lqw,test_reserved,
30,6069,26367,tuVtGSdecOs,UCkagcQYGoYFuXsUg-ObSL6A,development,5
30,6070,26375,uRMW5PxA5X4,UCOtYyt7W5PmPnwQjWWF_Z-Q,development,3
30,6071,26376,g1B80JP9dpM,UCOtYyt7W5PmPnwQjWWF_Z-Q,development,3
30,6072,26401,DD8TRhJYdpE,UCmKxhMStMwZZ1gdOg1YZQug,development,4
30,6073,26404,KtirEZcHxZA,UCckltLEhFLv8Xz_lQhYfwmg,development,1
30,6074,26412,XYJTVsMYKFY,UCBg76CAc4PGfya0OajSkKPA,test_reserved,
30,6075,26416,meYdAKrqMEQ,UCgnFSj7jQffD5V5m05j4dPw,development,5
30,6076,26419,bbDeeLa-ACs,UCwxxAGOZW9DXSl48-DgogIA,development,5
30,6077,26428,wxNVCsFC_O8,UCXO2GYY8mFe0WTlIu81ZkuA,development,2
30,6078,26431,Zll2w9Rq6dM,UCcijXxFzSXgoM6q9cCtT9PA,development,2
30,6079,26440,KHhYfSH2r-0,UCjKSK3d5r0O78WGnMouSvDw,development,5
30,6080,26445,UdlvMvj4mI0,UCn6YTM3fvYdwCOHpdNJBOeg,development,5
30,6081,26446,xnQy4pHWn6U,UCF0uUUUTf2kzN8lz20-iksg,development,1
30,6082,26447,7D9I-11lpOA,UCckltLEhFLv8Xz_lQhYfwmg,development,1
30,6083,26449,HAm9d3kwdCQ,UCdgWTRipbTuQsIiiPb6fB-A,development,5
30,6084,26451,x7p9jmYDxhI,UCMw--nUMJjK2GNrLXdsnDzg,test_reserved,
30,6085,26453,s4dMaa2uhcw,UCn0XmAUFv6d2tofMFEesSNw,development,5
30,6086,26459,HJN41zHCZnM,UCy-3y3BEH8dFhPsNEnO74Vg,development,5
30,6087,26461,TrYwmeVNE0E,UCVqfoMNwM8SIpL6BMGTZbcA,development,5
30,6088,26472,F74udLJP8to,UCoV9dlug2YWQ9BHzJTJrTrA,development,1
30,6089,26473,l8HAmuTDk7c,UCfpYakGtM6UYxAjTWpUu1PA,test_reserved,
30,6090,26477,RxMEQ6J14Mc,UCPXSUKHTNc1_hnHuj-UiQWQ,development,4
30,6091,26487,-7D6nwW7B3I,UCV-q7cRK5yFYEFzWuoQOmQQ,development,4
30,6092,26489,QEYZUBAtA3M,UC-InXGUDXmIVAZG7efBiU7A,development,1
30,6093,26500,51oYn-y_GF4,UCckltLEhFLv8Xz_lQhYfwmg,development,1
30,6094,26501,Mzy3QY9rJDQ,UCyhM9-y17fHHp-laYCEvT2g,development,1
30,6095,26505,AmcP-R8NbRw,UCHwfjlJXhLKCNsuw2VXr6ig,development,1
30,6096,26506,xSbA6Ir5BQU,UCOtYyt7W5PmPnwQjWWF_Z-Q,development,3
30,6097,26507,nJsfWDQ8EVU,UCCK3OZi788Ok44K97WAhLKQ,test_reserved,
30,6098,26508,ANopMPJ-9vU,UCJtl0GhFcswuh8R_Y-jcLwA,development,4
30,6099,26509,8dGLrg8reUs,UCckltLEhFLv8Xz_lQhYfwmg,development,1
30,6100,26513,oPMRTZxIBws,UCNEf722QEvvmyGaT0HsKxRQ,test_reserved,
30,6101,26518,AM0ZM7b7uMw,UCckltLEhFLv8Xz_lQhYfwmg,development,1
30,6102,26522,bnhxGlI7mm0,UCM4Fg3P7qH2eM-CIyhfJFFA,development,4
30,6103,26525,e2BzG2VxQEQ,UCOtYyt7W5PmPnwQjWWF_Z-Q,development,3
30,6104,26528,G9ZeYOq6RNA,UCuJmg9Gw1uO-JGVLk9iACDw,development,2
30,6105,26532,e3_YAHEqAuc,UCoNaQS6wefjNVFkwvxrzAYw,test_reserved,
30,6106,26537,ZnfslZoCAkU,UCbS_glb2N1NVTrDLVryRbng,development,4
30,6107,26542,yb2Wf0MflNI,UCboLxe3OAqGwhXlZRitCTjQ,development,4
30,6108,26547,r9hXUMNRTUg,UCv28xURTYOApw2GsurpATSg,development,2
30,6109,26551,EG-gyO-fP3M,UCmqflTSJ6911aCrnaWIXxsA,development,3
30,6110,26558,0b4kBtpgRkA,UCs3r_67R1GGZGzjhM4rR2xA,test_reserved,
30,6111,26565,QC1pK0l8y54,UCckltLEhFLv8Xz_lQhYfwmg,development,1
30,6112,26566,DMxWtznr7dE,UCYRuRw221bkMM9zHUS5_Y0w,development,3
30,6113,26567,fW9vlI05MQ4,UCPXSUKHTNc1_hnHuj-UiQWQ,development,4
30,6114,26570,DxE803XCdVk,UC6aSX46078fvOY9bY9ZUTYw,development,4
30,6115,26571,SA0PDOS3a-M,UCckltLEhFLv8Xz_lQhYfwmg,development,1
30,6116,26572,5Y0H09bFpsg,UCcbOsE5_4LEjtQi8X2PFxDw,development,2
30,6117,26574,ErE_UkvTRfQ,UCcijXxFzSXgoM6q9cCtT9PA,development,2
30,6118,26577,Hpw9mAIPNKY,UCObCXpFPND_N_S2MTtkI-Rw,test_reserved,
30,6119,26589,6JQuzH5KvMQ,UCCxWuiv11xqdA6Vi3HkaXuw,development,3
30,6120,26591,HpNwtruiFS0,UCrhkgHTUdZXbCd69TNuQuMg,development,4
30,6121,26595,C3G5QGbJIvs,UCvZpRt_4T2NlC9111RxNBug,development,2
30,6122,26596,yYAfj_8wju8,UCckltLEhFLv8Xz_lQhYfwmg,development,1
30,6123,26620,zNR1uGek65A,UCVfnhhDIkkBJ_1QyzCqeVDg,development,2
30,6124,26621,5tsHJ_z9dZY,UCckltLEhFLv8Xz_lQhYfwmg,development,1
30,6125,26623,AZq1qwMErG8,UCckltLEhFLv8Xz_lQhYfwmg,development,1
30,6126,26632,Pmx8Ij3GK0I,UCckltLEhFLv8Xz_lQhYfwmg,development,1
30,6127,26636,H2PLpFtatkU,UCA5xW2Ce7KT2AtxzDYDebCA,development,4
30,6128,26638,v-0kuNiOJ5E,UCmqflTSJ6911aCrnaWIXxsA,development,3
30,6129,26640,1cnih8T6AE4,UCowiYUdbNsL9qVmpY9Z0jLQ,development,3
30,6130,26642,gZYLksSKSi8,UCOtYyt7W5PmPnwQjWWF_Z-Q,development,3
30,6131,26643,d2Moz6HbE8g,UCVfnhhDIkkBJ_1QyzCqeVDg,development,2
30,6132,26654,0VHKoEoIdss,UCCK3OZi788Ok44K97WAhLKQ,test_reserved,
30,6133,26655,ry7boT8CCS8,UCckltLEhFLv8Xz_lQhYfwmg,development,1
30,6134,26662,Lqw8KJDQgsA,UCMNaxF22tMr_rcNI5fkUkYw,development,4
30,6135,26669,GJCOVCtgkW0,UCOKg9DR3c0Aa3A9JCvNrzGQ,development,3
30,6136,26672,q4RY3nKUt8M,UCaESx7Bdghv_UICcG1hBkcg,development,2
30,6137,26677,PygZWe1WyeQ,UCckltLEhFLv8Xz_lQhYfwmg,development,1
30,6138,26681,cEpRtd7jvVc,UCqrqt9Egbp4Voh3iEUUoorw,development,3
30,6139,26685,nv90u8_nscs,UCckltLEhFLv8Xz_lQhYfwmg,development,1
30,6140,26691,upaWVj8E_sA,UCcijXxFzSXgoM6q9cCtT9PA,development,2
30,6141,26695,wJSYtwjoWn8,UCr5BVR_ePEz_9V-KF5rSEmQ,test_reserved,
30,6142,26697,zfaMkLvPQao,UCYf829WTg8Cpx_a-cPtgSQQ,development,4
30,6143,26701,17B-se8-yFs,UC6IHfZ-Rez2LR0PH01YxL7w,development,1
30,6144,26709,oa7-4h7i1t4,UCEoAl837WtAzW_HMqEHPi5Q,development,3
30,6145,26711,lvXeJ1UpIAM,UC151dtdh5iXFd-0IRkt7DDg,development,5
30,6146,26712,1bHE8zZg_Lk,UCIKg0Ev6Vq2M7hU7bL_jHFQ,development,3
30,6147,26713,-noG-HBxsSQ,UC4Pb9SEsCb1EpsXVYAVVajw,test_reserved,
30,6148,26715,wzKtscYaBAc,UCaESx7Bdghv_UICcG1hBkcg,development,2
30,6149,26716,pNrakOElVRM,UCoPGkvh-1AoSzh23-ROXrpw,development,2
30,6150,26718,M6BAvNm8N3U,UCFuP4DmMM9LZOMoa86vsZig,development,4
30,6151,26725,BQXcME2gIlY,UCcijXxFzSXgoM6q9cCtT9PA,development,2
30,6152,26730,LcrV58JV4Q4,UCiPqzkmX93ta8vFwMVS81oQ,development,3
30,6153,26734,Rd9eHFNcp88,UCl5xacxsAhltNGtiMktd_Sg,development,4
30,6154,26736,kkw6LoyUcLA,UCCK3OZi788Ok44K97WAhLKQ,test_reserved,
30,6155,26740,R7GivBmHp3I,UCRDDfbYPHX_GUJ4lcQYTc8A,development,2
30,6156,26745,biW5SrYKuD4,UCbS_glb2N1NVTrDLVryRbng,development,4
30,6157,26751,ZXgpOJA7fLA,UCFuygvMWDiyNyxxFe347H9w,development,4
30,6158,26752,blSwA8W4YPg,UCwKYO2L9xzLtWhSv4ncYCIA,development,1
30,6159,26755,poCVClxzwDM,UCOtYyt7W5PmPnwQjWWF_Z-Q,development,3
30,6160,26764,_sJB-kkHh_E,UC2vkiMjVj6b_1hq0q3J5pyQ,development,5
30,6161,26765,r8_E0IMRjOo,UCCQ3mUIQTv2Snhw5Os0Yo5Q,development,3
30,6162,26766,KaV1IgfzcRA,UCbS_glb2N1NVTrDLVryRbng,development,4
30,6163,26776,6fIdAXSeumA,UCcijXxFzSXgoM6q9cCtT9PA,development,2
30,6164,26778,29mbjSl0xqc,UCcijXxFzSXgoM6q9cCtT9PA,development,2
30,6165,26785,UQEc1pGBaVc,UCQTcNhAZidy1i9wwmdgf2Lw,development,4
30,6166,26794,loTWPfrz2_k,UCckltLEhFLv8Xz_lQhYfwmg,development,1
30,6167,26797,gtQEceTYptw,UCAfSZ4d_LQ3v6gs6r4IADcw,development,4
30,6168,26800,6T1aBbeJY-U,UCckltLEhFLv8Xz_lQhYfwmg,development,1
30,6169,26809,wty_qNeAaEw,UCqDMvUe1Zy9QzR-F6X7B5pw,development,1
30,6170,26813,6aCwWD4qzrw,UC2GNitBc9qBFZd0329eYOPg,test_reserved,
30,6171,26817,7r-7_hPmIRk,UC1_uLITLP5agSh27SaB1C_A,development,1
30,6172,26823,iDMrCmV_0IA,UCckltLEhFLv8Xz_lQhYfwmg,development,1
30,6173,26836,xL2NmbkjGJs,UC2b5VAYjsOfepl9nAXgRmfQ,development,4
30,6174,26840,WbKe_k_9vs0,UCckltLEhFLv8Xz_lQhYfwmg,development,1
30,6175,26847,Y9OTnfNEEBw,UCDAkUKRB1pkb-s3Gqv7FZ7A,development,2
30,6176,26850,7JrO9ybhCqY,UCOtYyt7W5PmPnwQjWWF_Z-Q,development,3
30,6177,26853,PonW9XXSyL0,UC9SnUR9ewkPk9h45L0uY6SQ,test_reserved,
30,6178,26857,w5LVlVar-GY,UC2b5VAYjsOfepl9nAXgRmfQ,development,4
30,6179,26858,v5rjn2ger8Y,UCckltLEhFLv8Xz_lQhYfwmg,development,1
30,6180,26859,OhaEHVxnfqc,UCYweMykEAI5aaRztqrJuuAg,development,2
30,6181,26865,oH7ZxWYJ0MA,UCvcVb1fcd-asMSL6-CeOgNw,development,1
30,6182,26873,VYbadpiOKUQ,UCckltLEhFLv8Xz_lQhYfwmg,development,1
30,6183,26874,gI4Z04bXGzw,UC_0KqdgCMvhbpYcp9JaqQRg,test_reserved,
30,6184,26895,ceb8kNkf074,UCxsE32DTIPVMUulrQdpjgVA,development,2
30,6185,26896,MlY3yxsnzHc,UCS5U8OTQXzQXMET3NcRguWQ,development,1
30,6186,26899,p2lVfyC8kHA,UCfpYakGtM6UYxAjTWpUu1PA,test_reserved,
30,6187,26902,huKwIQLqKoo,UCckltLEhFLv8Xz_lQhYfwmg,development,1
30,6188,26904,SVN9_aY__gE,UCckltLEhFLv8Xz_lQhYfwmg,development,1
30,6189,26905,7EEtYoYLrfE,UCOtYyt7W5PmPnwQjWWF_Z-Q,development,3
30,6190,26906,gyZB7uMG79w,UCcijXxFzSXgoM6q9cCtT9PA,development,2
30,6191,26907,YqaapN81dD4,UCcijXxFzSXgoM6q9cCtT9PA,development,2
30,6192,26908,5cjdD8ZLrCQ,UCckltLEhFLv8Xz_lQhYfwmg,development,1
30,6193,26911,3DvcYL7OLwg,UCboLxe3OAqGwhXlZRitCTjQ,development,4
30,6194,26919,Vq3TCXWTpgs,UCUjrGH_aRUuOP-BGBAQyZOw,development,3
30,6195,26924,h4pXJU1JWDo,UCckltLEhFLv8Xz_lQhYfwmg,development,1
30,6196,26932,RNRsok60pUQ,UCckltLEhFLv8Xz_lQhYfwmg,development,1
30,6197,26941,SBnFKtGWtJw,UCrVFS_0PdV7AwyTgR13IcVg,test_reserved,
30,6198,26949,Ee_n-XXxa9w,UCOPqjdQOIF6faslRMEruJmA,test_reserved,
30,6199,26951,A_zfEEpd6dw,UCuFZRnnDPMiwvyJVHhNP6og,development,1
30,6200,26962,FN1UVeUE1ng,UCkLQJFBnqzhJCAvqn99hRUg,development,4
30,6201,26963,6cjFB_6bWcU,UCCWvpE69tjbUsHIab_cDukw,development,1
30,6202,26965,HLUoJguMP70,UClmcdMeyewoxHEYb2XDjhJw,development,5
30,6203,26970,JdcVvcaPM6o,UCgooj1ufFuOk6GD2jq8CbdQ,development,2
30,6204,26973,rN6nq3bhRzU,UC6TYUtPYJLIcKIf03AtMvIg,development,5
30,6205,26976,hKZ2a1jh2Jw,UCckltLEhFLv8Xz_lQhYfwmg,development,1
30,6206,26979,CpfJEPituEo,UCckltLEhFLv8Xz_lQhYfwmg,development,1
30,6207,26981,CdS5stMzu-U,UCkagcQYGoYFuXsUg-ObSL6A,development,5
30,6208,26987,r1ZTElwAmBw,UCsuLESGzpaFQptadrVNH4Ow,development,1
30,6209,26999,cLc9xv-6ISk,UC7-JGEBb4S3an5tS96rlHaQ,development,3
30,6210,27003,-hT8kF6nITs,UCIi-sp4cticvdmHAodPeyvw,development,1
30,6211,27004,Q_ntugKsAXY,UCyaIoiqUyGoO7u6jIZm3h6Q,test_reserved,
30,6212,27008,4dxjF08OFjU,UCSEWhVMdyy28K-GusjWjmdg,development,4
30,6213,27009,a2thftIQo7c,UCgy5luu86OLBeugp27Tnddw,development,4
30,6214,27018,35mt6KVI70M,UC-DEHYgvcA5bBD3cWo_vSuA,test_reserved,
30,6215,27019,3dGPjLRlMOE,UCCK3OZi788Ok44K97WAhLKQ,test_reserved,
30,6216,27020,0p8o3rFWEeU,UC0nMJ3QNryBHZpy1P3Wamwg,test_reserved,
30,6217,27033,GjAjLtYIn8g,UCc30sTBdN9LRSxEuHaXV_bQ,test_reserved,
30,6218,27037,jl9y5AId3mY,UCQgP7Qg3su6gQj2nj-dGbWA,development,5
30,6219,27043,h1snxBaJxYc,UCldiq7Z0JJVSkGXVgfV2qtg,development,2
30,6220,27047,sf85EoQVH94,UCrVFS_0PdV7AwyTgR13IcVg,test_reserved,
30,6221,27050,of0eWlpRbKg,UCCK3OZi788Ok44K97WAhLKQ,test_reserved,
30,6222,27053,jMaK0pKTWgU,UCezX9mPSzwm7xgy2HGwozfA,development,3
30,6223,27055,ZznpIYJ8ly8,UCj1dU6sfWVtm1AeD1yT7iFQ,development,2
30,6224,27067,zzkVe36BgWg,UCAH7R88V7gz7RqJv78nNOzg,development,3
30,6225,27074,zaX0H21MalM,UCCK3OZi788Ok44K97WAhLKQ,test_reserved,
30,6226,27078,HzyzFRL_qD0,UCCK3OZi788Ok44K97WAhLKQ,test_reserved,
30,6227,27082,zdDqb1BTzwM,UCv0MDqyLJbwYkW-7IHFAPhg,development,4
30,6228,27085,YmtWHmZqBQo,UCrVFS_0PdV7AwyTgR13IcVg,test_reserved,
30,6229,27089,Bxj6kzHGol0,UCOtYyt7W5PmPnwQjWWF_Z-Q,development,3
30,6230,27094,piLIwQwzRTQ,UCckltLEhFLv8Xz_lQhYfwmg,development,1
30,6231,27098,AvuVWDClnv4,UCprmDoTgvTMCbo8CInSLBIA,test_reserved,
30,6232,27102,FUI3oipR25E,UCIoyIVPZEfC2p0dQwAxGiEw,test_reserved,
30,6233,27104,X8JfNu7ME2E,UCQxYcvX5hnGJvuTFzKng-Vg,development,2
30,6234,27110,lj3jnztZ8B4,UCgnFSj7jQffD5V5m05j4dPw,development,5
30,6235,27127,AaZ1QxgwcCc,UCleSED0EeFCUcstM9g9o4Gg,development,4
30,6236,27128,ZW50Ek4a8jU,UCOnTFYvFvGwd2N4_a8UMk5Q,development,3
30,6237,27129,h6D27fnXwYM,UCRB8mrLCcwTPlJOMUy9MDUg,development,2
30,6238,27139,Tk809x1Blz4,UCLNz9bgiJfM3ImTtYDOt8Ew,development,4
30,6239,27145,w3AqfBC9FQI,UCQTcNhAZidy1i9wwmdgf2Lw,development,4
30,6240,27149,oVbAFjpWgP0,UCgFSgMsvgRRq4xDjmmf4LUw,test_reserved,
30,6241,27153,aIPWQz4tx7s,UCOhlt0l_vucCrUDphPAJnbw,test_reserved,
30,6242,27156,TqXe3rF-l30,UCcijXxFzSXgoM6q9cCtT9PA,development,2
30,6243,27159,3hh1MPKXLrw,UCkD2Gixzde52jx1XspNvrBw,test_reserved,
30,6244,27174,mX74CZeEvEM,UCckltLEhFLv8Xz_lQhYfwmg,development,1
30,6245,27178,13QYdjmvNII,UC2b5VAYjsOfepl9nAXgRmfQ,development,4
30,6246,27189,7XqP-Bnn8HY,UCCK3OZi788Ok44K97WAhLKQ,test_reserved,
30,6247,27190,AGnxVcnmw-4,UCmGMChEd9jBucufrWcpk3Ew,development,3
30,6248,27196,5Hyc5Uc7gJc,UCc30sTBdN9LRSxEuHaXV_bQ,test_reserved,
30,6249,27197,PXSwxsxqTOQ,UCCK3OZi788Ok44K97WAhLKQ,test_reserved,
30,6250,27198,AvHDaRo9lzM,UChhmvfskCK4IaaoJ4Bj84Kg,test_reserved,
30,6251,27210,KysOcYNtXRI,UCbS_glb2N1NVTrDLVryRbng,development,4
30,6252,27212,Eva2so7yPK0,UC6MkngMDyobFNaXOZR0ukyQ,development,1
30,6253,27213,3d3aJAG48qQ,UCcijXxFzSXgoM6q9cCtT9PA,development,2
30,6254,27219,wLSKYwrICDI,UCRDDfbYPHX_GUJ4lcQYTc8A,development,2
30,6255,27227,coPJTgoCLMk,UCOtYyt7W5PmPnwQjWWF_Z-Q,development,3
30,6256,27231,sV93IOCiEc8,UC0554zf4RvVkxwt_tS4Wx_g,test_reserved,
30,6257,27239,iAoNfqz908Y,UCaIc6SgS90ud_RgMSC6hW_w,test_reserved,
30,6258,27240,76qt97B3Kmc,UCV-q7cRK5yFYEFzWuoQOmQQ,development,4
30,6259,27242,Yt1qRJ-YwX0,UChtQ7TCSKmvCIqonz1eto1w,development,3
30,6260,27249,6kaBL7izyRE,UCCK3OZi788Ok44K97WAhLKQ,test_reserved,
30,6261,27258,3F3zNiaNN24,UCp7CXZR7tYqwh8pVSH4lQhQ,development,1
30,6262,27266,3cmEFzi6LEE,UCQTcNhAZidy1i9wwmdgf2Lw,development,4
30,6263,27267,qwRS_lzRs08,UCpKHQzqFn8VhNKQVCNp2M1g,development,2
30,6264,27296,pmeR4fmpYgg,UCqrqt9Egbp4Voh3iEUUoorw,development,3
30,6265,27300,P9j0KeNgKMs,UCsLoRcb3FvB-uK3F1_zqXbw,development,1
30,6266,27303,tOB0Dtg3RU8,UCckltLEhFLv8Xz_lQhYfwmg,development,1
30,6267,27304,hd731VC8tk0,UCe13xXtdfx_n0_z1qeXV6_g,test_reserved,
30,6268,27305,CW1ETkcFoQE,UChlvAvH3N7Xd29DuAJgv0Mg,development,1
30,6269,27306,KPtrgmUed4Y,UCOtYyt7W5PmPnwQjWWF_Z-Q,development,3
30,6270,27308,Ig8kyDB5Clw,UC4oZv7iatCbhEp6ehMMbhAg,development,5
30,6271,27313,Acc4aNwatEQ,UCbRbdFTihZZCq8r5-bQa0sA,test_reserved,
30,6272,27318,o5725Vjv0e4,UC1YGPDtctHGJWW0NrlQVklw,development,5
30,6273,27324,IHMO0McgHbk,UCAH7R88V7gz7RqJv78nNOzg,development,3
30,6274,27326,JQqNaIiwRA4,UCuKu1AFWC8Wk6AWMveGwcxg,development,2
30,6275,27331,p57gZdJ9rO4,UCckltLEhFLv8Xz_lQhYfwmg,development,1
30,6276,27339,OLmxTlVvV4s,UCQkPhQ-6NhA1v7Tpsp6EnKQ,development,1
30,6277,27340,F5Kzr3ZKtWs,UCyKbGIhchUM6-ybLXFXA1cg,development,1
30,6278,27345,oXkAUyvDGCw,UCcijXxFzSXgoM6q9cCtT9PA,development,2
30,6279,27347,kGyC_dONWzE,UCbVw-Yr6A7L4hPi8W6zsQlw,development,3
30,6280,27361,CO7I5r4mWc0,UCbS_glb2N1NVTrDLVryRbng,development,4
30,6281,27364,n04_CL8FRsU,UCbS_glb2N1NVTrDLVryRbng,development,4
30,6282,27370,pWbQz5oP-IE,UC5NJWHF4x-DWCWgNGQfMqmA,development,4
30,6283,27381,qoPqZDsUwsQ,UChDDErhFN18hQ-NifYMMbVA,development,4
30,6284,27382,YOiClBKGV-g,UCCK3OZi788Ok44K97WAhLKQ,test_reserved,
30,6285,27384,-kb8Rsu1HOA,UCCK3OZi788Ok44K97WAhLKQ,test_reserved,
30,6286,27385,-Cw-svR_8ME,UCcrsFwwoMvcXYpJ0XldIlVQ,development,5
30,6287,27387,ARnVMvMzeJE,UCXfgx23Lw81I4wsCNhdVBgw,development,4
30,6288,27393,niZ5ZPkcvik,UC1hcl0aIr9KtXA-Kiq9itqw,development,3
30,6289,27395,lF-0cjKGUR8,UCOtYyt7W5PmPnwQjWWF_Z-Q,development,3
30,6290,27402,B2-Zu7E4LOM,UCcijXxFzSXgoM6q9cCtT9PA,development,2
30,6291,27403,Bv_70NJd7pE,UCV-q7cRK5yFYEFzWuoQOmQQ,development,4
30,6292,27405,3NFNRyMC_XQ,UCCK3OZi788Ok44K97WAhLKQ,test_reserved,
30,6293,27407,eTtltUzvDzA,UCfU_EkNq6OxL-RvZCx7f7wQ,test_reserved,
30,6294,27409,sd8G-QIjgqk,UCckltLEhFLv8Xz_lQhYfwmg,development,1
30,6295,27418,Iyi5IgMhyks,UCaIc6SgS90ud_RgMSC6hW_w,test_reserved,
30,6296,27436,2ns_HNxSSD8,UCCK3OZi788Ok44K97WAhLKQ,test_reserved,
30,6297,27438,I-8K6FZYZdc,UCuJmg9Gw1uO-JGVLk9iACDw,development,2
30,6298,27440,C9F16FOtgW8,UCQTcNhAZidy1i9wwmdgf2Lw,development,4
30,6299,27445,7iinHO3Vuiw,UC5lT7mnrszE3L2UdcpnFVhw,development,1
30,6300,27447,Ai1-jRwQPPQ,UCCK3OZi788Ok44K97WAhLKQ,test_reserved,
30,6301,27448,Ob3iJsMHVgI,UCc30sTBdN9LRSxEuHaXV_bQ,test_reserved,
30,6302,27450,2N9N7CQJzvU,UC8qBNfgWRK_WYYGSmmrfgPA,development,4
30,6303,27451,frSzgTO0ImA,UCA5xW2Ce7KT2AtxzDYDebCA,development,4
30,6304,27454,rTzTc0MB6fo,UCprmDoTgvTMCbo8CInSLBIA,test_reserved,
30,6305,27455,s-rG4fYiI9I,UCXDs97xqSkkV9WSXMtYvCEw,test_reserved,
30,6306,27463,jJquJqd6xt4,UCckltLEhFLv8Xz_lQhYfwmg,development,1
30,6307,27466,TaVoW2FN8Q4,UCbS_glb2N1NVTrDLVryRbng,development,4
30,6308,27468,-BZeLoHKgow,UCcijXxFzSXgoM6q9cCtT9PA,development,2
30,6309,27469,M1JWb0q0UPQ,UCCQ3mUIQTv2Snhw5Os0Yo5Q,development,3
30,6310,27472,GeCQCVJhNz4,UCRDDfbYPHX_GUJ4lcQYTc8A,development,2
30,6311,27475,Y0tN9HHc2ic,UCkojdaAh7raYGOgVn4k1fLw,development,5
30,6312,27486,FpsAe_sqcOg,UCgnFSj7jQffD5V5m05j4dPw,development,5
30,6313,27494,pTUglRw_cnU,UCrtXFLaJQUh6R8xjW6l5tMQ,development,1
30,6314,27498,z7z0RNDsZFQ,UCqDMvUe1Zy9QzR-F6X7B5pw,development,1
30,6315,27499,66_ISeZvOeU,UCCK3OZi788Ok44K97WAhLKQ,test_reserved,
30,6316,27503,Z3sgmfp0qGU,UCVfnhhDIkkBJ_1QyzCqeVDg,development,2
30,6317,27504,xb0NdjVN70I,UCVd1jcy6wKFzfQ5E-Txtg-w,development,2
30,6318,27508,wJcdyLNPKIk,UCbS_glb2N1NVTrDLVryRbng,development,4
30,6319,27510,yhgKnPVEmYM,UCcijXxFzSXgoM6q9cCtT9PA,development,2
30,6320,27511,eozDqY5z6bI,UCckltLEhFLv8Xz_lQhYfwmg,development,1
30,6321,27529,nXqOHvrDuz8,UCAH7R88V7gz7RqJv78nNOzg,development,3
30,6322,27537,S50mlCtKZv0,UCkhusRWtlkfDXeyaEAqxnvg,development,3
30,6323,27546,J1fFs5Oi1Ng,UCA5xW2Ce7KT2AtxzDYDebCA,development,4
30,6324,27550,2bXNH1OnQHQ,UCckltLEhFLv8Xz_lQhYfwmg,development,1
30,6325,27553,4VCKUJMz9Mw,UCXRnXDVoCjqUN_sOJweAXyQ,development,5
30,6326,27556,tyzP5N52URc,UC324VVhYKykBv01GecF4aYg,development,5
30,6327,27560,xWKf3FzIgkE,UCfTCfcZwZ9U0jMO-6fVEYoQ,test_reserved,
30,6328,27568,cvtlXvQBYoc,UC7jNYrQQr_GnMWLe6bGRi2A,test_reserved,
30,6329,27569,lBWJsIcdFts,UC7jNYrQQr_GnMWLe6bGRi2A,test_reserved,
30,6330,27573,IqremxxqXyY,UC1_uLITLP5agSh27SaB1C_A,development,1
30,6331,27574,cLgUrfnAK7U,UCcbOsE5_4LEjtQi8X2PFxDw,development,2
30,6332,27586,C4ReX60vz6s,UCwH5wSFcuXiR_qYFMbl6S7A,test_reserved,
30,6333,27592,YDh1fAjCNMY,UCckltLEhFLv8Xz_lQhYfwmg,development,1
30,6334,27598,jTjIchByJUE,UCm8I2aLYgPm_gdzw4SSkiGg,development,2
30,6335,27599,2lo9mPxipm4,UCOGqY1GxiXCSP8F9pSqMHFQ,development,4
30,6336,27617,QEQ8TR9MbHY,UCMk3TZ_MvwlPbSYp_1FScrw,development,2
30,6337,27618,NNMftQhnXaM,UCckltLEhFLv8Xz_lQhYfwmg,development,1
30,6338,27620,a4doYg0wVQY,UCr6N1fR_Lb9ftvHwqCsadSg,development,2
30,6339,27622,JLWkEBDtlz0,UCckltLEhFLv8Xz_lQhYfwmg,development,1
30,6340,27623,W0Le2lIR0mM,UCFAQPiyzxj7BNfeKWGsR5gA,development,5
30,6341,27624,MhQ3pRczZnY,UCh9qXeL8eP3Txra2908xksg,development,3
30,6342,27626,p44sEGrxgiw,UCbS_glb2N1NVTrDLVryRbng,development,4
30,6343,27627,AWbwavWH0uQ,UC_wJhm5jkqIBLd8-9fZg0XA,development,2
30,6344,27628,ERzaNwLIB28,UCpErRATj-Z4ux1lAtBhdfbg,development,4
30,6345,27629,wdwebHpMvPI,UCCK3OZi788Ok44K97WAhLKQ,test_reserved,
30,6346,27630,-f-tYhI104s,UCLA8Ovy_NPAwMWvr8IEDquw,development,4
30,6347,27631,rFjySmiove4,UCV-q7cRK5yFYEFzWuoQOmQQ,development,4
30,6348,27632,w2wRXHfk414,UCLNz9bgiJfM3ImTtYDOt8Ew,development,4
30,6349,27636,CfotcWJdZDI,UC_nFt7ialY-bZ-nUFwzY_hg,development,1
30,6350,27650,gdK2d-jSgvA,UCYKyUJ4cVLcnU6rUyJvOupg,development,2
30,6351,27652,UjGxAmMz9Pw,UCckltLEhFLv8Xz_lQhYfwmg,development,1
30,6352,27653,-EcX--IY9js,UCVjyzr_EOtJLtLF_3VKfrWQ,development,2
30,6353,27657,pULWGZ-xL9w,UCo7jGFwywOdtesciwW-POqg,test_reserved,
30,6354,27658,CfWfoIjxoiU,UCbS_glb2N1NVTrDLVryRbng,development,4
30,6355,27665,myBAq-HMLeI,UCQTcNhAZidy1i9wwmdgf2Lw,development,4
30,6356,27668,bC8rksevpIw,UCcijXxFzSXgoM6q9cCtT9PA,development,2
30,6357,27669,u0ZrzZT13P8,UCckltLEhFLv8Xz_lQhYfwmg,development,1
30,6358,27671,sUF-3x7X7Tw,UC8ZmvQOUKiu6SmICTXzjFnA,development,5
30,6359,27672,1JHEBLic14s,UCAeBFsK2bmm5lkgy90uFiqw,development,4
30,6360,27674,iRVo_XSTs90,UCbS_glb2N1NVTrDLVryRbng,development,4
30,6361,27676,mcOGLZF-o2A,UCckltLEhFLv8Xz_lQhYfwmg,development,1
30,6362,27678,6U8_BVDDaIk,UCTnTpSsN7eemLLpDyqdBP_w,development,3
30,6363,27681,t4RDM0TLogc,UC0xHX8gNJzWCFU4J0kP9JQw,development,1
30,6364,27683,5Qm7E58oXJU,UCjm7vbOwssao7Bhm9wX3-bw,development,3
30,6365,27685,ZMYq3gZ1Fkw,UCn0XmAUFv6d2tofMFEesSNw,development,5
30,6366,27687,bS2JUb8hlG4,UCckltLEhFLv8Xz_lQhYfwmg,development,1
30,6367,27690,LdwJm5ib128,UCVfnhhDIkkBJ_1QyzCqeVDg,development,2
30,6368,27692,pQG88GgmDxE,UCAH7R88V7gz7RqJv78nNOzg,development,3
30,6369,27694,wqdOFQiF7Yk,UCbS_glb2N1NVTrDLVryRbng,development,4
30,6370,27709,8pszK5mqHd8,UCckltLEhFLv8Xz_lQhYfwmg,development,1
30,6371,27710,rWqk67V4lCc,UCXr_QQbz1WU8mdEtomtRdqA,development,1
30,6372,27712,UIxIoUlSWzo,UCAGQUfHzdsgxJ1pq2XDS2TQ,test_reserved,
30,6373,27717,mfuC4BxuD1Y,UCGjZJ0TN1PlJIEwJXKNlm6w,test_reserved,
30,6374,27719,YiFdWG-OLs0,UCGSDCIUEvUtO5wzIFtc4AgQ,test_reserved,
30,6375,27720,kYQKw-lJER8,UCckltLEhFLv8Xz_lQhYfwmg,development,1
30,6376,27721,P948YX1w748,UCcijXxFzSXgoM6q9cCtT9PA,development,2
30,6377,27722,jyqerMveZUw,UCRK13WgCsr2N6y9cbeEq39g,development,3
30,6378,27723,Vt1toR00QAw,UCUmkuHIy9TcUhd10BCEVpIg,development,4
30,6379,27728,VvmG8934wZc,UClSIhhnuyF8fXtBTpOOTknA,development,2
30,6380,27734,55-MdVj0dng,UCP2YhISU6q8pOw8fbS4NjTg,development,3
30,6381,27736,L-d6F2xGodw,UCCK3OZi788Ok44K97WAhLKQ,test_reserved,
30,6382,27744,vV5Pqow0rjw,UCcrsFwwoMvcXYpJ0XldIlVQ,development,5
30,6383,27747,ekhyKEVjTNU,UCBYHzLIry8B-rCsqd1okLKQ,development,4
30,6384,27749,T9ATcpe6f2s,UCjX5zm1l8VZfEzAVMHKJSAg,test_reserved,
30,6385,27753,DGGYlihpssI,UC22LfvKY_7Ibkt5I5wFqwfg,development,4
30,6386,27754,gUbeCiZlHvM,UCAH7R88V7gz7RqJv78nNOzg,development,3
30,6387,27755,A0oOi8pUbZc,UCpKHQzqFn8VhNKQVCNp2M1g,development,2
30,6388,27757,XLoh0VHWL8k,UCn0XmAUFv6d2tofMFEesSNw,development,5
30,6389,27759,arRFBW0G80w,UCOtYyt7W5PmPnwQjWWF_Z-Q,development,3
30,6390,27761,jQdTV5hyTP4,UCCK3OZi788Ok44K97WAhLKQ,test_reserved,
30,6391,27768,49Vzspbb4d0,UC8U5Mgl9nbkm5vOJ0SMtQgA,test_reserved,
30,6392,27771,e0pvi_iYig4,UC4S4O5hz73fNIIbcn4p3r9g,development,4
30,6393,27774,fnd62HCL3HE,UCx4GT61AI2dyy3FVFZ3s9Hw,development,1
30,6394,27777,B_eRtFxjalI,UCLsRogzQ9bw2Efitidd0ikg,test_reserved,
30,6395,27786,ioKzpVhR2Hw,UCuTgmLxqarTxuBU5ARMYUNQ,development,5
30,6396,27794,-5heFiboITg,UCls_uDOm2aY8LP8tP1Z4BOQ,development,3
30,6397,27805,Ysu9GNrRk54,UCn39xNZ42C93DHXbbRH2mgA,development,3
30,6398,27809,oPNt7hHk1_8,UCfj7Lqw8oDFeCNUd6JIqHkw,development,4
30,6399,27815,-zX-jTIWqt0,UCciZtQ60IYF1mPhjMxk7Z1w,development,5
30,6400,27827,HjjbkxpqwAk,UCj1dU6sfWVtm1AeD1yT7iFQ,development,2
30,6401,27835,xDNOhosLTOA,UCcbOsE5_4LEjtQi8X2PFxDw,development,2
30,6402,27837,Zqwn6kwdNy8,UCrhfPfnrGA6aLHO6qxvM7_Q,development,2
30,6403,27839,411o4M1nEu8,UCcbOsE5_4LEjtQi8X2PFxDw,development,2
30,6404,27841,RdMJkdJiCoM,UC_R5RnT7O66G791kXv-9_vg,development,5
30,6405,27842,8fmax_OHQoA,UCdgWTRipbTuQsIiiPb6fB-A,development,5
30,6406,27853,aGCD9-ljEpQ,UCuTgmLxqarTxuBU5ARMYUNQ,development,5
30,6407,27856,b97Ay-Icf6U,UCckltLEhFLv8Xz_lQhYfwmg,development,1
30,6408,27859,rFnIImx432I,UCZNreSxdvd50nzMz5zkXg4w,development,5
30,6409,27861,lCDbC29J0lI,UCmTrMV3RUj_n8dO0Ff-wHOQ,development,3
30,6410,27866,TM_lV4Ns8Q0,UCKuDeSAQOkDnBpiSa0gJN0A,development,3
30,6411,27869,xvMWxPLiLbc,UCckltLEhFLv8Xz_lQhYfwmg,development,1
30,6412,27873,dXN_F8ASjA0,UCAH7R88V7gz7RqJv78nNOzg,development,3
30,6413,27884,c5p3cYRGT_8,UC9y7Wh-inBLM44vBwc9MGJg,development,2
30,6414,27888,I5qoucWzTjE,UC1hcl0aIr9KtXA-Kiq9itqw,development,3
30,6415,27889,ptVhfYqLLPI,UCPXSUKHTNc1_hnHuj-UiQWQ,development,4
30,6416,27891,aTO9CjBiyDw,UCUYXSaH7gW9DGZHItFsvJ_A,test_reserved,
30,6417,27892,l9IQavrZXck,UCjm7vbOwssao7Bhm9wX3-bw,development,3
30,6418,27894,kxaHZNrwYR4,UCLuP7ROjaueiuNbzrvPqXSQ,development,3
30,6419,27901,iiyV8n5ejy8,UCjG1iw5WByPYVukngRcFVnA,development,4
30,6420,27903,GjjVbicC-b8,UCqecKbw2u_oVHNVdQEq-nCw,development,1
30,6421,27908,DomxWbiTl3A,UCckltLEhFLv8Xz_lQhYfwmg,development,1
30,6422,27909,Ci5sGTd4MXM,UCCK3OZi788Ok44K97WAhLKQ,test_reserved,
30,6423,27911,M035N25FEi8,UCckltLEhFLv8Xz_lQhYfwmg,development,1
30,6424,27914,ry68g9o72tA,UCUWsih24MIJm0hrkWmhJkmA,development,3
30,6425,27915,Wfltk3P81fg,UC8U5Mgl9nbkm5vOJ0SMtQgA,test_reserved,
30,6426,27918,IirePl8ksO8,UCAH7R88V7gz7RqJv78nNOzg,development,3
30,6427,27928,qmqEWJV1EOA,UC6MkngMDyobFNaXOZR0ukyQ,development,1
30,6428,27929,Q_7lMY-RBrk,UCckltLEhFLv8Xz_lQhYfwmg,development,1
30,6429,27931,iG0yAjpOK90,UCiPqzkmX93ta8vFwMVS81oQ,development,3
30,6430,27938,B7iM6uMnsWk,UCckltLEhFLv8Xz_lQhYfwmg,development,1
30,6431,27947,U8AGk1DHjMM,UCceS_252pdNUa5ztP_MW8rw,development,2
30,6432,27948,XWOO37Rzoys,UCrhkgHTUdZXbCd69TNuQuMg,development,4
30,6433,27950,3IYY5WJvHdA,UCckltLEhFLv8Xz_lQhYfwmg,development,1
30,6434,27951,OorF6zfB5aY,UCbS_glb2N1NVTrDLVryRbng,development,4
30,6435,27960,KFjiEseIdkk,UC-4FUBrbjpCCoNGqHh6X5og,development,1
30,6436,27965,Lbr_mF7rUog,UC_11Bq_yPD1gIFYAlDXEC_A,development,2
30,6437,27975,Su_9BuvdX0E,UCoQOQFHBsBAhobpI8NradTA,test_reserved,
30,6438,27980,gTjUauy4eew,UCrVFS_0PdV7AwyTgR13IcVg,test_reserved,
30,6439,27981,BGISg1xJiBM,UCq5SmrhSWmp89RR1JpO2z8Q,development,5
30,6440,27984,Gw-UJ8aajrg,UCK71gEn4lLLToHx50jwMyNg,development,2
30,6441,27988,qzyrL1coTdM,UCbS_glb2N1NVTrDLVryRbng,development,4
30,6442,27992,KQ-3g2oD7LU,UCUATRdkuL0zxxmXWXBySgWw,development,4
30,6443,27999,04TX7SvYhEs,UCckltLEhFLv8Xz_lQhYfwmg,development,1
30,6444,28003,OqJqW7kJODY,UCcijXxFzSXgoM6q9cCtT9PA,development,2
30,6445,28006,APYzfK2XFAU,UCR6bwkq2RbGG12zWqD9YRvw,development,3
30,6446,28007,hyN9vTYJR6o,UCkagcQYGoYFuXsUg-ObSL6A,development,5
30,6447,28017,mNMJU-HHc-w,UCCK3OZi788Ok44K97WAhLKQ,test_reserved,
30,6448,28020,-oyS889TfIk,UCAd1_DwT2iKc8s7rH6Af9lA,development,3
30,6449,28024,J4H8cfF1aiI,UChhmvfskCK4IaaoJ4Bj84Kg,test_reserved,
30,6450,28026,lvH1YxgU5A8,UCCbm1E52PV05ZLv6dtRB92Q,development,5
30,6451,28028,T43HN7QlV-c,UCxAkK6_mU-y8NownflBHl7A,development,2
30,6452,28029,xXERt6RwK3I,UCoZJaxWPeeGKZ6ShK5EsIkA,development,3
30,6453,28033,E7QBOe7VGkc,UC0PdkCm3QlHJ8HdH4JeNirA,development,3
30,6454,28038,_DJBFWtYIS4,UCp3JwFW1xiUY4QwLqSsbNyw,development,2
30,6455,28046,kz8mJTH3Dg8,UC4Pb9SEsCb1EpsXVYAVVajw,test_reserved,
30,6456,28048,fcKRQHJ9XYo,UC5-n2dfksESEt3ATmM6Uujw,test_reserved,
30,6457,28050,f27-_xNeY5M,UC1YGPDtctHGJWW0NrlQVklw,development,5
30,6458,28051,IvN_edY4Y4c,UCPXSUKHTNc1_hnHuj-UiQWQ,development,4
30,6459,28052,f5KleLiaKYQ,UC1YGPDtctHGJWW0NrlQVklw,development,5
30,6460,28053,A7M73fbnPqg,UCuFZRnnDPMiwvyJVHhNP6og,development,1
30,6461,28056,XXc2H826V1U,UCDO8zlJiV9ZgaMMK2DyX1Dw,development,1
30,6462,28059,h7FK3tXQa6U,UCCK3OZi788Ok44K97WAhLKQ,test_reserved,
30,6463,28063,EWoyxaNGTR4,UCEQrXk9S_wxT6fz7Iy7PI5Q,development,4
30,6464,28065,nwgnpmg5Ieg,UCGwSu8n08wtb7RVacaPs9Tw,development,3
30,6465,28076,ZspReAtm1L0,UCaESx7Bdghv_UICcG1hBkcg,development,2
30,6466,28078,HOzHkmiD5RY,UCG0j1mTQov3RVBgLgh6wbKg,development,5
30,6467,28083,5lZGrWWRYI4,UCUz70SsT1TZzlwEqvSCpJRA,development,4
30,6468,28084,KA8wAnNSres,UCOtYyt7W5PmPnwQjWWF_Z-Q,development,3
30,6469,28087,8C9-4lHf6_Y,UCPfU0uygBGutjaaJU5PpEvg,development,2
30,6470,28089,MwwkXVsDzUI,UCmrLu4r89ykOzmtmbAeEklA,development,5
30,6471,28092,vo62hTCDcj0,UCyaIoiqUyGoO7u6jIZm3h6Q,test_reserved,
30,6472,28094,F17vEoPXZs8,UCCK3OZi788Ok44K97WAhLKQ,test_reserved,
30,6473,28105,uqlz3Aasxag,UC8kC4R1-G80cwxWLr6jvmtw,development,5
30,6474,28106,yiRCPFMD848,UCJA-NQ4MtcRIog66wziD8fA,development,5
30,6475,28110,SjQUwhzVWTA,UCckltLEhFLv8Xz_lQhYfwmg,development,1
30,6476,28112,R-pt2BCchiE,UC1YGPDtctHGJWW0NrlQVklw,development,5
30,6477,28116,QijKkd02TS4,UCCK3OZi788Ok44K97WAhLKQ,test_reserved,
30,6478,28119,c_MC0KBQfqg,UC1YGPDtctHGJWW0NrlQVklw,development,5
30,6479,28125,nzZgT7rfpaY,UCkM9Dn8ZcDf8U2566xTIjAg,test_reserved,
30,6480,28127,cCuKzCP8gRI,UCnkon33rksDXo3qChhTs5Vw,development,5
30,6481,28130,kx_96yACVac,UC61hH_E3HUjIweuWm20wuDg,development,1
30,6482,28134,Kkik5AXZPd4,UCCK3OZi788Ok44K97WAhLKQ,test_reserved,
30,6483,28135,XcPcmflY-2o,UCpKHQzqFn8VhNKQVCNp2M1g,development,2
30,6484,28137,7_n0hFrbb_0,UCMxeqmVKOqiqh7V_A3h4gfA,development,2
30,6485,28142,1scfVIs_R8Q,UCjm7vbOwssao7Bhm9wX3-bw,development,3
30,6486,28145,y9NJ2myyN1Q,UCV_ZQVj5aMCX9OmyFT6rXLw,development,3
30,6487,28147,gIUv7DTq0lM,UCZLtqBURY7PHmBLxExRw4WQ,test_reserved,
30,6488,28169,6CioWc7hUf8,UCT83ymyAGm7Gnk_4ifxjxIA,development,4
30,6489,28177,9ZCJg8BRhwU,UCcijXxFzSXgoM6q9cCtT9PA,development,2
30,6490,28179,yn74JPgdaOg,UCwtuDrW63iZmgrnlRgP8mow,development,2
30,6491,28184,sNJyQ5zWlCU,UCckltLEhFLv8Xz_lQhYfwmg,development,1
30,6492,28189,bZ9PHqcSgFY,UCslQTjunYucYv2IAoZ1vVnQ,development,2
30,6493,28190,LwgyULpBing,UCckltLEhFLv8Xz_lQhYfwmg,development,1
30,6494,28191,nQs7s0z2Vxc,UC0duLcyQT9tghWHfexjuTxQ,test_reserved,
30,6495,28193,XzGCSrbZScA,UCAOAqdh0wJ6lmzO8j33v8fQ,development,5
30,6496,28203,ZierE42EY64,UCkagcQYGoYFuXsUg-ObSL6A,development,5
30,6497,28205,npPQRkCx94Y,UCmwIKQQjwpjNT8OQ_VZuRfg,development,3
30,6498,28208,0PbsDqdNbI4,UCF0T1yveWR0SkQ-k8RNf9sw,development,1
30,6499,28210,6k_efrtBv2k,UC6aSX46078fvOY9bY9ZUTYw,development,4
30,6500,28219,9tahL7Ix4p4,UCAyTTE7S0i95nzjKqcm1Xaw,development,4
30,6501,28225,PwELUVVSBBM,UCJojbxGV0sfU1QPWhRxx4-A,development,1
30,6502,28233,rVjBO5VoRVw,UCcijXxFzSXgoM6q9cCtT9PA,development,2
30,6503,28237,16pzFPPecV0,UCmrLu4r89ykOzmtmbAeEklA,development,5
30,6504,28241,g_DuAX3a-8Y,UCPfU0uygBGutjaaJU5PpEvg,development,2
30,6505,28243,9vYQ2wjy_ck,UCoUtpHt61tmeSpaznNoqr3g,test_reserved,
30,6506,28246,CsWZQxwT0IA,UCP_mlkQcJaUoT0pnfsKiEAw,test_reserved,
30,6507,28247,-TihNDurLnc,UCh2Xwe7on2Oa2MBtk8zvEuw,development,3
30,6508,28251,LAsKySInJDo,UCDqy-V3qY-xtSmiRHlZIWWQ,development,5
30,6509,28254,ctQ4rpNjdSA,UCc30sTBdN9LRSxEuHaXV_bQ,test_reserved,
30,6510,28258,7b7DnZgiO7k,UCCK3OZi788Ok44K97WAhLKQ,test_reserved,
30,6511,28262,yynJbl0gq2Q,UCCK3OZi788Ok44K97WAhLKQ,test_reserved,
30,6512,28263,BfBpycUCKH0,UCcijXxFzSXgoM6q9cCtT9PA,development,2
30,6513,28270,qPzPyz-2f2A,UCc30sTBdN9LRSxEuHaXV_bQ,test_reserved,
30,6514,28274,Ffrkffai7nE,UC1yr5gC3ezNQwKBNlkX5pJw,test_reserved,
30,6515,28278,VJ4z5p3LPCA,UCCK3OZi788Ok44K97WAhLKQ,test_reserved,
30,6516,28284,gBbqhr0tUOc,UCcsAXVNcM8sZShSHxY0db0w,development,3
30,6517,28292,MrN1XsFe5j8,UCS_LcZt-3JIMbyhm7FPeu8w,development,1
30,6518,28294,kwlLwcv-d-c,UC5-n2dfksESEt3ATmM6Uujw,test_reserved,
30,6519,28296,IJAIw6TX1Uk,UCCK3OZi788Ok44K97WAhLKQ,test_reserved,
30,6520,28304,06g71gRu-xo,UCSMwk29d_VfGoBkZUYfjdeQ,development,2
30,6521,28305,4w64YfamBN0,UC4Pb9SEsCb1EpsXVYAVVajw,test_reserved,
30,6522,28307,6TT0IKI0Dpk,UCPfU0uygBGutjaaJU5PpEvg,development,2
30,6523,28310,nHm-oo85gLw,UC5ZNkdIVKL-M3KrNaCEzveg,test_reserved,
30,6524,28314,NmgO9ibD-Zo,UC5bP8uSDBQGh4Qn_g5QrWnw,development,2
30,6525,28315,u047MCnNc3o,UCVfnhhDIkkBJ_1QyzCqeVDg,development,2
30,6526,28316,UivSLSejg-0,UCfTCfcZwZ9U0jMO-6fVEYoQ,test_reserved,
30,6527,28320,1rXSSrcyJr4,UCRjMnDOSBcoYlWHFLcHJAKA,test_reserved,
30,6528,28326,lypG8J31ZvQ,UCckltLEhFLv8Xz_lQhYfwmg,development,1
30,6529,28330,K5gwlMYhS90,UCeLsnnibnzDaSpMZMPJcvAw,development,1
30,6530,28331,Um2C3RuigwE,UCzQ0nw7uz0dRcO5VKzDwmlQ,development,3
30,6531,28333,rvtwkqPEuwU,UC0554zf4RvVkxwt_tS4Wx_g,test_reserved,
30,6532,28345,PwvcJn0_Qbc,UCq0hVW_G5kWt2ocLhbjOtGg,development,2
30,6533,28347,kfU1117L_4I,UCnkon33rksDXo3qChhTs5Vw,development,5
30,6534,28349,3ItZTBwaaR0,UCu3jIK2NBSXc0_YaFqEuIrg,development,2
30,6535,28354,BTAHUT8VbcY,UCReF_78PPPdU7kKodNtBwMg,development,3
30,6536,28356,Q7E_8WHXROc,UC6MkngMDyobFNaXOZR0ukyQ,development,1
30,6537,28361,-aeX-WEHhpk,UCg22fUwQQF-7Sf6-TIVIFrA,development,1
30,6538,28367,NeRAKJ2CODs,UCckltLEhFLv8Xz_lQhYfwmg,development,1
30,6539,28368,yoEZc6R00Oo,UC1u-HhClpg8qOz7JO23W7Ow,development,5
30,6540,28376,yuWDSS0Ib78,UCZG9GCS1vbvb_BF5Sh43abw,development,4
30,6541,28380,Xj83IdVxmYg,UCCHjSTQREA19wpNwbo260dg,test_reserved,
30,6542,28381,A7-V_NogqkY,UCCK3OZi788Ok44K97WAhLKQ,test_reserved,
30,6543,28386,p7KUSDOyH8E,UCMxeqmVKOqiqh7V_A3h4gfA,development,2
30,6544,28387,3heEJjb6aQY,UC2oGrNhMUyWu5yzEJ_j1PMA,test_reserved,
30,6545,28390,Jz1j6q08Fjc,UCAH7R88V7gz7RqJv78nNOzg,development,3
30,6546,28391,SqG9bxDhegU,UCieUj92znWxr02AWNviTElQ,development,3
30,6547,28398,eTlmD3ymzBQ,UCaESx7Bdghv_UICcG1hBkcg,development,2
30,6548,28399,u9-lqugyq6k,UC5-n2dfksESEt3ATmM6Uujw,test_reserved,
30,6549,28402,TNr_EOp1N_U,UCafJV2dgvIHYxjKb4GJpV7w,development,4
30,6550,28404,0I4LgCjHFac,UC8ZmvQOUKiu6SmICTXzjFnA,development,5
30,6551,28406,zrz9RR6lcvY,UCoQrhbL8EqaiWTywvgPlriA,development,1
30,6552,28412,5JCOfTBpPoA,UCuJmg9Gw1uO-JGVLk9iACDw,development,2
30,6553,28413,BB3ZGJ4ET5c,UCgnFSj7jQffD5V5m05j4dPw,development,5
30,6554,28415,3a7t0Yf0qZA,UC5ZNkdIVKL-M3KrNaCEzveg,test_reserved,
30,6555,28417,D0abFbt-zec,UCpfrIJXRqOTx2kPVsUytO4Q,development,2
30,6556,28418,do0xbjxnwyE,UCc2rW5DzqVPsHA8Hj7Vxwgg,development,1
30,6557,28431,dc1DTwB38pQ,UCPJRtoh7x7vEw0-d59JwKiQ,test_reserved,
30,6558,28436,v9dArO7Bqac,UCcijXxFzSXgoM6q9cCtT9PA,development,2
30,6559,28437,LHnB-HTIjsQ,UCcrsFwwoMvcXYpJ0XldIlVQ,development,5
30,6560,28444,ldZoZXSSfCY,UCQTcNhAZidy1i9wwmdgf2Lw,development,4
30,6561,28447,NBTR7YFDnU4,UC0fnN8-CgXOlHLjGc78e-0g,development,3
30,6562,28453,ekEyL5UMFnI,UC7mhtAaF1ESJgCozpoS2lcQ,development,3
30,6563,28461,z7Tr3LqO9lU,UCekdpdajQ1JyGxUbmsN7nNA,development,3
30,6564,28462,2AHCKwVDBl4,UCqK3dBCdroLoJixIyuog5Ag,development,3
30,6565,28466,Hy2ebaxGd-k,UCHT6F9HJ9DtLUjTOH16yg6g,development,3
30,6566,28467,l4kCLmjb-lY,UCrVFS_0PdV7AwyTgR13IcVg,test_reserved,
30,6567,28470,LaE6g9fW8ps,UCVfnhhDIkkBJ_1QyzCqeVDg,development,2
30,6568,28488,eS-7YhMKv7o,UCn0XmAUFv6d2tofMFEesSNw,development,5
30,6569,28490,LnaqfN6mjGE,UCcijXxFzSXgoM6q9cCtT9PA,development,2
30,6570,28491,Qp_dgklAp_k,UCVjyzr_EOtJLtLF_3VKfrWQ,development,2
30,6571,28494,HKz0U7mSzXw,UC8rcDufKZ3W6CtZU69CtMXg,development,5
30,6572,28496,Pn7mdqiI8qM,UCckltLEhFLv8Xz_lQhYfwmg,development,1
30,6573,28500,1dWf9r59NiM,UCLuP7ROjaueiuNbzrvPqXSQ,development,3
30,6574,28511,PLBxbTuvnc4,UC8qBNfgWRK_WYYGSmmrfgPA,development,4
30,6575,28514,VeAy5bdrfOQ,UCTNQ_fWs1aFqgnNSo-65Ehg,development,2
30,6576,28525,jph4ziqD4Vg,UC1YGPDtctHGJWW0NrlQVklw,development,5
30,6577,28529,_uCxQOiMWSc,UC8ZmvQOUKiu6SmICTXzjFnA,development,5
30,6578,28532,b5ZcjrpvUhs,UCckltLEhFLv8Xz_lQhYfwmg,development,1
30,6579,28534,bgd2NmRLeSQ,UCckltLEhFLv8Xz_lQhYfwmg,development,1
30,6580,28541,HWZL2KzoJoI,UCAOAqdh0wJ6lmzO8j33v8fQ,development,5
30,6581,28557,XRKfRh5yiOU,UCVfnhhDIkkBJ_1QyzCqeVDg,development,2
30,6582,28565,Zbr72y_nork,UCx-fk6FBx2mJSWavjxw-zrw,test_reserved,
30,6583,28573,pGpTbjSx-Ic,UCn0XmAUFv6d2tofMFEesSNw,development,5
30,6584,28583,aX7PBnoDPNo,UCuJmg9Gw1uO-JGVLk9iACDw,development,2
30,6585,28592,9TeQmHvt3yE,UCbS_glb2N1NVTrDLVryRbng,development,4
30,6586,28596,xhhj-dZ4wt4,UCckltLEhFLv8Xz_lQhYfwmg,development,1
30,6587,28597,uZERvSlqOfU,UC1hcl0aIr9KtXA-Kiq9itqw,development,3
30,6588,28602,fNA4xI0xXQ4,UC1YGPDtctHGJWW0NrlQVklw,development,5
30,6589,28607,pmsvusBZZ54,UCx2bxQGDuQgYPJPYFmIthnA,development,4
30,6590,28618,GMzsfwS7Vvg,UCsbPUu0F_qqCmDFVjiRva1Q,development,5
30,6591,28619,lNAD50ef5nk,UC1YGPDtctHGJWW0NrlQVklw,development,5
30,6592,28623,KZmCyP1iHas,UCcijXxFzSXgoM6q9cCtT9PA,development,2
30,6593,28627,VzyZqJc0Zc0,UCckltLEhFLv8Xz_lQhYfwmg,development,1
30,6594,28631,QoRk7_dzJB8,UC_d3UQ1v8KP1JNFOBmV63xA,development,5
30,6595,28632,r7RjApR6rp4,UC9dlW43_P7QDHlSlPIEkWkQ,development,1
30,6596,28637,5pLMbyPC_NU,UCcrsFwwoMvcXYpJ0XldIlVQ,development,5
30,6597,28647,TDIjqwkj4KM,UCMkW7S3IszN1L9u1bLw23rQ,development,5
30,6598,28649,vXdU-os5uH0,UC3uZVJgOSasbfV7xIFY9xjQ,development,5
30,6599,28652,jyZ-IUJbfS4,UC33e0vM5W6gm82W5WuoGB9A,development,3
30,6600,28655,lm9G6K-DCrs,UCKoBVjh6j8amPM6tw6Lb-cA,development,2
30,6601,28658,95gDHTmikDo,UCRDDfbYPHX_GUJ4lcQYTc8A,development,2
30,6602,28665,Uu71PTSat70,UCoPGkvh-1AoSzh23-ROXrpw,development,2
30,6603,28674,lP0TrXsg8XU,UCrmzxiCDMV3hI56E9nYy-4A,development,4
30,6604,28676,p3xpgf5mI_4,UCcijXxFzSXgoM6q9cCtT9PA,development,2
30,6605,28679,Eigq32SHyLY,UCckltLEhFLv8Xz_lQhYfwmg,development,1
30,6606,28684,sDUgQlHmUQA,UC4oZv7iatCbhEp6ehMMbhAg,development,5
30,6607,28689,CdQj76kwhCQ,UCr5BVR_ePEz_9V-KF5rSEmQ,test_reserved,
30,6608,28692,t_C0hlpMDu4,UCOtYyt7W5PmPnwQjWWF_Z-Q,development,3
30,6609,28695,i3YnYkkIC40,UCpRgfr4_Eax0HHa2rwkRQ2w,development,1
30,6610,28696,t1wg309XMPU,UCOtYyt7W5PmPnwQjWWF_Z-Q,development,3
30,6611,28700,ZvMPu6wbMSo,UCh9qXeL8eP3Txra2908xksg,development,3
30,6612,28702,eymmdwMZgc4,UCcijXxFzSXgoM6q9cCtT9PA,development,2
30,6613,28706,1jlT8S1CRxI,UC1YGPDtctHGJWW0NrlQVklw,development,5
30,6614,28708,IZ2H-Mh9Nlc,UCaIc6SgS90ud_RgMSC6hW_w,test_reserved,
30,6615,28712,Zcim-epAapU,UC0MnP2Iso6enxaJTBZ3_nJw,development,4
30,6616,28714,_zqprAwJ9LU,UCCK3OZi788Ok44K97WAhLKQ,test_reserved,
30,6617,28715,W24lgnYAMno,UCV-q7cRK5yFYEFzWuoQOmQQ,development,4
30,6618,28717,abwvbpvYx9o,UCfgEc6wWBbVbj8ZNQLltioA,development,5
30,6619,28724,50FjWfRY-ts,UCjYAhUnrkBujtKI3j3LM2uA,development,1
30,6620,28727,JcvTS0nCPs4,UC1YGPDtctHGJWW0NrlQVklw,development,5
30,6621,28729,7PRN-dApGl8,UCVJBgDJMJ3wDsSUb4iEHyKg,development,1
30,6622,28732,aMhgV5V5xeQ,UCckltLEhFLv8Xz_lQhYfwmg,development,1
30,6623,28738,NXzqzrCt0mc,UCn6YTM3fvYdwCOHpdNJBOeg,development,5
30,6624,28741,zepzrfZ3qQk,UCckltLEhFLv8Xz_lQhYfwmg,development,1
30,6625,28747,tL4ucMveKMU,UCLR467wlkHhrQjVq-0bdKng,development,4
30,6626,28748,Xo-o67oS7UQ,UCKvIAFnwVFiuITk3cl7UTxA,development,5
30,6627,28750,S2Qv-QLI0f8,UCuJmg9Gw1uO-JGVLk9iACDw,development,2
30,6628,28751,M6VjAW3zkFg,UCqrqt9Egbp4Voh3iEUUoorw,development,3
30,6629,28757,HC0NS5nfwtI,UC3Tc2fr9_zSVZe-ikKOsQHA,development,2
30,6630,28766,SyZDU86leuY,UCU9pquukCdVxwA6Hptvf_Tw,test_reserved,
30,6631,28771,rneMS7_xcq8,UCCbm1E52PV05ZLv6dtRB92Q,development,5
30,6632,28784,Q3OcB56AeNc,UCAH7R88V7gz7RqJv78nNOzg,development,3
30,6633,28787,MjUvOnxeGUQ,UCvZpRt_4T2NlC9111RxNBug,development,2
30,6634,28788,6HRmITjolJQ,UC1YGPDtctHGJWW0NrlQVklw,development,5
30,6635,28790,Q7Pfp8Pbyjo,UCaESx7Bdghv_UICcG1hBkcg,development,2
30,6636,28793,qOZSSjCYijE,UC8ZmvQOUKiu6SmICTXzjFnA,development,5
30,6637,28795,PN6dIuajTFs,UCXSus5Zss-0FP1quj0Mpndw,development,5
30,6638,28796,VJXPWVEcx0M,UCckltLEhFLv8Xz_lQhYfwmg,development,1
30,6639,28799,gB-PSc7DEBw,UC1YGPDtctHGJWW0NrlQVklw,development,5
30,6640,28806,RSaqP4Xe6OM,UCE_uaeRZwW7roZqYO31iDWg,development,1
30,6641,28807,gFwcaSHKNGg,UCckltLEhFLv8Xz_lQhYfwmg,development,1
30,6642,28812,MMH_cDq0vOs,UCckltLEhFLv8Xz_lQhYfwmg,development,1
30,6643,28814,V25btOxGy1I,UCckltLEhFLv8Xz_lQhYfwmg,development,1
30,6644,28817,CDuwP826ma4,UCbS_glb2N1NVTrDLVryRbng,development,4
30,6645,28818,r0YhNkeLPYw,UCCK3OZi788Ok44K97WAhLKQ,test_reserved,
30,6646,28822,oSNNTSHe3R8,UCPXSUKHTNc1_hnHuj-UiQWQ,development,4
30,6647,28828,1MjO7VA2oNU,UC5R7F4Mw_ZV1c4tYe4UKLIg,development,4
30,6648,28831,FIC6d6Oq3nU,UCFGhJsc1ddSN8819LsMa90w,development,3
30,6649,28835,uCXHRD4vZ_4,UC3pnlqmWVIVdQ4hkaQAxyVw,development,1
30,6650,28842,GAJR162-hHU,UCYweMykEAI5aaRztqrJuuAg,development,2
30,6651,28850,9zkMD1Clk7g,UCzyTz2So395JRTH79AlQS7Q,development,2
30,6652,28851,Rs3qyppRqSs,UCyH9u_WllbJZHZHeIBzjW2g,development,2
30,6653,28862,tiyypRCTu_Y,UCqK8Pziw5w_zNPAzQS4lXaA,development,2
30,6654,28864,a1uj56OPUTE,UCKaLeMeUVY1gsBK2nh_PeSg,test_reserved,
30,6655,28868,l67ncEaKiaE,UCCK3OZi788Ok44K97WAhLKQ,test_reserved,
30,6656,28871,Xg1qiKulFkA,UCdgWTRipbTuQsIiiPb6fB-A,development,5
30,6657,28874,L9ujpUGjIqk,UCckltLEhFLv8Xz_lQhYfwmg,development,1
30,6658,28877,rpq2mKZoalk,UCRDDfbYPHX_GUJ4lcQYTc8A,development,2
30,6659,28883,39pDNl_8hY8,UCckltLEhFLv8Xz_lQhYfwmg,development,1
30,6660,28907,N7SVElnGNx8,UCIKg0Ev6Vq2M7hU7bL_jHFQ,development,3
30,6661,28910,HXRLZDyols4,UCCK3OZi788Ok44K97WAhLKQ,test_reserved,
30,6662,28913,NFrPHQO4o-c,UC1VZI6Oj_Wu5kASJ6Su5g5A,development,4
30,6663,28914,_IdIcxmiEAM,UCckltLEhFLv8Xz_lQhYfwmg,development,1
30,6664,28916,8ubG0jBVYjQ,UCCK3OZi788Ok44K97WAhLKQ,test_reserved,
30,6665,28922,z-yl0B_T0oU,UCcjHjGajfppy34UgJf9k8CQ,development,5
30,6666,28924,H_FwwduDFhA,UCpSJ86vrKvGmV63s0AzVhUg,development,2
30,6667,28925,VWfNgfiK2Zw,UCc30sTBdN9LRSxEuHaXV_bQ,test_reserved,
30,6668,28926,jF9yopI3Xso,UCCK3OZi788Ok44K97WAhLKQ,test_reserved,
30,6669,28928,Qd1h9m_VkLE,UCOiMY00_ZLijPF6InrCl0TA,development,3
30,6670,28929,d7PuPiuD2lE,UCoQrhbL8EqaiWTywvgPlriA,development,1
30,6671,28930,hwNBhQmknXQ,UCzyTz2So395JRTH79AlQS7Q,development,2
30,6672,28931,pL8GSnic9Rg,UCypYfMZbKIxBlXqngCuvi0A,development,5
30,6673,28932,rtL6PpkMwGM,UCm8I2aLYgPm_gdzw4SSkiGg,development,2
30,6674,28934,dTB-nHlB-zw,UC6jQt9K_jqnBNtsRf7hXHsA,development,2
30,6675,28935,g9wYCMKAvv0,UCiPqzkmX93ta8vFwMVS81oQ,development,3
30,6676,28936,c0hLge47W7c,UCckltLEhFLv8Xz_lQhYfwmg,development,1
30,6677,28937,kP-yCABwPlw,UCXm0FsS7PXy0w5HeOkYMi7Q,test_reserved,
30,6678,28939,927Mc9eKNDY,UC-InXGUDXmIVAZG7efBiU7A,development,1
30,6679,28942,SHGvv2DlvG4,UC1hcl0aIr9KtXA-Kiq9itqw,development,3
30,6680,28957,75d3ekLsWn0,UCckltLEhFLv8Xz_lQhYfwmg,development,1
30,6681,28971,ikzuNNv1pQY,UCVd1jcy6wKFzfQ5E-Txtg-w,development,2
30,6682,28975,gjZvyPYkRFA,UCwoZO_4sCD_Bi6uYDeCa1dw,development,1
30,6683,28980,PJXdRc853M4,UCP4Z7-uWZYIQBclex8M086A,development,5
30,6684,28992,Sl2w-3KsOvo,UCgnFSj7jQffD5V5m05j4dPw,development,5
30,6685,28996,wIEr_mLXwt0,UCckltLEhFLv8Xz_lQhYfwmg,development,1
30,6686,29000,S6PzDxwCamc,UChlTbGDLAEo8WN_qZLavi7Q,development,1
30,6687,29001,VtWOiG5frIo,UCthO6nJNU23u2xA1ZsYAh_g,development,2
30,6688,29002,OJzbwJs4oHU,UCCK3OZi788Ok44K97WAhLKQ,test_reserved,
30,6689,29005,ZIrjOZMD07c,UCgnFSj7jQffD5V5m05j4dPw,development,5
30,6690,29009,DycpTnnXcN4,UCb4I3a5sSdVyXdBwQPG3sTw,development,5
30,6691,29013,GgKAm8Wexng,UCA5xW2Ce7KT2AtxzDYDebCA,development,4
30,6692,29014,GSHFsIU7sm4,UCCK3OZi788Ok44K97WAhLKQ,test_reserved,
30,6693,29016,MtXfwEeQnDU,UCbS_glb2N1NVTrDLVryRbng,development,4
30,6694,29022,dG2iQEGbygU,UCckltLEhFLv8Xz_lQhYfwmg,development,1
30,6695,29026,1bT9wmzCja8,UCfctDMDRq0cS1N8ddyvLfAg,development,4
30,6696,29030,5NC6sO6vtn0,UCFjcr6UFdIYzdyD4sOjcUUA,development,3
30,6697,29033,R-JDqmvzuMA,UCcFyjFWJPQ3YA1-BMnmwkhQ,test_reserved,
30,6698,29036,DsA-36K23pA,UCidNC9-9DsHj3FmP5N42Lqw,test_reserved,
30,6699,29040,lBig6TV8Rvo,UC4-OGkz_qi4h59w_HeqwYjg,development,5
30,6700,29045,DjFykdtnhzo,UCCK3OZi788Ok44K97WAhLKQ,test_reserved,
30,6701,29060,vF9Xalpn9ig,UCbS_glb2N1NVTrDLVryRbng,development,4
30,6702,29062,EZdggBM5HS4,UCOtYyt7W5PmPnwQjWWF_Z-Q,development,3
30,6703,29063,7TfbMUcSYm8,UCskNFH2e4ptFTkgeVmFPNhA,development,2
30,6704,29069,w5MmVQJ4M7g,UCckltLEhFLv8Xz_lQhYfwmg,development,1
30,6705,29074,DFisH6LglJU,UCYmEcbCgb9yxZZJGH1rtn_Q,development,3
30,6706,29078,bLE9qI7XNzs,UCOI_wHZTTvcGwvsmlCx4imQ,development,2
30,6707,29082,zzIWUELB2B8,UCol1SzfebXhRo0ltxOJZ9cg,development,2
30,6708,29096,Qz9MYSlq6No,UCaESx7Bdghv_UICcG1hBkcg,development,2
30,6709,29107,CX9wqruvLwA,UCQIWzvLOlB4tu84TtOTJCGg,test_reserved,
30,6710,29109,x8DUgNCBtdM,UCgnFSj7jQffD5V5m05j4dPw,development,5
30,6711,29111,3AFJ5OJrva8,UC1YGPDtctHGJWW0NrlQVklw,development,5
30,6712,29113,FkHtN2AW3Q4,UC8U5Mgl9nbkm5vOJ0SMtQgA,test_reserved,
30,6713,29119,E-Cke8VfPiU,UC324VVhYKykBv01GecF4aYg,development,5
30,6714,29132,MHvIyNcFL8o,UCcijXxFzSXgoM6q9cCtT9PA,development,2
30,6715,29141,XLN89JOkiRk,UCckltLEhFLv8Xz_lQhYfwmg,development,1
30,6716,29142,oFtrDg_Zipc,UCQTcNhAZidy1i9wwmdgf2Lw,development,4
30,6717,29146,F1qFdhG0qjs,UClcIQJ6q-HsROoyWms8B8tg,development,1
30,6718,29147,A7ujlKQUgjM,UCol1SzfebXhRo0ltxOJZ9cg,development,2
30,6719,29148,Tv-11SzbmNI,UCckltLEhFLv8Xz_lQhYfwmg,development,1
30,6720,29150,BaPQ3RFl5t8,UCIKg0Ev6Vq2M7hU7bL_jHFQ,development,3
30,6721,29156,b-I3kYXus5Y,UCiLbj6E-dvR3tDLKigo2juQ,development,3
30,6722,29157,fh-9WkkCjrM,UCPXSUKHTNc1_hnHuj-UiQWQ,development,4
30,6723,29163,55_XK_-EWCw,UCc30sTBdN9LRSxEuHaXV_bQ,test_reserved,
30,6724,29164,o_dxdswsHzU,UCVqfoMNwM8SIpL6BMGTZbcA,development,5
30,6725,29169,2_6x-K0NrjI,UCwkyfeMvDrg0wjacet-bcCA,development,2
30,6726,29177,3PciDWuL5yg,UC4VkNi2RZSJyqXsFaJYfsPg,development,4
30,6727,29191,-aGC9d0CnbI,UCgnFSj7jQffD5V5m05j4dPw,development,5
30,6728,29192,WwVe-pHTHIY,UCzNxbzqN0to4GNb9otFuGJQ,development,1
30,6729,29193,d0hUtufP8sM,UCiPssoHLvUfNEXLEhZ29rXg,development,1
30,6730,29196,D8_2bIqaAhw,UCV1NPkc2O0YZBtx_rhDkicw,development,1
30,6731,29197,Uj4ZDa2UKgU,UCJeJFkRVgi7gT7ViTxuHHdg,test_reserved,
30,6732,29198,G28MONflNaQ,UCCbm1E52PV05ZLv6dtRB92Q,development,5
30,6733,29201,lSRfJJFBcG0,UCPXSUKHTNc1_hnHuj-UiQWQ,development,4
30,6734,29204,2TW5KTWgYvk,UCBUk51w4TcB2Joq2GOh7Peg,development,3
30,6735,29211,acAYFXcjYAY,UCVBwpXexP8VjccZE6ohzTAQ,development,2
30,6736,29213,w7UqNCkKeC0,UCBf296-OhUNfaDbtcYQ4RQQ,development,5
30,6737,29214,a-2vPHv_KLo,UCOtYyt7W5PmPnwQjWWF_Z-Q,development,3
30,6738,29221,Ge5ngkEyxM8,UCpoTebfTyQ_MnHRIIWpVQeA,development,3
30,6739,29224,zIM1h2vpP6I,UCuJmg9Gw1uO-JGVLk9iACDw,development,2
30,6740,29225,ny7p5Wj5NoA,UCT83ymyAGm7Gnk_4ifxjxIA,development,4
30,6741,29233,XPHo7TZ3xI8,UC9tg4vQEWXXHGiGgR55N1OQ,test_reserved,
30,6742,29234,DhPMBovWGoA,UCo23Dik18-OZwLmfTvDVzFg,development,4
30,6743,29239,QI4pn2m0yz0,UCMQg72D9bcWjW-umvECrcAQ,development,1
30,6744,29241,ZsXfgjX9xiY,UCckltLEhFLv8Xz_lQhYfwmg,development,1
30,6745,29242,wDi4hoCf3Ss,UCkC-yhK-WnPNaNslH_LbBWQ,development,2
30,6746,29244,oK6zszYi6Ec,UCbS_glb2N1NVTrDLVryRbng,development,4
30,6747,29249,Hzm0kAnc9Ik,UCdgWTRipbTuQsIiiPb6fB-A,development,5
30,6748,29255,dUdYAa0Cw-U,UCQNgAoq_8JvzI5buAqhgL_A,development,1
30,6749,29260,Fx-DUN6NeoA,UC3uZVJgOSasbfV7xIFY9xjQ,development,5
30,6750,29264,JH2o1t-6bn4,UCcijXxFzSXgoM6q9cCtT9PA,development,2
30,6751,29269,SZz8riMUkTg,UCCXHDSRJKfNBLNJmIegx8Lw,development,4
30,6752,29270,UDBlCR4W0Fg,UCgnFSj7jQffD5V5m05j4dPw,development,5
30,6753,29274,LcU3dRnx73s,UC4UaWbUUwVvCxWNqhb4f16Q,development,3
30,6754,29275,zQGFbUAgh1c,UCQIWzvLOlB4tu84TtOTJCGg,test_reserved,
30,6755,29279,4m8D11mIgPs,UCbS_glb2N1NVTrDLVryRbng,development,4
30,6756,29284,cjUJzdJKY4A,UCcijXxFzSXgoM6q9cCtT9PA,development,2
30,6757,29286,baFzvTYKTPA,UC6jQt9K_jqnBNtsRf7hXHsA,development,2
30,6758,29289,Hx_RjwiK9gc,UCbS_glb2N1NVTrDLVryRbng,development,4
30,6759,29291,CkmHVnCbFDA,UCCK3OZi788Ok44K97WAhLKQ,test_reserved,
30,6760,29293,2GllyuhUuL0,UC1YGPDtctHGJWW0NrlQVklw,development,5
30,6761,29296,fg_vcLYOEs4,UCkagcQYGoYFuXsUg-ObSL6A,development,5
30,6762,29299,UhkJm2kiTOM,UCRDDfbYPHX_GUJ4lcQYTc8A,development,2
30,6763,29313,Ct43Gv6VA_o,UCckltLEhFLv8Xz_lQhYfwmg,development,1
30,6764,29318,VBcBfASd0BA,UCfQfw--8dPGypR7sGcXJz0w,development,5
30,6765,29321,Pg-xjJs2_W0,UCCK3OZi788Ok44K97WAhLKQ,test_reserved,
30,6766,29324,birHaiNAhek,UCOtYyt7W5PmPnwQjWWF_Z-Q,development,3
30,6767,29329,ayY-mmFyQOg,UCcbOsE5_4LEjtQi8X2PFxDw,development,2
30,6768,29330,gQwvoFGodNQ,UC8lKgUHo-2mSR5cRRXO9xow,test_reserved,
30,6769,29335,r7E7E9xx5_Q,UCcijXxFzSXgoM6q9cCtT9PA,development,2
30,6770,29343,6DRPvI27ewc,UCvcVb1fcd-asMSL6-CeOgNw,development,1
30,6771,29345,jCyreYQjW4g,UCaESx7Bdghv_UICcG1hBkcg,development,2
30,6772,29356,dPTDY0k-gCI,UCaESx7Bdghv_UICcG1hBkcg,development,2
30,6773,29357,Wbi2tssfKno,UCKoBVjh6j8amPM6tw6Lb-cA,development,2
30,6774,29359,NzZLj9ihyyc,UCaG8knQcGPSApmArtxDdskQ,test_reserved,
30,6775,29365,US5pQhVRNXc,UCq3WWAoJj0DOQC3G7ri1cug,test_reserved,
30,6776,29371,R1JeniKgbkA,UCgnFSj7jQffD5V5m05j4dPw,development,5
30,6777,29375,4frqmE1LiVk,UCygAzvEJNqZmteflPb1bbGA,development,5
30,6778,29379,gUFxd-n4HfA,UCJxp53t5rhR53Mt1364YnHA,development,1
30,6779,29380,SHGVRPNn63Y,UCoNaQS6wefjNVFkwvxrzAYw,test_reserved,
30,6780,29385,QMUOSiAHK_E,UCc30sTBdN9LRSxEuHaXV_bQ,test_reserved,
30,6781,29392,vnI_tGK5lfk,UC0554zf4RvVkxwt_tS4Wx_g,test_reserved,
30,6782,29393,xRRq9S3jiGA,UC8qBNfgWRK_WYYGSmmrfgPA,development,4
30,6783,29400,9TR9mljBb5E,UCrhUdMTs3SrW3N7MBx6MEdg,development,2
30,6784,29404,_MHe8eoxfxc,UCu7cGbQEMgGk8TD0ZYucM5g,test_reserved,
30,6785,29409,Bp3H1TfmkYI,UCG0j1mTQov3RVBgLgh6wbKg,development,5
30,6786,29412,kKjXkllARKE,UC0MnP2Iso6enxaJTBZ3_nJw,development,4
30,6787,29419,duvoZKLj1lE,UCju2q-fXI8l5ueVRENqKIdg,development,2
30,6788,29422,YVBtdbySGbg,UC12K2QZlfWLq_8FmZfB23Yw,test_reserved,
30,6789,29432,mc8r_bd7az4,UCypYfMZbKIxBlXqngCuvi0A,development,5
30,6790,29437,j52ovYqzgaw,UC-GRFwciK7JiP8T4tl0pftQ,test_reserved,
30,6791,29440,JdGHc29BBYs,UCoUtpHt61tmeSpaznNoqr3g,test_reserved,
30,6792,29441,UcCCz3S6G4A,UCLuP7ROjaueiuNbzrvPqXSQ,development,3
30,6793,29444,ptJBsRGMREY,UCCK3OZi788Ok44K97WAhLKQ,test_reserved,
30,6794,29445,VA1OjQxFA-A,UCT83ymyAGm7Gnk_4ifxjxIA,development,4
30,6795,29447,yLGtxYBhJ_k,UC324VVhYKykBv01GecF4aYg,development,5
30,6796,29449,G-0-Zw6XGsI,UCgnFSj7jQffD5V5m05j4dPw,development,5
30,6797,29455,Mw71XiP_JVU,UCxm3qT6MukO0l_vlfjy_ziw,development,2
30,6798,29456,ELFoiD0azXQ,UC_hR1wSDcKjBRTlKtp6LK1A,development,4
30,6799,29465,fSSx90lIn6o,UCqrqt9Egbp4Voh3iEUUoorw,development,3
30,6800,29470,hlzcuvGVxno,UCc30sTBdN9LRSxEuHaXV_bQ,test_reserved,
30,6801,29471,92OVRM0UiEQ,UCbS_glb2N1NVTrDLVryRbng,development,4
30,6802,29472,MaKmIbvtr1M,UCpoFVjuq1ALkaLXUCpn_GuA,development,2
30,6803,29474,-2O9X_uGCCw,UCQkPhQ-6NhA1v7Tpsp6EnKQ,development,1
30,6804,29477,tFSZESgX5DM,UCt1c2_2IHxYppY-vnBem2JA,development,2
30,6805,29480,-6aXRu8Jv6E,UCcg4tDKgPLIc_x3lhWdogLg,development,4
30,6806,29488,cJEAMJwLoGo,UCg22fUwQQF-7Sf6-TIVIFrA,development,1
30,6807,29489,TYTqA4jy5XU,UCKEKf35apTUvSLs-c1DCekw,development,5
30,6808,29492,dkZ9viYxUNg,UCcijXxFzSXgoM6q9cCtT9PA,development,2
30,6809,29494,m7axcJ5c1Nc,UCAqSq3iNGYSbw9mSFzVIANQ,development,4
30,6810,29495,KW0dvyLfSUs,UCBWG_GjopQPckewo1_IvhLQ,development,5
30,6811,29497,CNpyVUGcKW4,UCsGsDaPTOt6VXRPF2FyAJ4g,development,4
30,6812,29504,-cZnDtrK01o,UCpRgfr4_Eax0HHa2rwkRQ2w,development,1
30,6813,29505,oNNFdE0MmwY,UCfVmYgJP_bBt00lLtPGsbcQ,development,4
30,6814,29507,TUCIExCZE04,UCUxrelp7FHiIj9SNfzWdh_A,development,5
30,6815,29511,z4dfxZLsekw,UC4UaWbUUwVvCxWNqhb4f16Q,development,3
30,6816,29517,QxnTPV7HTZ8,UCqrqt9Egbp4Voh3iEUUoorw,development,3
30,6817,29518,vBV89MBDrbk,UCfQfw--8dPGypR7sGcXJz0w,development,5
30,6818,29519,xqR2VTZ6wno,UCBR9iW2qo_7LP9_9u3A2ZeQ,development,5
30,6819,29527,Jl8I8YkLNUs,UC0554zf4RvVkxwt_tS4Wx_g,test_reserved,
30,6820,29535,IBfe-Ps4fGA,UC3bDumjXNsq2ixYkUT7wT_g,development,3
30,6821,29536,K7yyzKVHBHI,UCth9R703obgHx665cpiNY9A,development,5
30,6822,29541,8-ZOIRArAJ0,UCn0XmAUFv6d2tofMFEesSNw,development,5
30,6823,29543,h52K3WdDQDc,UCwRAPq0zLdVsb440xKGBx2w,development,1
30,6824,29548,zEoZnwPFQb8,UCiP6DUi_wjUMfc4bo0yIusQ,development,2
30,6825,29549,6AaDBJ-zIxU,UCa3BMXA9qcVqMtfnq7d977w,test_reserved,
30,6826,29553,bfI6eTBcKJY,UCcijXxFzSXgoM6q9cCtT9PA,development,2
30,6827,29564,M61v8bhCAcc,UC1dfhQyj962rwYPVLi3OHLg,development,3
30,6828,29574,yGTA-TvcFsY,UCRK13WgCsr2N6y9cbeEq39g,development,3
30,6829,29575,ocrTRQjFVBY,UCEQrXk9S_wxT6fz7Iy7PI5Q,development,4
30,6830,29579,eo97Jddxv84,UCOtYyt7W5PmPnwQjWWF_Z-Q,development,3
30,6831,29580,aEY0xRUTqr8,UCskNFH2e4ptFTkgeVmFPNhA,development,2
30,6832,29607,_IZu3fy3CoU,UC9ydRoXpQVhwb3sM7VY8xNg,development,3
30,6833,29608,YninM6HKRTk,UCOtYyt7W5PmPnwQjWWF_Z-Q,development,3
30,6834,29611,7rsiEN0AxzI,UCLsRogzQ9bw2Efitidd0ikg,test_reserved,
30,6835,29612,pxbsAvVuR40,UCckltLEhFLv8Xz_lQhYfwmg,development,1
30,6836,29614,freN6C7jydM,UCCK3OZi788Ok44K97WAhLKQ,test_reserved,
30,6837,29624,DCXrJUChDIY,UCCK3OZi788Ok44K97WAhLKQ,test_reserved,
30,6838,29627,WU9-CKmlt0M,UCCK3OZi788Ok44K97WAhLKQ,test_reserved,
30,6839,29629,yML-kFwD7BU,UCckltLEhFLv8Xz_lQhYfwmg,development,1
30,6840,29633,C4MdIMdst0c,UCaESx7Bdghv_UICcG1hBkcg,development,2
30,6841,29659,5Y5OGnfBCbw,UCe6HjoReyFQoc4Q9SAmNAHA,development,4
30,6842,29660,80DW9h-Aec0,UCQxYcvX5hnGJvuTFzKng-Vg,development,2
30,6843,29661,HEuuGr34_oU,UCd6LnMF8BMnKY4Anwovreug,development,1
30,6844,29666,rpaOre5K0SE,UCFGhJsc1ddSN8819LsMa90w,development,3
30,6845,29671,flodQN9SNmc,UCbS_glb2N1NVTrDLVryRbng,development,4
30,6846,29672,Q634dqRsa4I,UC2RlY2LHoGOoaU8qRI9sZ9g,development,4
30,6847,29682,8Z3-BVyS5tY,UCDqFysWGVtduHRyawK8oJkw,development,5
30,6848,29684,TrpedL_M53I,UCsAPX_-Yu9O_3dJu0aUj_BA,development,4
30,6849,29685,g812IeWmmG8,UC2v4JoyE3CHejL5sNbBdTqA,test_reserved,
30,6850,29688,TSpLzkr3mJw,UCckltLEhFLv8Xz_lQhYfwmg,development,1
30,6851,29691,gENYYyaWjhA,UCyZS69UpW-wtQvZxnLtDx1A,development,2
30,6852,29692,0hWJO5PedSs,UCrVFS_0PdV7AwyTgR13IcVg,test_reserved,
30,6853,29693,YMrHVakKGPY,UC28QOqy4nLwECRs65fahlIg,test_reserved,
30,6854,29702,SZZf01GVOL8,UCiOEgWwAKbfrVb795hqQc9A,development,2
30,6855,29710,N52A6n_cFMA,UCewWZeJ0g9cHU61e_jN_bZg,development,1
30,6856,29712,kQmXIqXpFd4,UCAH7R88V7gz7RqJv78nNOzg,development,3
30,6857,29713,CBSLy_NzySE,UCgnFSj7jQffD5V5m05j4dPw,development,5
30,6858,29718,0fb2W-I7_8w,UCgwh9BV2dh6VFO7MxL36iNw,test_reserved,
30,6859,29728,DViX4tuou1w,UC3bDumjXNsq2ixYkUT7wT_g,development,3
30,6860,29730,Auws6xt3Eq0,UCckltLEhFLv8Xz_lQhYfwmg,development,1
30,6861,29736,zWMaPdO9bX4,UCweDTnElSgujDbt3yoNTx4g,development,2
30,6862,29741,Ifiv-xXJ5Hg,UCn0XmAUFv6d2tofMFEesSNw,development,5
30,6863,29742,gdVAVv9ooBY,UC4Pb9SEsCb1EpsXVYAVVajw,test_reserved,
30,6864,29752,aqPK4I0Muzk,UCckltLEhFLv8Xz_lQhYfwmg,development,1
30,6865,29757,s7lKY8WoG4s,UCzzA3EbMy6Vzknmuc79k_aA,test_reserved,
30,6866,29758,yRZe1BvrTiM,UCPXSUKHTNc1_hnHuj-UiQWQ,development,4
30,6867,29768,N4LVPwlFSAQ,UCqrqt9Egbp4Voh3iEUUoorw,development,3
30,6868,29770,z8dvLUVvwtc,UCzzA3EbMy6Vzknmuc79k_aA,test_reserved,
30,6869,29774,WK4VZbv_bPU,UCSfmHr5cQvlVKR2f6p8T01w,test_reserved,
30,6870,29776,A601fXttUlg,UCckltLEhFLv8Xz_lQhYfwmg,development,1
30,6871,29780,LrX6ZsNYttw,UClSIhhnuyF8fXtBTpOOTknA,development,2
30,6872,29783,eG14rLJ8TJk,UCkagcQYGoYFuXsUg-ObSL6A,development,5
30,6873,29793,semngRtqtS8,UCVfnhhDIkkBJ_1QyzCqeVDg,development,2
30,6874,29794,aTD7O-32Niw,UCQTcNhAZidy1i9wwmdgf2Lw,development,4
30,6875,29795,1grHDsv531Q,UCCK3OZi788Ok44K97WAhLKQ,test_reserved,
30,6876,29796,C8FHQVo0tPU,UCqrqt9Egbp4Voh3iEUUoorw,development,3
30,6877,29799,Zvr6ufwnrIE,UC8qBNfgWRK_WYYGSmmrfgPA,development,4
30,6878,29804,_DKULdK4ofM,UCprmDoTgvTMCbo8CInSLBIA,test_reserved,
30,6879,29805,h02ERzCe66g,UC8rcDufKZ3W6CtZU69CtMXg,development,5
30,6880,29809,tCnLoVyZs04,UCuJmg9Gw1uO-JGVLk9iACDw,development,2
30,6881,29811,B1Ue_KpNqwI,UCckltLEhFLv8Xz_lQhYfwmg,development,1
30,6882,29825,CGmHDemp5IM,UCwt4zdWrmnBpglCHb1ArREA,development,4
30,6883,29826,cdIDUbCcqwA,UCEUSUxrhCt4n0Pp9WB7q7-w,development,5
30,6884,29834,fgo6e1B6-q0,UCYk97F4sCu3hEWp6YEH-Dow,test_reserved,
30,6885,29838,7XFekijzwoM,UCn0XmAUFv6d2tofMFEesSNw,development,5
30,6886,29842,HQqKGEsZxAI,UCiLbj6E-dvR3tDLKigo2juQ,development,3
30,6887,29844,4qoOGAcNy-s,UCT_SOeMqRe83lU9ITdyUcnw,development,2
30,6888,29847,fBuUYBkyTtU,UC8qBNfgWRK_WYYGSmmrfgPA,development,4
30,6889,29858,Qp3rln8gOBE,UCh9qXeL8eP3Txra2908xksg,development,3
30,6890,29860,zMUbFjzbk3I,UCNEf722QEvvmyGaT0HsKxRQ,test_reserved,
30,6891,29871,qF4OF7jC6Ac,UCqrqt9Egbp4Voh3iEUUoorw,development,3
30,6892,29872,3K9DQZXiXIE,UCWwo8NBrDNOb5EEZadW3iWA,development,1
30,6893,29874,tjlGpJPbSLA,UCbS_glb2N1NVTrDLVryRbng,development,4
30,6894,29878,WKNFVxIldYQ,UCOtYyt7W5PmPnwQjWWF_Z-Q,development,3
30,6895,29879,o1_9qbP9gRI,UCq3WWAoJj0DOQC3G7ri1cug,test_reserved,
30,6896,29886,lU7-CwpXObo,UCQkPhQ-6NhA1v7Tpsp6EnKQ,development,1
30,6897,29893,IuDzZXwdc9M,UCksfo7FGOa1v35N6fbbNJWw,development,5
30,6898,29897,0aKi0dcjhBM,UCLhW6DaM_LgiSotaDsIC04w,test_reserved,
30,6899,29903,9UvrSTL3RCc,UCCK3OZi788Ok44K97WAhLKQ,test_reserved,
30,6900,29905,nFMSIyWBOo4,UCRD6apgpGyWJY3F2fqpIYDg,development,4
30,6901,29906,PnpAJ6Fl83w,UCamSAN6IFdxTRTbfSSrkiDw,development,4
30,6902,29909,RA-UJAAYfQ8,UCaCnmd0sVADrw8228hCBnlA,development,4
30,6903,29917,pJyGSKyU-_k,UCnRozrOdQHOjmgfOobDZyUg,development,2
30,6904,29919,ZKqZroUjThI,UCjboX8rWtjAyU7dI2bd67KQ,test_reserved,
30,6905,29924,Va4cgTYTAos,UCjm7vbOwssao7Bhm9wX3-bw,development,3
30,6906,29926,HJbIzMrnN1o,UCh9qXeL8eP3Txra2908xksg,development,3
30,6907,29931,uaeBhX9CE3U,UCPb-YL9Mbk2wvSn8kmr1ehg,development,2
30,6908,29933,ozWvlDLtGTY,UCoz7UhbfPFJyljIIV2saR7A,development,3
30,6909,29939,m-zasxfeS4U,UCJc1hbJPvG5f2v8iSPG-3CA,test_reserved,
30,6910,29943,kZuyLWbKv_4,UCckltLEhFLv8Xz_lQhYfwmg,development,1
30,6911,29944,pmK3WfiG890,UC8lKgUHo-2mSR5cRRXO9xow,test_reserved,
30,6912,29945,RSzD1Cz4OeU,UCky_P7-XlMtdNDwi_L4wZow,test_reserved,
30,6913,29947,1CbSl5nqI4c,UCqrqt9Egbp4Voh3iEUUoorw,development,3
30,6914,29950,iexu9jVxrTg,UCl8Yel7dn0_zNl2O6bUP2tQ,development,2
30,6915,29953,A7gvBLujEs0,UC4VkNi2RZSJyqXsFaJYfsPg,development,4
30,6916,29957,FlG72oARSt0,UCVXCitEEweQox0oyIsJONrQ,development,3
30,6917,29962,ITszIj610vs,UCPXSUKHTNc1_hnHuj-UiQWQ,development,4
30,6918,29964,SzpBYvZMju8,UCCK3OZi788Ok44K97WAhLKQ,test_reserved,
30,6919,29967,6Mi9tOAVnE0,UCQkPhQ-6NhA1v7Tpsp6EnKQ,development,1
30,6920,29969,vJSoV6UCLxI,UCJc1hbJPvG5f2v8iSPG-3CA,test_reserved,
30,6921,29970,B24Ki1PK4IA,UCNE9NOD2gYqalo9436sfW4Q,development,4
30,6922,29974,3jBxXD62i_Q,UCaESx7Bdghv_UICcG1hBkcg,development,2
30,6923,29984,8c9LQiq1qG8,UCCK3OZi788Ok44K97WAhLKQ,test_reserved,
30,6924,29989,BerzOqUiaG4,UCO6ZBVarQJ19F-Tus6FqoiQ,test_reserved,
30,6925,29992,6x2KcWo5HOw,UCDqFysWGVtduHRyawK8oJkw,development,5
30,6926,29993,PtomY263KxY,UCgnFSj7jQffD5V5m05j4dPw,development,5
30,6927,29996,oAjNShLjyh0,UCOtYyt7W5PmPnwQjWWF_Z-Q,development,3
30,6928,29998,TTSCnyrkzcA,UCbS_glb2N1NVTrDLVryRbng,development,4
30,6929,30004,7Hu6ZKKpjgM,UCDqFysWGVtduHRyawK8oJkw,development,5
30,6930,30012,2demNo-tIW8,UCdvzidU6j1UdUBhaEw-LLuQ,test_reserved,
30,6931,30020,Yyqn3UT910o,UCckltLEhFLv8Xz_lQhYfwmg,development,1
30,6932,30023,3Lh6taUJEMQ,UCuJmg9Gw1uO-JGVLk9iACDw,development,2
30,6933,30027,smY-giDop98,UCRDDfbYPHX_GUJ4lcQYTc8A,development,2
30,6934,30030,1AP_VaU22xk,UCCbm1E52PV05ZLv6dtRB92Q,development,5
30,6935,30033,88YfqjqvOgA,UCm3mXl7hQbHVMxhKaOeEhYA,development,4
30,6936,30036,76uK2BAfhkc,UCAH7R88V7gz7RqJv78nNOzg,development,3
30,6937,30047,bpzek_313oY,UCRDDfbYPHX_GUJ4lcQYTc8A,development,2
30,6938,30057,h-6K0RQmhFo,UCYT4vetZzMYjLIyxMmLv_9Q,development,5
30,6939,30061,c4gxsTaZlzU,UCsDDVBdzvMMZaQtF8vaC9bg,development,3
30,6940,30063,aVqLgWLPsZA,UCbR7juPwtP-bV_w0840ciYQ,development,3
30,6941,30067,XXTh4FqFdFI,UCCK3OZi788Ok44K97WAhLKQ,test_reserved,
30,6942,30069,7PccmcWjF38,UCbS_glb2N1NVTrDLVryRbng,development,4
30,6943,30073,P76zWfVr1nc,UChlp78im967vMhVtD6dRvIw,development,1
30,6944,30074,oB-llGLyNq0,UCsAPX_-Yu9O_3dJu0aUj_BA,development,4
30,6945,30080,8cq_f6RMX10,UCu3jIK2NBSXc0_YaFqEuIrg,development,2
30,6946,30088,V0LzzorV6tk,UCCK3OZi788Ok44K97WAhLKQ,test_reserved,
30,6947,30091,dnljepIj0W0,UCckltLEhFLv8Xz_lQhYfwmg,development,1
30,6948,30092,tx64EVuw3v8,UCrYItZrCXaq1dZ-6ArlCc6A,development,2
30,6949,30098,WeMEGCCHEvM,UCbVw-Yr6A7L4hPi8W6zsQlw,development,3
30,6950,30099,1CQMQFbSN4Q,UCm8I2aLYgPm_gdzw4SSkiGg,development,2
30,6951,30103,k1M8u2MEs4s,UCr6N1fR_Lb9ftvHwqCsadSg,development,2
30,6952,30107,UX3xesRCA-8,UC324VVhYKykBv01GecF4aYg,development,5
30,6953,30121,1rel0dbohrU,UCF0uUUUTf2kzN8lz20-iksg,development,1
30,6954,30122,tmf953-hwbg,UCA5xW2Ce7KT2AtxzDYDebCA,development,4
30,6955,30124,k2YCPM45jkA,UCgnFSj7jQffD5V5m05j4dPw,development,5
30,6956,30127,OsVOy3PaUMI,UCSw_5fZrselH_au61zvIpJw,test_reserved,
30,6957,30128,e539oCDBJjY,UC_d3UQ1v8KP1JNFOBmV63xA,development,5
30,6958,30132,8Yg11r2Po8o,UCAH7R88V7gz7RqJv78nNOzg,development,3
30,6959,30136,WMiZ6wSjz60,UCAH7R88V7gz7RqJv78nNOzg,development,3
30,6960,30137,0vwJTU4joIU,UCDAkUKRB1pkb-s3Gqv7FZ7A,development,2
30,6961,30140,gAaendsV4z4,UC7NapJjZn91I2PnqsG2jXKA,development,4
30,6962,30143,93tb_NPeJxY,UCoYoYVojg-QGFH7VyKMpB8w,development,2
30,6963,30148,mHkRDMhY9JI,UCckltLEhFLv8Xz_lQhYfwmg,development,1
30,6964,30151,LkEuOjm2nWU,UChoqXWCFqL2vw60A_GraIQw,development,1
30,6965,30155,pZ9Vkd_ZiU0,UCNFDDKoTezuSWbIjjHA76xQ,development,4
30,6966,30157,N8PrSRDTBSg,UCOtYyt7W5PmPnwQjWWF_Z-Q,development,3
30,6967,30160,PzA_4EkZM64,UChwjz-THeefGm2mSbYB37Wg,development,3
30,6968,30163,zc8KTr1FyB4,UCbj5TVwioQCK3qtYYEzD3kA,test_reserved,
30,6969,30164,kKK_D7XVuRs,UCjm7vbOwssao7Bhm9wX3-bw,development,3
30,6970,30166,olilE66rNCE,UCOtYyt7W5PmPnwQjWWF_Z-Q,development,3
30,6971,30168,D10oWvT63nY,UCckltLEhFLv8Xz_lQhYfwmg,development,1
30,6972,30181,2mKgnAoHZyM,UCC-QxtkZPfDCczEeT3SEsYA,test_reserved,
30,6973,30199,cU8x6LC5KPg,UCckltLEhFLv8Xz_lQhYfwmg,development,1
30,6974,30207,mF5h63PKmdk,UCCK3OZi788Ok44K97WAhLKQ,test_reserved,
30,6975,30213,i17-mRPJS1A,UCuJmg9Gw1uO-JGVLk9iACDw,development,2
30,6976,30218,yuKtEL6kO-A,UC_K3CNn5jlFvgCx7cpKiCYA,development,1
30,6977,30222,WYka-H0n2Gc,UC8lKgUHo-2mSR5cRRXO9xow,test_reserved,
30,6978,30223,IPwhIZcWpuU,UC2oGrNhMUyWu5yzEJ_j1PMA,test_reserved,
30,6979,30227,3gTsQ2vdNr0,UCo7jGFwywOdtesciwW-POqg,test_reserved,
30,6980,30231,gPuEwLFOSKk,UCUz70SsT1TZzlwEqvSCpJRA,development,4
30,6981,30233,D0oa_8mMlxs,UCckltLEhFLv8Xz_lQhYfwmg,development,1
30,6982,30237,_6jGP2icHQM,UCOtYyt7W5PmPnwQjWWF_Z-Q,development,3
30,6983,30240,5m6keCbU8ew,UCmGMChEd9jBucufrWcpk3Ew,development,3
30,6984,30242,Vc9FJvOnvE8,UCuJmg9Gw1uO-JGVLk9iACDw,development,2
30,6985,30250,gKOvh8yhNN0,UCbS_glb2N1NVTrDLVryRbng,development,4
30,6986,30252,iKvoEvwBcnw,UCFAQPiyzxj7BNfeKWGsR5gA,development,5
30,6987,30256,7Rg9ENVKu1w,UCq0hVW_G5kWt2ocLhbjOtGg,development,2
30,6988,30257,r7afrmF7MM4,UCCK3OZi788Ok44K97WAhLKQ,test_reserved,
30,6989,30258,aVchXWfCZOM,UCB1peLqwO8xdVLp_v3qjDmQ,development,1
30,6990,30260,_BRB7GNoxIo,UC6jQt9K_jqnBNtsRf7hXHsA,development,2
30,6991,30267,TGyPtKhMNqg,UCckltLEhFLv8Xz_lQhYfwmg,development,1
30,6992,30287,RiNK3DAf2TQ,UCckltLEhFLv8Xz_lQhYfwmg,development,1
30,6993,30288,YOD8OGtzJkQ,UCoYoYVojg-QGFH7VyKMpB8w,development,2
30,6994,30292,rctpF6RYS2E,UCCK3OZi788Ok44K97WAhLKQ,test_reserved,
30,6995,30293,VgYIG7QWT18,UCvZpRt_4T2NlC9111RxNBug,development,2
30,6996,30302,m_Tpkrw0Hk8,UCckltLEhFLv8Xz_lQhYfwmg,development,1
30,6997,30306,yUBX63eZUdY,UCUzy2Hm-doo9o4bSfXG_CVQ,development,4
30,6998,30309,j7tui10Au1c,UC7ky7hEgAEMLo1lrDWJXlNw,development,1
30,6999,30311,t4AG16a2y9Y,UC5dezjl-rF4Sw6BRPM8Q6Zg,development,2
30,7000,30312,cEzppRxHKgs,UCmwIKQQjwpjNT8OQ_VZuRfg,development,3
30,7001,30313,0iO9SXygd-w,UCl5xacxsAhltNGtiMktd_Sg,development,4
30,7002,30316,PPk4Qshw3ow,UCCK3OZi788Ok44K97WAhLKQ,test_reserved,
30,7003,30325,uQS8-Gl7NPI,UCcijXxFzSXgoM6q9cCtT9PA,development,2
30,7004,30332,iylUge7TdAo,UCCK3OZi788Ok44K97WAhLKQ,test_reserved,
30,7005,30348,aanK3CpxZLU,UCf48pki8AqjBHuV80LcC7kA,test_reserved,
30,7006,30355,CCZSe_XV6KQ,UCAgBGlUKoAQFXMUzshrWDgg,development,1
30,7007,30358,PsiPHvOCpHE,UCfQfw--8dPGypR7sGcXJz0w,development,5
30,7008,30362,TEFPBsXRVX4,UCAH7R88V7gz7RqJv78nNOzg,development,3
30,7009,30366,Nea4YLZo6BI,UCr6N1fR_Lb9ftvHwqCsadSg,development,2
30,7010,30368,Z68aYncP95w,UCV_4W6LL-Iwh0UaT_B6exQg,development,5
30,7011,30370,pBDYhGUnVNc,UCPJRtoh7x7vEw0-d59JwKiQ,test_reserved,
30,7012,30383,_ohG-7tasO8,UCWwo8NBrDNOb5EEZadW3iWA,development,1
30,7013,30391,9apVBzDAEFM,UCMayHG7j39d11Gh36vV7GnQ,development,3
30,7014,30394,LsO1IktGTS8,UCWO2tL69FZ9ckckHcAa18Ug,development,4
30,7015,30404,8JyD_qbdJmE,UCLA8Ovy_NPAwMWvr8IEDquw,development,4
30,7016,30405,ItqyqRlVf00,UCkagcQYGoYFuXsUg-ObSL6A,development,5
30,7017,30410,xp3aATfTACY,UCixHOFltSlDzQezAiDC--wg,development,1
30,7018,30415,hJyNeyHiQzA,UCqrqt9Egbp4Voh3iEUUoorw,development,3
30,7019,30417,kOlmZo3RfDM,UC12K2QZlfWLq_8FmZfB23Yw,test_reserved,
30,7020,30418,Id28lBrfix8,UC1CkcuwxCW_dIchuR0tTCJw,development,4
30,7021,30428,1W-ZatRpOD4,UCqrqt9Egbp4Voh3iEUUoorw,development,3
30,7022,30438,nAc2GrW7n0k,UCiPqzkmX93ta8vFwMVS81oQ,development,3
30,7023,30439,x7kk7ISpZPs,UCp3JwFW1xiUY4QwLqSsbNyw,development,2
30,7024,30440,wvWy13e9Gdo,UCkagcQYGoYFuXsUg-ObSL6A,development,5
30,7025,30447,6vFiH3mkoIM,UCmwIKQQjwpjNT8OQ_VZuRfg,development,3
30,7026,30448,ybX5OdiOoOs,UCMw--nUMJjK2GNrLXdsnDzg,test_reserved,
30,7027,30459,bBhftygyj_c,UCckltLEhFLv8Xz_lQhYfwmg,development,1
30,7028,30460,ReuiqPAsyEU,UCCK3OZi788Ok44K97WAhLKQ,test_reserved,
30,7029,30466,xA7kmzH4NrY,UC22LfvKY_7Ibkt5I5wFqwfg,development,4
30,7030,30467,BH2abJBlv4w,UCTa7XGYF8a8jFVozt8rEIlw,development,2
30,7031,30471,wsi0LKIC0tM,UC5BT1yMZC1MtgngCRMRZoLg,development,1
30,7032,30481,gcuvuJLP_fM,UC0UN7hnzgIxDgG582qgy4cw,development,5
30,7033,30491,13qRdbUotG0,UC8lKgUHo-2mSR5cRRXO9xow,test_reserved,
30,7034,30495,Jp4nq8ntMoA,UCkC-yhK-WnPNaNslH_LbBWQ,development,2
30,7035,30500,7pokCYWhh3I,UCgnFSj7jQffD5V5m05j4dPw,development,5
30,7036,30505,gT9OOURYdUU,UCdYKWxPPJG4GBg_YdB33vKQ,development,2
30,7037,30513,TMVKNAamg-Q,UCcijXxFzSXgoM6q9cCtT9PA,development,2
30,7038,30517,2miBouqlVzA,UC5-n2dfksESEt3ATmM6Uujw,test_reserved,
30,7039,30520,oCgew96_EYA,UCbR7juPwtP-bV_w0840ciYQ,development,3
30,7040,30527,Ho33aERnl8g,UCj5dmKmfkAR5Y4y_d9FW3og,development,4
30,7041,30528,NaqomLVe46g,UCdotiSNtLlS4qwDto9CdURA,development,3
30,7042,30540,0ZryC79cNms,UC5lT7mnrszE3L2UdcpnFVhw,development,1
30,7043,30545,Nzk8Fqc-wLE,UCn0XmAUFv6d2tofMFEesSNw,development,5
30,7044,30548,TkYkJ44nxN0,UCCK3OZi788Ok44K97WAhLKQ,test_reserved,
30,7045,30555,7WjzDjx8Esg,UCrVFS_0PdV7AwyTgR13IcVg,test_reserved,
30,7046,30559,qSRrl1EWRMs,UCgnFSj7jQffD5V5m05j4dPw,development,5
30,7047,30562,C3gLEGYSyXo,UCZXcD8T3zClfNAlDwHCdg6w,development,4
30,7048,30571,qRdUh6IhOaI,UCc30sTBdN9LRSxEuHaXV_bQ,test_reserved,
30,7049,30572,X3Fog_g7hKc,UCOtYyt7W5PmPnwQjWWF_Z-Q,development,3
30,7050,30577,96pzNoko45M,UCAz-peNBHr6_KTtl0sPBavg,development,1
30,7051,30579,KlP_InWbIxU,UC_d3UQ1v8KP1JNFOBmV63xA,development,5
30,7052,30580,naQEP0O1xO0,UCm8I2aLYgPm_gdzw4SSkiGg,development,2
30,7053,30586,fCwvdYW6q6M,UCnkon33rksDXo3qChhTs5Vw,development,5
30,7054,30587,vF3GUSHc_oU,UCbS_glb2N1NVTrDLVryRbng,development,4
30,7055,30588,pspQLmANYEI,UCgnFSj7jQffD5V5m05j4dPw,development,5
30,7056,30594,acaA2ahiXnc,UCTIi9jL0_XH6wCRyHDygl9A,development,5
30,7057,30595,N0Z87_ihzRY,UCCK3OZi788Ok44K97WAhLKQ,test_reserved,
30,7058,30598,cvXrsKiUoIQ,UC0554zf4RvVkxwt_tS4Wx_g,test_reserved,
30,7059,30599,9wDiYkzeFAA,UCckltLEhFLv8Xz_lQhYfwmg,development,1
30,7060,30602,8y4Xz2QCtTE,UCckltLEhFLv8Xz_lQhYfwmg,development,1
30,7061,30604,-tD-_0KeH8o,UCckltLEhFLv8Xz_lQhYfwmg,development,1
30,7062,30605,eOLSslydEMQ,UC4UaWbUUwVvCxWNqhb4f16Q,development,3
30,7063,30620,dTG1czEQj2A,UCYweMykEAI5aaRztqrJuuAg,development,2
30,7064,30621,-u46qhIx9yw,UCnT7Z6-yqjhM__jZbK_B3kw,development,3
30,7065,30624,Ny_XVzT6jmw,UCG0j1mTQov3RVBgLgh6wbKg,development,5
30,7066,30625,cGq-xjl54HI,UCckltLEhFLv8Xz_lQhYfwmg,development,1
30,7067,30631,obFseBdycqQ,UCZXcD8T3zClfNAlDwHCdg6w,development,4
30,7068,30638,rw3UAyktAe0,UCckltLEhFLv8Xz_lQhYfwmg,development,1
30,7069,30644,kLiJLaKUXN8,UC5ZNkdIVKL-M3KrNaCEzveg,test_reserved,
30,7070,30646,dBW34IblWi4,UCOtYyt7W5PmPnwQjWWF_Z-Q,development,3
30,7071,30648,emt571fvgIs,UCwRAPq0zLdVsb440xKGBx2w,development,1
30,7072,30649,aqfizVfv-oQ,UCeLO_4Xmr0Zm2AHsbD50Sfg,development,3
30,7073,30650,owNPVSo_fhM,UCHZ6l32mEskYLDm1OkjFO3g,development,5
30,7074,30652,Gtkavl_KRFE,UCMQg72D9bcWjW-umvECrcAQ,development,1
30,7075,30656,T4QvBP-lBFQ,UCUWsih24MIJm0hrkWmhJkmA,development,3
30,7076,30663,Iz-RAZoDxGo,UCXRnXDVoCjqUN_sOJweAXyQ,development,5
30,7077,30683,ekd08_LzY4c,UCckltLEhFLv8Xz_lQhYfwmg,development,1
30,7078,30687,siGwS7xx8bY,UCCK3OZi788Ok44K97WAhLKQ,test_reserved,
30,7079,30689,TIhp8di81n0,UCDoXItIw1akXVz4Gk_F8CDw,test_reserved,
30,7080,30693,8oZUDdxieCY,UCYweMykEAI5aaRztqrJuuAg,development,2
30,7081,30694,-GqGT0X3AMM,UCAH7R88V7gz7RqJv78nNOzg,development,3
30,7082,30697,f7GMJUAAjiI,UCsAPX_-Yu9O_3dJu0aUj_BA,development,4
30,7083,30709,U4y3Q56_mF0,UCCK3OZi788Ok44K97WAhLKQ,test_reserved,
30,7084,30710,c6alg82uVUs,UCckltLEhFLv8Xz_lQhYfwmg,development,1
30,7085,30711,JHmJbpHR_4A,UCKMhiMmqyu2uAl8T3LZiEjQ,development,3
30,7086,30717,OzUeBc9LWE0,UC1YGPDtctHGJWW0NrlQVklw,development,5
30,7087,30719,_SKloZUVV8I,UCLwwxYXhMc1fCIAnaO8nYrQ,test_reserved,
30,7088,30726,uXphOlVGBfM,UC9iEv8PqeHuC3ZVt0QqN-pQ,development,4
30,7089,30729,eYc4KqQTU8w,UC0fnN8-CgXOlHLjGc78e-0g,development,3
30,7090,30736,uFcD8GgO5Ss,UCQIWzvLOlB4tu84TtOTJCGg,test_reserved,
30,7091,30737,KzteVdWG4Eo,UCA5xW2Ce7KT2AtxzDYDebCA,development,4
30,7092,30739,rdF18lBnPmU,UC4RBCrw6cMvOXz4eNkIgbnA,development,3
30,7093,30741,qFMCsnsl_sw,UCzeBunsQThQMJuN7ldtbeRA,development,3
30,7094,30744,eYng5lMzun8,UCckltLEhFLv8Xz_lQhYfwmg,development,1
30,7095,30745,W0bal_OQB0Q,UCCV84bEXdXJd1HSHhqUhoIA,development,1
30,7096,30750,uOjoII8Lbe0,UCMayHG7j39d11Gh36vV7GnQ,development,3
30,7097,30751,zq30sbXUgGU,UCaESx7Bdghv_UICcG1hBkcg,development,2
30,7098,30755,-Ke_u9Q4h0k,UCJc1hbJPvG5f2v8iSPG-3CA,test_reserved,
30,7099,30759,t97yy6DoKU8,UCy3DKiGOrAXgOYZ08p7b13w,test_reserved,
30,7100,30762,chDNHTvkG2s,UCnkon33rksDXo3qChhTs5Vw,development,5
30,7101,30764,4kmIGqbPyQs,UCi-dz1RuP-FhWvbKCDKOdNg,development,1
30,7102,30772,QijfL7VvRe0,UCckltLEhFLv8Xz_lQhYfwmg,development,1
30,7103,30773,jab1-6SO8M4,UCcwCsuV7bOpTfqf2UvLfYmg,development,2
30,7104,30777,9V58Kd_7C0U,UC1YGPDtctHGJWW0NrlQVklw,development,5
30,7105,30779,YxXIhw1box4,UCckltLEhFLv8Xz_lQhYfwmg,development,1
30,7106,30787,rISllRl2tpg,UCKQw2OwROuqrhOuiqSttu6g,test_reserved,
30,7107,30789,XINgSnts1kM,UCgnFSj7jQffD5V5m05j4dPw,development,5
30,7108,30793,l0KZ_Wn2f_g,UCcijXxFzSXgoM6q9cCtT9PA,development,2
30,7109,30805,rTArwqskyRE,UCCK3OZi788Ok44K97WAhLKQ,test_reserved,
30,7110,30819,exjsxzwI_As,UCh-cPhwaVIJTFLMq0ZNf-hg,test_reserved,
30,7111,30822,cJ381r65qgI,UCdgWTRipbTuQsIiiPb6fB-A,development,5
30,7112,30829,Ljnak157kd4,UCEmxWFAHJxo0qpRfxCDvVUA,development,3
30,7113,30833,g26ZySWwHbw,UCOgsOVUELkkv_irhET9kK_Q,development,1
30,7114,30839,IRXdxA-Qh78,UCcijXxFzSXgoM6q9cCtT9PA,development,2
30,7115,30840,4CkU1r7EcEk,UC8lKgUHo-2mSR5cRRXO9xow,test_reserved,
30,7116,30847,p-8xs-Nr_Yo,UCf2Iar2LDcFaSCnVH1ZMUkA,development,4
30,7117,30848,SG7Qhmsihyo,UCAH7R88V7gz7RqJv78nNOzg,development,3
30,7118,30850,PkX5_Pu6fVQ,UCRDDfbYPHX_GUJ4lcQYTc8A,development,2
30,7119,30852,vXw9HXY8c8Q,UCckltLEhFLv8Xz_lQhYfwmg,development,1
30,7120,30855,wFMghOcZPxc,UCvcVb1fcd-asMSL6-CeOgNw,development,1
30,7121,30857,H7cDMWbBhkM,UCP4Z7-uWZYIQBclex8M086A,development,5
30,7122,30864,VGBlw_JNe5E,UCx7lEnwLHxO9yPjOotGb-bA,development,2
30,7123,30866,53EUCWlU3YE,UCckltLEhFLv8Xz_lQhYfwmg,development,1
30,7124,30867,0JYin4gvCKE,UCaIc6SgS90ud_RgMSC6hW_w,test_reserved,
30,7125,30868,C1Zoj1EjZRg,UCOtYyt7W5PmPnwQjWWF_Z-Q,development,3
30,7126,30872,L9-vFe-AalQ,UCckltLEhFLv8Xz_lQhYfwmg,development,1
30,7127,30877,hJMMqrRbTeg,UCCK3OZi788Ok44K97WAhLKQ,test_reserved,
30,7128,30878,2LX46bNdKD8,UC8rcDufKZ3W6CtZU69CtMXg,development,5
30,7129,30880,Pyp-bth_cqo,UCCbm1E52PV05ZLv6dtRB92Q,development,5
30,7130,30882,qt_7Grzs6JU,UCuJmg9Gw1uO-JGVLk9iACDw,development,2
30,7131,30884,DgVyx0eRwSA,UCGe9vzavXCSu7GBIgoPebeQ,development,4
30,7132,30885,ZcCO8V-WfVU,UClBC9kT7SSFliwTgLQ7Ms4g,test_reserved,
30,7133,30896,c45vFfflVUA,UCHT6F9HJ9DtLUjTOH16yg6g,development,3
30,7134,30903,ZeN0Xuf99c4,UCckltLEhFLv8Xz_lQhYfwmg,development,1
30,7135,30909,ITl0WaWwmxA,UC0tV1b7IFEXFUUILF7mAcWw,development,5
30,7136,30923,oOK12IcdvLU,UC2b5VAYjsOfepl9nAXgRmfQ,development,4
30,7137,30925,FHBo6phfBGY,UCag44-HADW04gc6h5u5jrcw,development,3
30,7138,30928,7OpFRGncycs,UCVXCitEEweQox0oyIsJONrQ,development,3
30,7139,30929,JmixkzzXd-s,UCpKHQzqFn8VhNKQVCNp2M1g,development,2
30,7140,30931,XVf-BX0dnLI,UCOPqjdQOIF6faslRMEruJmA,test_reserved,
30,7141,30932,eIbCfcwNOh4,UCf48pki8AqjBHuV80LcC7kA,test_reserved,
30,7142,30933,BntuPcReQj8,UCBYHzLIry8B-rCsqd1okLKQ,development,4
30,7143,30939,3nRMCrmiFO4,UCZ-RBSr_ZD-jWWDgZmFyZyw,test_reserved,
30,7144,30941,w5laUA_64eY,UCcijXxFzSXgoM6q9cCtT9PA,development,2
30,7145,30948,GZGSNgIcU-0,UCm3mXl7hQbHVMxhKaOeEhYA,development,4
30,7146,30955,biuybHNCoz4,UCYga1ycTsoZn6Y_xlrdw0iA,development,4
30,7147,30957,OwN_tNKJypY,UCDrTN5A0V-Fzu1Jn7qnxA6A,development,4
30,7148,30959,QQB_frt84Fs,UCoz7UhbfPFJyljIIV2saR7A,development,3
30,7149,30970,y4f3NGcHEhk,UCckltLEhFLv8Xz_lQhYfwmg,development,1
30,7150,30976,2FnY0nY_cPA,UCPJRtoh7x7vEw0-d59JwKiQ,test_reserved,
30,7151,30979,oDadvlOXB5o,UCNnL7JQhtBvNZWn9Cg13i2Q,development,1
30,7152,30980,WMUM4sXDzn0,UCOtYyt7W5PmPnwQjWWF_Z-Q,development,3
30,7153,30988,zyFS8rJ8svI,UCwKYO2L9xzLtWhSv4ncYCIA,development,1
30,7154,30994,zrcCpKgMmr8,UC12K2QZlfWLq_8FmZfB23Yw,test_reserved,
30,7155,31000,2nqpw3ANLD8,UCwsNWoSlQUyeWgbVQYZtLOA,development,2
30,7156,31010,fZ3e618NnmA,UCCK3OZi788Ok44K97WAhLKQ,test_reserved,
30,7157,31015,OaZKYaQlD5c,UCpRgfr4_Eax0HHa2rwkRQ2w,development,1
30,7158,31019,wWGkv9slGew,UCSSdxN7FMswC7GFnvVON-eQ,development,4
30,7159,31021,6PJ-8JliRoc,UCA5xW2Ce7KT2AtxzDYDebCA,development,4
30,7160,31024,lorvROZFLzQ,UCqrqt9Egbp4Voh3iEUUoorw,development,3
30,7161,31026,dwP5UZW1fhY,UCHT6F9HJ9DtLUjTOH16yg6g,development,3
30,7162,31027,dTg_hVWtskM,UCjYAhUnrkBujtKI3j3LM2uA,development,1
30,7163,31031,gBZlAJViFIM,UCYk97F4sCu3hEWp6YEH-Dow,test_reserved,
30,7164,31032,q4XMEQhd98s,UCh1YbG4SC-R5fBxZgMMuRww,test_reserved,
30,7165,31042,u3Wvlkl0H94,UCaCnmd0sVADrw8228hCBnlA,development,4
30,7166,31059,192vXMWwyaA,UC8rcDufKZ3W6CtZU69CtMXg,development,5
30,7167,31061,8ucNBOuFI2s,UCCK3OZi788Ok44K97WAhLKQ,test_reserved,
30,7168,31062,GqvA_IhP3JM,UC6aSX46078fvOY9bY9ZUTYw,development,4
30,7169,31065,eddg21-IRp0,UCckltLEhFLv8Xz_lQhYfwmg,development,1
30,7170,31069,FSX71qrg9qg,UCCK3OZi788Ok44K97WAhLKQ,test_reserved,
30,7171,31077,NA7CEm_cuo4,UCOtYyt7W5PmPnwQjWWF_Z-Q,development,3
30,7172,31078,SZOosHfgdEs,UCkagcQYGoYFuXsUg-ObSL6A,development,5
30,7173,31093,AqH4nDVKytk,UCn6YTM3fvYdwCOHpdNJBOeg,development,5
30,7174,31096,PXCX6L7ML-0,UCl5xacxsAhltNGtiMktd_Sg,development,4
30,7175,31098,aKMo0AywnIM,UCDi0aVaBQ1KlA5WoHAbt0zw,test_reserved,
30,7176,31099,Dcw9f6-q2Qs,UCckltLEhFLv8Xz_lQhYfwmg,development,1
30,7177,31100,L9ndwLsENA4,UCXJm14vFoWrYud1ZXCiHj3A,development,2
30,7178,31103,q9M3SU1qJ4M,UC-DEHYgvcA5bBD3cWo_vSuA,test_reserved,
30,7179,31105,MVDa4Xvillo,UCOtYyt7W5PmPnwQjWWF_Z-Q,development,3
30,7180,31107,L9MmIDn6p9s,UCcijXxFzSXgoM6q9cCtT9PA,development,2
30,7181,31109,Vjsl1k6VSqw,UC_R5RnT7O66G791kXv-9_vg,development,5
30,7182,31112,mWT5qVDW8r0,UCDrTN5A0V-Fzu1Jn7qnxA6A,development,4
30,7183,31115,gZuezG4mEdU,UCh9qXeL8eP3Txra2908xksg,development,3
30,7184,31117,RzQCjn1yRU4,UCckltLEhFLv8Xz_lQhYfwmg,development,1
30,7185,31124,InfBLrEy3TI,UCc30sTBdN9LRSxEuHaXV_bQ,test_reserved,
30,7186,31133,Q7CWn0urCaE,UCn0XmAUFv6d2tofMFEesSNw,development,5
30,7187,31135,iBZJiJLy-8c,UCw3UDSrbKod4Gk_rSpA5gqw,development,3
30,7188,31141,_8XXQuX8M90,UC_Urg845xBIOarYXBx_Ko2w,development,1
30,7189,31142,MUqdVNSm_kM,UCqoZbyGTVsHUPErog0Sac4w,development,2
30,7190,31144,e1c-XCiPckE,UC0MnP2Iso6enxaJTBZ3_nJw,development,4
30,7191,31154,oPOY2tkGYfo,UCVjyzr_EOtJLtLF_3VKfrWQ,development,2
30,7192,31156,7gCN0rW4myk,UCbpY0fXgMhJZYNm-AQA6kjw,development,4
30,7193,31157,WcpK-Fi-XyQ,UC1YGPDtctHGJWW0NrlQVklw,development,5
30,7194,31163,LAo2REa0vuQ,UCckltLEhFLv8Xz_lQhYfwmg,development,1
30,7195,31164,LCMGupw9WFM,UCOHyRrRuD2zGCkpuCAlyOyA,development,3
30,7196,31166,aX5x1u2-Xhw,UC1e3SfoIliz7Do8r_siL7Vg,development,1
30,7197,31167,MPEE1o9Hbr0,UCaESx7Bdghv_UICcG1hBkcg,development,2
30,7198,31191,Q6xMWiA1_DY,UCckltLEhFLv8Xz_lQhYfwmg,development,1
30,7199,31192,rhw1bpZIE7M,UCZfQAl56Y6qStW8DECs2hGw,development,5
30,7200,31193,ixxDzyoNT80,UCsCp9NfFhRhL6DvDjWtAweg,development,1
30,7201,31195,l1pC88Zb8Ns,UCN3Buj32nQOlbBjWmj1Eoqw,development,3
30,7202,31197,d4TtREtSTCE,UCewWZeJ0g9cHU61e_jN_bZg,development,1
30,7203,31200,Z30tSNmdL6k,UC6jQt9K_jqnBNtsRf7hXHsA,development,2
30,7204,31203,UvPZmbPYL14,UCCXHDSRJKfNBLNJmIegx8Lw,development,4
30,7205,31206,aIKz3PKQtHI,UCVXCitEEweQox0oyIsJONrQ,development,3
30,7206,31207,RRPOl_h9cLk,UCD2X28mF5ZqSA2gncomAtAA,development,2
30,7207,31208,M-aiEz5IcWU,UCQTcNhAZidy1i9wwmdgf2Lw,development,4
30,7208,31209,-MqHBOc7ibY,UCCK3OZi788Ok44K97WAhLKQ,test_reserved,
30,7209,31210,36j4NZBRLSo,UCP0FKFuz9j2Dp-QDr-Dv_0g,development,5
30,7210,31211,Z9LhtZCkDM4,UCBf296-OhUNfaDbtcYQ4RQQ,development,5
30,7211,31214,xyKffaqlyE4,UCgnFSj7jQffD5V5m05j4dPw,development,5
30,7212,31216,ptZbqIxhDUo,UCckltLEhFLv8Xz_lQhYfwmg,development,1
30,7213,31217,yh_7MkVMszA,UCMxeqmVKOqiqh7V_A3h4gfA,development,2
30,7214,31231,hMZBeZazFEE,UCckltLEhFLv8Xz_lQhYfwmg,development,1
30,7215,31240,jhgxNVEh2C8,UCCbm1E52PV05ZLv6dtRB92Q,development,5
30,7216,31241,QflYSypo1DY,UCtGrWulB6ohN4my07gWxj_Q,development,1
30,7217,31242,eMVnUSPSBCo,UCaESx7Bdghv_UICcG1hBkcg,development,2
30,7218,31243,Maly6Rms-EE,UCu3jIK2NBSXc0_YaFqEuIrg,development,2
30,7219,31244,oDjmN7WreHg,UCCK3OZi788Ok44K97WAhLKQ,test_reserved,
30,7220,31248,p96jc96izw0,UCbS_glb2N1NVTrDLVryRbng,development,4
30,7221,31249,elGXiaUmnEg,UCP0FKFuz9j2Dp-QDr-Dv_0g,development,5
30,7222,31251,nIGqvQpGgd0,UCB3pmaew5i2Sp9LJe03BU8g,development,4
30,7223,31254,fNcsYD5tXDI,UClBC9kT7SSFliwTgLQ7Ms4g,test_reserved,
30,7224,31255,dPDo0ZvZp0g,UCcijXxFzSXgoM6q9cCtT9PA,development,2
30,7225,31262,5B84uXwayes,UCcspHoBTj_aLhnJLwkMpWHQ,development,3
30,7226,31264,BrC-wi2Vb3Q,UC-GRFwciK7JiP8T4tl0pftQ,test_reserved,
30,7227,31272,4gQbmbDAeMc,UCrBzMpy0C8kRGCfjRG-F__A,development,3
30,7228,31282,r2a7HLnwEhw,UC6jQt9K_jqnBNtsRf7hXHsA,development,2
30,7229,31297,akAj6pVFn-k,UCvZpRt_4T2NlC9111RxNBug,development,2
30,7230,31299,W8TyRTzNJWg,UCiJfplrc7idtWYpDsI325yQ,development,2
30,7231,31303,Qg6PeUzwbSc,UCcijXxFzSXgoM6q9cCtT9PA,development,2
30,7232,31311,VDFLLAortWE,UC_wJhm5jkqIBLd8-9fZg0XA,development,2
30,7233,31314,TeYfb0p5V3E,UCgnFSj7jQffD5V5m05j4dPw,development,5
30,7234,31320,sE4SfcgP4To,UCcsAXVNcM8sZShSHxY0db0w,development,3
30,7235,31321,PygolX2sAhk,UC1YGPDtctHGJWW0NrlQVklw,development,5
30,7236,31323,uIwuoTprsLQ,UCUz70SsT1TZzlwEqvSCpJRA,development,4
30,7237,31324,Dx1RG_5KtWg,UCgnFSj7jQffD5V5m05j4dPw,development,5
30,7238,31325,wR6pySGnMoI,UCxJkaokOgy60mJkUPodjiMA,test_reserved,
30,7239,31341,Ue7GrsRoY54,UCCK3OZi788Ok44K97WAhLKQ,test_reserved,
30,7240,31345,cp6K2LNxZrM,UCuJmg9Gw1uO-JGVLk9iACDw,development,2
30,7241,31346,vRd3uMzD0JQ,UCr6N1fR_Lb9ftvHwqCsadSg,development,2
30,7242,31348,xfyasOf8MUI,UCQTcNhAZidy1i9wwmdgf2Lw,development,4
30,7243,31351,Y_FdUlljJeA,UChlTbGDLAEo8WN_qZLavi7Q,development,1
30,7244,31353,3Qkuwff1riU,UCILFY0DK2vcnnnTAgWrX-xw,development,5
30,7245,31360,st8knWnKKN0,UCrWDxd_eJ3NM1Z-e1jDsjUA,development,1
30,7246,31361,rw8nD203ncg,UCckltLEhFLv8Xz_lQhYfwmg,development,1
30,7247,31368,_YVa4X5_PoA,UCc30sTBdN9LRSxEuHaXV_bQ,test_reserved,
30,7248,31370,56KztKtYYkI,UCPXSUKHTNc1_hnHuj-UiQWQ,development,4
30,7249,31371,Sgl7UCioK38,UC-yc8jrjmaMFVsXdLccngbQ,development,3
30,7250,31379,VwhLwUfnvUc,UCxEUUXpOFlVyBC9sf73Isow,development,1
30,7251,31381,RftV4SzQ4Ak,UCcijXxFzSXgoM6q9cCtT9PA,development,2
30,7252,31384,ickGpprzKu4,UCt1uMmva5HBK0qu1hTGGvzA,development,3
30,7253,31392,ORMxOboZDaM,UCCK3OZi788Ok44K97WAhLKQ,test_reserved,
30,7254,31395,FqdAiSCCkGs,UCkC-yhK-WnPNaNslH_LbBWQ,development,2
30,7255,31399,xyZSqXtGL9I,UCygAzvEJNqZmteflPb1bbGA,development,5
30,7256,31403,YOYlsdVrDSY,UCCK3OZi788Ok44K97WAhLKQ,test_reserved,
30,7257,31407,Xv5pbLc1wEo,UCs57QVT92ixgjqY9DqTb_tA,development,1
30,7258,31410,zNSCI6KC4EE,UCbS_glb2N1NVTrDLVryRbng,development,4
30,7259,31415,V-pniYedkqM,UCcrsFwwoMvcXYpJ0XldIlVQ,development,5
30,7260,31416,tittrktYB3Q,UCCK3OZi788Ok44K97WAhLKQ,test_reserved,
30,7261,31419,WOQszyGrUK0,UCcijXxFzSXgoM6q9cCtT9PA,development,2
30,7262,31430,jj6dLoddXlA,UChoqXWCFqL2vw60A_GraIQw,development,1
30,7263,31431,8CRoMqW8bbg,UCQTcNhAZidy1i9wwmdgf2Lw,development,4
30,7264,31435,m3r-BAFN8iI,UCBf296-OhUNfaDbtcYQ4RQQ,development,5
30,7265,31437,virPGwPFzys,UCEieBVk2twUCVeoDDTeXo9Q,development,2
30,7266,31446,gK6R7fX-Tlw,UCMayHG7j39d11Gh36vV7GnQ,development,3
30,7267,31447,vp1KNn6UPx4,UCbS_glb2N1NVTrDLVryRbng,development,4
30,7268,31451,DZuZBcOiT6o,UCOtYyt7W5PmPnwQjWWF_Z-Q,development,3
30,7269,31452,NB0URMFP8o4,UCOtYyt7W5PmPnwQjWWF_Z-Q,development,3
30,7270,31460,f04NKmdA-VQ,UCcijXxFzSXgoM6q9cCtT9PA,development,2
30,7271,31464,phXffCW1nFc,UCcsAXVNcM8sZShSHxY0db0w,development,3
30,7272,31465,j_8nwYA9aRs,UCcijXxFzSXgoM6q9cCtT9PA,development,2
30,7273,31466,hYtSsZ1Yk9k,UCcijXxFzSXgoM6q9cCtT9PA,development,2
30,7274,31467,k0kKe4_MaMU,UCcijXxFzSXgoM6q9cCtT9PA,development,2
30,7275,31472,MFtP3PplSVI,UCTO9f5qKoCLHF21OLaROdEA,development,5
30,7276,31475,CBKdCEySmuU,UCxyOEiDidNJQGoMJXjOVW7A,development,2
30,7277,31476,ebIcTMUE1q0,UCYweMykEAI5aaRztqrJuuAg,development,2
30,7278,31482,qYpcwzBVGjo,UC_vwgxaqDHZsnZwJX0Fhfjg,development,1
30,7279,31484,WOAy_A06Ne4,UCS5U8OTQXzQXMET3NcRguWQ,development,1
30,7280,31489,EDmVrd2XmcM,UCaIc6SgS90ud_RgMSC6hW_w,test_reserved,
30,7281,31494,IphUPN-Zokk,UCaESx7Bdghv_UICcG1hBkcg,development,2
30,7282,31497,r-X38P0LwZk,UC2sO_F_Ky4LIAUtSJYXqBDA,development,4
30,7283,31498,WSz1BlORUK4,UCnT7Z6-yqjhM__jZbK_B3kw,development,3
30,7284,31501,0Xz6i6rGgyg,UC6ziF4GiQwcEIY1PFqk9iVg,development,4
30,7285,31503,ey6sp-9_bGg,UCdK77phqBSZ9nY9XxqGmtYQ,development,3
30,7286,31505,st4_l6Nse1k,UCckltLEhFLv8Xz_lQhYfwmg,development,1
30,7287,31506,2OoFlX1SXJw,UCs_mHlm5_C82W5WCIJaSMbQ,test_reserved,
30,7288,31518,mdTLpqgzvco,UCVmBgx4kaIsOtMR1jK9AeAg,development,5
30,7289,31520,8kiu66F5xZA,UCbS_glb2N1NVTrDLVryRbng,development,4
30,7290,31521,o484KpOeOms,UCVBEe2FrVmZMGbcPX7mNxJw,development,3
30,7291,31523,x8gDq5MFGmk,UCCK3OZi788Ok44K97WAhLKQ,test_reserved,
30,7292,31524,ZFwOIXMVqa0,UCM3bQBUJ0PEbgfe9lAw_Y3Q,development,3
30,7293,31526,DV-P9HBHokE,UCCK3OZi788Ok44K97WAhLKQ,test_reserved,
30,7294,31531,zY5iUp2GQhM,UCVfnhhDIkkBJ_1QyzCqeVDg,development,2
30,7295,31538,ZWDufzLwH64,UCqShCHSDvCBKDN_GAsnLJmQ,development,5
30,7296,31542,lFz2ivwh4O4,UCXRnXDVoCjqUN_sOJweAXyQ,development,5
30,7297,31551,R5BhSEYjMwU,UCf48pki8AqjBHuV80LcC7kA,test_reserved,
30,7298,31563,SuOLxNF0gdw,UC6aSX46078fvOY9bY9ZUTYw,development,4
30,7299,31566,y5esX9-zaT8,UCvbxIKWQmX355KaGtSqLXKQ,development,4
30,7300,31569,vnghakO74_M,UCvLsvfgY-hbGDtOi2udm4Gg,development,4
30,7301,31570,SbezWz9ouBg,UCZ6MS5ygBzz25PnSMaAw8PA,development,3
30,7302,31571,jkc-9j1uaR0,UCckltLEhFLv8Xz_lQhYfwmg,development,1
30,7303,31574,9WZGekzOQ0Y,UCdYKWxPPJG4GBg_YdB33vKQ,development,2
30,7304,31583,Wqr3kJwjcvo,UCeV9rau9LNAM_I5TJWaD-ZQ,development,1
30,7305,31586,ztACRGBqaPU,UCrhkgHTUdZXbCd69TNuQuMg,development,4
30,7306,31587,5CBJfwDWmUQ,UCT83ymyAGm7Gnk_4ifxjxIA,development,4
30,7307,31605,0Cgf5BERSn0,UC-CcqBJrHwkO8SxwZpjcuSg,development,5
30,7308,31610,VTq9lBhK96w,UC0RWGQFXExJPSdMNf9VAiHg,development,2
30,7309,31611,p8TVB0PFLbQ,UCgnFSj7jQffD5V5m05j4dPw,development,5
30,7310,31616,QR9E9wRCAfc,UCnT7Z6-yqjhM__jZbK_B3kw,development,3
30,7311,31617,IJ-CyWgsNBo,UCx7lEnwLHxO9yPjOotGb-bA,development,2
30,7312,31618,46U-RbsCzto,UCQTcNhAZidy1i9wwmdgf2Lw,development,4
30,7313,31625,3FXhbYnMP4g,UCgnFSj7jQffD5V5m05j4dPw,development,5
30,7314,31627,Km-hoNWpkMI,UCCK3OZi788Ok44K97WAhLKQ,test_reserved,
30,7315,31633,cNFQyxm24So,UCV-q7cRK5yFYEFzWuoQOmQQ,development,4
30,7316,31641,MbIQVqg2DMM,UC3W16VfuU392bL3zrOdVGfQ,test_reserved,
30,7317,31650,GYv4Q6_lahc,UCoPGkvh-1AoSzh23-ROXrpw,development,2
30,7318,31651,qMGOHobH-Wg,UCAH7R88V7gz7RqJv78nNOzg,development,3
30,7319,31652,e5WZvIgwwUE,UCT83ymyAGm7Gnk_4ifxjxIA,development,4
30,7320,31654,mF9-lyKovFA,UCcijXxFzSXgoM6q9cCtT9PA,development,2
30,7321,31658,QtuxwXq5CKM,UCsdbRoJsp2H30G0d2t2uN-Q,development,5
30,7322,31663,MBen7pUj8PI,UC2b5VAYjsOfepl9nAXgRmfQ,development,4
30,7323,31665,HlBPjuS_0R4,UCLNz9bgiJfM3ImTtYDOt8Ew,development,4
30,7324,31668,RRJAcyZos4s,UCmp1I1k6yNX-HqwfOFS2IPA,development,4
30,7325,31671,k9QeTehIFJg,UCsAPX_-Yu9O_3dJu0aUj_BA,development,4
30,7326,31672,Iz0ThkDNge4,UCjEGgDkPGoqypbE-5GzsJAA,development,4
30,7327,31673,eRVkWWKS1JY,UCcijXxFzSXgoM6q9cCtT9PA,development,2
30,7328,31687,6p8ljH4mi6c,UCmrLu4r89ykOzmtmbAeEklA,development,5
30,7329,31692,xcEYkpCCotY,UCpoFVjuq1ALkaLXUCpn_GuA,development,2
30,7330,31694,MKRNrFqpiUk,UCQTcNhAZidy1i9wwmdgf2Lw,development,4
30,7331,31699,BvvqlHO9We0,UCckltLEhFLv8Xz_lQhYfwmg,development,1
30,7332,31703,5Swm_6SxMN0,UCCbm1E52PV05ZLv6dtRB92Q,development,5
30,7333,31704,pIb4lN31F6U,UCgnFSj7jQffD5V5m05j4dPw,development,5
30,7334,31707,Itb4stEkkPY,UCE_HRkZMtXQvjnCrM0aSjCQ,development,5
30,7335,31708,8qmyI7LImZg,UChoLplNa4k4Yao2jFreT50w,development,5
30,7336,31709,IwcS1Ab9MpI,UCxiQTjuj-FLgMSU5N9NA6aA,development,5
30,7337,31716,eAjWhch4dwc,UC1YGPDtctHGJWW0NrlQVklw,development,5
30,7338,31717,jb2Lc1dsNZg,UCK71gEn4lLLToHx50jwMyNg,development,2
30,7339,31721,LnqnH5ybIPQ,UCuW9OiaVwvoOraW1Jcc3_uA,development,2
30,7340,31724,NxN9FJkPC1I,UCQTcNhAZidy1i9wwmdgf2Lw,development,4
30,7341,31725,_INpA_XqOqw,UCZ-RBSr_ZD-jWWDgZmFyZyw,test_reserved,
30,7342,31727,HqxuGMQGL_Q,UC1YGPDtctHGJWW0NrlQVklw,development,5
30,7343,31729,gu5ImIe_fvE,UCoPGkvh-1AoSzh23-ROXrpw,development,2
30,7344,31736,tCnx5XPUgwo,UCCK3OZi788Ok44K97WAhLKQ,test_reserved,
30,7345,31745,XfYvq84pdTM,UCsAPX_-Yu9O_3dJu0aUj_BA,development,4
30,7346,31748,f2kuvXp8nmw,UCckltLEhFLv8Xz_lQhYfwmg,development,1
30,7347,31756,PvljOrMQGNA,UCgnFSj7jQffD5V5m05j4dPw,development,5
30,7348,31759,cMVvC9lKrzo,UCnANUYmlChbeCOqyAE-Y80g,development,3
30,7349,31760,Q7QJm9_BOTE,UCU698FK0A1JkE2VADC4fQlA,development,5
30,7350,31761,4Tm7pJrLvdE,UC8lKgUHo-2mSR5cRRXO9xow,test_reserved,
30,7351,31764,PrR-dNrXInI,UCuJmg9Gw1uO-JGVLk9iACDw,development,2
30,7352,31766,YZBVTWRCfM0,UCrhfPfnrGA6aLHO6qxvM7_Q,development,2
30,7353,31778,vdNrAzx2sBk,UCLuP7ROjaueiuNbzrvPqXSQ,development,3
30,7354,31792,EvasNVkqX8Y,UCVXCitEEweQox0oyIsJONrQ,development,3
30,7355,31794,BNHNoe8PkzM,UCFYP9-HfFF-Pg7DibBsCAlQ,development,4
30,7356,31796,HGYRPpbFeH0,UCRDDfbYPHX_GUJ4lcQYTc8A,development,2
30,7357,31797,zzyK73T_m58,UCn0XmAUFv6d2tofMFEesSNw,development,5
30,7358,31800,h7VoFL_681s,UCRDDfbYPHX_GUJ4lcQYTc8A,development,2
30,7359,31805,5qWo2L8ziz0,UCMSkjQ3tGULsiJeTD6UspsQ,test_reserved,
30,7360,31806,ZPk-oah3YKM,UCA5xW2Ce7KT2AtxzDYDebCA,development,4
30,7361,31811,Fw9hAcpM_-E,UCn6YTM3fvYdwCOHpdNJBOeg,development,5
30,7362,31814,A7CXtzOXFJk,UCR6bwkq2RbGG12zWqD9YRvw,development,3
30,7363,31817,aGdGPfFFRPA,UCwIAJtNJEsDReDFDt7fevpA,development,5
30,7364,31818,TgP3OKS3eaM,UCf48pki8AqjBHuV80LcC7kA,test_reserved,
30,7365,31819,qk5bvUucjrY,UCW5J0vbGISAYVK_Oz6m2Dqw,test_reserved,
30,7366,31820,owX6opoGsho,UCckltLEhFLv8Xz_lQhYfwmg,development,1
30,7367,31822,IlEe9dpMNR0,UC1YGPDtctHGJWW0NrlQVklw,development,5
30,7368,31827,f-_hE0YebtI,UCEieBVk2twUCVeoDDTeXo9Q,development,2
30,7369,31829,e7wQzeUIeU0,UCRDDfbYPHX_GUJ4lcQYTc8A,development,2
30,7370,31830,gQyWx3Dc6Wo,UCJ_2uU4j7JtfmfsbL4dWVpw,development,4
30,7371,31842,RgVFdOzNvLc,UCn0XmAUFv6d2tofMFEesSNw,development,5
30,7372,31844,wIE8cfvjf_4,UCppSNX9SEvI6TM1U0GLGQyA,development,2
30,7373,31851,7n9PxX4RMoA,UCG0j1mTQov3RVBgLgh6wbKg,development,5
30,7374,31861,oRdr9FRc9Pc,UCOtYyt7W5PmPnwQjWWF_Z-Q,development,3
30,7375,31862,KmvNSBeya7Q,UCgnFSj7jQffD5V5m05j4dPw,development,5
30,7376,31864,CrH2cfoMNsw,UCXfgx23Lw81I4wsCNhdVBgw,development,4
30,7377,31865,LPmxRG7wyLw,UCbS_glb2N1NVTrDLVryRbng,development,4
30,7378,31866,Sm2lPWsZoKo,UCYk97F4sCu3hEWp6YEH-Dow,test_reserved,
30,7379,31874,ebVKeDh9udk,UCKuDeSAQOkDnBpiSa0gJN0A,development,3
30,7380,31878,lIZHl8dfREA,UCRDDfbYPHX_GUJ4lcQYTc8A,development,2
30,7381,31880,NfgkyZ5plJI,UC6aSX46078fvOY9bY9ZUTYw,development,4
30,7382,31886,objS93qW8Ig,UCth9R703obgHx665cpiNY9A,development,5
30,7383,31889,3oUwWoyJjtM,UCsU0TSt6Jm_yLlTkZS-FvUw,test_reserved,
30,7384,31895,ejKEG-z3o8A,UCCK3OZi788Ok44K97WAhLKQ,test_reserved,
30,7385,31897,3dmlEmrqnK0,UCckltLEhFLv8Xz_lQhYfwmg,development,1
30,7386,31899,4HYj9d1GqPw,UCmjo40eaWQS0jkW7UW24KSA,development,3
30,7387,31902,gxW7OCCWww4,UCzO0Ody4SmI_XFRrXW848eA,development,2
30,7388,31903,uIapuSbJ3vE,UCaESx7Bdghv_UICcG1hBkcg,development,2
30,7389,31907,_FWwz2NrQP0,UC2b5VAYjsOfepl9nAXgRmfQ,development,4
30,7390,31920,gyAKcEhO21w,UCoz7UhbfPFJyljIIV2saR7A,development,3
30,7391,31922,g5t12skGzCk,UC944GuW0gSM0srEsZSZRQEQ,development,1
30,7392,31923,xo1QCKiMXNo,UCuJmg9Gw1uO-JGVLk9iACDw,development,2
30,7393,31926,MRdGjUbz7fo,UCDqFysWGVtduHRyawK8oJkw,development,5
30,7394,31928,QFJgqYxOzfY,UCVqfoMNwM8SIpL6BMGTZbcA,development,5
30,7395,31932,MdF1DjsUOgQ,UCaCnmd0sVADrw8228hCBnlA,development,4
30,7396,31936,kJjhSX-BuD0,UCLkBa7dDSZyT5CkZFa0W7QQ,development,3
30,7397,31939,ryrJWLiPMwM,UCzdwVqqrY_z1DJkpLfdMHag,development,5
30,7398,31945,-JBSvSvCP1A,UCrxjz0zgsm9xxPnF0Boaubw,development,1
30,7399,31948,T9nBizHlHqY,UCzNxbzqN0to4GNb9otFuGJQ,development,1
30,7400,31950,FImpAckH2BM,UCbS_glb2N1NVTrDLVryRbng,development,4
30,7401,31955,jkHibBClvqM,UCXozlWD-wtlZeWkC5Cl-oGQ,development,1
30,7402,31956,kATsCFc5zds,UCckltLEhFLv8Xz_lQhYfwmg,development,1
30,7403,31958,tZW9be7PsJc,UCckltLEhFLv8Xz_lQhYfwmg,development,1
30,7404,31960,80EtmrJLFKM,UCaqKkC85KtIgXZK1edWABww,development,5
30,7405,31964,jvSF4ey0NGc,UCc30sTBdN9LRSxEuHaXV_bQ,test_reserved,
30,7406,31965,OzELRHWvxRg,UC8lKgUHo-2mSR5cRRXO9xow,test_reserved,
30,7407,31966,L8SZvjtYVIA,UCdB6k3Q_dkVJ77cV9tVWzcQ,development,2
30,7408,31967,_SWudCa6-Ms,UC_d3UQ1v8KP1JNFOBmV63xA,development,5
30,7409,31969,VkZfXFSF3Rg,UCRD6apgpGyWJY3F2fqpIYDg,development,4
30,7410,31971,T7iaXCaV1V4,UCOiMY00_ZLijPF6InrCl0TA,development,3
30,7411,31977,c9cws72KWfg,UCrLvbl-59ugBtbyBYyicZnw,development,4
30,7412,31983,WI56Fbwz4fs,UCA5xW2Ce7KT2AtxzDYDebCA,development,4
30,7413,31985,wcefjPOw7x0,UCvZ8sPFxYngz2JN3DG93fOw,development,4
30,7414,31988,KSiMCbV0gMY,UCCK3OZi788Ok44K97WAhLKQ,test_reserved,
30,7415,31990,aIaLEMu-VYA,UCbR7juPwtP-bV_w0840ciYQ,development,3
30,7416,31992,r145AWb4ptQ,UCXWZGzBJjw0VUPU3Em5gFlQ,development,4
30,7417,31993,b0VVaQlZF_0,UCcijXxFzSXgoM6q9cCtT9PA,development,2
30,7418,31995,oiivy81Ubl8,UCOtYyt7W5PmPnwQjWWF_Z-Q,development,3
30,7419,32016,ugijUIfnDmg,UCs_mHlm5_C82W5WCIJaSMbQ,test_reserved,
30,7420,32022,knsAYCOz4TA,UCJsP6VDsHsorL2IgKOTdiEA,development,2
30,7421,32028,z-aNDa2C-Do,UCXFiIVHYqQmgpmIi7KChMkQ,development,1
30,7422,32035,IYjtmUlJi44,UCgwh9BV2dh6VFO7MxL36iNw,test_reserved,
30,7423,32046,52DKfZpejVs,UCcijXxFzSXgoM6q9cCtT9PA,development,2
30,7424,32052,scdP6TrfEHU,UCzQ0nw7uz0dRcO5VKzDwmlQ,development,3
30,7425,32056,WX5bCHwIAPk,UCbS_glb2N1NVTrDLVryRbng,development,4
30,7426,32061,GE5ROxOG9yA,UCPXSUKHTNc1_hnHuj-UiQWQ,development,4
30,7427,32066,PkU9uyBNpQs,UC2hNsnLO5nL_YgnaZkKsbPA,development,3
30,7428,32068,Rs8SgkhI7tw,UCmrLu4r89ykOzmtmbAeEklA,development,5
30,7429,32076,HR1ibq_fzzk,UCCK3OZi788Ok44K97WAhLKQ,test_reserved,
30,7430,32080,bZ8Z-eOGKcw,UCQq_Qrz3HvOYtMm4gVIt7TA,development,4
30,7431,32081,ac22JAgK3PU,UCMxeqmVKOqiqh7V_A3h4gfA,development,2
30,7432,32089,QBKwojth0qE,UCVNgjnq_n7i_8GJOca0DIeQ,test_reserved,
30,7433,32096,ZbrtNKEMVuY,UCqrqt9Egbp4Voh3iEUUoorw,development,3
30,7434,32097,sSAM34NrtJA,UCPXSUKHTNc1_hnHuj-UiQWQ,development,4
30,7435,32099,Xpe7IJovshQ,UC6jQt9K_jqnBNtsRf7hXHsA,development,2
30,7436,32103,ZozfE6O9mhM,UCA5xW2Ce7KT2AtxzDYDebCA,development,4
30,7437,32106,KeUmaIhe3Gs,UC-4FUBrbjpCCoNGqHh6X5og,development,1
30,7438,32110,eCoLHn_bs00,UCzmdP_DcwfmSVBH3euO5Gyg,development,3
30,7439,32133,cVQGChJik00,UC0-UFP1d6OeVtl2VXYSquIA,development,1
30,7440,32140,t8fK-BQoRVY,UCckltLEhFLv8Xz_lQhYfwmg,development,1
30,7441,32142,1nCSeR212gM,UCOHyRrRuD2zGCkpuCAlyOyA,development,3
30,7442,32143,92fUhxV8LM4,UCCK3OZi788Ok44K97WAhLKQ,test_reserved,
30,7443,32146,T8mnKe-7q1o,UC5Q9lmEDB_pWZdzzLI07eVg,development,1
30,7444,32152,ebauibxbx-Q,UCXDs97xqSkkV9WSXMtYvCEw,test_reserved,
30,7445,32155,3Q7oiN6-QN8,UCvzcI-rnfZYB85JuKIeBh3Q,development,1
30,7446,32156,JVfdbGPXutA,UCaIc6SgS90ud_RgMSC6hW_w,test_reserved,
30,7447,32157,YjVrYQQi-3o,UCCK3OZi788Ok44K97WAhLKQ,test_reserved,
30,7448,32166,rX7zFYl6xMY,UCCK3OZi788Ok44K97WAhLKQ,test_reserved,
30,7449,32188,44-bKV7Ro9c,UCCK3OZi788Ok44K97WAhLKQ,test_reserved,
30,7450,32191,m48o5Jfzl7Y,UCRDDfbYPHX_GUJ4lcQYTc8A,development,2
30,7451,32193,Q5UDVCkaiOU,UCPXSUKHTNc1_hnHuj-UiQWQ,development,4
30,7452,32201,f4FQOgqTL98,UCtbtihatpVC4YkcNvP6v4Vg,development,3
30,7453,32205,7cuYWgAtNBU,UCckltLEhFLv8Xz_lQhYfwmg,development,1
30,7454,32208,usEaJZdoetk,UC6jQt9K_jqnBNtsRf7hXHsA,development,2
30,7455,32209,UQpXF9FxJSw,UCdC895de6-hx2Km7TFv2Dbw,development,1
30,7456,32213,WAB1FzQQpu8,UCoNaQS6wefjNVFkwvxrzAYw,test_reserved,
30,7457,32220,zJ0afEtedGA,UC8MegDkaJsqK63fwbOjBLzw,development,2
30,7458,32224,TVeYDECs3Zk,UCLj8c-AqbSmkSPLG44lT0lw,development,4
30,7459,32230,mUuQWETQvD8,UCQTcNhAZidy1i9wwmdgf2Lw,development,4
30,7460,32231,PSlhUkPdTMI,UCsbPUu0F_qqCmDFVjiRva1Q,development,5
30,7461,32235,WzRexo8VUO4,UCcijXxFzSXgoM6q9cCtT9PA,development,2
30,7462,32238,aolmgd7gldw,UCCK3OZi788Ok44K97WAhLKQ,test_reserved,
30,7463,32242,xLoOW1O-KOU,UCaESx7Bdghv_UICcG1hBkcg,development,2
30,7464,32245,e5vrYYZ4rTA,UCiSjgMdwgt_wYFGu2QpVtPg,development,1
30,7465,32247,qOXwAmRZt3M,UCJc1hbJPvG5f2v8iSPG-3CA,test_reserved,
30,7466,32254,76ZL2k9BcG8,UC0uMi8HNlftUWq4k7NHnjSQ,test_reserved,
30,7467,32256,A9cUAWV-q5M,UCsnCixtlCIMp7gH6X5uswZg,development,1
30,7468,32258,4TDB5yiCyJM,UCckltLEhFLv8Xz_lQhYfwmg,development,1
30,7469,32261,j0C5ggR8rxY,UCckltLEhFLv8Xz_lQhYfwmg,development,1
30,7470,32266,v7rAc4oo0p4,UCPXSUKHTNc1_hnHuj-UiQWQ,development,4
30,7471,32269,74j6c2renKw,UCRDDfbYPHX_GUJ4lcQYTc8A,development,2
30,7472,32270,PZOuiWufm7E,UCcg4tDKgPLIc_x3lhWdogLg,development,4
30,7473,32282,wlGZslZyPx4,UCAH7R88V7gz7RqJv78nNOzg,development,3
30,7474,32283,ZolcHuTu6rY,UCcijXxFzSXgoM6q9cCtT9PA,development,2
30,7475,32284,MHSazpkk1Lw,UC1CkcuwxCW_dIchuR0tTCJw,development,4
30,7476,32290,FrqEGSUGX6w,UCbQkcq_noi0mR9rK0-BVYpg,development,4
30,7477,32291,CCfwZS1BaIw,UCTnTpSsN7eemLLpDyqdBP_w,development,3
30,7478,32299,dxU1SmxDHWQ,UCnT7Z6-yqjhM__jZbK_B3kw,development,3
30,7479,32300,NzrcwtUSVi0,UCRDDfbYPHX_GUJ4lcQYTc8A,development,2
30,7480,32311,Mx7RGovHtIc,UCgnFSj7jQffD5V5m05j4dPw,development,5
30,7481,32312,wJjPmNtOF5E,UCRDDfbYPHX_GUJ4lcQYTc8A,development,2
30,7482,32313,FonqRmDzMpI,UCCK3OZi788Ok44K97WAhLKQ,test_reserved,
30,7483,32314,o51fh4LiW1Q,UC324VVhYKykBv01GecF4aYg,development,5
30,7484,32315,nmoZCUCo9C4,UC1YGPDtctHGJWW0NrlQVklw,development,5
30,7485,32319,2pUVDvtp-4U,UCXm0FsS7PXy0w5HeOkYMi7Q,test_reserved,
30,7486,32326,Vlc3gIfKVvE,UCwsNWoSlQUyeWgbVQYZtLOA,development,2
30,7487,32347,KPOIlDYGbY4,UCfuND8HywiC1G1T5s1t6ElA,test_reserved,
30,7488,32355,6W7VBZ3nt4g,UCYEmdesrRlDICr6v6LnX5Bg,development,2
30,7489,32358,dD40Jbc-Fyk,UC3_IkGkNydSlwIDuYmuMVZQ,development,5
30,7490,32359,zLQdKQ0z5nQ,UC2q8im1fqNqwN0xEtlGwi1Q,development,5
30,7491,32362,H7LQ_M7jgEE,UCdvzidU6j1UdUBhaEw-LLuQ,test_reserved,
30,7492,32363,DdcbsjgFFvs,UCckltLEhFLv8Xz_lQhYfwmg,development,1
30,7493,32364,AUmewv3nLYQ,UCDqFysWGVtduHRyawK8oJkw,development,5
30,7494,32366,B407n19HTqg,UC6jQt9K_jqnBNtsRf7hXHsA,development,2
30,7495,32368,bF6J_w6mjtI,UCoYoYVojg-QGFH7VyKMpB8w,development,2
30,7496,32371,K1hRah7_RLw,UCb9Qkzmz89cxREP9fhGgClA,test_reserved,
30,7497,32375,bmCW7VGiGEU,UCaESx7Bdghv_UICcG1hBkcg,development,2
30,7498,32376,x7BArJmis-E,UC2Amu02bFnMs-XglUunh44w,development,4
30,7499,32377,mYoloUqVZ2w,UCAH7R88V7gz7RqJv78nNOzg,development,3
30,7500,32378,RFyUR1TZNLM,UCAH7R88V7gz7RqJv78nNOzg,development,3
30,7501,32379,c-bQ9eo1mkQ,UCXm0FsS7PXy0w5HeOkYMi7Q,test_reserved,
30,7502,32381,Gnndxy0CQHs,UCgnFSj7jQffD5V5m05j4dPw,development,5
30,7503,32389,MsvfbNNw_AM,UCth9R703obgHx665cpiNY9A,development,5
30,7504,32391,Ouqm45XEieY,UCaESx7Bdghv_UICcG1hBkcg,development,2
30,7505,32392,eHpo3TZaWaA,UCNE9NOD2gYqalo9436sfW4Q,development,4
30,7506,32393,1KuUYG3-AZc,UCckltLEhFLv8Xz_lQhYfwmg,development,1
30,7507,32394,VD44imBRmwE,UCAH7R88V7gz7RqJv78nNOzg,development,3
30,7508,32395,cAoKhxtrlLY,UCbS_glb2N1NVTrDLVryRbng,development,4
30,7509,32398,MslxQLPLvdo,UCTi36zetYBtNR4MW2zSmPjQ,development,1
30,7510,32401,SXZrQYiving,UC22LfvKY_7Ibkt5I5wFqwfg,development,4
30,7511,32407,DnGbomst8js,UCcijXxFzSXgoM6q9cCtT9PA,development,2
30,7512,32414,Gc7FhLfBo6M,UCLuP7ROjaueiuNbzrvPqXSQ,development,3
30,7513,32416,iW5p63WKsss,UCCK3OZi788Ok44K97WAhLKQ,test_reserved,
30,7514,32424,xWs7oDUZjmw,UC9SgyReu4QufMUTFhZYYEMw,test_reserved,
30,7515,32425,1O4K5FiB72k,UCCK3OZi788Ok44K97WAhLKQ,test_reserved,
30,7516,32430,9VpIwMqCCRs,UCOiMY00_ZLijPF6InrCl0TA,development,3
30,7517,32437,nY2hmA4D8bE,UCubo6fKdM-y-sqsu1sprjIQ,development,5
30,7518,32441,63JRx-hcAo8,UCUz70SsT1TZzlwEqvSCpJRA,development,4
30,7519,32446,Aul61-9ixW4,UCdFAl3bZf7bi7A5HX7USKzg,development,5
30,7520,32451,CTHk1WNjYyU,UCqrqt9Egbp4Voh3iEUUoorw,development,3
30,7521,32452,hbQZdHGacm8,UCCK3OZi788Ok44K97WAhLKQ,test_reserved,
30,7522,32453,gw7qN-0IrQ4,UCckltLEhFLv8Xz_lQhYfwmg,development,1
30,7523,32461,nYlQwuO6JHg,UCcspHoBTj_aLhnJLwkMpWHQ,development,3
30,7524,32465,WSITrUwLX5k,UCCK3OZi788Ok44K97WAhLKQ,test_reserved,
30,7525,32470,J-PQtyRnLzA,UCsU0TSt6Jm_yLlTkZS-FvUw,test_reserved,
30,7526,32472,UATBVJvWXtg,UCcijXxFzSXgoM6q9cCtT9PA,development,2
30,7527,32475,dhfGshDtKwg,UCxQQ7T5UMck1aKxzBmyt4rw,development,5
30,7528,32477,IDcLdVOgIpQ,UCjP4NRjhPwXF9wljddHBFVQ,development,1
30,7529,32478,tFmfwbLOR8o,UCYu4WywARv9NAIuV-kF8Fmg,development,2
30,7530,32480,-4LxI8RYzik,UCvsksEXBnVKBj0QiQ6cnTdw,development,3
30,7531,32481,oL-37vIWgAc,UCAH7R88V7gz7RqJv78nNOzg,development,3
30,7532,32488,M1U0fpXGgFY,UCTQMG_ZbA8AY-GjkqCSazqQ,development,4
30,7533,32493,a2Znjz66uaU,UCCK3OZi788Ok44K97WAhLKQ,test_reserved,
30,7534,32504,-tXzP_h9Ux0,UCOtYyt7W5PmPnwQjWWF_Z-Q,development,3
30,7535,32505,MD46uoeAueY,UCBWG_GjopQPckewo1_IvhLQ,development,5
30,7536,32506,FbyKvip7yKM,UCckltLEhFLv8Xz_lQhYfwmg,development,1
30,7537,32507,Ry7PgGghQZw,UCckltLEhFLv8Xz_lQhYfwmg,development,1
30,7538,32509,sCvpH0otQMk,UCprmDoTgvTMCbo8CInSLBIA,test_reserved,
30,7539,32512,pf7d3a7ARJI,UCvsAilh3FFOTE-eMWE5AF8Q,test_reserved,
30,7540,32513,zEFz61b5xZ8,UCCK3OZi788Ok44K97WAhLKQ,test_reserved,
30,7541,32521,U9FWo8bwi2I,UCrWDxd_eJ3NM1Z-e1jDsjUA,development,1
30,7542,32522,B9tONDFSxP8,UCAqSq3iNGYSbw9mSFzVIANQ,development,4
30,7543,32526,OBqyDAjcZ48,UCaESx7Bdghv_UICcG1hBkcg,development,2
30,7544,32547,cL0kz7ayfl8,UCJ44oEtQ4TUPUbVS6hLI9Hw,development,5
30,7545,32551,Nxu_FhLhoI8,UCBQ_5txpN9srcPmkpJytDvw,development,3
30,7546,32552,QXqeAohGVDM,UCqXGW6IGN6fsLCDh4x6D1qw,development,5
30,7547,32553,Tr8Q_jY1gho,UC24uwZklOoFhbiQq-kp2HYg,test_reserved,
30,7548,32554,G6wZx0GhJnQ,UCAH7R88V7gz7RqJv78nNOzg,development,3
30,7549,32566,u_mT1qlna10,UCCK3OZi788Ok44K97WAhLKQ,test_reserved,
30,7550,32567,9DBv4bhAnG8,UCOtYyt7W5PmPnwQjWWF_Z-Q,development,3
30,7551,32572,jC8TQhEjkKg,UCPfU0uygBGutjaaJU5PpEvg,development,2
30,7552,32574,lkygmwCiA8U,UCcijXxFzSXgoM6q9cCtT9PA,development,2
30,7553,32585,gTL75qlTEZo,UCceS_252pdNUa5ztP_MW8rw,development,2
30,7554,32598,mj03htG_ixs,UCOtYyt7W5PmPnwQjWWF_Z-Q,development,3
30,7555,32604,TjpGZSrYmSU,UCy8ao-puUtb-1Y0L6xSItOQ,development,3
30,7556,32606,ilQAC_djK18,UCgnFSj7jQffD5V5m05j4dPw,development,5
30,7557,32607,hYc1RExgJsY,UCbR7juPwtP-bV_w0840ciYQ,development,3
30,7558,32608,PkZD94Ejmt4,UCYpuhzSdssW_GFUhl_od38w,development,4
30,7559,32610,ETQU5bcfWik,UCOHyRrRuD2zGCkpuCAlyOyA,development,3
30,7560,32611,36zYoxoHzC4,UC_Urg845xBIOarYXBx_Ko2w,development,1
30,7561,32620,tgnsMjb7EDw,UCcJpqRpi5w9OV11xtYgUSUQ,development,3
30,7562,32628,ykujEb8FeQs,UC4Pb9SEsCb1EpsXVYAVVajw,test_reserved,
30,7563,32642,R4vi1YV9h2E,UCx7lEnwLHxO9yPjOotGb-bA,development,2
30,7564,32643,P1LzCNyrSSE,UCzdwVqqrY_z1DJkpLfdMHag,development,5
30,7565,32644,_BiYGO2tkm4,UC9ydRoXpQVhwb3sM7VY8xNg,development,3
30,7566,32646,RMqklF0d4wY,UCPXSUKHTNc1_hnHuj-UiQWQ,development,4
30,7567,32648,8_bMqI92Y3A,UCCK3OZi788Ok44K97WAhLKQ,test_reserved,
30,7568,32652,TSKPMSqTd5A,UCfQfw--8dPGypR7sGcXJz0w,development,5
30,7569,32654,isq3BQBzllU,UCU698FK0A1JkE2VADC4fQlA,development,5
30,7570,32655,mCR9c6bVdnU,UCrVFS_0PdV7AwyTgR13IcVg,test_reserved,
30,7571,32678,BE0JVn1yI9M,UCB3pmaew5i2Sp9LJe03BU8g,development,4
30,7572,32679,p1XEz8W1iy4,UCYweMykEAI5aaRztqrJuuAg,development,2
30,7573,32681,2DXGU65WJkU,UCYweMykEAI5aaRztqrJuuAg,development,2
30,7574,32700,SNWQNX39pm0,UCCK3OZi788Ok44K97WAhLKQ,test_reserved,
30,7575,32703,ycnWXO9P33M,UCG4iJ9LgvBTfaTCqdtkmMIQ,development,3
30,7576,32705,mOH2r3BSsas,UCuJmg9Gw1uO-JGVLk9iACDw,development,2
30,7577,32716,OIc3mUntNCA,UCIopQZEYtf1flc9JaZpXVrg,development,1
30,7578,32727,qHEWUdCalz8,UCyaBLWehN3TJHneic-3IJBQ,development,4
30,7579,32737,3dhGNutHrFw,UCmwIKQQjwpjNT8OQ_VZuRfg,development,3
30,7580,32746,miFX91tPw5I,UC5HK5iZs2UB55Bum9BBbajg,development,2
30,7581,32750,ABscftKd1mA,UC-GRFwciK7JiP8T4tl0pftQ,test_reserved,
30,7582,32756,PWk0sfL_N8U,UCeNLiPRzADUf4nI3EHWa7aw,development,2
30,7583,32763,TYkbVtika08,UC33e0vM5W6gm82W5WuoGB9A,development,3
30,7584,32770,GXSw3chouDY,UCcijXxFzSXgoM6q9cCtT9PA,development,2
30,7585,32771,pSHxldpy29I,UCckltLEhFLv8Xz_lQhYfwmg,development,1
30,7586,32775,Z95Kq-zUiqE,UCckltLEhFLv8Xz_lQhYfwmg,development,1
30,7587,32784,oJ4UxIxab3A,UCuJmg9Gw1uO-JGVLk9iACDw,development,2
30,7588,32787,MnxQnEgDoeU,UCbj5TVwioQCK3qtYYEzD3kA,test_reserved,
30,7589,32789,tdKkfrH_qVY,UC6aSX46078fvOY9bY9ZUTYw,development,4
30,7590,32793,UCQG2SaYR9A,UCq3WWAoJj0DOQC3G7ri1cug,test_reserved,
30,7591,32799,08jZ6ZSwggo,UCLuP7ROjaueiuNbzrvPqXSQ,development,3
30,7592,32801,dUqHf0ayAk4,UCuJmg9Gw1uO-JGVLk9iACDw,development,2
30,7593,32804,yEbOzINJmqM,UCYga1ycTsoZn6Y_xlrdw0iA,development,4
30,7594,32812,8vrt6lA0lmE,UCZ-RBSr_ZD-jWWDgZmFyZyw,test_reserved,
30,7595,32813,SBswVx2K10E,UCCK3OZi788Ok44K97WAhLKQ,test_reserved,
30,7596,32824,acWWPD72pLE,UCoz7UhbfPFJyljIIV2saR7A,development,3
30,7597,32831,7FV6FMd1FGc,UCPdASwipemqGhpK-B-a12Ow,development,2
30,7598,32836,4VYZxxgaR_0,UCaESx7Bdghv_UICcG1hBkcg,development,2
30,7599,32840,ZNvGGTOLsqk,UCiOEgWwAKbfrVb795hqQc9A,development,2
30,7600,32841,hzj-vfQPUsQ,UC8rcDufKZ3W6CtZU69CtMXg,development,5
30,7601,32845,2o4SeqQMWj4,UCckltLEhFLv8Xz_lQhYfwmg,development,1
30,7602,32848,StFtR1oc1BM,UC7stSaiwtUtv_0SzZTxovnQ,development,5
30,7603,32852,4vQam2lT1-o,UCGUIJxToYLu79zr7YzpmZjg,development,5
30,7604,32854,6pPMYIHVJ0c,UCgnFSj7jQffD5V5m05j4dPw,development,5
30,7605,32861,GORuc9x_qdE,UCQTcNhAZidy1i9wwmdgf2Lw,development,4
30,7606,32862,18bCmYX82Go,UC58y6NhWQ_IkAUJdYqtmtQg,development,5
30,7607,32863,ycaaTfOGU8o,UCVvuH-YYM2O2MF6TDoHPvFA,development,5
30,7608,32866,8vkv0JO_bWI,UCAH7R88V7gz7RqJv78nNOzg,development,3
30,7609,32872,QCdHhHVN7V4,UCgnFSj7jQffD5V5m05j4dPw,development,5
30,7610,32877,3MGXTYN3_uA,UC-sHdOIu-eh_LFxQP018pmA,development,4
30,7611,32885,hLYWDJE8WcU,UCu3jIK2NBSXc0_YaFqEuIrg,development,2
30,7612,32894,K2SM22pj77s,UCRyHK0HPW8OQtTqtRLqCMlw,development,4
30,7613,32901,4Zk8qDYRvFU,UCCK3OZi788Ok44K97WAhLKQ,test_reserved,
30,7614,32902,fpkN7oqjaaQ,UCJojbxGV0sfU1QPWhRxx4-A,development,1
30,7615,32905,u_deaqeGtUg,UCcwCsuV7bOpTfqf2UvLfYmg,development,2
30,7616,32906,mQPnlvCD0oA,UCXm0FsS7PXy0w5HeOkYMi7Q,test_reserved,
30,7617,32912,9eeurEnaWrc,UCdl01jabKqzbe0XoZmn1y9A,development,3
30,7618,32916,4xeuxZkKCPw,UCbS_glb2N1NVTrDLVryRbng,development,4
30,7619,32921,pSz8nhosM88,UCIoyIVPZEfC2p0dQwAxGiEw,test_reserved,
30,7620,32926,W7s1k1SbT7M,UC0MnP2Iso6enxaJTBZ3_nJw,development,4
30,7621,32927,zAgUDUrGbn8,UCcijXxFzSXgoM6q9cCtT9PA,development,2
30,7622,32928,R5HYNNhD8WA,UCbS_glb2N1NVTrDLVryRbng,development,4
30,7623,32929,5YT0rSeHzr0,UCXLyL2Fg5DZouTYsYtRT0WQ,development,2
30,7624,32930,qNFhNoVeTc8,UCjX5zm1l8VZfEzAVMHKJSAg,test_reserved,
30,7625,32939,dl2iVGmwKoA,UCQTcNhAZidy1i9wwmdgf2Lw,development,4
30,7626,32944,UHtQuJUOQ-Q,UCwsNWoSlQUyeWgbVQYZtLOA,development,2
30,7627,32945,X0gXFJXC46A,UCMcaGpzjo0D-d6oSvcg8PtA,development,4
30,7628,32946,Ig5FNxVUbMs,UCMxeqmVKOqiqh7V_A3h4gfA,development,2
30,7629,32956,9kR2MsVbdho,UCcijXxFzSXgoM6q9cCtT9PA,development,2
30,7630,32958,x6Gx1WvlWRo,UC8rcDufKZ3W6CtZU69CtMXg,development,5
30,7631,32960,LoeZPkXoFYo,UCoz7UhbfPFJyljIIV2saR7A,development,3
30,7632,32964,eO6rDVIf_xw,UC1YGPDtctHGJWW0NrlQVklw,development,5
30,7633,32972,6v3-gRaMZLs,UCAH7R88V7gz7RqJv78nNOzg,development,3
30,7634,32973,Hl_UjeeW_e0,UCrVFS_0PdV7AwyTgR13IcVg,test_reserved,
30,7635,32978,-YIwVek0mi8,UCckltLEhFLv8Xz_lQhYfwmg,development,1
30,7636,32979,7ze7wMviiR8,UCPXSUKHTNc1_hnHuj-UiQWQ,development,4
30,7637,32985,m4FVYrfyP6c,UCsAPX_-Yu9O_3dJu0aUj_BA,development,4
30,7638,32986,RwfCctc-nsc,UCAH7R88V7gz7RqJv78nNOzg,development,3
30,7639,32987,vnOmFZv19x4,UCcijXxFzSXgoM6q9cCtT9PA,development,2
30,7640,32989,Rx1tRQEJgas,UC5BT1yMZC1MtgngCRMRZoLg,development,1
30,7641,32993,A3zR6DO_VKU,UCDAkUKRB1pkb-s3Gqv7FZ7A,development,2
30,7642,32999,U5Klv5LUWf8,UCc30sTBdN9LRSxEuHaXV_bQ,test_reserved,
30,7643,33000,uvVDvTkIeA0,UCCK3OZi788Ok44K97WAhLKQ,test_reserved,
30,7644,33001,QLKjcKAVhHg,UCcijXxFzSXgoM6q9cCtT9PA,development,2
30,7645,33005,_xRNGkIakPk,UCprmDoTgvTMCbo8CInSLBIA,test_reserved,
30,7646,33006,6Pz4qljn5X8,UC7jNYrQQr_GnMWLe6bGRi2A,test_reserved,
30,7647,33014,_b8iUcCU-6w,UC1YGPDtctHGJWW0NrlQVklw,development,5
30,7648,33017,NzFRfLRsiaA,UCOtYyt7W5PmPnwQjWWF_Z-Q,development,3
30,7649,33021,Tt2ih0VOvug,UC20RzbPn2zOX8-g15ld7nFw,development,4
30,7650,33022,uYWWwHexCGo,UCqK3dBCdroLoJixIyuog5Ag,development,3
30,7651,33027,OfM3FObmNNM,UCckltLEhFLv8Xz_lQhYfwmg,development,1
30,7652,33028,DRDI74PrQzw,UCOtYyt7W5PmPnwQjWWF_Z-Q,development,3
30,7653,33030,nk0eYDZHmp0,UCOtYyt7W5PmPnwQjWWF_Z-Q,development,3
30,7654,33034,R4pWXrdlG_4,UC1dfhQyj962rwYPVLi3OHLg,development,3
30,7655,33036,_z1G80TQvaI,UC3tvYy-s84yySG7V85jRDnA,development,4
30,7656,33045,M-YZSOMPOBo,UC265AWt6bbPKJcmpQwhif2A,development,3
30,7657,33050,LIsstioZf64,UCC-QxtkZPfDCczEeT3SEsYA,test_reserved,
30,7658,33056,AtYK7f7BTnA,UCckltLEhFLv8Xz_lQhYfwmg,development,1
30,7659,33062,5UHtNtChr1g,UCQkPhQ-6NhA1v7Tpsp6EnKQ,development,1
30,7660,33068,P_dz4Txg9mE,UCcijXxFzSXgoM6q9cCtT9PA,development,2
30,7661,33083,j51gt9jSIzA,UCDrTN5A0V-Fzu1Jn7qnxA6A,development,4
30,7662,33086,ud_l4GxsCmM,UCdgWTRipbTuQsIiiPb6fB-A,development,5
30,7663,33089,BnUm1XmjwoU,UCk9rCWBVk23wsL3e0QTPrdQ,development,2
30,7664,33091,kOkSuY61Pm0,UCcwCsuV7bOpTfqf2UvLfYmg,development,2
30,7665,33096,bAdOHVYG7_0,UCLA8Ovy_NPAwMWvr8IEDquw,development,4
30,7666,33100,VFEvhDdNqCo,UC12Ujt77-UFGXPAalKwuXDg,development,2
30,7667,33103,d6fSwTJ5tHY,UCCK3OZi788Ok44K97WAhLKQ,test_reserved,
30,7668,33105,h4KrQBhnfDQ,UC8ZmvQOUKiu6SmICTXzjFnA,development,5
30,7669,33112,WT7CUa2FNyA,UCf2Iar2LDcFaSCnVH1ZMUkA,development,4
30,7670,33116,9MKph0xJI4Y,UCckltLEhFLv8Xz_lQhYfwmg,development,1
30,7671,33128,PFl2P573oGo,UCbS_glb2N1NVTrDLVryRbng,development,4
30,7672,33138,Cw3wCB8QJN0,UC0uW127NmbWG0g-BnTltSHw,development,1
30,7673,33141,t297wNTSW5w,UCc30sTBdN9LRSxEuHaXV_bQ,test_reserved,
30,7674,33149,sfTwZ-R-8oM,UCEItJuaZGCe0BlGzRKruP0A,development,5
30,7675,33160,VBnb7sUnp44,UCckltLEhFLv8Xz_lQhYfwmg,development,1
30,7676,33175,u2wKXqam0Vk,UC3bDumjXNsq2ixYkUT7wT_g,development,3
30,7677,33176,3Qt7hD0G3CY,UC12Go-EQ4E8Rjcj3nzVlzIA,test_reserved,
30,7678,33178,K7Q05UKuUco,UC1YGPDtctHGJWW0NrlQVklw,development,5
30,7679,33179,iok1jimIqAo,UC6ziF4GiQwcEIY1PFqk9iVg,development,4
30,7680,33180,m2uW3qJH8fA,UCG0j1mTQov3RVBgLgh6wbKg,development,5
30,7681,33181,CEvUOR7a13M,UC1ixNJgWmSq34rDBnh78CTQ,test_reserved,
30,7682,33192,kxOf4IKhPnU,UCyrW9aDENkU6G6URdVFwB9g,development,1
30,7683,33206,6BNQocizWUg,UCawsQqwtxMc9j3uCPC_J3-g,development,3
30,7684,33207,tPHPdQdbFIs,UCdl01jabKqzbe0XoZmn1y9A,development,3
30,7685,33208,vojz7NLCx3Q,UCrVFS_0PdV7AwyTgR13IcVg,test_reserved,
30,7686,33210,I4eVXAz3Vzk,UCgnFSj7jQffD5V5m05j4dPw,development,5
30,7687,33215,0jdRXKY60YE,UC6jQt9K_jqnBNtsRf7hXHsA,development,2
30,7688,33218,ObRi5UE1Rtw,UC0tV1b7IFEXFUUILF7mAcWw,development,5
30,7689,33229,FaUpBE1GaHM,UCT83ymyAGm7Gnk_4ifxjxIA,development,4
30,7690,33234,s7M7yWFipfw,UCckltLEhFLv8Xz_lQhYfwmg,development,1
30,7691,33237,plQnCDG3QKU,UCckltLEhFLv8Xz_lQhYfwmg,development,1
30,7692,33245,_RRB5EKa1YU,UCMkW7S3IszN1L9u1bLw23rQ,development,5
30,7693,33247,vBf80A3xT8U,UCe13xXtdfx_n0_z1qeXV6_g,test_reserved,
30,7694,33253,GS9-xwSDnnY,UCnT7Z6-yqjhM__jZbK_B3kw,development,3
30,7695,33258,aIU6BTSdeu4,UCcijXxFzSXgoM6q9cCtT9PA,development,2
30,7696,33281,xjhaofbh1M4,UC265AWt6bbPKJcmpQwhif2A,development,3
30,7697,33287,kRrW6t8PnNM,UC_nTuqFK2NuOeVU2YQ7Z6Xg,development,2
30,7698,33290,5e9H4E4tAHk,UCckltLEhFLv8Xz_lQhYfwmg,development,1
30,7699,33292,WCOEhl17HU0,UCvfwXFsI8J-iRMpG1SE8lgw,test_reserved,
30,7700,33297,TouXAgeVx4U,UCDAkUKRB1pkb-s3Gqv7FZ7A,development,2
30,7701,33303,xmkiN97mB5A,UCckltLEhFLv8Xz_lQhYfwmg,development,1
30,7702,33309,jGT4IYWQPcc,UCRDDfbYPHX_GUJ4lcQYTc8A,development,2
30,7703,33315,uskPE1LXIZs,UC1YGPDtctHGJWW0NrlQVklw,development,5
30,7704,33316,bs-n-ZutIf8,UCckltLEhFLv8Xz_lQhYfwmg,development,1
30,7705,33318,hY4XpQOOJ7c,UC6jQt9K_jqnBNtsRf7hXHsA,development,2
30,7706,33325,is1XDvjIwjU,UClcIQJ6q-HsROoyWms8B8tg,development,1
30,7707,33331,PHQueVcIlu0,UCm8I2aLYgPm_gdzw4SSkiGg,development,2
30,7708,33332,mOpEULBDPxo,UCjb7az4gRN12iu0MTUtqJ5Q,development,2
30,7709,33337,xBS0zj9eQcw,UCekE9QVW1Snd0jMRLrtk7PQ,development,1
30,7710,33340,ky9nckWuQx8,UC9SnUR9ewkPk9h45L0uY6SQ,test_reserved,
30,7711,33342,IRVqPuh7E08,UCckltLEhFLv8Xz_lQhYfwmg,development,1
30,7712,33343,Iml2ZphGKu0,UCbS_glb2N1NVTrDLVryRbng,development,4
30,7713,33350,0DbpJXdTFoc,UCctwRj5yOB7cFYPc8z_rZSw,development,5
30,7714,33352,LjeqUV6TSHM,UCf2Iar2LDcFaSCnVH1ZMUkA,development,4
30,7715,33353,4lHwkjBuh4Y,UCtHPrqawRzI9ifxLSqy4qsQ,development,2
30,7716,33357,EjvT75pWFl4,UCRB8mrLCcwTPlJOMUy9MDUg,development,2
30,7717,33361,QNHGH3tUBt4,UCbS_glb2N1NVTrDLVryRbng,development,4
30,7718,33364,ZdMqmTJcPfY,UCiAYv_QAosB-49bJbu3NM3A,test_reserved,
30,7719,33366,4tETnXjVxtg,UCPXSUKHTNc1_hnHuj-UiQWQ,development,4
30,7720,33367,tzDn0UXqMxA,UCCK3OZi788Ok44K97WAhLKQ,test_reserved,
30,7721,33376,hhf4GngSN2I,UCfctDMDRq0cS1N8ddyvLfAg,development,4
30,7722,33378,pK6FSmjTos0,UCXfgx23Lw81I4wsCNhdVBgw,development,4
30,7723,33382,vd0LrI5vaC8,UCamSAN6IFdxTRTbfSSrkiDw,development,4
30,7724,33386,3ktET6ixQXA,UCvjZ9vJOPpr9vOAi2UNe3kg,development,2
30,7725,33389,_2DOLausohg,UCAGQUfHzdsgxJ1pq2XDS2TQ,test_reserved,
30,7726,33393,0gZCnq1nMBc,UCmGMChEd9jBucufrWcpk3Ew,development,3
30,7727,33399,tZcyZRwGxyk,UCnANUYmlChbeCOqyAE-Y80g,development,3
30,7728,33402,QBBovhUhSuA,UCBR9iW2qo_7LP9_9u3A2ZeQ,development,5
30,7729,33404,JLmzzzqXFzE,UCEUSUxrhCt4n0Pp9WB7q7-w,development,5
30,7730,33405,iaKrKw2CIos,UCMkW7S3IszN1L9u1bLw23rQ,development,5
30,7731,33406,23vP0-WXzk4,UCrWDxd_eJ3NM1Z-e1jDsjUA,development,1
30,7732,33408,mhm2sQ7kwuA,UCCK3OZi788Ok44K97WAhLKQ,test_reserved,
30,7733,33414,tC7ntdkIuq4,UCQTcNhAZidy1i9wwmdgf2Lw,development,4
30,7734,33415,ivEI455PSTI,UCm_cUbvQZt8A02HMU6vyguA,development,4
30,7735,33418,vcgPwzFPm_A,UC0tV1b7IFEXFUUILF7mAcWw,development,5
30,7736,33422,6cFmFiry6Y8,UC69csWmeK-LePWo8JJ9BoqQ,development,3
30,7737,33424,dD_Zl40mkwI,UCNnL7JQhtBvNZWn9Cg13i2Q,development,1
30,7738,33427,4DhZJgGu2LA,UCckltLEhFLv8Xz_lQhYfwmg,development,1
30,7739,33431,Us6LqdCu4Go,UCmTrMV3RUj_n8dO0Ff-wHOQ,development,3
30,7740,33439,nwJhs2MszRA,UCCK3OZi788Ok44K97WAhLKQ,test_reserved,
30,7741,33448,1zDen9L9peA,UCckltLEhFLv8Xz_lQhYfwmg,development,1
30,7742,33454,yqBqqQxlscQ,UCgooj1ufFuOk6GD2jq8CbdQ,development,2
30,7743,33458,caEf1wUGGCY,UC1YGPDtctHGJWW0NrlQVklw,development,5
30,7744,33471,vElw2V12YG4,UCoYoYVojg-QGFH7VyKMpB8w,development,2
30,7745,33482,DvMGeqtWg1U,UCu7cGbQEMgGk8TD0ZYucM5g,test_reserved,
30,7746,33483,ms2stuf8uis,UCGG2hIW0ZqagoM7__Gh2emw,development,1
30,7747,33485,1RMBoMbyEm8,UCJyfms5sTp2i-6th7T3AC4w,test_reserved,
30,7748,33487,ETcGePP13mY,UCzJkU-8sbFCBuuVwR3cLy5w,development,5
30,7749,33489,ci-eJHWHs5A,UCckltLEhFLv8Xz_lQhYfwmg,development,1
30,7750,33493,9gsKIswAZ08,UC0nMJ3QNryBHZpy1P3Wamwg,test_reserved,
30,7751,33494,RzyrEMjz-qI,UCkagcQYGoYFuXsUg-ObSL6A,development,5
30,7752,33497,-M5uAMgmt_E,UC6jQt9K_jqnBNtsRf7hXHsA,development,2
30,7753,33505,lP5Ee9jPDEQ,UCJdECtKPBRctVQG_5ZH4QhQ,development,4
30,7754,33506,6hob3lKqaJM,UCqrqt9Egbp4Voh3iEUUoorw,development,3
30,7755,33509,0-ifeKWNXJE,UCcrsFwwoMvcXYpJ0XldIlVQ,development,5
30,7756,33514,z4o-UqCLgmY,UCcspHoBTj_aLhnJLwkMpWHQ,development,3
30,7757,33517,NoewGj8jf5Q,UCoNaQS6wefjNVFkwvxrzAYw,test_reserved,
30,7758,33518,ks_2xZbda3E,UCKvIAFnwVFiuITk3cl7UTxA,development,5
30,7759,33520,etEAMhzjwwE,UCRDDfbYPHX_GUJ4lcQYTc8A,development,2
30,7760,33526,DU2lS-NBO84,UCgnFSj7jQffD5V5m05j4dPw,development,5
30,7761,33529,6JMIiQLHg0w,UCckltLEhFLv8Xz_lQhYfwmg,development,1
30,7762,33533,H_2x9b_XqqE,UCFQ8ZKx2ZgNWyYG7xFGRfoQ,development,3
30,7763,33535,9CqP7LU7aoA,UCFNhBN3enTlGFtr-apfIaDw,test_reserved,
30,7764,33537,Bx7gKBcGiMU,UCix7C1KG_SPtiMXommMExNg,test_reserved,
30,7765,33538,ETQ1EFB_JVI,UC1YGPDtctHGJWW0NrlQVklw,development,5
30,7766,33543,og_4KCD1VSM,UCbS_glb2N1NVTrDLVryRbng,development,4
30,7767,33547,lt0_yHjuSv0,UCQo8ufIJEkgyytpqVWRJ_dw,development,4
30,7768,33559,jlu7W9b9-UY,UCV-q7cRK5yFYEFzWuoQOmQQ,development,4
30,7769,33561,D1Zn4V7Ieb0,UCD2X28mF5ZqSA2gncomAtAA,development,2
30,7770,33566,IPxEdk1x-r0,UCCK3OZi788Ok44K97WAhLKQ,test_reserved,
30,7771,33570,AgR1fcLguuo,UCPfU0uygBGutjaaJU5PpEvg,development,2
30,7772,33571,7bbLeURohFU,UCRDDfbYPHX_GUJ4lcQYTc8A,development,2
30,7773,33577,gXxeRsHwEpU,UCVd1jcy6wKFzfQ5E-Txtg-w,development,2
30,7774,33579,yGggPmHR-HI,UC1YGPDtctHGJWW0NrlQVklw,development,5
30,7775,33581,8TXcvTqWIoc,UCm3mXl7hQbHVMxhKaOeEhYA,development,4
30,7776,33585,ZTFXtWAuIO4,UCOtYyt7W5PmPnwQjWWF_Z-Q,development,3
30,7777,33589,nofqAg_kjZE,UCuK-W8b-YHBZY043p-Mxn8A,development,5
30,7778,33591,xDU-XpCPWsw,UCckltLEhFLv8Xz_lQhYfwmg,development,1
30,7779,33592,ecPMYNS74z4,UCjyASLgz5_yLQtK0fNCNNmg,development,5
30,7780,33597,NFkRHM9EUgQ,UCqrqt9Egbp4Voh3iEUUoorw,development,3
30,7781,33599,7bMepD-RzXs,UCxEUUXpOFlVyBC9sf73Isow,development,1
30,7782,33604,6P2oGlkSrys,UCCK3OZi788Ok44K97WAhLKQ,test_reserved,
30,7783,33610,QYuSKxoGTPw,UCckltLEhFLv8Xz_lQhYfwmg,development,1
30,7784,33613,ASLxrnfrWMI,UCckltLEhFLv8Xz_lQhYfwmg,development,1
30,7785,33616,j9h-3rjzi_s,UCtmb-Ini3eUbS1nMktyDgTQ,test_reserved,
30,7786,33630,pxLElaiE7to,UCOtYyt7W5PmPnwQjWWF_Z-Q,development,3
30,7787,33631,PGKDishzlzk,UCCbm1E52PV05ZLv6dtRB92Q,development,5
30,7788,33643,2pR5IiiqMQI,UCJc1hbJPvG5f2v8iSPG-3CA,test_reserved,
30,7789,33645,4q8UQyGTwC4,UCVXCitEEweQox0oyIsJONrQ,development,3
30,7790,33648,MsFxR3uvzSg,UC6yh7ac2hUGUbrZl_IXwoug,development,5
30,7791,33653,E7lkvdH4hXY,UCV_4W6LL-Iwh0UaT_B6exQg,development,5
30,7792,33662,qH6LCyDde5g,UCqDbs3rlemiBZmhkh9gXXHg,test_reserved,
30,7793,33671,jNT7HTzDDrk,UC1hcl0aIr9KtXA-Kiq9itqw,development,3
30,7794,33674,2Lon6fJg_Xk,UCuJmg9Gw1uO-JGVLk9iACDw,development,2
30,7795,33677,rJjktnHVvpU,UC1hcl0aIr9KtXA-Kiq9itqw,development,3
30,7796,33678,oH1-_6DEBf0,UCjKSK3d5r0O78WGnMouSvDw,development,5
30,7797,33679,c1dtWOY6_68,UCV-q7cRK5yFYEFzWuoQOmQQ,development,4
30,7798,33680,lsFCtiOhG_o,UCtwlss6rr66DbEurYOJgu4w,development,3
30,7799,33685,cduUfLiVp84,UCcijXxFzSXgoM6q9cCtT9PA,development,2
30,7800,33686,04fcyfzPuMc,UCekdpdajQ1JyGxUbmsN7nNA,development,3
30,7801,33687,L-ThIb7HdV4,UCbR7juPwtP-bV_w0840ciYQ,development,3
30,7802,33690,RPDGf8Oa7a8,UChtQ7TCSKmvCIqonz1eto1w,development,3
30,7803,33693,qWBfYR1rUSM,UCrxjz0zgsm9xxPnF0Boaubw,development,1
30,7804,33696,Pydn1mnV9vo,UCpErRATj-Z4ux1lAtBhdfbg,development,4
30,7805,33697,Lnsqga9jInw,UCOtYyt7W5PmPnwQjWWF_Z-Q,development,3
30,7806,33698,Zu_Vz-Aqsyw,UCfRW1ia4zPMtsbM7XiUrPQg,test_reserved,
30,7807,33699,msPVtYIT2cU,UC6jQt9K_jqnBNtsRf7hXHsA,development,2
30,7808,33714,tQqgseGzhX8,UC944GuW0gSM0srEsZSZRQEQ,development,1
30,7809,33715,f_s0IT_0sNk,UCbS_glb2N1NVTrDLVryRbng,development,4
30,7810,33721,bi_RGsTsKFQ,UCOtYyt7W5PmPnwQjWWF_Z-Q,development,3
30,7811,33725,WOSUUQHf9uw,UCbS_glb2N1NVTrDLVryRbng,development,4
30,7812,33736,c1kZ7Ydzwh4,UCbS_glb2N1NVTrDLVryRbng,development,4
30,7813,33737,g3hFcOPxqfQ,UCCK3OZi788Ok44K97WAhLKQ,test_reserved,
30,7814,33739,oZu7WxwyvjQ,UCckltLEhFLv8Xz_lQhYfwmg,development,1
30,7815,33740,gh_A_kjlUcA,UCNbM4dl9kN5KDpmDdAW6zOg,development,3
30,7816,33742,6E62O0nwzeQ,UCAgBGlUKoAQFXMUzshrWDgg,development,1
30,7817,33745,U_npi5jszoo,UCYFEWdq-XSGk-8RZGpJ3nbA,development,2
30,7818,33748,IycSux3LsQ4,UCu7cGbQEMgGk8TD0ZYucM5g,test_reserved,
30,7819,33750,3toT8bugI6w,UCFGhJsc1ddSN8819LsMa90w,development,3
30,7820,33752,gaLIU4C6y2k,UCckltLEhFLv8Xz_lQhYfwmg,development,1
30,7821,33754,LRwa9GwZNXE,UCAH7R88V7gz7RqJv78nNOzg,development,3
30,7822,33756,O2rXDo63tx0,UCOtYyt7W5PmPnwQjWWF_Z-Q,development,3
30,7823,33767,v-P-HAh3pK8,UC2q8im1fqNqwN0xEtlGwi1Q,development,5
30,7824,33768,KeDFB9g2Z8k,UCVOZ_y2K3fnUOmuMtnxLk1Q,development,5
30,7825,33769,Lh2zxjmD8i0,UCEieBVk2twUCVeoDDTeXo9Q,development,2
30,7826,33771,xhdusVfPD_g,UCckltLEhFLv8Xz_lQhYfwmg,development,1
30,7827,33773,NTI9hnqkbCc,UCXFiIVHYqQmgpmIi7KChMkQ,development,1
30,7828,33775,VpZw2gtDO28,UCRDDfbYPHX_GUJ4lcQYTc8A,development,2
30,7829,33782,j4_aaVCJinU,UCZFZrF8lZizsW3io-ONv_Ig,development,5
30,7830,33783,y7szw1vzbis,UClSIhhnuyF8fXtBTpOOTknA,development,2
30,7831,33787,ArsaaFRVXcA,UCc30sTBdN9LRSxEuHaXV_bQ,test_reserved,
30,7832,33788,nLr6yngywX0,UCQxYcvX5hnGJvuTFzKng-Vg,development,2
30,7833,33793,oh8dzVHTUQo,UCckltLEhFLv8Xz_lQhYfwmg,development,1
30,7834,33798,0QXNsKjBhNo,UCCQ3mUIQTv2Snhw5Os0Yo5Q,development,3
30,7835,33802,CNrso8qYtX8,UCS_wit98t2r1creRBOR78aQ,development,3
30,7836,33805,eeELCGcCn7s,UCnkon33rksDXo3qChhTs5Vw,development,5
30,7837,33809,AOFqzNyapOM,UCCK3OZi788Ok44K97WAhLKQ,test_reserved,
30,7838,33814,OQs1r4H0m6s,UC324VVhYKykBv01GecF4aYg,development,5
30,7839,33817,GQfm0_mt4nQ,UCJc1hbJPvG5f2v8iSPG-3CA,test_reserved,
30,7840,33822,DA8ZDEwkPJw,UCypYfMZbKIxBlXqngCuvi0A,development,5
30,7841,33828,1Eu757xwC6E,UCBf296-OhUNfaDbtcYQ4RQQ,development,5
30,7842,33831,Xapme7ff1t8,UCgnFSj7jQffD5V5m05j4dPw,development,5
30,7843,33833,7Mf3xfRdJO8,UClCjoJ0fs2RqaRTjukU1jQA,development,2
30,7844,33839,ONg38Z5tmqc,UCLR467wlkHhrQjVq-0bdKng,development,4
30,7845,33853,Z4TFvZQkk-s,UCckltLEhFLv8Xz_lQhYfwmg,development,1
30,7846,33874,LPGJjCn4a1E,UCCK3OZi788Ok44K97WAhLKQ,test_reserved,
30,7847,33879,0Mqrjvic6X0,UCZNreSxdvd50nzMz5zkXg4w,development,5
30,7848,33887,puNT0bBTc2M,UCGEeNPF0Cte1o-hjs6KLI2w,development,3
30,7849,33923,fWvt2IyVP8I,UC0tV1b7IFEXFUUILF7mAcWw,development,5
30,7850,33926,dwcuUfd97ok,UCceS_252pdNUa5ztP_MW8rw,development,2
30,7851,33929,ws5IFU4BU4c,UCF11-Puqxb0jdeWNc7F_Fcw,development,2
30,7852,33932,tSyIcJuYPEs,UCckltLEhFLv8Xz_lQhYfwmg,development,1
30,7853,33944,yn45Zf3cagg,UCbS_glb2N1NVTrDLVryRbng,development,4
30,7854,33948,z8giBgL7GF4,UCQTcNhAZidy1i9wwmdgf2Lw,development,4
30,7855,33951,iUsOXB2T9Es,UCV1NPkc2O0YZBtx_rhDkicw,development,1
30,7856,33956,VyQEdLGf_6E,UCQTcNhAZidy1i9wwmdgf2Lw,development,4
30,7857,33959,99JcTZN_ojU,UCr5BVR_ePEz_9V-KF5rSEmQ,test_reserved,
30,7858,33961,PLmVFKi1PC0,UCuJmg9Gw1uO-JGVLk9iACDw,development,2
30,7859,33965,CE83rEaQ2VI,UC4hd4Gkr9VXuyMUvWNn1lEw,development,5
30,7860,33968,m0qZHEBKgr4,UCh9qXeL8eP3Txra2908xksg,development,3
30,7861,33972,5XpVjtwg8OE,UCckltLEhFLv8Xz_lQhYfwmg,development,1
30,7862,33977,J-gGOi-bosk,UC1YGPDtctHGJWW0NrlQVklw,development,5
30,7863,33984,d-RGTuicV0U,UCKIAuvwMPOv0uVrGdGS2V7w,test_reserved,
30,7864,33985,g8LO1OZuZnQ,UCzeBunsQThQMJuN7ldtbeRA,development,3
30,7865,33989,yoGiUdxPpqI,UCckltLEhFLv8Xz_lQhYfwmg,development,1
30,7866,33993,iFAJcPjidT0,UCckltLEhFLv8Xz_lQhYfwmg,development,1
30,7867,33995,z1gr-E2x2UU,UCPMMAykrwlnQILzI2tsAU8A,development,4
30,7868,33997,nj_O1YQTQgw,UCZ8OO-3lypeUeAHeGSHwDUQ,development,3
30,7869,33998,k9CrOBYWlYg,UCBf296-OhUNfaDbtcYQ4RQQ,development,5
30,7870,33999,u5yAhV9hvuM,UC0nMJ3QNryBHZpy1P3Wamwg,test_reserved,
30,7871,34002,8tEHDq6-29Q,UCckltLEhFLv8Xz_lQhYfwmg,development,1
30,7872,34004,J0y2li9r43c,UCckltLEhFLv8Xz_lQhYfwmg,development,1
30,7873,34012,hVyDQIlumYA,UCckltLEhFLv8Xz_lQhYfwmg,development,1
30,7874,34013,Cp6dAWkAu_k,UCG0j1mTQov3RVBgLgh6wbKg,development,5
30,7875,34026,GfzMSFkuUc8,UCLwwxYXhMc1fCIAnaO8nYrQ,test_reserved,
30,7876,34028,_YVIP49AXwM,UCldiq7Z0JJVSkGXVgfV2qtg,development,2
30,7877,34031,DVcFStbAXuw,UCOtYyt7W5PmPnwQjWWF_Z-Q,development,3
30,7878,34032,cOWTObvvqhA,UCfG1KjPgXr137xDf4RJMtCg,test_reserved,
30,7879,34035,4qtg8IaJ6Mw,UCcijXxFzSXgoM6q9cCtT9PA,development,2
30,7880,34041,BjsTqeiDh4Y,UCckltLEhFLv8Xz_lQhYfwmg,development,1
30,7881,34047,WF23uOYsqx8,UCCWvpE69tjbUsHIab_cDukw,development,1
30,7882,34055,wNfxDbmhE_s,UChoqXWCFqL2vw60A_GraIQw,development,1
30,7883,34064,TMdkXSPqNS8,UCPXSUKHTNc1_hnHuj-UiQWQ,development,4
30,7884,34068,B4nUKn3H4Wc,UCiPqzkmX93ta8vFwMVS81oQ,development,3
30,7885,34075,_EW1ZDlRfFs,UCqrqt9Egbp4Voh3iEUUoorw,development,3
30,7886,34079,1n7xcnjA8bo,UCQTcNhAZidy1i9wwmdgf2Lw,development,4
30,7887,34080,7uKOFdzWofM,UCA5xW2Ce7KT2AtxzDYDebCA,development,4
30,7888,34084,0YQH0A2fOn0,UCckltLEhFLv8Xz_lQhYfwmg,development,1
30,7889,34085,4A4jSkK0M70,UCekdpdajQ1JyGxUbmsN7nNA,development,3
30,7890,34087,5hoafXsC9Ug,UCPXSUKHTNc1_hnHuj-UiQWQ,development,4
30,7891,34089,0h4ukbXCJos,UCPXSUKHTNc1_hnHuj-UiQWQ,development,4
30,7892,34098,QXyz_WBDQ8Q,UCcijXxFzSXgoM6q9cCtT9PA,development,2
30,7893,34101,Kzjod9zz2ZY,UCAcPvtBwVq1vqSyPdhqD-UA,development,1
30,7894,34102,EuUJ6ygji0w,UCkM9Dn8ZcDf8U2566xTIjAg,test_reserved,
30,7895,34108,p729j4ck_BA,UCCK3OZi788Ok44K97WAhLKQ,test_reserved,
30,7896,34123,d_ZwgRoRMHY,UCisTAKWxkhLiv8NSl_K77Hg,development,3
30,7897,34125,lY1byTjuOME,UCWO2tL69FZ9ckckHcAa18Ug,development,4
30,7898,34141,myqrPVPYX5U,UCOHyRrRuD2zGCkpuCAlyOyA,development,3
30,7899,34145,UA22n4SrOUM,UCgnFSj7jQffD5V5m05j4dPw,development,5
30,7900,34147,atXovnNeZd0,UCckltLEhFLv8Xz_lQhYfwmg,development,1
30,7901,34149,MECFA7MPRdc,UCLuP7ROjaueiuNbzrvPqXSQ,development,3
30,7902,34154,xbiqVWxAgmo,UC3FNLQ6B3ua_h3YX6mB7TJw,test_reserved,
30,7903,34157,z1alMlwFMXE,UCckltLEhFLv8Xz_lQhYfwmg,development,1
30,7904,34166,nDchBxxm9w8,UCQIWzvLOlB4tu84TtOTJCGg,test_reserved,
30,7905,34167,VXXFexXuahA,UC3tvYy-s84yySG7V85jRDnA,development,4
30,7906,34168,ccp2T7FCkO0,UC8qBNfgWRK_WYYGSmmrfgPA,development,4
30,7907,34169,kuTaAGAIvEk,UCkC-yhK-WnPNaNslH_LbBWQ,development,2
30,7908,34185,38VALJycej4,UCUz70SsT1TZzlwEqvSCpJRA,development,4
30,7909,34188,mIY-lmabJlk,UCOtYyt7W5PmPnwQjWWF_Z-Q,development,3
30,7910,34197,AS1840nT7qE,UC0tV1b7IFEXFUUILF7mAcWw,development,5
30,7911,34200,Z-m-q9745HQ,UCD2d3Qn2XFp3RkUq4FlR80w,development,4
30,7912,34209,70Xp59b1GGs,UCckltLEhFLv8Xz_lQhYfwmg,development,1
30,7913,34210,Iuo8hO8FrSQ,UCfgEc6wWBbVbj8ZNQLltioA,development,5
30,7914,34211,9AiRXb01rrI,UCbR7juPwtP-bV_w0840ciYQ,development,3
30,7915,34216,fgMLJUsAW_g,UCV9cn7kAjTi6nMKVKIuwoDw,development,1
30,7916,34218,pILGTG3b88I,UCDqy-V3qY-xtSmiRHlZIWWQ,development,5
30,7917,34229,2JFrWYT8PaM,UCckltLEhFLv8Xz_lQhYfwmg,development,1
30,7918,34231,fUZACb8F3rU,UCy-3y3BEH8dFhPsNEnO74Vg,development,5
30,7919,34233,oJXXXjICMeg,UCbS_glb2N1NVTrDLVryRbng,development,4
30,7920,34237,EunAgVpeuHs,UCAGQUfHzdsgxJ1pq2XDS2TQ,test_reserved,
30,7921,34249,S2rVS1-rOV8,UCckltLEhFLv8Xz_lQhYfwmg,development,1
30,7922,34251,7RLL0W1vF9w,UCcrsFwwoMvcXYpJ0XldIlVQ,development,5
30,7923,34255,h1URsno6z_o,UC8qBNfgWRK_WYYGSmmrfgPA,development,4
30,7924,34256,Y_uTozpGpuU,UCr5BVR_ePEz_9V-KF5rSEmQ,test_reserved,
30,7925,34258,eomUYeIKEQ8,UCQkPhQ-6NhA1v7Tpsp6EnKQ,development,1
30,7926,34259,N-k1QBnLMy4,UCLNz9bgiJfM3ImTtYDOt8Ew,development,4
30,7927,34261,GPRiqbzhOZo,UCuJmg9Gw1uO-JGVLk9iACDw,development,2
30,7928,34267,hWP2KJWPczc,UCCK3OZi788Ok44K97WAhLKQ,test_reserved,
30,7929,34270,uN2xz9odaho,UCcijXxFzSXgoM6q9cCtT9PA,development,2
30,7930,34276,cFcqn4su9-w,UCP0FKFuz9j2Dp-QDr-Dv_0g,development,5
30,7931,34277,1feeBp_2mms,UCqrqt9Egbp4Voh3iEUUoorw,development,3
30,7932,34303,C9N4pPdgv7o,UCckltLEhFLv8Xz_lQhYfwmg,development,1
30,7933,34306,-L-eGnMxiWc,UCckltLEhFLv8Xz_lQhYfwmg,development,1
30,7934,34329,jHX5sK6VW1s,UCJc1hbJPvG5f2v8iSPG-3CA,test_reserved,
30,7935,34331,ioT2hUV5YTY,UCgnFSj7jQffD5V5m05j4dPw,development,5
30,7936,34332,bypkCwATqIY,UCcijXxFzSXgoM6q9cCtT9PA,development,2
30,7937,34333,f6KC6dYyaBE,UCPXSUKHTNc1_hnHuj-UiQWQ,development,4
30,7938,34339,ujONmy8F6xU,UC944GuW0gSM0srEsZSZRQEQ,development,1
30,7939,34344,JhV6XTKLOKM,UCx7lEnwLHxO9yPjOotGb-bA,development,2
30,7940,34354,pZFyCUsN3UE,UCRDDfbYPHX_GUJ4lcQYTc8A,development,2
30,7941,34360,q3ICgSAzUHM,UCckltLEhFLv8Xz_lQhYfwmg,development,1
30,7942,34364,W0K9b-5kOqY,UCmrLu4r89ykOzmtmbAeEklA,development,5
30,7943,34369,eAJJKukViYQ,UClyD0kAmF2WdnI-KsR3pBIA,development,5
30,7944,34370,iGdtVvYUKzg,UCcijXxFzSXgoM6q9cCtT9PA,development,2
30,7945,34371,hb0jFvH2lug,UCEUE5XgDTMltZBgBmsfpXSQ,development,4
30,7946,34375,4ZswviC6ALU,UCCK3OZi788Ok44K97WAhLKQ,test_reserved,
30,7947,34378,LjbzBgMmQy4,UCd-gmzevnJBe9jHuNDMrI0w,test_reserved,
30,7948,34379,CTxJH4x1Q44,UCckltLEhFLv8Xz_lQhYfwmg,development,1
30,7949,34383,SuLvNILMPUo,UCbS_glb2N1NVTrDLVryRbng,development,4
30,7950,34384,mva9l1PdfMQ,UC5bP8uSDBQGh4Qn_g5QrWnw,development,2
30,7951,34385,nQ8K20fZuhg,UCf2Iar2LDcFaSCnVH1ZMUkA,development,4
30,7952,34388,havGi6PwYTM,UCr5BVR_ePEz_9V-KF5rSEmQ,test_reserved,
30,7953,34393,O-o6dZ1LWq8,UCOtYyt7W5PmPnwQjWWF_Z-Q,development,3
30,7954,34400,odOSTqunqLw,UCamSAN6IFdxTRTbfSSrkiDw,development,4
30,7955,34404,WCUYlnHkuzo,UCAvoCBJ72wT6nT7BZzeaPCA,development,3
30,7956,34406,DYF--kAPWds,UC0nMJ3QNryBHZpy1P3Wamwg,test_reserved,
30,7957,34407,vWgsJChltzs,UC1YGPDtctHGJWW0NrlQVklw,development,5
30,7958,34416,2N_u8NcKbGM,UCgnFSj7jQffD5V5m05j4dPw,development,5
30,7959,34417,_YA9esclXJM,UCCK3OZi788Ok44K97WAhLKQ,test_reserved,
30,7960,34419,jtguwajulsM,UCcijXxFzSXgoM6q9cCtT9PA,development,2
30,7961,34421,tHRtp_T5rA4,UCPXSUKHTNc1_hnHuj-UiQWQ,development,4
30,7962,34424,lP74LAB-GNw,UCisTAKWxkhLiv8NSl_K77Hg,development,3
30,7963,34429,P3LtZewJSP0,UCmqflTSJ6911aCrnaWIXxsA,development,3
30,7964,34431,B5BPjss68TM,UCgnFSj7jQffD5V5m05j4dPw,development,5
30,7965,34449,a54npnLSS7o,UCf48pki8AqjBHuV80LcC7kA,test_reserved,
30,7966,34450,oKaLsxW4mFs,UCMkW7S3IszN1L9u1bLw23rQ,development,5
30,7967,34452,HSXMkauRgtQ,UCMQg72D9bcWjW-umvECrcAQ,development,1
30,7968,34454,8Q4YC7fIk0g,UCrcwOYr2Zf5Y6FKNHZTSXIg,development,5
30,7969,34456,_is-dZBn4Jo,UCW5J0vbGISAYVK_Oz6m2Dqw,test_reserved,
30,7970,34470,OpX3PCY7WTY,UC8eF9J7-ycJX1BGzk9Dm0tw,development,2
30,7971,34472,O5JVYPNMoAk,UCFYP9-HfFF-Pg7DibBsCAlQ,development,4
30,7972,34476,Qw9t43Ncr9g,UCuQ0Z6UmOOZ5JmsniU20Myw,development,2
30,7973,34487,3LCEanu1hUs,UCAcPvtBwVq1vqSyPdhqD-UA,development,1
30,7974,34488,ZM_WdNj3KVQ,UClSIhhnuyF8fXtBTpOOTknA,development,2
30,7975,34490,m47tOY9EOlE,UCkagcQYGoYFuXsUg-ObSL6A,development,5
30,7976,34495,gcm5VXO2IL0,UC2HGgzRXGxoirkRroh0aHIA,development,5
30,7977,34497,c8iI57WYGgY,UCCbm1E52PV05ZLv6dtRB92Q,development,5
30,7978,34498,JHgQJQQCjYA,UCYweMykEAI5aaRztqrJuuAg,development,2
30,7979,34502,TIBM45yukwQ,UCuTgmLxqarTxuBU5ARMYUNQ,development,5
30,7980,34505,z8tnBrxXLtg,UCckltLEhFLv8Xz_lQhYfwmg,development,1
30,7981,34509,mwW99kAHVSA,UC695Emm21OPSYGkvHK4aNnQ,development,5
30,7982,34513,bpBBNPijB0U,UC1YGPDtctHGJWW0NrlQVklw,development,5
30,7983,34523,drl9rdl1250,UCn0XmAUFv6d2tofMFEesSNw,development,5
30,7984,34525,Cuuwjuib8ms,UC0tV1b7IFEXFUUILF7mAcWw,development,5
30,7985,34526,c0XBovevCww,UCckltLEhFLv8Xz_lQhYfwmg,development,1
30,7986,34528,zWDNPY8EzGg,UCjG1iw5WByPYVukngRcFVnA,development,4
30,7987,34530,ftzgyWz9MQY,UCu3jIK2NBSXc0_YaFqEuIrg,development,2
30,7988,34534,CASretdhsQ8,UCkD2Gixzde52jx1XspNvrBw,test_reserved,
30,7989,34539,NOUjmYwWJoQ,UCzNxbzqN0to4GNb9otFuGJQ,development,1
30,7990,34540,21HzpPkFlBI,UCqrqt9Egbp4Voh3iEUUoorw,development,3
30,7991,34545,ETNtRERyMzE,UCaESx7Bdghv_UICcG1hBkcg,development,2
30,7992,34549,8Hddn26L_Tk,UCXJm14vFoWrYud1ZXCiHj3A,development,2
30,7993,34553,IMkRpc-xYts,UC0tV1b7IFEXFUUILF7mAcWw,development,5
30,7994,34559,vtAOYRXfggM,UCo-ddanTzDs59ea_IG5U52w,development,5
30,7995,34562,SV-AQC4vRKY,UC_d3UQ1v8KP1JNFOBmV63xA,development,5
30,7996,34563,F2H7qABQOds,UCOtYyt7W5PmPnwQjWWF_Z-Q,development,3
30,7997,34566,O5pWLHfbmYA,UCoz7UhbfPFJyljIIV2saR7A,development,3
30,7998,34567,gd9yu-bDxYU,UC33e0vM5W6gm82W5WuoGB9A,development,3
30,7999,34569,Jz6PNpk-PRc,UCAOAqdh0wJ6lmzO8j33v8fQ,development,5
30,8000,34570,XFRi-XMU5lE,UCuJmg9Gw1uO-JGVLk9iACDw,development,2
30,8001,34571,8Mdxz3El1MU,UCcg4tDKgPLIc_x3lhWdogLg,development,4
30,8002,34572,TrydetufRF4,UCQIWzvLOlB4tu84TtOTJCGg,test_reserved,
30,8003,34575,qV_rQRNKzZI,UCOtYyt7W5PmPnwQjWWF_Z-Q,development,3
30,8004,34578,YN8pK6MfHaU,UCkzFXIie723z4vsYAMsMGsg,development,4
30,8005,34584,JXEA_uojLe8,UCkK-FOO4FY_7QmxtDa4MLiA,development,2
30,8006,34587,1-Rx6yuC64A,UCcijXxFzSXgoM6q9cCtT9PA,development,2
30,8007,34590,7LHvfW5_5Jw,UCaESx7Bdghv_UICcG1hBkcg,development,2
30,8008,34595,q2llv5Ajlo0,UCqrqt9Egbp4Voh3iEUUoorw,development,3
30,8009,34596,9FNrOsSzUds,UCvGElnRYInQhBWjyM4EaLgQ,test_reserved,
30,8010,34599,CFEXV7VzGQU,UCcijXxFzSXgoM6q9cCtT9PA,development,2
30,8011,34604,I38KAeRA4p0,UCbS_glb2N1NVTrDLVryRbng,development,4
30,8012,34609,CZ27h8eltYw,UCXm0FsS7PXy0w5HeOkYMi7Q,test_reserved,
30,8013,34614,pLYWrdDDdqw,UCjKSK3d5r0O78WGnMouSvDw,development,5
30,8014,34616,pge-_nMq3Lo,UCbS_glb2N1NVTrDLVryRbng,development,4
30,8015,34618,suWHYxIbI_w,UCaAS8NE44BmqghoZeVa2KtQ,development,2
30,8016,34619,3uznt-F_V6s,UC1YGPDtctHGJWW0NrlQVklw,development,5
30,8017,34622,A7iI4zG5aAg,UCZNreSxdvd50nzMz5zkXg4w,development,5
30,8018,34643,8D-J--Snu0o,UCfRI_QAUlt-EoAEavmuTHOg,development,3
30,8019,34649,trqoNJWW7Pg,UC0tV1b7IFEXFUUILF7mAcWw,development,5
30,8020,34650,gvs0UxFOe-s,UCkD2Gixzde52jx1XspNvrBw,test_reserved,
30,8021,34652,tOO8uPX16wE,UCg22fUwQQF-7Sf6-TIVIFrA,development,1
30,8022,34656,zRIGTwJUQXA,UCr5BVR_ePEz_9V-KF5rSEmQ,test_reserved,
30,8023,34659,z4DW3NMD4zI,UCWNxnJNkwZPyv3rJwWRlzZQ,development,1
30,8024,34662,kKCB3MLkgEA,UChcZLMu9ldVC7IUvh33BUgg,test_reserved,
30,8025,34663,cHrk-hq9s_Q,UC0fnN8-CgXOlHLjGc78e-0g,development,3
30,8026,34672,fsYY9-Lkkaw,UCCK3OZi788Ok44K97WAhLKQ,test_reserved,
30,8027,34673,i32ktmlpTdQ,UCm3mXl7hQbHVMxhKaOeEhYA,development,4
30,8028,34691,XYPI97OUK6A,UCuJmg9Gw1uO-JGVLk9iACDw,development,2
30,8029,34694,C3avtmd7TgI,UCRB8mrLCcwTPlJOMUy9MDUg,development,2
30,8030,34717,xKbGvCS23yg,UCj5dmKmfkAR5Y4y_d9FW3og,development,4
30,8031,34723,zovxx7DPDyk,UC4FYm_MiOIzOpKUysPHR-8w,development,2
30,8032,34726,Vr7OuxERQCI,UCckltLEhFLv8Xz_lQhYfwmg,development,1
30,8033,34730,h-KanEuJC30,UCIoyIVPZEfC2p0dQwAxGiEw,test_reserved,
30,8034,34732,IEnSZIQGDgs,UC-InXGUDXmIVAZG7efBiU7A,development,1
30,8035,34736,KRg7dHNj3hk,UCRDDfbYPHX_GUJ4lcQYTc8A,development,2
30,8036,34737,vvzJSRKNNqY,UCB-bp711WZ_Byu1zwfmxJDg,test_reserved,
30,8037,34739,iL8vY9AG2Vk,UCAH7R88V7gz7RqJv78nNOzg,development,3
30,8038,34741,waQeO8E6QVk,UC1YGPDtctHGJWW0NrlQVklw,development,5
30,8039,34747,GF6na4dyGsQ,UCkC-yhK-WnPNaNslH_LbBWQ,development,2
30,8040,34749,hwEqrZal6Cw,UCA5xW2Ce7KT2AtxzDYDebCA,development,4
30,8041,34752,-Qru_OAaaFA,UCIKg0Ev6Vq2M7hU7bL_jHFQ,development,3
30,8042,34756,HwNXIX8nrjk,UCMQg72D9bcWjW-umvECrcAQ,development,1
30,8043,34759,ozkR5lVgUNo,UCzQ0nw7uz0dRcO5VKzDwmlQ,development,3
30,8044,34763,Zy8eySM0M2k,UC-GRFwciK7JiP8T4tl0pftQ,test_reserved,
30,8045,34770,_OlL20CJT7Q,UCRDDfbYPHX_GUJ4lcQYTc8A,development,2
30,8046,34779,mPVNqf8O_VA,UCMd-Y13fuzRTpBKs1MlnjYw,development,1
30,8047,34783,NoUBbB7oL-A,UCJc1hbJPvG5f2v8iSPG-3CA,test_reserved,
30,8048,34787,8tEcJ19-QsU,UCCK3OZi788Ok44K97WAhLKQ,test_reserved,
30,8049,34794,ZCrwxMt_on8,UCckltLEhFLv8Xz_lQhYfwmg,development,1
30,8050,34796,kTZ4MEpso4k,UC2sO_F_Ky4LIAUtSJYXqBDA,development,4
30,8051,34800,1xG7eJpONAg,UCJc1hbJPvG5f2v8iSPG-3CA,test_reserved,
30,8052,34802,VqMOfz5Qdec,UCbS_glb2N1NVTrDLVryRbng,development,4
30,8053,34804,DlOkmwAgJ7U,UC6MkngMDyobFNaXOZR0ukyQ,development,1
30,8054,34810,_bn3885q7KE,UCn39xNZ42C93DHXbbRH2mgA,development,3
30,8055,34811,QJrIotLoMxI,UCckltLEhFLv8Xz_lQhYfwmg,development,1
30,8056,34812,S4QhMjQa7G4,UCQTcNhAZidy1i9wwmdgf2Lw,development,4
30,8057,34837,ddXAVJSNzqo,UCIi-sp4cticvdmHAodPeyvw,development,1
30,8058,34838,_HTQn67aFh4,UCf2Iar2LDcFaSCnVH1ZMUkA,development,4
30,8059,34840,T9O9-T_ktbo,UCgnFSj7jQffD5V5m05j4dPw,development,5
30,8060,34848,bCSgtaBXvvk,UCCK3OZi788Ok44K97WAhLKQ,test_reserved,
30,8061,34853,5CcxmKhEQQs,UCRDDfbYPHX_GUJ4lcQYTc8A,development,2
30,8062,34856,9L541AxQSV4,UC2b5VAYjsOfepl9nAXgRmfQ,development,4
30,8063,34864,97rnXBPAGps,UCUh8FFbl1BfRmzL9t4Fkykw,test_reserved,
30,8064,34865,8pvVJI6JG9o,UCypYfMZbKIxBlXqngCuvi0A,development,5
30,8065,34872,yLxcEJTKPnk,UCpKhlTvg_rdRYDfeLjpCVbQ,development,2
30,8066,34873,581lE2LpIZU,UCiBHV5AwzPEBhlIX3yR6-Ig,development,2
30,8067,34878,HwP7Qe3sy7o,UCOtYyt7W5PmPnwQjWWF_Z-Q,development,3
30,8068,34886,HSULAnDz8CQ,UCXJm14vFoWrYud1ZXCiHj3A,development,2
30,8069,34890,I2k3_5ZmaYs,UC5-n2dfksESEt3ATmM6Uujw,test_reserved,
30,8070,34897,O-tXZCFp6vU,UCmAZwdFQyvTnrAVx5IqILgg,development,3
30,8071,34901,a-CZcmVeCGk,UCOtYyt7W5PmPnwQjWWF_Z-Q,development,3
30,8072,34905,kPGR5bRSzc4,UC1YGPDtctHGJWW0NrlQVklw,development,5
30,8073,34910,4eiATEvHUu8,UC5ZNkdIVKL-M3KrNaCEzveg,test_reserved,
30,8074,34912,GbSkV_sDDvo,UCCK3OZi788Ok44K97WAhLKQ,test_reserved,
30,8075,34917,THPYgblp9nM,UCQTcNhAZidy1i9wwmdgf2Lw,development,4
30,8076,34920,mTFuxAUWjq4,UCjYAhUnrkBujtKI3j3LM2uA,development,1
30,8077,34922,WOqFeF-KDuo,UCV-q7cRK5yFYEFzWuoQOmQQ,development,4
30,8078,34924,2yrUtfWJKGo,UCOtYyt7W5PmPnwQjWWF_Z-Q,development,3
30,8079,34925,iw89lZzZI50,UCckltLEhFLv8Xz_lQhYfwmg,development,1
30,8080,34927,RGmWkcTh_A8,UCckltLEhFLv8Xz_lQhYfwmg,development,1
30,8081,34928,ZfN9OpXU_T8,UCg22fUwQQF-7Sf6-TIVIFrA,development,1
30,8082,34929,FLHNbLdA7fs,UCOPqjdQOIF6faslRMEruJmA,test_reserved,
30,8083,34932,hVaLMFlywbw,UC3vuLv1EXDUxS_UKLPFJVSA,test_reserved,
30,8084,34942,xb85AKf1SUQ,UC7U7rMM_l97Zl6GbRC2lLqA,development,2
30,8085,34946,vNSV4uVUe7g,UCS4etFvWLvhVowAmj4dn45g,development,3
30,8086,34947,AwitvZUaadQ,UCqrqt9Egbp4Voh3iEUUoorw,development,3
30,8087,34951,4Pmpqnnr8d8,UCckltLEhFLv8Xz_lQhYfwmg,development,1
30,8088,34959,6r_vmVAFFBA,UCx2bxQGDuQgYPJPYFmIthnA,development,4
30,8089,34960,UEvh93urJdM,UCqDMvUe1Zy9QzR-F6X7B5pw,development,1
30,8090,34968,GNM0LwsmhJs,UCgnFSj7jQffD5V5m05j4dPw,development,5
30,8091,34969,VIBpd7lDI3Q,UCuW9OiaVwvoOraW1Jcc3_uA,development,2
30,8092,34991,eGRxXGojYso,UCy3o2K5NnN1zem5-JjhrorA,development,5
30,8093,34992,hXtgpfbCLDY,UCsDDVBdzvMMZaQtF8vaC9bg,development,3
30,8094,34996,7Dxmc8kxhFU,UCAOAqdh0wJ6lmzO8j33v8fQ,development,5
30,8095,34997,0pppuwjK-is,UCrVFS_0PdV7AwyTgR13IcVg,test_reserved,
30,8096,34998,uF-mHMCvTv8,UCcijXxFzSXgoM6q9cCtT9PA,development,2
30,8097,35000,Fa4vMC68TLs,UCgnkk8P4G9yQFuRl0dEO1HQ,development,2
30,8098,35006,XKD-jb-IEQs,UCIi-sp4cticvdmHAodPeyvw,development,1
30,8099,35008,aPkI2zLTYRk,UCOlHu4DBJ6q8cE1oLW1bNJw,development,5
30,8100,35014,LWMvPbrWXIg,UCWNxnJNkwZPyv3rJwWRlzZQ,development,1
30,8101,35016,ks4nXqfqOs0,UCAH7R88V7gz7RqJv78nNOzg,development,3
30,8102,35022,EfwYnVI57gI,UC2QU3X4Lt0kd43c65eloUZg,test_reserved,
30,8103,35025,hYiN9pSlgfo,UCOKg9DR3c0Aa3A9JCvNrzGQ,development,3
30,8104,35027,aJtSXwhzq6I,UCZ-RBSr_ZD-jWWDgZmFyZyw,test_reserved,
30,8105,35028,rgQ2a0-n2vc,UCceS_252pdNUa5ztP_MW8rw,development,2
30,8106,35031,XqSQAFS2xio,UC5bP8uSDBQGh4Qn_g5QrWnw,development,2
30,8107,35045,N2nqZCQXXfU,UCgnFSj7jQffD5V5m05j4dPw,development,5
30,8108,35053,N4Hcsb0Nujg,UCdZRFHIhq7TpUNSLXRlt7rQ,development,5
30,8109,35055,4Q-cp72iBos,UCBf296-OhUNfaDbtcYQ4RQQ,development,5
30,8110,35058,swQDxPNDDtg,UCCK3OZi788Ok44K97WAhLKQ,test_reserved,
30,8111,35060,noFcYejX6II,UCrVFS_0PdV7AwyTgR13IcVg,test_reserved,
30,8112,35064,HlZOWJU4C1A,UCCK3OZi788Ok44K97WAhLKQ,test_reserved,
30,8113,35067,p8QxNim2qlU,UCmrLu4r89ykOzmtmbAeEklA,development,5
30,8114,35070,MGWromG0DNY,UCOtYyt7W5PmPnwQjWWF_Z-Q,development,3
30,8115,35071,lwPmxtXYUOk,UCQIWzvLOlB4tu84TtOTJCGg,test_reserved,
30,8116,35074,zrJO4uGZtYM,UCOtYyt7W5PmPnwQjWWF_Z-Q,development,3
30,8117,35077,Av9ChFOLVNw,UCPXSUKHTNc1_hnHuj-UiQWQ,development,4
30,8118,35079,5roKw3g4C90,UCPXSUKHTNc1_hnHuj-UiQWQ,development,4
30,8119,35087,KOvIiXOdBfE,UC8V2JK1OCDJ7yOIBBNPzVEg,development,3
30,8120,35090,XdX3HIe0ztA,UCckltLEhFLv8Xz_lQhYfwmg,development,1
30,8121,35097,hY3DzTIgtcw,UCckltLEhFLv8Xz_lQhYfwmg,development,1
30,8122,35100,rnVlJNKBjS8,UCWiGjTcC95PYGw4dyZGWNNw,development,1
30,8123,35101,vJbPb5_nA8k,UC3pnlqmWVIVdQ4hkaQAxyVw,development,1
30,8124,35103,yB21s4amMLI,UC6IHfZ-Rez2LR0PH01YxL7w,development,1
30,8125,35108,sK7tGhDS3GE,UCmTcA0rOwOPCaKvfsXFeZ8w,development,1
30,8126,35113,T4uEc13CRlc,UCckltLEhFLv8Xz_lQhYfwmg,development,1
30,8127,35114,4yTruUIlXe8,UCQTcNhAZidy1i9wwmdgf2Lw,development,4
30,8128,35115,fJ0GrsoGpFE,UCWwo8NBrDNOb5EEZadW3iWA,development,1
30,8129,35118,NxcIAgWOO4Y,UCh9qXeL8eP3Txra2908xksg,development,3
30,8130,35120,mZdrUkaEW9s,UCQIWzvLOlB4tu84TtOTJCGg,test_reserved,
30,8131,35135,6qmctZKzc_k,UCgnFSj7jQffD5V5m05j4dPw,development,5
30,8132,35136,Aex3Kvh5Nqs,UCErq12gvrb2Gm0x1cavQVAA,development,4
30,8133,35137,_7etXNuR5LQ,UC-CcqBJrHwkO8SxwZpjcuSg,development,5
30,8134,35148,TaGoQnddCNw,UCQTcNhAZidy1i9wwmdgf2Lw,development,4
30,8135,35152,kGSi-7eaMkk,UCn0XmAUFv6d2tofMFEesSNw,development,5
30,8136,35153,ZH6SlJ8oHVE,UCuJmg9Gw1uO-JGVLk9iACDw,development,2
30,8137,35160,Cp2yTbdXi0M,UCkl2iKEW9ltlrBOjzCNJgzw,development,3
30,8138,35162,U22cI5b9wLo,UC0RX5hQE6UpHTjfub4NZSPg,development,1
30,8139,35163,m-_vQsLu-tA,UCvfwXFsI8J-iRMpG1SE8lgw,test_reserved,
30,8140,35170,XITt9_gd8pA,UC95VofaZiQPFwRMaqPhLc0w,development,1
30,8141,35171,zAnt3OXGd6g,UCPXSUKHTNc1_hnHuj-UiQWQ,development,4
30,8142,35176,WRS3wSDdjwg,UC7XC7hODhgmVGY8QnNS76tQ,development,5
30,8143,35177,l5A7Tcgi084,UCNcI0kxp_9BiBiLQUviN-hw,test_reserved,
30,8144,35181,a1UoRAxAkUM,UCFGhJsc1ddSN8819LsMa90w,development,3
30,8145,35185,sZLRXCVXhmQ,UC12K2QZlfWLq_8FmZfB23Yw,test_reserved,
30,8146,35186,Oe0-JPohSPc,UCbS_glb2N1NVTrDLVryRbng,development,4
30,8147,35193,ffYPMSFFogo,UCAeBFsK2bmm5lkgy90uFiqw,development,4
30,8148,35197,CbnagAQTJTg,UC1YGPDtctHGJWW0NrlQVklw,development,5
30,8149,35208,CYxP6I22AOU,UC265AWt6bbPKJcmpQwhif2A,development,3
30,8150,35211,MTxTJUKEJKg,UCPZ5BVdQNI36_gBwBLhPUiQ,development,1
30,8151,35215,H9dSTWYzcXA,UCjm3xnBye4keJCmF2raTl3w,development,2
30,8152,35217,0tUAoFEYRkI,UCIKg0Ev6Vq2M7hU7bL_jHFQ,development,3
30,8153,35218,pfCBEL6Tg4g,UCbkMFGQ_RWIf0OiYeOpf6Ng,test_reserved,
30,8154,35224,EPe36MbVIoM,UCcxDOjzjxdaGfT5NiN5M8mg,development,2
30,8155,35226,6z8lIYbTakA,UCwsNWoSlQUyeWgbVQYZtLOA,development,2
30,8156,35231,r_bNsGgOLR8,UCm8I2aLYgPm_gdzw4SSkiGg,development,2
30,8157,35237,wh5-JUT93Lw,UCCK3OZi788Ok44K97WAhLKQ,test_reserved,
30,8158,35239,EH_KxEgCBXc,UCXfgx23Lw81I4wsCNhdVBgw,development,4
30,8159,35252,MC0JMm1uTAs,UCMOJZJjbOVCp2oqoTNK5PdQ,development,3
30,8160,35255,N_VuDx2bipI,UCm248csRxRJwhqVQ8fsHrCw,development,1
30,8161,35256,Yr8N0BBWzNM,UCf2Iar2LDcFaSCnVH1ZMUkA,development,4
30,8162,35267,xO6Fun2uJaA,UC1YGPDtctHGJWW0NrlQVklw,development,5
30,8163,35268,pADUkH4GJg4,UCTlLpPddpcW0ee6y4z9stKA,development,2
30,8164,35281,8vw5NBHUFfk,UCXfgx23Lw81I4wsCNhdVBgw,development,4
30,8165,35283,Z7fht030zG4,UCRtNR8eqB_eaxKgUcltpwXg,test_reserved,
30,8166,35298,E4bvS-QpA6w,UCyKbGIhchUM6-ybLXFXA1cg,development,1
30,8167,35299,IiMGkEiuq2U,UCqrqt9Egbp4Voh3iEUUoorw,development,3
30,8168,35306,xD_TB0COBXo,UCi-3Vt9kYawd12KPcldSPFg,development,3
30,8169,35310,1EiXyhU1KCU,UCP4Z7-uWZYIQBclex8M086A,development,5
30,8170,35313,ZdK8dO6FujU,UCNW0wUIg3FDgHuLq8cRGQrQ,development,1
30,8171,35314,DbzvVjFArcE,UCOiMY00_ZLijPF6InrCl0TA,development,3
30,8172,35319,j3Ts1lMxtaM,UCbS_glb2N1NVTrDLVryRbng,development,4
30,8173,35322,LovoMUP5jyI,UC1GXX9hisqTO3S7ZHhoepXw,development,5
30,8174,35329,MJJquNrj19Y,UCSodo0fV9KfObDMmYTpV5_A,development,4
30,8175,35340,Sy-wK78WiiM,UC5NJWHF4x-DWCWgNGQfMqmA,development,4
30,8176,35341,sPJ8CCa7Fqw,UCckltLEhFLv8Xz_lQhYfwmg,development,1
30,8177,35350,wf8OqSidPS0,UCy8ao-puUtb-1Y0L6xSItOQ,development,3
30,8178,35351,GPf3fi-uwhY,UCYEmdesrRlDICr6v6LnX5Bg,development,2
30,8179,35352,n0wgg7Bybqo,UCVU09OJkBIHZTGb-acbajoQ,development,4
30,8180,35355,xkgNIyMYNcE,UCCK3OZi788Ok44K97WAhLKQ,test_reserved,
30,8181,35359,hllr3BUprSM,UCWr_3S-gYx33CVRDXSYSDhA,development,1
30,8182,35369,bMv0Lu3E4E8,UCx7lEnwLHxO9yPjOotGb-bA,development,2
30,8183,35370,4c1FlCuPEzM,UCfQfw--8dPGypR7sGcXJz0w,development,5
30,8184,35374,AORHPx3TZlc,UCbS_glb2N1NVTrDLVryRbng,development,4
30,8185,35376,Fy3qd2dlXdY,UC4HY_G18OzcY63vhq-3Gw0g,development,1
30,8186,35380,k_ZPK6EVa6U,UCQTcNhAZidy1i9wwmdgf2Lw,development,4
30,8187,35402,thdVzWxs3wQ,UCY3VaZhAZP7B-1ypCnlrTXg,test_reserved,
30,8188,35404,G_6E2oacT1A,UC1YGPDtctHGJWW0NrlQVklw,development,5
30,8189,35408,1TLOTxIUgs0,UC4oZv7iatCbhEp6ehMMbhAg,development,5
30,8190,35409,7MnVdHkCI-g,UCckltLEhFLv8Xz_lQhYfwmg,development,1
30,8191,35410,ySe1RXARwhs,UCVfnhhDIkkBJ_1QyzCqeVDg,development,2
30,8192,35416,0gpXHv91A0E,UCcijXxFzSXgoM6q9cCtT9PA,development,2
30,8193,35421,7TazFQSyLVc,UCVBEe2FrVmZMGbcPX7mNxJw,development,3
30,8194,35427,308ElNS06e4,UCOtYyt7W5PmPnwQjWWF_Z-Q,development,3
30,8195,35436,MCZNI-tyzrs,UCOiMY00_ZLijPF6InrCl0TA,development,3
30,8196,35437,6n5nhHmqnHc,UCoPGkvh-1AoSzh23-ROXrpw,development,2
30,8197,35438,Mox7X7KyaPs,UCcijXxFzSXgoM6q9cCtT9PA,development,2
30,8198,35439,27e0q0A2fkU,UCCK3OZi788Ok44K97WAhLKQ,test_reserved,
30,8199,35447,64yBvgyr3DU,UCJEbxceR8FFUcZU0Ez83lPQ,development,4
30,8200,35454,6r_93Fsbgj4,UCh-cPhwaVIJTFLMq0ZNf-hg,test_reserved,
30,8201,35455,oWEelkPy1zs,UC7y523uvfJhftdgPfC6NHPA,development,4
30,8202,35457,k0odJz5QaYg,UCmrLu4r89ykOzmtmbAeEklA,development,5
30,8203,35480,G2KZ_PKijKU,UC8ZRk92Ov4Mj3dXpxVkgQww,development,5
30,8204,35484,hKXVtQqL7CM,UCcijXxFzSXgoM6q9cCtT9PA,development,2
30,8205,35487,XjrhnkHOyrc,UC7DAcUDu475b1grvKsSgARg,development,1
30,8206,35490,S3TAErV8Yx0,UCOtYyt7W5PmPnwQjWWF_Z-Q,development,3
30,8207,35491,zD3IRTojE40,UCckltLEhFLv8Xz_lQhYfwmg,development,1
30,8208,35503,2NO27gBplvQ,UCZ-RBSr_ZD-jWWDgZmFyZyw,test_reserved,
30,8209,35504,s3oVqAsxr6Y,UClWSTWnXSIOK34ySODMm8Ew,development,4
30,8210,35509,SJB74tchsRM,UCzNxbzqN0to4GNb9otFuGJQ,development,1
30,8211,35510,Kaf_ejCaMlk,UCgnkk8P4G9yQFuRl0dEO1HQ,development,2
30,8212,35518,3Qr0Dc4JuoM,UCfuND8HywiC1G1T5s1t6ElA,test_reserved,
30,8213,35522,_75AGlwApko,UCrVFS_0PdV7AwyTgR13IcVg,test_reserved,
30,8214,35527,EP4fO_rM_XE,UCOtYyt7W5PmPnwQjWWF_Z-Q,development,3
30,8215,35530,TVuG0UBPvO0,UCxlfXLzyelcreS9x0plDj3g,development,1
30,8216,35537,zdsKSU_xKlY,UCQTcNhAZidy1i9wwmdgf2Lw,development,4
30,8217,35545,FwHM-KS5zLo,UCiLbj6E-dvR3tDLKigo2juQ,development,3
30,8218,35548,-XP0vuhtgh8,UCRDDfbYPHX_GUJ4lcQYTc8A,development,2
30,8219,35549,VXcavnvw9cM,UCdgWTRipbTuQsIiiPb6fB-A,development,5
30,8220,35550,uUybly2uVvQ,UCQTcNhAZidy1i9wwmdgf2Lw,development,4
30,8221,35553,qopG-CQ1XG0,UC0tV1b7IFEXFUUILF7mAcWw,development,5
30,8222,35566,UWqEBjTEX0E,UCm-TXzgh9U2K3wjWzY0XX0A,development,1
30,8223,35574,9mSTNoHETXY,UC6jQt9K_jqnBNtsRf7hXHsA,development,2
30,8224,35578,GdzxDa6eQi0,UC0l36s7dMwk1GYxmSHAib_A,development,5
30,8225,35580,fvlAVDAaKWk,UCkagcQYGoYFuXsUg-ObSL6A,development,5
30,8226,35586,odEBCrcko-M,UC1YGPDtctHGJWW0NrlQVklw,development,5
30,8227,35590,5ODYDY5v-zA,UCcijXxFzSXgoM6q9cCtT9PA,development,2
30,8228,35593,yJKPjSKDdP4,UCPfU0uygBGutjaaJU5PpEvg,development,2
30,8229,35595,nKP8yr1uGus,UCLWofMl6ouENOuxQwYUPhJg,development,1
30,8230,35604,F-_w_NL27js,UC-QzvI-llqe5kiZl-Amrd8Q,development,1
30,8231,35605,zcY7qdbJ1E4,UCQTcNhAZidy1i9wwmdgf2Lw,development,4
30,8232,35619,6oTNJjTomSk,UCOtYyt7W5PmPnwQjWWF_Z-Q,development,3
30,8233,35624,uxZsx42GRjs,UCckltLEhFLv8Xz_lQhYfwmg,development,1
30,8234,35626,ZjGUCUFtu1I,UCCK3OZi788Ok44K97WAhLKQ,test_reserved,
30,8235,35629,dIfUUUHxKWo,UCCK3OZi788Ok44K97WAhLKQ,test_reserved,
30,8236,35630,08R4a3Q_c5A,UCCK3OZi788Ok44K97WAhLKQ,test_reserved,
30,8237,35636,RJf0Yt-EGJI,UCTlVnv2IrpdHPiB4PeaH6Lw,test_reserved,
30,8238,35637,LdiUNu9v4Us,UC9SgyReu4QufMUTFhZYYEMw,test_reserved,
30,8239,35638,yZMgHnw_hNI,UCn0XmAUFv6d2tofMFEesSNw,development,5
30,8240,35663,Gd-SUou3E9Q,UCOlMa7eBVngg14Qnu8eAXgA,development,4
30,8241,35664,9wQxjUCirTo,UCCK3OZi788Ok44K97WAhLKQ,test_reserved,
30,8242,35665,V6pDH5neWr0,UC0PdkCm3QlHJ8HdH4JeNirA,development,3
30,8243,35684,JK94JC_AIWk,UC-lJDdyLYyv47bXu5uUc5rQ,test_reserved,
30,8244,35686,l2K7NTELPMI,UCReF_78PPPdU7kKodNtBwMg,development,3
30,8245,35695,cRp1VG_WQbg,UCckltLEhFLv8Xz_lQhYfwmg,development,1
30,8246,35708,OiCUdCLYsfw,UC0l36s7dMwk1GYxmSHAib_A,development,5
30,8247,35710,FFU2wboBmrY,UCZEXdsMN3HWEz34uY5PbtXA,test_reserved,
30,8248,35711,bpXaUWdL420,UC28E5W1CJPbQxAQl9tFfzTA,test_reserved,
30,8249,35713,q2v7KAWPtmI,UCAKAcMWVANp_qXgWKlXMCFA,development,2
30,8250,35714,LljKCG6C6Eo,UC5Q9lmEDB_pWZdzzLI07eVg,development,1
30,8251,35719,ySneXovz-X0,UCkLQJFBnqzhJCAvqn99hRUg,development,4
30,8252,35740,NfJw9cDwy7U,UCzeBunsQThQMJuN7ldtbeRA,development,3
30,8253,35744,0ywgHGJ5jkM,UCbVw-Yr6A7L4hPi8W6zsQlw,development,3
30,8254,35748,8bwef7hVzBM,UC0OQrrbVFEASTwszPPVOndA,development,2
30,8255,35750,yYnCsr_IliU,UCbS_glb2N1NVTrDLVryRbng,development,4
30,8256,35754,PdkSQV_YkjM,UCCK3OZi788Ok44K97WAhLKQ,test_reserved,
30,8257,35756,x7sDPK14MNQ,UCLD_EGJOhzPx4qu1OhOfeJg,test_reserved,
30,8258,35757,Si3QqxKbAyk,UCgnFSj7jQffD5V5m05j4dPw,development,5
30,8259,35760,k2MpHR0o_hY,UCCK3OZi788Ok44K97WAhLKQ,test_reserved,
30,8260,35762,AZGlVm-0gNY,UCn0XmAUFv6d2tofMFEesSNw,development,5
30,8261,35770,dLu9NOiNycc,UC1YGPDtctHGJWW0NrlQVklw,development,5
30,8262,35772,09rVEluu1Jk,UCA2bFNmvfzZLOIAvPwNQgPQ,development,2
30,8263,35773,jaQF-e4u_j8,UCy-3y3BEH8dFhPsNEnO74Vg,development,5
30,8264,35777,PLgyEus2CTU,UC95VofaZiQPFwRMaqPhLc0w,development,1
30,8265,35780,7QDZZ2p9Pn4,UCc30sTBdN9LRSxEuHaXV_bQ,test_reserved,
30,8266,35781,2WKxGsLhC_4,UCacIRbbu-hgx4sRW6tZPRoQ,test_reserved,
30,8267,35783,byb6Yo5m6M8,UCq0hVW_G5kWt2ocLhbjOtGg,development,2
30,8268,35789,-avhgmjG700,UCypYfMZbKIxBlXqngCuvi0A,development,5
30,8269,35790,ZX8ZMNhK3I8,UCaESx7Bdghv_UICcG1hBkcg,development,2
30,8270,35791,ONKzlXIO6Rg,UCCK3OZi788Ok44K97WAhLKQ,test_reserved,
30,8271,35797,jMtEXXYBGGE,UCkXjFNkQdPUGCXGvwqAx7og,development,4
30,8272,35799,1LwWgwZUhFE,UCgnFSj7jQffD5V5m05j4dPw,development,5
30,8273,35800,pBb2x0BQKwY,UCCK3OZi788Ok44K97WAhLKQ,test_reserved,
30,8274,35812,JMsBPG4BWRI,UCfRI_QAUlt-EoAEavmuTHOg,development,3
30,8275,35815,6SWShEesFl4,UClSIhhnuyF8fXtBTpOOTknA,development,2
30,8276,35819,AOQsCxk8IBY,UCiBHV5AwzPEBhlIX3yR6-Ig,development,2
30,8277,35824,jH34nq3SVpU,UCa0Dx86qHZ2UQCf7IMiHC6w,test_reserved,
30,8278,35827,u5OUvKLoEn4,UC4UaWbUUwVvCxWNqhb4f16Q,development,3
30,8279,35832,FJy7WKqOvNI,UCcijXxFzSXgoM6q9cCtT9PA,development,2
30,8280,35836,dzp7nmkAi3k,UC-lJDdyLYyv47bXu5uUc5rQ,test_reserved,
30,8281,35842,6ElFx1j5pmc,UCTO9f5qKoCLHF21OLaROdEA,development,5
30,8282,35846,ykMM_95DJtk,UClyD0kAmF2WdnI-KsR3pBIA,development,5
30,8283,35851,YPV3eXL4dCQ,UC6jQt9K_jqnBNtsRf7hXHsA,development,2
30,8284,35852,jPbN87_LhUo,UCa3BMXA9qcVqMtfnq7d977w,test_reserved,
30,8285,35864,MMzrAkAeDqw,UCwocSABHCRrVIlBSdyrQVXg,development,3
30,8286,35877,vG29QWQS2Yc,UCeregcA7V24wo3vGVVsitfA,development,3
30,8287,35881,hLB65fP-cGQ,UC324VVhYKykBv01GecF4aYg,development,5
30,8288,35887,4O2G1GNv448,UCbgjuk1jkUr_xe4tNGv35Qg,test_reserved,
30,8289,35890,CLDrfBflUFY,UCCK3OZi788Ok44K97WAhLKQ,test_reserved,
30,8290,35892,jFTVCAVz5BE,UCcijXxFzSXgoM6q9cCtT9PA,development,2
30,8291,35906,GGr2XW8-B70,UCcspHoBTj_aLhnJLwkMpWHQ,development,3
30,8292,35908,QHaMrTcFxD8,UCCbm1E52PV05ZLv6dtRB92Q,development,5
30,8293,35913,EgGbDq19HDg,UCckltLEhFLv8Xz_lQhYfwmg,development,1
30,8294,35914,Tg_X8eYJb-Y,UCcijXxFzSXgoM6q9cCtT9PA,development,2
30,8295,35921,BndcOSFlNFk,UCOtYyt7W5PmPnwQjWWF_Z-Q,development,3
30,8296,35945,vzM_36dimks,UCVXCitEEweQox0oyIsJONrQ,development,3
30,8297,35948,QOcXrA1J224,UCCK3OZi788Ok44K97WAhLKQ,test_reserved,
30,8298,35952,lqRJ7ci8ZHM,UCAH7R88V7gz7RqJv78nNOzg,development,3
30,8299,35955,SlPQzrQ2vuE,UCGRcGg4t8Q3iMit9hbQg7WA,development,5
30,8300,35957,YiYthhUz0qg,UCJeCtv0jJiNO9xt6R3SuMuw,development,4
30,8301,35970,N7_3zkOMyHU,UCgnFSj7jQffD5V5m05j4dPw,development,5
30,8302,35979,AagN_a1GuWM,UCcijXxFzSXgoM6q9cCtT9PA,development,2
30,8303,35980,wt-eayTcQVU,UCcrsFwwoMvcXYpJ0XldIlVQ,development,5
30,8304,35981,qCEF9iBcJtA,UCAH7R88V7gz7RqJv78nNOzg,development,3
30,8305,35988,za3YWIO059Y,UCV_4W6LL-Iwh0UaT_B6exQg,development,5
30,8306,35991,xYlplJy_678,UCCZGfiogVqlx8A9N9E2jR_A,development,3
30,8307,35993,inlf3FFGgEE,UCOtYyt7W5PmPnwQjWWF_Z-Q,development,3
30,8308,35995,ELOskIAAlkU,UCCK3OZi788Ok44K97WAhLKQ,test_reserved,
30,8309,36004,PxPvqdsu3M4,UCh9qXeL8eP3Txra2908xksg,development,3
30,8310,36016,1eoRYbin1kQ,UCcijXxFzSXgoM6q9cCtT9PA,development,2
30,8311,36018,DfnZueZdBZ8,UCm8I2aLYgPm_gdzw4SSkiGg,development,2
30,8312,36020,ItCbcfvepKg,UCFdCT7ZJCc9ax1yAqDCQPaA,development,5
30,8313,36033,sHMXXRdtVmI,UC1YGPDtctHGJWW0NrlQVklw,development,5
30,8314,36034,v9dKH6Pm-Vc,UClWSTWnXSIOK34ySODMm8Ew,development,4
30,8315,36044,qjiEug98fp0,UCugVFGfh3zg9byrq3VKB_fw,development,1
30,8316,36051,np3PqbUYBPg,UCsDDVBdzvMMZaQtF8vaC9bg,development,3
30,8317,36056,bcUOLTqzVeg,UCuJmg9Gw1uO-JGVLk9iACDw,development,2
30,8318,36058,lXxEnxBQwk8,UCOtYyt7W5PmPnwQjWWF_Z-Q,development,3
30,8319,36060,p2WYf2D3tOo,UCcijXxFzSXgoM6q9cCtT9PA,development,2
30,8320,36067,X-z-jb4RKNg,UCc30sTBdN9LRSxEuHaXV_bQ,test_reserved,
30,8321,36068,g6ABz8SMuGc,UCrVFS_0PdV7AwyTgR13IcVg,test_reserved,
30,8322,36071,oNERbIyfs4Q,UCT5hbklvvx8zBkc26IzPQHg,development,1
30,8323,36074,m580xwquwT4,UCcijXxFzSXgoM6q9cCtT9PA,development,2
30,8324,36079,gNRLRwyFaS8,UCckltLEhFLv8Xz_lQhYfwmg,development,1
30,8325,36083,1VxnKdsuS3Q,UCc30sTBdN9LRSxEuHaXV_bQ,test_reserved,
30,8326,36087,33uTYZqoAzE,UCLR467wlkHhrQjVq-0bdKng,development,4
30,8327,36089,IWUIm5W71RY,UC1hcl0aIr9KtXA-Kiq9itqw,development,3
30,8328,36094,Ay-kxq47f8U,UCckltLEhFLv8Xz_lQhYfwmg,development,1
30,8329,36095,IR7MrbB8N24,UCckltLEhFLv8Xz_lQhYfwmg,development,1
30,8330,36097,7KIxu3aSu1w,UCfVmYgJP_bBt00lLtPGsbcQ,development,4
30,8331,36099,D0uqWjze7Ac,UCcijXxFzSXgoM6q9cCtT9PA,development,2
30,8332,36103,nM_KEc58FdA,UC1YGPDtctHGJWW0NrlQVklw,development,5
30,8333,36106,N1gqKsJuuRQ,UCM19g5ow7vLXDTYx_j9Z7VQ,test_reserved,
30,8334,36111,EyHQhgMTmQM,UCCK3OZi788Ok44K97WAhLKQ,test_reserved,
30,8335,36112,ykm_TF_ixIM,UCfQfw--8dPGypR7sGcXJz0w,development,5
30,8336,36114,ctyzqeyHkyY,UCcijXxFzSXgoM6q9cCtT9PA,development,2
30,8337,36118,FcNgoVoQw3U,UChjwh7q-z6Dd9eRAj3fznxQ,development,3
30,8338,36130,f9ALOz7Mx_o,UCQTcNhAZidy1i9wwmdgf2Lw,development,4
30,8339,36138,EPqxAvmxzWY,UCckltLEhFLv8Xz_lQhYfwmg,development,1
30,8340,36140,RgnsNhw7SOw,UCPjv6LrnnPDeCw80M6XZMEg,development,5
30,8341,36145,X8CWsVBuZPQ,UCfAeNe2qXKk5slB2sF4vKDw,development,5
30,8342,36148,Uf4-wJqfArA,UCckltLEhFLv8Xz_lQhYfwmg,development,1
30,8343,36151,Hg1yvyUWVGo,UC1YGPDtctHGJWW0NrlQVklw,development,5
30,8344,36153,igOH3qJBk50,UCmwIKQQjwpjNT8OQ_VZuRfg,development,3
30,8345,36156,ZXNBYzlUVaM,UCLnBDHkiAQQ6m8hHQsbtcOA,development,3
30,8346,36157,fBMNjrGlJko,UC1YGPDtctHGJWW0NrlQVklw,development,5
30,8347,36165,KOGrlkRvx7M,UCKQw2OwROuqrhOuiqSttu6g,test_reserved,
30,8348,36167,7y-QIVW6ovU,UCYB7HJ5mt61PSDByUrF3IJg,development,3
30,8349,36177,PKmO8eMbtfw,UCuTgmLxqarTxuBU5ARMYUNQ,development,5
30,8350,36179,vEBrdSXjGik,UCECl9CQ_kgWaX5h1SH2PKEQ,development,3
30,8351,36185,zgQg56emB2M,UC4-OGkz_qi4h59w_HeqwYjg,development,5
30,8352,36187,dxigi1s8hkU,UCCK3OZi788Ok44K97WAhLKQ,test_reserved,
30,8353,36191,6cBLmvt7ipM,UCoYoYVojg-QGFH7VyKMpB8w,development,2
30,8354,36193,VqkAQbCDfCU,UCRK13WgCsr2N6y9cbeEq39g,development,3
30,8355,36199,3Lxin7L4bfM,UCgnFSj7jQffD5V5m05j4dPw,development,5
30,8356,36202,jF5Pi6vSRhI,UCckltLEhFLv8Xz_lQhYfwmg,development,1
30,8357,36204,WMVxoRFsAX4,UCprmDoTgvTMCbo8CInSLBIA,test_reserved,
30,8358,36208,bwGbGhmwzHQ,UCz4AovJf6gmXyGIgRO9ouUw,development,1
30,8359,36209,csVXbJjVlfk,UCbS_glb2N1NVTrDLVryRbng,development,4
30,8360,36210,s6-rGy34Xd4,UC6IHfZ-Rez2LR0PH01YxL7w,development,1
30,8361,36217,yeyLclXspPI,UCvLsvfgY-hbGDtOi2udm4Gg,development,4
30,8362,36222,Q7aFuwIRl_Q,UCL6CPo74VXtsNZokcnIkzmQ,test_reserved,
30,8363,36226,ZhIVl93TagE,UCN5KMxQbOwIrbmJmsR4ojhA,development,4
30,8364,36227,i_y4ZKPJRCM,UC3FNLQ6B3ua_h3YX6mB7TJw,test_reserved,
30,8365,36228,almoqUCV2Bo,UCm8I2aLYgPm_gdzw4SSkiGg,development,2
30,8366,36230,x6GpP36TdIY,UCFYP9-HfFF-Pg7DibBsCAlQ,development,4
30,8367,36231,hB0_svOVXPw,UCU698FK0A1JkE2VADC4fQlA,development,5
30,8368,36236,2f53R2PXni8,UCRDDfbYPHX_GUJ4lcQYTc8A,development,2
30,8369,36243,eFN_ytEY5Tk,UCOHyRrRuD2zGCkpuCAlyOyA,development,3
30,8370,36246,EQeVsXweAzY,UC6ziF4GiQwcEIY1PFqk9iVg,development,4
30,8371,36253,yLw_XhN7hi8,UCV_4W6LL-Iwh0UaT_B6exQg,development,5
30,8372,36262,oMTdgWIP3tQ,UCn0XmAUFv6d2tofMFEesSNw,development,5
30,8373,36276,a4DVNpzYX9I,UC8rcDufKZ3W6CtZU69CtMXg,development,5
30,8374,36279,guD4nrGGns8,UCtZyfc8g7BwrOuPcZz08lTQ,development,3
30,8375,36286,UJZ6wFuNdn0,UC1Q69efAtK3e652Mf2Z4pCQ,development,4
30,8376,36287,uBaEE_jQAUE,UCnd3nepI0YPYVA8DyDrg08g,test_reserved,
30,8377,36301,Ea-Czd03sqY,UCcgkjXIaOrsFR8GLFo3iwOw,development,3
30,8378,36308,moIGcSHoy1s,UCUa0a5l56H0xre3SljFYRgw,development,4
30,8379,36311,bPuHLcXNcmw,UCV-q7cRK5yFYEFzWuoQOmQQ,development,4
30,8380,36313,Hxpd7fjvBzQ,UCOtYyt7W5PmPnwQjWWF_Z-Q,development,3
30,8381,36314,05WgRS4ngcs,UCr5BVR_ePEz_9V-KF5rSEmQ,test_reserved,
30,8382,36316,NUcTIiw4lUc,UCFuygvMWDiyNyxxFe347H9w,development,4
30,8383,36317,x4eb6HZjrzI,UCXm0FsS7PXy0w5HeOkYMi7Q,test_reserved,
30,8384,36319,6j5aA-mCS-k,UCsuLESGzpaFQptadrVNH4Ow,development,1
30,8385,36326,ZcxL26rhhIo,UCw3UDSrbKod4Gk_rSpA5gqw,development,3
30,8386,36333,8c3faBLm1Os,UCckltLEhFLv8Xz_lQhYfwmg,development,1
30,8387,36334,I27afJu_Df4,UCdgWTRipbTuQsIiiPb6fB-A,development,5
30,8388,36344,REq4NaYa2Ek,UCl8Yel7dn0_zNl2O6bUP2tQ,development,2
30,8389,36352,jBV0eXoI4PU,UC0tV1b7IFEXFUUILF7mAcWw,development,5
30,8390,36363,KnFbUSHv7NM,UC2RlY2LHoGOoaU8qRI9sZ9g,development,4
30,8391,36364,jSHOvU3KY2E,UCckltLEhFLv8Xz_lQhYfwmg,development,1
30,8392,36366,TmsdeOEwDww,UCiP6DUi_wjUMfc4bo0yIusQ,development,2
30,8393,36368,9eRu7uKFh54,UCqZllVQ6lt8QJtUrnQ5Fzzw,development,1
30,8394,36369,5jxDNCEljMc,UCAH7R88V7gz7RqJv78nNOzg,development,3
30,8395,36371,5j76G8I2n4k,UCRB8mrLCcwTPlJOMUy9MDUg,development,2
30,8396,36377,v027dsAXPV8,UCbS_glb2N1NVTrDLVryRbng,development,4
30,8397,36381,R-OH4I5tNQk,UCckltLEhFLv8Xz_lQhYfwmg,development,1
30,8398,36393,9GS3YHnCjCk,UCu3jIK2NBSXc0_YaFqEuIrg,development,2
30,8399,36399,rjw_EEIfxiQ,UCCK3OZi788Ok44K97WAhLKQ,test_reserved,
30,8400,36403,4VNuinMq-Ko,UCckltLEhFLv8Xz_lQhYfwmg,development,1
30,8401,36409,NIHlstQnrkQ,UCQTcNhAZidy1i9wwmdgf2Lw,development,4
30,8402,36413,nKem9PCCfMw,UCcijXxFzSXgoM6q9cCtT9PA,development,2
30,8403,36414,sXkFWFmbxJE,UCuJmg9Gw1uO-JGVLk9iACDw,development,2
30,8404,36416,5Q6dfmK1xXg,UCoQOQFHBsBAhobpI8NradTA,test_reserved,
30,8405,36430,08h7YA2Hyto,UC5ZNkdIVKL-M3KrNaCEzveg,test_reserved,
30,8406,36432,ZBSfIPx10-k,UCjKSK3d5r0O78WGnMouSvDw,development,5
30,8407,36437,BKeoMO09ft4,UCh1YbG4SC-R5fBxZgMMuRww,test_reserved,
30,8408,36445,tNQlvZKLdcg,UCuJmg9Gw1uO-JGVLk9iACDw,development,2
30,8409,36449,giRafRAInzE,UCs8-XMlV1sdA56cHlQAgzdg,development,1
30,8410,36457,VW7vwSott1g,UCckltLEhFLv8Xz_lQhYfwmg,development,1
30,8411,36461,LrHciwgh6nY,UCCK3OZi788Ok44K97WAhLKQ,test_reserved,
30,8412,36464,bLRqUmWy5pY,UCuJmg9Gw1uO-JGVLk9iACDw,development,2
30,8413,36471,f5a-jMVurHI,UCqrqt9Egbp4Voh3iEUUoorw,development,3
30,8414,36473,59AzW2Nw6Zc,UCCK3OZi788Ok44K97WAhLKQ,test_reserved,
30,8415,36474,EnDxFM-JRP0,UCn6YTM3fvYdwCOHpdNJBOeg,development,5
30,8416,36487,xd70vQcjkMs,UCc30sTBdN9LRSxEuHaXV_bQ,test_reserved,
30,8417,36490,YpIUCF-ZFmE,UCCK3OZi788Ok44K97WAhLKQ,test_reserved,
30,8418,36493,YkLHuyUX-8o,UCCK3OZi788Ok44K97WAhLKQ,test_reserved,
30,8419,36494,0hTd6Ztze1I,UCijnIlxFiT_sCG1n--8_HEw,development,2
30,8420,36502,Fg8nm7nbI94,UCv28xURTYOApw2GsurpATSg,development,2
30,8421,36506,nTTT5XsRcrE,UCK1KrPXgXaam1S6fF8rRQSg,test_reserved,
30,8422,36507,48wlhPy4l10,UCrVFS_0PdV7AwyTgR13IcVg,test_reserved,
30,8423,36511,fiDvyTkXXWw,UCEieBVk2twUCVeoDDTeXo9Q,development,2
30,8424,36530,vX-U627q29A,UC-c6MH2EkbLgjFT63lAx1Jw,development,3
30,8425,36536,-_22f5ZzrTw,UCckltLEhFLv8Xz_lQhYfwmg,development,1
30,8426,36537,Ikl9veSMAXc,UCVfnhhDIkkBJ_1QyzCqeVDg,development,2
30,8427,36546,UvKxE_p3LPc,UCCK3OZi788Ok44K97WAhLKQ,test_reserved,
30,8428,36549,36hNfR9TNR0,UC6ziF4GiQwcEIY1PFqk9iVg,development,4
30,8429,36553,4tEAUGyIdUE,UCdFAl3bZf7bi7A5HX7USKzg,development,5
30,8430,36555,1iguz5g0Pj0,UCKtTr5Klw1Sh1oYz27Fdbxg,development,2
30,8431,36556,lMHSDegODtQ,UCCK3OZi788Ok44K97WAhLKQ,test_reserved,
30,8432,36557,ArSt_RthpmI,UCckltLEhFLv8Xz_lQhYfwmg,development,1
30,8433,36559,Kvajah-CxTo,UCOtYyt7W5PmPnwQjWWF_Z-Q,development,3
30,8434,36564,_BOPEdhjKwE,UCgnFSj7jQffD5V5m05j4dPw,development,5
30,8435,36578,ya-DRFR1GY0,UClyD0kAmF2WdnI-KsR3pBIA,development,5
30,8436,36581,S_hMgOybh8Y,UCckltLEhFLv8Xz_lQhYfwmg,development,1
30,8437,36592,N_6Zl_eAyIs,UCN3Buj32nQOlbBjWmj1Eoqw,development,3
30,8438,36597,0QP2PBTVfY8,UC_hR1wSDcKjBRTlKtp6LK1A,development,4
30,8439,36600,Tmr9ETJEf68,UCth9R703obgHx665cpiNY9A,development,5
30,8440,36601,zx2WnUShDvc,UCCK3OZi788Ok44K97WAhLKQ,test_reserved,
30,8441,36610,4rizpS-TKQU,UCCK3OZi788Ok44K97WAhLKQ,test_reserved,
30,8442,36613,vgURG_wYOD8,UCckltLEhFLv8Xz_lQhYfwmg,development,1
30,8443,36630,RPVrw1nLoGg,UC5uGexidH3WqbErqSX_EGJA,development,1
30,8444,36638,9wn7gZ9rTDY,UCsAPX_-Yu9O_3dJu0aUj_BA,development,4
30,8445,36639,yI9Zuzun-E0,UCt1uMmva5HBK0qu1hTGGvzA,development,3
30,8446,36642,sMcTiRFTkV4,UCAH7R88V7gz7RqJv78nNOzg,development,3
30,8447,36646,OhF82wTaD2M,UC-c6MH2EkbLgjFT63lAx1Jw,development,3
30,8448,36649,I8h3uOACRVA,UCwrJnrHM2qRjjiSVk1nlx4Q,development,4
30,8449,36660,f-1vV82xsto,UC3tvYy-s84yySG7V85jRDnA,development,4
30,8450,36664,hevE1ygvTbU,UCcijXxFzSXgoM6q9cCtT9PA,development,2
30,8451,36666,r3qmo-TQohU,UCtbui91HtlEMWfoOmvulnTw,development,2
30,8452,36669,Iy4NQRVsLaA,UCJhdo2Kg29_EZwNPvlhzIFg,development,2
30,8453,36677,W6CCDprazCk,UCZ-RBSr_ZD-jWWDgZmFyZyw,test_reserved,
30,8454,36678,TR97me4Ix6c,UCYf829WTg8Cpx_a-cPtgSQQ,development,4
30,8455,36680,fHQmomtJqb4,UCNEf722QEvvmyGaT0HsKxRQ,test_reserved,
30,8456,36681,59YCL6Bnimc,UCCK3OZi788Ok44K97WAhLKQ,test_reserved,
30,8457,36687,_BbfFKIFCis,UCckltLEhFLv8Xz_lQhYfwmg,development,1
30,8458,36688,g9HS9EZA1pY,UCCK3OZi788Ok44K97WAhLKQ,test_reserved,
30,8459,36702,qq5BG7nj1Ms,UCaIc6SgS90ud_RgMSC6hW_w,test_reserved,
30,8460,36709,921mL9RJ5dY,UCbS_glb2N1NVTrDLVryRbng,development,4
30,8461,36713,jiYZguu2ff8,UCafJV2dgvIHYxjKb4GJpV7w,development,4
30,8462,36715,qx6KS1VhvRY,UCOiMY00_ZLijPF6InrCl0TA,development,3
30,8463,36717,fzGHJtJjue8,UCMcaGpzjo0D-d6oSvcg8PtA,development,4
30,8464,36723,7jbZRlPRrZc,UC6jQt9K_jqnBNtsRf7hXHsA,development,2
30,8465,36726,LsBc5kPYlck,UCc1Zs92Xb56Us_XAb2OU7rQ,test_reserved,
30,8466,36729,iy5ZvP3iWVc,UCix7C1KG_SPtiMXommMExNg,test_reserved,
30,8467,36738,-1ryHlNytmM,UCpRnLw-i6ep13w_vh9M9k-g,development,2
30,8468,36749,vY1g4bBLBF0,UC1hcl0aIr9KtXA-Kiq9itqw,development,3
30,8469,36751,l7X_BhjOyHk,UCgnFSj7jQffD5V5m05j4dPw,development,5
30,8470,36757,3MxUn_313ig,UCPdASwipemqGhpK-B-a12Ow,development,2
30,8471,36758,wSOy6ZEo1ww,UC-GRFwciK7JiP8T4tl0pftQ,test_reserved,
30,8472,36763,xiJBADJLV9s,UCt1uMmva5HBK0qu1hTGGvzA,development,3
30,8473,36768,qnCcvU-qoAI,UCckltLEhFLv8Xz_lQhYfwmg,development,1
30,8474,36781,mCONAkmTtQg,UC4VkNi2RZSJyqXsFaJYfsPg,development,4
30,8475,36794,S3CLe0ebCqo,UChOnYwBt6dccs7vny0XBn5A,development,3
30,8476,36798,AvYfDDMhxKI,UCPXSUKHTNc1_hnHuj-UiQWQ,development,4
30,8477,36805,1XiT6U9TFfc,UC7MR3us4z57j_xvDOLcaJOw,test_reserved,
30,8478,36812,cIqJhOni4Vc,UC5mNdm6_f2fv50Hzsg7qW1g,development,1
30,8479,36815,V4ISPN8JbTQ,UCMhmKEOpLnDNmzmKBTg0jeA,development,4
30,8480,36817,Mas_sy8BW2E,UCoNaQS6wefjNVFkwvxrzAYw,test_reserved,
30,8481,36818,feketMa-sus,UCEV_QDyfrCByQlvLum5rQSw,development,2
30,8482,36822,7AqDkPddlw8,UCckltLEhFLv8Xz_lQhYfwmg,development,1
30,8483,36823,vX2FN2XMkJ8,UCgwh9BV2dh6VFO7MxL36iNw,test_reserved,
30,8484,36826,YT69p5uluN4,UCx2bxQGDuQgYPJPYFmIthnA,development,4
30,8485,36836,HhA4h9NqzqM,UCA5xW2Ce7KT2AtxzDYDebCA,development,4
30,8486,36839,-RUYkCC03iQ,UCYweMykEAI5aaRztqrJuuAg,development,2
30,8487,36843,PM_lhQMevVk,UC1hcl0aIr9KtXA-Kiq9itqw,development,3
30,8488,36844,m-ITWgeACP0,UCckltLEhFLv8Xz_lQhYfwmg,development,1
30,8489,36847,qVznTx-QU0g,UCCK3OZi788Ok44K97WAhLKQ,test_reserved,
30,8490,36848,zybFX-bzTjA,UCxPYVvthidICJb75llNXktg,test_reserved,
30,8491,36852,3yaDLe0o1sU,UCAgBGlUKoAQFXMUzshrWDgg,development,1
30,8492,36860,crGOasP8_qI,UCCKHZiPDJ82fWp1kU-_mIlQ,development,5
30,8493,36861,F0yhaYdK39E,UCPXSUKHTNc1_hnHuj-UiQWQ,development,4
30,8494,36865,eFO20NBm-WY,UChwjz-THeefGm2mSbYB37Wg,development,3
30,8495,36867,HULPm59GMns,UCwsNWoSlQUyeWgbVQYZtLOA,development,2
30,8496,36869,XVJb0-QL3KQ,UC9iEv8PqeHuC3ZVt0QqN-pQ,development,4
30,8497,36870,qcJrTv5s7HE,UCM19g5ow7vLXDTYx_j9Z7VQ,test_reserved,
30,8498,36872,1-WrZyPyRX8,UCKkRSuLQBs2oErUCgivn8mw,development,2
30,8499,36874,ve3UNrKDuVM,UCPXSUKHTNc1_hnHuj-UiQWQ,development,4
30,8500,36876,__mKpWW8YtU,UC5ZNkdIVKL-M3KrNaCEzveg,test_reserved,
30,8501,36884,Gzrl-tMOzOw,UCALlP9-ExjCgzVht-m5zDsg,test_reserved,
30,8502,36893,LXYxcreQt3U,UCTO9f5qKoCLHF21OLaROdEA,development,5
30,8503,36902,zx8R0HEyuMI,UCx92wsCDH3A2jKCcNV85HOw,development,5
30,8504,36903,vGB-rXaKqv4,UCT83ymyAGm7Gnk_4ifxjxIA,development,4
30,8505,36907,ziW8orIrRLk,UCZ-RBSr_ZD-jWWDgZmFyZyw,test_reserved,
30,8506,36909,fARSssLURZc,UCNckXAcrwqCXYVLJrnCuQFA,development,1
30,8507,36920,1hdSuAK9B1M,UCh9qXeL8eP3Txra2908xksg,development,3
30,8508,36929,WVQxj-Y03_g,UCGwSu8n08wtb7RVacaPs9Tw,development,3
30,8509,36934,zxA9H9Ofj-4,UCO_66skZM2AyW8lgXawoPiw,development,4
30,8510,36937,cMCBO6KEHeg,UCIoyIVPZEfC2p0dQwAxGiEw,test_reserved,
30,8511,36938,AObrrphyRaI,UC1hcl0aIr9KtXA-Kiq9itqw,development,3
30,8512,36940,HbFchVez6zU,UCpuPGR3ahfP8LPkePle4qBQ,test_reserved,
30,8513,36941,K9bbIdRQKcY,UCCK3OZi788Ok44K97WAhLKQ,test_reserved,
30,8514,36942,TLH3lpaslK8,UCOtYyt7W5PmPnwQjWWF_Z-Q,development,3
30,8515,36947,r1e9nIlGo5g,UCSfmHr5cQvlVKR2f6p8T01w,test_reserved,
30,8516,36953,AYCAw-uw_Do,UCPfU0uygBGutjaaJU5PpEvg,development,2
30,8517,36954,JbEVGvWtbBU,UCZEXdsMN3HWEz34uY5PbtXA,test_reserved,
30,8518,36958,xarA7cf9DpQ,UCjX5zm1l8VZfEzAVMHKJSAg,test_reserved,
30,8519,36963,aa-qjOHQrYQ,UC7U7rMM_l97Zl6GbRC2lLqA,development,2
30,8520,36965,nfj38rOWP0A,UCckltLEhFLv8Xz_lQhYfwmg,development,1
30,8521,36968,6Yzl5ZtJ5so,UC1YGPDtctHGJWW0NrlQVklw,development,5
30,8522,36969,2qCO_1tvvi4,UCCK3OZi788Ok44K97WAhLKQ,test_reserved,
30,8523,36970,mAmNf6Safgw,UClSIhhnuyF8fXtBTpOOTknA,development,2
30,8524,36977,O3q6BnSR3G0,UC6aSX46078fvOY9bY9ZUTYw,development,4
30,8525,36978,ZEpisFd3Wss,UCK71gEn4lLLToHx50jwMyNg,development,2
30,8526,36979,WjQD6r_VrJc,UC4_9osAS7WwBFEj-ygHSvHw,development,4
30,8527,36991,fGpAtnv5Bjo,UCZFZrF8lZizsW3io-ONv_Ig,development,5
30,8528,36999,US-eNUrP62g,UCMxeqmVKOqiqh7V_A3h4gfA,development,2
30,8529,37004,kEHhlAqlrEU,UCMQg72D9bcWjW-umvECrcAQ,development,1
30,8530,37010,qCd8YhUj_Vw,UCBf296-OhUNfaDbtcYQ4RQQ,development,5
30,8531,37014,f5eA1EB2wRg,UCLNz9bgiJfM3ImTtYDOt8Ew,development,4
30,8532,37017,7BDC_2wijMU,UC8qBNfgWRK_WYYGSmmrfgPA,development,4
30,8533,37021,LasQ4hI0an4,UCYga1ycTsoZn6Y_xlrdw0iA,development,4
30,8534,37028,8zPmQUM87bE,UC2GNitBc9qBFZd0329eYOPg,test_reserved,
30,8535,37035,UP8wUWF44iQ,UCU9pquukCdVxwA6Hptvf_Tw,test_reserved,
30,8536,37037,3zQQ83CgzTI,UCckltLEhFLv8Xz_lQhYfwmg,development,1
30,8537,37042,YvhOSeotj28,UCRDDfbYPHX_GUJ4lcQYTc8A,development,2
30,8538,37043,n_l2aVn6lF0,UC_K3CNn5jlFvgCx7cpKiCYA,development,1
30,8539,37048,YbP3IGWMHS8,UCckltLEhFLv8Xz_lQhYfwmg,development,1
30,8540,37053,aR3LMjlixmU,UCRDDfbYPHX_GUJ4lcQYTc8A,development,2
30,8541,37055,rLK7bxqAQIw,UCOtYyt7W5PmPnwQjWWF_Z-Q,development,3
30,8542,37056,gWSNmyiSjDc,UCcrsFwwoMvcXYpJ0XldIlVQ,development,5
30,8543,37067,3ZGOgSz1QbA,UCXLyL2Fg5DZouTYsYtRT0WQ,development,2
30,8544,37072,34dEAncmkcE,UCs7S1q9lLPbNFfKxj_2cLpA,development,1
30,8545,37076,hWVWh0AGs5k,UCu3jIK2NBSXc0_YaFqEuIrg,development,2
30,8546,37078,JvDh9XNN86A,UCCK3OZi788Ok44K97WAhLKQ,test_reserved,
30,8547,37079,Ij4v-5aCics,UCjYAhUnrkBujtKI3j3LM2uA,development,1
30,8548,37086,giDSN7hfNb0,UCCK3OZi788Ok44K97WAhLKQ,test_reserved,
30,8549,37087,tDplxKSgvR8,UC9ydRoXpQVhwb3sM7VY8xNg,development,3
30,8550,37091,LshuJnnVmZk,UC7di5zivMKpYOmhyhZ2nVvg,development,4
30,8551,37092,uBcNMQ_TlfA,UCG0j1mTQov3RVBgLgh6wbKg,development,5
30,8552,37098,zjuVTPIqwdg,UCylM3lbHnrtayjSl6fzDxDQ,development,3
30,8553,37100,h35VL4QYmwA,UC_d3UQ1v8KP1JNFOBmV63xA,development,5
30,8554,37111,0s_l8s_Mr7A,UCZNreSxdvd50nzMz5zkXg4w,development,5
30,8555,37112,LtJVg3Z4sPw,UCckltLEhFLv8Xz_lQhYfwmg,development,1
30,8556,37121,cikR_yR9Th4,UCkagcQYGoYFuXsUg-ObSL6A,development,5
30,8557,37124,FvnN_TmJEOU,UCfQfw--8dPGypR7sGcXJz0w,development,5
30,8558,37127,GWSX_zjtGVA,UCPXSUKHTNc1_hnHuj-UiQWQ,development,4
30,8559,37130,p0v-XT_QLiw,UC22LfvKY_7Ibkt5I5wFqwfg,development,4
30,8560,37138,kPRv4L4rm_w,UCm8I2aLYgPm_gdzw4SSkiGg,development,2
30,8561,37153,zBzPrcvuh18,UCZXcD8T3zClfNAlDwHCdg6w,development,4
30,8562,37155,gIzY7j57qT8,UCCK3OZi788Ok44K97WAhLKQ,test_reserved,
30,8563,37156,0Ugaa4eM2TU,UCcijXxFzSXgoM6q9cCtT9PA,development,2
30,8564,37157,C0d3rp9JAeE,UCckltLEhFLv8Xz_lQhYfwmg,development,1
30,8565,37159,oFkjGpDoE8I,UCCK3OZi788Ok44K97WAhLKQ,test_reserved,
30,8566,37166,04_GbBUdh1U,UCsAPX_-Yu9O_3dJu0aUj_BA,development,4
30,8567,37180,sBeo97y_PI8,UCaESx7Bdghv_UICcG1hBkcg,development,2
30,8568,37184,nYpyuoADInc,UCQTcNhAZidy1i9wwmdgf2Lw,development,4
30,8569,37185,lt2AL-p22nc,UCckltLEhFLv8Xz_lQhYfwmg,development,1
30,8570,37186,pv1nsccXy3Q,UCc30sTBdN9LRSxEuHaXV_bQ,test_reserved,
30,8571,37187,NdR1V5Ve0aU,UCEieBVk2twUCVeoDDTeXo9Q,development,2
30,8572,37192,Uj0-y3Z0oOk,UC-GRFwciK7JiP8T4tl0pftQ,test_reserved,
30,8573,37193,pRTuhBkfUIk,UCwm5-5k4apHsjjy6g8j6tQg,development,2
30,8574,37198,2QbTMkdIb3c,UCc30sTBdN9LRSxEuHaXV_bQ,test_reserved,
30,8575,37207,v5P3sih6jTY,UC2GNitBc9qBFZd0329eYOPg,test_reserved,
30,8576,37218,pP_o28bV2zE,UCHT6F9HJ9DtLUjTOH16yg6g,development,3
30,8577,37220,ihKRfsHFZPk,UCcbOsE5_4LEjtQi8X2PFxDw,development,2
30,8578,37222,u5znYY7t0-0,UCCK3OZi788Ok44K97WAhLKQ,test_reserved,
30,8579,37223,MhyToGrcvWw,UCCK3OZi788Ok44K97WAhLKQ,test_reserved,
30,8580,37228,oSrTz6A1aos,UC4_9osAS7WwBFEj-ygHSvHw,development,4
30,8581,37231,Ptw3AyHnkf8,UCT83ymyAGm7Gnk_4ifxjxIA,development,4
30,8582,37233,t1ayGaDdPCY,UCgnFSj7jQffD5V5m05j4dPw,development,5
30,8583,37240,rkJnm6zHaoU,UCUh8FFbl1BfRmzL9t4Fkykw,test_reserved,
30,8584,37245,vyiB0sc_eNw,UC1CkcuwxCW_dIchuR0tTCJw,development,4
30,8585,37248,cB3744jj4rQ,UCbS_glb2N1NVTrDLVryRbng,development,4
30,8586,37251,FOGlBqRyBNs,UCql-jEixeuMcyabHRYqr-Zw,development,3
30,8587,37255,ZW8GkMb69WI,UCDqFysWGVtduHRyawK8oJkw,development,5
30,8588,37258,CwmpfI-KPHs,UCXWZGzBJjw0VUPU3Em5gFlQ,development,4
30,8589,37265,7mk1PE4yzFI,UCoNaQS6wefjNVFkwvxrzAYw,test_reserved,
30,8590,37266,r6UgAxMLp8s,UCvZpRt_4T2NlC9111RxNBug,development,2
30,8591,37268,Eebxjiq2Efg,UCf2Iar2LDcFaSCnVH1ZMUkA,development,4
30,8592,37270,OiVR06CBWHA,UCnTs-j8U-bGh0GJ4xC-NPqw,development,3
30,8593,37273,-4t_KPY8Ki0,UCckltLEhFLv8Xz_lQhYfwmg,development,1
30,8594,37278,q26fv0umww4,UCxAkK6_mU-y8NownflBHl7A,development,2
30,8595,37279,9KlaOovvzpg,UCCK3OZi788Ok44K97WAhLKQ,test_reserved,
30,8596,37280,6RHYYaNBWvo,UC0554zf4RvVkxwt_tS4Wx_g,test_reserved,
30,8597,37283,aBUgVBTWB8k,UC6yh7ac2hUGUbrZl_IXwoug,development,5
30,8598,37292,C5pKtIxhBP0,UCh9qXeL8eP3Txra2908xksg,development,3
30,8599,37299,2LGVaijuHJU,UC2oGrNhMUyWu5yzEJ_j1PMA,test_reserved,
30,8600,37304,DjoEyPpmTEU,UC8rcDufKZ3W6CtZU69CtMXg,development,5
30,8601,37309,XN02YdqXNq0,UCiPqzkmX93ta8vFwMVS81oQ,development,3
30,8602,37310,HR8ef5RLGAU,UC6jQt9K_jqnBNtsRf7hXHsA,development,2
30,8603,37312,T2pv5JGAwJA,UCmKxhMStMwZZ1gdOg1YZQug,development,4
30,8604,37324,4tuXfFVN6p0,UCS7TOzC8cRTnUklI6cch2zA,test_reserved,
30,8605,37333,nUCmBRMiPOE,UCLA8Ovy_NPAwMWvr8IEDquw,development,4
30,8606,37336,Mx5Y5CHjTvs,UCgnFSj7jQffD5V5m05j4dPw,development,5
30,8607,37339,HLFOF0Wl7sI,UCEuS493FuYJu_jGLfEjksUQ,test_reserved,
30,8608,37343,-PfLUO7l7qc,UCCK3OZi788Ok44K97WAhLKQ,test_reserved,
30,8609,37344,Dd5wntt8J8s,UCp3JwFW1xiUY4QwLqSsbNyw,development,2
30,8610,37347,C12n1aChRn4,UCckltLEhFLv8Xz_lQhYfwmg,development,1
30,8611,37352,cXWCFifuDtI,UCCK3OZi788Ok44K97WAhLKQ,test_reserved,
30,8612,37358,dXXDSElTbVM,UCCK3OZi788Ok44K97WAhLKQ,test_reserved,
30,8613,37367,wm30_57j-ag,UCn0XmAUFv6d2tofMFEesSNw,development,5
30,8614,37371,nZzfPmziDws,UCOiMY00_ZLijPF6InrCl0TA,development,3
30,8615,37373,rem0jNrjAoE,UCHZ6l32mEskYLDm1OkjFO3g,development,5
30,8616,37378,ka-RxZ2XOZI,UCDyQcvr-Lu0rbfEMECgwUFg,development,2
30,8617,37388,MFcX5n22HJs,UCCK3OZi788Ok44K97WAhLKQ,test_reserved,
30,8618,37395,WZPL__S2Q3U,UC944GuW0gSM0srEsZSZRQEQ,development,1
30,8619,37396,wPG2HX5NUM8,UCXm0FsS7PXy0w5HeOkYMi7Q,test_reserved,
30,8620,37397,M2qqwCcD5hc,UCK7K6a0WPm-QIUD7D1hqQSA,development,2
30,8621,37398,BagkReK1ArA,UCckltLEhFLv8Xz_lQhYfwmg,development,1
30,8622,37399,VBz_0fOjdsk,UC1hcl0aIr9KtXA-Kiq9itqw,development,3
30,8623,37402,7HaZH4B2vK8,UCdYKWxPPJG4GBg_YdB33vKQ,development,2
30,8624,37410,_QuoAFWeul8,UCO1V4cx38VioEk7rA_zNhYQ,development,5
30,8625,37414,4ea8s6GS-Wo,UCc30sTBdN9LRSxEuHaXV_bQ,test_reserved,
30,8626,37418,88bK0RYWxlo,UCUzsesaP5G628WVuqEckF8w,development,5
30,8627,37424,OBXNn766F5U,UC1hcl0aIr9KtXA-Kiq9itqw,development,3
30,8628,37425,cmX6A08qWMU,UCZviWuwUI9NuYnQpO9sqLQA,development,1
30,8629,37426,XGTjRYLvuao,UCp3vt0JWTbhd15j9PSn3RnQ,test_reserved,
30,8630,37429,1KPZHI9gUFw,UC1hcl0aIr9KtXA-Kiq9itqw,development,3
30,8631,37435,TuBnlbPTJUU,UCM3bQBUJ0PEbgfe9lAw_Y3Q,development,3
30,8632,37437,hTXMmdnHVU4,UConDLpzQN5uiqRMUD1yYKZQ,development,2
30,8633,37457,0_dPPrlZak0,UCbS_glb2N1NVTrDLVryRbng,development,4
30,8634,37467,kM_CAPvplFw,UC1YGPDtctHGJWW0NrlQVklw,development,5
30,8635,37468,utpmMPrOkpw,UCCbm1E52PV05ZLv6dtRB92Q,development,5
30,8636,37472,8aacl5wdAvM,UCcwCsuV7bOpTfqf2UvLfYmg,development,2
30,8637,37474,0rVp835kgqg,UCs_mHlm5_C82W5WCIJaSMbQ,test_reserved,
30,8638,37478,WtsBnGHErAM,UC6MkngMDyobFNaXOZR0ukyQ,development,1
30,8639,37479,EGKjgSGv4eI,UCocTGar6qlhml1oAUBWMQTg,development,3
30,8640,37480,hWMJc-MHMNk,UCAcPvtBwVq1vqSyPdhqD-UA,development,1
30,8641,37484,HjmyRM5ai7s,UCPVi34cCAfFZjs6gTlcfZJw,test_reserved,
30,8642,37485,U01DrIEDzNE,UC1BSMzeIFCVLaTI2-l8mJbw,development,2
30,8643,37498,kB35qd-0evU,UCluX2aszbegi4QBNHFQP63A,development,5
30,8644,37499,p-OQzt2oPv4,UCKIu3ZRCEk_oOygPzjVStfQ,development,1
30,8645,37503,1H_C5sWLh9I,UCVfnhhDIkkBJ_1QyzCqeVDg,development,2
30,8646,37517,96PfmC2lClI,UCqrqt9Egbp4Voh3iEUUoorw,development,3
30,8647,37519,47TqZJpodKU,UCL2-XMQvlfS7wzgqIxiCwYg,development,3
30,8648,37528,GfSqhi7cjzs,UCRDDfbYPHX_GUJ4lcQYTc8A,development,2
30,8649,37530,c9k-vPUumv4,UCcrsFwwoMvcXYpJ0XldIlVQ,development,5
30,8650,37531,70gFTUwdVhM,UCcijXxFzSXgoM6q9cCtT9PA,development,2
30,8651,37533,N4uflqYsqG4,UCXozlWD-wtlZeWkC5Cl-oGQ,development,1
30,8652,37535,NC5OSVjo110,UCh9qXeL8eP3Txra2908xksg,development,3
30,8653,37536,-Pfl4FLGl6w,UCbS_glb2N1NVTrDLVryRbng,development,4
30,8654,37538,fmn_eBpwemU,UCcijXxFzSXgoM6q9cCtT9PA,development,2
30,8655,37539,FDXEH3-e7bg,UCCK3OZi788Ok44K97WAhLKQ,test_reserved,
30,8656,37541,Hi51OyAnisI,UCRDDfbYPHX_GUJ4lcQYTc8A,development,2
30,8657,37542,Qoj50akWJ1M,UCRDDfbYPHX_GUJ4lcQYTc8A,development,2
30,8658,37546,aAy4D9L4MaA,UCUBN8f1H_gd7aulxB-Ik4tA,development,3
30,8659,37557,39gniE9V4DI,UCo-ddanTzDs59ea_IG5U52w,development,5
30,8660,37566,qmtoCjqN1mM,UCRDDfbYPHX_GUJ4lcQYTc8A,development,2
30,8661,37568,tPYCdINgsGE,UC1YGPDtctHGJWW0NrlQVklw,development,5
30,8662,37571,xlcbymuNFyM,UCcrsFwwoMvcXYpJ0XldIlVQ,development,5
30,8663,37575,xRWxmsyttzM,UCmqflTSJ6911aCrnaWIXxsA,development,3
30,8664,37577,GHmuGrNFHNs,UCPfU0uygBGutjaaJU5PpEvg,development,2
30,8665,37578,VYMQ3sP5c-Q,UCMayHG7j39d11Gh36vV7GnQ,development,3
30,8666,37581,9WAbZR1J53U,UCckltLEhFLv8Xz_lQhYfwmg,development,1
30,8667,37582,f9jUmpndz-I,UCbS_glb2N1NVTrDLVryRbng,development,4
30,8668,37601,Gt4qz0XyxI8,UCaESx7Bdghv_UICcG1hBkcg,development,2
30,8669,37608,oIt_4Adsc4Y,UCPnbFJ_15olgalHziNWxtcA,development,4
30,8670,37610,tXoWvvdOq0I,UCn0XmAUFv6d2tofMFEesSNw,development,5
30,8671,37613,91FA6EWSZRI,UC1YGPDtctHGJWW0NrlQVklw,development,5
30,8672,37619,ShIwCVcEqww,UCckltLEhFLv8Xz_lQhYfwmg,development,1
30,8673,37621,ql4TpmMr5aM,UCa3BMXA9qcVqMtfnq7d977w,test_reserved,
30,8674,37622,nBDan8qo3PA,UCgnFSj7jQffD5V5m05j4dPw,development,5
30,8675,37625,-02V9Qu-SOQ,UCqrqt9Egbp4Voh3iEUUoorw,development,3
30,8676,37627,RzzsD8vsjPI,UC6Pfh3FrYriEOKf5bd19V3A,development,4
30,8677,37628,LwhZ6dFy6G0,UCbS_glb2N1NVTrDLVryRbng,development,4
30,8678,37629,CJ68GIc0PA4,UCfQfw--8dPGypR7sGcXJz0w,development,5
30,8679,37632,jUZwycQSQQk,UCfAeNe2qXKk5slB2sF4vKDw,development,5
30,8680,37634,I2__MU9MFaY,UCXn1a_JRiiunkEVS9tamdCA,test_reserved,
30,8681,37638,8uT--ZOJR4Q,UCpRgfr4_Eax0HHa2rwkRQ2w,development,1
30,8682,37639,tzuUf7WUNNE,UCPXSUKHTNc1_hnHuj-UiQWQ,development,4
30,8683,37640,s9hiziNfew4,UCcijXxFzSXgoM6q9cCtT9PA,development,2
30,8684,37644,MKVoEZrsuoY,UCrhkgHTUdZXbCd69TNuQuMg,development,4
30,8685,37645,3IVW-0DmFhU,UCt1uMmva5HBK0qu1hTGGvzA,development,3
30,8686,37646,d6O-_5u_qMA,UCdBa6c5Aj2_rEFFSwlxDhlw,development,5
30,8687,37652,VeCgYcgiQnQ,UCWwo8NBrDNOb5EEZadW3iWA,development,1
30,8688,37653,BIYGAQ_EPIg,UCPfU0uygBGutjaaJU5PpEvg,development,2
30,8689,37654,uW5gYOkf5nI,UCtnFdFtN_fDK-xHkgGtgloA,development,2
30,8690,37659,Sph1bKM_2XA,UCckltLEhFLv8Xz_lQhYfwmg,development,1
30,8691,37663,4gNsaq8gebs,UCcijXxFzSXgoM6q9cCtT9PA,development,2
30,8692,37665,xGJB_--jCA8,UCa79Dm6QBH4i8PAmTrfQPXQ,development,2
30,8693,37667,q6cxOkbFKEg,UCckltLEhFLv8Xz_lQhYfwmg,development,1
30,8694,37671,Z2e3lku0JQI,UCWBGcCHKv85MuFwgax4oc9w,development,4
30,8695,37700,Zn2BsX04u2I,UCfG1KjPgXr137xDf4RJMtCg,test_reserved,
30,8696,37701,ZYyX4j_0WEM,UCMQg72D9bcWjW-umvECrcAQ,development,1
30,8697,37703,ZCOH-OvB89s,UCCK3OZi788Ok44K97WAhLKQ,test_reserved,
30,8698,37706,PnD56X7akCI,UCfQfw--8dPGypR7sGcXJz0w,development,5
30,8699,37711,b6B9ELJzzB4,UC4RBCrw6cMvOXz4eNkIgbnA,development,3
30,8700,37713,P9dzhMcqJ_8,UCCK3OZi788Ok44K97WAhLKQ,test_reserved,
30,8701,37718,4ClNYGKf_oE,UCcspHoBTj_aLhnJLwkMpWHQ,development,3
30,8702,37725,h7ZfwveDivI,UCRDDfbYPHX_GUJ4lcQYTc8A,development,2
30,8703,37726,64SmZdrZ5k0,UC6aSX46078fvOY9bY9ZUTYw,development,4
30,8704,37732,SCWzxOr8ZU8,UCmTrMV3RUj_n8dO0Ff-wHOQ,development,3
30,8705,37735,gdaCvsiROkk,UCOtYyt7W5PmPnwQjWWF_Z-Q,development,3
30,8706,37739,zhxCgInF3fs,UCAH7R88V7gz7RqJv78nNOzg,development,3
30,8707,37741,9bhpGws7nGY,UCckltLEhFLv8Xz_lQhYfwmg,development,1
30,8708,37749,Qc3N78JRM2U,UC5p0VT3GMM-PEYL_gulNSnA,development,3
30,8709,37759,zKtLu_bYpc0,UC1ixNJgWmSq34rDBnh78CTQ,test_reserved,
30,8710,37778,hxCGx--jTfc,UCIoyIVPZEfC2p0dQwAxGiEw,test_reserved,
30,8711,37780,6qrdZxSP7YQ,UCVXCitEEweQox0oyIsJONrQ,development,3
30,8712,37786,IgCS0FqBS-0,UCCK3OZi788Ok44K97WAhLKQ,test_reserved,
30,8713,37794,F03yMEM-0F4,UCCK3OZi788Ok44K97WAhLKQ,test_reserved,
30,8714,37807,gK2DcOelpSg,UCckltLEhFLv8Xz_lQhYfwmg,development,1
30,8715,37810,gy6iUM0fGF4,UC8qBNfgWRK_WYYGSmmrfgPA,development,4
30,8716,37822,1Y-A4FEqcZE,UCgnFSj7jQffD5V5m05j4dPw,development,5
30,8717,37826,Fd25dshrtbs,UCowiYUdbNsL9qVmpY9Z0jLQ,development,3
30,8718,37828,RjRfJvMdheA,UCCK3OZi788Ok44K97WAhLKQ,test_reserved,
30,8719,37831,FCzJDPIF0vM,UCn0XmAUFv6d2tofMFEesSNw,development,5
30,8720,37845,gRoyF-6wFOg,UCWwo8NBrDNOb5EEZadW3iWA,development,1
30,8721,37846,HiAK9lUYSZA,UC1YGPDtctHGJWW0NrlQVklw,development,5
30,8722,37849,MKIRJIbYQWg,UCNi9ygXyC_Tyeae5F_WEIPQ,development,2
30,8723,37850,75qCIKB5BNg,UCckltLEhFLv8Xz_lQhYfwmg,development,1
30,8724,37855,T9y3TzRGI2U,UCgnFSj7jQffD5V5m05j4dPw,development,5
30,8725,37856,F4JO85-fRZo,UCU9pquukCdVxwA6Hptvf_Tw,test_reserved,
30,8726,37862,g3IyCSyA0bg,UCxEgUOusX-Z7f7zWK_aA79A,development,5
30,8727,37864,KwVZRAsFTxI,UCG0j1mTQov3RVBgLgh6wbKg,development,5
30,8728,37868,cuPN5z_zCA4,UC-dHEjWS4CibzGtijQC6cOg,test_reserved,
30,8729,37870,fHw9PpyGbO8,UCckltLEhFLv8Xz_lQhYfwmg,development,1
30,8730,37875,IkKFF_8_Cvc,UC__zN6_8I7phHInACG56kvg,development,1
30,8731,37883,SazGWhZF4FI,UCCK3OZi788Ok44K97WAhLKQ,test_reserved,
30,8732,37894,YaP5j2JIGl0,UCc30sTBdN9LRSxEuHaXV_bQ,test_reserved,
30,8733,37898,Ekd9cpU0WXA,UCM3bQBUJ0PEbgfe9lAw_Y3Q,development,3
30,8734,37901,vop5IKA88W4,UCOtYyt7W5PmPnwQjWWF_Z-Q,development,3
30,8735,37905,lDjWaZp-M5s,UCQTcNhAZidy1i9wwmdgf2Lw,development,4
30,8736,37911,sb4ZVhs1COM,UCckltLEhFLv8Xz_lQhYfwmg,development,1
30,8737,37912,sRLXQ7t_lxs,UCr5BVR_ePEz_9V-KF5rSEmQ,test_reserved,
30,8738,37913,vS5IB4Verb8,UCn0XmAUFv6d2tofMFEesSNw,development,5
30,8739,37916,e6sIW2LCgiU,UCQN2cRMiB1BkljRswBN802g,development,4
30,8740,37924,4RFrSxL4mnE,UCNnL7JQhtBvNZWn9Cg13i2Q,development,1
30,8741,37933,2c5wKV6BTlI,UCm8I2aLYgPm_gdzw4SSkiGg,development,2
30,8742,37958,UDc7lPl9TGo,UC4eGpfS24gqdLVjR0S4Wgow,development,3
30,8743,37961,8MQaLMTlFF8,UCN5KMxQbOwIrbmJmsR4ojhA,development,4
30,8744,37962,QSzZvB2hkeI,UCckltLEhFLv8Xz_lQhYfwmg,development,1
30,8745,37964,ZstghtEJZ80,UCckltLEhFLv8Xz_lQhYfwmg,development,1
30,8746,37983,C2HnR-mhSbM,UC2GNitBc9qBFZd0329eYOPg,test_reserved,
30,8747,37986,e_2f4I5w5hk,UCv28xURTYOApw2GsurpATSg,development,2
30,8748,37987,dYWJxUECb0o,UCY54zZxgIA8bHw-oP5JewwQ,development,3
30,8749,37988,a8z7HCJx2oA,UCckltLEhFLv8Xz_lQhYfwmg,development,1
30,8750,37995,Q_zw98E-ZXA,UC_AuTY5qqpUUYFLSDQIbOsg,development,4
30,8751,37996,gKn9Bv16Kfc,UCWwo8NBrDNOb5EEZadW3iWA,development,1
30,8752,38003,JkXXI2Tiizk,UCReF_78PPPdU7kKodNtBwMg,development,3
30,8753,38004,wt-ylRDxa5Q,UCckltLEhFLv8Xz_lQhYfwmg,development,1
30,8754,38006,EzHn3PXs09M,UC5bP8uSDBQGh4Qn_g5QrWnw,development,2
30,8755,38016,sUT13xCCLvA,UCaESx7Bdghv_UICcG1hBkcg,development,2
30,8756,38018,jw8CHICzQBg,UCckltLEhFLv8Xz_lQhYfwmg,development,1
30,8757,38027,jie4SvvY0I4,UCyaIoiqUyGoO7u6jIZm3h6Q,test_reserved,
30,8758,38028,8DiJtxgz094,UCckltLEhFLv8Xz_lQhYfwmg,development,1
30,8759,38029,1MBu-xGt0_g,UCoNaQS6wefjNVFkwvxrzAYw,test_reserved,
30,8760,38031,hlKuCHiP8_s,UCYga1ycTsoZn6Y_xlrdw0iA,development,4
30,8761,38033,00tr8Tbe8zc,UC-InXGUDXmIVAZG7efBiU7A,development,1
30,8762,38036,4HluUrs-Ewc,UCIKg0Ev6Vq2M7hU7bL_jHFQ,development,3
30,8763,38039,ZxtgwD9Vxs0,UCsuLESGzpaFQptadrVNH4Ow,development,1
30,8764,38040,Vszi8V2nlzk,UCweDTnElSgujDbt3yoNTx4g,development,2
30,8765,38045,WerEyQa8BIk,UCCK3OZi788Ok44K97WAhLKQ,test_reserved,
30,8766,38049,Ue6T21lQ-z0,UC8rcDufKZ3W6CtZU69CtMXg,development,5
30,8767,38050,afPQ6ugRtzE,UCxQQ7T5UMck1aKxzBmyt4rw,development,5
30,8768,38052,d99wARQPv0Q,UCJYKPGIdXwKwge6dSopbzbA,development,1
30,8769,38053,8b5mJx4n9YE,UCckltLEhFLv8Xz_lQhYfwmg,development,1
30,8770,38055,TYLlMhdxjvU,UCsAYQL3fa-MtbeWv2aM5ntQ,development,4
30,8771,38056,5VZondNR3SU,UC2q8im1fqNqwN0xEtlGwi1Q,development,5
30,8772,38062,Qs71_RxarBg,UCckltLEhFLv8Xz_lQhYfwmg,development,1
30,8773,38063,Txul2_FIH3c,UCgnFSj7jQffD5V5m05j4dPw,development,5
30,8774,38067,uB20qegpoFE,UCf2Iar2LDcFaSCnVH1ZMUkA,development,4
30,8775,38069,cW9OGTEQRJ8,UCNEf722QEvvmyGaT0HsKxRQ,test_reserved,
30,8776,38074,b1f44pyl9Vk,UC3cLeuBcLQ2vwEbVfdlfXyg,development,5
30,8777,38080,25p5cTgJwxE,UCOtYyt7W5PmPnwQjWWF_Z-Q,development,3
30,8778,38091,CRjBTGwWdRc,UC9y7Wh-inBLM44vBwc9MGJg,development,2
30,8779,38101,1y-_Yod5eds,UCYweMykEAI5aaRztqrJuuAg,development,2
30,8780,38106,y5SvKiNYNMI,UCDoXItIw1akXVz4Gk_F8CDw,test_reserved,
30,8781,38108,s-p5r8NPXIA,UCLuP7ROjaueiuNbzrvPqXSQ,development,3
30,8782,38109,Q5i2USi2OHA,UCQTcNhAZidy1i9wwmdgf2Lw,development,4
30,8783,38114,lsi8iNj8fME,UCPZ5BVdQNI36_gBwBLhPUiQ,development,1
30,8784,38116,h2BjeyAQymA,UCu3jIK2NBSXc0_YaFqEuIrg,development,2
30,8785,38127,sl3CV6RaayE,UCTa7XGYF8a8jFVozt8rEIlw,development,2
30,8786,38132,SojBp-QyfVg,UCaESx7Bdghv_UICcG1hBkcg,development,2
30,8787,38133,t13GVo3s-Qc,UCckltLEhFLv8Xz_lQhYfwmg,development,1
30,8788,38135,1W5V4ZHo8o4,UCCK3OZi788Ok44K97WAhLKQ,test_reserved,
30,8789,38143,1hwtmRsMdkU,UCA4N4qep0RLPt94J_4SC8pw,development,1
30,8790,38145,c0aJRDAemi8,UCsDDVBdzvMMZaQtF8vaC9bg,development,3
30,8791,38148,UR1bnlZJJd8,UCVfnhhDIkkBJ_1QyzCqeVDg,development,2
30,8792,38157,AJIk0otJRp8,UCOtYyt7W5PmPnwQjWWF_Z-Q,development,3
30,8793,38160,tzabvzLEUzQ,UC8V2JK1OCDJ7yOIBBNPzVEg,development,3
30,8794,38161,wpFtXnFuz9o,UCuJmg9Gw1uO-JGVLk9iACDw,development,2
30,8795,38162,zLMF2GRH2mc,UCCK3OZi788Ok44K97WAhLKQ,test_reserved,
30,8796,38164,A6Ts8nttW6w,UCn0XmAUFv6d2tofMFEesSNw,development,5
30,8797,38166,jP_dEoSLRTQ,UCF3FOALs3bDzcdfW0xdYbSA,development,2
30,8798,38168,T58ezRYVm3U,UCcy3exSBk-B1tfIAxHnxgzw,development,2
30,8799,38170,CxNQ4CEwhh8,UCe6HjoReyFQoc4Q9SAmNAHA,development,4
30,8800,38174,YCE3QpuSGYM,UCoNaQS6wefjNVFkwvxrzAYw,test_reserved,
30,8801,38176,infgduOV6vw,UChlvAvH3N7Xd29DuAJgv0Mg,development,1
30,8802,38180,wzD2Fk74-00,UC-vTBToHrXuxkqSJ3OEqS0Q,development,2
30,8803,38181,912iK1DcORc,UCFuygvMWDiyNyxxFe347H9w,development,4
30,8804,38184,Lp8ERFfNo28,UCCK3OZi788Ok44K97WAhLKQ,test_reserved,
30,8805,38188,s7A8FgkvEG4,UCT83ymyAGm7Gnk_4ifxjxIA,development,4
30,8806,38203,JrkpVZI5_qM,UCWnYU_OGWX9P_Yv17M-qKCA,development,4
30,8807,38207,_0r3wlmDnoY,UCbR7juPwtP-bV_w0840ciYQ,development,3
30,8808,38208,JZO7rJX0Eu8,UC2b5VAYjsOfepl9nAXgRmfQ,development,4
30,8809,38216,eAlrLeKWhck,UCMW_Sgzlaezz3MHg3BtgKbw,development,5
30,8810,38219,dwF18GYZ71o,UCcg4tDKgPLIc_x3lhWdogLg,development,4
30,8811,38222,Fzqa26pbaes,UCVU09OJkBIHZTGb-acbajoQ,development,4
30,8812,38223,IN0Ypy92dAQ,UCmD8rLDHCdRFaXkRVkaofyg,development,2
30,8813,38228,neQ1QnoG6-k,UC-vTBToHrXuxkqSJ3OEqS0Q,development,2
30,8814,38231,TpEGM0j2dy4,UCCK3OZi788Ok44K97WAhLKQ,test_reserved,
30,8815,38235,v3TiNhUKd0M,UCckltLEhFLv8Xz_lQhYfwmg,development,1
30,8816,38237,RAGRkgrRbuU,UC7mhtAaF1ESJgCozpoS2lcQ,development,3
30,8817,38245,qsyELnaysUY,UCckltLEhFLv8Xz_lQhYfwmg,development,1
30,8818,38247,8A-ngpzc7nM,UCbR7juPwtP-bV_w0840ciYQ,development,3
30,8819,38248,8Pw8SGCLpUU,UCaESx7Bdghv_UICcG1hBkcg,development,2
30,8820,38255,QdEVEqLP0DM,UChoLplNa4k4Yao2jFreT50w,development,5
30,8821,38259,r2h9CDPm8kU,UCUa0a5l56H0xre3SljFYRgw,development,4
30,8822,38264,pU2mMQ7IXcE,UCPXSUKHTNc1_hnHuj-UiQWQ,development,4
30,8823,38265,Q1jCIH96tDc,UCCK3OZi788Ok44K97WAhLKQ,test_reserved,
30,8824,38273,ckccCzOlK1E,UCO1V4cx38VioEk7rA_zNhYQ,development,5
30,8825,38274,u9wgXB-BudI,UCckltLEhFLv8Xz_lQhYfwmg,development,1
30,8826,38286,FdkcPBcjXRY,UCMQg72D9bcWjW-umvECrcAQ,development,1
30,8827,38287,IDHQrgak3xM,UChlvAvH3N7Xd29DuAJgv0Mg,development,1
30,8828,38290,9MUdK1CQZPE,UCx7lEnwLHxO9yPjOotGb-bA,development,2
30,8829,38291,ZZWa3Cx7LAo,UCCK3OZi788Ok44K97WAhLKQ,test_reserved,
30,8830,38294,LjaMzoeMKhY,UCMW_Sgzlaezz3MHg3BtgKbw,development,5
30,8831,38295,ne_k1yzTGpc,UCkuoWSLw-SNu8dvVCU0MjMQ,development,1
30,8832,38299,t04WWRoyO1M,UCJtl0GhFcswuh8R_Y-jcLwA,development,4
30,8833,38302,e_IqVTNzJ-o,UC5mNdm6_f2fv50Hzsg7qW1g,development,1
30,8834,38305,rzZLn_wdyYo,UCJojbxGV0sfU1QPWhRxx4-A,development,1
30,8835,38314,ZU929nt8DVw,UCckltLEhFLv8Xz_lQhYfwmg,development,1
30,8836,38318,K7chJTr8xaw,UCrcATWZGF_p53r38i6VK0eA,test_reserved,
30,8837,38326,fHKrZ7zN0BM,UClSIhhnuyF8fXtBTpOOTknA,development,2
30,8838,38335,s74BbTRxPz8,UClSIhhnuyF8fXtBTpOOTknA,development,2
30,8839,38337,1EZWKb0G3uA,UCsDDVBdzvMMZaQtF8vaC9bg,development,3
30,8840,38339,RazcwVtfRpI,UCPXSUKHTNc1_hnHuj-UiQWQ,development,4
30,8841,38341,17wEef1ZyHo,UCgHlPm2GweC7f8JaynbQRQg,development,5
30,8842,38347,GN3sdMOmllI,UCXfgx23Lw81I4wsCNhdVBgw,development,4
30,8843,38349,JuSAQ_v07Hw,UCPXSUKHTNc1_hnHuj-UiQWQ,development,4
30,8844,38350,-NZ104SY1Qg,UCXBHPGYTwiBvTIk5dl9-r6Q,test_reserved,
30,8845,38351,KiRgj1ZA_6E,UC1YGPDtctHGJWW0NrlQVklw,development,5
30,8846,38352,YqRJuA6bQvo,UC0tV1b7IFEXFUUILF7mAcWw,development,5
30,8847,38355,YigW4ZplnIk,UCckltLEhFLv8Xz_lQhYfwmg,development,1
30,8848,38358,eTh4G71MPLs,UCYweMykEAI5aaRztqrJuuAg,development,2
30,8849,38363,_v7UwluPDEE,UCcspHoBTj_aLhnJLwkMpWHQ,development,3
30,8850,38372,aA7LnAmAuLs,UCygAzvEJNqZmteflPb1bbGA,development,5
30,8851,38387,y7ykjxWTmo4,UCu3jIK2NBSXc0_YaFqEuIrg,development,2
30,8852,38393,Ymvdc9gQD4E,UCaESx7Bdghv_UICcG1hBkcg,development,2
30,8853,38396,o1-lT6lh45o,UC8qBNfgWRK_WYYGSmmrfgPA,development,4
30,8854,38405,3suUJ0g0864,UCCK3OZi788Ok44K97WAhLKQ,test_reserved,
30,8855,38416,GKlR-lgVVI0,UCa68yFNzpqAEnwg37j8JXSg,test_reserved,
30,8856,38418,4id8W2VZBiQ,UCuTgmLxqarTxuBU5ARMYUNQ,development,5
30,8857,38422,v-sH3LL_W4U,UCCK3OZi788Ok44K97WAhLKQ,test_reserved,
30,8858,38425,BIYMVLWqkrk,UCyH9u_WllbJZHZHeIBzjW2g,development,2
30,8859,38428,nAvaJnMTSTE,UCcijXxFzSXgoM6q9cCtT9PA,development,2
30,8860,38434,j7djnyratz8,UCf2Iar2LDcFaSCnVH1ZMUkA,development,4
30,8861,38435,zr_Ib3K0Ld4,UC1hcl0aIr9KtXA-Kiq9itqw,development,3
30,8862,38442,qV149rM-44c,UCFAQPiyzxj7BNfeKWGsR5gA,development,5
30,8863,38444,GgD-ImJL4UI,UC8lKgUHo-2mSR5cRRXO9xow,test_reserved,
30,8864,38460,lRPPxj-5PqA,UCqrqt9Egbp4Voh3iEUUoorw,development,3
30,8865,38466,9vFEr3Xqkt4,UCFuP4DmMM9LZOMoa86vsZig,development,4
30,8866,38475,6xo76XeQLVc,UCckltLEhFLv8Xz_lQhYfwmg,development,1
30,8867,38476,8rQEGvnN954,UCc30sTBdN9LRSxEuHaXV_bQ,test_reserved,
30,8868,38478,Eydon2J57QA,UC6ziF4GiQwcEIY1PFqk9iVg,development,4
30,8869,38480,eDGp5wFRUug,UCcHDTE8S_jjHaIUo9sltvhA,development,3
30,8870,38481,dRqCIZLqBzs,UCc30sTBdN9LRSxEuHaXV_bQ,test_reserved,
30,8871,38486,lKz0aCZTeIs,UCh9qXeL8eP3Txra2908xksg,development,3
30,8872,38491,TjDOroS05Us,UCN3Buj32nQOlbBjWmj1Eoqw,development,3
30,8873,38493,VyUx_GP8Yss,UCvZ8sPFxYngz2JN3DG93fOw,development,4
30,8874,38496,UGt8Ay8qh00,UCk0ZLeOPZVnRJn_s1x-8Idg,test_reserved,
30,8875,38498,IEU7kk-kqdI,UCY8jtiRLqx1Sv5A0fWYGlNQ,development,4
30,8876,38499,1dj_Syuwl_s,UC8lKgUHo-2mSR5cRRXO9xow,test_reserved,
30,8877,38500,Ei4UWwLK8rQ,UCNnL7JQhtBvNZWn9Cg13i2Q,development,1
30,8878,38505,zoCdd8CHphk,UCkl2iKEW9ltlrBOjzCNJgzw,development,3
30,8879,38508,3gsPfTgxNfk,UCsAPX_-Yu9O_3dJu0aUj_BA,development,4
30,8880,38510,h_BmTAKpkqA,UCaESx7Bdghv_UICcG1hBkcg,development,2
30,8881,38520,RP_SJe6FGIg,UCckltLEhFLv8Xz_lQhYfwmg,development,1
30,8882,38522,Hq0z-fvK9wA,UCKEKf35apTUvSLs-c1DCekw,development,5
30,8883,38527,jblf27Soggc,UCvLsvfgY-hbGDtOi2udm4Gg,development,4
30,8884,38532,4iCq1-plHFg,UCrhkgHTUdZXbCd69TNuQuMg,development,4
30,8885,38536,bGW_TiKH0Tw,UC9nG822m63Ep-Rnnm4PBR9w,development,2
30,8886,38539,vofIzJlmn6M,UCDAkUKRB1pkb-s3Gqv7FZ7A,development,2
30,8887,38540,21YlpHRUusg,UCwrJnrHM2qRjjiSVk1nlx4Q,development,4
30,8888,38542,YVxHhh1KNhY,UC_-HAbSdy9ZYvxC9I2V3SOg,test_reserved,
30,8889,38555,yjqRG6UUdKQ,UCr6N1fR_Lb9ftvHwqCsadSg,development,2
30,8890,38558,7DIjbkys2dE,UCckltLEhFLv8Xz_lQhYfwmg,development,1
30,8891,38566,CG1ZRsx3gr4,UCckltLEhFLv8Xz_lQhYfwmg,development,1
30,8892,38573,lVcMYt3lW_Y,UCtZO2c3i1PrtwyeaxaIYHKA,development,4
30,8893,38582,3pjSmHXzOA0,UC7wRtuVWDxL2o8-74-y6LLg,test_reserved,
30,8894,38588,DI8EXWC9OYU,UCXn1a_JRiiunkEVS9tamdCA,test_reserved,
30,8895,38590,1n7M1ggNvDE,UCOiMY00_ZLijPF6InrCl0TA,development,3
30,8896,38607,VGK6dpVkhh8,UC61hH_E3HUjIweuWm20wuDg,development,1
30,8897,38610,UWblrENlBcA,UCOtYyt7W5PmPnwQjWWF_Z-Q,development,3
30,8898,38611,KsPebX8PmNY,UCc30sTBdN9LRSxEuHaXV_bQ,test_reserved,
30,8899,38615,z5KkToc10Ck,UCbS_glb2N1NVTrDLVryRbng,development,4
30,8900,38617,YflalJzCbt8,UCgnFSj7jQffD5V5m05j4dPw,development,5
30,8901,38618,Qr79apWga7Q,UC2sO_F_Ky4LIAUtSJYXqBDA,development,4
30,8902,38620,oeR6EwLeHiM,UCm8I2aLYgPm_gdzw4SSkiGg,development,2
30,8903,38622,KbVyvdT8QGE,UCc30sTBdN9LRSxEuHaXV_bQ,test_reserved,
30,8904,38623,56amVGeNzIY,UCV-q7cRK5yFYEFzWuoQOmQQ,development,4
30,8905,38625,6S9XggGAki4,UCDrTN5A0V-Fzu1Jn7qnxA6A,development,4
30,8906,38662,Jpp8I_KZwrM,UCckltLEhFLv8Xz_lQhYfwmg,development,1
30,8907,38670,9ddodY7vkLk,UCCK3OZi788Ok44K97WAhLKQ,test_reserved,
30,8908,38681,IktNdQbUFG4,UCdxXgi-bzxMZEx5M-TSr3qA,test_reserved,
30,8909,38684,TKbo2p-7NJY,UC0tV1b7IFEXFUUILF7mAcWw,development,5
30,8910,38686,Lcz79_rcCuI,UCdgWTRipbTuQsIiiPb6fB-A,development,5
30,8911,38688,rx6p4gN6DPQ,UCckltLEhFLv8Xz_lQhYfwmg,development,1
30,8912,38698,RrBnqjp_aTg,UCXm0FsS7PXy0w5HeOkYMi7Q,test_reserved,
30,8913,38700,hzCaAf6PNAw,UCbj5TVwioQCK3qtYYEzD3kA,test_reserved,
30,8914,38701,gMHCmTYD64A,UCckltLEhFLv8Xz_lQhYfwmg,development,1
30,8915,38703,fPQHPuMOSlw,UCMxeqmVKOqiqh7V_A3h4gfA,development,2
30,8916,38705,6mm4Hxr_STE,UC4Pb9SEsCb1EpsXVYAVVajw,test_reserved,
30,8917,38709,S0RxkGl2BDU,UCn39xNZ42C93DHXbbRH2mgA,development,3
30,8918,38710,cIQDlu9pIDg,UCibv4uktA5t3uLxrKtIRm1Q,development,5
30,8919,38715,5_rmT8ivgYE,UCm6FpVN_cg2tGqHVDc9QpMg,development,4
30,8920,38717,eMDd9_HLuO4,UCmrLu4r89ykOzmtmbAeEklA,development,5
30,8921,38732,kk7CUSGsdhg,UCUzsesaP5G628WVuqEckF8w,development,5
30,8922,38739,c_9atYaHFV0,UCrVFS_0PdV7AwyTgR13IcVg,test_reserved,
30,8923,38743,V9Qd9dXSn7U,UCdgWTRipbTuQsIiiPb6fB-A,development,5
30,8924,38745,wdddLk_A8Dw,UC5-n2dfksESEt3ATmM6Uujw,test_reserved,
30,8925,38748,fKmQs9wOmZU,UC0RxmX79uHOBvSKKYAQ7Axg,development,4
30,8926,38750,DgLFdefahl8,UC8kC4R1-G80cwxWLr6jvmtw,development,5
30,8927,38753,lSMSW2ECKto,UC28QOqy4nLwECRs65fahlIg,test_reserved,
30,8928,38755,zz2-Yt6UTYE,UCbS_glb2N1NVTrDLVryRbng,development,4
30,8929,38764,wc5wXgwDFRU,UCdFAl3bZf7bi7A5HX7USKzg,development,5
30,8930,38770,qsV5jJWHD5U,UCoQrhbL8EqaiWTywvgPlriA,development,1
30,8931,38771,pmUNsgesvrI,UC6aSX46078fvOY9bY9ZUTYw,development,4
30,8932,38778,TS73IIDNesk,UCG0j1mTQov3RVBgLgh6wbKg,development,5
30,8933,38779,cwiQJpmC9Hw,UCrhkgHTUdZXbCd69TNuQuMg,development,4
30,8934,38783,DUW6-bbr1Nc,UC0554zf4RvVkxwt_tS4Wx_g,test_reserved,
30,8935,38784,_CDQx_TpSzc,UCy389AnAg1i5Ygs-bMLw70A,development,4
30,8936,38785,dg-2tFPEb6c,UCSs9wxjf1Asv9HyFmMym9kQ,development,5
30,8937,38789,gyjL2qcNBFI,UCCK3OZi788Ok44K97WAhLKQ,test_reserved,
30,8938,38791,XGEMN1q3ws8,UCZw-8vhDi8SvEjHgHI4WTMw,development,5
30,8939,38792,DsweLkvXXXk,UCzmdP_DcwfmSVBH3euO5Gyg,development,3
30,8940,38805,ALDAtdcHZ-E,UCJsP6VDsHsorL2IgKOTdiEA,development,2
30,8941,38809,T9vpcJ_pABg,UCUxrelp7FHiIj9SNfzWdh_A,development,5
30,8942,38810,84RHaAW4Y2M,UChtQ7TCSKmvCIqonz1eto1w,development,3
30,8943,38812,IdJ4-HPMXNg,UCOmviBpngMg-QGJatzw7hxg,development,3
30,8944,38820,swTSg9TJczc,UCIoyIVPZEfC2p0dQwAxGiEw,test_reserved,
30,8945,38830,nm2OdVeKAfY,UCbS_glb2N1NVTrDLVryRbng,development,4
30,8946,38835,U-NCROlmXEA,UCcrsFwwoMvcXYpJ0XldIlVQ,development,5
30,8947,38843,1RrEFGHxad8,UC0554zf4RvVkxwt_tS4Wx_g,test_reserved,
30,8948,38847,I2CpH-yVUb0,UCnkon33rksDXo3qChhTs5Vw,development,5
30,8949,38848,DQVpMGJsFsc,UCGuZrn4CWph7RZNvkgsmLFA,development,5
30,8950,38849,QVgmElOO_FQ,UCdZRFHIhq7TpUNSLXRlt7rQ,development,5
30,8951,38851,CZzzosxKaMc,UCDqy-V3qY-xtSmiRHlZIWWQ,development,5
30,8952,38855,-4TvsAp_AOM,UCSGjjIMkvIJh9vdbbNPb3pw,development,3
30,8953,38861,B952cCK3g2Y,UC9ORGuJaC-QPJByakklL9-w,development,3
30,8954,38877,uUl-dTtTpIw,UCuFZRnnDPMiwvyJVHhNP6og,development,1
30,8955,38880,CV3W-n4Rnv4,UClWSTWnXSIOK34ySODMm8Ew,development,4
30,8956,38882,ARCvhkLRnWE,UCzmdP_DcwfmSVBH3euO5Gyg,development,3
30,8957,38888,p2woVnXrEZY,UC324VVhYKykBv01GecF4aYg,development,5
30,8958,38891,EDKXI3pZ-rs,UCn0XmAUFv6d2tofMFEesSNw,development,5
30,8959,38892,MUSa4kPOvAE,UCqrqt9Egbp4Voh3iEUUoorw,development,3
30,8960,38899,-3Fvz3nzrgk,UCBl0eCJiXy8m5icfs2SihGQ,test_reserved,
30,8961,38906,8pDoUnhB6sU,UC1YGPDtctHGJWW0NrlQVklw,development,5
30,8962,38909,bDPN0zZ0GFk,UCmKxhMStMwZZ1gdOg1YZQug,development,4
30,8963,38910,I5qMzYkK_L8,UCb1rYLZ2YkUo7T2TmhncgHA,development,5
30,8964,38911,Sk4bFuMR_Bo,UCCK3OZi788Ok44K97WAhLKQ,test_reserved,
30,8965,38912,14_3n2y8hE8,UCSfmHr5cQvlVKR2f6p8T01w,test_reserved,
30,8966,38915,cnur6OcmI1o,UCkzFXIie723z4vsYAMsMGsg,development,4
30,8967,38923,N9mbKFjvKLs,UC7e8LFxir9MCfTAf2XQbfaA,test_reserved,
30,8968,38934,OFssqkRIpNc,UCHhk9EHspPZejY9PnR1PLVg,development,2
30,8969,38937,zyBw_l1z9tM,UCD02fQ2jNzcVZPxeqiDQZXQ,development,2
30,8970,38942,eAeMBjK6AaQ,UCCbm1E52PV05ZLv6dtRB92Q,development,5
30,8971,38965,lPga9hNjQSM,UCuEwrmIOrOpKWtoy2GjgHkw,development,1
30,8972,38972,_McstjyDY4g,UCqxwy8GKh91iGrcZ7dgVuCQ,development,1
30,8973,38980,tBr2kCKuXHc,UCckltLEhFLv8Xz_lQhYfwmg,development,1
30,8974,38997,_nqRKxCjrgU,UCgnFSj7jQffD5V5m05j4dPw,development,5
30,8975,38998,eqdRaBaeJdc,UCkXjFNkQdPUGCXGvwqAx7og,development,4
30,8976,39008,3m-25F_QeII,UCNnL7JQhtBvNZWn9Cg13i2Q,development,1
30,8977,39010,pwmnVenWKi8,UCaCnmd0sVADrw8228hCBnlA,development,4
30,8978,39015,gMBlvTDPR8A,UCPXSUKHTNc1_hnHuj-UiQWQ,development,4
30,8979,39024,lxpuCIyHC6E,UCCK3OZi788Ok44K97WAhLKQ,test_reserved,
30,8980,39028,Eeh3b3v0824,UCZFZrF8lZizsW3io-ONv_Ig,development,5
30,8981,39029,JLnyt3TXCx4,UCOtYyt7W5PmPnwQjWWF_Z-Q,development,3
30,8982,39034,cL4ozT-YLHk,UC1YGPDtctHGJWW0NrlQVklw,development,5
30,8983,39037,ss7chsrwIVk,UCDY_htT4nVRXSAIQVydbtyQ,development,3
30,8984,39040,qxadA0pxzM4,UCPXSUKHTNc1_hnHuj-UiQWQ,development,4
30,8985,39042,6AHcSlrxIyo,UCqDbs3rlemiBZmhkh9gXXHg,test_reserved,
30,8986,39053,GTtFCMEJz_o,UCfQfw--8dPGypR7sGcXJz0w,development,5
30,8987,39058,odyNLzBfv_w,UCckltLEhFLv8Xz_lQhYfwmg,development,1
30,8988,39068,30-dYxjzVTc,UC1YGPDtctHGJWW0NrlQVklw,development,5
30,8989,39069,B36TZtdSNpE,UCg49edhvr3zKvWJz01MV8Mw,test_reserved,
30,8990,39073,MrEreEIJg5U,UCn0XmAUFv6d2tofMFEesSNw,development,5
30,8991,39075,1gCRH3bmHO4,UCcg4tDKgPLIc_x3lhWdogLg,development,4
30,8992,39077,QmW6PTIxKIM,UC1YGPDtctHGJWW0NrlQVklw,development,5
30,8993,39078,V0MJuqVtMQM,UCpKHQzqFn8VhNKQVCNp2M1g,development,2
30,8994,39079,c5Hb2vi3U88,UCK_mRBdCXMfDqOnnrP5_Ztg,development,2
30,8995,39080,9LMVIfG9L20,UCM19g5ow7vLXDTYx_j9Z7VQ,test_reserved,
30,8996,39083,uuWeo-7JRD0,UCPXSUKHTNc1_hnHuj-UiQWQ,development,4
30,8997,39084,RUo95WjLe7g,UCcijXxFzSXgoM6q9cCtT9PA,development,2
30,8998,39089,QEfLJLlQYzw,UCckltLEhFLv8Xz_lQhYfwmg,development,1
30,8999,39096,n_lUgbPHTmA,UCCK3OZi788Ok44K97WAhLKQ,test_reserved,
30,9000,39104,6eeAed2tbt8,UCk9jF1m8XqLTOcixWkGb0jg,test_reserved,
30,9001,39106,yUWlH86JSWA,UC5-n2dfksESEt3ATmM6Uujw,test_reserved,
30,9002,39113,stbwnzK2DXM,UCckltLEhFLv8Xz_lQhYfwmg,development,1
30,9003,39115,IQiOi2q-dyQ,UCSSdxN7FMswC7GFnvVON-eQ,development,4
30,9004,39116,UYY6ci3C_4s,UCCK3OZi788Ok44K97WAhLKQ,test_reserved,
30,9005,39118,WHPCUAkmXx8,UCOtYyt7W5PmPnwQjWWF_Z-Q,development,3
30,9006,39124,9axJ7RnqaNE,UCRTwsLyPJ7G88Dkq7Cy0ktw,development,2
30,9007,39141,pIDFVc0icgg,UCy2ql63nRG24V2Mn7pxLenw,development,3
30,9008,39149,TwdaqmkWGo8,UCgnFSj7jQffD5V5m05j4dPw,development,5
30,9009,39150,1Gy_soaniJU,UCAH7R88V7gz7RqJv78nNOzg,development,3
30,9010,39151,L5RwgEBCJaM,UCmTrMV3RUj_n8dO0Ff-wHOQ,development,3
30,9011,39154,vgvmiitXoqo,UC5BT1yMZC1MtgngCRMRZoLg,development,1
30,9012,39157,7S_GPskNQ0s,UCu3jIK2NBSXc0_YaFqEuIrg,development,2
30,9013,39158,UhQzDZ03QAY,UCcijXxFzSXgoM6q9cCtT9PA,development,2
30,9014,39167,xjPxdWCIP58,UCypYfMZbKIxBlXqngCuvi0A,development,5
30,9015,39169,KVxiLQls-00,UCckltLEhFLv8Xz_lQhYfwmg,development,1
30,9016,39170,fzVtFUXtFhY,UChlvAvH3N7Xd29DuAJgv0Mg,development,1
30,9017,39173,bt773I_VFes,UCCQ3mUIQTv2Snhw5Os0Yo5Q,development,3
30,9018,39176,UL00seC06kU,UCRDDfbYPHX_GUJ4lcQYTc8A,development,2
30,9019,39178,AYAe41OVnaA,UCbS_glb2N1NVTrDLVryRbng,development,4
30,9020,39193,_Raw0j-T3So,UCaESx7Bdghv_UICcG1hBkcg,development,2
30,9021,39194,IceA_Tvxm64,UCOtYyt7W5PmPnwQjWWF_Z-Q,development,3
30,9022,39200,YpTqWwFjZ_g,UCckltLEhFLv8Xz_lQhYfwmg,development,1
30,9023,39224,SqcUd_ik9Do,UCOtYyt7W5PmPnwQjWWF_Z-Q,development,3
30,9024,39241,lmk2n51j0UQ,UCCK3OZi788Ok44K97WAhLKQ,test_reserved,
30,9025,39246,wuc7sJI6J_4,UCckltLEhFLv8Xz_lQhYfwmg,development,1
30,9026,39252,4UvLTsZHFWY,UCf48pki8AqjBHuV80LcC7kA,test_reserved,
30,9027,39256,Er_t3mXSjW4,UChcZLMu9ldVC7IUvh33BUgg,test_reserved,
30,9028,39260,4AQGkai-PHw,UCckltLEhFLv8Xz_lQhYfwmg,development,1
30,9029,39268,X43r2_R1R6s,UCceS_252pdNUa5ztP_MW8rw,development,2
30,9030,39273,Y_fXVCj1AfU,UCG0j1mTQov3RVBgLgh6wbKg,development,5
30,9031,39283,caV6GpF3wnY,UCOk9zSvzL_G02l8-5o2J0aw,development,4
30,9032,39289,h4odidGk2fo,UCiPqzkmX93ta8vFwMVS81oQ,development,3
30,9033,39291,6b8MBCG5_Ng,UCtwlss6rr66DbEurYOJgu4w,development,3
30,9034,39295,DumqHEZN6NE,UCc30sTBdN9LRSxEuHaXV_bQ,test_reserved,
30,9035,39298,uOUBC6YKx-Q,UCckltLEhFLv8Xz_lQhYfwmg,development,1
30,9036,39302,mmyhhnv7zmY,UCCbm1E52PV05ZLv6dtRB92Q,development,5
30,9037,39310,bcef-_mc_Xg,UCckltLEhFLv8Xz_lQhYfwmg,development,1
30,9038,39311,nieNAPYouKk,UCPfU0uygBGutjaaJU5PpEvg,development,2
30,9039,39316,r-wWadk0LCM,UCi7VL_vCoFDWNQn_1IGhhWw,development,5
30,9040,39317,IWvPhipoTNQ,UCxyOEiDidNJQGoMJXjOVW7A,development,2
30,9041,39318,ZnbWOmFK_js,UCMxeqmVKOqiqh7V_A3h4gfA,development,2
30,9042,39321,a1EWn-wNk98,UCMOJZJjbOVCp2oqoTNK5PdQ,development,3
30,9043,39325,i9yQUWAim4A,UCfbPqthcdo_1_KHyU4kMiRg,development,1
30,9044,39326,QVII4vJP4yU,UC2E7sjgxaME7k16_TQRR3cw,development,4
30,9045,39335,21YXkwgAKoM,UCCK3OZi788Ok44K97WAhLKQ,test_reserved,
30,9046,39340,wKhz_OfiiRY,UCuQ0Z6UmOOZ5JmsniU20Myw,development,2
30,9047,39343,deraIzb4Hts,UCVXCitEEweQox0oyIsJONrQ,development,3
30,9048,39354,LnpxmZbNROg,UCacIRbbu-hgx4sRW6tZPRoQ,test_reserved,
30,9049,39362,4TrzbQzzDzM,UCjYAhUnrkBujtKI3j3LM2uA,development,1
30,9050,39364,a5x_pJvu4lI,UCckltLEhFLv8Xz_lQhYfwmg,development,1
30,9051,39366,OV9cogXjpT8,UCl8Yel7dn0_zNl2O6bUP2tQ,development,2
30,9052,39371,kQuCdRocRSo,UC1u-HhClpg8qOz7JO23W7Ow,development,5
30,9053,39379,7LCQ65HNVmw,UCOupsF9ZsNIg_NybXseZaQg,development,4
30,9054,39381,3F1u0i6TbSk,UCSfmHr5cQvlVKR2f6p8T01w,test_reserved,
30,9055,39383,NCiWDwWLQBg,UCaIc6SgS90ud_RgMSC6hW_w,test_reserved,
30,9056,39384,mKApJm44WPc,UC2sO_F_Ky4LIAUtSJYXqBDA,development,4
30,9057,39403,B__OPP9gsSA,UCWNxnJNkwZPyv3rJwWRlzZQ,development,1
30,9058,39404,MACtFTbjHc0,UCqrqt9Egbp4Voh3iEUUoorw,development,3
30,9059,39405,HGlLOiJ4Iso,UCoNaQS6wefjNVFkwvxrzAYw,test_reserved,
30,9060,39407,s8t0ncIgZh8,UCVqfoMNwM8SIpL6BMGTZbcA,development,5
30,9061,39413,NpXBSoXuK40,UCRyHK0HPW8OQtTqtRLqCMlw,development,4
30,9062,39419,nDT3vj5W1hw,UCCK3OZi788Ok44K97WAhLKQ,test_reserved,
30,9063,39428,Kc9Ot0gyS5I,UCgnFSj7jQffD5V5m05j4dPw,development,5
30,9064,39441,S3KlO_W2RmQ,UCDqy-V3qY-xtSmiRHlZIWWQ,development,5
30,9065,39442,OC5r6PAROA4,UCDqy-V3qY-xtSmiRHlZIWWQ,development,5
30,9066,39443,0QE79wtKDDE,UCB_YWDx6xDq1kYfZfJ7W6wQ,development,4
30,9067,39449,JPnLBCt5SLw,UCqtFS_Ap7Qh2y8cfE_20C0A,development,5
30,9068,39455,jUwbO843D8M,UCyrW9aDENkU6G6URdVFwB9g,development,1
30,9069,39460,ZK5LVC5H-rw,UCwtuDrW63iZmgrnlRgP8mow,development,2
30,9070,39464,smbTl5E1nhY,UCcwCsuV7bOpTfqf2UvLfYmg,development,2
30,9071,39467,CnL7_XO2uZM,UC0tV1b7IFEXFUUILF7mAcWw,development,5
30,9072,39472,HvWjsA8MQP8,UCm8I2aLYgPm_gdzw4SSkiGg,development,2
30,9073,39476,q1kemv_VPsg,UCoYoYVojg-QGFH7VyKMpB8w,development,2
30,9074,39479,Wj7I4L4ykGs,UCckltLEhFLv8Xz_lQhYfwmg,development,1
30,9075,39480,r5QGs2FyJj4,UCZG9GCS1vbvb_BF5Sh43abw,development,4
30,9076,39485,0b7LV9y4mNY,UCrVFS_0PdV7AwyTgR13IcVg,test_reserved,
30,9077,39489,RoMf4xEK_Ag,UCTa7XGYF8a8jFVozt8rEIlw,development,2
30,9078,39492,qDFae56NMio,UC5_mCvFp3zgtxoX1W9yHHHQ,development,1
30,9079,39493,D-Xa_hdXMIE,UCBf296-OhUNfaDbtcYQ4RQQ,development,5
30,9080,39495,nSjulD-SvJY,UCM19g5ow7vLXDTYx_j9Z7VQ,test_reserved,
30,9081,39497,32XpGjWn5Hk,UCu3jIK2NBSXc0_YaFqEuIrg,development,2
30,9082,39505,xqYnGE_cZuM,UCw3UDSrbKod4Gk_rSpA5gqw,development,3
30,9083,39507,WS-JsAuvpLs,UCcwCsuV7bOpTfqf2UvLfYmg,development,2
30,9084,39508,7s_uQPYQT5s,UCKvIAFnwVFiuITk3cl7UTxA,development,5
30,9085,39511,qXz8IaP-pfc,UCRDDfbYPHX_GUJ4lcQYTc8A,development,2
30,9086,39512,wVD3FkusgO4,UCYpuhzSdssW_GFUhl_od38w,development,4
30,9087,39515,MrufEh43XRw,UCa3BMXA9qcVqMtfnq7d977w,test_reserved,
30,9088,39518,GVHia42VcqI,UC1YGPDtctHGJWW0NrlQVklw,development,5
30,9089,39524,8Z4RPo36LLI,UCl8Yel7dn0_zNl2O6bUP2tQ,development,2
30,9090,39526,ba7At3H9uWw,UCQs4YsWvTrJMQANLv6uqAZw,development,5
30,9091,39530,imvNWeGXHGM,UCAH7R88V7gz7RqJv78nNOzg,development,3
30,9092,39531,BGNou73q_MM,UCcbOsE5_4LEjtQi8X2PFxDw,development,2
30,9093,39545,sS0Gi4t8yPs,UCf48pki8AqjBHuV80LcC7kA,test_reserved,
30,9094,39548,1FaCrhLkACs,UC8MegDkaJsqK63fwbOjBLzw,development,2
30,9095,39551,BF9RgF9UwUU,UCE_uaeRZwW7roZqYO31iDWg,development,1
30,9096,39563,iG37Kebf8iA,UCkagcQYGoYFuXsUg-ObSL6A,development,5
30,9097,39576,_7Uo4HJp3FQ,UCol1SzfebXhRo0ltxOJZ9cg,development,2
30,9098,39590,1W7g0G3sQWk,UCgoCbMJ4JnH0q40GofKZxVg,development,3
30,9099,39591,UWtVlpGSdKI,UC8qBNfgWRK_WYYGSmmrfgPA,development,4
30,9100,39602,NEPfmLXhtO4,UCA5xW2Ce7KT2AtxzDYDebCA,development,4
30,9101,39605,EfxzMlZb5X4,UCVmBgx4kaIsOtMR1jK9AeAg,development,5
30,9102,39607,BZgZBsTOqUQ,UCQTcNhAZidy1i9wwmdgf2Lw,development,4
30,9103,39609,vuit0TAynMM,UCM3bQBUJ0PEbgfe9lAw_Y3Q,development,3
30,9104,39617,wPtwM21gg7E,UCecL5RXqIzb3N6zO0FaCN9Q,development,3
30,9105,39627,IsyxqE-NEkY,UCEuS493FuYJu_jGLfEjksUQ,test_reserved,
30,9106,39628,7juFiXx5TgM,UCckltLEhFLv8Xz_lQhYfwmg,development,1
30,9107,39635,N3lpu7dJjLE,UCvfwXFsI8J-iRMpG1SE8lgw,test_reserved,
30,9108,39638,aBGFYPSojuI,UCAGQUfHzdsgxJ1pq2XDS2TQ,test_reserved,
30,9109,39641,gpiCwVRBHMM,UCQkPhQ-6NhA1v7Tpsp6EnKQ,development,1
30,9110,39646,tZGT4BqZ6lk,UCQTcNhAZidy1i9wwmdgf2Lw,development,4
30,9111,39649,q6PqW465zEc,UCgnFSj7jQffD5V5m05j4dPw,development,5
30,9112,39656,NtnAjy67mtM,UCckltLEhFLv8Xz_lQhYfwmg,development,1
30,9113,39658,SsrNXZu_waU,UCUzsesaP5G628WVuqEckF8w,development,5
30,9114,39673,BJZUaZXBkQs,UCCK3OZi788Ok44K97WAhLKQ,test_reserved,
30,9115,39682,ZcQhFv8SrJw,UClSIhhnuyF8fXtBTpOOTknA,development,2
30,9116,39683,VRBptnEJ4SE,UCMayHG7j39d11Gh36vV7GnQ,development,3
30,9117,39686,SIw1Nr6_BGI,UCEUSUxrhCt4n0Pp9WB7q7-w,development,5
30,9118,39692,9XOMe-wXNxg,UCwt4zdWrmnBpglCHb1ArREA,development,4
30,9119,39701,PWfwTEoEwZE,UCckltLEhFLv8Xz_lQhYfwmg,development,1
30,9120,39706,8bRKOomExUA,UC324VVhYKykBv01GecF4aYg,development,5
30,9121,39709,tZr-jTflFsI,UCb1rYLZ2YkUo7T2TmhncgHA,development,5
30,9122,39714,Qbf_N4rYp78,UCckltLEhFLv8Xz_lQhYfwmg,development,1
30,9123,39717,keNN1roWjT4,UCvZ8sPFxYngz2JN3DG93fOw,development,4
30,9124,39730,qg_-UOXZMec,UCcijXxFzSXgoM6q9cCtT9PA,development,2
30,9125,39732,rBzSdRy1K8E,UCckltLEhFLv8Xz_lQhYfwmg,development,1
30,9126,39733,IBluMWR36RQ,UCvsksEXBnVKBj0QiQ6cnTdw,development,3
30,9127,39734,q34nTDGaiYg,UCAH7R88V7gz7RqJv78nNOzg,development,3
30,9128,39737,MdfFawRvvSA,UCVMisnOKlEXCb6qeL2M7k-A,test_reserved,
30,9129,39740,KUzof8KWZ_I,UCckltLEhFLv8Xz_lQhYfwmg,development,1
30,9130,39741,90cXWQNLtBc,UCAH7R88V7gz7RqJv78nNOzg,development,3
30,9131,39748,4XLKrAdG5Mg,UCn0XmAUFv6d2tofMFEesSNw,development,5
30,9132,39750,qLa-MbHFKfs,UCckltLEhFLv8Xz_lQhYfwmg,development,1
30,9133,39753,jyCHMsCgEYQ,UCOtYyt7W5PmPnwQjWWF_Z-Q,development,3
30,9134,39755,It-8uXnoveY,UC8MegDkaJsqK63fwbOjBLzw,development,2
30,9135,39758,wH3DXrAc654,UCiR8kH7EvdjJGp41a9KIfsQ,development,3
30,9136,39766,4zWB5F7QQy0,UCckltLEhFLv8Xz_lQhYfwmg,development,1
30,9137,39767,gTMLj1VS3Ss,UCYRuRw221bkMM9zHUS5_Y0w,development,3
30,9138,39769,AF7BF1voAP4,UCckltLEhFLv8Xz_lQhYfwmg,development,1
30,9139,39770,yUmb_yy7nMI,UC0tV1b7IFEXFUUILF7mAcWw,development,5
30,9140,39789,jhmPX25JPFo,UCckltLEhFLv8Xz_lQhYfwmg,development,1
30,9141,39800,vEuYBmCm0XA,UCke4NBMcOwRbe9O1utY7b4g,development,2
30,9142,39803,l4CwmJPkvnQ,UCnT7Z6-yqjhM__jZbK_B3kw,development,3
30,9143,39804,9b1HKiDthuM,UCbS_glb2N1NVTrDLVryRbng,development,4
30,9144,39811,tbm9gTtUyZ8,UC0nMJ3QNryBHZpy1P3Wamwg,test_reserved,
30,9145,39823,yBrpmglDLGI,UC_d3UQ1v8KP1JNFOBmV63xA,development,5
30,9146,39825,FtOdmBB5_uU,UC_hR1wSDcKjBRTlKtp6LK1A,development,4
30,9147,39826,TJ8ufnzbr2w,UCyViVCKFXyGBnqZ8ywpIOjQ,development,2
30,9148,39838,ODZwOq2UYJ4,UC0tV1b7IFEXFUUILF7mAcWw,development,5
30,9149,39853,EPB7g0I82bQ,UC1YGPDtctHGJWW0NrlQVklw,development,5
30,9150,39858,9lHijiBWLd0,UC9y7Wh-inBLM44vBwc9MGJg,development,2
30,9151,39859,9epRO1f5GOA,UC1YGPDtctHGJWW0NrlQVklw,development,5
30,9152,39866,7cDBi728lgY,UCKkRSuLQBs2oErUCgivn8mw,development,2
30,9153,39877,q6jxwbx3LPw,UC9_3iaIIixGPLSEeMoUSA8A,development,5
30,9154,39880,YvehmjXYig0,UC8qBNfgWRK_WYYGSmmrfgPA,development,4
30,9155,39887,N4IWBqHETLs,UCqrqt9Egbp4Voh3iEUUoorw,development,3
30,9156,39890,VqpEascUHlY,UCSfmHr5cQvlVKR2f6p8T01w,test_reserved,
30,9157,39892,-Bqay5rkzTE,UCD2X28mF5ZqSA2gncomAtAA,development,2
30,9158,39900,SJ0gBGUigK8,UCdvzidU6j1UdUBhaEw-LLuQ,test_reserved,
30,9159,39911,rsF9OuGOTWU,UCCK3OZi788Ok44K97WAhLKQ,test_reserved,
30,9160,39919,HYPnuXiceHQ,UCbS_glb2N1NVTrDLVryRbng,development,4
30,9161,39926,763mrIJAC1I,UCOtYyt7W5PmPnwQjWWF_Z-Q,development,3
30,9162,39928,s7k9Uk7xvfk,UCZXcD8T3zClfNAlDwHCdg6w,development,4
30,9163,39929,EGvE54OlUeY,UCCK3OZi788Ok44K97WAhLKQ,test_reserved,
30,9164,39932,R6ISkmjY_Ww,UC8lKgUHo-2mSR5cRRXO9xow,test_reserved,
30,9165,39934,753V2tww1_0,UCwm5-5k4apHsjjy6g8j6tQg,development,2
30,9166,39946,5JqWlV_db0w,UC1YGPDtctHGJWW0NrlQVklw,development,5
30,9167,39951,gWs1Meu3ujE,UCckltLEhFLv8Xz_lQhYfwmg,development,1
30,9168,39953,B7KaBizjDvs,UCGyG2Xkr4xR73xgQMXNi8_g,development,5
30,9169,39960,UqkmWF8P_yw,UCbS_glb2N1NVTrDLVryRbng,development,4
30,9170,39970,vIirJn1-dvU,UCcijXxFzSXgoM6q9cCtT9PA,development,2
30,9171,39977,ydji37pSSoM,UC_oQPOpRefuPENfsJ404nmA,test_reserved,
30,9172,39982,XKe90SzbrfI,UCLA8Ovy_NPAwMWvr8IEDquw,development,4
30,9173,39986,d6AE2merlFs,UCFuygvMWDiyNyxxFe347H9w,development,4
30,9174,39997,-EucLEC0M30,UCqrqt9Egbp4Voh3iEUUoorw,development,3
30,9175,39998,VtQFKa-n4CI,UCC3h0-vVIIjk_ccfyF4hqdQ,test_reserved,
30,9176,40000,pof3RrWPjhc,UCgnFSj7jQffD5V5m05j4dPw,development,5
30,9177,40007,lOd6pkgWs4g,UC0tV1b7IFEXFUUILF7mAcWw,development,5
30,9178,40022,c0hwTpZaV6Q,UCn0XmAUFv6d2tofMFEesSNw,development,5
30,9179,40023,zwoEiWXw5Cc,UCPdHXNbuwmONyFUnIANlJvg,development,3
30,9180,40031,AP9TSinJHoA,UCv28xURTYOApw2GsurpATSg,development,2
30,9181,40035,z2b3iRCMu6o,UCbS_glb2N1NVTrDLVryRbng,development,4
30,9182,40038,UjvN-yuSeg0,UCwt4zdWrmnBpglCHb1ArREA,development,4
30,9183,40047,zlnjlLn9y30,UCZ-RBSr_ZD-jWWDgZmFyZyw,test_reserved,
30,9184,40049,iKLTtYRlz2c,UC9iMBVTfsZGvgDdOZEputVQ,test_reserved,
30,9185,40056,cYAFO39iQOk,UCckltLEhFLv8Xz_lQhYfwmg,development,1
30,9186,40057,tzOAaf0P00U,UCCK3OZi788Ok44K97WAhLKQ,test_reserved,
30,9187,40061,CFqjxF8coiA,UCjcNG-8w9cevWkScRr6Lp1Q,development,3
30,9188,40062,hXJNemJeXV0,UCOtYyt7W5PmPnwQjWWF_Z-Q,development,3
30,9189,40070,-Ck_GsLvnyE,UC8lKgUHo-2mSR5cRRXO9xow,test_reserved,
30,9190,40074,s0-EqFlcujw,UCkD2Gixzde52jx1XspNvrBw,test_reserved,
30,9191,40078,WItxhvnBLeE,UCGUIJxToYLu79zr7YzpmZjg,development,5
30,9192,40089,aT30pvB00S4,UCrYItZrCXaq1dZ-6ArlCc6A,development,2
30,9193,40096,zrJdYoNCUSo,UCc30sTBdN9LRSxEuHaXV_bQ,test_reserved,
30,9194,40097,9Ujs6DOxPU4,UCCK3OZi788Ok44K97WAhLKQ,test_reserved,
30,9195,40101,8YYJCKjWW-w,UCBf296-OhUNfaDbtcYQ4RQQ,development,5
30,9196,40102,BJvZkOh_Kjc,UCCK3OZi788Ok44K97WAhLKQ,test_reserved,
30,9197,40108,8glzyJ3IqMM,UCl5xacxsAhltNGtiMktd_Sg,development,4
30,9198,40117,epPCMcY-EiM,UCRnj7DFNziGE3JPnGwA0yrg,development,4
30,9199,40118,N_-D4OT-y0w,UCKuDeSAQOkDnBpiSa0gJN0A,development,3
30,9200,40119,azi5zrC9-ic,UCjX5zm1l8VZfEzAVMHKJSAg,test_reserved,
30,9201,40123,hlXiA-lGPUg,UCPXSUKHTNc1_hnHuj-UiQWQ,development,4
30,9202,40126,-JtHu271Dmg,UC0xD4bzto2wp16mXMdHgBVg,test_reserved,
30,9203,40129,-od1otDfq8g,UCth9R703obgHx665cpiNY9A,development,5
30,9204,40131,NBt2eLr1o8Y,UCgnFSj7jQffD5V5m05j4dPw,development,5
30,9205,40135,qCH1T7zDVUU,UCx7lEnwLHxO9yPjOotGb-bA,development,2
30,9206,40139,dMAhdNlU96I,UCuJmg9Gw1uO-JGVLk9iACDw,development,2
30,9207,40148,c26CCTfXAb4,UCLohwIO-jl-eXfGLnP0rfjg,development,1
30,9208,40149,f5hdV0a4VRw,UCCK3OZi788Ok44K97WAhLKQ,test_reserved,
30,9209,40163,YtZlhpLVyv8,UCr6N1fR_Lb9ftvHwqCsadSg,development,2
30,9210,40166,b0zXSbEE_zs,UCjKSK3d5r0O78WGnMouSvDw,development,5
30,9211,40170,S2DDDds8vsI,UCckltLEhFLv8Xz_lQhYfwmg,development,1
30,9212,40179,AtIH5KR0SiU,UCUh8FFbl1BfRmzL9t4Fkykw,test_reserved,
30,9213,40180,F8Jz5E7j7TQ,UCoz7UhbfPFJyljIIV2saR7A,development,3
30,9214,40185,sx18sYwepu8,UC6aSX46078fvOY9bY9ZUTYw,development,4
30,9215,40187,o1yuYpS86H4,UCOI_wHZTTvcGwvsmlCx4imQ,development,2
30,9216,40192,7wWvs9yu3T0,UCjPgam2UGpF3EWkiHfp-0EQ,development,3
30,9217,40195,uhSpZ12qlO8,UCFuP4DmMM9LZOMoa86vsZig,development,4
30,9218,40203,2p-ojxty71Y,UCZ8OO-3lypeUeAHeGSHwDUQ,development,3
30,9219,40207,82wHAus2ivY,UCs_mHlm5_C82W5WCIJaSMbQ,test_reserved,
30,9220,40210,A_MYrKm4JsY,UCFuygvMWDiyNyxxFe347H9w,development,4
30,9221,40211,qcm-tL64ObY,UCy3DJWVPCZ1ke602YJZ9PSg,development,3
30,9222,40212,EthAT3itjbY,UC12K2QZlfWLq_8FmZfB23Yw,test_reserved,
30,9223,40218,ragvOLGWlF4,UC35oZgra9TA5Vxr9PrTjRyg,development,5
30,9224,40220,xRYEun-YMLM,UCwoZO_4sCD_Bi6uYDeCa1dw,development,1
30,9225,40229,c9k7iMOUbV8,UCEItJuaZGCe0BlGzRKruP0A,development,5
30,9226,40230,iP_-258bhaU,UCPZ5BVdQNI36_gBwBLhPUiQ,development,1
30,9227,40235,H-tFAi0LsD4,UCCKHZiPDJ82fWp1kU-_mIlQ,development,5
30,9228,40236,Xn_m-Jgvqko,UCVwEHCzHFsn8_5LhjMFqSiA,development,5
30,9229,40242,BIKHCY2Kxos,UCTa7XGYF8a8jFVozt8rEIlw,development,2
30,9230,40244,LSgA1FfTi_I,UC520N8emmpTggSJxVycWwCg,test_reserved,
30,9231,40247,wiqVM45flVs,UCgnFSj7jQffD5V5m05j4dPw,development,5
30,9232,40251,8zXICaX9Afo,UCxlfXLzyelcreS9x0plDj3g,development,1
30,9233,40253,3XuUcHNtQ3E,UCCK3OZi788Ok44K97WAhLKQ,test_reserved,
30,9234,40255,pBI21T2UONk,UCocTGar6qlhml1oAUBWMQTg,development,3
30,9235,40256,wbQCt3wcibE,UC7mhtAaF1ESJgCozpoS2lcQ,development,3
30,9236,40259,hu66dyOZPIU,UCsAPX_-Yu9O_3dJu0aUj_BA,development,4
30,9237,40260,8gM21yBziJs,UC-InXGUDXmIVAZG7efBiU7A,development,1
30,9238,40262,8j5-XzURKyA,UCmrLu4r89ykOzmtmbAeEklA,development,5
30,9239,40266,eI1VyNEuxxo,UCcijXxFzSXgoM6q9cCtT9PA,development,2
30,9240,40268,ogM0Rcx_3Kk,UCgdaUnUmkHDpYCU0w2pR7Rw,development,2
30,9241,40271,wwrM804Bw4U,UCcwCsuV7bOpTfqf2UvLfYmg,development,2
30,9242,40273,d5vvxRuCbs0,UC61hH_E3HUjIweuWm20wuDg,development,1
30,9243,40275,g1FLDRnclDs,UCckltLEhFLv8Xz_lQhYfwmg,development,1
30,9244,40276,MAlodD3NKGc,UCtmKeT1zqxvWPGCR0I-6hiQ,development,5
30,9245,40281,jZ7ddKW_mCc,UCDqy-V3qY-xtSmiRHlZIWWQ,development,5
30,9246,40282,nJb1WnN70WA,UCsAPX_-Yu9O_3dJu0aUj_BA,development,4
30,9247,40284,GsnAGLM_hQU,UCKkRSuLQBs2oErUCgivn8mw,development,2
30,9248,40285,d1o-NVDzQiQ,UCm3mXl7hQbHVMxhKaOeEhYA,development,4
30,9249,40288,lephG7YMkOA,UCMQg72D9bcWjW-umvECrcAQ,development,1
30,9250,40291,-NvXM-RNk9I,UCp3JwFW1xiUY4QwLqSsbNyw,development,2
30,9251,40298,ySqzTG-XwcU,UCnkon33rksDXo3qChhTs5Vw,development,5
30,9252,40300,4Es8nuBv6kY,UCNSnFwvrkdgy7yoDd3M9uYQ,development,1
30,9253,40310,zutuq7ITNDE,UCuJmg9Gw1uO-JGVLk9iACDw,development,2
30,9254,40315,IkEXFsOIIHc,UCcspHoBTj_aLhnJLwkMpWHQ,development,3
30,9255,40316,GQ7Boiu_QTE,UC3tvYy-s84yySG7V85jRDnA,development,4
30,9256,40321,CS1Fs021muQ,UCMxeqmVKOqiqh7V_A3h4gfA,development,2
30,9257,40322,CJ3lptaJCTQ,UCwt4zdWrmnBpglCHb1ArREA,development,4
30,9258,40323,rKzqTIOX0Xw,UCQkPhQ-6NhA1v7Tpsp6EnKQ,development,1
30,9259,40325,G51rkQK57vo,UCvZ8sPFxYngz2JN3DG93fOw,development,4
30,9260,40337,V_jJzgehaB0,UC1hcl0aIr9KtXA-Kiq9itqw,development,3
30,9261,40346,1u_usKRLh-Y,UC1YGPDtctHGJWW0NrlQVklw,development,5
30,9262,40347,YfB6Kfsw8Bs,UC1YGPDtctHGJWW0NrlQVklw,development,5
30,9263,40361,GQm2IuTPC7w,UC0tV1b7IFEXFUUILF7mAcWw,development,5
30,9264,40367,gPmeJrLi4Po,UCl4Y73ZM9g5mP5W489jHp3w,development,1
30,9265,40379,PHQvUxZ2qZg,UCcijXxFzSXgoM6q9cCtT9PA,development,2
30,9266,40380,RqV4yXmYMpA,UCCK3OZi788Ok44K97WAhLKQ,test_reserved,
30,9267,40385,XpHaXMv_1Ps,UCS1FukhR2GeYArdB87fVFVg,development,4
30,9268,40387,VK0TaayZ_Ec,UChrXmunslU0Xg7MVsJs5Kkg,development,5
30,9269,40391,10L9w53jlQE,UC22LfvKY_7Ibkt5I5wFqwfg,development,4
30,9270,40393,UR2zXSLp-L0,UCn6YTM3fvYdwCOHpdNJBOeg,development,5
30,9271,40394,7rrGYduS8fM,UCCK3OZi788Ok44K97WAhLKQ,test_reserved,
30,9272,40395,9kVXdMutNdA,UCLuP7ROjaueiuNbzrvPqXSQ,development,3
30,9273,40400,iMJmyN2KI-4,UCPdASwipemqGhpK-B-a12Ow,development,2
30,9274,40402,KLK3XMqFbUA,UCy-3y3BEH8dFhPsNEnO74Vg,development,5
30,9275,40412,sDAs7U59ABc,UCckltLEhFLv8Xz_lQhYfwmg,development,1
30,9276,40415,OqDSrlLyHnw,UCrxjz0zgsm9xxPnF0Boaubw,development,1
30,9277,40416,tnVcUiynZrk,UCf2Iar2LDcFaSCnVH1ZMUkA,development,4
30,9278,40423,rQYzg44sbXY,UCcijXxFzSXgoM6q9cCtT9PA,development,2
30,9279,40425,JkJlPcr_6jc,UC9SgyReu4QufMUTFhZYYEMw,test_reserved,
30,9280,40431,IfluqWwQfQg,UCEQrXk9S_wxT6fz7Iy7PI5Q,development,4
30,9281,40433,4Y0tiwNY_Jg,UCoz7UhbfPFJyljIIV2saR7A,development,3
30,9282,40434,d2CaKJ5vDvo,UCubo6fKdM-y-sqsu1sprjIQ,development,5
30,9283,40449,FXurSMLX-X4,UC1YGPDtctHGJWW0NrlQVklw,development,5
30,9284,40453,GDZMLkblByI,UCckltLEhFLv8Xz_lQhYfwmg,development,1
30,9285,40455,Em4Wf2qcWqg,UC_K3CNn5jlFvgCx7cpKiCYA,development,1
30,9286,40465,qgLTWYDs6Kw,UCMW_Sgzlaezz3MHg3BtgKbw,development,5
30,9287,40468,VsV4RR_wq1A,UCpRnLw-i6ep13w_vh9M9k-g,development,2
30,9288,40471,rDQ1HR74EvQ,UCNaR7-sv4f_kBWXX4yAeUMA,development,2
30,9289,40482,YNOKzOzbGOA,UCcijXxFzSXgoM6q9cCtT9PA,development,2
30,9290,40487,NAxDoZ4PLL0,UC1YGPDtctHGJWW0NrlQVklw,development,5
30,9291,40492,swYEgSTU4KA,UCwsNWoSlQUyeWgbVQYZtLOA,development,2
30,9292,40499,63-4LG2iU-c,UC8qBNfgWRK_WYYGSmmrfgPA,development,4
30,9293,40502,xYUZTORmCP8,UCOtYyt7W5PmPnwQjWWF_Z-Q,development,3
30,9294,40503,eoqYWtZ2Zmo,UCaESx7Bdghv_UICcG1hBkcg,development,2
30,9295,40515,Bu5jqRbEens,UC8qBNfgWRK_WYYGSmmrfgPA,development,4
30,9296,40517,H1PTnyQi0oU,UC1hcl0aIr9KtXA-Kiq9itqw,development,3
30,9297,40518,E1k_gNWmc0g,UC2sO_F_Ky4LIAUtSJYXqBDA,development,4
30,9298,40522,lQlCupKggwA,UCEneEx_9xYHkAAjFdLnBxQA,development,4
30,9299,40524,W6jPplSR0PE,UCeixuk-NkKqLJfZKcK2fQig,development,3
30,9300,40526,OK9zW8zmWFk,UCaI7IwVdrAcfhu3cp6x4T6Q,development,3
30,9301,40536,-OGM6oKPeF8,UCc30sTBdN9LRSxEuHaXV_bQ,test_reserved,
30,9302,40543,KL6BEn_l0B0,UCcrsFwwoMvcXYpJ0XldIlVQ,development,5
30,9303,40545,GJCaU8jz48I,UCFuP4DmMM9LZOMoa86vsZig,development,4
30,9304,40555,VKs4G6RwY50,UCppSNX9SEvI6TM1U0GLGQyA,development,2
30,9305,40559,h9H89FqHVXQ,UCckltLEhFLv8Xz_lQhYfwmg,development,1
30,9306,40566,_w0K1Uq6I3o,UCk_tkfNMtl9OVfc4BCN5eGg,development,5
30,9307,40568,aUgitIKE0Mg,UCIKg0Ev6Vq2M7hU7bL_jHFQ,development,3
30,9308,40571,0yM6zOVHObE,UCMAsQ6boj7sTPjNAlYxMMCw,development,5
30,9309,40572,OQawnhhuBMk,UCf48pki8AqjBHuV80LcC7kA,test_reserved,
30,9310,40583,z-RCPTze1Ko,UCLNz9bgiJfM3ImTtYDOt8Ew,development,4
30,9311,40589,3HHHxZXlsYs,UCIzJ8MT1NFOo3Q-VJlNDlQQ,development,3
30,9312,40590,bZD6rmVnPBk,UCCK3OZi788Ok44K97WAhLKQ,test_reserved,
30,9313,40594,lAdlu0fQk8o,UCctwRj5yOB7cFYPc8z_rZSw,development,5
30,9314,40595,lHff6s9HngE,UCcg4tDKgPLIc_x3lhWdogLg,development,4
30,9315,40596,_H77tF7HSrI,UCc30sTBdN9LRSxEuHaXV_bQ,test_reserved,
30,9316,40598,nlhqqNFUyW4,UCrVFS_0PdV7AwyTgR13IcVg,test_reserved,
30,9317,40600,I3GCsRbGdwE,UCcrsFwwoMvcXYpJ0XldIlVQ,development,5
30,9318,40603,2TWGJh1Ku7I,UCckltLEhFLv8Xz_lQhYfwmg,development,1
30,9319,40604,pRfuCDgXUAs,UCgnFSj7jQffD5V5m05j4dPw,development,5
30,9320,40606,rkx45WPWh6o,UCc30sTBdN9LRSxEuHaXV_bQ,test_reserved,
30,9321,40610,HMdTBLv-79w,UCckltLEhFLv8Xz_lQhYfwmg,development,1
30,9322,40627,2-tGiWdES00,UC22LfvKY_7Ibkt5I5wFqwfg,development,4
30,9323,40629,XdVvmadVpio,UClC6jQT87s0yKTxHls4BWSw,development,3
30,9324,40632,4kCRk56BORU,UCi7NA4jgRbTDZG50Gku70EQ,development,2
30,9325,40640,22OtxcDfaKo,UCqU7Eof3uDD0309gvUNfAog,development,1
30,9326,40645,UeJRTkSPB80,UCcijXxFzSXgoM6q9cCtT9PA,development,2
30,9327,40646,1SL7SHeK_l8,UCpKHQzqFn8VhNKQVCNp2M1g,development,2
30,9328,40649,wA-v0vppN_o,UCaESx7Bdghv_UICcG1hBkcg,development,2
30,9329,40650,Ui7klVUAnAs,UCq0hVW_G5kWt2ocLhbjOtGg,development,2
30,9330,40658,w5UE6gl8PG4,UCWwo8NBrDNOb5EEZadW3iWA,development,1
30,9331,40668,ezWp8LnUooY,UCK7K6a0WPm-QIUD7D1hqQSA,development,2
30,9332,40670,VZslRLwDafc,UCMNaxF22tMr_rcNI5fkUkYw,development,4
30,9333,40671,q2VJtOE4fXc,UCAH7R88V7gz7RqJv78nNOzg,development,3
30,9334,40675,8it8YJkwzXc,UCAH7R88V7gz7RqJv78nNOzg,development,3
30,9335,40677,onIW7yOk00Y,UCr5BVR_ePEz_9V-KF5rSEmQ,test_reserved,
30,9336,40680,t6UWrlObXjM,UCW5J0vbGISAYVK_Oz6m2Dqw,test_reserved,
30,9337,40684,MIkXBi_5LVs,UCacvx274jwEGQLzV6B3GMEQ,development,2
30,9338,40688,XUtoH5N9ySs,UC8lKgUHo-2mSR5cRRXO9xow,test_reserved,
30,9339,40702,5pEWVNTyItk,UCezX9mPSzwm7xgy2HGwozfA,development,3
30,9340,40710,eV0M25XMPiw,UC0tV1b7IFEXFUUILF7mAcWw,development,5
30,9341,40711,cS8nvro1HCk,UCckltLEhFLv8Xz_lQhYfwmg,development,1
30,9342,40716,mEkDaSQMGHE,UCm6FpVN_cg2tGqHVDc9QpMg,development,4
30,9343,40722,CQkLIC_2enM,UCJhdo2Kg29_EZwNPvlhzIFg,development,2
30,9344,40725,4ycOBeCEblw,UCSfmHr5cQvlVKR2f6p8T01w,test_reserved,
30,9345,40726,Ghdba_JSRV4,UCc30sTBdN9LRSxEuHaXV_bQ,test_reserved,
30,9346,40729,cNedLc3UP78,UCCQ3mUIQTv2Snhw5Os0Yo5Q,development,3
30,9347,40730,tmFh7ZyYilA,UCDWDuArgzMjvihWp47GYzKw,development,2
30,9348,40737,rD7z7DZTz8c,UCenKxrud5MMWf6GCANWZ7tA,development,1
30,9349,40745,gqOdZlR2vis,UCCK3OZi788Ok44K97WAhLKQ,test_reserved,
30,9350,40750,ya6bypNYcb0,UC_0KqdgCMvhbpYcp9JaqQRg,test_reserved,
30,9351,40763,niBh0JcR5G8,UCMcaGpzjo0D-d6oSvcg8PtA,development,4
30,9352,40773,ri-6dWKdZCI,UCOmNxm15JgVbbxGVFoTkX-w,test_reserved,
30,9353,40774,ebsUMhWd-Zs,UC67_bXZQ5O74jeRS42vLR5Q,development,2
30,9354,40780,F5W2n0s2WAo,UCn0XmAUFv6d2tofMFEesSNw,development,5
30,9355,40783,XeLWV-x9CuQ,UCrYItZrCXaq1dZ-6ArlCc6A,development,2
30,9356,40787,gJxleWT6Iq8,UCgnFSj7jQffD5V5m05j4dPw,development,5
30,9357,40789,1BilEUS2cts,UCvZpRt_4T2NlC9111RxNBug,development,2
30,9358,40790,ymRz7TWCVo4,UC0554zf4RvVkxwt_tS4Wx_g,test_reserved,
30,9359,40791,HPr6Hfl16b4,UCkD2Gixzde52jx1XspNvrBw,test_reserved,
30,9360,40800,4k-f4fgfoTc,UCbR7juPwtP-bV_w0840ciYQ,development,3
30,9361,40803,eD8gXqXypiQ,UCckltLEhFLv8Xz_lQhYfwmg,development,1
30,9362,40804,0cI_nKEgSiA,UCckltLEhFLv8Xz_lQhYfwmg,development,1
30,9363,40819,YykFjnJ2YMU,UCckltLEhFLv8Xz_lQhYfwmg,development,1
30,9364,40820,bneNUalUEZE,UC0554zf4RvVkxwt_tS4Wx_g,test_reserved,
30,9365,40822,NilHbEbancM,UC2oGrNhMUyWu5yzEJ_j1PMA,test_reserved,
30,9366,40824,xh-Z1cYrE8I,UC324VVhYKykBv01GecF4aYg,development,5
30,9367,40830,sK4VIQPtHFY,UC4Pb9SEsCb1EpsXVYAVVajw,test_reserved,
30,9368,40831,i-pSZBv2gnQ,UCbS_glb2N1NVTrDLVryRbng,development,4
30,9369,40832,obrBz8mc_Zs,UC1YGPDtctHGJWW0NrlQVklw,development,5
30,9370,40837,HM0SrWSWlF8,UCzO0Ody4SmI_XFRrXW848eA,development,2
30,9371,40838,Vq1ykkpQFIA,UCmrLu4r89ykOzmtmbAeEklA,development,5
30,9372,40840,ZTrVmLaQDxw,UCCK3OZi788Ok44K97WAhLKQ,test_reserved,
30,9373,40841,zhfqb1g2J74,UCVXCitEEweQox0oyIsJONrQ,development,3
30,9374,40842,SI7zA-D-Djo,UCOtYyt7W5PmPnwQjWWF_Z-Q,development,3
30,9375,40844,7ob9_bdLlJc,UCcg4tDKgPLIc_x3lhWdogLg,development,4
30,9376,40854,jF7RW8hxbYA,UCcrsFwwoMvcXYpJ0XldIlVQ,development,5
30,9377,40865,FSGlSjeTy2A,UCOKg9DR3c0Aa3A9JCvNrzGQ,development,3
30,9378,40868,gb5F-Kuakik,UCCK3OZi788Ok44K97WAhLKQ,test_reserved,
30,9379,40869,tvj1r9UL8sI,UCcijXxFzSXgoM6q9cCtT9PA,development,2
30,9380,40881,6gNWYldheoA,UCAH7R88V7gz7RqJv78nNOzg,development,3
30,9381,40889,tdPpXfpEe_o,UC8U5Mgl9nbkm5vOJ0SMtQgA,test_reserved,
30,9382,40893,0qYr32s4vko,UCoNaQS6wefjNVFkwvxrzAYw,test_reserved,
30,9383,40897,Qx8RMM4n3h8,UCtVEiBn_-ezOpRkL2pNjXzA,development,5
30,9384,40898,YsKEzSxPjyU,UCcijXxFzSXgoM6q9cCtT9PA,development,2
30,9385,40901,EOQkAFde6ss,UCFuP4DmMM9LZOMoa86vsZig,development,4
30,9386,40908,W6MxQ5fzqDI,UCS4etFvWLvhVowAmj4dn45g,development,3
30,9387,40920,cCqeOxeHvbY,UC4Pb9SEsCb1EpsXVYAVVajw,test_reserved,
30,9388,40924,jjUnfSR8m9o,UC6aSX46078fvOY9bY9ZUTYw,development,4
30,9389,40925,xEivK5Wf6KE,UCPdASwipemqGhpK-B-a12Ow,development,2
30,9390,40926,PWAKR-1vmF0,UC12K2QZlfWLq_8FmZfB23Yw,test_reserved,
30,9391,40927,1XRKVzE2itY,UCzdwVqqrY_z1DJkpLfdMHag,development,5
30,9392,40931,UPm9qj2ga18,UCmjo40eaWQS0jkW7UW24KSA,development,3
30,9393,40932,X0BWoHXHlbU,UCAeBFsK2bmm5lkgy90uFiqw,development,4
30,9394,40933,mY3GuHlVcls,UC4RBCrw6cMvOXz4eNkIgbnA,development,3
30,9395,40938,CfE60K7AUM4,UCx7lEnwLHxO9yPjOotGb-bA,development,2
30,9396,40940,YZ05Nbuzy0o,UCIoyIVPZEfC2p0dQwAxGiEw,test_reserved,
30,9397,40950,Q7LOqdol5o0,UCHxf5NOZYmtmQEOkToogAiQ,development,5
30,9398,40953,r_evTb7HKTA,UCV_4W6LL-Iwh0UaT_B6exQg,development,5
30,9399,40955,an84UixN6Mw,UC38c_i9VoaIjDpp46l35d0w,development,2
30,9400,40958,OFVJmxHiaJA,UCKvIAFnwVFiuITk3cl7UTxA,development,5
30,9401,40963,scay7Br1IWo,UCiJfplrc7idtWYpDsI325yQ,development,2
30,9402,40971,TuF4bgQoOeY,UCaI7IwVdrAcfhu3cp6x4T6Q,development,3
30,9403,40985,U-A0eI50aNQ,UCOnTFYvFvGwd2N4_a8UMk5Q,development,3
30,9404,40992,HLSsY7Df4NU,UCIoyIVPZEfC2p0dQwAxGiEw,test_reserved,
30,9405,40996,5yDtWoolSzM,UCbS_glb2N1NVTrDLVryRbng,development,4
30,9406,40999,Gw98uuzkNtk,UCnkon33rksDXo3qChhTs5Vw,development,5
30,9407,41004,UJ501LBES9A,UCOtYyt7W5PmPnwQjWWF_Z-Q,development,3
30,9408,41017,fTgSwaoPC_8,UCzmdP_DcwfmSVBH3euO5Gyg,development,3
30,9409,41018,Tf3MeoVnkRY,UC4UaWbUUwVvCxWNqhb4f16Q,development,3
30,9410,41024,KhOQfJUphhY,UC2oGrNhMUyWu5yzEJ_j1PMA,test_reserved,
30,9411,41027,kKLvWssd5oA,UCxUaYBTmKLpsziwQVMytY6g,development,3
30,9412,41028,tC9CnmSfyUQ,UC7-JGEBb4S3an5tS96rlHaQ,development,3
30,9413,41037,OqGZ-8gD35U,UCqZllVQ6lt8QJtUrnQ5Fzzw,development,1
30,9414,41041,dvsckbPMmjs,UCrcwOYr2Zf5Y6FKNHZTSXIg,development,5
30,9415,41055,Z3i9tnikBhQ,UCMk3TZ_MvwlPbSYp_1FScrw,development,2
30,9416,41057,kIvKwE9i0y4,UCSw_5fZrselH_au61zvIpJw,test_reserved,
30,9417,41058,dL3m6S6nWVo,UCPXSUKHTNc1_hnHuj-UiQWQ,development,4
30,9418,41059,oj6HrSlEfNs,UCcbOsE5_4LEjtQi8X2PFxDw,development,2
30,9419,41060,jx4Tf8zm0mQ,UC-QzvI-llqe5kiZl-Amrd8Q,development,1
30,9420,41070,QagOBwEyzHQ,UCu_uRk4D5klE6p_SBLVOWaQ,development,3
30,9421,41074,1rJtct16wLM,UC1YGPDtctHGJWW0NrlQVklw,development,5
30,9422,41075,2aQK_Fz5Ypk,UCcijXxFzSXgoM6q9cCtT9PA,development,2
30,9423,41077,nMeZAvaAFcY,UCql-jEixeuMcyabHRYqr-Zw,development,3
30,9424,41087,w1EZH7IVahY,UC61hH_E3HUjIweuWm20wuDg,development,1
30,9425,41091,L08xvMKC2jI,UC1CkcuwxCW_dIchuR0tTCJw,development,4
30,9426,41109,qp5BgzQ7U2A,UCckltLEhFLv8Xz_lQhYfwmg,development,1
30,9427,41110,UJ3R1AJkXzg,UCckltLEhFLv8Xz_lQhYfwmg,development,1
30,9428,41114,fjbM7X9I2mw,UCC4ytg6VTSI4EMTJoorjQtw,development,5
30,9429,41115,GSgTZWVXLPc,UCf2Iar2LDcFaSCnVH1ZMUkA,development,4
30,9430,41118,yeBccDiUZio,UCAH7R88V7gz7RqJv78nNOzg,development,3
30,9431,41121,NTJnZmxcvyk,UCgdaUnUmkHDpYCU0w2pR7Rw,development,2
30,9432,41129,xB7udYBmAng,UCKHgO2j1mqI5vFxJioRSPMQ,development,4
30,9433,41131,6-pttySqRpk,UCsAPX_-Yu9O_3dJu0aUj_BA,development,4
30,9434,41139,g0d255MatpA,UCdgWTRipbTuQsIiiPb6fB-A,development,5
30,9435,41149,B0TqMUhxT7g,UCAH7R88V7gz7RqJv78nNOzg,development,3
30,9436,41157,FCb3i0NfVIo,UCKC83VK5PenX2ocZ4JF7YiQ,development,1
30,9437,41166,NijCS5J972I,UCVfnhhDIkkBJ_1QyzCqeVDg,development,2
30,9438,41172,arG0xmCeoZE,UCCK3OZi788Ok44K97WAhLKQ,test_reserved,
30,9439,41191,_PyYdxvUgLc,UC4oZv7iatCbhEp6ehMMbhAg,development,5
30,9440,41196,3NcaqyrjyME,UCYbt3LkjHI9rVvYfq0jN_ew,development,1
30,9441,41199,6tE2jo176AU,UCvZ8sPFxYngz2JN3DG93fOw,development,4
30,9442,41202,pa7EnPmMhVY,UCB6tVmll-6XbKyS3fq8P4MA,test_reserved,
30,9443,41203,4q2SsK1dbKg,UCcijXxFzSXgoM6q9cCtT9PA,development,2
30,9444,41204,vpJfXbpsgi4,UCEieBVk2twUCVeoDDTeXo9Q,development,2
30,9445,41205,Cophd3Lr8as,UCIKg0Ev6Vq2M7hU7bL_jHFQ,development,3
30,9446,41206,1-mpvtjoi9o,UCckltLEhFLv8Xz_lQhYfwmg,development,1
30,9447,41213,93VotRds9TY,UCMv53_1dj-WnV1KhRV4oB8g,development,2
30,9448,41214,Q5cB37wOtTw,UCbS_glb2N1NVTrDLVryRbng,development,4
30,9449,41218,KYh19Z5-Eeg,UC2E7sjgxaME7k16_TQRR3cw,development,4
30,9450,41223,J6ByNgAciX4,UCQTcNhAZidy1i9wwmdgf2Lw,development,4
30,9451,41225,jaWXow4eBr4,UCr6fzu0WlPymGkaRo1Z8Jow,development,4
30,9452,41228,3ik1h3rmE34,UCckltLEhFLv8Xz_lQhYfwmg,development,1
30,9453,41234,i_rpdiCHzhg,UCQTcNhAZidy1i9wwmdgf2Lw,development,4
30,9454,41238,yWxnjqWaAMc,UCpKHQzqFn8VhNKQVCNp2M1g,development,2
30,9455,41243,smMvybIp-aU,UCnkon33rksDXo3qChhTs5Vw,development,5
30,9456,41247,_VGCYVoK8D4,UCLuP7ROjaueiuNbzrvPqXSQ,development,3
30,9457,41254,ZMmSbkhMaxM,UCCK3OZi788Ok44K97WAhLKQ,test_reserved,
30,9458,41261,ytplgvr4Hs4,UCOtYyt7W5PmPnwQjWWF_Z-Q,development,3
30,9459,41266,vqyrn3BmB_c,UC6aSX46078fvOY9bY9ZUTYw,development,4
30,9460,41268,GHFgrDMVe24,UCqrqt9Egbp4Voh3iEUUoorw,development,3
30,9461,41272,HWpn8zd3WHo,UCuJmg9Gw1uO-JGVLk9iACDw,development,2
30,9462,41276,q0iWog9rLmE,UCckltLEhFLv8Xz_lQhYfwmg,development,1
30,9463,41277,yQMYlskSY0g,UCO_66skZM2AyW8lgXawoPiw,development,4
30,9464,41283,wZoGWtVl9yU,UCcijXxFzSXgoM6q9cCtT9PA,development,2
30,9465,41285,VmgKNeTmwWc,UCfpYakGtM6UYxAjTWpUu1PA,test_reserved,
30,9466,41286,W3qIaobNF3U,UCbR7juPwtP-bV_w0840ciYQ,development,3
30,9467,41287,yVcnuG38Flw,UCMv53_1dj-WnV1KhRV4oB8g,development,2
30,9468,41294,I2wmczevCYQ,UCcijXxFzSXgoM6q9cCtT9PA,development,2
30,9469,41303,yF-1Ww-qcjM,UCcijXxFzSXgoM6q9cCtT9PA,development,2
30,9470,41311,r_IWS9p4jqQ,UCXBHPGYTwiBvTIk5dl9-r6Q,test_reserved,
30,9471,41315,PBzgc09raA8,UCgXtlvhFq4vzq8IKUBBTKYw,development,2
30,9472,41320,NlWaQT25knE,UCMw--nUMJjK2GNrLXdsnDzg,test_reserved,
30,9473,41323,5Zz4XXgtsjA,UCPAbeKHjE4HpRXqo4AXJzVQ,development,1
30,9474,41327,8kvbF6ACmM4,UC5p0VT3GMM-PEYL_gulNSnA,development,3
30,9475,41329,1VaUV_4gB9k,UC1YGPDtctHGJWW0NrlQVklw,development,5
30,9476,41331,KrcoTHihlxg,UCXm0FsS7PXy0w5HeOkYMi7Q,test_reserved,
30,9477,41338,jHq-etR5aSg,UCV_4W6LL-Iwh0UaT_B6exQg,development,5
30,9478,41342,4uk3CAwTkuM,UCNX1vwdag0CwzXCcgvUG0Dg,development,4
30,9479,41349,pVlCSiAuC9w,UCckltLEhFLv8Xz_lQhYfwmg,development,1
30,9480,41351,v-Le_FP7yac,UCl5xacxsAhltNGtiMktd_Sg,development,4
30,9481,41353,EtC3YvAnr_8,UCsvrW9k0uqrFMEXuF0HDgJQ,development,2
30,9482,41354,k5f-O6rVXrM,UCfuND8HywiC1G1T5s1t6ElA,test_reserved,
30,9483,41356,dw1FJNycs4M,UCiBHV5AwzPEBhlIX3yR6-Ig,development,2
30,9484,41360,ZRQ6alHm3DM,UCcbOsE5_4LEjtQi8X2PFxDw,development,2
30,9485,41369,T3iGJo14HkU,UCckltLEhFLv8Xz_lQhYfwmg,development,1
30,9486,41372,OQ_HXTBeJcw,UCckltLEhFLv8Xz_lQhYfwmg,development,1
30,9487,41375,_FpDTY1RkW8,UCAH7R88V7gz7RqJv78nNOzg,development,3
30,9488,41385,YilpMH2Dxec,UCMv53_1dj-WnV1KhRV4oB8g,development,2
30,9489,41389,wLanLZ0XpDU,UCckltLEhFLv8Xz_lQhYfwmg,development,1
30,9490,41392,BxtECNNuh-M,UCeIi7PRx_N5nTkU90r7_ykQ,development,1
30,9491,41394,Ua5Okv0W8Gg,UCPGAhH3paznJZmHl1UZiYVg,development,5
30,9492,41404,F_f4KWMXPNQ,UCh1YbG4SC-R5fBxZgMMuRww,test_reserved,
30,9493,41414,YN1TnMBnBYA,UCPXSUKHTNc1_hnHuj-UiQWQ,development,4
30,9494,41420,bvrXYLZcY8w,UCPXSUKHTNc1_hnHuj-UiQWQ,development,4
30,9495,41426,Wh8-2cUAckE,UCCK3OZi788Ok44K97WAhLKQ,test_reserved,
30,9496,41437,ZREt7FVqIWQ,UC3bDumjXNsq2ixYkUT7wT_g,development,3
30,9497,41439,LNxKcpHOBaY,UCu3jIK2NBSXc0_YaFqEuIrg,development,2
30,9498,41443,gpvNBYjumto,UCAeBFsK2bmm5lkgy90uFiqw,development,4
30,9499,41453,93AswQSIoSM,UCiPqzkmX93ta8vFwMVS81oQ,development,3
30,9500,41457,ARX4J2Y2wJ0,UCuJmg9Gw1uO-JGVLk9iACDw,development,2
30,9501,41466,NupbENxy71I,UCwsNWoSlQUyeWgbVQYZtLOA,development,2
30,9502,41467,NMLRAjR_Avk,UCl5xacxsAhltNGtiMktd_Sg,development,4
30,9503,41468,BwuI21VfGog,UC22LfvKY_7Ibkt5I5wFqwfg,development,4
30,9504,41470,AIf0nH9f3nI,UCoYoYVojg-QGFH7VyKMpB8w,development,2
30,9505,41472,RD1lHbrLwz8,UCqK8Pziw5w_zNPAzQS4lXaA,development,2
30,9506,41477,Hdb1bcsc_8Y,UC8lKgUHo-2mSR5cRRXO9xow,test_reserved,
30,9507,41479,MjcHpCkN8k0,UCAH7R88V7gz7RqJv78nNOzg,development,3
30,9508,41480,6L9Z7vuX2UA,UCbS_glb2N1NVTrDLVryRbng,development,4
30,9509,41483,zA9ArxeNFdY,UCOtYyt7W5PmPnwQjWWF_Z-Q,development,3
30,9510,41484,yZMSHrCdhjo,UCLNz9bgiJfM3ImTtYDOt8Ew,development,4
30,9511,41486,_2O4gCeuMio,UCb0KyqTm4bkjnZg_mND9hhg,test_reserved,
30,9512,41508,agrVXYRIL9w,UCNbM4dl9kN5KDpmDdAW6zOg,development,3
30,9513,41515,-6Lxo-p-9BU,UCm_cUbvQZt8A02HMU6vyguA,development,4
30,9514,41521,R_ChgoHuXFg,UC4T84A24Y2SIfnPhrehRU1w,development,1
30,9515,41525,Ke8bDtuKc4g,UCcsxQFWrFBlECkKlr4MhpQQ,development,1
30,9516,41527,UeskF8LAP8Y,UCckltLEhFLv8Xz_lQhYfwmg,development,1
30,9517,41528,Rhx7js0_NFg,UCpuPGR3ahfP8LPkePle4qBQ,test_reserved,
30,9518,41531,NWnGNmZWfk8,UCvcVb1fcd-asMSL6-CeOgNw,development,1
30,9519,41532,02ga3o9vusw,UChoLplNa4k4Yao2jFreT50w,development,5
30,9520,41542,wGhV53Wj2SM,UCAvDdYpu6UjCFlOepV7TNMA,test_reserved,
30,9521,41550,VdDE3ZbcvoE,UC_R5RnT7O66G791kXv-9_vg,development,5
30,9522,41554,nP7OL5sTZ-Q,UCLuP7ROjaueiuNbzrvPqXSQ,development,3
30,9523,41557,BFaBK6fyRw0,UC5BT1yMZC1MtgngCRMRZoLg,development,1
30,9524,41559,e4lSkbe10Lw,UCcFyjFWJPQ3YA1-BMnmwkhQ,test_reserved,
30,9525,41563,WNnHaYTgWz8,UCGFtqJBojvBobE23lFgethw,development,4
30,9526,41564,2RyU-tziN6I,UCbS_glb2N1NVTrDLVryRbng,development,4
30,9527,41570,zY8wG_xtlbc,UCN3Buj32nQOlbBjWmj1Eoqw,development,3
30,9528,41576,6YrJYtHJorU,UC4Pb9SEsCb1EpsXVYAVVajw,test_reserved,
30,9529,41577,XN3WMBXKTGw,UC2RlY2LHoGOoaU8qRI9sZ9g,development,4
30,9530,41592,TGvU9rODGCE,UCcijXxFzSXgoM6q9cCtT9PA,development,2
30,9531,41593,dbMVdWxDG3I,UCOtYyt7W5PmPnwQjWWF_Z-Q,development,3
30,9532,41607,_a7myhTohg8,UCDqFysWGVtduHRyawK8oJkw,development,5
30,9533,41608,AOC96HdUZA8,UCckltLEhFLv8Xz_lQhYfwmg,development,1
30,9534,41615,Gz4TY9p1740,UCaESx7Bdghv_UICcG1hBkcg,development,2
30,9535,41619,IF3l31tHWIE,UCq3nTkPujlH-ahNVYNCsTNw,test_reserved,
30,9536,41621,efipYcgGhdw,UCfQzTP1jc7JXj8hYtG31osw,test_reserved,
30,9537,41623,H-s9N9HruV4,UCgnFSj7jQffD5V5m05j4dPw,development,5
30,9538,41628,vz6rvZm-M0g,UCPXSUKHTNc1_hnHuj-UiQWQ,development,4
30,9539,41631,DCq118jEP2k,UCYogjR8tl0p9hAtG4vmkksw,test_reserved,
30,9540,41634,tSmol7-KAjU,UCAH7R88V7gz7RqJv78nNOzg,development,3
30,9541,41640,Z-Ar24QZcII,UCrnOpQKWYssIe_XkdZ653Ng,development,4
30,9542,41641,LV9wna_8LO8,UC5_mCvFp3zgtxoX1W9yHHHQ,development,1
30,9543,41656,jYZeSwnJXj8,UCIoyIVPZEfC2p0dQwAxGiEw,test_reserved,
30,9544,41660,TRSbFPRU1aw,UCbS_glb2N1NVTrDLVryRbng,development,4
30,9545,41662,mN9PkleZWJo,UCckltLEhFLv8Xz_lQhYfwmg,development,1
30,9546,41665,86WfD3vv5rQ,UCckltLEhFLv8Xz_lQhYfwmg,development,1
30,9547,41668,wCUIYgDQqso,UCcijXxFzSXgoM6q9cCtT9PA,development,2
30,9548,41671,z-7JImEdwgM,UCM3bQBUJ0PEbgfe9lAw_Y3Q,development,3
30,9549,41678,dOl_3Y-81rA,UCjYAhUnrkBujtKI3j3LM2uA,development,1
30,9550,41681,XN6EFhXS3n4,UCckltLEhFLv8Xz_lQhYfwmg,development,1
30,9551,41686,xfbCrQYVGnA,UCJsP6VDsHsorL2IgKOTdiEA,development,2
30,9552,41696,cuygRGuxVnM,UCEJ2OW9pd3aUob5SGap2Hzg,test_reserved,
30,9553,41698,N6n5uLfZM-E,UCckltLEhFLv8Xz_lQhYfwmg,development,1
30,9554,41699,I1aujy_9dVY,UCckltLEhFLv8Xz_lQhYfwmg,development,1
30,9555,41706,VwdF8LULRw4,UCA3kLjUpfOu8ylZVeOLCogA,development,5
30,9556,41708,DL1HCLM-k4E,UCr5BVR_ePEz_9V-KF5rSEmQ,test_reserved,
30,9557,41710,hDal9rtH2SM,UCXfgx23Lw81I4wsCNhdVBgw,development,4
30,9558,41711,Y9RCKpbF13c,UCbS_glb2N1NVTrDLVryRbng,development,4
30,9559,41715,nvf39E1PQmE,UCAH7R88V7gz7RqJv78nNOzg,development,3
30,9560,41717,zVlX0ZotZjg,UCLx0BJNc11RlbIR5JHH-qmw,development,1
30,9561,41719,0zMsFO5HKVk,UCRwWcANeDtyXLGxjdKnt8iQ,development,5
30,9562,41724,BQMMhCp3b7Q,UCgnFSj7jQffD5V5m05j4dPw,development,5
30,9563,41726,quk5er19gRc,UCaqKkC85KtIgXZK1edWABww,development,5
30,9564,41729,1OONYXta-oI,UCckltLEhFLv8Xz_lQhYfwmg,development,1
30,9565,41735,J1hIqdN8YNY,UCbS_glb2N1NVTrDLVryRbng,development,4
30,9566,41738,WfqwoYCWRnE,UCMQg72D9bcWjW-umvECrcAQ,development,1
30,9567,41739,z3qbYNKPGjY,UCckltLEhFLv8Xz_lQhYfwmg,development,1
30,9568,41745,KMbFJ373vbU,UCMayHG7j39d11Gh36vV7GnQ,development,3
30,9569,41746,tKKqj5pL9d8,UCl5xacxsAhltNGtiMktd_Sg,development,4
30,9570,41747,CMq9PePxpFo,UCqDbs3rlemiBZmhkh9gXXHg,test_reserved,
30,9571,41750,1e_OXAp9usY,UCOtYyt7W5PmPnwQjWWF_Z-Q,development,3
30,9572,41751,Jlg1OYqLV0s,UC6jQt9K_jqnBNtsRf7hXHsA,development,2
30,9573,41752,muOhh_Hwrcc,UC944GuW0gSM0srEsZSZRQEQ,development,1
30,9574,41757,b9PUP5QJrYE,UC8ZmvQOUKiu6SmICTXzjFnA,development,5
30,9575,41763,McqJPpipPdg,UC1dfhQyj962rwYPVLi3OHLg,development,3
30,9576,41766,eU-mqAlbkNM,UCbS_glb2N1NVTrDLVryRbng,development,4
30,9577,41767,-oAIfzbfxtE,UClKD6E6fDdor11ySgDxrjIQ,development,4
30,9578,41768,rw8znKg3AvI,UCn0XmAUFv6d2tofMFEesSNw,development,5
30,9579,41769,bt_MAxuJrRI,UCSquzAJZ72PTgZECfAEyYrQ,development,1
30,9580,41777,BNAzXHjtYW8,UC3pnlqmWVIVdQ4hkaQAxyVw,development,1
30,9581,41783,mcFhuwM0kak,UC6IHfZ-Rez2LR0PH01YxL7w,development,1
30,9582,41786,arItPgNy-hs,UCckltLEhFLv8Xz_lQhYfwmg,development,1
30,9583,41788,OfsNV3R9vEA,UCgnFSj7jQffD5V5m05j4dPw,development,5
30,9584,41792,U-5wfzVY7pU,UC4Pb9SEsCb1EpsXVYAVVajw,test_reserved,
30,9585,41794,dySHEqs1AzM,UCc30sTBdN9LRSxEuHaXV_bQ,test_reserved,
30,9586,41799,RREiA05m0Fc,UCckltLEhFLv8Xz_lQhYfwmg,development,1
30,9587,41802,VpBEnf0qqVw,UCol1SzfebXhRo0ltxOJZ9cg,development,2
30,9588,41814,90WdmLqKEJs,UC4VkNi2RZSJyqXsFaJYfsPg,development,4
30,9589,41816,zr0SfMhN76I,UCqrqt9Egbp4Voh3iEUUoorw,development,3
30,9590,41838,wD-lQ5bPV0Q,UCu7cGbQEMgGk8TD0ZYucM5g,test_reserved,
30,9591,41841,VZWJBiCLQ38,UCI7_knfoB-8RFNxoKhnOOMQ,development,3
30,9592,41848,dDF6sDrfrLc,UCPXSUKHTNc1_hnHuj-UiQWQ,development,4
30,9593,41852,oV9wyzaw0o0,UCQAGAV3lVRNMRwP44gY97lQ,test_reserved,
30,9594,41853,bEoImYBCyiY,UCjKSK3d5r0O78WGnMouSvDw,development,5
30,9595,41860,2ywnSqQ9y7M,UCecL5RXqIzb3N6zO0FaCN9Q,development,3
30,9596,41863,2aNPUNunisk,UCnANUYmlChbeCOqyAE-Y80g,development,3
30,9597,41866,_UUKCX-hK38,UCXm0FsS7PXy0w5HeOkYMi7Q,test_reserved,
30,9598,41867,eKND7OD-6TM,UCfQfw--8dPGypR7sGcXJz0w,development,5
30,9599,41868,DA47B37vR1g,UCOtYyt7W5PmPnwQjWWF_Z-Q,development,3
30,9600,41873,zwRQ0poIrtU,UCckltLEhFLv8Xz_lQhYfwmg,development,1
30,9601,41875,--GGnULUY7A,UCiitqGvliLalpXfO191ha0w,development,2
30,9602,41876,40VqtMIj3bM,UC5-n2dfksESEt3ATmM6Uujw,test_reserved,
30,9603,41878,3BWTtLkfX5E,UC2Amu02bFnMs-XglUunh44w,development,4
30,9604,41885,UcujHv76NYw,UCcwCsuV7bOpTfqf2UvLfYmg,development,2
30,9605,41887,DoVpUc9SM_Y,UCGa1_vxtCaUijKxNt0DB7aQ,development,5
30,9606,41888,oTrYwKZRZpI,UCoUtpHt61tmeSpaznNoqr3g,test_reserved,
30,9607,41889,vXgP7Tp-z4E,UC1GBN6Ujq_d9f5Kot0YZVEA,development,2
30,9608,41899,Q2CT5dIFEXs,UC1YGPDtctHGJWW0NrlQVklw,development,5
30,9609,41900,Ceq0qKxC0BI,UCCK3OZi788Ok44K97WAhLKQ,test_reserved,
30,9610,41905,hvvDqlL-UiI,UCcijXxFzSXgoM6q9cCtT9PA,development,2
30,9611,41911,4fq4WIll9p8,UCc30sTBdN9LRSxEuHaXV_bQ,test_reserved,
30,9612,41916,Ex2e8n43hMo,UCcz8zCnN3t438pxamIDwcfA,test_reserved,
30,9613,41918,kTkZM_WNrBE,UCetzJuYOVuySX4DdtHOVBtA,development,1
30,9614,41919,y3lJAvmTOQE,UC1YGPDtctHGJWW0NrlQVklw,development,5
30,9615,41920,NU3Mt0rjAmY,UCAH7R88V7gz7RqJv78nNOzg,development,3
30,9616,41925,VJrD7aDLzdw,UCcspHoBTj_aLhnJLwkMpWHQ,development,3
30,9617,41927,zUMAOIE4QYs,UCckltLEhFLv8Xz_lQhYfwmg,development,1
30,9618,41930,496EYmcGB8o,UCOnTFYvFvGwd2N4_a8UMk5Q,development,3
30,9619,41932,fxV898veg-o,UCoCbjrYBYNUeqRQ7HUKADBA,development,1
30,9620,41933,3uWtmPgbU84,UC6jQt9K_jqnBNtsRf7hXHsA,development,2
30,9621,41947,MUT8RmKZ8lw,UCHxf5NOZYmtmQEOkToogAiQ,development,5
30,9622,41949,ZCBbnZ3Olw4,UCS5U8OTQXzQXMET3NcRguWQ,development,1
30,9623,41951,QRuux30ixjo,UCfpubNryZVTG8tfjVez9E_g,development,5
30,9624,41952,_hyERGJ_bbU,UC7jNYrQQr_GnMWLe6bGRi2A,test_reserved,
30,9625,41955,dsg6M0n_Hyc,UCcijXxFzSXgoM6q9cCtT9PA,development,2
30,9626,41957,OZ1agQe5Hr8,UC-InXGUDXmIVAZG7efBiU7A,development,1
30,9627,41958,9mlesBgzl2Y,UCQTcNhAZidy1i9wwmdgf2Lw,development,4
30,9628,41968,cRDNE70APNY,UCRDDfbYPHX_GUJ4lcQYTc8A,development,2
30,9629,41970,hGu3woBqPVQ,UCeLsnnibnzDaSpMZMPJcvAw,development,1
30,9630,41976,7mf0r0ZpBiQ,UCFAQPiyzxj7BNfeKWGsR5gA,development,5
30,9631,41979,-VmeWE58WxQ,UCp3JwFW1xiUY4QwLqSsbNyw,development,2
30,9632,41981,avfjPWEoz-g,UCXLyL2Fg5DZouTYsYtRT0WQ,development,2
30,9633,41985,QDUW7n1XrJI,UCbR7juPwtP-bV_w0840ciYQ,development,3
30,9634,41991,cxT_tmwQv34,UCbS_glb2N1NVTrDLVryRbng,development,4
30,9635,42006,Z_EvSBVT7aw,UCf2Iar2LDcFaSCnVH1ZMUkA,development,4
30,9636,42010,L4Nh57GPEnA,UCiuCllaTAButX4ZC5DbRclw,development,5
30,9637,42014,3v4q06qZtzE,UCfQfw--8dPGypR7sGcXJz0w,development,5
30,9638,42019,rqzRMyN6kyA,UCsDDVBdzvMMZaQtF8vaC9bg,development,3
30,9639,42020,HBlpc6ja2J8,UC1YGPDtctHGJWW0NrlQVklw,development,5
30,9640,42033,v-qCD9xPoAk,UCPXSUKHTNc1_hnHuj-UiQWQ,development,4
30,9641,42039,p4AMf8JJLdY,UC9y7Wh-inBLM44vBwc9MGJg,development,2
30,9642,42042,RqmWrbU5t_w,UC1c0hRdhLh7vtMLIYMyOnYw,development,1
30,9643,42048,lBPMYSgrnQw,UCx92wsCDH3A2jKCcNV85HOw,development,5
30,9644,42054,JaRSy5DqXV4,UCOtYyt7W5PmPnwQjWWF_Z-Q,development,3
30,9645,42075,xlu6LX1d3sg,UCrhkgHTUdZXbCd69TNuQuMg,development,4
30,9646,42076,Fb_mos65cE0,UCckltLEhFLv8Xz_lQhYfwmg,development,1
30,9647,42082,uT4EeOh-qtI,UCckltLEhFLv8Xz_lQhYfwmg,development,1
30,9648,42086,PYbQuwTjksQ,UCvXR8NCCCr5N0edH88hcI_Q,development,3
30,9649,42092,ApMIZzR4Aww,UCaIc6SgS90ud_RgMSC6hW_w,test_reserved,
30,9650,42093,XoYdxvGqEcg,UCmTcA0rOwOPCaKvfsXFeZ8w,development,1
30,9651,42098,_5Hwt-E3kvc,UCF0uUUUTf2kzN8lz20-iksg,development,1
30,9652,42102,_l-iTg2hX5M,UCZ6MS5ygBzz25PnSMaAw8PA,development,3
30,9653,42111,7eA9JHb-5pA,UCN5KMxQbOwIrbmJmsR4ojhA,development,4
30,9654,42120,9okDQE-6wtQ,UCgnFSj7jQffD5V5m05j4dPw,development,5
30,9655,42122,eDcYcGl6mhI,UCY8MMMOhm6-om2MX97fFnpQ,test_reserved,
30,9656,42130,ndfNODuIj2A,UCCK3OZi788Ok44K97WAhLKQ,test_reserved,
30,9657,42135,XPic6Ipwn0o,UCgnFSj7jQffD5V5m05j4dPw,development,5
30,9658,42136,82zHqrjBPAA,UCRDDfbYPHX_GUJ4lcQYTc8A,development,2
30,9659,42138,L3e5YX8YrUE,UCjm7vbOwssao7Bhm9wX3-bw,development,3
30,9660,42148,64IdEeVpY0g,UCgnFSj7jQffD5V5m05j4dPw,development,5
30,9661,42151,fPd3AYQPXxg,UCyKbGIhchUM6-ybLXFXA1cg,development,1
30,9662,42155,-kcAGFpAwbQ,UC5Q9lmEDB_pWZdzzLI07eVg,development,1
30,9663,42158,wnsUU31yTjc,UCckltLEhFLv8Xz_lQhYfwmg,development,1
30,9664,42160,sskZAsiYzjg,UCoPGkvh-1AoSzh23-ROXrpw,development,2
30,9665,42162,AEd1sJAKExM,UC2Amu02bFnMs-XglUunh44w,development,4
30,9666,42164,NzNbNEqyxpw,UC324VVhYKykBv01GecF4aYg,development,5
30,9667,42167,61qrRZ9f6IU,UCYmEcbCgb9yxZZJGH1rtn_Q,development,3
30,9668,42168,_xNXx8oiLic,UCS1FukhR2GeYArdB87fVFVg,development,4
30,9669,42171,vZRTBcPB098,UC6jQt9K_jqnBNtsRf7hXHsA,development,2
30,9670,42176,JO_dsnIhGXU,UCu_uRk4D5klE6p_SBLVOWaQ,development,3
30,9671,42182,8cUCD6i2NV4,UC7Ohefm3GfJU1uNz7MXzhGA,development,3
30,9672,42183,O5V8W1GyQ3w,UCTIi9jL0_XH6wCRyHDygl9A,development,5
30,9673,42186,G644OToNfnY,UCcijXxFzSXgoM6q9cCtT9PA,development,2
30,9674,42188,dsgGMo8WE5g,UCzO0Ody4SmI_XFRrXW848eA,development,2
30,9675,42190,7rQF7tRvgqs,UC5BT1yMZC1MtgngCRMRZoLg,development,1
30,9676,42193,mo89LAcUcPI,UCf2Iar2LDcFaSCnVH1ZMUkA,development,4
30,9677,42195,OfPhq6jSlzg,UC0tV1b7IFEXFUUILF7mAcWw,development,5
30,9678,42196,lyXXYL5YW7I,UCPXSUKHTNc1_hnHuj-UiQWQ,development,4
30,9679,42197,RN4ahPTuUxU,UCYu4WywARv9NAIuV-kF8Fmg,development,2
30,9680,42201,W8WR0FnGVTo,UCxPYVvthidICJb75llNXktg,test_reserved,
30,9681,42203,0D5GJOFNFTA,UCOtYyt7W5PmPnwQjWWF_Z-Q,development,3
30,9682,42209,v_aM1lOivPM,UCCK3OZi788Ok44K97WAhLKQ,test_reserved,
30,9683,42217,DF11TvvgJAU,UCA5xW2Ce7KT2AtxzDYDebCA,development,4
30,9684,42221,LqaPzSzlg1o,UCdgWTRipbTuQsIiiPb6fB-A,development,5
30,9685,42224,RYJ6e-Nz_vM,UCckltLEhFLv8Xz_lQhYfwmg,development,1
30,9686,42229,ygN6XaU0gYA,UCc30sTBdN9LRSxEuHaXV_bQ,test_reserved,
30,9687,42230,QAxbP2EcTCE,UCcijXxFzSXgoM6q9cCtT9PA,development,2
30,9688,42235,SzS_R_2baaI,UCjSPtKPtRTj4b-vaT5qB20g,development,1
30,9689,42240,KLYwyXhTzcg,UCP4Z7-uWZYIQBclex8M086A,development,5
30,9690,42241,M-1I8I61rR4,UC8lKgUHo-2mSR5cRRXO9xow,test_reserved,
30,9691,42244,CZxArpIIxBw,UCPXSUKHTNc1_hnHuj-UiQWQ,development,4
30,9692,42245,QXoYnCKVymY,UCqxwy8GKh91iGrcZ7dgVuCQ,development,1
30,9693,42247,lbUZdCHS2aA,UCPXSUKHTNc1_hnHuj-UiQWQ,development,4
30,9694,42256,Jm2GN0Eut74,UCiPqzkmX93ta8vFwMVS81oQ,development,3
30,9695,42258,z48R7ubLjxQ,UCbS_glb2N1NVTrDLVryRbng,development,4
30,9696,42261,6nbMf5wwfeY,UCk0ZLeOPZVnRJn_s1x-8Idg,test_reserved,
30,9697,42262,7yHgoMGxuLY,UCc30sTBdN9LRSxEuHaXV_bQ,test_reserved,
30,9698,42268,zwnI5AjHmbo,UCmica4kfZ_bJEwRgyzDk4dQ,development,5
30,9699,42271,z2Xm0V52Sic,UCCK3OZi788Ok44K97WAhLKQ,test_reserved,
30,9700,42273,Y7BcPK4ZXVc,UCECl9CQ_kgWaX5h1SH2PKEQ,development,3
30,9701,42283,qMj-18Fuprk,UCcgkjXIaOrsFR8GLFo3iwOw,development,3
30,9702,42285,3hNl3b4j2yE,UCCK3OZi788Ok44K97WAhLKQ,test_reserved,
30,9703,42286,AQZfz_0667I,UCdZRFHIhq7TpUNSLXRlt7rQ,development,5
30,9704,42290,x1FHP4zRSVo,UCmGMChEd9jBucufrWcpk3Ew,development,3
30,9705,42297,KlvEa1jSLNU,UCnT7Z6-yqjhM__jZbK_B3kw,development,3
30,9706,42298,UUMv_vFBXVk,UC3asBjakSJquSeu2yt25lBw,test_reserved,
30,9707,42303,_kN1v83Jp8U,UCcrsFwwoMvcXYpJ0XldIlVQ,development,5
30,9708,42310,WtGzMuApIWQ,UCCK3OZi788Ok44K97WAhLKQ,test_reserved,
30,9709,42311,4Pf7g4nzZVc,UCcijXxFzSXgoM6q9cCtT9PA,development,2
30,9710,42314,Dxy0uCSo_sY,UCckltLEhFLv8Xz_lQhYfwmg,development,1
30,9711,42328,92vE10TrGkI,UCldiq7Z0JJVSkGXVgfV2qtg,development,2
30,9712,42346,74ZdWUKljOk,UCkK-FOO4FY_7QmxtDa4MLiA,development,2
30,9713,42347,h0XXcNdzBTs,UCmrLu4r89ykOzmtmbAeEklA,development,5
30,9714,42350,99Kuo7TGGYY,UCckltLEhFLv8Xz_lQhYfwmg,development,1
30,9715,42351,3jTYewcSu8Q,UCzNxbzqN0to4GNb9otFuGJQ,development,1
30,9716,42354,XC_4qg70Lmw,UCx7lEnwLHxO9yPjOotGb-bA,development,2
30,9717,42370,6uCAjbGeJIk,UCCK3OZi788Ok44K97WAhLKQ,test_reserved,
30,9718,42372,4JWh41IJ7wc,UCbS_glb2N1NVTrDLVryRbng,development,4
30,9719,42379,oad5QNRJ8B0,UCCK3OZi788Ok44K97WAhLKQ,test_reserved,
30,9720,42381,YLS_rZv2qJQ,UC324VVhYKykBv01GecF4aYg,development,5
30,9721,42384,3Z0rSVsTKl0,UCckltLEhFLv8Xz_lQhYfwmg,development,1
30,9722,42388,KFKcWwRlvJo,UCCK3OZi788Ok44K97WAhLKQ,test_reserved,
30,9723,42390,BAV43IQlkDA,UCRDDfbYPHX_GUJ4lcQYTc8A,development,2
30,9724,42421,JVhg8qHHyDg,UCs7S1q9lLPbNFfKxj_2cLpA,development,1
30,9725,42429,8HPpCaIcGzA,UCuJmg9Gw1uO-JGVLk9iACDw,development,2
30,9726,42436,KAjafx2YcGo,UCUzsesaP5G628WVuqEckF8w,development,5
30,9727,42448,mR0xnVK4AkE,UCkagcQYGoYFuXsUg-ObSL6A,development,5
30,9728,42452,NuTEScxHZMU,UCtEz7PSfmMS8lL1tzI3k9ZA,test_reserved,
30,9729,42458,D_Xfn6A-WjI,UCYweMykEAI5aaRztqrJuuAg,development,2
30,9730,42459,JmGZwBLOtG4,UC1YGPDtctHGJWW0NrlQVklw,development,5
30,9731,42461,JxwizC96HgU,UCiP6DUi_wjUMfc4bo0yIusQ,development,2
30,9732,42462,OtnEaGEbFHs,UCrVFS_0PdV7AwyTgR13IcVg,test_reserved,
30,9733,42475,UqdR91RXdng,UCp5D-qjJ6pQF9vaKU55cY6w,development,2
30,9734,42483,MD-1Czwl6Lg,UCfQfw--8dPGypR7sGcXJz0w,development,5
30,9735,42487,0CIZyKsOR9g,UCXRnXDVoCjqUN_sOJweAXyQ,development,5
30,9736,42491,qkGgzhscqjo,UCIoyIVPZEfC2p0dQwAxGiEw,test_reserved,
30,9737,42502,q4yrtIo_WNE,UClfffHYKuZqi1DFcb77Tn4A,development,2
30,9738,42505,GNWRWv-xdDk,UC1Q69efAtK3e652Mf2Z4pCQ,development,4
30,9739,42506,11MZpMjHink,UCkojdaAh7raYGOgVn4k1fLw,development,5
30,9740,42507,BYAlUHihQWo,UCmD8rLDHCdRFaXkRVkaofyg,development,2
30,9741,42508,aQldFzXbX3E,UCKC83VK5PenX2ocZ4JF7YiQ,development,1
30,9742,42513,ai1wHCDbBLs,UCeA0YDYhED5x7n3udzVNlpA,development,5
30,9743,42522,3ruLfkBoQeQ,UCc1Zs92Xb56Us_XAb2OU7rQ,test_reserved,
30,9744,42524,_8MfbzPY7xM,UCycXr279zf5T3LXlOV4z6Ug,development,2
30,9745,42530,8bntZ-vh8K4,UCKoBVjh6j8amPM6tw6Lb-cA,development,2
30,9746,42534,A-Sri9sVesk,UCZ-RBSr_ZD-jWWDgZmFyZyw,test_reserved,
30,9747,42536,8x5FBPZcjFI,UCs7S1q9lLPbNFfKxj_2cLpA,development,1
30,9748,42538,05iSX1wmOCk,UCCK3OZi788Ok44K97WAhLKQ,test_reserved,
30,9749,42539,-qSdcbg1Ayk,UC__zN6_8I7phHInACG56kvg,development,1
30,9750,42543,3k6lUXjVHfA,UCCK3OZi788Ok44K97WAhLKQ,test_reserved,
30,9751,42544,L27apIJWs00,UCckltLEhFLv8Xz_lQhYfwmg,development,1
30,9752,42548,ddfbw9x5pew,UCpRnLw-i6ep13w_vh9M9k-g,development,2
30,9753,42553,plLZdt7k_5E,UCCK3OZi788Ok44K97WAhLKQ,test_reserved,
30,9754,42554,7BE-YXla9Ws,UC-TPAJpit-cnGUG-zWliKFw,test_reserved,
30,9755,42555,IVeKxUiWPwM,UCPfU0uygBGutjaaJU5PpEvg,development,2
30,9756,42556,EmFMZBTHXVw,UCcwCsuV7bOpTfqf2UvLfYmg,development,2
30,9757,42560,W1bidpTGLFo,UCCK3OZi788Ok44K97WAhLKQ,test_reserved,
30,9758,42561,OOiNHnyCXoM,UC4UaWbUUwVvCxWNqhb4f16Q,development,3
30,9759,42565,1djiPyTnCk4,UC38c_i9VoaIjDpp46l35d0w,development,2
30,9760,42567,2qAYSFrSYUE,UCdZRFHIhq7TpUNSLXRlt7rQ,development,5
30,9761,42572,e-7mI5PLOn0,UC0tV1b7IFEXFUUILF7mAcWw,development,5
30,9762,42573,P3Hze7GEryg,UCckltLEhFLv8Xz_lQhYfwmg,development,1
30,9763,42574,LyQf6f3sGy8,UCcspHoBTj_aLhnJLwkMpWHQ,development,3
30,9764,42575,V8IH2zqI_sU,UCgnFSj7jQffD5V5m05j4dPw,development,5
30,9765,42577,9oN8UyAICkM,UCaESx7Bdghv_UICcG1hBkcg,development,2
30,9766,42587,FRdPerO7AkM,UCvZ8sPFxYngz2JN3DG93fOw,development,4
30,9767,42588,Ov2HcClqPeo,UCf2Iar2LDcFaSCnVH1ZMUkA,development,4
30,9768,42600,Lj_F4psI8DU,UCr5BVR_ePEz_9V-KF5rSEmQ,test_reserved,
30,9769,42604,mOuZsLAOcDs,UCOk9zSvzL_G02l8-5o2J0aw,development,4
30,9770,42606,Oq2B9R76b3s,UCl5xacxsAhltNGtiMktd_Sg,development,4
30,9771,42609,jgKRWYrbPO8,UCn0XmAUFv6d2tofMFEesSNw,development,5
30,9772,42612,ynGhBFforSY,UCckltLEhFLv8Xz_lQhYfwmg,development,1
30,9773,42618,sgd4v2HR8BA,UCyhM9-y17fHHp-laYCEvT2g,development,1
30,9774,42624,Rkv_a-unbUc,UCDyVn80GuHYMgkKe3nVJXAw,development,4
30,9775,42625,qg7y06Du2pQ,UCCK3OZi788Ok44K97WAhLKQ,test_reserved,
30,9776,42630,2HnrGTQ7uKw,UCTeryK_nffN6lnRo8dTD3_g,development,3
30,9777,42633,_4Gm9IhLTcw,UC1dfhQyj962rwYPVLi3OHLg,development,3
30,9778,42637,zuRv9j53xfw,UCCK3OZi788Ok44K97WAhLKQ,test_reserved,
30,9779,42644,TM8AbKjwxRE,UCOtYyt7W5PmPnwQjWWF_Z-Q,development,3
30,9780,42645,t1J-LxcpIHE,UC95VofaZiQPFwRMaqPhLc0w,development,1
30,9781,42646,J4bcD8aV5tM,UC1YGPDtctHGJWW0NrlQVklw,development,5
30,9782,42651,VUlUJ_nzU_M,UCLuP7ROjaueiuNbzrvPqXSQ,development,3
30,9783,42652,bzMqn-HuTvk,UCCK3OZi788Ok44K97WAhLKQ,test_reserved,
30,9784,42658,nEQFHc7Sfvk,UCOmviBpngMg-QGJatzw7hxg,development,3
30,9785,42659,jsfJ_VNaNWU,UClSIhhnuyF8fXtBTpOOTknA,development,2
30,9786,42664,MnWD3CtdQG8,UCRnj7DFNziGE3JPnGwA0yrg,development,4
30,9787,42665,-T6MvSA8Dhw,UCvLsvfgY-hbGDtOi2udm4Gg,development,4
30,9788,42666,-jJIGII0P1Q,UCCK3OZi788Ok44K97WAhLKQ,test_reserved,
30,9789,42670,3sD8dR48neg,UCcbOsE5_4LEjtQi8X2PFxDw,development,2
30,9790,42671,HRWvltUuyaE,UCcijXxFzSXgoM6q9cCtT9PA,development,2
30,9791,42675,X3lzyhsThYs,UCckltLEhFLv8Xz_lQhYfwmg,development,1
30,9792,42679,aiQJgrOAv34,UCx2bxQGDuQgYPJPYFmIthnA,development,4
30,9793,42683,Cg0iqgpHtUU,UCckltLEhFLv8Xz_lQhYfwmg,development,1
30,9794,42684,qepNCKvAvk8,UCCK3OZi788Ok44K97WAhLKQ,test_reserved,
30,9795,42685,CK1znlk_1Uo,UCJhdo2Kg29_EZwNPvlhzIFg,development,2
30,9796,42691,wVIhcu5zKLA,UCsCp9NfFhRhL6DvDjWtAweg,development,1
30,9797,42693,QiLQxDAWff8,UCckltLEhFLv8Xz_lQhYfwmg,development,1
30,9798,42695,D0hXO1r9uRk,UCeLsnnibnzDaSpMZMPJcvAw,development,1
30,9799,42696,feFYBEHkOW8,UCAfSZ4d_LQ3v6gs6r4IADcw,development,4
30,9800,42702,8N2TEZZcN6A,UCj66yJ6BRcAD83A7KhIl9lw,test_reserved,
30,9801,42706,NVCDyY4jL30,UCckltLEhFLv8Xz_lQhYfwmg,development,1
30,9802,42707,pls6cXabhy8,UCRB8mrLCcwTPlJOMUy9MDUg,development,2
30,9803,42708,s8dQ2iYrImE,UCkzFXIie723z4vsYAMsMGsg,development,4
30,9804,42718,2BKcbhyfaNU,UCm-TXzgh9U2K3wjWzY0XX0A,development,1
30,9805,42730,DEllpQFCWgc,UCcbOsE5_4LEjtQi8X2PFxDw,development,2
30,9806,42740,KdAq8zyrIc0,UC9SnUR9ewkPk9h45L0uY6SQ,test_reserved,
30,9807,42742,LcaJnHGpaXk,UCbS_glb2N1NVTrDLVryRbng,development,4
30,9808,42744,fl8_Wc0Dffg,UCgnFSj7jQffD5V5m05j4dPw,development,5
30,9809,42746,RPQ4XkeiaBk,UCCbm1E52PV05ZLv6dtRB92Q,development,5
30,9810,42754,L7fVZWwOcEM,UCa79Dm6QBH4i8PAmTrfQPXQ,development,2
30,9811,42756,B8s5NAL6n2k,UCDrTN5A0V-Fzu1Jn7qnxA6A,development,4
30,9812,42764,uBo6H9Dz9A4,UC0tV1b7IFEXFUUILF7mAcWw,development,5
30,9813,42766,ejJWdDk-qSs,UCckltLEhFLv8Xz_lQhYfwmg,development,1
30,9814,42767,NCZ21IhZhNU,UCCK3OZi788Ok44K97WAhLKQ,test_reserved,
30,9815,42768,Lm18vTbzQJk,UCrhkgHTUdZXbCd69TNuQuMg,development,4
30,9816,42777,CcjAWaNKu-4,UCbCAIiyYUDoFFIzXS0HxYTA,development,4
30,9817,42781,oFVtd8E9wxE,UCPXSUKHTNc1_hnHuj-UiQWQ,development,4
30,9818,42787,e6qnwTCQ7mc,UCVqfoMNwM8SIpL6BMGTZbcA,development,5
30,9819,42788,S8iwUNf3Qp8,UCi3A1rShO1BzkQeXjOU-pkw,development,5
30,9820,42792,jlVxn0cL9M4,UCh9qXeL8eP3Txra2908xksg,development,3
30,9821,42795,TDGIU903dYY,UC_nFt7ialY-bZ-nUFwzY_hg,development,1
30,9822,42797,KQ0dvx7ScQM,UCn0XmAUFv6d2tofMFEesSNw,development,5
30,9823,42806,ItWlEW2owzs,UCCK3OZi788Ok44K97WAhLKQ,test_reserved,
30,9824,42808,vPUO4DURmOw,UCRnlAD7oJTGIgNVBzWfxTfg,test_reserved,
30,9825,42811,6UcufLWcXuI,UChke7zfxDsgtsY7-yfncfTg,development,4
30,9826,42816,--kkRDM33Hs,UCrhUdMTs3SrW3N7MBx6MEdg,development,2
30,9827,42821,zLHJYiCqzmc,UCckltLEhFLv8Xz_lQhYfwmg,development,1
30,9828,42827,d2FuN9ByWGo,UCn0XmAUFv6d2tofMFEesSNw,development,5
30,9829,42836,hI8Zn8hmz1o,UCgnFSj7jQffD5V5m05j4dPw,development,5
30,9830,42839,az3bCR9FMIQ,UC24uwZklOoFhbiQq-kp2HYg,test_reserved,
30,9831,42841,AUgi5C-Sjxo,UCVU09OJkBIHZTGb-acbajoQ,development,4
30,9832,42842,P_T6N2qBG10,UCs_mHlm5_C82W5WCIJaSMbQ,test_reserved,
30,9833,42845,PzBQ2T4oQyU,UCc30sTBdN9LRSxEuHaXV_bQ,test_reserved,
30,9834,42853,BGGoLqUfEvA,UCRB8mrLCcwTPlJOMUy9MDUg,development,2
30,9835,42855,CvEGVvh4nCY,UC4EtZkAiRfpNl1QRxWTuXaA,development,4
30,9836,42857,7fLwmjCun8g,UCbS_glb2N1NVTrDLVryRbng,development,4
30,9837,42862,mK80c4fc2Bk,UC8qBNfgWRK_WYYGSmmrfgPA,development,4
30,9838,42866,dkscWSuXkR4,UCIKg0Ev6Vq2M7hU7bL_jHFQ,development,3
30,9839,42871,WddpohZ8rU8,UCbS_glb2N1NVTrDLVryRbng,development,4
30,9840,42872,UDHhmbsOx8k,UC2oGrNhMUyWu5yzEJ_j1PMA,test_reserved,
30,9841,42875,bI0iDUWb6Ik,UCYweMykEAI5aaRztqrJuuAg,development,2
30,9842,42877,P5Ybw9cbL0Q,UCZXcD8T3zClfNAlDwHCdg6w,development,4
30,9843,42881,F_L0dSVc-lM,UCAz-peNBHr6_KTtl0sPBavg,development,1
30,9844,42885,KPXJnASV7QE,UC1YGPDtctHGJWW0NrlQVklw,development,5
30,9845,42889,dqStyqcYi8U,UCUz70SsT1TZzlwEqvSCpJRA,development,4
30,9846,42892,qBAvNXbgspc,UCjm7vbOwssao7Bhm9wX3-bw,development,3
30,9847,42896,sz4GsrfhBhI,UC-B9e7r2XmQBmB-hzpw7xEA,development,5
30,9848,42902,b94twOTSCC0,UCQIWzvLOlB4tu84TtOTJCGg,test_reserved,
30,9849,42910,GqI3Kzi5uhc,UC7mhtAaF1ESJgCozpoS2lcQ,development,3
30,9850,42912,ODvN2khptmQ,UCCbm1E52PV05ZLv6dtRB92Q,development,5
30,9851,42919,ckmimo__yJU,UCckltLEhFLv8Xz_lQhYfwmg,development,1
30,9852,42922,FzmO6PfvrNQ,UCOtYyt7W5PmPnwQjWWF_Z-Q,development,3
30,9853,42924,tCJOx42e3dY,UCckltLEhFLv8Xz_lQhYfwmg,development,1
30,9854,42927,4Y_1GyAqDv8,UCAH7R88V7gz7RqJv78nNOzg,development,3
30,9855,42932,O-BmWxcw_6g,UCcg4tDKgPLIc_x3lhWdogLg,development,4
30,9856,42944,zF9DY7xkSc0,UCckltLEhFLv8Xz_lQhYfwmg,development,1
30,9857,42946,5J_iNnc8-r0,UCpP5Y5ssB2iicCuWrpVpR3A,test_reserved,
30,9858,42947,o2aUdXE6gno,UCmrLu4r89ykOzmtmbAeEklA,development,5
30,9859,42949,sFfvWkdZsyw,UCOtYyt7W5PmPnwQjWWF_Z-Q,development,3
30,9860,42952,gSF8777NiNw,UCS-iMBivVAfN2oPRQaCUhJQ,development,3
30,9861,42954,yWtKknG0Sro,UCckltLEhFLv8Xz_lQhYfwmg,development,1
30,9862,42959,waTp20T7ps0,UCEieBVk2twUCVeoDDTeXo9Q,development,2
30,9863,42968,j-K6Dfpqflc,UCReF_78PPPdU7kKodNtBwMg,development,3
30,9864,42973,GLOhzSkZJQw,UCckltLEhFLv8Xz_lQhYfwmg,development,1
30,9865,42974,xum2nhds6xE,UCFgCY_hRcewKGqE5LmaeT8Q,test_reserved,
30,9866,42981,oRzjDsJ4vTE,UCkagcQYGoYFuXsUg-ObSL6A,development,5
30,9867,42989,aJtEWs8zW1s,UCcijXxFzSXgoM6q9cCtT9PA,development,2
30,9868,42990,OEzwUeNYJoQ,UC1YGPDtctHGJWW0NrlQVklw,development,5
30,9869,42991,DjyBCd9--2Q,UCIKg0Ev6Vq2M7hU7bL_jHFQ,development,3
30,9870,43003,SinyePW-aNE,UCLuP7ROjaueiuNbzrvPqXSQ,development,3
30,9871,43008,NwCmP4UFlwI,UCMNaxF22tMr_rcNI5fkUkYw,development,4
30,9872,43018,NgySQhsGSM8,UCsLoRcb3FvB-uK3F1_zqXbw,development,1
30,9873,43024,mHPoB_iLTcI,UCaszdCPv2DolWB2zmTDYPEA,development,4
30,9874,43028,lVbZiaHr80E,UCbS_glb2N1NVTrDLVryRbng,development,4
30,9875,43032,rNtXpmv0Fm8,UCNPYfKcafveO1qA81WSW9CQ,development,2
30,9876,43035,UXlq5mHM734,UCE_uaeRZwW7roZqYO31iDWg,development,1
30,9877,43040,7HEuq9oZVm0,UC7mhtAaF1ESJgCozpoS2lcQ,development,3
30,9878,43043,hy4VglpRxr4,UCpnf3Ymd5S3zC0G7XvR0rEA,test_reserved,
30,9879,43045,d7ZrkyWJKDg,UC7NapJjZn91I2PnqsG2jXKA,development,4
30,9880,43051,exjK-nxnf3E,UCewWZeJ0g9cHU61e_jN_bZg,development,1
30,9881,43052,NSng7oziX2o,UCiSjgMdwgt_wYFGu2QpVtPg,development,1
30,9882,43053,3IrUjYr02z8,UCY8jtiRLqx1Sv5A0fWYGlNQ,development,4
30,9883,43063,cnQkcxbbdLk,UCCbm1E52PV05ZLv6dtRB92Q,development,5
30,9884,43065,DjcvWnHRotg,UCth9R703obgHx665cpiNY9A,development,5
30,9885,43073,-PsgARsfE2g,UCZNreSxdvd50nzMz5zkXg4w,development,5
30,9886,43074,9aYYmxZeNT8,UCOtYyt7W5PmPnwQjWWF_Z-Q,development,3
30,9887,43075,26x2e0rvFQc,UC8qBNfgWRK_WYYGSmmrfgPA,development,4
30,9888,43087,y7aOhBcT0Io,UCCK3OZi788Ok44K97WAhLKQ,test_reserved,
30,9889,43093,gXqqMvPuMfo,UC1YGPDtctHGJWW0NrlQVklw,development,5
30,9890,43096,lsYsPru2Q9g,UCgm1AkjIpLGAoBDdCPx1tMQ,development,2
30,9891,43099,RqcHOoFA5QI,UC8ZmvQOUKiu6SmICTXzjFnA,development,5
30,9892,43101,mTMOlsTeGlw,UCFYP9-HfFF-Pg7DibBsCAlQ,development,4
30,9893,43121,bIYOqafjeZA,UCcijXxFzSXgoM6q9cCtT9PA,development,2
30,9894,43122,P-zza1m73YY,UCbS_glb2N1NVTrDLVryRbng,development,4
30,9895,43129,1pe3jdT-u-I,UC1YGPDtctHGJWW0NrlQVklw,development,5
30,9896,43133,KMx21goVB9o,UC0OQrrbVFEASTwszPPVOndA,development,2
30,9897,43136,t-TPLhpr8uo,UCLx0BJNc11RlbIR5JHH-qmw,development,1
30,9898,43139,C6vrG043Rck,UCRDDfbYPHX_GUJ4lcQYTc8A,development,2
30,9899,43141,uO-g616LiyU,UCLuP7ROjaueiuNbzrvPqXSQ,development,3
30,9900,43151,snuXm4dhdSs,UCgnFSj7jQffD5V5m05j4dPw,development,5
30,9901,43154,oHM6JRU_2Uc,UCAH7R88V7gz7RqJv78nNOzg,development,3
30,9902,43157,vwOOrk8IZuA,UCapSewg41BjoMmTqRjJvXPg,development,5
30,9903,43159,FKlyMmL5XW0,UCgnkk8P4G9yQFuRl0dEO1HQ,development,2
30,9904,43161,-hDFcrVf0kg,UCn0XmAUFv6d2tofMFEesSNw,development,5
30,9905,43163,K--I9zhv-Ow,UCwrJnrHM2qRjjiSVk1nlx4Q,development,4
30,9906,43170,sXvCvlKKC8E,UCA5xW2Ce7KT2AtxzDYDebCA,development,4
30,9907,43172,DL4h2oM-UGg,UCCK3OZi788Ok44K97WAhLKQ,test_reserved,
30,9908,43175,_KnsJi9eN-k,UC1A_9N2Mg0q2LDrfKLWFPSw,test_reserved,
30,9909,43177,9Su6Kb99iuI,UCckltLEhFLv8Xz_lQhYfwmg,development,1
30,9910,43180,-6RNecDLoVQ,UC3tvYy-s84yySG7V85jRDnA,development,4
30,9911,43197,E2-qbEeCR5c,UCqrqt9Egbp4Voh3iEUUoorw,development,3
30,9912,43200,nEaEYOzIffk,UCFjPN4qKreAn3tB36QMYiRA,development,5
30,9913,43206,YaQ6DYCrdc8,UCckltLEhFLv8Xz_lQhYfwmg,development,1
30,9914,43209,Tj-UcyidD54,UCceS_252pdNUa5ztP_MW8rw,development,2
30,9915,43217,vnZCjeZDZI0,UCVHWB3mjlo3zxsMPhjgtZig,development,4
30,9916,43222,84nxy3uXVec,UCgnFSj7jQffD5V5m05j4dPw,development,5
30,9917,43237,aO-jQTw8avY,UCcijXxFzSXgoM6q9cCtT9PA,development,2
30,9918,43239,-l4jyDtas0I,UCPdASwipemqGhpK-B-a12Ow,development,2
30,9919,43242,P0kORufOl3E,UCckltLEhFLv8Xz_lQhYfwmg,development,1
30,9920,43243,l0DLht6yHfU,UCIKg0Ev6Vq2M7hU7bL_jHFQ,development,3
30,9921,43244,QmgfB1CQO18,UCckltLEhFLv8Xz_lQhYfwmg,development,1
30,9922,43250,jd6p0jQqiyc,UCDhV2dS5kewSaccFl9g66sw,development,3
30,9923,43252,gkb0md94Hms,UCOiMY00_ZLijPF6InrCl0TA,development,3
30,9924,43254,qQibCiWWtrE,UCQPO_C0T1tNwxM7C6XDtWdw,development,5
30,9925,43263,ZL1NjWwWcHc,UC3asBjakSJquSeu2yt25lBw,test_reserved,
30,9926,43286,2YyD_ZlQfG8,UCckltLEhFLv8Xz_lQhYfwmg,development,1
30,9927,43288,2EJvjb1nocQ,UCAH7R88V7gz7RqJv78nNOzg,development,3
30,9928,43295,S89C9v7t6qc,UCAH7R88V7gz7RqJv78nNOzg,development,3
30,9929,43300,31eUpT9luEk,UCgnFSj7jQffD5V5m05j4dPw,development,5
30,9930,43304,k45c9KMOMOQ,UCUz70SsT1TZzlwEqvSCpJRA,development,4
30,9931,43310,IfVLEE0SjYA,UC9uHjpQ3iFPZI9NsSOF3oZA,development,3
30,9932,43312,yYPPtqnYUro,UCY8MMMOhm6-om2MX97fFnpQ,test_reserved,
30,9933,43314,3TQ17uV8fog,UCMNaxF22tMr_rcNI5fkUkYw,development,4
30,9934,43318,mzI6FLg2vcw,UCIQYzhtvJ9Ve8IlADFudn0g,test_reserved,
30,9935,43322,x-zLtOc-DrA,UCbS_glb2N1NVTrDLVryRbng,development,4
30,9936,43330,W4GjSG2sBdk,UCgnFSj7jQffD5V5m05j4dPw,development,5
30,9937,43334,BORPYGAqPVU,UCOWCgndXfQ4DZKp34MXHYHg,test_reserved,
30,9938,43345,r2Ent212nT4,UCMxeqmVKOqiqh7V_A3h4gfA,development,2
30,9939,43348,WBWiQKksw34,UC6jQt9K_jqnBNtsRf7hXHsA,development,2
30,9940,43349,QdHQuESMTFQ,UCvoMClO68wGoV5Fvu0KRiqA,development,4
30,9941,43350,p01U63tmsVE,UCDrTN5A0V-Fzu1Jn7qnxA6A,development,4
30,9942,43352,ZlWxsEV1GhI,UCsvrW9k0uqrFMEXuF0HDgJQ,development,2
30,9943,43353,u66rxg5WdS4,UCckltLEhFLv8Xz_lQhYfwmg,development,1
30,9944,43357,3rW037O_Xu4,UCckltLEhFLv8Xz_lQhYfwmg,development,1
30,9945,43359,KgtxmUxBNto,UC5R7F4Mw_ZV1c4tYe4UKLIg,development,4
30,9946,43366,AXqGXi4JJXY,UCgnFSj7jQffD5V5m05j4dPw,development,5
30,9947,43374,HuYrIzuGZuk,UCQTcNhAZidy1i9wwmdgf2Lw,development,4
30,9948,43376,AvL-zu8PU8I,UCg22fUwQQF-7Sf6-TIVIFrA,development,1
30,9949,43379,dGJU3bcw_rY,UCgnFSj7jQffD5V5m05j4dPw,development,5
30,9950,43383,-4xG4HlkQbE,UCsIWvjz7hIya46Z7Osb-QpQ,test_reserved,
30,9951,43384,BomA_YAuqv8,UC22LfvKY_7Ibkt5I5wFqwfg,development,4
30,9952,43390,DOI5cU6Xzaw,UCcwCsuV7bOpTfqf2UvLfYmg,development,2
30,9953,43391,bJTlSFWpPQY,UCUh8FFbl1BfRmzL9t4Fkykw,test_reserved,
30,9954,43395,cwI-Cs1hLDo,UCcijXxFzSXgoM6q9cCtT9PA,development,2
30,9955,43398,CDOt0bsLpNo,UC0UN7hnzgIxDgG582qgy4cw,development,5
30,9956,43403,maI12ZCcBYw,UCckltLEhFLv8Xz_lQhYfwmg,development,1
30,9957,43405,48ZcZt9_pPs,UCckltLEhFLv8Xz_lQhYfwmg,development,1
30,9958,43408,up2oSJpZ0rw,UCFdCT7ZJCc9ax1yAqDCQPaA,development,5
30,9959,43409,ekKavdpGFws,UCBUk51w4TcB2Joq2GOh7Peg,development,3
30,9960,43412,dOr7ZAeg0AE,UCyaBLWehN3TJHneic-3IJBQ,development,4
30,9961,43423,KOr8YIfiQwA,UCgnFSj7jQffD5V5m05j4dPw,development,5
30,9962,43424,23dKtHtxpv8,UCOtYyt7W5PmPnwQjWWF_Z-Q,development,3
30,9963,43434,RFbWdbC8joE,UCcijXxFzSXgoM6q9cCtT9PA,development,2
30,9964,43438,ILecJZv4nTs,UCRDDfbYPHX_GUJ4lcQYTc8A,development,2
30,9965,43442,0PLUAl312Ng,UCckltLEhFLv8Xz_lQhYfwmg,development,1
30,9966,43444,ilY7TIdAjio,UCmTrMV3RUj_n8dO0Ff-wHOQ,development,3
30,9967,43446,fbPVesVuF7o,UCRDDfbYPHX_GUJ4lcQYTc8A,development,2
30,9968,43448,7mtP_1gM-Pc,UCckltLEhFLv8Xz_lQhYfwmg,development,1
30,9969,43451,V_wjkW5JWyU,UCCK3OZi788Ok44K97WAhLKQ,test_reserved,
30,9970,43466,wSO7xbiCzmU,UCDhV2dS5kewSaccFl9g66sw,development,3
30,9971,43469,Ji3DnqKKsfM,UCth9R703obgHx665cpiNY9A,development,5
30,9972,43470,a6oI8DNjHYM,UCckltLEhFLv8Xz_lQhYfwmg,development,1
30,9973,43473,6eqLWR9TjZA,UChrXmunslU0Xg7MVsJs5Kkg,development,5
30,9974,43474,1E5yfb-a79Q,UCF11-Puqxb0jdeWNc7F_Fcw,development,2
30,9975,43476,SeaCOxO_qvs,UCqShCHSDvCBKDN_GAsnLJmQ,development,5
30,9976,43477,JBmx3rDUd8U,UCrVFS_0PdV7AwyTgR13IcVg,test_reserved,
30,9977,43489,xBLOGo_2YUw,UCsLoRcb3FvB-uK3F1_zqXbw,development,1
30,9978,43500,k7aB-wkRxYY,UCqrqt9Egbp4Voh3iEUUoorw,development,3
30,9979,43501,42CZgGEMzIo,UCyaBLWehN3TJHneic-3IJBQ,development,4
30,9980,43504,IT39-01wwgE,UC_d3UQ1v8KP1JNFOBmV63xA,development,5
30,9981,43507,yf_iRPlTw0o,UCCK3OZi788Ok44K97WAhLKQ,test_reserved,
30,9982,43515,rkaHGx1VQIA,UCRJcNfmSJ0jOwKw270tEkAw,development,5
30,9983,43517,AOfh3EB4Mm8,UCc30sTBdN9LRSxEuHaXV_bQ,test_reserved,
30,9984,43520,AljVdAyjHas,UCkLQJFBnqzhJCAvqn99hRUg,development,4
30,9985,43524,Npu3oEjQ9FI,UCvZ8sPFxYngz2JN3DG93fOw,development,4
30,9986,43536,eDA6XAu1eL0,UCTIi9jL0_XH6wCRyHDygl9A,development,5
30,9987,43537,P0PR2NGNayE,UCFuP4DmMM9LZOMoa86vsZig,development,4
30,9988,43538,XZkicPIjDnI,UCWO2tL69FZ9ckckHcAa18Ug,development,4
30,9989,43548,K7lrCKFyJkQ,UCgnFSj7jQffD5V5m05j4dPw,development,5
30,9990,43549,TUyEcfsHeY8,UCbR7juPwtP-bV_w0840ciYQ,development,3
30,9991,43550,6HxyIaBlbDQ,UC4VkNi2RZSJyqXsFaJYfsPg,development,4
30,9992,43554,N-CF8L6LX10,UCc30sTBdN9LRSxEuHaXV_bQ,test_reserved,
30,9993,43557,fPyGR_Sna-Q,UCrmzxiCDMV3hI56E9nYy-4A,development,4
30,9994,43558,qgPNJvvAt6E,UCuN1HN5RXX2D6ZcEkopILeg,development,4
30,9995,43561,XQADtD0iSwc,UC324VVhYKykBv01GecF4aYg,development,5
30,9996,43568,qOOlQLCsaxE,UC12K2QZlfWLq_8FmZfB23Yw,test_reserved,
30,9997,43577,uVCR8nMfSHA,UCa79Dm6QBH4i8PAmTrfQPXQ,development,2
30,9998,43580,mk4cQNOicvM,UCn0XmAUFv6d2tofMFEesSNw,development,5
30,9999,43583,CpSB5fNhhdQ,UCAH7R88V7gz7RqJv78nNOzg,development,3
30,10000,43584,Te__BYH_pRI,UCqrqt9Egbp4Voh3iEUUoorw,development,3
30,10001,43586,hzxsXG0gtqo,UC5-n2dfksESEt3ATmM6Uujw,test_reserved,
30,10002,43590,b6Ot4yH2cJE,UCckltLEhFLv8Xz_lQhYfwmg,development,1
30,10003,43594,ebPlh2mFJIc,UCXFiIVHYqQmgpmIi7KChMkQ,development,1
30,10004,43597,kezoAbZJ2NI,UCAd1_DwT2iKc8s7rH6Af9lA,development,3
30,10005,43599,0Kr4I8sP_7k,UCm3mXl7hQbHVMxhKaOeEhYA,development,4
30,10006,43601,f1qyhZi0hSY,UCUa0a5l56H0xre3SljFYRgw,development,4
30,10007,43605,PHNCl8Dql_k,UCFGhJsc1ddSN8819LsMa90w,development,3
30,10008,43607,nonwLtjYqOI,UCZwRhDqyXXFucAGxyQs40uw,development,5
30,10009,43608,wlzSWoZXYTw,UCLbLJNJZ4SAx_9vSEjRyN9w,development,5
30,10010,43612,Lc616OJXBoc,UCCK3OZi788Ok44K97WAhLKQ,test_reserved,
30,10011,43613,bSrNJ31wm3U,UCfCzC_zJomF_Ace4T2wKb6Q,development,2
30,10012,43616,9fLesBAhBCU,UCckltLEhFLv8Xz_lQhYfwmg,development,1
30,10013,43619,osL2UU4gzKc,UCctwRj5yOB7cFYPc8z_rZSw,development,5
30,10014,43620,TjFjobn8I0M,UCIKg0Ev6Vq2M7hU7bL_jHFQ,development,3
30,10015,43622,BiLb9ibG-bA,UCgnFSj7jQffD5V5m05j4dPw,development,5
30,10016,43629,D3p8KDuc2_M,UCckltLEhFLv8Xz_lQhYfwmg,development,1
30,10017,43633,-zXVzwTE5Cw,UCckltLEhFLv8Xz_lQhYfwmg,development,1
30,10018,43634,21VoZlU-GZA,UCCK3OZi788Ok44K97WAhLKQ,test_reserved,
30,10019,43639,IGzLBcD74jo,UCf2Iar2LDcFaSCnVH1ZMUkA,development,4
30,10020,44064,jXqC-7ZW54Q,UCqrqt9Egbp4Voh3iEUUoorw,development,3
30,10021,44066,aQj9tskCgLU,UCsAPX_-Yu9O_3dJu0aUj_BA,development,4
30,10022,44079,WuSpNkzaIbc,UCckltLEhFLv8Xz_lQhYfwmg,development,1
30,10023,44080,qrQNXZIELbM,UCjnltM-l0BRyM0b8cGkxMfQ,development,2
30,10024,44082,x1fkzO2mbFM,UCcijXxFzSXgoM6q9cCtT9PA,development,2
30,10025,44084,hapZyV0jFpM,UCbS_glb2N1NVTrDLVryRbng,development,4
30,10026,44089,Ui6zfDcEmik,UCKd4c6Ke8GsuUWf2BnOI4WA,development,5
30,10027,44096,zVcRx7OvjW0,UCckltLEhFLv8Xz_lQhYfwmg,development,1
30,10028,44099,Tp1NSorXFmc,UCcg4tDKgPLIc_x3lhWdogLg,development,4
30,10029,44104,SiQLSkbRLuU,UC0OQrrbVFEASTwszPPVOndA,development,2
30,10030,44106,M7gZK0Gh8O8,UCCbm1E52PV05ZLv6dtRB92Q,development,5
30,10031,44109,ykeOFLShxOk,UCeixuk-NkKqLJfZKcK2fQig,development,3
30,10032,44110,qVMT-uh6eOg,UC-DEHYgvcA5bBD3cWo_vSuA,test_reserved,
30,10033,44111,ntwTIuFDTEs,UCc30sTBdN9LRSxEuHaXV_bQ,test_reserved,
30,10034,44114,5BOzZeYBK5g,UC5R7F4Mw_ZV1c4tYe4UKLIg,development,4
30,10035,44119,Oyp62ss4vDQ,UCRDDfbYPHX_GUJ4lcQYTc8A,development,2
30,10036,44124,9H_c1xKoL9M,UCAH7R88V7gz7RqJv78nNOzg,development,3
30,10037,44125,G0Q_YrpCowA,UCb8mB3DVTSichd8oZ1HQRwg,development,1
30,10038,44129,QkY0IBenkCk,UCbS_glb2N1NVTrDLVryRbng,development,4
30,10039,44132,ba27Zg16XzE,UCcg4tDKgPLIc_x3lhWdogLg,development,4
30,10040,44136,oR9Cm-4CgTI,UCkl2iKEW9ltlrBOjzCNJgzw,development,3
30,10041,44140,1aof6HESW1I,UCdotiSNtLlS4qwDto9CdURA,development,3
30,10042,44149,73l1qGX5nIg,UCRjMnDOSBcoYlWHFLcHJAKA,test_reserved,
30,10043,44184,0q_a2C29oxE,UCOtYyt7W5PmPnwQjWWF_Z-Q,development,3
30,10044,44190,npBXQN6rBJQ,UC0tV1b7IFEXFUUILF7mAcWw,development,5
30,10045,44192,kceWPZDmz2U,UCCK3OZi788Ok44K97WAhLKQ,test_reserved,
30,10046,44196,WPfcNJ-QeGc,UCgnFSj7jQffD5V5m05j4dPw,development,5
30,10047,44198,YvuJIBHtneo,UC6jQt9K_jqnBNtsRf7hXHsA,development,2
30,10048,44200,7-Tfmce9rzU,UCgnFSj7jQffD5V5m05j4dPw,development,5
30,10049,44207,zq4R6in3YbQ,UC_wJhm5jkqIBLd8-9fZg0XA,development,2
30,10050,44209,x19Ye2wic1I,UCCK3OZi788Ok44K97WAhLKQ,test_reserved,
30,10051,44213,GLWxjcqOz_c,UCacIRbbu-hgx4sRW6tZPRoQ,test_reserved,
30,10052,44221,ZU2BxkUBtso,UCOtYyt7W5PmPnwQjWWF_Z-Q,development,3
30,10053,44226,3IdjAv18J7M,UCoe7M9QIuCkZ3R0JEqIIBAA,test_reserved,
30,10054,44229,yPVOyv7sK_U,UCPXSUKHTNc1_hnHuj-UiQWQ,development,4
30,10055,44231,_V5T4CAfnc0,UC5-n2dfksESEt3ATmM6Uujw,test_reserved,
30,10056,44234,kg1f-TcsUO4,UCLx0BJNc11RlbIR5JHH-qmw,development,1
30,10057,44240,yqHsOr9TBeQ,UCvpO2ovuYdqZWHP0uIOOi1Q,development,5
30,10058,44243,HZNhr1UXBTk,UCzXVxRmgawPeuyYCcbhBdUw,test_reserved,
30,10059,44246,TqT1t6cdsHw,UCUzsesaP5G628WVuqEckF8w,development,5
30,10060,44252,gGzpF_QSGS8,UCHZ6l32mEskYLDm1OkjFO3g,development,5
30,10061,44256,rCtUX4o8Hy0,UCf2Iar2LDcFaSCnVH1ZMUkA,development,4
30,10062,44260,6_Pyr2NmHiQ,UCCK3OZi788Ok44K97WAhLKQ,test_reserved,
30,10063,44268,idGHUBXRcaU,UCbS_glb2N1NVTrDLVryRbng,development,4
30,10064,44272,v4U5IhPKgOA,UCowiYUdbNsL9qVmpY9Z0jLQ,development,3
30,10065,44277,HHdpb6xORt4,UC1YGPDtctHGJWW0NrlQVklw,development,5
30,10066,44279,TeJoVytJ3Rg,UCfQfw--8dPGypR7sGcXJz0w,development,5
30,10067,44282,9QG3FB00Y0Y,UCckltLEhFLv8Xz_lQhYfwmg,development,1
30,10068,44284,ZEwgIhwCT2Y,UC12K2QZlfWLq_8FmZfB23Yw,test_reserved,
30,10069,44285,fkOMBq5xQp0,UC-CcqBJrHwkO8SxwZpjcuSg,development,5
30,10070,44286,JKmL5Ey_1Qk,UCCK3OZi788Ok44K97WAhLKQ,test_reserved,
30,10071,44288,X6HTi-zHY-0,UCaESx7Bdghv_UICcG1hBkcg,development,2
30,10072,44289,nkwTcCwhlIQ,UCPfU0uygBGutjaaJU5PpEvg,development,2
30,10073,44292,UGJAttInZHY,UCOtYyt7W5PmPnwQjWWF_Z-Q,development,3
30,10074,44297,yDB5RzEJ0-E,UCHT6F9HJ9DtLUjTOH16yg6g,development,3
30,10075,44298,RA4NkmIjDo4,UC6jQt9K_jqnBNtsRf7hXHsA,development,2
30,10076,44306,wZgbMbPxOu0,UC1YGPDtctHGJWW0NrlQVklw,development,5
30,10077,44308,4uBZBZg5DF8,UC-neEp_sbgC09Nx78RvXpAw,development,1
30,10078,44316,iX1ZYihxIMo,UCoz7UhbfPFJyljIIV2saR7A,development,3
30,10079,44324,H8A9Mm36-L4,UCzQ15V_zn2VoGUZrMhXw4vA,development,3
30,10080,44325,jWlmaX33mHE,UC1hcl0aIr9KtXA-Kiq9itqw,development,3
30,10081,44326,_CkTllvFddA,UCckltLEhFLv8Xz_lQhYfwmg,development,1
30,10082,44328,knIyphrgHX4,UCfVmYgJP_bBt00lLtPGsbcQ,development,4
30,10083,44330,zgNVO83Jnto,UCuN1HN5RXX2D6ZcEkopILeg,development,4
30,10084,44346,du6mr4frn9A,UCkNlyDd1Khxu8TaKAayoa4w,development,3
30,10085,44352,W1G533F9Y4s,UCXSus5Zss-0FP1quj0Mpndw,development,5
30,10086,44364,WLCTFlsfxls,UCGwkKsyd1fbH5eDBEvOIfmw,test_reserved,
30,10087,44371,2zFqyasBG-k,UCkzFXIie723z4vsYAMsMGsg,development,4
30,10088,44374,_MqFCUmKWCI,UCgooj1ufFuOk6GD2jq8CbdQ,development,2
30,10089,44376,0DGvtugMxAY,UCPjv6LrnnPDeCw80M6XZMEg,development,5
30,10090,44377,OJZdyxKYyvk,UCcspHoBTj_aLhnJLwkMpWHQ,development,3
30,10091,44378,nKWDCDdBcd4,UCqrqt9Egbp4Voh3iEUUoorw,development,3
30,10092,44379,1Pc5qljEFrs,UC1YGPDtctHGJWW0NrlQVklw,development,5
30,10093,44380,dBl7LIlMJqY,UCh9qXeL8eP3Txra2908xksg,development,3
30,10094,44392,SM36by9pLQY,UCXfgx23Lw81I4wsCNhdVBgw,development,4
30,10095,44394,fQGXRb9nXWI,UCckltLEhFLv8Xz_lQhYfwmg,development,1
30,10096,44399,P586aUkE6tg,UC1YGPDtctHGJWW0NrlQVklw,development,5
30,10097,44401,nIeBSgDfeQY,UCAH7R88V7gz7RqJv78nNOzg,development,3
30,10098,44405,3YE28ZabUGk,UCckltLEhFLv8Xz_lQhYfwmg,development,1
30,10099,44406,CmAVaJZu89w,UCckltLEhFLv8Xz_lQhYfwmg,development,1
30,10100,44416,SCsuz61Uax4,UCAgBGlUKoAQFXMUzshrWDgg,development,1
30,10101,44435,0LRdDiUBmvg,UC3cLeuBcLQ2vwEbVfdlfXyg,development,5
30,10102,44445,UY3apd4O4i8,UC6kLehpqRT0Wm8eBMMSbH2Q,development,1
30,10103,44461,cWPQng3Eq54,UCckltLEhFLv8Xz_lQhYfwmg,development,1
30,10104,44466,3RpbJUP0164,UCTge-d4IFQKrcx1CPMLDVnw,test_reserved,
30,10105,44469,lgbdytdURYg,UCckltLEhFLv8Xz_lQhYfwmg,development,1
30,10106,44477,M-I3Bh_sMx4,UCCbm1E52PV05ZLv6dtRB92Q,development,5
30,10107,44481,d8nef1j_ljA,UCCK3OZi788Ok44K97WAhLKQ,test_reserved,
30,10108,44488,BxDzMRQ16zc,UCWrJW5qgCKGpYAxyMCp5Hxg,development,4
30,10109,44491,xDTgg9v5KbE,UCFGhJsc1ddSN8819LsMa90w,development,3
30,10110,44494,iCFSh97Fx_M,UCoNaQS6wefjNVFkwvxrzAYw,test_reserved,
30,10111,44500,POIsatYLDzk,UCJ44oEtQ4TUPUbVS6hLI9Hw,development,5
30,10112,44501,WCJDLA8fYYg,UCOtYyt7W5PmPnwQjWWF_Z-Q,development,3
30,10113,44503,E92gTc_sBDM,UCckltLEhFLv8Xz_lQhYfwmg,development,1
30,10114,44504,fUZciXEWMtg,UCNbM4dl9kN5KDpmDdAW6zOg,development,3
30,10115,44507,HVtEaKGX6pU,UC9iEv8PqeHuC3ZVt0QqN-pQ,development,4
30,10116,44509,o5gDVy4239A,UC0xD4bzto2wp16mXMdHgBVg,test_reserved,
30,10117,44513,Kmx-mNZdJQs,UCckltLEhFLv8Xz_lQhYfwmg,development,1
30,10118,44514,WYHgEGPT2rY,UCRnlAD7oJTGIgNVBzWfxTfg,test_reserved,
30,10119,44516,WnGAdO064Mk,UC1YGPDtctHGJWW0NrlQVklw,development,5
30,10120,44519,xItTy0NVZLA,UCckltLEhFLv8Xz_lQhYfwmg,development,1
30,10121,44529,WjpnaJd0NY0,UCRB8mrLCcwTPlJOMUy9MDUg,development,2
30,10122,44532,F5e2HOramW8,UC4RBCrw6cMvOXz4eNkIgbnA,development,3
30,10123,44534,YdEfwWUUXeo,UCuJmg9Gw1uO-JGVLk9iACDw,development,2
30,10124,44537,RkLMWrIIeD4,UCCK3OZi788Ok44K97WAhLKQ,test_reserved,
30,10125,44539,RYA0xKg13lE,UCbS_glb2N1NVTrDLVryRbng,development,4
30,10126,44543,YvBYbQ00S9Q,UCLuP7ROjaueiuNbzrvPqXSQ,development,3
30,10127,44545,dYyOvZjb5do,UC4eD6O9BDhL1gSOnFkqQl9A,development,1
30,10128,44548,8iC2tieOio8,UCckltLEhFLv8Xz_lQhYfwmg,development,1
30,10129,44549,mieBXgTiKKE,UC3tvYy-s84yySG7V85jRDnA,development,4
30,10130,44565,GjhcPYZL1bQ,UCgnFSj7jQffD5V5m05j4dPw,development,5
30,10131,44570,XVAbqFyvuUw,UCq0hVW_G5kWt2ocLhbjOtGg,development,2
30,10132,44573,E8KJLc5P1vA,UCdgWTRipbTuQsIiiPb6fB-A,development,5
30,10133,44579,T0S1awAQi4I,UCV-q7cRK5yFYEFzWuoQOmQQ,development,4
30,10134,44593,e7C0IZ3Lblg,UCLR467wlkHhrQjVq-0bdKng,development,4
30,10135,44594,IAbJjFpg7hU,UCZ8OO-3lypeUeAHeGSHwDUQ,development,3
30,10136,44597,wzvC9asVESI,UCnkon33rksDXo3qChhTs5Vw,development,5
30,10137,44600,3Mf8cZX6xus,UCypYfMZbKIxBlXqngCuvi0A,development,5
30,10138,44601,hQ_29Y0Qq_g,UCIi-sp4cticvdmHAodPeyvw,development,1
30,10139,44602,93TwFyuNz3w,UCdB6k3Q_dkVJ77cV9tVWzcQ,development,2
30,10140,44613,SVReoOlh2Pw,UCtGrWulB6ohN4my07gWxj_Q,development,1
30,10141,44620,Krnj5fRxCps,UCceS_252pdNUa5ztP_MW8rw,development,2
30,10142,44622,MTE3tj6fM_o,UCKuDeSAQOkDnBpiSa0gJN0A,development,3
30,10143,44624,GCAYGQoxHSc,UCFGhJsc1ddSN8819LsMa90w,development,3
30,10144,44635,R1o9Ml9Wh0w,UCrmzxiCDMV3hI56E9nYy-4A,development,4
30,10145,44650,Zq3CDWS0e20,UCag44-HADW04gc6h5u5jrcw,development,3
30,10146,44651,MivOR_Tvm2k,UCG0zly9obnC7U6LdlEU5v5g,development,4
30,10147,44656,hHo0gbhwlDc,UCc30sTBdN9LRSxEuHaXV_bQ,test_reserved,
30,10148,44659,m4CFEnVND10,UCEuS493FuYJu_jGLfEjksUQ,test_reserved,
30,10149,44665,3JB2fQU7LPA,UCAz-peNBHr6_KTtl0sPBavg,development,1
30,10150,44666,nFd_BF8vGdA,UCl-yS00RyPVFdq4QnfCYA1w,development,2
30,10151,44669,VJ_8lL62T2o,UCh9qXeL8eP3Txra2908xksg,development,3
30,10152,44670,NhcsaM78wUM,UCckltLEhFLv8Xz_lQhYfwmg,development,1
30,10153,44671,AIgN-CUXHUY,UCCK3OZi788Ok44K97WAhLKQ,test_reserved,
30,10154,44686,Bnv0hP4KNfQ,UCQN2cRMiB1BkljRswBN802g,development,4
30,10155,44687,v5RPpk3KcU0,UCt_fUooMgak5Ev6yI08x8IA,development,4
30,10156,44690,v7zf95nAR70,UCPXSUKHTNc1_hnHuj-UiQWQ,development,4
30,10157,44694,tAbQj2jQfc0,UCNEf722QEvvmyGaT0HsKxRQ,test_reserved,
30,10158,44697,TFDf7Obj5fg,UC1YGPDtctHGJWW0NrlQVklw,development,5
30,10159,44699,HjXk424k17w,UCJXYPGAMAdYNRRM1VdcgkKA,development,2
30,10160,44700,79w32hL4bkM,UCcg4tDKgPLIc_x3lhWdogLg,development,4
30,10161,44703,fmrONxPW5tI,UC4Pb9SEsCb1EpsXVYAVVajw,test_reserved,
30,10162,44709,Yo6l-s5NJxI,UCCK3OZi788Ok44K97WAhLKQ,test_reserved,
30,10163,44710,r8yU0Ge7ZvY,UCXGG6bmgJJ02uSG4gxp4zng,development,5
30,10164,44712,nxAbs4QtcPI,UCh9qXeL8eP3Txra2908xksg,development,3
30,10165,44713,sRx2cV-jhC8,UC69csWmeK-LePWo8JJ9BoqQ,development,3
30,10166,44716,HnGkS1W5X0g,UCYweMykEAI5aaRztqrJuuAg,development,2
30,10167,44721,4G6PQfsP_z4,UClSIhhnuyF8fXtBTpOOTknA,development,2
30,10168,44722,4ef6uJ_j2Vw,UCLuP7ROjaueiuNbzrvPqXSQ,development,3
30,10169,44727,4h8mCahzLsc,UCqPFytj5oPGu7mRFRQ8hclQ,development,2
30,10170,44737,gj47lkFdO9Y,UCckltLEhFLv8Xz_lQhYfwmg,development,1
30,10171,44741,qi5cNHUO6eQ,UCckltLEhFLv8Xz_lQhYfwmg,development,1
30,10172,44750,WEoOVnxNi-8,UCpRgfr4_Eax0HHa2rwkRQ2w,development,1
30,10173,44751,1CkcqkcWroY,UCn0XmAUFv6d2tofMFEesSNw,development,5
30,10174,44752,VWM24qHL96g,UCS5U8OTQXzQXMET3NcRguWQ,development,1
30,10175,44754,khNTntcCVN0,UCuJmg9Gw1uO-JGVLk9iACDw,development,2
30,10176,44755,2SRoBQMTVjs,UCgnFSj7jQffD5V5m05j4dPw,development,5
30,10177,44761,ItOVq3VBD3Q,UCfbPqthcdo_1_KHyU4kMiRg,development,1
30,10178,44763,3fAeWnSnybc,UCT83ymyAGm7Gnk_4ifxjxIA,development,4
30,10179,44764,W-NyfZvzhiw,UCQTcNhAZidy1i9wwmdgf2Lw,development,4
30,10180,44766,4PNavEeFOes,UC12K2QZlfWLq_8FmZfB23Yw,test_reserved,
30,10181,44773,oPOp84Uya1M,UCUh8FFbl1BfRmzL9t4Fkykw,test_reserved,
30,10182,44785,jr9nxgTrlFw,UCCK3OZi788Ok44K97WAhLKQ,test_reserved,
30,10183,44791,CrNcMsTwaWA,UC1YGPDtctHGJWW0NrlQVklw,development,5
30,10184,44796,gbYjqLR1oRM,UCaIc6SgS90ud_RgMSC6hW_w,test_reserved,
30,10185,44799,rEdm5gkgg6M,UCckltLEhFLv8Xz_lQhYfwmg,development,1
30,10186,44800,5Nrhigy-vjY,UCQIWzvLOlB4tu84TtOTJCGg,test_reserved,
30,10187,44803,opxhwA6Rzq4,UCCK3OZi788Ok44K97WAhLKQ,test_reserved,
30,10188,44810,FOXCKj5RJu8,UC8qBNfgWRK_WYYGSmmrfgPA,development,4
30,10189,44817,RI5BDv3aYzo,UC9y7Wh-inBLM44vBwc9MGJg,development,2
30,10190,44823,wt-dYcUB7AQ,UCT83ymyAGm7Gnk_4ifxjxIA,development,4
30,10191,44826,RImXomtLtDA,UCol1SzfebXhRo0ltxOJZ9cg,development,2
30,10192,44831,RlCHSqoR_60,UCmrLu4r89ykOzmtmbAeEklA,development,5
30,10193,44842,Am6eLVGTuT4,UCVqfoMNwM8SIpL6BMGTZbcA,development,5
30,10194,44844,1eYFj6Hw5bw,UCCK3OZi788Ok44K97WAhLKQ,test_reserved,
30,10195,44862,1Xp9turXhBc,UCr27vXsqJXYjFy-vepngPWg,test_reserved,
30,10196,44873,1e2PL2Br0VI,UCcijXxFzSXgoM6q9cCtT9PA,development,2
30,10197,44878,8AgToZDShxY,UCCK3OZi788Ok44K97WAhLKQ,test_reserved,
30,10198,44895,L4oblVlL8es,UCCK3OZi788Ok44K97WAhLKQ,test_reserved,
30,10199,44898,w3c6p2Ol2h8,UCcijXxFzSXgoM6q9cCtT9PA,development,2
30,10200,44900,5QLqHPdy58U,UCUzsesaP5G628WVuqEckF8w,development,5
30,10201,44910,EpioVVVoduI,UCbR7juPwtP-bV_w0840ciYQ,development,3
30,10202,44917,2PpO0fE7TN0,UC3vuLv1EXDUxS_UKLPFJVSA,test_reserved,
30,10203,44920,5aeYfKzmYfw,UC8lKgUHo-2mSR5cRRXO9xow,test_reserved,
30,10204,44933,_O56O0ZX7Ik,UCcbOsE5_4LEjtQi8X2PFxDw,development,2
30,10205,44943,wiDzG3aU1jw,UCckltLEhFLv8Xz_lQhYfwmg,development,1
30,10206,44949,DbUbUTddRQg,UCckltLEhFLv8Xz_lQhYfwmg,development,1
30,10207,44950,DcTgpOU_c1o,UCCK3OZi788Ok44K97WAhLKQ,test_reserved,
30,10208,44951,duIl14e5j60,UCM19g5ow7vLXDTYx_j9Z7VQ,test_reserved,
30,10209,44953,lrgGWC2oAaM,UCq0hVW_G5kWt2ocLhbjOtGg,development,2
30,10210,44954,VTu6R6fRbeY,UCCK3OZi788Ok44K97WAhLKQ,test_reserved,
30,10211,44956,HZXO87y2Bu8,UCPJRtoh7x7vEw0-d59JwKiQ,test_reserved,
30,10212,44961,To0ji5X-a0o,UCkM9Dn8ZcDf8U2566xTIjAg,test_reserved,
30,10213,44974,mpBT4x-SzS0,UCCK3OZi788Ok44K97WAhLKQ,test_reserved,
30,10214,44976,MCTVBf5Bsys,UCbS_glb2N1NVTrDLVryRbng,development,4
30,10215,44979,DMAe-dr3vHI,UCcxDOjzjxdaGfT5NiN5M8mg,development,2
30,10216,44980,yHzUmMn8Qlw,UCcijXxFzSXgoM6q9cCtT9PA,development,2
30,10217,44984,AZrbpfy72Mc,UCCK3OZi788Ok44K97WAhLKQ,test_reserved,
30,10218,44986,MdVS0GhxwEk,UC6jQt9K_jqnBNtsRf7hXHsA,development,2
30,10219,44987,_52NrXB3jVU,UChlvAvH3N7Xd29DuAJgv0Mg,development,1
30,10220,44988,Ybf5wxt7lhE,UCc30sTBdN9LRSxEuHaXV_bQ,test_reserved,
30,10221,44991,H1pg-NmKniw,UCZpqfPBhy-qI_ileyeR7Mvg,development,4
30,10222,45005,AuZE4shU8AQ,UCOtYyt7W5PmPnwQjWWF_Z-Q,development,3
30,10223,45010,9Kluyu6CMDQ,UCqrqt9Egbp4Voh3iEUUoorw,development,3
30,10224,45013,1hVIxPG8n9Q,UCckltLEhFLv8Xz_lQhYfwmg,development,1
30,10225,45022,D9KK7LOeDto,UCx7lEnwLHxO9yPjOotGb-bA,development,2
30,10226,45024,uVipx80x18A,UC0tV1b7IFEXFUUILF7mAcWw,development,5
30,10227,45037,Q_6VVUhLFL0,UCUzsesaP5G628WVuqEckF8w,development,5
30,10228,45039,68ZEsVexK7k,UCrhkgHTUdZXbCd69TNuQuMg,development,4
30,10229,45041,v23PsKOHzKE,UCpP5Y5ssB2iicCuWrpVpR3A,test_reserved,
30,10230,45042,bL_wS-0eVIM,UC7QG4rQ_1Y7vM7PFIVRfmMw,development,2
30,10231,45052,QJKZ9IDnTQ8,UCrYItZrCXaq1dZ-6ArlCc6A,development,2
30,10232,45060,Zh0WZnvmbng,UCckltLEhFLv8Xz_lQhYfwmg,development,1
30,10233,45064,JFKSNGmv8sU,UC5uGexidH3WqbErqSX_EGJA,development,1
30,10234,45065,_r-kbfpiHFU,UCcspHoBTj_aLhnJLwkMpWHQ,development,3
30,10235,45071,gL7g8F-O60w,UCOtYyt7W5PmPnwQjWWF_Z-Q,development,3
30,10236,45076,BwBcAvqdhEY,UCckltLEhFLv8Xz_lQhYfwmg,development,1
30,10237,45077,DfuXDNkVQEU,UCuJmg9Gw1uO-JGVLk9iACDw,development,2
30,10238,45081,o2dCo4TGUSY,UC-CcqBJrHwkO8SxwZpjcuSg,development,5
30,10239,45086,95oIwqsR3ew,UCEoAl837WtAzW_HMqEHPi5Q,development,3
30,10240,45099,_dbwVJfLozs,UCMW_Sgzlaezz3MHg3BtgKbw,development,5
30,10241,45103,g7SerL9PuuQ,UCc30sTBdN9LRSxEuHaXV_bQ,test_reserved,
30,10242,45116,FFrfjAL9A5M,UCCK3OZi788Ok44K97WAhLKQ,test_reserved,
30,10243,45121,oSHmJPNR3Hc,UCaESx7Bdghv_UICcG1hBkcg,development,2
30,10244,45130,39tUOxP6MlM,UCsTbA5DSJRQM_RHXgzEpL5w,development,5
30,10245,45133,v8MmyMSnr2c,UC1ixNJgWmSq34rDBnh78CTQ,test_reserved,
30,10246,45139,guC0FIIxsvY,UCpRnLw-i6ep13w_vh9M9k-g,development,2
30,10247,45143,xq7JoBgGYZw,UCpErRATj-Z4ux1lAtBhdfbg,development,4
30,10248,45145,UEH_idCPuew,UC1hcl0aIr9KtXA-Kiq9itqw,development,3
30,10249,45160,D6RSH3K27JQ,UCisTAKWxkhLiv8NSl_K77Hg,development,3
30,10250,45166,g79ETRqqWVM,UCcijXxFzSXgoM6q9cCtT9PA,development,2
30,10251,45177,sg_PcspoAjo,UCckltLEhFLv8Xz_lQhYfwmg,development,1
30,10252,45181,cmwd8CpfwBw,UCNnL7JQhtBvNZWn9Cg13i2Q,development,1
30,10253,45183,JAGhGbFACOA,UCCK3OZi788Ok44K97WAhLKQ,test_reserved,
30,10254,45184,MUsgaBTCF2k,UCCK3OZi788Ok44K97WAhLKQ,test_reserved,
30,10255,45185,Z0TKg5QROyY,UCP4Z7-uWZYIQBclex8M086A,development,5
30,10256,45186,cnLvtWqPjs8,UCM3bQBUJ0PEbgfe9lAw_Y3Q,development,3
30,10257,45192,updgWTsqPkw,UCqrqt9Egbp4Voh3iEUUoorw,development,3
30,10258,45198,t9qU9cGHzFw,UC324VVhYKykBv01GecF4aYg,development,5
30,10259,45204,CYlZ6sejYIc,UCZNreSxdvd50nzMz5zkXg4w,development,5
30,10260,45206,3KszfYkmu7U,UCgnFSj7jQffD5V5m05j4dPw,development,5
30,10261,45211,eHQ3i8R4xks,UCcijXxFzSXgoM6q9cCtT9PA,development,2
30,10262,45215,hBbh4Qfb2cc,UCmqflTSJ6911aCrnaWIXxsA,development,3
30,10263,45217,ETuF7CZYM2I,UCckltLEhFLv8Xz_lQhYfwmg,development,1
30,10264,45219,cZRTBRYTILI,UCm8I2aLYgPm_gdzw4SSkiGg,development,2
30,10265,45226,GsBXctSFHmo,UCBWG_GjopQPckewo1_IvhLQ,development,5
30,10266,45227,Tpv2KD9SSSc,UCzO0Ody4SmI_XFRrXW848eA,development,2
30,10267,45230,F5SJoUzrrYg,UCckltLEhFLv8Xz_lQhYfwmg,development,1
30,10268,45238,tthCC9IouFc,UCckltLEhFLv8Xz_lQhYfwmg,development,1
30,10269,45244,TpTypiDoAVg,UCgnFSj7jQffD5V5m05j4dPw,development,5
30,10270,45248,Cwgy3xC-Niw,UCckltLEhFLv8Xz_lQhYfwmg,development,1
30,10271,45250,HtKtXxUX3Vw,UCfQfw--8dPGypR7sGcXJz0w,development,5
30,10272,45255,ix-RUu0Bce8,UC1YGPDtctHGJWW0NrlQVklw,development,5
30,10273,45258,AtuZT09pKls,UC8ADWM4kdxtzzoDH3JI5hSg,test_reserved,
30,10274,45262,MUH9-NuM1z8,UCxa466qWNQIdXb7eaeoyuPg,development,4
30,10275,45263,eemA2zbUAqg,UCcijXxFzSXgoM6q9cCtT9PA,development,2
30,10276,45265,a1K1BGHJXpk,UC1YGPDtctHGJWW0NrlQVklw,development,5
30,10277,45273,tkgcZVk2fh4,UCckltLEhFLv8Xz_lQhYfwmg,development,1
30,10278,45289,e8HtvaEPVPo,UCG0j1mTQov3RVBgLgh6wbKg,development,5
30,10279,45291,KYzvz0vG5_w,UCDqy-V3qY-xtSmiRHlZIWWQ,development,5
30,10280,45296,A_QLDd4ou2E,UCckltLEhFLv8Xz_lQhYfwmg,development,1
30,10281,45300,E4FCZBQw5bk,UCckltLEhFLv8Xz_lQhYfwmg,development,1
30,10282,45301,b3jqEmQi9x8,UC8lKgUHo-2mSR5cRRXO9xow,test_reserved,
30,10283,45306,Rwi0ZE_NMro,UCqDMvUe1Zy9QzR-F6X7B5pw,development,1
30,10284,45307,1t9KNAE8B4M,UCfgEc6wWBbVbj8ZNQLltioA,development,5
30,10285,45311,KpDa4Al4vcM,UCs_mHlm5_C82W5WCIJaSMbQ,test_reserved,
30,10286,45312,EjdzMRYDsmY,UCOiMY00_ZLijPF6InrCl0TA,development,3
30,10287,45317,UGjSGpOZl48,UCuN1HN5RXX2D6ZcEkopILeg,development,4
30,10288,45318,oWMhSSCjwwE,UCCK3OZi788Ok44K97WAhLKQ,test_reserved,
30,10289,45320,YFeRPy9aEtw,UCdJppX3uAMFMvCTuE9qCowg,development,4
30,10290,45323,XQWugyhU0OM,UCa3BMXA9qcVqMtfnq7d977w,test_reserved,
30,10291,45326,I4MvJV2evCw,UCCK3OZi788Ok44K97WAhLKQ,test_reserved,
30,10292,45328,bIZxV0GJR30,UCh9qXeL8eP3Txra2908xksg,development,3
30,10293,45329,QS0smFo6Eqk,UCvLsvfgY-hbGDtOi2udm4Gg,development,4
30,10294,45333,3mWzu0mt36I,UC324VVhYKykBv01GecF4aYg,development,5
30,10295,45335,X9mcvbJc-jk,UCCK3OZi788Ok44K97WAhLKQ,test_reserved,
30,10296,45339,rrF7lzCh3BA,UCckltLEhFLv8Xz_lQhYfwmg,development,1
30,10297,45340,xx_jVuHJv74,UCkD2Gixzde52jx1XspNvrBw,test_reserved,
30,10298,45344,CcXyP70zf2Y,UCCK3OZi788Ok44K97WAhLKQ,test_reserved,
30,10299,45346,1MImrYtvUqg,UCcijXxFzSXgoM6q9cCtT9PA,development,2
30,10300,45350,x7eZjp-ru6c,UCckltLEhFLv8Xz_lQhYfwmg,development,1
30,10301,45353,0om9wzimQ7g,UCl5xacxsAhltNGtiMktd_Sg,development,4
30,10302,45359,71hDDVbMpCY,UCqrqt9Egbp4Voh3iEUUoorw,development,3
30,10303,45367,KZMnyFLEevg,UC1YGPDtctHGJWW0NrlQVklw,development,5
30,10304,45373,pqxzsaYOMcA,UCV-q7cRK5yFYEFzWuoQOmQQ,development,4
30,10305,45381,BYDIRameJbg,UC5-n2dfksESEt3ATmM6Uujw,test_reserved,
30,10306,45391,5AQ6Bd7lB2k,UCgnFSj7jQffD5V5m05j4dPw,development,5
30,10307,45392,GcKquO_05xU,UCr5BVR_ePEz_9V-KF5rSEmQ,test_reserved,
30,10308,45396,Mbr3tOmX11k,UCc30sTBdN9LRSxEuHaXV_bQ,test_reserved,
30,10309,45397,-jsv2su0G7M,UCnTnjJyH0gAaVrDWiVrCsSQ,test_reserved,
30,10310,45398,q8sJbfBAIAw,UCCK3OZi788Ok44K97WAhLKQ,test_reserved,
30,10311,45399,8fN_1mSte5o,UC0xD4bzto2wp16mXMdHgBVg,test_reserved,
30,10312,45408,oiwLH-B4etw,UCCXHDSRJKfNBLNJmIegx8Lw,development,4
30,10313,45410,NqPD4vrsWQU,UCcbOsE5_4LEjtQi8X2PFxDw,development,2
30,10314,45411,M5Q0bTkNisM,UCbS_glb2N1NVTrDLVryRbng,development,4
30,10315,45415,qTz86OLRCH0,UCxAkK6_mU-y8NownflBHl7A,development,2
30,10316,45416,ozGot7A9XnU,UClSIhhnuyF8fXtBTpOOTknA,development,2
30,10317,45418,Dwh25RqBPzA,UCaIc6SgS90ud_RgMSC6hW_w,test_reserved,
30,10318,45424,Fqq3U2P9Kx8,UCCK3OZi788Ok44K97WAhLKQ,test_reserved,
30,10319,45425,OPsqAYArwtw,UCgnFSj7jQffD5V5m05j4dPw,development,5
30,10320,45441,At8kl4D_r5M,UC1YGPDtctHGJWW0NrlQVklw,development,5
30,10321,45448,MFyaO_gbp-8,UCcijXxFzSXgoM6q9cCtT9PA,development,2
30,10322,45451,X57Jv-ZLAxI,UCCK3OZi788Ok44K97WAhLKQ,test_reserved,
30,10323,45452,TTDol3nblmU,UCc30sTBdN9LRSxEuHaXV_bQ,test_reserved,
30,10324,45453,zYvCDPQ74_Y,UCqrqt9Egbp4Voh3iEUUoorw,development,3
30,10325,45455,TIXE3_GNO-I,UCcg4tDKgPLIc_x3lhWdogLg,development,4
30,10326,45464,AEiv2Uiuu8U,UCckltLEhFLv8Xz_lQhYfwmg,development,1
30,10327,45465,-quIEZZkud0,UC6yh7ac2hUGUbrZl_IXwoug,development,5
30,10328,45469,9pK4ypyEkic,UCbR7juPwtP-bV_w0840ciYQ,development,3
30,10329,45471,NXmYj0IK-Uw,UCNEf722QEvvmyGaT0HsKxRQ,test_reserved,
30,10330,45472,W91mHlk-WMo,UCckltLEhFLv8Xz_lQhYfwmg,development,1
30,10331,45479,0LYZuvKpYPU,UCckltLEhFLv8Xz_lQhYfwmg,development,1
30,10332,45483,n6fvA21UwFc,UCxEgUOusX-Z7f7zWK_aA79A,development,5
30,10333,45486,iPyDV7_Z4zg,UCPXSUKHTNc1_hnHuj-UiQWQ,development,4
30,10334,45487,DWZ5dAbcwXI,UCLx0BJNc11RlbIR5JHH-qmw,development,1
30,10335,45489,m8_Ykn7wJDc,UCvsksEXBnVKBj0QiQ6cnTdw,development,3
30,10336,45490,DLXuLygLwb0,UCgnFSj7jQffD5V5m05j4dPw,development,5
30,10337,45498,gKODlwp0gmM,UCnkon33rksDXo3qChhTs5Vw,development,5
30,10338,45508,4SK7JSvAnRM,UCqrqt9Egbp4Voh3iEUUoorw,development,3
30,10339,45509,01s06XF0Axg,UC8U5Mgl9nbkm5vOJ0SMtQgA,test_reserved,
30,10340,45513,wreB0DM1pwA,UCsAPX_-Yu9O_3dJu0aUj_BA,development,4
30,10341,45539,HXcD5lWzStU,UCnT7Z6-yqjhM__jZbK_B3kw,development,3
30,10342,45540,w5L8zU0NsYA,UCCK3OZi788Ok44K97WAhLKQ,test_reserved,
30,10343,45544,wbC3bhJC5DA,UCSodo0fV9KfObDMmYTpV5_A,development,4
30,10344,45554,DICDOe5Mmgc,UCOtYyt7W5PmPnwQjWWF_Z-Q,development,3
30,10345,45560,2GhaM9nRaZE,UCrxjz0zgsm9xxPnF0Boaubw,development,1
30,10346,45565,OIDDyMhjkV0,UCbXOp0vy6lljqmeaY6k4PjA,development,3
30,10347,45567,gSd7UEC5lB8,UCaI7IwVdrAcfhu3cp6x4T6Q,development,3
30,10348,45568,pinRkLxHr_Y,UCCK3OZi788Ok44K97WAhLKQ,test_reserved,
30,10349,45570,OgjhXxFs2DU,UCQTcNhAZidy1i9wwmdgf2Lw,development,4
30,10350,45572,gOkDuJoZwTo,UCl5xacxsAhltNGtiMktd_Sg,development,4
30,10351,45587,A5iS1xjS7Pw,UC-QzvI-llqe5kiZl-Amrd8Q,development,1
30,10352,45590,fLdkSZUa8wQ,UCCK3OZi788Ok44K97WAhLKQ,test_reserved,
30,10353,45593,tSrP2gpXN0o,UCckltLEhFLv8Xz_lQhYfwmg,development,1
30,10354,45595,9VyrpqiXkug,UCcijXxFzSXgoM6q9cCtT9PA,development,2
30,10355,45600,YBTJGDo6WF8,UCM3bQBUJ0PEbgfe9lAw_Y3Q,development,3
30,10356,45601,5jws-Bmrnek,UCgnFSj7jQffD5V5m05j4dPw,development,5
30,10357,45617,IEXTagTlaT8,UCCK3OZi788Ok44K97WAhLKQ,test_reserved,
30,10358,45618,1XP9aadulPw,UCnkon33rksDXo3qChhTs5Vw,development,5
30,10359,45621,jMR8szfKKvg,UCRDDfbYPHX_GUJ4lcQYTc8A,development,2
30,10360,45636,YhuZHs4mMiU,UCbS_glb2N1NVTrDLVryRbng,development,4
30,10361,45641,h3PPR9AksqI,UCTGPiQmvzTa2wezrEcbWo0A,development,4
30,10362,45643,BrDmKzIiNh8,UCAH7R88V7gz7RqJv78nNOzg,development,3
30,10363,45644,rz5X48f347Q,UCxEUUXpOFlVyBC9sf73Isow,development,1
30,10364,45653,WNw9IDnAZOA,UCMNaxF22tMr_rcNI5fkUkYw,development,4
30,10365,45663,7nkJyl2qkww,UCLNz9bgiJfM3ImTtYDOt8Ew,development,4
30,10366,45664,MKnYdTWa49E,UCcijXxFzSXgoM6q9cCtT9PA,development,2
30,10367,45666,ScH2t--BsUA,UCgdaUnUmkHDpYCU0w2pR7Rw,development,2
30,10368,45668,fmrSXDcTgAI,UC6jQt9K_jqnBNtsRf7hXHsA,development,2
30,10369,45672,T8FsMRNHFCc,UCcg4tDKgPLIc_x3lhWdogLg,development,4
30,10370,45681,tzuF97P7ho8,UCbS_glb2N1NVTrDLVryRbng,development,4
30,10371,45682,6ZY08soEu7M,UCXWZGzBJjw0VUPU3Em5gFlQ,development,4
30,10372,45683,Vi8ys3sF8A0,UCKd4c6Ke8GsuUWf2BnOI4WA,development,5
30,10373,45684,U94rKWYra_E,UCckltLEhFLv8Xz_lQhYfwmg,development,1
30,10374,45693,WaMv3GfoWJ0,UCf2Iar2LDcFaSCnVH1ZMUkA,development,4
30,10375,45702,xXsqjjFSB6A,UCrVFS_0PdV7AwyTgR13IcVg,test_reserved,
30,10376,45705,y05uY6UTElI,UCf2Iar2LDcFaSCnVH1ZMUkA,development,4
30,10377,45725,p5Kcsmzs25k,UCgnFSj7jQffD5V5m05j4dPw,development,5
30,10378,45726,IPwQ3thlhU4,UCUWsih24MIJm0hrkWmhJkmA,development,3
30,10379,45730,n5c7siTEr-k,UCbR7juPwtP-bV_w0840ciYQ,development,3
30,10380,45734,zBTiB11xHU8,UCb1rYLZ2YkUo7T2TmhncgHA,development,5
30,10381,45736,u69AUAqJask,UCHxH_-4U4y6OuGqe5XiWWqA,development,5
30,10382,45738,i9h6XI6XvQQ,UCJojbxGV0sfU1QPWhRxx4-A,development,1
30,10383,45740,XBzLgGtrWb4,UCpP5Y5ssB2iicCuWrpVpR3A,test_reserved,
30,10384,45743,H0MdkLVjbks,UCCK3OZi788Ok44K97WAhLKQ,test_reserved,
30,10385,45758,We3vWYExmNA,UCcspHoBTj_aLhnJLwkMpWHQ,development,3
30,10386,45760,tA61g0_H7RY,UCskNFH2e4ptFTkgeVmFPNhA,development,2
30,10387,45762,yrZo_BIs9OE,UCFV00xQSCQSKvWRXgearMzg,development,2
30,10388,45769,W_mFeraueMU,UC-DEHYgvcA5bBD3cWo_vSuA,test_reserved,
30,10389,45771,MaZ_CAuqkn0,UC_hR1wSDcKjBRTlKtp6LK1A,development,4
30,10390,45778,lRACfDxlnn8,UCCK3OZi788Ok44K97WAhLKQ,test_reserved,
30,10391,45789,ZcwSyFPpw1I,UCTIi9jL0_XH6wCRyHDygl9A,development,5
30,10392,45793,lLcHxJovMgs,UCuTgmLxqarTxuBU5ARMYUNQ,development,5
30,10393,45794,5ofIUMyFtA8,UCg22fUwQQF-7Sf6-TIVIFrA,development,1
30,10394,45795,QljhGQFXfz0,UCn0XmAUFv6d2tofMFEesSNw,development,5
30,10395,45797,dgCRaRPCB8E,UCP0FKFuz9j2Dp-QDr-Dv_0g,development,5
30,10396,45804,kWv6tF0hScU,UC0MnP2Iso6enxaJTBZ3_nJw,development,4
30,10397,45805,7FSjveiMeoQ,UCckltLEhFLv8Xz_lQhYfwmg,development,1
30,10398,45807,IsNdEvtbAsA,UCQgP7Qg3su6gQj2nj-dGbWA,development,5
30,10399,45810,zW-1MEYdCqk,UCaESx7Bdghv_UICcG1hBkcg,development,2
30,10400,45814,hRuC_Mcv2Go,UCckltLEhFLv8Xz_lQhYfwmg,development,1
30,10401,45817,uX2X5wQWSkI,UC7-JGEBb4S3an5tS96rlHaQ,development,3
30,10402,45820,h8L1g2dJios,UCcrsFwwoMvcXYpJ0XldIlVQ,development,5
30,10403,45826,Z1wKBxyflOM,UCPfU0uygBGutjaaJU5PpEvg,development,2
30,10404,45827,_EXJcz0qJ5w,UCMOzBNaskYXY_cN7IeJWQ9w,test_reserved,
30,10405,45836,CrK6AO6avPg,UCE_uaeRZwW7roZqYO31iDWg,development,1
30,10406,45844,X5L1k4uq-Uo,UCbS_glb2N1NVTrDLVryRbng,development,4
30,10407,45849,-iSlwShH7Yo,UCK_mRBdCXMfDqOnnrP5_Ztg,development,2
30,10408,45869,0R1mbbghpW8,UC2q8im1fqNqwN0xEtlGwi1Q,development,5
30,10409,45870,OtcpNKSAs38,UCOtYyt7W5PmPnwQjWWF_Z-Q,development,3
30,10410,45879,zlVacwflfyY,UCcijXxFzSXgoM6q9cCtT9PA,development,2
30,10411,45883,xGA2ukvuleA,UCLA8Ovy_NPAwMWvr8IEDquw,development,4
30,10412,45884,xp9Dptm-DUM,UCbS_glb2N1NVTrDLVryRbng,development,4
30,10413,45887,n-uDThp-LXE,UCVfnhhDIkkBJ_1QyzCqeVDg,development,2
30,10414,45890,pPLscd-2Ei0,UCr5BVR_ePEz_9V-KF5rSEmQ,test_reserved,
30,10415,45893,attxIl-93sU,UCcijXxFzSXgoM6q9cCtT9PA,development,2
30,10416,45903,BjDKEEZfleI,UCBf296-OhUNfaDbtcYQ4RQQ,development,5
30,10417,45904,409KoPxtDDg,UCJc1hbJPvG5f2v8iSPG-3CA,test_reserved,
30,10418,45906,IBMWZC4dhGw,UCq3WWAoJj0DOQC3G7ri1cug,test_reserved,
30,10419,45908,qZbfhz9qAiU,UCckltLEhFLv8Xz_lQhYfwmg,development,1
30,10420,45916,eJl9K_DMdgE,UCQTcNhAZidy1i9wwmdgf2Lw,development,4
30,10421,45929,dRYnPjIOzdg,UCCK3OZi788Ok44K97WAhLKQ,test_reserved,
30,10422,45936,HXDpMUZFrW0,UC0qps5j0_2WR6JxJxSVyjNg,development,5
30,10423,45937,FLPIiQhEmxc,UCnTnjJyH0gAaVrDWiVrCsSQ,test_reserved,
30,10424,45942,di9QKDTa2b4,UCcijXxFzSXgoM6q9cCtT9PA,development,2
30,10425,45947,vDnVhDPsd-Y,UCyaXn4baYP2PVJtegGVRDiw,development,1
30,10426,45961,nbByuCmbVr8,UCAH7R88V7gz7RqJv78nNOzg,development,3
30,10427,45962,M1QOK_iU09c,UCdl01jabKqzbe0XoZmn1y9A,development,3
30,10428,45964,MbtkEmjV_Mg,UCTWZbDqPbg0Z1kpR3U_mO6g,development,1
30,10429,45968,5XeoTCfcoss,UC3W16VfuU392bL3zrOdVGfQ,test_reserved,
30,10430,45981,9Z_773jzapU,UCgnFSj7jQffD5V5m05j4dPw,development,5
30,10431,45985,WIodwif9GsM,UCcg4tDKgPLIc_x3lhWdogLg,development,4
30,10432,45989,-IZb_CGfRq0,UCqrqt9Egbp4Voh3iEUUoorw,development,3
30,10433,45991,E62wMi2FibM,UCT83ymyAGm7Gnk_4ifxjxIA,development,4
30,10434,45993,tyXkujhuRoI,UCcspHoBTj_aLhnJLwkMpWHQ,development,3
30,10435,45996,cZgIslw74Nc,UCcijXxFzSXgoM6q9cCtT9PA,development,2
30,10436,46000,jha3284qdQ4,UCXm0FsS7PXy0w5HeOkYMi7Q,test_reserved,
30,10437,46004,krduMAtuVC0,UC5-n2dfksESEt3ATmM6Uujw,test_reserved,
30,10438,46007,JLHszpPTVeM,UCcijXxFzSXgoM6q9cCtT9PA,development,2
30,10439,46012,PbVbwLCd2BA,UCZ-RBSr_ZD-jWWDgZmFyZyw,test_reserved,
30,10440,46013,ougel87ucvQ,UCsLoRcb3FvB-uK3F1_zqXbw,development,1
30,10441,46017,sn2VtB9FR88,UCo7jGFwywOdtesciwW-POqg,test_reserved,
30,10442,46024,CAro40Q_iHU,UCdgWTRipbTuQsIiiPb6fB-A,development,5
30,10443,46026,bmhsn2Nc4M8,UCtbtihatpVC4YkcNvP6v4Vg,development,3
30,10444,46029,tDfBaeH90YY,UC1GXX9hisqTO3S7ZHhoepXw,development,5
30,10445,46031,VkqL_Mn9jIg,UCCK3OZi788Ok44K97WAhLKQ,test_reserved,
30,10446,46033,6_5MkKEJvY4,UC7SpeEKCvhjtxa4VX2sHA1Q,development,5
30,10447,46038,W50YaKmRcCk,UCQTcNhAZidy1i9wwmdgf2Lw,development,4
30,10448,46045,ypuO_PVAkFA,UCckltLEhFLv8Xz_lQhYfwmg,development,1
30,10449,46051,URfFk2EKHdY,UCmTrMV3RUj_n8dO0Ff-wHOQ,development,3
30,10450,46054,3gyfD413oww,UCM3bQBUJ0PEbgfe9lAw_Y3Q,development,3
30,10451,46055,Yyh1xji17i4,UC2sbMVU3YATVZQCRpHPKLcA,development,5
30,10452,46058,VLujp_Y07js,UCoe7M9QIuCkZ3R0JEqIIBAA,test_reserved,
30,10453,46059,0cKj9GZd7a4,UCL1vzWEQ3lWQBrxYZo_SZOw,development,5
30,10454,46060,m-ITyyqE0x4,UCmrLu4r89ykOzmtmbAeEklA,development,5
30,10455,46061,8sv4VTn3PCs,UCOiMY00_ZLijPF6InrCl0TA,development,3
30,10456,46065,SQU6rL3S-2w,UCckltLEhFLv8Xz_lQhYfwmg,development,1
30,10457,46069,sjeC4vXBs34,UCr3QbSWlvbToTXR-W1mEB-Q,development,2
30,10458,46071,G39DBN-Qf6k,UCDrTN5A0V-Fzu1Jn7qnxA6A,development,4
30,10459,46077,LQyG6OcdRo4,UCckltLEhFLv8Xz_lQhYfwmg,development,1
30,10460,46079,E4AzrnLMYq4,UCqrqt9Egbp4Voh3iEUUoorw,development,3
30,10461,46081,ntGurzl8xpk,UCZpPfCxvP6T9rCkDX3tQfOw,test_reserved,
30,10462,46084,npo9vDH13jI,UC0Acca2PGDyDGuNjk0JEB1Q,development,2
30,10463,46087,nbLvIN4AKFA,UCM2aWgUf3p5baPX6kx14uBw,development,3
30,10464,46098,ueDF0euMiro,UCaESx7Bdghv_UICcG1hBkcg,development,2
30,10465,46101,VH0VsD9Jp10,UCb0KyqTm4bkjnZg_mND9hhg,test_reserved,
30,10466,46103,kD8Yp3dZxY8,UC3tvYy-s84yySG7V85jRDnA,development,4
30,10467,46104,JZT3s7KK97c,UCtpFElVQJM8YgaMTwnEsU4g,development,1
30,10468,46107,l-wOG35A3FA,UCaIc6SgS90ud_RgMSC6hW_w,test_reserved,
30,10469,46116,XU9JZFwEw0Y,UCbS_glb2N1NVTrDLVryRbng,development,4
30,10470,46121,mov1AHuzWlI,UCckltLEhFLv8Xz_lQhYfwmg,development,1
30,10471,46123,rTf4xHGGAhs,UCVNgjnq_n7i_8GJOca0DIeQ,test_reserved,
30,10472,46124,fz8o-rw6rWo,UCtGrWulB6ohN4my07gWxj_Q,development,1
30,10473,46140,XfNClJ1Y-o4,UC7lMOYGM4RHBvV8TR5zYmvQ,test_reserved,
30,10474,46145,fdNhzXYgKc0,UCckltLEhFLv8Xz_lQhYfwmg,development,1
30,10475,46150,HAVUqWe8xlA,UCWBGcCHKv85MuFwgax4oc9w,development,4
30,10476,46157,Y1UbRkBtCC0,UC24uwZklOoFhbiQq-kp2HYg,test_reserved,
30,10477,46163,br3K4SRq23g,UCwt4zdWrmnBpglCHb1ArREA,development,4
30,10478,46181,riAI1qA36Ts,UCWwo8NBrDNOb5EEZadW3iWA,development,1
30,10479,46192,1vh0lEYS7x0,UCnT7Z6-yqjhM__jZbK_B3kw,development,3
30,10480,46214,vh5RuLhczYY,UCldiq7Z0JJVSkGXVgfV2qtg,development,2
30,10481,46218,bvNUxr2hGO0,UCskNFH2e4ptFTkgeVmFPNhA,development,2
30,10482,46251,4k8jknpOku0,UCrtXFLaJQUh6R8xjW6l5tMQ,development,1
30,10483,46254,752s5jUayGA,UC9y7Wh-inBLM44vBwc9MGJg,development,2
30,10484,46259,A_k9FyriO44,UCmewlMcgichugGbvmShiUOA,development,4
30,10485,46260,HqN0KxgcruM,UCaESx7Bdghv_UICcG1hBkcg,development,2
30,10486,46262,RUHXzSXtyIU,UCVz1bXiY1pz6Fz_Osm0YYBA,development,1
30,10487,46263,55nd5G4eEFI,UCCK3OZi788Ok44K97WAhLKQ,test_reserved,
30,10488,46265,wO5agxVWpjs,UCckltLEhFLv8Xz_lQhYfwmg,development,1
30,10489,46272,HL_Byn6zJ70,UCKIAuvwMPOv0uVrGdGS2V7w,test_reserved,
30,10490,46274,b0ryhuhduJ8,UCMd-Y13fuzRTpBKs1MlnjYw,development,1
30,10491,46277,z-jLMqGWGIE,UC1YGPDtctHGJWW0NrlQVklw,development,5
30,10492,46290,nvoOvIo5Bnk,UCQTcNhAZidy1i9wwmdgf2Lw,development,4
30,10493,46291,bOvhMbKHJc0,UCW5J0vbGISAYVK_Oz6m2Dqw,test_reserved,
30,10494,46292,l8gqnAG6TkU,UCMQg72D9bcWjW-umvECrcAQ,development,1
30,10495,46293,unBmYf2oJjs,UCRB8mrLCcwTPlJOMUy9MDUg,development,2
30,10496,46300,OOc7OFd4LPk,UCGSDCIUEvUtO5wzIFtc4AgQ,test_reserved,
30,10497,46306,0NPNJyIOwFk,UCPueJmiUPtofKLh_sbSFcqA,development,5
30,10498,46313,gXjskjWq9l8,UCckltLEhFLv8Xz_lQhYfwmg,development,1
30,10499,46315,Gh31IEVZV3U,UCFV00xQSCQSKvWRXgearMzg,development,2
30,10500,46316,RxfNnENh0Ng,UCckltLEhFLv8Xz_lQhYfwmg,development,1
30,10501,46317,1GWAXZM0BL4,UCJeJFkRVgi7gT7ViTxuHHdg,test_reserved,
30,10502,46318,51cco3xPbNU,UCQTcNhAZidy1i9wwmdgf2Lw,development,4
30,10503,46320,t6GuMnKImdA,UCAgBGlUKoAQFXMUzshrWDgg,development,1
30,10504,46322,tyNoA78DzZ4,UC_PDy3FABvwLzAZPiMlBOmw,development,4
30,10505,46326,DzDiX1ua768,UCAcPvtBwVq1vqSyPdhqD-UA,development,1
30,10506,46328,QwJHH8UgnMc,UCzSJmu5JS43eHAs0Ajrq5_Q,development,2
30,10507,46329,FfuifoDtavM,UCWr_3S-gYx33CVRDXSYSDhA,development,1
30,10508,46330,BX56xM1lvNI,UCqU7Eof3uDD0309gvUNfAog,development,1
30,10509,46335,KdVVGEY86hs,UCh9qXeL8eP3Txra2908xksg,development,3
30,10510,46336,VH7bv1owz44,UCCK3OZi788Ok44K97WAhLKQ,test_reserved,
30,10511,46338,Tayfv2fkE74,UCm3mXl7hQbHVMxhKaOeEhYA,development,4
30,10512,46340,lENL3aWBeQQ,UCgdaUnUmkHDpYCU0w2pR7Rw,development,2
30,10513,46343,GQ-Tx8EWZOU,UC3tvYy-s84yySG7V85jRDnA,development,4
30,10514,46346,hp6daJyJ1s8,UCCK3OZi788Ok44K97WAhLKQ,test_reserved,
30,10515,46348,Qvc7JBbaizY,UCgnFSj7jQffD5V5m05j4dPw,development,5
30,10516,46350,TN3-VlBuQoE,UCCK3OZi788Ok44K97WAhLKQ,test_reserved,
30,10517,46352,uKuXvs7niFA,UCSNTusy_RmBUbTV2aV4ju_w,development,5
30,10518,46357,ypd3GBHsyUQ,UCdgWTRipbTuQsIiiPb6fB-A,development,5
30,10519,46358,3zXuKKUeTrM,UC5-n2dfksESEt3ATmM6Uujw,test_reserved,
30,10520,46364,lODqNtM6Vr4,UCckltLEhFLv8Xz_lQhYfwmg,development,1
30,10521,46367,dklq3accqbQ,UCyaBLWehN3TJHneic-3IJBQ,development,4
30,10522,46370,hfVHymAW8Wc,UCIKg0Ev6Vq2M7hU7bL_jHFQ,development,3
30,10523,46371,VW3vnMhqq3s,UCskNFH2e4ptFTkgeVmFPNhA,development,2
30,10524,46383,mbikJP-m4Og,UCcMQKrccZ9c0_GNyXWo8jLg,development,2
30,10525,46387,gBf84F4PqKQ,UCq3nTkPujlH-ahNVYNCsTNw,test_reserved,
30,10526,46392,jZDrIXVJmLU,UCOtYyt7W5PmPnwQjWWF_Z-Q,development,3
30,10527,46399,F_-mbYnKht0,UCVxzuJhGfjhyw1LmRFK9UxQ,test_reserved,
30,10528,46400,BjU8HBx9-40,UCCbm1E52PV05ZLv6dtRB92Q,development,5
30,10529,46402,Sm0jt_8EhEk,UC5-n2dfksESEt3ATmM6Uujw,test_reserved,
30,10530,46407,kCU6BQZVoPo,UCOtYyt7W5PmPnwQjWWF_Z-Q,development,3
30,10531,46412,AEiWztY_jbg,UCAH7R88V7gz7RqJv78nNOzg,development,3
30,10532,46414,vKYyrp7gw_Q,UCxPYVvthidICJb75llNXktg,test_reserved,
30,10533,46419,wXgA3ZR69IM,UCxyOEiDidNJQGoMJXjOVW7A,development,2
30,10534,46424,0_swhTgzVr0,UCfVmYgJP_bBt00lLtPGsbcQ,development,4
30,10535,46426,B78BL-F_wiU,UCmAZwdFQyvTnrAVx5IqILgg,development,3
30,10536,46427,0GnVv3k4SSc,UCYweMykEAI5aaRztqrJuuAg,development,2
30,10537,46436,mu1avDO4sbI,UCA5xW2Ce7KT2AtxzDYDebCA,development,4
30,10538,46438,HRLNjdPHZ8Q,UC1YGPDtctHGJWW0NrlQVklw,development,5
30,10539,46441,vQoQ1y445CE,UCAqSq3iNGYSbw9mSFzVIANQ,development,4
30,10540,46455,ujrc_OOrfWo,UCe4g8BqxCBVICI2OTCLdedg,test_reserved,
30,10541,46459,9AAbAqfMoho,UC4Pb9SEsCb1EpsXVYAVVajw,test_reserved,
30,10542,46467,ja0u6El6h4g,UCzi2M8XwF0xRon_Z6LhM0UA,development,2
30,10543,46483,G20l0nvDBOg,UCh9qXeL8eP3Txra2908xksg,development,3
30,10544,46497,7DTQmrCzS5k,UCgxiMvAbKYM3SZ2d46NHLug,development,3
30,10545,46512,67UM7_XCxbQ,UCckltLEhFLv8Xz_lQhYfwmg,development,1
30,10546,46513,WIH698yEBpQ,UCckltLEhFLv8Xz_lQhYfwmg,development,1
30,10547,46522,h-cqHkpSJaU,UCckltLEhFLv8Xz_lQhYfwmg,development,1
30,10548,46523,zlRNK-3INxo,UC8lKgUHo-2mSR5cRRXO9xow,test_reserved,
30,10549,46526,cvlDRz9hqEs,UC8rcDufKZ3W6CtZU69CtMXg,development,5
30,10550,46532,R5YqnwWdLok,UC9SgyReu4QufMUTFhZYYEMw,test_reserved,
30,10551,46535,Pllz3LxEtVQ,UCqU7Eof3uDD0309gvUNfAog,development,1
30,10552,46536,CafOOiozgsY,UCaIc6SgS90ud_RgMSC6hW_w,test_reserved,
30,10553,46537,Gtc_NWik3kE,UCOtYyt7W5PmPnwQjWWF_Z-Q,development,3
30,10554,46542,yq_00qEO1TY,UCmqflTSJ6911aCrnaWIXxsA,development,3
30,10555,46544,AQ9MFBRn1jc,UCcrsFwwoMvcXYpJ0XldIlVQ,development,5
30,10556,46545,cInoA3woNew,UCgnFSj7jQffD5V5m05j4dPw,development,5
30,10557,46550,MhQEDF3EzzY,UCbR7juPwtP-bV_w0840ciYQ,development,3
30,10558,46551,ilDlorSDvR8,UCQTcNhAZidy1i9wwmdgf2Lw,development,4
30,10559,46555,WNDJn4EER2Q,UCXfgx23Lw81I4wsCNhdVBgw,development,4
30,10560,46561,h3uBCSGapnY,UCfU_EkNq6OxL-RvZCx7f7wQ,test_reserved,
30,10561,46564,w9JkIKDUM0k,UCuFZRnnDPMiwvyJVHhNP6og,development,1
30,10562,46566,XR9-QB-Ip8Y,UCaESx7Bdghv_UICcG1hBkcg,development,2
30,10563,46568,O1sUvAbX8cI,UCdvzidU6j1UdUBhaEw-LLuQ,test_reserved,
30,10564,46569,q6zLLGw9KWs,UCckltLEhFLv8Xz_lQhYfwmg,development,1
30,10565,46571,iNJ-wI6GD4c,UCckltLEhFLv8Xz_lQhYfwmg,development,1
30,10566,46578,Ya-O_TsDSJM,UCK71gEn4lLLToHx50jwMyNg,development,2
30,10567,46588,PhYKJUANFeo,UCM3bQBUJ0PEbgfe9lAw_Y3Q,development,3
30,10568,46593,LLOqmOp530s,UC6XsnLgVVzNkjTCpRVJ6u3w,development,5
30,10569,46597,CwLk62Qa1ug,UCIKg0Ev6Vq2M7hU7bL_jHFQ,development,3
30,10570,46601,FC9dPU2isdg,UCZbnxyWoZa7XqECasHrR7Ww,development,4
30,10571,46608,SSFW4XHjd_o,UCCK3OZi788Ok44K97WAhLKQ,test_reserved,
30,10572,46615,W7kJxMmLib4,UCOtYyt7W5PmPnwQjWWF_Z-Q,development,3
30,10573,46618,6IUfSifOnBA,UCNPYfKcafveO1qA81WSW9CQ,development,2
30,10574,46625,YOmg71bdVgY,UCA5xW2Ce7KT2AtxzDYDebCA,development,4
30,10575,46630,tZGafSUhW4k,UCSfmHr5cQvlVKR2f6p8T01w,test_reserved,
30,10576,46644,0Hbdpewt9eY,UCTO9f5qKoCLHF21OLaROdEA,development,5
30,10577,46654,Y9a_oBgJ7Fo,UCG0zly9obnC7U6LdlEU5v5g,development,4
30,10578,46656,-Jwn2VYe_Dc,UCfxrtRajRgkbSCct-w7jErQ,development,3
30,10579,46658,Hwbw_JrGsfk,UCE_uaeRZwW7roZqYO31iDWg,development,1
30,10580,46659,_44fH_IdTiY,UCzyTz2So395JRTH79AlQS7Q,development,2
30,10581,46660,k2A-Zo3ES-8,UC3bDumjXNsq2ixYkUT7wT_g,development,3
30,10582,46661,3HBJ_NARIfw,UCHQfFg_epoUK0htwmiUyzEQ,development,3
30,10583,46663,y1nCQaGrncc,UCuW9OiaVwvoOraW1Jcc3_uA,development,2
30,10584,46666,5qHtMulV1ZM,UCAd1_DwT2iKc8s7rH6Af9lA,development,3
30,10585,46671,Av8kMqaRaKc,UC1YGPDtctHGJWW0NrlQVklw,development,5
30,10586,46674,96iMFliDZkc,UC6kLehpqRT0Wm8eBMMSbH2Q,development,1
30,10587,46675,6HUvVaQj8QQ,UC1YGPDtctHGJWW0NrlQVklw,development,5
30,10588,46676,m6dTaZnpYXA,UCkD2Gixzde52jx1XspNvrBw,test_reserved,
30,10589,46682,-UckjaIWBQ4,UCgnFSj7jQffD5V5m05j4dPw,development,5
30,10590,46684,xZ4Sr3Ij1q8,UCfG1KjPgXr137xDf4RJMtCg,test_reserved,
30,10591,46686,aqtoTlO4Me4,UCckltLEhFLv8Xz_lQhYfwmg,development,1
30,10592,46689,vP8u2mDNwTE,UCaESx7Bdghv_UICcG1hBkcg,development,2
30,10593,46691,KdL1fIPGG9w,UCAH7R88V7gz7RqJv78nNOzg,development,3
30,10594,46697,9LwS5-1UhI8,UCOHyRrRuD2zGCkpuCAlyOyA,development,3
30,10595,46703,-JiqgIZ9prU,UCAeBFsK2bmm5lkgy90uFiqw,development,4
30,10596,46705,bKhle5VQTSc,UCckltLEhFLv8Xz_lQhYfwmg,development,1
30,10597,46708,BJ7xcNzO3IM,UCckltLEhFLv8Xz_lQhYfwmg,development,1
30,10598,46709,EjUzit6UtQA,UCPJRtoh7x7vEw0-d59JwKiQ,test_reserved,
30,10599,46710,3n1S22_J1O8,UCm-TXzgh9U2K3wjWzY0XX0A,development,1
30,10600,46712,eAMUIS7OdgQ,UCgnFSj7jQffD5V5m05j4dPw,development,5
30,10601,46716,ruud5M5Xzbo,UCM3bQBUJ0PEbgfe9lAw_Y3Q,development,3
30,10602,46717,Ae9hNm2WQPg,UCHNytuiwfPoT3DxwT-rUnrA,development,3
30,10603,46718,2AEchjTg85c,UCc30sTBdN9LRSxEuHaXV_bQ,test_reserved,
30,10604,46728,q-Rl9Bw3aiA,UCAH7R88V7gz7RqJv78nNOzg,development,3
30,10605,46731,l9CZobBUogs,UCaIc6SgS90ud_RgMSC6hW_w,test_reserved,
30,10606,46732,hraTPXdEdgU,UCckltLEhFLv8Xz_lQhYfwmg,development,1
30,10607,46739,jbOT-nS9ONg,UCnT7Z6-yqjhM__jZbK_B3kw,development,3
30,10608,46740,fd8iR6TRbBw,UCLNz9bgiJfM3ImTtYDOt8Ew,development,4
30,10609,46751,HAwLv9OFE58,UCCK3OZi788Ok44K97WAhLKQ,test_reserved,
30,10610,46759,cMxPaxnOqLo,UC-DEHYgvcA5bBD3cWo_vSuA,test_reserved,
30,10611,46765,-sg9da4mccY,UCIQ9OZNLnAZTySLZgUxbcQQ,development,2
30,10612,46767,k2z2u4BnXXE,UCrcATWZGF_p53r38i6VK0eA,test_reserved,
30,10613,46772,YoV9OSA0P0Y,UCcijXxFzSXgoM6q9cCtT9PA,development,2
30,10614,46774,TxQAqkpiKSU,UCckltLEhFLv8Xz_lQhYfwmg,development,1
30,10615,46782,54LTssjj-v4,UCK4dpeglRT8ZE3fBKFXEnZA,development,3
30,10616,46786,ENqf8T4jn_8,UCckltLEhFLv8Xz_lQhYfwmg,development,1
30,10617,46794,Dk_uWA6bR00,UCOtYyt7W5PmPnwQjWWF_Z-Q,development,3
30,10618,46796,VhmTkDuweFs,UCckltLEhFLv8Xz_lQhYfwmg,development,1
30,10619,46797,p2CHhLt8HHM,UCr5BVR_ePEz_9V-KF5rSEmQ,test_reserved,
30,10620,46801,s782XHoC_EQ,UCZv4N9cT2yGAbOgEGZ_cseQ,development,1
30,10621,46804,ch6f4EJ3I7Q,UC-sHdOIu-eh_LFxQP018pmA,development,4
30,10622,46808,aJxLFfcEUOU,UCFaY2tgIiwUFXCPLJCoZb2w,development,1
30,10623,46812,_pbeiH-Lul8,UCyKNjZkJTmFuYSTx5HLPsPQ,development,2
30,10624,46820,_DRx_SJ_DRM,UCjm7vbOwssao7Bhm9wX3-bw,development,3
30,10625,46822,t8lk3y2W6O4,UCbS_glb2N1NVTrDLVryRbng,development,4
30,10626,46823,EPjc9pK2fHI,UCbS_glb2N1NVTrDLVryRbng,development,4
30,10627,46824,Tq2H2N55bZU,UCoz7UhbfPFJyljIIV2saR7A,development,3
30,10628,46831,Y60wpexbp7g,UC1YGPDtctHGJWW0NrlQVklw,development,5
30,10629,46832,4PnouP6YaXw,UCckltLEhFLv8Xz_lQhYfwmg,development,1
30,10630,46838,OwJ2PuhUyjw,UCnT7Z6-yqjhM__jZbK_B3kw,development,3
30,10631,46846,3qShO3CiWRU,UCV1NPkc2O0YZBtx_rhDkicw,development,1
30,10632,46852,6LV10Q1Ed1o,UCgnFSj7jQffD5V5m05j4dPw,development,5
30,10633,46854,9R-iDhv65dQ,UCYu4WywARv9NAIuV-kF8Fmg,development,2
30,10634,46855,nz33df7tK1Y,UCc30sTBdN9LRSxEuHaXV_bQ,test_reserved,
30,10635,46865,HORMLpLLVFA,UCCK3OZi788Ok44K97WAhLKQ,test_reserved,
30,10636,46866,ef_wXH9fu7g,UCgnFSj7jQffD5V5m05j4dPw,development,5
30,10637,46869,f2sfI4FpDrA,UCf2Iar2LDcFaSCnVH1ZMUkA,development,4
30,10638,46872,RqMp69A8-us,UCQTcNhAZidy1i9wwmdgf2Lw,development,4
30,10639,46877,Sv--jDbcRnA,UCcijXxFzSXgoM6q9cCtT9PA,development,2
30,10640,46878,H9a8y83DBo8,UCOtYyt7W5PmPnwQjWWF_Z-Q,development,3
30,10641,46880,6YZ9A1JZrgg,UCEUSUxrhCt4n0Pp9WB7q7-w,development,5
30,10642,46884,nwQGPqm8HGo,UCCK3OZi788Ok44K97WAhLKQ,test_reserved,
30,10643,46885,i11WEgP9bUo,UCql-jEixeuMcyabHRYqr-Zw,development,3
30,10644,46888,_a9Uil0VXs4,UCCK3OZi788Ok44K97WAhLKQ,test_reserved,
30,10645,46890,0lHppf25BC4,UCG0j1mTQov3RVBgLgh6wbKg,development,5
30,10646,46891,gxU0wf52_2s,UCCK3OZi788Ok44K97WAhLKQ,test_reserved,
30,10647,46894,nuhw0zV9G4M,UC1YGPDtctHGJWW0NrlQVklw,development,5
30,10648,46898,DxbI_KrY55I,UCOHyRrRuD2zGCkpuCAlyOyA,development,3
30,10649,46901,L8mc8Wimp2Q,UC69csWmeK-LePWo8JJ9BoqQ,development,3
30,10650,46905,gUihvl1ODic,UCCK3OZi788Ok44K97WAhLKQ,test_reserved,
30,10651,46909,DhXLS25HYCE,UCbS_glb2N1NVTrDLVryRbng,development,4
30,10652,46917,4wDJMV1kKFE,UCCK3OZi788Ok44K97WAhLKQ,test_reserved,
30,10653,46918,HCkRyJfVfIU,UCJjAlPGkuDypNN_5HUgchvw,development,1
30,10654,46929,1d9lCbxMejk,UCS6wii1nENlRXQpu_1mp5CA,test_reserved,
30,10655,46938,j0__lnTWuLQ,UC_d3UQ1v8KP1JNFOBmV63xA,development,5
30,10656,46941,D9I_5181kWQ,UCPXSUKHTNc1_hnHuj-UiQWQ,development,4
30,10657,46943,xsBjY8gwRTo,UCCK3OZi788Ok44K97WAhLKQ,test_reserved,
30,10658,46944,R_5AS8Dqz_w,UCFGhJsc1ddSN8819LsMa90w,development,3
30,10659,46954,s8EkoPoTPfQ,UCcijXxFzSXgoM6q9cCtT9PA,development,2
30,10660,46957,4le104itN3g,UCckltLEhFLv8Xz_lQhYfwmg,development,1
30,10661,46959,MjUx2PBKidk,UCr5BVR_ePEz_9V-KF5rSEmQ,test_reserved,
30,10662,46970,l2AYoj9G4yo,UCbS_glb2N1NVTrDLVryRbng,development,4
30,10663,46979,z7qeYuIU3C4,UCq0hVW_G5kWt2ocLhbjOtGg,development,2
30,10664,46981,jFgPX6LU6fk,UCgnFSj7jQffD5V5m05j4dPw,development,5
30,10665,46988,kn4-vTueRDo,UCCK3OZi788Ok44K97WAhLKQ,test_reserved,
30,10666,46996,LOQcKnMWBvQ,UCql-jEixeuMcyabHRYqr-Zw,development,3
30,10667,46998,UVh6sZI3L4o,UC0554zf4RvVkxwt_tS4Wx_g,test_reserved,
30,10668,47004,_kcGh9iZUjE,UCCK3OZi788Ok44K97WAhLKQ,test_reserved,
30,10669,47010,PByJ8F3YiAg,UCG0j1mTQov3RVBgLgh6wbKg,development,5
30,10670,47011,Wj_d6yg0RV4,UCYweMykEAI5aaRztqrJuuAg,development,2
30,10671,47015,4U7YjFVRCNU,UCmrLu4r89ykOzmtmbAeEklA,development,5
30,10672,47017,64_oymYBtNE,UC3cLeuBcLQ2vwEbVfdlfXyg,development,5
30,10673,47019,DRz1QDYdljQ,UC7SpeEKCvhjtxa4VX2sHA1Q,development,5
30,10674,47021,RfaGQZf4Xw4,UCCK3OZi788Ok44K97WAhLKQ,test_reserved,
30,10675,47034,X1EerVUT8_s,UCOtYyt7W5PmPnwQjWWF_Z-Q,development,3
30,10676,47035,CSn94t1m4hA,UCgooj1ufFuOk6GD2jq8CbdQ,development,2
30,10677,47047,9T1L8rGA0_8,UCmTrMV3RUj_n8dO0Ff-wHOQ,development,3
30,10678,47055,QrqCGqvJ-pA,UC324VVhYKykBv01GecF4aYg,development,5
30,10679,47056,lmNIl7ng9Us,UC4_9osAS7WwBFEj-ygHSvHw,development,4
30,10680,47062,7GnE7YjzfGI,UCXDs97xqSkkV9WSXMtYvCEw,test_reserved,
30,10681,47064,2UcmyObYUeY,UCckltLEhFLv8Xz_lQhYfwmg,development,1
30,10682,47065,OCpNvzA_NNk,UC5R7F4Mw_ZV1c4tYe4UKLIg,development,4
30,10683,47072,1KZpD3ECVDw,UC38c_i9VoaIjDpp46l35d0w,development,2
30,10684,47074,ma2RCgmUbCA,UCCK3OZi788Ok44K97WAhLKQ,test_reserved,
30,10685,47075,6AaDFYtY43o,UC7mhtAaF1ESJgCozpoS2lcQ,development,3
30,10686,47077,qXCvyOBmyzw,UC9iEv8PqeHuC3ZVt0QqN-pQ,development,4
30,10687,47078,gzqRyhmSzbw,UCBQ_5txpN9srcPmkpJytDvw,development,3
30,10688,47084,XzNA9G8kVyQ,UCEvTQbWPmEx-dzZq1yV-AWA,development,4
30,10689,47085,387n2LtKuHU,UCCK3OZi788Ok44K97WAhLKQ,test_reserved,
30,10690,47091,4sN8cN97eiI,UCjm7vbOwssao7Bhm9wX3-bw,development,3
30,10691,47099,NNqT8cKFxB8,UCc30sTBdN9LRSxEuHaXV_bQ,test_reserved,
30,10692,47102,kavM7op_zH0,UCckltLEhFLv8Xz_lQhYfwmg,development,1
30,10693,47105,J0K9FRN0Nfk,UCSfj_jMvyjLuyzA_P6l0lkA,development,5
30,10694,47125,Yr5TSbScCQM,UCckltLEhFLv8Xz_lQhYfwmg,development,1
30,10695,47131,pm41A9vpXFI,UCUzsesaP5G628WVuqEckF8w,development,5
30,10696,47138,5TxSroLNGbs,UCldiq7Z0JJVSkGXVgfV2qtg,development,2
30,10697,47140,H6C6AlcPZVs,UCc30sTBdN9LRSxEuHaXV_bQ,test_reserved,
30,10698,47147,jfweeohoUEE,UCM19g5ow7vLXDTYx_j9Z7VQ,test_reserved,
30,10699,47156,9LE2e1mUhDw,UCiP6DUi_wjUMfc4bo0yIusQ,development,2
30,10700,47157,Yz8SRwOL1bM,UCn0XmAUFv6d2tofMFEesSNw,development,5
30,10701,47161,W36i4FGGSu0,UC0tV1b7IFEXFUUILF7mAcWw,development,5
30,10702,47162,YNMH8IMnWtk,UC20RzbPn2zOX8-g15ld7nFw,development,4
30,10703,47175,p05YNEpQWT8,UCckltLEhFLv8Xz_lQhYfwmg,development,1
30,10704,47195,qGQqjpBQYIg,UCQTcNhAZidy1i9wwmdgf2Lw,development,4
30,10705,47196,o7FMMYS1jGc,UCcijXxFzSXgoM6q9cCtT9PA,development,2
30,10706,47199,Sodm-zadgkQ,UCc30sTBdN9LRSxEuHaXV_bQ,test_reserved,
30,10707,47204,O1pEqYtZ7QI,UCckltLEhFLv8Xz_lQhYfwmg,development,1
30,10708,47205,m0v2xrH3aOk,UCIoyIVPZEfC2p0dQwAxGiEw,test_reserved,
30,10709,47208,1NNbcbKYr1E,UCckltLEhFLv8Xz_lQhYfwmg,development,1
30,10710,47210,Oh2tm8N7vMg,UCgnFSj7jQffD5V5m05j4dPw,development,5
30,10711,47212,ykZGijXWl34,UCOtYyt7W5PmPnwQjWWF_Z-Q,development,3
30,10712,47215,8wRPG-FgCwo,UCtZO2c3i1PrtwyeaxaIYHKA,development,4
30,10713,47219,RmIoKpL4a9Q,UCckltLEhFLv8Xz_lQhYfwmg,development,1
30,10714,47226,jjIZLSG4nOw,UCPXSUKHTNc1_hnHuj-UiQWQ,development,4
30,10715,47229,VoOVZq2GQsk,UCcwCsuV7bOpTfqf2UvLfYmg,development,2
30,10716,47231,FXYaQz040Z4,UCckltLEhFLv8Xz_lQhYfwmg,development,1
30,10717,47232,H6ctO29qG1Y,UCA5xW2Ce7KT2AtxzDYDebCA,development,4
30,10718,47243,_u0lnfNa43o,UCrVFS_0PdV7AwyTgR13IcVg,test_reserved,
30,10719,47244,G4w3yf49UF8,UCRDDfbYPHX_GUJ4lcQYTc8A,development,2
30,10720,47255,-0Ist0F1G-0,UCvLsvfgY-hbGDtOi2udm4Gg,development,4
30,10721,47258,YZMzNQBbH4o,UC9iEv8PqeHuC3ZVt0QqN-pQ,development,4
30,10722,47259,S2Frq9FTVlU,UCTlVnv2IrpdHPiB4PeaH6Lw,test_reserved,
30,10723,47260,X96fmBJzekA,UCwH5wSFcuXiR_qYFMbl6S7A,test_reserved,
30,10724,47262,nWghP960ZGc,UCbS_glb2N1NVTrDLVryRbng,development,4
30,10725,47264,oB3q1lp88jE,UCd-gmzevnJBe9jHuNDMrI0w,test_reserved,
30,10726,47278,5HdO4ECqLRM,UCFGhJsc1ddSN8819LsMa90w,development,3
30,10727,47282,sRMqlczLMEA,UCbr3MNcISUfftpZYqf0PiIw,test_reserved,
30,10728,47290,K4eb_anu_3M,UCWNxnJNkwZPyv3rJwWRlzZQ,development,1
30,10729,47292,YxLXtIRjtFg,UCxEgUOusX-Z7f7zWK_aA79A,development,5
30,10730,47299,zgoYSLMHlxs,UCbS_glb2N1NVTrDLVryRbng,development,4
30,10731,47310,OC_dEjuOCHU,UC8qBNfgWRK_WYYGSmmrfgPA,development,4
30,10732,47314,IFTkHHAjBb4,UCrHp7_wVE4B6jcUNMwBXZRw,development,1
30,10733,47319,dQLpLlh5hYw,UCf2Iar2LDcFaSCnVH1ZMUkA,development,4
30,10734,47322,L4YWG-8T_dk,UCbS_glb2N1NVTrDLVryRbng,development,4
30,10735,47324,dcad6XWE0lM,UCQTcNhAZidy1i9wwmdgf2Lw,development,4
30,10736,47334,q0aU_cdhgMU,UC0l36s7dMwk1GYxmSHAib_A,development,5
30,10737,47338,RAX5fmjczsQ,UCRDDfbYPHX_GUJ4lcQYTc8A,development,2
30,10738,47346,xk7o4g8MXI8,UC0554zf4RvVkxwt_tS4Wx_g,test_reserved,
30,10739,47347,Opy96m_pkgk,UCgnFSj7jQffD5V5m05j4dPw,development,5
30,10740,47350,DAsB5bB-IV4,UCM3bQBUJ0PEbgfe9lAw_Y3Q,development,3
30,10741,47355,-pL79MnOlyM,UCLNz9bgiJfM3ImTtYDOt8Ew,development,4
30,10742,47358,TAShlJMq6vI,UCn0XmAUFv6d2tofMFEesSNw,development,5
30,10743,47365,OTIUvmDk6QQ,UCcspHoBTj_aLhnJLwkMpWHQ,development,3
30,10744,47382,kfuWthdYlNA,UCqecKbw2u_oVHNVdQEq-nCw,development,1
30,10745,47391,i5sV9kMpKxg,UC0554zf4RvVkxwt_tS4Wx_g,test_reserved,
30,10746,47392,YyS9I9xhaBs,UCh1YbG4SC-R5fBxZgMMuRww,test_reserved,
30,10747,47397,T0dTxaaXlRQ,UCCK3OZi788Ok44K97WAhLKQ,test_reserved,
30,10748,47404,SZk0tZRW5TA,UCgnFSj7jQffD5V5m05j4dPw,development,5
30,10749,47407,5tF52s9Ld-w,UCa35dxzLV_EvJq3hpy8K23g,development,3
30,10750,47413,7XLBAjS94UA,UCf2Iar2LDcFaSCnVH1ZMUkA,development,4
30,10751,47421,Sbz9bdxnDAg,UCOtYyt7W5PmPnwQjWWF_Z-Q,development,3
30,10752,47425,ZKoWEWx7c2E,UC8MegDkaJsqK63fwbOjBLzw,development,2
30,10753,47431,IUr0yK98Dkk,UCDhV2dS5kewSaccFl9g66sw,development,3
30,10754,47443,DjRZr3wdcVY,UCMxeqmVKOqiqh7V_A3h4gfA,development,2
30,10755,47445,2keieKpQ-3I,UCV-q7cRK5yFYEFzWuoQOmQQ,development,4
30,10756,47447,1BwqG60NwDg,UCCK3OZi788Ok44K97WAhLKQ,test_reserved,
30,10757,47449,Eq288T839ZQ,UCPXSUKHTNc1_hnHuj-UiQWQ,development,4
30,10758,47450,h638XyXiAkM,UCDyQcvr-Lu0rbfEMECgwUFg,development,2
30,10759,47451,cCBiPaYn338,UCckltLEhFLv8Xz_lQhYfwmg,development,1
30,10760,47463,3mDgaSubCRc,UC1YGPDtctHGJWW0NrlQVklw,development,5
30,10761,47471,X4BJ8updmZ8,UCckltLEhFLv8Xz_lQhYfwmg,development,1
30,10762,47473,RbtZKJAa0q0,UCbS_glb2N1NVTrDLVryRbng,development,4
30,10763,47474,K8ToWAXLHQc,UC2HGgzRXGxoirkRroh0aHIA,development,5
30,10764,47476,iQKuk9CPQ64,UCQxYcvX5hnGJvuTFzKng-Vg,development,2
30,10765,47481,Fhre2AlV5MM,UCckltLEhFLv8Xz_lQhYfwmg,development,1
30,10766,47483,70mitLpomHc,UCwt4zdWrmnBpglCHb1ArREA,development,4
30,10767,47490,rTJ0pxw3mYs,UCEC8e_Vpy67U4xnGwpo6v9Q,development,5
30,10768,47495,guLbAFTm054,UCCK3OZi788Ok44K97WAhLKQ,test_reserved,
30,10769,47499,gHYHWBoZ5fI,UCgnFSj7jQffD5V5m05j4dPw,development,5
30,10770,47502,DrEvGqu5i4s,UCAH7R88V7gz7RqJv78nNOzg,development,3
30,10771,47503,Id07CcurWDg,UCdotiSNtLlS4qwDto9CdURA,development,3
30,10772,47520,gJtipxZ9dnU,UC8lKgUHo-2mSR5cRRXO9xow,test_reserved,
30,10773,47526,mZHfb-WEZuc,UCXm0FsS7PXy0w5HeOkYMi7Q,test_reserved,
30,10774,47528,yZFx0fwbfb4,UC6yh7ac2hUGUbrZl_IXwoug,development,5
30,10775,47539,pl9plXMHCLA,UCc30sTBdN9LRSxEuHaXV_bQ,test_reserved,
30,10776,47546,LK_1afyf8rQ,UCQTcNhAZidy1i9wwmdgf2Lw,development,4
30,10777,47551,jjyoRTd27Zo,UCCK3OZi788Ok44K97WAhLKQ,test_reserved,
30,10778,47555,0WuX7OHzEMM,UChDDErhFN18hQ-NifYMMbVA,development,4
30,10779,47561,g2tvJ9wAbI0,UCckltLEhFLv8Xz_lQhYfwmg,development,1
30,10780,47572,40ZajwyKlpE,UCfJvQWJ4iUTng15ks3WtVow,development,1
30,10781,47576,n27SmIxHV6M,UCU9pquukCdVxwA6Hptvf_Tw,test_reserved,
30,10782,47577,t6C41NVTOE0,UCcijXxFzSXgoM6q9cCtT9PA,development,2
30,10783,47579,WFfuVGRny20,UCQTcNhAZidy1i9wwmdgf2Lw,development,4
30,10784,47583,66jJcCFayOw,UCmGMChEd9jBucufrWcpk3Ew,development,3
30,10785,47586,rxSNYUxx4rU,UCOtYyt7W5PmPnwQjWWF_Z-Q,development,3
30,10786,47588,YBjtXBDLUzA,UCRDDfbYPHX_GUJ4lcQYTc8A,development,2
30,10787,47595,b5gM77wDrVc,UCcrsFwwoMvcXYpJ0XldIlVQ,development,5
30,10788,47605,j_hVGe1m_8g,UCWLyufh4wmZ10YM-jbWpYyQ,development,4
30,10789,47607,DhgYc_Yhhzk,UCLnBDHkiAQQ6m8hHQsbtcOA,development,3
30,10790,47618,aFGvocnx_9g,UCDDMT8Tt5iiCh6owjj8R7xw,development,5
30,10791,47619,5LsDsixAifg,UCh9qXeL8eP3Txra2908xksg,development,3
30,10792,47622,Q4j2bvQC7Tc,UCrXH3bjqSAndzb72KkauIrg,test_reserved,
30,10793,47627,AaXgczccfso,UCkEC1Cni_4S08XLUPk4e40Q,test_reserved,
30,10794,47628,2vrkRqyETpI,UCf2Iar2LDcFaSCnVH1ZMUkA,development,4
30,10795,47645,q8uUXrusVDU,UCckltLEhFLv8Xz_lQhYfwmg,development,1
30,10796,47648,DGQ2zyIHO5E,UCUz70SsT1TZzlwEqvSCpJRA,development,4
30,10797,47651,aB5nx9Ehj6s,UC6aSX46078fvOY9bY9ZUTYw,development,4
30,10798,47652,nKV_8WKkZvg,UCBf296-OhUNfaDbtcYQ4RQQ,development,5
30,10799,47656,mcwAjjf6gIY,UCOtYyt7W5PmPnwQjWWF_Z-Q,development,3
30,10800,47657,srLfD69-boU,UC12Go-EQ4E8Rjcj3nzVlzIA,test_reserved,
30,10801,47659,zVHpMmOKOxU,UC1_uLITLP5agSh27SaB1C_A,development,1
30,10802,47666,7im1xFzmP6M,UCHT6F9HJ9DtLUjTOH16yg6g,development,3
30,10803,47675,0phP5jBTQLk,UCOtYyt7W5PmPnwQjWWF_Z-Q,development,3
30,10804,47677,_sozG180uU8,UCAH7R88V7gz7RqJv78nNOzg,development,3
30,10805,47681,SmAw5P9qAyU,UCLR467wlkHhrQjVq-0bdKng,development,4
30,10806,47684,GnchIU7vLv0,UCcijXxFzSXgoM6q9cCtT9PA,development,2
30,10807,47693,IWWXZnYJ0z4,UCwsNWoSlQUyeWgbVQYZtLOA,development,2
30,10808,47694,06Mb9101vNA,UCckltLEhFLv8Xz_lQhYfwmg,development,1
30,10809,47695,1aXEaVaEZic,UCbR7juPwtP-bV_w0840ciYQ,development,3
30,10810,47696,fB15UvPrXX0,UCFGhJsc1ddSN8819LsMa90w,development,3
30,10811,47701,9xSoPcjjOPY,UCgGWyBs51NVNDxP-tXEhlZw,development,4
30,10812,47707,zftcH4MfrGE,UCJojbxGV0sfU1QPWhRxx4-A,development,1
30,10813,47719,x-k6tHy7Ag8,UCAH7R88V7gz7RqJv78nNOzg,development,3
30,10814,47720,m7VQVZweW5c,UCbS_glb2N1NVTrDLVryRbng,development,4
30,10815,47728,QWWZIPaSuaU,UCRDDfbYPHX_GUJ4lcQYTc8A,development,2
30,10816,47731,3JCCZqWElUE,UCl5xacxsAhltNGtiMktd_Sg,development,4
30,10817,47735,1AmLVuVlJ48,UCbR7juPwtP-bV_w0840ciYQ,development,3
30,10818,47743,PpY2ldVhLZs,UC9SnUR9ewkPk9h45L0uY6SQ,test_reserved,
30,10819,47746,soaTDnBeSBQ,UCc30sTBdN9LRSxEuHaXV_bQ,test_reserved,
30,10820,47751,kZw78b9T5NQ,UCn0XmAUFv6d2tofMFEesSNw,development,5
30,10821,47752,FUX_fBfbdxQ,UCyhM9-y17fHHp-laYCEvT2g,development,1
30,10822,47756,1tHFAlfgifY,UCgnFSj7jQffD5V5m05j4dPw,development,5
30,10823,47757,Cc9_zYyN1rg,UC_QsdLlsmhLT6uH_xgK97Vw,development,5
30,10824,47760,1DLm025joxA,UCgnFSj7jQffD5V5m05j4dPw,development,5
30,10825,47765,2h5MaSg0aLE,UCOtYyt7W5PmPnwQjWWF_Z-Q,development,3
30,10826,47773,HtFUw4vHTFk,UCaFC8Yo8pGEvX5hu5J6tGDg,development,4
30,10827,47776,0IBZ0QSShU0,UCckltLEhFLv8Xz_lQhYfwmg,development,1
30,10828,47780,SwSFLnXeGYc,UCckltLEhFLv8Xz_lQhYfwmg,development,1
30,10829,47783,napmtcu2N1I,UCFbTlfl5V-q1nF9P-OnzkqA,development,5
30,10830,47784,HWg52vK4i8g,UCzNxbzqN0to4GNb9otFuGJQ,development,1
30,10831,47790,x8S4ig3U3D4,UCcijXxFzSXgoM6q9cCtT9PA,development,2
30,10832,47796,3jKvG7o1TfE,UCckltLEhFLv8Xz_lQhYfwmg,development,1
30,10833,47801,FKaDgC2m8aE,UCXBHPGYTwiBvTIk5dl9-r6Q,test_reserved,
30,10834,47809,H_8BNbKxKew,UCcijXxFzSXgoM6q9cCtT9PA,development,2
30,10835,47810,NK6rAGYwPtE,UCckltLEhFLv8Xz_lQhYfwmg,development,1
30,10836,47813,4Ar6Nz7xeYs,UCbS_glb2N1NVTrDLVryRbng,development,4
30,10837,47814,PRLhhLgbx8Y,UCud27Gl7WPKF4KmdOWKXIPg,development,5
30,10838,47816,sdNrgKGorJQ,UCiP6DUi_wjUMfc4bo0yIusQ,development,2
30,10839,47818,XOgyG0KIFKA,UCckltLEhFLv8Xz_lQhYfwmg,development,1
30,10840,47821,ZiKfwlDQeac,UCrVFS_0PdV7AwyTgR13IcVg,test_reserved,
30,10841,47822,QEMPiMGYoYM,UCCK3OZi788Ok44K97WAhLKQ,test_reserved,
30,10842,47824,yzH89sKi93Q,UCtGwzTmbkXWhYwuVZQa3kVQ,development,2
30,10843,47825,Z3-xA01LsB0,UCl2-7XYoDKAHPBqMPreO19w,development,4
30,10844,47832,nHpQ4m758P0,UCOtYyt7W5PmPnwQjWWF_Z-Q,development,3
30,10845,47833,dfJ9P5DhKhQ,UCJA-NQ4MtcRIog66wziD8fA,development,5
30,10846,47843,bcbVrq3bbhM,UCy-3y3BEH8dFhPsNEnO74Vg,development,5
30,10847,47844,tgCr9FKEzMA,UC0nMJ3QNryBHZpy1P3Wamwg,test_reserved,
30,10848,47847,NgbDSfi6geA,UCckltLEhFLv8Xz_lQhYfwmg,development,1
30,10849,47852,Z0d0y2Tp8oU,UCckltLEhFLv8Xz_lQhYfwmg,development,1
30,10850,47853,4o4lJSH_bR0,UC1YGPDtctHGJWW0NrlQVklw,development,5
30,10851,47854,J46JHS2UhpU,UCacIRbbu-hgx4sRW6tZPRoQ,test_reserved,
30,10852,47857,gTfwhyEVyOM,UC0RX5hQE6UpHTjfub4NZSPg,development,1
30,10853,47859,uE8QMpQeKX4,UCcijXxFzSXgoM6q9cCtT9PA,development,2
30,10854,47860,mE9BWaw7oIc,UCcijXxFzSXgoM6q9cCtT9PA,development,2
30,10855,47862,9Hqn80xwOn8,UCQIWzvLOlB4tu84TtOTJCGg,test_reserved,
30,10856,47866,5xFGLRO0liA,UC-GRFwciK7JiP8T4tl0pftQ,test_reserved,
30,10857,47869,c6xB3SDFVbM,UCCK3OZi788Ok44K97WAhLKQ,test_reserved,
30,10858,47870,b5rmhq9FVB4,UC0tV1b7IFEXFUUILF7mAcWw,development,5
30,10859,47880,0iXo5WeSOfc,UCS0KMjEWuAPKsUYXIKh6Lpw,development,4
30,10860,47882,YUai1WgjT8c,UC61hH_E3HUjIweuWm20wuDg,development,1
30,10861,47883,zSlp1zvMlz0,UCAGQUfHzdsgxJ1pq2XDS2TQ,test_reserved,
30,10862,47888,Ndn8rJ4qKgg,UCbS_glb2N1NVTrDLVryRbng,development,4
30,10863,47889,RErhsMnvDSg,UCdgWTRipbTuQsIiiPb6fB-A,development,5
30,10864,47898,37b8daJnAl8,UCqrqt9Egbp4Voh3iEUUoorw,development,3
30,10865,47900,cResCPYao94,UC1hcl0aIr9KtXA-Kiq9itqw,development,3
30,10866,47912,L_0WR0ZC5ZY,UCckltLEhFLv8Xz_lQhYfwmg,development,1
30,10867,47913,hqZby6bep9s,UCgy5luu86OLBeugp27Tnddw,development,4
30,10868,47918,logbbNV7HHI,UCg22fUwQQF-7Sf6-TIVIFrA,development,1
30,10869,47938,3v6QGP4NFaE,UCbS_glb2N1NVTrDLVryRbng,development,4
30,10870,47949,o7bW6Mlmbcc,UCr5BVR_ePEz_9V-KF5rSEmQ,test_reserved,
30,10871,47951,ZFCXobs5ySc,UC12Ujt77-UFGXPAalKwuXDg,development,2
30,10872,47953,PetbKd--j40,UCrX70F3Raylk2fXAT8Xc1Zg,development,3
30,10873,47955,pM8wT1PL-4g,UCbRbdFTihZZCq8r5-bQa0sA,test_reserved,
30,10874,47957,1QT6XPvuif8,UCbS_glb2N1NVTrDLVryRbng,development,4
30,10875,47958,CR_Xdza9Feg,UCckltLEhFLv8Xz_lQhYfwmg,development,1
30,10876,47964,Qj_DpwminC4,UCgnFSj7jQffD5V5m05j4dPw,development,5
30,10877,47968,H4mks7v4iUM,UCl5xacxsAhltNGtiMktd_Sg,development,4
30,10878,47969,cIKbdzW7DE0,UCOlMa7eBVngg14Qnu8eAXgA,development,4
30,10879,47971,bUaKU6M137U,UCckltLEhFLv8Xz_lQhYfwmg,development,1
30,10880,47977,6m19VTbmfB8,UCbgjuk1jkUr_xe4tNGv35Qg,test_reserved,
30,10881,47979,jDKUuO977jg,UC4j4HUyjjgMALWnjN1v7z7A,development,4
30,10882,47984,sdsqUsPsPoo,UCZfQAl56Y6qStW8DECs2hGw,development,5
30,10883,47990,YHrtbk5wVr8,UC0uW127NmbWG0g-BnTltSHw,development,1
30,10884,47991,LCBb_7gnZC4,UCh1YbG4SC-R5fBxZgMMuRww,test_reserved,
30,10885,47992,EI2WIiQD8Rg,UCiPqzkmX93ta8vFwMVS81oQ,development,3
30,10886,47994,GrbA1eVlDAc,UCes373iqg3EYZrnuhDWkfeA,test_reserved,
30,10887,47998,vtHWaOTHaVg,UCckltLEhFLv8Xz_lQhYfwmg,development,1
30,10888,48000,KevP6n5uf8M,UC61hH_E3HUjIweuWm20wuDg,development,1
30,10889,48003,KIz7x0PKVz0,UCeA0YDYhED5x7n3udzVNlpA,development,5
30,10890,48004,U74XJ_9BGoI,UC6jQt9K_jqnBNtsRf7hXHsA,development,2
30,10891,48006,AoLoHo7AW94,UCiN8pQvSxfW1o9TSZN8Bf9g,development,3
30,10892,48019,t_Z9UtPc6Qw,UCaESx7Bdghv_UICcG1hBkcg,development,2
30,10893,48025,f4Yt0Xcb6EI,UCCK3OZi788Ok44K97WAhLKQ,test_reserved,
30,10894,48029,9RBlibWW-RU,UCR6bwkq2RbGG12zWqD9YRvw,development,3
30,10895,48046,sGf6-V4cAlo,UCmKxhMStMwZZ1gdOg1YZQug,development,4
30,10896,48049,ftGNCOcU3vQ,UCOtYyt7W5PmPnwQjWWF_Z-Q,development,3
30,10897,48051,TfY94JsYv8U,UCdotiSNtLlS4qwDto9CdURA,development,3
30,10898,48059,003USyKT1Do,UCXn1a_JRiiunkEVS9tamdCA,test_reserved,
30,10899,48066,jI1WK-yOVaI,UCXRnXDVoCjqUN_sOJweAXyQ,development,5
30,10900,48067,RI4gq3YkH0I,UCGz2fGeoOdTm_Jp-nEl3jFg,development,1
30,10901,48076,Et2F3Mp_fgA,UCaESx7Bdghv_UICcG1hBkcg,development,2
30,10902,48077,IOrmbCb6b1Y,UCgnFSj7jQffD5V5m05j4dPw,development,5
30,10903,48079,A_cwyqDKQaE,UC0tV1b7IFEXFUUILF7mAcWw,development,5
30,10904,48094,RbQlxH9SNo4,UCc30sTBdN9LRSxEuHaXV_bQ,test_reserved,
30,10905,48095,ec3sfiqJoMw,UCvZpRt_4T2NlC9111RxNBug,development,2
30,10906,48097,_l52b-Jsu4I,UCK71gEn4lLLToHx50jwMyNg,development,2
30,10907,48099,dY_386spgaA,UCckltLEhFLv8Xz_lQhYfwmg,development,1
30,10908,48102,S5JHwKjbsP4,UCwKYO2L9xzLtWhSv4ncYCIA,development,1
30,10909,48103,1cR2K_UC4H0,UCbj5TVwioQCK3qtYYEzD3kA,test_reserved,
30,10910,48105,Imomn7jUkec,UCRDDfbYPHX_GUJ4lcQYTc8A,development,2
30,10911,48109,yJEOkMK6v_s,UC1YGPDtctHGJWW0NrlQVklw,development,5
30,10912,48111,YnpnwTipzc4,UCLuP7ROjaueiuNbzrvPqXSQ,development,3
30,10913,48113,CRPCafhD8YY,UCcg4tDKgPLIc_x3lhWdogLg,development,4
30,10914,48115,lzUqU2iwEfs,UCKZjHYC2CfZ0EZkkTWogsVA,development,4
30,10915,48121,MMolOCA7K0k,UCcijXxFzSXgoM6q9cCtT9PA,development,2
30,10916,48126,8f_16qLnEbY,UCVfnhhDIkkBJ_1QyzCqeVDg,development,2
30,10917,48127,TOuPg8SAm4I,UC-DEHYgvcA5bBD3cWo_vSuA,test_reserved,
30,10918,48128,3Tr7dy5sRLA,UCn0XmAUFv6d2tofMFEesSNw,development,5
30,10919,48135,2eefCQRIYOI,UCckltLEhFLv8Xz_lQhYfwmg,development,1
30,10920,48146,8i_ga8DxBu4,UC7Hf9SJfEfXTy_JUKi248og,development,4
30,10921,48147,Lo9RVyviMLQ,UC7jNYrQQr_GnMWLe6bGRi2A,test_reserved,
30,10922,48152,-NWwtXLJzn8,UCZ-RBSr_ZD-jWWDgZmFyZyw,test_reserved,
30,10923,48158,ulX6JRFSpVU,UCrtXFLaJQUh6R8xjW6l5tMQ,development,1
30,10924,48165,YKSOi47p_9s,UCiPqzkmX93ta8vFwMVS81oQ,development,3
30,10925,48169,3Ei6c2HwiAg,UCl5xacxsAhltNGtiMktd_Sg,development,4
30,10926,48174,jTVyC9SP2-c,UCAH7R88V7gz7RqJv78nNOzg,development,3
30,10927,48184,Xr83to-kjCM,UCVmBgx4kaIsOtMR1jK9AeAg,development,5
30,10928,48187,wE_xPK9TP60,UCcijXxFzSXgoM6q9cCtT9PA,development,2
30,10929,48189,YQBPLrZnN6U,UCG3QSJwsRV2nH5Fo3eoYlOA,development,4
30,10930,48197,f59svsYuS6I,UCckltLEhFLv8Xz_lQhYfwmg,development,1
30,10931,48203,asD09xwcsS0,UCXFiIVHYqQmgpmIi7KChMkQ,development,1
30,10932,48210,cBRhfKt2KfA,UC0Hd0uu4ur5gRjrZ5xTef8g,development,2
30,10933,48216,CyvW2HlIrNk,UCNEf722QEvvmyGaT0HsKxRQ,test_reserved,
30,10934,48221,5TFx2zWc6Io,UCLA8Ovy_NPAwMWvr8IEDquw,development,4
30,10935,48226,ERFXtvJzTNE,UC8ZmvQOUKiu6SmICTXzjFnA,development,5
30,10936,48233,NLWhfu5MlIg,UCcijXxFzSXgoM6q9cCtT9PA,development,2
30,10937,48236,OVAPqGigqNg,UCXBHPGYTwiBvTIk5dl9-r6Q,test_reserved,
30,10938,48239,ES766jdMeXI,UCPXSUKHTNc1_hnHuj-UiQWQ,development,4
30,10939,48243,zpGtIl8c_Z4,UCnSX8rOTbJ0BnrcziyjzM6A,test_reserved,
30,10940,48244,OqloQJvTSxQ,UC7di5zivMKpYOmhyhZ2nVvg,development,4
30,10941,48245,EpzLszf6NXw,UCq3WWAoJj0DOQC3G7ri1cug,test_reserved,
30,10942,48247,U_f3lHh6qMQ,UCRDDfbYPHX_GUJ4lcQYTc8A,development,2
30,10943,48249,XGAk-PFXkec,UClSIhhnuyF8fXtBTpOOTknA,development,2
30,10944,48254,3rGuvDA5fEg,UCckltLEhFLv8Xz_lQhYfwmg,development,1
30,10945,48255,BQ46YMDznrs,UCCHjSTQREA19wpNwbo260dg,test_reserved,
30,10946,48258,A2FrUu1Yiok,UC6Pfh3FrYriEOKf5bd19V3A,development,4
30,10947,48261,kOWt426ID7s,UCZEXdsMN3HWEz34uY5PbtXA,test_reserved,
30,10948,48267,vby1SQQuFE0,UCYNtjJyosDXPToT3MdOzf1w,development,3
30,10949,48280,Lcy2z-NGMHc,UCEoAl837WtAzW_HMqEHPi5Q,development,3
30,10950,48290,RXb_cDJqrOY,UCMaZtErMSOUyfCaiGgPlouA,development,3
30,10951,48298,T9CFf242IMU,UCmqflTSJ6911aCrnaWIXxsA,development,3
30,10952,48299,PQGslyteOJ8,UCckltLEhFLv8Xz_lQhYfwmg,development,1
30,10953,48305,6r3mVMrsB6A,UCAH7R88V7gz7RqJv78nNOzg,development,3
30,10954,48306,CaZuIVoqg54,UCrhkgHTUdZXbCd69TNuQuMg,development,4
30,10955,48313,Q64l5ZLSk74,UCXfgx23Lw81I4wsCNhdVBgw,development,4
30,10956,48314,AOHP99FYeT8,UCgnFSj7jQffD5V5m05j4dPw,development,5
30,10957,48318,ITNrMyPTJbQ,UCBsrUim15y-s6PfMISCR38A,development,3
30,10958,48332,SSsHvSCcNVw,UCmqflTSJ6911aCrnaWIXxsA,development,3
30,10959,48335,Adr_XVmGwIo,UCRDDfbYPHX_GUJ4lcQYTc8A,development,2
30,10960,48336,4PY_sh5M_xo,UCckltLEhFLv8Xz_lQhYfwmg,development,1
30,10961,48340,XgUr1lbXTo4,UCypYfMZbKIxBlXqngCuvi0A,development,5
30,10962,48344,Bc-Iu68fVXM,UCf2Iar2LDcFaSCnVH1ZMUkA,development,4
30,10963,48347,ioICkPyACOk,UCCK3OZi788Ok44K97WAhLKQ,test_reserved,
30,10964,48351,HLkWBTPng3Y,UCXLyL2Fg5DZouTYsYtRT0WQ,development,2
30,10965,48354,xXMt8dVMVQk,UCKkRSuLQBs2oErUCgivn8mw,development,2
30,10966,48355,YfaZEr3ZzVc,UC1faY0gip4IfKbRDUwIpcGQ,development,2
30,10967,48377,ibzYDrtmVRw,UC95VofaZiQPFwRMaqPhLc0w,development,1
30,10968,48383,r5EbViloHv0,UCcijXxFzSXgoM6q9cCtT9PA,development,2
30,10969,48384,ZvB-PzKbKjk,UCPXSUKHTNc1_hnHuj-UiQWQ,development,4
30,10970,48393,TFvLlICRjJI,UC1YGPDtctHGJWW0NrlQVklw,development,5
30,10971,48395,MH4nVITnYbU,UC0fnN8-CgXOlHLjGc78e-0g,development,3
30,10972,48401,0SKm69tabiM,UCcMQKrccZ9c0_GNyXWo8jLg,development,2
30,10973,48405,gjXtBmhSrWk,UCLkBa7dDSZyT5CkZFa0W7QQ,development,3
30,10974,48406,xrTqxJdct38,UC5R7F4Mw_ZV1c4tYe4UKLIg,development,4
30,10975,48409,tha5IAqDwTY,UCmKxhMStMwZZ1gdOg1YZQug,development,4
30,10976,48416,0iNgg7DuwvE,UCoQOQFHBsBAhobpI8NradTA,test_reserved,
30,10977,48419,IZ9lbNoZQBs,UCOiMY00_ZLijPF6InrCl0TA,development,3
30,10978,48420,WVZor_xOfjs,UCql-jEixeuMcyabHRYqr-Zw,development,3
30,10979,48422,FyZLrjboDCg,UC3pnlqmWVIVdQ4hkaQAxyVw,development,1
30,10980,48425,CtHK5p46V3g,UCgnFSj7jQffD5V5m05j4dPw,development,5
30,10981,48433,TLzArBOmOs0,UCOtYyt7W5PmPnwQjWWF_Z-Q,development,3
30,10982,48436,2qsNC2SSZH8,UC2GNitBc9qBFZd0329eYOPg,test_reserved,
30,10983,48437,Vp1hUO9BZoM,UCbRbdFTihZZCq8r5-bQa0sA,test_reserved,
30,10984,48443,0UIC3uLBCI8,UCckltLEhFLv8Xz_lQhYfwmg,development,1
30,10985,48451,hfEBFG6KUxE,UCCbm1E52PV05ZLv6dtRB92Q,development,5
30,10986,48455,MQeoeiPNXnQ,UCCK3OZi788Ok44K97WAhLKQ,test_reserved,
30,10987,48461,e8Tx3G9aCOs,UCQIWzvLOlB4tu84TtOTJCGg,test_reserved,
30,10988,48462,0RhReQPNiG4,UC1YGPDtctHGJWW0NrlQVklw,development,5
30,10989,48464,neam_r8nQwY,UCVxzuJhGfjhyw1LmRFK9UxQ,test_reserved,
30,10990,48476,l8YYvWFjFJk,UCm3mXl7hQbHVMxhKaOeEhYA,development,4
30,10991,48477,DnwTtf964uQ,UCf2Iar2LDcFaSCnVH1ZMUkA,development,4
30,10992,48479,fvlsDRch0Gk,UCYweMykEAI5aaRztqrJuuAg,development,2
30,10993,48482,xZELy-OQF5Q,UCbS_glb2N1NVTrDLVryRbng,development,4
30,10994,48486,DNtDkvHbq08,UCckltLEhFLv8Xz_lQhYfwmg,development,1
30,10995,48490,YRa4ue8jktM,UCgnFSj7jQffD5V5m05j4dPw,development,5
30,10996,48496,ZusUSXLH_qM,UCCK3OZi788Ok44K97WAhLKQ,test_reserved,
30,10997,48506,kbeTDpLUWaE,UCdbUJ0gmqeVKpppYCgkLcXw,development,4
30,10998,48522,2x0QhMDX_Xg,UCgnFSj7jQffD5V5m05j4dPw,development,5
30,10999,48527,d5zbBJeH4tc,UCcijXxFzSXgoM6q9cCtT9PA,development,2
30,11000,48531,ccUcWlAMIc0,UCXm0FsS7PXy0w5HeOkYMi7Q,test_reserved,
30,11001,48532,MWaMv-IMeOI,UCc30sTBdN9LRSxEuHaXV_bQ,test_reserved,
30,11002,48535,GuHS7ojYGls,UCKkRSuLQBs2oErUCgivn8mw,development,2
30,11003,48537,XYnfZ9XUD50,UCT83ymyAGm7Gnk_4ifxjxIA,development,4
30,11004,48538,w1xlbcDOtu8,UCgFSgMsvgRRq4xDjmmf4LUw,test_reserved,
30,11005,48539,11Oxc1Bu54c,UCc30sTBdN9LRSxEuHaXV_bQ,test_reserved,
30,11006,48542,Xqw1NrcGIvM,UCgnFSj7jQffD5V5m05j4dPw,development,5
30,11007,48544,XO0JHBkVnss,UCf2Iar2LDcFaSCnVH1ZMUkA,development,4
30,11008,48554,xNw-ItGUIyQ,UCc30sTBdN9LRSxEuHaXV_bQ,test_reserved,
30,11009,48558,9L9LrokzMKA,UCMxeqmVKOqiqh7V_A3h4gfA,development,2
30,11010,48560,REethYxPFUw,UCAH7R88V7gz7RqJv78nNOzg,development,3
30,11011,48562,RJI2QbEZByw,UCrYItZrCXaq1dZ-6ArlCc6A,development,2
30,11012,48563,rtP5J6t5GgU,UCKurrM38zebptCChSC6QpuQ,development,2
30,11013,48565,Kckz7HwUOIU,UC5NJWHF4x-DWCWgNGQfMqmA,development,4
30,11014,48569,mOeACrseK8g,UCr5BVR_ePEz_9V-KF5rSEmQ,test_reserved,
30,11015,48570,O_vmI9amEF0,UCsAPX_-Yu9O_3dJu0aUj_BA,development,4
30,11016,48571,r2fs2ElAzW4,UCqrqt9Egbp4Voh3iEUUoorw,development,3
30,11017,48574,fai6ysPivuo,UCcijXxFzSXgoM6q9cCtT9PA,development,2
30,11018,48583,MvSEyO8ZcHA,UCckltLEhFLv8Xz_lQhYfwmg,development,1
30,11019,48586,TdF2QNIHUOs,UCAH7R88V7gz7RqJv78nNOzg,development,3
30,11020,48587,_xR8ccfQPnw,UCDhV2dS5kewSaccFl9g66sw,development,3
30,11021,48588,Mq9flzzLBNg,UCCK3OZi788Ok44K97WAhLKQ,test_reserved,
30,11022,48590,vk20gkCpgwU,UCFYP9-HfFF-Pg7DibBsCAlQ,development,4
30,11023,48592,vu8JvVvfnko,UCLuP7ROjaueiuNbzrvPqXSQ,development,3
30,11024,48594,A3tj5t6DNEA,UCYW8XY-RkpQi6wqNSypzfXQ,development,5
30,11025,48598,6OWfrvdHzbE,UCckltLEhFLv8Xz_lQhYfwmg,development,1
30,11026,48600,9wKYx_GLwXc,UCuW9OiaVwvoOraW1Jcc3_uA,development,2
30,11027,48604,h4wLMcACJg8,UCckltLEhFLv8Xz_lQhYfwmg,development,1
30,11028,48605,ofCU3O0lP_Y,UC8qBNfgWRK_WYYGSmmrfgPA,development,4
30,11029,48610,3WtGvg1-QLc,UCA5xW2Ce7KT2AtxzDYDebCA,development,4
30,11030,48618,mgQl490q-N8,UCckltLEhFLv8Xz_lQhYfwmg,development,1
30,11031,48621,NH9oLgOfSaQ,UC0uW127NmbWG0g-BnTltSHw,development,1
30,11032,48625,hQ1Tu5olBzs,UCskNFH2e4ptFTkgeVmFPNhA,development,2
30,11033,48628,QdodKsW746k,UCPXSUKHTNc1_hnHuj-UiQWQ,development,4
30,11034,48629,PAs06AztfKM,UCiRz8w2WOTO7DjWIOONCmNA,development,3
30,11035,48633,pWWWwKoePNw,UCMayHG7j39d11Gh36vV7GnQ,development,3
30,11036,48644,H32h4hWhZsw,UC_hR1wSDcKjBRTlKtp6LK1A,development,4
30,11037,48655,jjnA-vLouE8,UC1YGPDtctHGJWW0NrlQVklw,development,5
30,11038,48659,34jD9K-ItQY,UCn0XmAUFv6d2tofMFEesSNw,development,5
30,11039,48661,0pOecMXhhms,UCskNFH2e4ptFTkgeVmFPNhA,development,2
30,11040,48662,woZRuKrL2-4,UCMxeqmVKOqiqh7V_A3h4gfA,development,2
30,11041,48669,RQDKH5MPw2A,UCRDDfbYPHX_GUJ4lcQYTc8A,development,2
30,11042,48670,e-FRPKY8ljQ,UCcijXxFzSXgoM6q9cCtT9PA,development,2
30,11043,48673,pPl_nRGKLD8,UCf2Iar2LDcFaSCnVH1ZMUkA,development,4
30,11044,48674,GaDfVNcJFec,UCckltLEhFLv8Xz_lQhYfwmg,development,1
30,11045,48675,txKEoce26kE,UCbS_glb2N1NVTrDLVryRbng,development,4
30,11046,48676,DTauPHa9r0M,UCt_fUooMgak5Ev6yI08x8IA,development,4
30,11047,48677,UKTtDXinBRg,UCmXAwL-fDi78R-vghmFXyJQ,development,2
30,11048,48681,WdU71oRrvGc,UCKBotsXrIQ4ZQlGGh-LuttQ,development,2
30,11049,48686,wgGVH-6o3cM,UC5-n2dfksESEt3ATmM6Uujw,test_reserved,
30,11050,48690,OsQPeVWH0XA,UCQIWzvLOlB4tu84TtOTJCGg,test_reserved,
30,11051,48692,NidWNg_iv8Q,UCMayHG7j39d11Gh36vV7GnQ,development,3
30,11052,48696,Xx1Y4882Kkg,UC8U5Mgl9nbkm5vOJ0SMtQgA,test_reserved,
30,11053,48701,9bQu9mMPTeo,UCbS_glb2N1NVTrDLVryRbng,development,4
30,11054,48702,HkXdKWbRWHs,UC35oZgra9TA5Vxr9PrTjRyg,development,5
30,11055,48704,Wl9ri4szByQ,UCAvDdYpu6UjCFlOepV7TNMA,test_reserved,
30,11056,48705,PAZT0f8QfgE,UChwjz-THeefGm2mSbYB37Wg,development,3
30,11057,48709,xz-sAp4H8jk,UCluX2aszbegi4QBNHFQP63A,development,5
30,11058,48719,Nxk7wfCPM4Y,UCC-QxtkZPfDCczEeT3SEsYA,test_reserved,
30,11059,48720,Po_womXDMIg,UCrcATWZGF_p53r38i6VK0eA,test_reserved,
30,11060,48722,AodPN2RK5YE,UC7y523uvfJhftdgPfC6NHPA,development,4
30,11061,48731,GnfXmJx9NeY,UCzNxbzqN0to4GNb9otFuGJQ,development,1
30,11062,48735,HNoy1grVw34,UCcijXxFzSXgoM6q9cCtT9PA,development,2
30,11063,48737,VHp6y_arD-A,UCbVw-Yr6A7L4hPi8W6zsQlw,development,3
30,11064,48738,UndvPmi9vjo,UCgnFSj7jQffD5V5m05j4dPw,development,5
30,11065,48740,4eFygijQIbA,UCCK3OZi788Ok44K97WAhLKQ,test_reserved,
30,11066,48742,RKXa1MBHVWM,UCs_mHlm5_C82W5WCIJaSMbQ,test_reserved,
30,11067,48750,sWaNLjyclHo,UCCK3OZi788Ok44K97WAhLKQ,test_reserved,
30,11068,48758,zlWbITnqppE,UCgnFSj7jQffD5V5m05j4dPw,development,5
30,11069,48760,LZWQKB-WKOY,UCcwCsuV7bOpTfqf2UvLfYmg,development,2
30,11070,48767,1V6JJhh_i-Q,UCCK3OZi788Ok44K97WAhLKQ,test_reserved,
30,11071,48775,Zg1oyC52AHg,UCcijXxFzSXgoM6q9cCtT9PA,development,2
30,11072,48776,F_YlCGuzM9Q,UC_d3UQ1v8KP1JNFOBmV63xA,development,5
30,11073,48778,zmnr_D_TXcY,UCaCnmd0sVADrw8228hCBnlA,development,4
30,11074,48779,vba_f0O68SY,UCg22fUwQQF-7Sf6-TIVIFrA,development,1
30,11075,48786,mlFaqZ8-tTs,UCZ-RBSr_ZD-jWWDgZmFyZyw,test_reserved,
30,11076,48789,N5wyPdYwdOI,UCckltLEhFLv8Xz_lQhYfwmg,development,1
30,11077,48794,3baOo5ZiY1w,UCQkPhQ-6NhA1v7Tpsp6EnKQ,development,1
30,11078,48800,fe8Vc2bBsl8,UCwuGqZ8aBXugJ5fsGQeeQiA,development,4
30,11079,48813,Z9CEfixX0uw,UCcCp0B0bypJE4EJjwq8u2lQ,development,2
30,11080,48815,91LBEbJTr50,UCtnFdFtN_fDK-xHkgGtgloA,development,2
30,11081,48816,lnNOSHg8-jM,UCckltLEhFLv8Xz_lQhYfwmg,development,1
30,11082,48818,QndXMyMpRH4,UClSIhhnuyF8fXtBTpOOTknA,development,2
30,11083,48819,_uE8ZVoyOXU,UCrcATWZGF_p53r38i6VK0eA,test_reserved,
30,11084,48832,RpCXAeBqpyA,UC1YGPDtctHGJWW0NrlQVklw,development,5
30,11085,48833,ZU0FDFwWgHA,UCiMmvM-OLyee7JDthwK_E0Q,development,2
30,11086,48838,YacO73JZx9s,UCOtYyt7W5PmPnwQjWWF_Z-Q,development,3
30,11087,48840,0SUR4bNkNvo,UCgnFSj7jQffD5V5m05j4dPw,development,5
30,11088,48850,YXRrHF0cZS0,UCzxB2cF1B8Prxt83HGJmc5g,test_reserved,
30,11089,48854,qtk66RXpOz4,UCQkPhQ-6NhA1v7Tpsp6EnKQ,development,1
30,11090,48855,XhwEXhCZg60,UCh9qXeL8eP3Txra2908xksg,development,3
30,11091,48862,Mw8ksBYaCFs,UCc30sTBdN9LRSxEuHaXV_bQ,test_reserved,
30,11092,48865,2HURUiEas1I,UCckltLEhFLv8Xz_lQhYfwmg,development,1
30,11093,48880,pY-QqMuXcrI,UCVxYtZ-CJ-C4_KVxjXfpW7w,test_reserved,
30,11094,48889,wlax5SeL0p0,UClfq6WEgQm3MG6b30xJhX3g,development,1
30,11095,48895,_fnEANmlWeU,UCgnFSj7jQffD5V5m05j4dPw,development,5
30,11096,48897,WfT67o_Mmhg,UCypYfMZbKIxBlXqngCuvi0A,development,5
30,11097,48898,HrGDhvVQeNY,UCv2eZuaYeehdcyLvzucKy-A,development,5
30,11098,48900,K2YJs_noQ7Y,UCaESx7Bdghv_UICcG1hBkcg,development,2
30,11099,48902,T4bLUe3ZdqE,UCf2Iar2LDcFaSCnVH1ZMUkA,development,4
30,11100,48903,rgQjn5vdqjY,UCgy5luu86OLBeugp27Tnddw,development,4
30,11101,48904,MLQDCRgrbLw,UCaESx7Bdghv_UICcG1hBkcg,development,2
30,11102,48912,tOnhMKvrpRc,UCzSJmu5JS43eHAs0Ajrq5_Q,development,2
30,11103,48914,BLKlRRox-Mk,UCOiMY00_ZLijPF6InrCl0TA,development,3
30,11104,48917,9nQTZvZvlOY,UCbS_glb2N1NVTrDLVryRbng,development,4
30,11105,48922,HIkwoFj6X54,UCckltLEhFLv8Xz_lQhYfwmg,development,1
30,11106,48927,oRv4nlqGuJE,UCTnTpSsN7eemLLpDyqdBP_w,development,3
30,11107,48931,Yi0yZxxHHl8,UC_AuTY5qqpUUYFLSDQIbOsg,development,4
30,11108,48932,Fwz7pWxHKaA,UCjYE-1_Myv5iOmQohhVXvpg,test_reserved,
30,11109,48933,fhj3GO6RHs0,UC5bP8uSDBQGh4Qn_g5QrWnw,development,2
30,11110,48934,GKSoBAWejD4,UCS4etFvWLvhVowAmj4dn45g,development,3
30,11111,48936,d7igZ7xk-YU,UCRDDfbYPHX_GUJ4lcQYTc8A,development,2
30,11112,48944,mNhZd16sBrE,UCgdaUnUmkHDpYCU0w2pR7Rw,development,2
30,11113,48945,zhHBwV_bH3I,UCqrqt9Egbp4Voh3iEUUoorw,development,3
30,11114,48950,pocX9PQIyF8,UCQkPhQ-6NhA1v7Tpsp6EnKQ,development,1
30,11115,48951,vxNe3yVkfzw,UCCK3OZi788Ok44K97WAhLKQ,test_reserved,
30,11116,48956,ynZW29TZ5cI,UCRDDfbYPHX_GUJ4lcQYTc8A,development,2
30,11117,48957,cpg0s02IbCo,UCEWXUrJx9ufOtbQH5VRoVzg,development,4
30,11118,48967,_451DzD48fM,UC4zvRArzwIHBnQY6FkDGMCA,development,1
30,11119,48968,zaMa2Td4NDs,UCbS_glb2N1NVTrDLVryRbng,development,4
30,11120,48972,kDG34OiCih4,UCbR7juPwtP-bV_w0840ciYQ,development,3
30,11121,48974,9-YItQdv_Qo,UCc30sTBdN9LRSxEuHaXV_bQ,test_reserved,
30,11122,48977,-Fb_OZtfPGs,UC-4FUBrbjpCCoNGqHh6X5og,development,1
30,11123,48981,oYYRrI0aN-A,UC324VVhYKykBv01GecF4aYg,development,5
30,11124,48982,95YfIn4piuw,UCZpPfCxvP6T9rCkDX3tQfOw,test_reserved,
30,11125,48983,_yCUW_85GGM,UCCK3OZi788Ok44K97WAhLKQ,test_reserved,
30,11126,49001,aWk9dZYtS_o,UC8qBNfgWRK_WYYGSmmrfgPA,development,4
30,11127,49008,i1DKjF3Q-E8,UCOtYyt7W5PmPnwQjWWF_Z-Q,development,3
30,11128,49009,FDDuOJhW2ZY,UCckltLEhFLv8Xz_lQhYfwmg,development,1
30,11129,49012,p4G28hYe_Qg,UC1YGPDtctHGJWW0NrlQVklw,development,5
30,11130,49014,tZwAiFeuGTs,UCBR9iW2qo_7LP9_9u3A2ZeQ,development,5
30,11131,49015,m-xKgP6i8SU,UCckltLEhFLv8Xz_lQhYfwmg,development,1
30,11132,49016,gTVMneZNFCQ,UCCK3OZi788Ok44K97WAhLKQ,test_reserved,
30,11133,49020,AdYlW1wJ_8U,UCaESx7Bdghv_UICcG1hBkcg,development,2
30,11134,49022,5FMoVgaUeyg,UCq0hVW_G5kWt2ocLhbjOtGg,development,2
30,11135,49023,mrfAdH0X_jk,UCuJmg9Gw1uO-JGVLk9iACDw,development,2
30,11136,49026,5bKm3ApjttM,UCOtYyt7W5PmPnwQjWWF_Z-Q,development,3
30,11137,49029,Pj7c6odG-Og,UCDrTN5A0V-Fzu1Jn7qnxA6A,development,4
30,11138,49030,IaKP5iRYMxs,UCwrJnrHM2qRjjiSVk1nlx4Q,development,4
30,11139,49033,uNJI9Cnuqdo,UC69csWmeK-LePWo8JJ9BoqQ,development,3
30,11140,49034,YsUF2aQOXSg,UCyaIoiqUyGoO7u6jIZm3h6Q,test_reserved,
30,11141,49037,HEqIdRlQ7xs,UCfYQW_0xEVwKfePgWRxTYhg,development,3
30,11142,49038,MX6OlMATQME,UCMxeqmVKOqiqh7V_A3h4gfA,development,2
30,11143,49045,XqYS2hVtOHA,UCWrJW5qgCKGpYAxyMCp5Hxg,development,4
30,11144,49047,l7eR8Fvf3Is,UCQTcNhAZidy1i9wwmdgf2Lw,development,4
30,11145,49048,OPkrPAIvZaI,UC0Ixpv316Cz0tAqp900J-qg,development,1
30,11146,49053,BsQlfCdQpE8,UC5R7F4Mw_ZV1c4tYe4UKLIg,development,4
30,11147,49055,juvajnOcIQM,UCIzJ8MT1NFOo3Q-VJlNDlQQ,development,3
30,11148,49056,Kmd1NP4Ps6M,UC1hcl0aIr9KtXA-Kiq9itqw,development,3
30,11149,49061,pLvr093zwj8,UCbS_glb2N1NVTrDLVryRbng,development,4
30,11150,49074,RnjmEmSjaUg,UC_d3UQ1v8KP1JNFOBmV63xA,development,5
30,11151,49076,WT8xFo_bEV4,UCrmzxiCDMV3hI56E9nYy-4A,development,4
30,11152,49077,72eGCmy2AxQ,UCidNC9-9DsHj3FmP5N42Lqw,test_reserved,
30,11153,49080,Z6-fH1sWy4c,UCPXSUKHTNc1_hnHuj-UiQWQ,development,4
30,11154,49083,3UX6GBNcXks,UCckltLEhFLv8Xz_lQhYfwmg,development,1
30,11155,49087,f8xSHfPrkZ8,UCFGhJsc1ddSN8819LsMa90w,development,3
30,11156,49088,eEtVVnJyJaI,UCcijXxFzSXgoM6q9cCtT9PA,development,2
30,11157,49091,uLt2etpGr_Y,UCowxAocjCbSGBMrpSwvxrEg,development,5
30,11158,49097,9om-g6_rZ3A,UCl4Y73ZM9g5mP5W489jHp3w,development,1
30,11159,49099,QN5naDG8BAc,UCMxeqmVKOqiqh7V_A3h4gfA,development,2
30,11160,49106,wOLt4JcAdaI,UCbMHnNSRPIKCbUKLjCKIbJQ,test_reserved,
30,11161,49108,nYFx47mbjhQ,UC5Q9lmEDB_pWZdzzLI07eVg,development,1
30,11162,49109,RXOJ-M1HkAA,UCAKAcMWVANp_qXgWKlXMCFA,development,2
30,11163,49116,E3MTTB1YVMQ,UCbR7juPwtP-bV_w0840ciYQ,development,3
30,11164,49129,bHf0Up6xeuY,UCVwEHCzHFsn8_5LhjMFqSiA,development,5
30,11165,49137,3aHbXu3hsE8,UCc30sTBdN9LRSxEuHaXV_bQ,test_reserved,
30,11166,49138,RJIizqSuTnw,UC61hH_E3HUjIweuWm20wuDg,development,1
30,11167,49148,TvkLMK76cmE,UCG16kkV97IIrmL8SIt6saPw,development,4
30,11168,49149,MWtXnm8t0WU,UC2b5VAYjsOfepl9nAXgRmfQ,development,4
30,11169,49156,fNH4heGxZGs,UChtQ7TCSKmvCIqonz1eto1w,development,3
30,11170,49157,CxeOfK4lopQ,UCcg4tDKgPLIc_x3lhWdogLg,development,4
30,11171,49159,_Mwtl5UCgHA,UCK4dpeglRT8ZE3fBKFXEnZA,development,3
30,11172,49164,_iNIZwbkb7A,UCckltLEhFLv8Xz_lQhYfwmg,development,1
30,11173,49168,TeUvkbxhFng,UCh9qXeL8eP3Txra2908xksg,development,3
30,11174,49170,V4jvdK6pk1U,UCgnFSj7jQffD5V5m05j4dPw,development,5
30,11175,49175,O_vg4f_zpd4,UCckltLEhFLv8Xz_lQhYfwmg,development,1
30,11176,49177,SlFXwXajcRQ,UC2ZX-A6Js8RbeS6uds_RJZw,test_reserved,
30,11177,49179,VzEBNyPlo1k,UCmqflTSJ6911aCrnaWIXxsA,development,3
30,11178,49182,VCDpCWNT0mE,UCc30sTBdN9LRSxEuHaXV_bQ,test_reserved,
30,11179,49183,YIPvdhrmhD0,UCJ44oEtQ4TUPUbVS6hLI9Hw,development,5
30,11180,49186,6MnySt_DQJk,UCCK3OZi788Ok44K97WAhLKQ,test_reserved,
30,11181,49187,x92tjvn9QH4,UCcijXxFzSXgoM6q9cCtT9PA,development,2
30,11182,49199,F3v94BZAJyI,UCc30sTBdN9LRSxEuHaXV_bQ,test_reserved,
30,11183,49204,A4-7i3W8cYE,UCCK3OZi788Ok44K97WAhLKQ,test_reserved,
30,11184,49205,TQvVoRwS2gc,UCuW9OiaVwvoOraW1Jcc3_uA,development,2
30,11185,49213,DWcPAt3m4yk,UCXfgx23Lw81I4wsCNhdVBgw,development,4
30,11186,49216,X1e05kWMdhI,UCBQ_5txpN9srcPmkpJytDvw,development,3
30,11187,49226,--k3wFFBSNo,UCG0j1mTQov3RVBgLgh6wbKg,development,5
30,11188,49231,DDO-71W_FRo,UC8lKgUHo-2mSR5cRRXO9xow,test_reserved,
30,11189,49238,IBUOds1TutQ,UCAH7R88V7gz7RqJv78nNOzg,development,3
30,11190,49243,GwQzcns1U38,UCHZ6l32mEskYLDm1OkjFO3g,development,5
30,11191,49253,7eNXnrM9Upk,UCJEbxceR8FFUcZU0Ez83lPQ,development,4
30,11192,49255,RSVq8msJZt0,UCdZRFHIhq7TpUNSLXRlt7rQ,development,5
30,11193,49256,lEpl6GPLejU,UCU4-CtCgYRh_c-ySgLixIQQ,test_reserved,
30,11194,49262,wl7Ye21R3wI,UCrYItZrCXaq1dZ-6ArlCc6A,development,2
30,11195,49263,L55BnlrwCss,UCcwCsuV7bOpTfqf2UvLfYmg,development,2
30,11196,49265,VNUCWpXAGXc,UCKoBVjh6j8amPM6tw6Lb-cA,development,2
30,11197,49267,-6-no4aoRKc,UCc30sTBdN9LRSxEuHaXV_bQ,test_reserved,
30,11198,49279,pH2Lb__N_RY,UCq0hVW_G5kWt2ocLhbjOtGg,development,2
30,11199,49281,YAMhfTRWukA,UCgnFSj7jQffD5V5m05j4dPw,development,5
30,11200,49282,liTnXsRyYTA,UCcspHoBTj_aLhnJLwkMpWHQ,development,3
30,11201,49283,E2KmTcIGEeU,UCckltLEhFLv8Xz_lQhYfwmg,development,1
30,11202,49284,7_8-Mo4D7JE,UC3asBjakSJquSeu2yt25lBw,test_reserved,
30,11203,49286,BYx4ya5mURE,UCbS_glb2N1NVTrDLVryRbng,development,4
30,11204,49292,zhGwTC8cdSo,UCLA8Ovy_NPAwMWvr8IEDquw,development,4
30,11205,49302,tfmujcR4cNQ,UChtQ7TCSKmvCIqonz1eto1w,development,3
30,11206,49304,AIVrGrJJ1qM,UCCK3OZi788Ok44K97WAhLKQ,test_reserved,
30,11207,49305,fR25KkBdOZk,UCRDDfbYPHX_GUJ4lcQYTc8A,development,2
30,11208,49316,rqfp3VhAF6c,UCgnFSj7jQffD5V5m05j4dPw,development,5
30,11209,49317,CaQW0qA7Tm8,UC61hH_E3HUjIweuWm20wuDg,development,1
30,11210,49319,3JGZhgQO4Hs,UCoV9dlug2YWQ9BHzJTJrTrA,development,1
30,11211,49321,6Dyd2gtt55Q,UCOtYyt7W5PmPnwQjWWF_Z-Q,development,3
30,11212,49324,vdVIavV9UCI,UCl5xacxsAhltNGtiMktd_Sg,development,4
30,11213,49332,KDLszF7s6qM,UCCK3OZi788Ok44K97WAhLKQ,test_reserved,
30,11214,49334,TifK0Wigbe8,UCcijXxFzSXgoM6q9cCtT9PA,development,2
30,11215,49338,gKNFY63dSvs,UCOtYyt7W5PmPnwQjWWF_Z-Q,development,3
30,11216,49339,WmrXICd1suU,UCOtYyt7W5PmPnwQjWWF_Z-Q,development,3
30,11217,49343,DwNHSRpqEgg,UCckltLEhFLv8Xz_lQhYfwmg,development,1
30,11218,49346,N1F2eSoD5tY,UC-InXGUDXmIVAZG7efBiU7A,development,1
30,11219,49347,4Kh01WMorqM,UCckltLEhFLv8Xz_lQhYfwmg,development,1
30,11220,49357,e_0u678nZ34,UCT83ymyAGm7Gnk_4ifxjxIA,development,4
30,11221,49362,eduzjmyJQW4,UCxQQ7T5UMck1aKxzBmyt4rw,development,5
30,11222,49371,cc4v7_exFK8,UCMkW7S3IszN1L9u1bLw23rQ,development,5
30,11223,49372,iY8-DgJBWf0,UCMIOtMp-WuFS6f25y4Cwytg,development,2
30,11224,49374,qN4_XFJbLV0,UCmGMChEd9jBucufrWcpk3Ew,development,3
30,11225,49398,SXseI_XUNX0,UCjm7vbOwssao7Bhm9wX3-bw,development,3
30,11226,49399,7MTLF6r28YI,UCckltLEhFLv8Xz_lQhYfwmg,development,1
30,11227,49400,mgkwdjGy3IQ,UCckltLEhFLv8Xz_lQhYfwmg,development,1
30,11228,49402,4zRqD705i5c,UCTlLpPddpcW0ee6y4z9stKA,development,2
30,11229,49405,99K90RZrgsk,UCjX5zm1l8VZfEzAVMHKJSAg,test_reserved,
30,11230,49417,SweDVUFPZdc,UCcijXxFzSXgoM6q9cCtT9PA,development,2
30,11231,49419,iHHZsoCjqrE,UCCK3OZi788Ok44K97WAhLKQ,test_reserved,
30,11232,49434,roGIn1uZsGc,UCRDDfbYPHX_GUJ4lcQYTc8A,development,2
30,11233,49438,xrn1NZ19ixs,UC8lKgUHo-2mSR5cRRXO9xow,test_reserved,
30,11234,49442,cRf0Y-pZIb8,UCrhkgHTUdZXbCd69TNuQuMg,development,4
30,11235,49443,VrQJ6zDMjo8,UCKQw2OwROuqrhOuiqSttu6g,test_reserved,
30,11236,49446,FXF_oAn1HPY,UCcbOsE5_4LEjtQi8X2PFxDw,development,2
30,11237,49450,3KOpZfvl9sE,UCT83ymyAGm7Gnk_4ifxjxIA,development,4
30,11238,49453,O5jemz3TOqI,UCckltLEhFLv8Xz_lQhYfwmg,development,1
30,11239,49454,XREP3CvT800,UCgnFSj7jQffD5V5m05j4dPw,development,5
30,11240,49455,EqW05itqve4,UCCK3OZi788Ok44K97WAhLKQ,test_reserved,
30,11241,49459,U_KLhwoMlPg,UC-QzvI-llqe5kiZl-Amrd8Q,development,1
30,11242,49460,XgpYNPTbQLQ,UCky_P7-XlMtdNDwi_L4wZow,test_reserved,
30,11243,49466,AD9asy2Q9wQ,UCcijXxFzSXgoM6q9cCtT9PA,development,2
30,11244,49474,1dFc5s1RJco,UCcijXxFzSXgoM6q9cCtT9PA,development,2
30,11245,49477,9UflxAAFViI,UCrFbaY86Z23fi-CaEzjN5sQ,development,1
30,11246,49480,7J8IcI2TI3U,UC4VkNi2RZSJyqXsFaJYfsPg,development,4
30,11247,49485,hE83-JYLeCo,UCLohwIO-jl-eXfGLnP0rfjg,development,1
30,11248,49491,b7zh59gWxmY,UCcijXxFzSXgoM6q9cCtT9PA,development,2
30,11249,49496,-R148qnGc8k,UCOtYyt7W5PmPnwQjWWF_Z-Q,development,3
30,11250,49497,YxEQzbFd870,UCVNgjnq_n7i_8GJOca0DIeQ,test_reserved,
30,11251,49500,KUwKZgUcEA8,UCFuygvMWDiyNyxxFe347H9w,development,4
30,11252,49502,6ZtYY-dclhU,UCcijXxFzSXgoM6q9cCtT9PA,development,2
30,11253,49507,zDdgnbd3384,UCUzsesaP5G628WVuqEckF8w,development,5
30,11254,49509,KvsHa4EiJ34,UCpA0sSPTCBVrQFx0y7k00xQ,development,3
30,11255,49512,mVLXPymC0IQ,UCPXSUKHTNc1_hnHuj-UiQWQ,development,4
30,11256,49514,yemsUAqm_Fg,UC6jQt9K_jqnBNtsRf7hXHsA,development,2
30,11257,49517,XN0m5Mo_Jr4,UCMayHG7j39d11Gh36vV7GnQ,development,3
30,11258,49520,U0FVW4SYS24,UCn0XmAUFv6d2tofMFEesSNw,development,5
30,11259,49530,21Svo6dXinQ,UC8lKgUHo-2mSR5cRRXO9xow,test_reserved,
30,11260,49534,1we1kx5VL58,UCbS_glb2N1NVTrDLVryRbng,development,4
30,11261,49537,QwADSpbyJGM,UCCK3OZi788Ok44K97WAhLKQ,test_reserved,
30,11262,49538,zJu15UT8wOw,UCOmviBpngMg-QGJatzw7hxg,development,3
30,11263,49542,rd5Yr-WhIxM,UCcijXxFzSXgoM6q9cCtT9PA,development,2
30,11264,49551,1ek7Z7X-R5A,UCckltLEhFLv8Xz_lQhYfwmg,development,1
30,11265,49554,rNYWQ2kFy94,UCoq-esaiThmy5HvMXDi9l8g,development,1
30,11266,49556,nPo3kKumtkI,UCM3bQBUJ0PEbgfe9lAw_Y3Q,development,3
30,11267,49568,oExvuBmqskM,UCKvIAFnwVFiuITk3cl7UTxA,development,5
30,11268,49575,RLfJVlStxqo,UC3sxNugUTDt39PNiE2jsVRA,test_reserved,
30,11269,49576,sXuifbHOjpk,UCPXSUKHTNc1_hnHuj-UiQWQ,development,4
30,11270,49577,Cv4dHSCpbnw,UCbR7juPwtP-bV_w0840ciYQ,development,3
30,11271,49578,LQ_M5qpbjII,UCckltLEhFLv8Xz_lQhYfwmg,development,1
30,11272,49582,MPpi2UPGnP8,UC2sbMVU3YATVZQCRpHPKLcA,development,5
30,11273,49585,D5CtlXBGQos,UCAH7R88V7gz7RqJv78nNOzg,development,3
30,11274,49589,0NIauaSJf68,UCEUSUxrhCt4n0Pp9WB7q7-w,development,5
30,11275,49597,G8xlyxVjotQ,UCn39xNZ42C93DHXbbRH2mgA,development,3
30,11276,49601,LJBIVqoP1g0,UC6aSX46078fvOY9bY9ZUTYw,development,4
30,11277,49602,QrJpvUR_i9Q,UCmrLu4r89ykOzmtmbAeEklA,development,5
30,11278,49605,fSKRaPJaFMw,UC8qBNfgWRK_WYYGSmmrfgPA,development,4
30,11279,49607,0D7YncpVsOU,UCke4NBMcOwRbe9O1utY7b4g,development,2
30,11280,49611,102ejVVBHJA,UC324VVhYKykBv01GecF4aYg,development,5
30,11281,49612,g67iGpV7ubw,UCCK3OZi788Ok44K97WAhLKQ,test_reserved,
30,11282,49613,yJRXWTarTnk,UCuW9OiaVwvoOraW1Jcc3_uA,development,2
30,11283,49622,DFQFpL5swN4,UCcijXxFzSXgoM6q9cCtT9PA,development,2
30,11284,49626,DZ5xiKUywZI,UCILFY0DK2vcnnnTAgWrX-xw,development,5
30,11285,49629,61SCNf68C50,UC5p0VT3GMM-PEYL_gulNSnA,development,3
30,11286,49635,PxFfmgxfdJg,UCF06B6cH6Rf9UVYc5v4WAwg,development,5
30,11287,49637,gPw-PnTXAgk,UC9y7Wh-inBLM44vBwc9MGJg,development,2
30,11288,49638,eBeHjf3Itew,UC2GNitBc9qBFZd0329eYOPg,test_reserved,
30,11289,49640,Y6SeNHx3FzE,UCckltLEhFLv8Xz_lQhYfwmg,development,1
30,11290,49648,NG5V7bQxhDU,UCuW9OiaVwvoOraW1Jcc3_uA,development,2
30,11291,49652,k8g615bKGhE,UCs_mHlm5_C82W5WCIJaSMbQ,test_reserved,
30,11292,49657,JlJonKe4bt4,UCCbm1E52PV05ZLv6dtRB92Q,development,5
30,11293,49667,MOPvFKk2WNc,UCXfgx23Lw81I4wsCNhdVBgw,development,4
30,11294,49669,96-mRWMy89A,UCaIc6SgS90ud_RgMSC6hW_w,test_reserved,
30,11295,49674,PTNZKVIQn08,UCPXSUKHTNc1_hnHuj-UiQWQ,development,4
30,11296,49677,maHAxibUet4,UCzwSMU3mzPQF9Ie-h0MQjgA,development,1
30,11297,49681,8NGLgeLSfxI,UC3tvYy-s84yySG7V85jRDnA,development,4
30,11298,49688,tXsQ8mTbQBQ,UCCK3OZi788Ok44K97WAhLKQ,test_reserved,
30,11299,49689,PLcg-n-d-PQ,UCvHt1_CnzMfEBcn97O7PiAw,development,4
30,11300,49691,EEUppKSaS3Y,UCLuP7ROjaueiuNbzrvPqXSQ,development,3
30,11301,49692,H-oNJGvfeE4,UCu3jIK2NBSXc0_YaFqEuIrg,development,2
30,11302,49694,F1ucQcaR6Wg,UCPdASwipemqGhpK-B-a12Ow,development,2
30,11303,49703,EGVjCHHfz6c,UCbS_glb2N1NVTrDLVryRbng,development,4
30,11304,49706,IlWD8oPkp84,UCOtYyt7W5PmPnwQjWWF_Z-Q,development,3
30,11305,49707,FiEzaELTSLA,UCRDDfbYPHX_GUJ4lcQYTc8A,development,2
30,11306,49709,0D678-6rK3U,UCbS_glb2N1NVTrDLVryRbng,development,4
30,11307,49716,Jyt9AuSRsyQ,UCOtYyt7W5PmPnwQjWWF_Z-Q,development,3
30,11308,49720,R3tv-Mkzyz4,UCAH7R88V7gz7RqJv78nNOzg,development,3
30,11309,49736,DL4f1QVPW60,UCdgWTRipbTuQsIiiPb6fB-A,development,5
30,11310,49743,TvdlVcsQBM8,UCVwEHCzHFsn8_5LhjMFqSiA,development,5
30,11311,49746,BmFdsW6EcLo,UC-YHxIvupukB2zEMyO2zRIA,test_reserved,
30,11312,49749,CnY7BV_bVuM,UCckltLEhFLv8Xz_lQhYfwmg,development,1
30,11313,49754,TwrHhGsaAxE,UCMw--nUMJjK2GNrLXdsnDzg,test_reserved,
30,11314,49758,kkTe0fQ3558,UCrVFS_0PdV7AwyTgR13IcVg,test_reserved,
30,11315,49760,wZG5WjegaEY,UCckltLEhFLv8Xz_lQhYfwmg,development,1
30,11316,49761,ArAkGqXUCNo,UCgnFSj7jQffD5V5m05j4dPw,development,5
30,11317,49762,Cjx2q3nlJlw,UC-TPAJpit-cnGUG-zWliKFw,test_reserved,
30,11318,49765,rxKRHdEP6hc,UCCK3OZi788Ok44K97WAhLKQ,test_reserved,
30,11319,49767,A7ugGHEj1Vo,UCQTcNhAZidy1i9wwmdgf2Lw,development,4
30,11320,49772,IGJuuOiMNl0,UCEa6e_J_Xs_GKCzG8Eq15Xw,development,5
30,11321,49775,Z-idGSM-3-c,UCcijXxFzSXgoM6q9cCtT9PA,development,2
30,11322,49780,ZgwYlnjO5_g,UCOtYyt7W5PmPnwQjWWF_Z-Q,development,3
30,11323,49791,MQm-BPjwRls,UCFdAs4DEkB7WkCbgrU9J1fA,test_reserved,
30,11324,49792,vaJJRTpuz8k,UCGu9SCAkCTMOmxbpwVpkFlQ,development,4
30,11325,49811,2_yW8TyI540,UCUux47JaSJQ832JtZV8x8Xg,development,5
30,11326,49820,qZ3stK5_ta4,UCckltLEhFLv8Xz_lQhYfwmg,development,1
30,11327,49822,pdmFMXf8JbA,UCDqFysWGVtduHRyawK8oJkw,development,5
30,11328,49824,1bm_mtayX-I,UCAH7R88V7gz7RqJv78nNOzg,development,3
30,11329,49825,JHxIg75o7LY,UCgnFSj7jQffD5V5m05j4dPw,development,5
30,11330,49833,lFb1zpSPWVU,UCOtYyt7W5PmPnwQjWWF_Z-Q,development,3
30,11331,49835,6QUUDfBtark,UC1hcl0aIr9KtXA-Kiq9itqw,development,3
30,11332,49839,4ipXMfvaU_Q,UCCK3OZi788Ok44K97WAhLKQ,test_reserved,
30,11333,49840,MXRd6AbdjIg,UCCK3OZi788Ok44K97WAhLKQ,test_reserved,
30,11334,49858,52lEIGpTxYI,UCCK3OZi788Ok44K97WAhLKQ,test_reserved,
30,11335,49862,uUFCgJIuIFo,UCAH7R88V7gz7RqJv78nNOzg,development,3
30,11336,49868,vmGdifdVl9w,UCprmDoTgvTMCbo8CInSLBIA,test_reserved,
30,11337,49875,YeZSOIDbtV4,UCcijXxFzSXgoM6q9cCtT9PA,development,2
30,11338,49876,vHXTrI8EwU4,UCbS_glb2N1NVTrDLVryRbng,development,4
30,11339,49877,GmT5nH1lJ4c,UCP4Z7-uWZYIQBclex8M086A,development,5
30,11340,49881,rflFOFqWVZg,UCcbOsE5_4LEjtQi8X2PFxDw,development,2
30,11341,49882,QHFS6Pie-hA,UCckltLEhFLv8Xz_lQhYfwmg,development,1
30,11342,49889,qJIx7fj0VA8,UC1YGPDtctHGJWW0NrlQVklw,development,5
30,11343,49893,CIH15GakgiM,UCRDDfbYPHX_GUJ4lcQYTc8A,development,2
30,11344,49896,bcYufQa_-UM,UCkOBWuInZXAP0DT3iAT5hYw,development,4
30,11345,49897,Lcl7gCR0e9E,UCuJmg9Gw1uO-JGVLk9iACDw,development,2
30,11346,49903,KVpIxScyYJQ,UCUzsesaP5G628WVuqEckF8w,development,5
30,11347,49905,7LWRncz1zQk,UCckltLEhFLv8Xz_lQhYfwmg,development,1
30,11348,49920,6DFmkp0pKqI,UC4j4HUyjjgMALWnjN1v7z7A,development,4
30,11349,49922,ckSfHjfVItI,UCiP6DUi_wjUMfc4bo0yIusQ,development,2
30,11350,49927,M65aKzEh5aw,UCfbPqthcdo_1_KHyU4kMiRg,development,1
30,11351,49932,ztFHkSlaNN4,UC8qBNfgWRK_WYYGSmmrfgPA,development,4
30,11352,49933,m8jaKy20o9w,UCCK3OZi788Ok44K97WAhLKQ,test_reserved,
30,11353,49941,opRZfWF-iIc,UCLuP7ROjaueiuNbzrvPqXSQ,development,3
30,11354,49948,g81AJlW_pYU,UC4Pb9SEsCb1EpsXVYAVVajw,test_reserved,
30,11355,49959,I7k5bQQRvS0,UCOtYyt7W5PmPnwQjWWF_Z-Q,development,3
30,11356,49965,QqG9d1E1_X4,UCYFn7BOOlmL21iNJ6q5IDfg,development,5
30,11357,49967,ltdZZD3c0U8,UCQTcNhAZidy1i9wwmdgf2Lw,development,4
30,11358,49974,0asceWakllI,UCOtYyt7W5PmPnwQjWWF_Z-Q,development,3
30,11359,49978,UubaJSa7ooA,UCgooj1ufFuOk6GD2jq8CbdQ,development,2
30,11360,49979,MY__QX0kTTs,UCf48pki8AqjBHuV80LcC7kA,test_reserved,
30,11361,49991,rkOGr7fTH0s,UCh9qXeL8eP3Txra2908xksg,development,3
30,11362,49994,cNkaSuuXLvM,UCoZJaxWPeeGKZ6ShK5EsIkA,development,3
30,11363,49996,m5T8pncyo7I,UCUzsesaP5G628WVuqEckF8w,development,5
30,11364,49997,kqHtniZYU3Y,UCQIWzvLOlB4tu84TtOTJCGg,test_reserved,
30,11365,50003,7AfrkLhufTg,UCbS_glb2N1NVTrDLVryRbng,development,4
30,11366,50007,hfeTbzHJe04,UCA5xW2Ce7KT2AtxzDYDebCA,development,4
30,11367,50011,88zLKhuO_nA,UCckltLEhFLv8Xz_lQhYfwmg,development,1
30,11368,50012,bD6ft310m4s,UCBR9iW2qo_7LP9_9u3A2ZeQ,development,5
30,11369,50013,-iLh_hbj9iQ,UCOtYyt7W5PmPnwQjWWF_Z-Q,development,3
30,11370,50014,vQyjaFgEBCI,UCFGhJsc1ddSN8819LsMa90w,development,3
30,11371,50015,2B4HBjDU9Cg,UC6jQt9K_jqnBNtsRf7hXHsA,development,2
30,11372,50018,i38Wbr7iXhE,UCB3pmaew5i2Sp9LJe03BU8g,development,4
30,11373,50019,NQkrbyOw5Ok,UCGSDCIUEvUtO5wzIFtc4AgQ,test_reserved,
30,11374,50020,HjUd5p6Jk4Q,UC8lKgUHo-2mSR5cRRXO9xow,test_reserved,
30,11375,50028,YigVMHoHWOk,UCQTcNhAZidy1i9wwmdgf2Lw,development,4
30,11376,50032,XFJekiftzEc,UCcspHoBTj_aLhnJLwkMpWHQ,development,3
30,11377,50036,GHpCUb41xd0,UCbS_glb2N1NVTrDLVryRbng,development,4
30,11378,50043,p3vWidU5M0c,UCBJaPGaEaIjpYsYHDV0nMBw,development,3
30,11379,50046,lf3dOzxRugA,UCSSdxN7FMswC7GFnvVON-eQ,development,4
30,11380,50048,8vGhBT8najo,UC3cLeuBcLQ2vwEbVfdlfXyg,development,5
30,11381,50053,3sLj7zNn_3o,UCckltLEhFLv8Xz_lQhYfwmg,development,1
30,11382,50066,PBniD485ET8,UCCK3OZi788Ok44K97WAhLKQ,test_reserved,
30,11383,50075,T8Srx-H2r6A,UCYk97F4sCu3hEWp6YEH-Dow,test_reserved,
30,11384,50086,V2zQfSpTG4k,UCn0XmAUFv6d2tofMFEesSNw,development,5
30,11385,50091,mPhZ9gabEwI,UCjiEydGyKdx_An0FP_MT2uA,development,1
30,11386,50095,odterchYc80,UCV-q7cRK5yFYEFzWuoQOmQQ,development,4
30,11387,50105,o6m2MiJavSg,UCPXSUKHTNc1_hnHuj-UiQWQ,development,4
30,11388,50108,sVcmhHl6VEM,UCCK3OZi788Ok44K97WAhLKQ,test_reserved,
30,11389,50110,z6h_QJtnnN8,UCYmEcbCgb9yxZZJGH1rtn_Q,development,3
30,11390,50115,n17i_GHTX5o,UCSw_5fZrselH_au61zvIpJw,test_reserved,
30,11391,50118,2Yuwq8gMVog,UCKHgO2j1mqI5vFxJioRSPMQ,development,4
30,11392,50120,XSEAI11h2YI,UCijnIlxFiT_sCG1n--8_HEw,development,2
30,11393,50132,QGP1rK_gHZ0,UCg22fUwQQF-7Sf6-TIVIFrA,development,1
30,11394,50134,X_OesJ9zkIo,UCA5xW2Ce7KT2AtxzDYDebCA,development,4
30,11395,50138,0Pj6v7AAgHg,UC8rcDufKZ3W6CtZU69CtMXg,development,5
30,11396,50151,OvQAD83j81Q,UCm6FpVN_cg2tGqHVDc9QpMg,development,4
30,11397,50152,zSAnpcMWrYw,UC0uW127NmbWG0g-BnTltSHw,development,1
30,11398,50153,-4hpZbjWpsU,UCbS_glb2N1NVTrDLVryRbng,development,4
30,11399,50162,Pc31zFA0juQ,UCPdASwipemqGhpK-B-a12Ow,development,2
30,11400,50166,cdpu4kvm2Pk,UC2oGrNhMUyWu5yzEJ_j1PMA,test_reserved,
30,11401,50181,Rr2z68d2K1Q,UCcspHoBTj_aLhnJLwkMpWHQ,development,3
30,11402,50182,NcXN5PqVArk,UCKMHxntbjMQxwezTaVdDtFA,development,2
30,11403,50183,gsqle8pVGj8,UCckltLEhFLv8Xz_lQhYfwmg,development,1
30,11404,50193,Nl8LxBvNW8A,UCckltLEhFLv8Xz_lQhYfwmg,development,1
30,11405,50195,kYwk-oZDLos,UCHtTguUXuXNqadJm-iVG9rw,test_reserved,
30,11406,50206,0rGCubna21M,UCcwCsuV7bOpTfqf2UvLfYmg,development,2
30,11407,50214,B5k0HV9vpz8,UCcspHoBTj_aLhnJLwkMpWHQ,development,3
30,11408,50218,K_ARMfRuVw0,UCCK3OZi788Ok44K97WAhLKQ,test_reserved,
30,11409,50220,JHUeNSmQ9tI,UCoz7UhbfPFJyljIIV2saR7A,development,3
30,11410,50222,NwMsL2LW9Us,UCoNaQS6wefjNVFkwvxrzAYw,test_reserved,
30,11411,50230,pX8oan5sbHs,UCMayHG7j39d11Gh36vV7GnQ,development,3
30,11412,50233,7DB42LH2zMA,UCCK3OZi788Ok44K97WAhLKQ,test_reserved,
30,11413,50235,21fFs0sp8N4,UCnANUYmlChbeCOqyAE-Y80g,development,3
30,11414,50236,Y16Iu-SGRwg,UCVmBgx4kaIsOtMR1jK9AeAg,development,5
30,11415,50238,aOSjEO7IC-k,UCLuP7ROjaueiuNbzrvPqXSQ,development,3
30,11416,50257,fkEU72FRGOw,UCgnFSj7jQffD5V5m05j4dPw,development,5
30,11417,50258,HlJCM2cRnTs,UCckltLEhFLv8Xz_lQhYfwmg,development,1
30,11418,50259,H2_gUxhDEEA,UCrhkgHTUdZXbCd69TNuQuMg,development,4
30,11419,50263,QqH90V22mvQ,UCWrJW5qgCKGpYAxyMCp5Hxg,development,4
30,11420,50265,GWyRBlQ4ifk,UC8qBNfgWRK_WYYGSmmrfgPA,development,4
30,11421,50266,c-w1vY4YmFg,UCT83ymyAGm7Gnk_4ifxjxIA,development,4
30,11422,50276,GGiiu5Ypbqo,UCRjMnDOSBcoYlWHFLcHJAKA,test_reserved,
30,11423,50282,f76VFPANhSY,UCc30sTBdN9LRSxEuHaXV_bQ,test_reserved,
30,11424,50286,gSN_wvJFDag,UCx7lEnwLHxO9yPjOotGb-bA,development,2
30,11425,50296,OotlVLzoHnU,UCkagcQYGoYFuXsUg-ObSL6A,development,5
30,11426,50307,mKlQT7sMbkg,UCRDDfbYPHX_GUJ4lcQYTc8A,development,2
30,11427,50308,6-QlR3qY0tg,UCfQfw--8dPGypR7sGcXJz0w,development,5
30,11428,50310,cVYDa19cFVs,UCbS_glb2N1NVTrDLVryRbng,development,4
30,11429,50315,iT-3OVTAJs4,UCskNFH2e4ptFTkgeVmFPNhA,development,2
30,11430,50320,iaulDxnfWXw,UCcbOsE5_4LEjtQi8X2PFxDw,development,2
30,11431,50322,7P-iwkmuH5w,UCqrqt9Egbp4Voh3iEUUoorw,development,3
30,11432,50327,PxNjIiwqdLY,UCR3nGOOIQNxWyGFn8a0cIGw,development,1
30,11433,50331,hDnZE1nVshY,UCN5KMxQbOwIrbmJmsR4ojhA,development,4
30,11434,50332,vDwaAvmm5So,UC7e8LFxir9MCfTAf2XQbfaA,test_reserved,
30,11435,50338,SaJJJ7_pHpA,UCf2Iar2LDcFaSCnVH1ZMUkA,development,4
30,11436,50347,zMLnAyLF7Z4,UCaESx7Bdghv_UICcG1hBkcg,development,2
30,11437,50351,SrMp3NKsd5Q,UCD02fQ2jNzcVZPxeqiDQZXQ,development,2
30,11438,50355,IMJjL4IwK0U,UC8qBNfgWRK_WYYGSmmrfgPA,development,4
30,11439,50359,Y3lpg_h4HGc,UCV_4W6LL-Iwh0UaT_B6exQg,development,5
30,11440,50363,Wcs5lvlwTKQ,UC5fkr-uG2-yAEbwbJV-QIxg,development,1
30,11441,50366,eHwNI5yNyzU,UCA5xW2Ce7KT2AtxzDYDebCA,development,4
30,11442,50367,_nxheN6M_vA,UCRtDKbi59vMpicSLFT0J5mg,development,1
30,11443,50368,W4kwba1Zz8g,UCAH7R88V7gz7RqJv78nNOzg,development,3
30,11444,50375,pFPSw9zMQP4,UCckltLEhFLv8Xz_lQhYfwmg,development,1
30,11445,50381,8uTBmclwtFA,UCZWXOdFyxE0frP_uXHN_BJw,development,1
30,11446,50382,877OLNE1Kfo,UCckltLEhFLv8Xz_lQhYfwmg,development,1
30,11447,50390,bh13uaJKqig,UCtpFElVQJM8YgaMTwnEsU4g,development,1
30,11448,50401,L7FCth2pET0,UCCK3OZi788Ok44K97WAhLKQ,test_reserved,
30,11449,50406,pxXx6ai_UEs,UCQTcNhAZidy1i9wwmdgf2Lw,development,4
30,11450,50410,fYX9c51vRMw,UCrmzxiCDMV3hI56E9nYy-4A,development,4
30,11451,50416,CzQLMyIjklQ,UCgnFSj7jQffD5V5m05j4dPw,development,5
30,11452,50417,z0RWhbkcFGE,UC0tV1b7IFEXFUUILF7mAcWw,development,5
30,11453,50418,Wy_1iZTFVwU,UCsLoRcb3FvB-uK3F1_zqXbw,development,1
30,11454,50422,04Xn-H4970k,UCckltLEhFLv8Xz_lQhYfwmg,development,1
30,11455,50424,93OMs_1AY8c,UC8lnPnFllJsaOLMOQZRX5kA,test_reserved,
30,11456,50425,QqUvcpklYEc,UC5R7F4Mw_ZV1c4tYe4UKLIg,development,4
30,11457,50426,caaJ9TFGeFw,UCRK13WgCsr2N6y9cbeEq39g,development,3
30,11458,50432,k3kfid1nVnA,UCckltLEhFLv8Xz_lQhYfwmg,development,1
30,11459,50433,IKHrpMCX2uE,UCbS_glb2N1NVTrDLVryRbng,development,4
30,11460,50434,zlEE5dY--Yg,UCckltLEhFLv8Xz_lQhYfwmg,development,1
30,11461,50438,HARN57JdD-0,UCOtYyt7W5PmPnwQjWWF_Z-Q,development,3
30,11462,50440,ZnlnzPbI1yY,UCcijXxFzSXgoM6q9cCtT9PA,development,2
30,11463,50443,U0W2zlcOc_k,UCVqfoMNwM8SIpL6BMGTZbcA,development,5
30,11464,50446,f8-OPQd8iuY,UCV_4W6LL-Iwh0UaT_B6exQg,development,5
30,11465,50450,NpwksPs5Fs8,UCgnFSj7jQffD5V5m05j4dPw,development,5
30,11466,50453,LXXVjQpLOj8,UCAKbFSucxr0iLZDDkEp3gGw,development,1
30,11467,50454,rTevN4Lq-HA,UCa870dAVqsigV788JFDcFoQ,development,1
30,11468,50456,U2GSM3-fFrI,UC2v4JoyE3CHejL5sNbBdTqA,test_reserved,
30,11469,50457,IaFHRjgcJfM,UCvpO2ovuYdqZWHP0uIOOi1Q,development,5
30,11470,50458,ODESlE6Gekg,UCrhkgHTUdZXbCd69TNuQuMg,development,4
30,11471,50459,HwoB_aj_6Z4,UCbS_glb2N1NVTrDLVryRbng,development,4
30,11472,50462,sXoA1CPIb2A,UCn0XmAUFv6d2tofMFEesSNw,development,5
30,11473,50463,bBdpU6YDeDU,UCLNz9bgiJfM3ImTtYDOt8Ew,development,4
30,11474,50465,Ze9Zog_8Kng,UCIQ9OZNLnAZTySLZgUxbcQQ,development,2
30,11475,50467,K1ozKtND7G4,UCGUIJxToYLu79zr7YzpmZjg,development,5
30,11476,50468,Ua17k0vcFdw,UC8ZmvQOUKiu6SmICTXzjFnA,development,5
30,11477,50469,z0kxcfmmZkQ,UCckltLEhFLv8Xz_lQhYfwmg,development,1
30,11478,50471,hwOTzk8uiM4,UC4VkNi2RZSJyqXsFaJYfsPg,development,4
30,11479,50475,zFVG2kgzN68,UCes373iqg3EYZrnuhDWkfeA,test_reserved,
30,11480,50477,bNf5K8Nerys,UCOtYyt7W5PmPnwQjWWF_Z-Q,development,3
30,11481,50479,F7odoi_lieA,UCCK3OZi788Ok44K97WAhLKQ,test_reserved,
30,11482,50481,p2doXVHpWsU,UCbgjuk1jkUr_xe4tNGv35Qg,test_reserved,
30,11483,50484,IfTAmwKDjJ8,UCmwIKQQjwpjNT8OQ_VZuRfg,development,3
30,11484,50494,uQCypVEdNlU,UCmp1I1k6yNX-HqwfOFS2IPA,development,4
30,11485,50495,iUEvAoU40zw,UCP0FKFuz9j2Dp-QDr-Dv_0g,development,5
30,11486,50497,l5NvZRD8Fi4,UCUh8FFbl1BfRmzL9t4Fkykw,test_reserved,
30,11487,50502,8Jv556FM6Mg,UCbS_glb2N1NVTrDLVryRbng,development,4
30,11488,50506,V_bZUvm_b8U,UCKd4c6Ke8GsuUWf2BnOI4WA,development,5
30,11489,50510,6j7Pqbt6EaU,UCOtYyt7W5PmPnwQjWWF_Z-Q,development,3
30,11490,50512,3yscHuW-e7Q,UCCK3OZi788Ok44K97WAhLKQ,test_reserved,
30,11491,50516,9itGN0aPhh0,UCCK3OZi788Ok44K97WAhLKQ,test_reserved,
30,11492,50519,JH9-CixFdeo,UCUjrGH_aRUuOP-BGBAQyZOw,development,3
30,11493,50527,gcLpsnZtP_Q,UCGUIJxToYLu79zr7YzpmZjg,development,5
30,11494,50536,8yxFmA4-8Go,UCRK13WgCsr2N6y9cbeEq39g,development,3
30,11495,50537,Ry-h-iOsEMw,UCygAzvEJNqZmteflPb1bbGA,development,5
30,11496,50541,keYUdiJaSRA,UCd8gfzUAJZasd7wtit-fhBQ,development,4
30,11497,50542,X4rETN28ki0,UCjKSK3d5r0O78WGnMouSvDw,development,5
30,11498,50543,2PwGGdmHMZs,UCpamW3WJjX0CgjWGsBxIm2w,development,3
30,11499,50547,kcpklqdK-qE,UCn0XmAUFv6d2tofMFEesSNw,development,5
30,11500,50548,KieqMlDUkVE,UCfdBd-9WWZUv1h7d80Omy8g,development,2
30,11501,50550,RZ_KV52_k1k,UCCK3OZi788Ok44K97WAhLKQ,test_reserved,
30,11502,50553,_vsFge6J388,UCbS_glb2N1NVTrDLVryRbng,development,4
30,11503,50556,210kgWnBDNs,UCCK3OZi788Ok44K97WAhLKQ,test_reserved,
30,11504,50563,l_UMo8chxUo,UCf2Iar2LDcFaSCnVH1ZMUkA,development,4
30,11505,50565,yozwkciE30k,UCbXOp0vy6lljqmeaY6k4PjA,development,3
30,11506,50568,fNjk6-c4ZSg,UCM19g5ow7vLXDTYx_j9Z7VQ,test_reserved,
30,11507,50569,IwekG9qSJ28,UCAH7R88V7gz7RqJv78nNOzg,development,3
30,11508,50570,FK3hCKqW-Ok,UCn0XmAUFv6d2tofMFEesSNw,development,5
30,11509,50571,dYWZEt0aInU,UCOtYyt7W5PmPnwQjWWF_Z-Q,development,3
30,11510,50573,s1izBHrT9NU,UC5R7F4Mw_ZV1c4tYe4UKLIg,development,4
30,11511,50575,4ViamxsPY4c,UC1YGPDtctHGJWW0NrlQVklw,development,5
30,11512,50578,DmJVbQFxGFI,UCJc1hbJPvG5f2v8iSPG-3CA,test_reserved,
30,11513,50579,g21i0PpQwI8,UCPXSUKHTNc1_hnHuj-UiQWQ,development,4
30,11514,50582,C1zHyCWzPO8,UCKoBVjh6j8amPM6tw6Lb-cA,development,2
30,11515,50587,lxUY_aCloNs,UCCK3OZi788Ok44K97WAhLKQ,test_reserved,
30,11516,50602,MWzkWGliTJ4,UCCK3OZi788Ok44K97WAhLKQ,test_reserved,
30,11517,50613,sNUETXjBRyY,UCgnFSj7jQffD5V5m05j4dPw,development,5
30,11518,50615,_4x89FSShWg,UCOtYyt7W5PmPnwQjWWF_Z-Q,development,3
30,11519,50618,JvMkr-f1GYM,UCpErRATj-Z4ux1lAtBhdfbg,development,4
30,11520,50629,5mzjpGLmhXw,UC0PpMwS7QoLdbMAmgcopPEQ,development,1
30,11521,50633,8ShOmAdAOB8,UCckltLEhFLv8Xz_lQhYfwmg,development,1
30,11522,50634,B_BD_ZSNUko,UCCK3OZi788Ok44K97WAhLKQ,test_reserved,
30,11523,50639,hCh1hikM1tA,UCiitqGvliLalpXfO191ha0w,development,2
30,11524,50647,WrMs127-ZIs,UCjm7vbOwssao7Bhm9wX3-bw,development,3
30,11525,50660,yDSiEKrH418,UCgnFSj7jQffD5V5m05j4dPw,development,5
30,11526,50668,7pt1A6xDB48,UCckltLEhFLv8Xz_lQhYfwmg,development,1
30,11527,50674,YVpbNPdxw28,UCckltLEhFLv8Xz_lQhYfwmg,development,1
30,11528,50676,_5NnBkjpBhc,UC1YGPDtctHGJWW0NrlQVklw,development,5
30,11529,50678,dvuzgwnh3EU,UCfctDMDRq0cS1N8ddyvLfAg,development,4
30,11530,50680,4pfXTLzA0Dg,UCcspHoBTj_aLhnJLwkMpWHQ,development,3
30,11531,50682,kxbcljnDZqg,UCqrqt9Egbp4Voh3iEUUoorw,development,3
30,11532,50685,VkbYvF2WIwY,UCckltLEhFLv8Xz_lQhYfwmg,development,1
30,11533,50686,DbKr8dIuiNg,UCbS_glb2N1NVTrDLVryRbng,development,4
30,11534,50700,v_0PW7rsuIw,UCckltLEhFLv8Xz_lQhYfwmg,development,1
30,11535,50702,jb_FpbTHOvA,UC_K3CNn5jlFvgCx7cpKiCYA,development,1
30,11536,50705,uleIaSt-ssM,UCckltLEhFLv8Xz_lQhYfwmg,development,1
30,11537,50716,xBRRfzghr28,UCOtYyt7W5PmPnwQjWWF_Z-Q,development,3
30,11538,50719,pZcF2iCA6I8,UCprmDoTgvTMCbo8CInSLBIA,test_reserved,
30,11539,50737,VgG6UZ_C6zA,UCYk97F4sCu3hEWp6YEH-Dow,test_reserved,
30,11540,50739,y88ob4OGLlM,UCcijXxFzSXgoM6q9cCtT9PA,development,2
30,11541,50740,rcY9RKhq_h8,UCEieBVk2twUCVeoDDTeXo9Q,development,2
30,11542,50743,a0MFt_r7WME,UCCK3OZi788Ok44K97WAhLKQ,test_reserved,
30,11543,50744,7GaQFV3p4sk,UCcijXxFzSXgoM6q9cCtT9PA,development,2
30,11544,50747,m6YE56Zxums,UC324VVhYKykBv01GecF4aYg,development,5
30,11545,50748,qGwHrP3rmkc,UCCK3OZi788Ok44K97WAhLKQ,test_reserved,
30,11546,50754,PnXB4FexzeA,UCcijXxFzSXgoM6q9cCtT9PA,development,2
30,11547,50758,ajBXIwiqZ1s,UCckltLEhFLv8Xz_lQhYfwmg,development,1
30,11548,50761,LYmwkz4cKEo,UC6jQt9K_jqnBNtsRf7hXHsA,development,2
30,11549,50763,s4Mwwhb8YDw,UCIoyIVPZEfC2p0dQwAxGiEw,test_reserved,
30,11550,50766,gB-HiCcpCyI,UCfuND8HywiC1G1T5s1t6ElA,test_reserved,
30,11551,50767,ik6ecUYneVo,UCnkon33rksDXo3qChhTs5Vw,development,5
30,11552,50773,UzwJ9kEZWuw,UC8lKgUHo-2mSR5cRRXO9xow,test_reserved,
30,11553,50787,zI2rXc9yLug,UCn0XmAUFv6d2tofMFEesSNw,development,5
30,11554,50792,4p7qjvKx75w,UCCK3OZi788Ok44K97WAhLKQ,test_reserved,
30,11555,50801,NDErogqG3-E,UCckltLEhFLv8Xz_lQhYfwmg,development,1
30,11556,50803,HEkRzOAzuBA,UC8U5Mgl9nbkm5vOJ0SMtQgA,test_reserved,
30,11557,50815,MiBaF6v7YJk,UCckltLEhFLv8Xz_lQhYfwmg,development,1
30,11558,50816,GWBb9UJ_Lc4,UC12Go-EQ4E8Rjcj3nzVlzIA,test_reserved,
30,11559,50819,tgMC_QPU-F4,UCbS_glb2N1NVTrDLVryRbng,development,4
30,11560,50821,ur0J3NGQ7ls,UCu_uRk4D5klE6p_SBLVOWaQ,development,3
30,11561,50825,V-SFx2GJxjs,UCckltLEhFLv8Xz_lQhYfwmg,development,1
30,11562,50832,KmNEorKf8kQ,UC4FYm_MiOIzOpKUysPHR-8w,development,2
30,11563,50834,5S2XCdQFLLo,UCs_mHlm5_C82W5WCIJaSMbQ,test_reserved,
30,11564,50835,jon0FHRgRkQ,UCRB8mrLCcwTPlJOMUy9MDUg,development,2
30,11565,50839,J1dtI7VevR8,UCUzy2Hm-doo9o4bSfXG_CVQ,development,4
30,11566,50840,exRZnJrPA8Q,UCcijXxFzSXgoM6q9cCtT9PA,development,2
30,11567,50841,Iv9cyZOYjI0,UCgdaUnUmkHDpYCU0w2pR7Rw,development,2
30,11568,50844,6xx5f7fwOOo,UCt_fUooMgak5Ev6yI08x8IA,development,4
30,11569,50845,DM_0YaZcGPY,UCbR7juPwtP-bV_w0840ciYQ,development,3
30,11570,50846,GMxrjl0C0P0,UCAH7R88V7gz7RqJv78nNOzg,development,3
30,11571,50858,QtmvOTJlmqs,UCmbLoRYee0f4Bi4J1Ct8vRQ,test_reserved,
30,11572,50860,YktTu3Jr7Jo,UCP8e7Cg5xMHopflUKOFYl3Q,development,4
30,11573,50864,JhsqefPLrsY,UCxiQTjuj-FLgMSU5N9NA6aA,development,5
30,11574,50869,kJIYmVa0kF8,UCG0j1mTQov3RVBgLgh6wbKg,development,5
30,11575,50870,jG09CfI2WX0,UCcMQKrccZ9c0_GNyXWo8jLg,development,2
30,11576,50877,FpCyAPDhvHM,UCmqflTSJ6911aCrnaWIXxsA,development,3
30,11577,50887,wlfGb89L-P0,UC1YGPDtctHGJWW0NrlQVklw,development,5
30,11578,50888,07sYaRrzuUM,UCtbtihatpVC4YkcNvP6v4Vg,development,3
30,11579,50891,eXwyFr09tVU,UCJ_2uU4j7JtfmfsbL4dWVpw,development,4
30,11580,50901,b5wUWx4DF7o,UCP0FKFuz9j2Dp-QDr-Dv_0g,development,5
30,11581,50903,alazEY-dYZ8,UCaIc6SgS90ud_RgMSC6hW_w,test_reserved,
30,11582,50907,YMVtjGZzeF4,UCckltLEhFLv8Xz_lQhYfwmg,development,1
30,11583,50909,bJluen9-WsE,UCsvrW9k0uqrFMEXuF0HDgJQ,development,2
30,11584,50910,QAaqq6oUaMo,UCgooj1ufFuOk6GD2jq8CbdQ,development,2
30,11585,50915,xChG3kC4dzo,UCUz70SsT1TZzlwEqvSCpJRA,development,4
30,11586,50919,TSblddV7hQg,UCCK3OZi788Ok44K97WAhLKQ,test_reserved,
30,11587,50921,dkaVomRAWdk,UCc30sTBdN9LRSxEuHaXV_bQ,test_reserved,
30,11588,50923,0HFhnvkhdyM,UCnOdVtDQL3J0U-v2EVT7Gsg,test_reserved,
30,11589,50928,6RmRS_4dtkM,UCCK3OZi788Ok44K97WAhLKQ,test_reserved,
30,11590,50932,OjEJhw48uhY,UCckltLEhFLv8Xz_lQhYfwmg,development,1
30,11591,50933,3gEMh9eyN2U,UCckltLEhFLv8Xz_lQhYfwmg,development,1
30,11592,50941,bzX2aZpdrIU,UCckltLEhFLv8Xz_lQhYfwmg,development,1
30,11593,50946,uWpVV3uVcxM,UCbS_glb2N1NVTrDLVryRbng,development,4
30,11594,50949,NKoIZsK6G8M,UCcbOsE5_4LEjtQi8X2PFxDw,development,2
30,11595,50950,hK-cuWy1hsY,UCT83ymyAGm7Gnk_4ifxjxIA,development,4
30,11596,50954,8uGTaDPahdE,UCCbm1E52PV05ZLv6dtRB92Q,development,5
30,11597,50955,9QQDs3HXE6M,UCcijXxFzSXgoM6q9cCtT9PA,development,2
30,11598,50958,7JPefha2AJ8,UC1YGPDtctHGJWW0NrlQVklw,development,5
30,11599,50969,nqjLkZbvzVI,UCgnFSj7jQffD5V5m05j4dPw,development,5
30,11600,50970,Xu6BEQQdSXA,UC8ZmvQOUKiu6SmICTXzjFnA,development,5
30,11601,50973,YCQJ3ULE-ac,UCVwEHCzHFsn8_5LhjMFqSiA,development,5
30,11602,50976,Lz8jYSBj1Iw,UC62QgaEe8YqmCcxbeyxQg9w,development,3
30,11603,50982,xJ1aaxbjLMM,UCcijXxFzSXgoM6q9cCtT9PA,development,2
30,11604,50984,0tgJBRHt2ps,UCCK3OZi788Ok44K97WAhLKQ,test_reserved,
30,11605,50995,0C4Uk9rbaYI,UC8qBNfgWRK_WYYGSmmrfgPA,development,4
30,11606,51001,hCXlCeCeuVM,UCciZtQ60IYF1mPhjMxk7Z1w,development,5
30,11607,51002,hC_gffWjCFI,UCRJcNfmSJ0jOwKw270tEkAw,development,5
30,11608,51003,KP33uwee8Yk,UCbR7juPwtP-bV_w0840ciYQ,development,3
30,11609,51008,xiJm8urpcOs,UCbslldG51NumaG5QqgYSdtg,development,4
30,11610,51010,k-T9IemZBCc,UCILFY0DK2vcnnnTAgWrX-xw,development,5
30,11611,51013,UEfSQ9RS6Ts,UCuW9OiaVwvoOraW1Jcc3_uA,development,2
30,11612,51022,PivKvAvXBnQ,UCgoCbMJ4JnH0q40GofKZxVg,development,3
30,11613,51026,EVXHvTPAA6I,UCcijXxFzSXgoM6q9cCtT9PA,development,2
30,11614,51027,NY2bdeFn5rA,UCmKxhMStMwZZ1gdOg1YZQug,development,4
30,11615,51033,rne5Zo6iB40,UC22LfvKY_7Ibkt5I5wFqwfg,development,4
30,11616,51037,8V15jobFoPk,UC7jNYrQQr_GnMWLe6bGRi2A,test_reserved,
30,11617,51041,DLd04GorAtE,UCDqy-V3qY-xtSmiRHlZIWWQ,development,5
30,11618,51046,XQ--mTkgtAY,UC4oZv7iatCbhEp6ehMMbhAg,development,5
30,11619,51051,35gwv-BPtro,UCfxrtRajRgkbSCct-w7jErQ,development,3
30,11620,51053,fpVVKQpAbro,UCvfwXFsI8J-iRMpG1SE8lgw,test_reserved,
30,11621,51055,kHpB6FrV1Bs,UC324VVhYKykBv01GecF4aYg,development,5
30,11622,51060,A3Mzji1kR64,UCckltLEhFLv8Xz_lQhYfwmg,development,1
30,11623,51061,ScCGF4qlbyU,UC6jQt9K_jqnBNtsRf7hXHsA,development,2
30,11624,51065,oIpNfDFy-ZU,UCCDDsanm6kVSg-eiNiO8hiA,development,1
30,11625,51073,-tO6a0A7FYU,UCUh8FFbl1BfRmzL9t4Fkykw,test_reserved,
30,11626,51076,tMHGZzzsrk8,UCPXSUKHTNc1_hnHuj-UiQWQ,development,4
30,11627,51083,a9G9UcMjeEQ,UCckltLEhFLv8Xz_lQhYfwmg,development,1
30,11628,51087,wNbkcVEPL5I,UCQTcNhAZidy1i9wwmdgf2Lw,development,4
30,11629,51091,idjf1ODZXaM,UC265AWt6bbPKJcmpQwhif2A,development,3
30,11630,51097,rU7qgskXGyY,UCP4Z7-uWZYIQBclex8M086A,development,5
30,11631,51101,ZwnD0OhSnOM,UCuJmg9Gw1uO-JGVLk9iACDw,development,2
30,11632,51104,qNmibAx-wq4,UCXm0FsS7PXy0w5HeOkYMi7Q,test_reserved,
30,11633,51106,d8jKoFB5X7A,UCgFSgMsvgRRq4xDjmmf4LUw,test_reserved,
30,11634,51108,cWJ8xCAO2Xo,UCq3WWAoJj0DOQC3G7ri1cug,test_reserved,
30,11635,51110,5zGRmOg2VmU,UCckltLEhFLv8Xz_lQhYfwmg,development,1
30,11636,51112,Mr8_oUaszhU,UCgnFSj7jQffD5V5m05j4dPw,development,5
30,11637,51115,mAgk0roXVUc,UCaIc6SgS90ud_RgMSC6hW_w,test_reserved,
30,11638,51124,UnDQ13p7fxU,UCf2Iar2LDcFaSCnVH1ZMUkA,development,4
30,11639,51132,B6yCe0or3hQ,UCs2n9rcT5RTQRJZWRx-2F3g,development,5
30,11640,51134,YSRcpDArtCY,UCOtYyt7W5PmPnwQjWWF_Z-Q,development,3
30,11641,51148,Dmp_NbdMQkw,UCn0XmAUFv6d2tofMFEesSNw,development,5
30,11642,51150,nrsNLzfJu2U,UCUa0a5l56H0xre3SljFYRgw,development,4
30,11643,51155,54rv3hnKfks,UCL-TetUXLuL3nvjmvruroeQ,test_reserved,
30,11644,51157,lyrTMYzgj7w,UCILFY0DK2vcnnnTAgWrX-xw,development,5
30,11645,51160,UZnRNj5BmFg,UCDAkUKRB1pkb-s3Gqv7FZ7A,development,2
30,11646,51164,gTN1E63hRzo,UCcijXxFzSXgoM6q9cCtT9PA,development,2
30,11647,51170,gmMmUCHC7pU,UCc30sTBdN9LRSxEuHaXV_bQ,test_reserved,
30,11648,51182,tXc-clUjNM8,UCNEf722QEvvmyGaT0HsKxRQ,test_reserved,
30,11649,51184,POXaWxZWZLY,UCqrqt9Egbp4Voh3iEUUoorw,development,3
30,11650,51186,rtgL1bKSeEQ,UCvZ8sPFxYngz2JN3DG93fOw,development,4
30,11651,51189,BQu940Vy-mk,UCq5SmrhSWmp89RR1JpO2z8Q,development,5
30,11652,51191,hyO6OEE1sDU,UCVqfoMNwM8SIpL6BMGTZbcA,development,5
30,11653,51194,sds1dTSDtxo,UCz84dcspzky4K9dlmsP7K8Q,development,5
30,11654,51195,zrqkDlSfY7Q,UC7di5zivMKpYOmhyhZ2nVvg,development,4
30,11655,51210,Sfsr5A9sW18,UCO_66skZM2AyW8lgXawoPiw,development,4
30,11656,51211,cRYlnq999m8,UClhsn2Ru4_4s2IJ0KrCkQ3w,development,2
30,11657,51213,WmLA2Az6A8M,UCIKg0Ev6Vq2M7hU7bL_jHFQ,development,3
30,11658,51214,9yU25576d48,UCuJmg9Gw1uO-JGVLk9iACDw,development,2
30,11659,51215,3dgbmklLYP0,UC4hd4Gkr9VXuyMUvWNn1lEw,development,5
30,11660,51227,BwSfj1nStiM,UC80S9x_1mLIq3Q21dG-iy5A,development,3
30,11661,51234,SXdgxjCb0fc,UC0554zf4RvVkxwt_tS4Wx_g,test_reserved,
30,11662,51235,AXxhCTyCTx4,UCOtYyt7W5PmPnwQjWWF_Z-Q,development,3
30,11663,51246,XY526MwSJY4,UCWO2tL69FZ9ckckHcAa18Ug,development,4
30,11664,51248,c6NSK75WwoQ,UCfQfw--8dPGypR7sGcXJz0w,development,5
30,11665,51253,jdqos08OFVo,UCh9qXeL8eP3Txra2908xksg,development,3
30,11666,51256,kwnC4tCnsUA,UCkagcQYGoYFuXsUg-ObSL6A,development,5
30,11667,51266,8GvLEU02OjQ,UCjm7vbOwssao7Bhm9wX3-bw,development,3
30,11668,51267,NEm80nzD6Zo,UCrVFS_0PdV7AwyTgR13IcVg,test_reserved,
30,11669,51269,R5OeGaUszr8,UCCK3OZi788Ok44K97WAhLKQ,test_reserved,
30,11670,51270,k5xHpR02OSQ,UCaESx7Bdghv_UICcG1hBkcg,development,2
30,11671,51286,IWKDZ1V0pNI,UCIKg0Ev6Vq2M7hU7bL_jHFQ,development,3
30,11672,51290,ln2vcntxzAE,UCckltLEhFLv8Xz_lQhYfwmg,development,1
30,11673,51304,f9E5E9T-crk,UCLNz9bgiJfM3ImTtYDOt8Ew,development,4
30,11674,51306,iwB7UDQkXKg,UC9mVbiRT4STi4TmCNJ89O9w,test_reserved,
30,11675,51309,RyuKsGg2rnQ,UCCbm1E52PV05ZLv6dtRB92Q,development,5
30,11676,51312,VdbHZQ5rWm8,UCgnkk8P4G9yQFuRl0dEO1HQ,development,2
30,11677,51313,qTlyRXJuSHM,UCdgWTRipbTuQsIiiPb6fB-A,development,5
30,11678,51315,QbneWaMLNLo,UCPXSUKHTNc1_hnHuj-UiQWQ,development,4
30,11679,51316,2OPa8XS1dvI,UCckltLEhFLv8Xz_lQhYfwmg,development,1
30,11680,51322,jw856aZzDcY,UCXFiIVHYqQmgpmIi7KChMkQ,development,1
30,11681,51327,aqIzrk5Pp0o,UCc30sTBdN9LRSxEuHaXV_bQ,test_reserved,
30,11682,51328,Z5AbFKh-QJ4,UCNJq7z4rYDfvXvgWKt6KOvw,development,5
30,11683,51330,usjAMGsMalA,UC_nEV-E7z5c250hGJaf5c0A,test_reserved,
30,11684,51333,vVHMm0e_ugQ,UCckltLEhFLv8Xz_lQhYfwmg,development,1
30,11685,51337,HWYVtScgFIo,UC9ydRoXpQVhwb3sM7VY8xNg,development,3
30,11686,51345,TrjplVQfmsg,UC55ZUgpS4-bUNhFtuDt4jqQ,test_reserved,
30,11687,51349,tNcP5c8P0Uc,UCl5xacxsAhltNGtiMktd_Sg,development,4
30,11688,51351,iGfyWfHTrOc,UCPXSUKHTNc1_hnHuj-UiQWQ,development,4
30,11689,51353,RhaUhELisTg,UCskNFH2e4ptFTkgeVmFPNhA,development,2
30,11690,51354,hb1OEUkEwaA,UCgnFSj7jQffD5V5m05j4dPw,development,5
30,11691,51355,sgQPLKb_xc4,UCV-q7cRK5yFYEFzWuoQOmQQ,development,4
30,11692,51356,0ygt68kd2rc,UCaESx7Bdghv_UICcG1hBkcg,development,2
30,11693,51361,ttVWHaU0y9k,UCgnFSj7jQffD5V5m05j4dPw,development,5
30,11694,51363,yHHcHttVFXo,UCcijXxFzSXgoM6q9cCtT9PA,development,2
30,11695,51365,5dSyYGOuU98,UCcwCsuV7bOpTfqf2UvLfYmg,development,2
30,11696,51366,Jj4aE09cwUM,UC7SpeEKCvhjtxa4VX2sHA1Q,development,5
30,11697,51370,T535mIAhN0U,UCPXSUKHTNc1_hnHuj-UiQWQ,development,4
30,11698,51372,JCWjfz4UoQw,UCckltLEhFLv8Xz_lQhYfwmg,development,1
30,11699,51375,sqZPqBmGDKs,UCI4G8yzM1Q9cETCSzxfgYyA,development,2
30,11700,51376,9rnDmBwknbM,UCaIc6SgS90ud_RgMSC6hW_w,test_reserved,
30,11701,51385,cah-bILEXAI,UCaESx7Bdghv_UICcG1hBkcg,development,2
30,11702,51390,xiJ4GMgFyvk,UCOtYyt7W5PmPnwQjWWF_Z-Q,development,3
30,11703,51393,peGOMHrYXiY,UC7-BodqPOzDwzbtgz3kxfZw,development,5
30,11704,51395,Iw4UuLuhEsU,UCr5BVR_ePEz_9V-KF5rSEmQ,test_reserved,
30,11705,51403,Q6aMLDcq3MQ,UCg22fUwQQF-7Sf6-TIVIFrA,development,1
30,11706,51404,uDiy7Lmp6bk,UCRaLvUrrj_901Anrljs1F2g,development,2
30,11707,51407,1U44sMseyKo,UC-B9e7r2XmQBmB-hzpw7xEA,development,5
30,11708,51409,iHYoOzXCElU,UC8lKgUHo-2mSR5cRRXO9xow,test_reserved,
30,11709,51410,H8SIF1tLXCk,UC_AuTY5qqpUUYFLSDQIbOsg,development,4
30,11710,51411,e1MU-T3u4Ks,UCRK13WgCsr2N6y9cbeEq39g,development,3
30,11711,51413,p5NI1TdHHW8,UCvZpRt_4T2NlC9111RxNBug,development,2
30,11712,51415,z4QVuQAezME,UCckltLEhFLv8Xz_lQhYfwmg,development,1
30,11713,51417,iWhPTzMhvho,UCckltLEhFLv8Xz_lQhYfwmg,development,1
30,11714,51418,oYBUo5fk9D0,UC0554zf4RvVkxwt_tS4Wx_g,test_reserved,
30,11715,51420,-AkgKkZKt-o,UCUxrelp7FHiIj9SNfzWdh_A,development,5
30,11716,51424,QnukIAWmDNQ,UC6jQt9K_jqnBNtsRf7hXHsA,development,2
30,11717,51425,aIOFTNNn2_Q,UCckltLEhFLv8Xz_lQhYfwmg,development,1
30,11718,51427,fsgjMJPdBy0,UC22LfvKY_7Ibkt5I5wFqwfg,development,4
30,11719,51428,LHrpa4l2_xw,UCn0XmAUFv6d2tofMFEesSNw,development,5
30,11720,51429,8fy4D7WvAo0,UCCbm1E52PV05ZLv6dtRB92Q,development,5
30,11721,51430,5_Ti9-le9Gk,UCc30sTBdN9LRSxEuHaXV_bQ,test_reserved,
30,11722,51432,hH4L2QEIGB8,UC2PXUxzmQE8jNanGxwndSjw,development,2
30,11723,51436,dykhN1duwZA,UCYNv_RN_4R-wm_G69MDF4Ig,test_reserved,
30,11724,51441,WAeV-wHb2kA,UCvcVb1fcd-asMSL6-CeOgNw,development,1
30,11725,51442,RLuA6_fD1Ss,UCPdASwipemqGhpK-B-a12Ow,development,2
30,11726,51445,LulNjiZlOlw,UCCK3OZi788Ok44K97WAhLKQ,test_reserved,
30,11727,51446,jYJhKZyc-EU,UC0BAorC0bVj4GwSER21KmkQ,development,1
30,11728,51447,NGrch6z8sGM,UCcijXxFzSXgoM6q9cCtT9PA,development,2
30,11729,51452,NRes0iQaH-s,UCgnFSj7jQffD5V5m05j4dPw,development,5
30,11730,51455,Ft2q-Et0LHM,UCckltLEhFLv8Xz_lQhYfwmg,development,1
30,11731,51457,7b9af_TKAO8,UCwt4zdWrmnBpglCHb1ArREA,development,4
30,11732,51462,8rcBTEv-knQ,UCkl2iKEW9ltlrBOjzCNJgzw,development,3
30,11733,51472,JCqsdfGb87o,UCcijXxFzSXgoM6q9cCtT9PA,development,2
30,11734,51477,NbviZBDNFs0,UCPXSUKHTNc1_hnHuj-UiQWQ,development,4
30,11735,51482,WsWafWSr_kI,UCylhkgEGRNcr-hWRfx8KxzA,development,4
30,11736,51484,G1CSt6OoO_A,UCbS_glb2N1NVTrDLVryRbng,development,4
30,11737,51494,7O4CIXsL0zw,UCYk97F4sCu3hEWp6YEH-Dow,test_reserved,
30,11738,51501,-IufwfmqPIU,UCt1uMmva5HBK0qu1hTGGvzA,development,3
30,11739,51506,zqzMQdp3z-c,UCZviWuwUI9NuYnQpO9sqLQA,development,1
30,11740,51510,WTxRaVYgQBc,UCkagcQYGoYFuXsUg-ObSL6A,development,5
30,11741,51514,EU_FTTustr8,UC7U7rMM_l97Zl6GbRC2lLqA,development,2
30,11742,51518,ktC1TLLdwOo,UC0tV1b7IFEXFUUILF7mAcWw,development,5
30,11743,51535,nTsldwXg9Zk,UCzO0Ody4SmI_XFRrXW848eA,development,2
30,11744,51537,2kbfw3N0faY,UCw3UDSrbKod4Gk_rSpA5gqw,development,3
30,11745,51540,tYmTTF8BHoo,UCRDDfbYPHX_GUJ4lcQYTc8A,development,2
30,11746,51544,z5HqmT88vF4,UCPfU0uygBGutjaaJU5PpEvg,development,2
30,11747,51553,U5TQv5MJbqs,UCVJBgDJMJ3wDsSUb4iEHyKg,development,1
30,11748,51554,wvBoGD_XeFQ,UC5-n2dfksESEt3ATmM6Uujw,test_reserved,
30,11749,51556,c1wcqpVBnWo,UCbS_glb2N1NVTrDLVryRbng,development,4
30,11750,51560,e2angL6ALrk,UCn0XmAUFv6d2tofMFEesSNw,development,5
30,11751,51562,Qmk6Hijlxk0,UCn0XmAUFv6d2tofMFEesSNw,development,5
30,11752,51573,zism_VKk54A,UCXLyL2Fg5DZouTYsYtRT0WQ,development,2
30,11753,51576,H4cGf3NkMJM,UCaESx7Bdghv_UICcG1hBkcg,development,2
30,11754,51581,oS0MoUY8zHk,UC3tvYy-s84yySG7V85jRDnA,development,4
30,11755,51582,kqNI0uwodgQ,UCcijXxFzSXgoM6q9cCtT9PA,development,2
30,11756,51585,OkuEqd7ZgIo,UCsAPX_-Yu9O_3dJu0aUj_BA,development,4
30,11757,51593,RaRw4ElPl1M,UCCK3OZi788Ok44K97WAhLKQ,test_reserved,
30,11758,51594,2P9YQ4fCK6k,UCh2Xwe7on2Oa2MBtk8zvEuw,development,3
30,11759,51605,dTshyrBo410,UCM3bQBUJ0PEbgfe9lAw_Y3Q,development,3
30,11760,51609,jxLPMxok3vg,UCkagcQYGoYFuXsUg-ObSL6A,development,5
30,11761,51622,0Hn6KT57b9g,UCckltLEhFLv8Xz_lQhYfwmg,development,1
30,11762,51632,XjfkzHTgVL8,UCCK3OZi788Ok44K97WAhLKQ,test_reserved,
30,11763,51634,ddjG_mg_3pQ,UC-InXGUDXmIVAZG7efBiU7A,development,1
30,11764,51642,CRnS5XG3OEs,UCcspHoBTj_aLhnJLwkMpWHQ,development,3
30,11765,51646,NcLt2nozfa0,UCjm7vbOwssao7Bhm9wX3-bw,development,3
30,11766,51665,xAXQ3eqXY_E,UC87goh34oNbvOH468hyfQVg,test_reserved,
30,11767,51677,ocPghhge2No,UCCbm1E52PV05ZLv6dtRB92Q,development,5
30,11768,51693,xpEW8-nJyiU,UCNEf722QEvvmyGaT0HsKxRQ,test_reserved,
30,11769,51694,E7q43gmX1H0,UCCK3OZi788Ok44K97WAhLKQ,test_reserved,
30,11770,51701,A-DOF5oOwN8,UCP_mlkQcJaUoT0pnfsKiEAw,test_reserved,
30,11771,51702,k6w591FTldw,UCCK3OZi788Ok44K97WAhLKQ,test_reserved,
30,11772,51705,EbPreP_BnTI,UCc30sTBdN9LRSxEuHaXV_bQ,test_reserved,
30,11773,51707,oA5tTx1L7yA,UCAH7R88V7gz7RqJv78nNOzg,development,3
30,11774,51723,zSe3TZegs28,UCAH7R88V7gz7RqJv78nNOzg,development,3
30,11775,51725,-PbBMmXhBLE,UC5fkr-uG2-yAEbwbJV-QIxg,development,1
30,11776,51729,Z5s_wyRrWBU,UCkLQJFBnqzhJCAvqn99hRUg,development,4
30,11777,51730,xQjY2DIhR_o,UC1YGPDtctHGJWW0NrlQVklw,development,5
30,11778,51734,7ZoKwfLtrpY,UCh9qXeL8eP3Txra2908xksg,development,3
30,11779,51735,QxY0dJnatBc,UCixHOFltSlDzQezAiDC--wg,development,1
30,11780,51748,k77QT-27gaE,UCQTcNhAZidy1i9wwmdgf2Lw,development,4
30,11781,51751,d3l-2MzDp7I,UCckltLEhFLv8Xz_lQhYfwmg,development,1
30,11782,51753,-SizMtSc9Is,UCE_uaeRZwW7roZqYO31iDWg,development,1
30,11783,51754,q5funMsVPi8,UCcijXxFzSXgoM6q9cCtT9PA,development,2
30,11784,51756,OveKTbUew8w,UCckltLEhFLv8Xz_lQhYfwmg,development,1
30,11785,51763,TQMbsNq4rWo,UCgnFSj7jQffD5V5m05j4dPw,development,5
30,11786,51765,ZJKuNYk_UMk,UCcspHoBTj_aLhnJLwkMpWHQ,development,3
30,11787,51769,DwXLUsL0ZCw,UCaESx7Bdghv_UICcG1hBkcg,development,2
30,11788,51786,GfszcFeZg3M,UCgnFSj7jQffD5V5m05j4dPw,development,5
30,11789,51787,OVGArPF_Y2Q,UCCK3OZi788Ok44K97WAhLKQ,test_reserved,
30,11790,51790,7KP5Wbjbkvk,UCgnFSj7jQffD5V5m05j4dPw,development,5
30,11791,51792,zYPXd2LZ8aE,UCCK3OZi788Ok44K97WAhLKQ,test_reserved,
30,11792,51797,2YDqOk9Ptec,UCtEz7PSfmMS8lL1tzI3k9ZA,test_reserved,
30,11793,51802,bYFG0aLpPas,UCgnFSj7jQffD5V5m05j4dPw,development,5
30,11794,51805,MfFIJRsuyUw,UCidNC9-9DsHj3FmP5N42Lqw,test_reserved,
30,11795,51817,lrZFGsXRgUE,UCsGsDaPTOt6VXRPF2FyAJ4g,development,4
30,11796,51828,9vxIwBJbcLw,UCaZNRV75Ab-RXOGATOKwqCA,development,1
30,11797,51833,4pBcJqE4LDA,UCl5xacxsAhltNGtiMktd_Sg,development,4
30,11798,51836,rJ96A7oEf8Y,UCqrqt9Egbp4Voh3iEUUoorw,development,3
30,11799,51837,v947CTfLA7w,UCJojbxGV0sfU1QPWhRxx4-A,development,1
30,11800,51844,a5Fo_mNgg7Q,UCG3QSJwsRV2nH5Fo3eoYlOA,development,4
30,11801,51845,ycsQ16OrSU8,UCe_1wWkwMKLFbZb898qISNQ,test_reserved,
30,11802,51851,VmzDMC-_5xI,UCuW9OiaVwvoOraW1Jcc3_uA,development,2
30,11803,51853,0_AMsBYpKT4,UC324VVhYKykBv01GecF4aYg,development,5
30,11804,51856,4Q7emyF5R9U,UCWtVXNcUkzqMmx0dQw2wh1Q,development,2
30,11805,51861,oaEBS99qokY,UCcspHoBTj_aLhnJLwkMpWHQ,development,3
30,11806,51864,Sjj_ByzXdtI,UCOtYyt7W5PmPnwQjWWF_Z-Q,development,3
30,11807,51866,VnRkL6rVHq0,UCgnFSj7jQffD5V5m05j4dPw,development,5
30,11808,51871,E2UTiJ9wcZc,UCnd3nepI0YPYVA8DyDrg08g,test_reserved,
30,11809,51881,C3h3u9bvRyA,UCRDDfbYPHX_GUJ4lcQYTc8A,development,2
30,11810,51896,hxEBu9GTrNU,UCcijXxFzSXgoM6q9cCtT9PA,development,2
30,11811,51898,wRtEcG7RY0E,UCiR8kH7EvdjJGp41a9KIfsQ,development,3
30,11812,51901,AUKS_57vGS0,UCOtYyt7W5PmPnwQjWWF_Z-Q,development,3
30,11813,51906,lYPbnvqYnNo,UCTlLpPddpcW0ee6y4z9stKA,development,2
30,11814,51907,NWtRCXfSI4w,UCOtYyt7W5PmPnwQjWWF_Z-Q,development,3
30,11815,51908,pPLZJ8KlXwA,UClSIhhnuyF8fXtBTpOOTknA,development,2
30,11816,51917,f__GVsXsE-s,UCAH7R88V7gz7RqJv78nNOzg,development,3
30,11817,51924,q2RJ5-RKvpQ,UCiAYv_QAosB-49bJbu3NM3A,test_reserved,
30,11818,51929,4u1J_fCOCfw,UCbR7juPwtP-bV_w0840ciYQ,development,3
30,11819,51934,QRPJBpvyX6A,UCwRAPq0zLdVsb440xKGBx2w,development,1
30,11820,51935,0ZRjh34NUoU,UC1YGPDtctHGJWW0NrlQVklw,development,5
30,11821,51937,XtJmCT9tI9I,UCckltLEhFLv8Xz_lQhYfwmg,development,1
30,11822,51942,2De8TkswME0,UCacIRbbu-hgx4sRW6tZPRoQ,test_reserved,
30,11823,51949,DZXZRVDAxGY,UCOtYyt7W5PmPnwQjWWF_Z-Q,development,3
30,11824,51951,SbVErQzo1x4,UCTa7XGYF8a8jFVozt8rEIlw,development,2
30,11825,51957,5BiyVBysWpk,UCZNreSxdvd50nzMz5zkXg4w,development,5
30,11826,51958,JVIIcbWkXXE,UCMk3TZ_MvwlPbSYp_1FScrw,development,2
30,11827,51960,8oeamdKGgXo,UCIoyIVPZEfC2p0dQwAxGiEw,test_reserved,
30,11828,51961,k2bdOai8jRA,UCbS_glb2N1NVTrDLVryRbng,development,4
30,11829,51963,ZUxo4knFnow,UC1YGPDtctHGJWW0NrlQVklw,development,5
30,11830,51964,BMlgs4NKqHQ,UC5_ZwjhsY8cjQqXvz2wd8vw,development,1
30,11831,51966,bdokl2XCJo8,UCc30sTBdN9LRSxEuHaXV_bQ,test_reserved,
30,11832,51971,9EyBq3wUcIw,UCCK3OZi788Ok44K97WAhLKQ,test_reserved,
30,11833,51973,xNYZO_EXVoE,UCVWqZXv-sjeFu5jKbQ1cA-Q,development,1
30,11834,51984,qi-IrVW2mLE,UCAH7R88V7gz7RqJv78nNOzg,development,3
30,11835,51986,mLQBWwy9krY,UCKoBVjh6j8amPM6tw6Lb-cA,development,2
30,11836,51988,P6VaRjy5K3o,UC5-n2dfksESEt3ATmM6Uujw,test_reserved,
30,11837,51992,fo3ruS8sHRA,UCOtYyt7W5PmPnwQjWWF_Z-Q,development,3
30,11838,51994,ar4r-3zDiX8,UC4EtZkAiRfpNl1QRxWTuXaA,development,4
30,11839,51997,el4PfQKgg64,UCidNC9-9DsHj3FmP5N42Lqw,test_reserved,
30,11840,52005,iyuFkBEHVuo,UCckltLEhFLv8Xz_lQhYfwmg,development,1
30,11841,52007,T-79omWBnpM,UCCK3OZi788Ok44K97WAhLKQ,test_reserved,
30,11842,52008,O1o8s1F5dgY,UCwH5wSFcuXiR_qYFMbl6S7A,test_reserved,
30,11843,52020,2v4739UNGn0,UCxyOEiDidNJQGoMJXjOVW7A,development,2
30,11844,52024,eL2XhwIY5P4,UCkXjFNkQdPUGCXGvwqAx7og,development,4
30,11845,52026,hYftYsBLf98,UC5lT7mnrszE3L2UdcpnFVhw,development,1
30,11846,52027,dG6tYO4HqfM,UCu_ocDeJ-wty_Y1IiittaBA,test_reserved,
30,11847,52030,YAqQiTUS7II,UCckltLEhFLv8Xz_lQhYfwmg,development,1
30,11848,52033,1rTzMLB78aM,UC6aSX46078fvOY9bY9ZUTYw,development,4
30,11849,52038,Whi4-WpqA6I,UCbS_glb2N1NVTrDLVryRbng,development,4
30,11850,52051,-dJtsH1uRCE,UC0tV1b7IFEXFUUILF7mAcWw,development,5
30,11851,52053,1o-FGqi5wkE,UCCK3OZi788Ok44K97WAhLKQ,test_reserved,
30,11852,52058,cRa618SP-lA,UCh9qXeL8eP3Txra2908xksg,development,3
30,11853,52060,rafjOLH4h4E,UC8rcDufKZ3W6CtZU69CtMXg,development,5
30,11854,52064,GYgbprES7Pg,UCS_15xnauWC12xoiX6XxmLA,test_reserved,
30,11855,52066,K2VzMlXveog,UC12Ujt77-UFGXPAalKwuXDg,development,2
30,11856,52072,qqlldLqiNcM,UC0uW127NmbWG0g-BnTltSHw,development,1
30,11857,52073,wCrRgygNv94,UCQTcNhAZidy1i9wwmdgf2Lw,development,4
30,11858,52081,7bO8A-t6kAs,UCcbOsE5_4LEjtQi8X2PFxDw,development,2
30,11859,52085,NZf9yT0YCTY,UC28E5W1CJPbQxAQl9tFfzTA,test_reserved,
30,11860,52088,H0bgv7fmQdo,UCbS_glb2N1NVTrDLVryRbng,development,4
30,11861,52089,usOZk4noE18,UCgnFSj7jQffD5V5m05j4dPw,development,5
30,11862,52090,a4hrQ32ZDS0,UCgnFSj7jQffD5V5m05j4dPw,development,5
30,11863,52095,q2k8ty2bySQ,UCLuP7ROjaueiuNbzrvPqXSQ,development,3
30,11864,52099,jZHghn-_sOw,UCbS_glb2N1NVTrDLVryRbng,development,4
30,11865,52103,WUqbtkQ9pZU,UCcijXxFzSXgoM6q9cCtT9PA,development,2
30,11866,52135,erysPsyWsZo,UCajsHQ2YhlKIyXVeXU3uEuw,development,2
30,11867,52136,TunlaQ1tVO8,UCckltLEhFLv8Xz_lQhYfwmg,development,1
30,11868,52137,zl52pnESCpU,UCcijXxFzSXgoM6q9cCtT9PA,development,2
30,11869,52142,ldmJq-JsHmU,UCcijXxFzSXgoM6q9cCtT9PA,development,2
30,11870,52147,W6v_gTzikAQ,UCTlVnv2IrpdHPiB4PeaH6Lw,test_reserved,
30,11871,52151,24-0rKWEMn4,UCOtYyt7W5PmPnwQjWWF_Z-Q,development,3
30,11872,52161,yDFk9dT1y54,UCuN1HN5RXX2D6ZcEkopILeg,development,4
30,11873,52163,unL3NsiJ4yA,UChhmvfskCK4IaaoJ4Bj84Kg,test_reserved,
30,11874,52166,mLSZkDqF9k0,UCky_P7-XlMtdNDwi_L4wZow,test_reserved,
30,11875,52167,GG_5QrKIaNw,UCgnFSj7jQffD5V5m05j4dPw,development,5
30,11876,52171,bkUQumopg2Y,UC5_mCvFp3zgtxoX1W9yHHHQ,development,1
30,11877,52172,jg0VgGyZnPE,UCCK3OZi788Ok44K97WAhLKQ,test_reserved,
30,11878,52177,jHr4yia2lG8,UC9SgyReu4QufMUTFhZYYEMw,test_reserved,
30,11879,52179,9IUegMUp-KE,UC4UaWbUUwVvCxWNqhb4f16Q,development,3
30,11880,52183,_vjgNxOOA8A,UC1YGPDtctHGJWW0NrlQVklw,development,5
30,11881,52184,gCnGvcopuxo,UCMz5OIRJhEHlbyfbzN_I1ag,test_reserved,
30,11882,52185,YkjCt7J2w4A,UCQIWzvLOlB4tu84TtOTJCGg,test_reserved,
30,11883,52186,Cdx_17bvkik,UCCK3OZi788Ok44K97WAhLKQ,test_reserved,
30,11884,52190,xYwolijLm-M,UCc30sTBdN9LRSxEuHaXV_bQ,test_reserved,
30,11885,52194,yyPA8Rkd96M,UC_Yt4EUT5dtwOxMm6sheYrQ,development,5
30,11886,52198,6baUj04-Of4,UCS5U8OTQXzQXMET3NcRguWQ,development,1
30,11887,52203,SZg3RAUiMUo,UCCK3OZi788Ok44K97WAhLKQ,test_reserved,
30,11888,52204,mz6UNXy1vC0,UCcijXxFzSXgoM6q9cCtT9PA,development,2
30,11889,52207,KDdmk7m1jC8,UCcg4tDKgPLIc_x3lhWdogLg,development,4
30,11890,52208,435IOpCH4Cc,UC9SgyReu4QufMUTFhZYYEMw,test_reserved,
30,11891,52209,Q70fijkWfHo,UCbS_glb2N1NVTrDLVryRbng,development,4
30,11892,52213,E5YojGba6TY,UCoz7UhbfPFJyljIIV2saR7A,development,3
30,11893,52226,4c9eugK9z_0,UCXDs97xqSkkV9WSXMtYvCEw,test_reserved,
30,11894,52232,23rurtvY2sY,UC_AuTY5qqpUUYFLSDQIbOsg,development,4
30,11895,52235,QuemYukicW0,UCnkon33rksDXo3qChhTs5Vw,development,5
30,11896,52236,YK_O7SafQm4,UCEItJuaZGCe0BlGzRKruP0A,development,5
30,11897,52241,bo2VJemd6v0,UCNgVhNOsFoSX5JiXjz3z5bg,development,2
30,11898,52249,SCJix_MCXwg,UCcijXxFzSXgoM6q9cCtT9PA,development,2
30,11899,52250,c6BjeYIJKNM,UCCK3OZi788Ok44K97WAhLKQ,test_reserved,
30,11900,52254,rht7hqrvV24,UCgnFSj7jQffD5V5m05j4dPw,development,5
30,11901,52257,xLuxvtrvf8M,UCCK3OZi788Ok44K97WAhLKQ,test_reserved,
30,11902,52258,ktDcGFpQasE,UCsAPX_-Yu9O_3dJu0aUj_BA,development,4
30,11903,52259,2EtVYyIBPJQ,UCq0hVW_G5kWt2ocLhbjOtGg,development,2
30,11904,52260,4Z6anuqY5Oo,UCVfnhhDIkkBJ_1QyzCqeVDg,development,2
30,11905,52261,fJFssreh4_o,UC8qBNfgWRK_WYYGSmmrfgPA,development,4
30,11906,52267,CPq8D1UX8_U,UCBWG_GjopQPckewo1_IvhLQ,development,5
30,11907,52269,JwLO9UPviv8,UCewWZeJ0g9cHU61e_jN_bZg,development,1
30,11908,52281,McFJkDXf5yw,UCOtYyt7W5PmPnwQjWWF_Z-Q,development,3
30,11909,52285,axjXMHrUAgs,UC5fkr-uG2-yAEbwbJV-QIxg,development,1
30,11910,52294,mvfO7YKYqDY,UCCK3OZi788Ok44K97WAhLKQ,test_reserved,
30,11911,52295,TSiKiyUEHNM,UC1YGPDtctHGJWW0NrlQVklw,development,5
30,11912,52299,lMXNogIX6rM,UCCK3OZi788Ok44K97WAhLKQ,test_reserved,
30,11913,52300,JGN_-g7eW9Y,UCYRuRw221bkMM9zHUS5_Y0w,development,3
30,11914,52306,8y5JXAbswOo,UCQTcNhAZidy1i9wwmdgf2Lw,development,4
30,11915,52309,4NlbaM6omzM,UCoNaQS6wefjNVFkwvxrzAYw,test_reserved,
30,11916,52316,M8Yu0qtwLe4,UCckltLEhFLv8Xz_lQhYfwmg,development,1
30,11917,52318,mXhhbyHQu_w,UCn0XmAUFv6d2tofMFEesSNw,development,5
30,11918,52325,t9Ky01KstGU,UCkC-yhK-WnPNaNslH_LbBWQ,development,2
30,11919,52327,yK5DqLYLS4I,UCbS_glb2N1NVTrDLVryRbng,development,4
30,11920,52330,63m0uRP1Ku4,UCZpPfCxvP6T9rCkDX3tQfOw,test_reserved,
30,11921,52339,EgjlgTnIXYU,UCPfU0uygBGutjaaJU5PpEvg,development,2
30,11922,52341,MfOZwxuv70E,UCbS_glb2N1NVTrDLVryRbng,development,4
30,11923,52344,GZs5XXSTmgU,UCHhk9EHspPZejY9PnR1PLVg,development,2
30,11924,52358,uLTO29R0bro,UCCK3OZi788Ok44K97WAhLKQ,test_reserved,
30,11925,52369,P2i6sUjMSD0,UCn0XmAUFv6d2tofMFEesSNw,development,5
30,11926,52375,AlB2baT3wpA,UCcijXxFzSXgoM6q9cCtT9PA,development,2
30,11927,52376,I5QPjdCw4yc,UCKoBVjh6j8amPM6tw6Lb-cA,development,2
30,11928,52378,HmvYlw9Hy4Y,UCLA8Ovy_NPAwMWvr8IEDquw,development,4
30,11929,52379,v86SICPZaCg,UCaESx7Bdghv_UICcG1hBkcg,development,2
30,11930,52391,aJWCT5TlXNk,UCaESx7Bdghv_UICcG1hBkcg,development,2
30,11931,52399,JMnJzGzmpgk,UCckltLEhFLv8Xz_lQhYfwmg,development,1
30,11932,52401,HoynDcUdt58,UCGf8DwLWLE2RccD26RkZscQ,development,1
30,11933,52402,IYUVclhh6aU,UCieUj92znWxr02AWNviTElQ,development,3
30,11934,52404,FmKDxCmA94I,UCcijXxFzSXgoM6q9cCtT9PA,development,2
30,11935,52407,NTnRbM2XTww,UC6jQt9K_jqnBNtsRf7hXHsA,development,2
30,11936,52415,YSWYyK0bzQw,UC3cLeuBcLQ2vwEbVfdlfXyg,development,5
30,11937,52416,GmejwGVQSSo,UCgnFSj7jQffD5V5m05j4dPw,development,5
30,11938,52417,55GycQh6HLI,UCqtFS_Ap7Qh2y8cfE_20C0A,development,5
30,11939,52418,0KBIpahAuoE,UCLy64UBR8cH9BPUuf1sM6DQ,development,1
30,11940,52421,jeWPbEJf_MM,UCckltLEhFLv8Xz_lQhYfwmg,development,1
30,11941,52425,TUQoUFcHZZE,UCckltLEhFLv8Xz_lQhYfwmg,development,1
30,11942,52433,uy42tV_X8bI,UC0554zf4RvVkxwt_tS4Wx_g,test_reserved,
30,11943,52434,Scm2LajikVU,UCqrqt9Egbp4Voh3iEUUoorw,development,3
30,11944,52435,vyVCVqYyavk,UCcspHoBTj_aLhnJLwkMpWHQ,development,3
30,11945,52440,g8c0csOSkOI,UC8MegDkaJsqK63fwbOjBLzw,development,2
30,11946,52444,1WyhrjD-Bsc,UClCjoJ0fs2RqaRTjukU1jQA,development,2
30,11947,52445,tqaAONwnilE,UCckltLEhFLv8Xz_lQhYfwmg,development,1
30,11948,52446,Fm9p6CCuTKw,UC1YGPDtctHGJWW0NrlQVklw,development,5
30,11949,52447,wP_1U5PNDtg,UC4Pb9SEsCb1EpsXVYAVVajw,test_reserved,
30,11950,52448,DNNmudUHwfQ,UCckltLEhFLv8Xz_lQhYfwmg,development,1
30,11951,52449,9lQ1DrncwtA,UC62QgaEe8YqmCcxbeyxQg9w,development,3
30,11952,52455,kZulJCUM0gA,UC9ydRoXpQVhwb3sM7VY8xNg,development,3
30,11953,52457,3jjfW3egvTM,UCqrqt9Egbp4Voh3iEUUoorw,development,3
30,11954,52462,tajWbbvDw2Y,UCckltLEhFLv8Xz_lQhYfwmg,development,1
30,11955,52468,ag18ixXj4zI,UCCK3OZi788Ok44K97WAhLKQ,test_reserved,
30,11956,52469,8425JJgKcSc,UCrcATWZGF_p53r38i6VK0eA,test_reserved,
30,11957,52471,d92FkPkfMyA,UCCK3OZi788Ok44K97WAhLKQ,test_reserved,
30,11958,52473,XFEtXT9ZWGI,UCE_HRkZMtXQvjnCrM0aSjCQ,development,5
30,11959,52474,hw6j5Bs2v5w,UCUAxXY9_I53JEfV8mDV1C4g,development,5
30,11960,52478,o-4XhHmP5gA,UCO6Q3ASBv6pPC-wUheZy9mQ,development,4
30,11961,52479,DqV2JJq2Ess,UCckltLEhFLv8Xz_lQhYfwmg,development,1
30,11962,52485,GYeEyqIyN8E,UCVXCitEEweQox0oyIsJONrQ,development,3
30,11963,52492,iHkTpYeb6tg,UCckltLEhFLv8Xz_lQhYfwmg,development,1
30,11964,52505,C_Ru83y4piA,UCVd1jcy6wKFzfQ5E-Txtg-w,development,2
30,11965,52514,rE-TNGCvcQU,UCcg4tDKgPLIc_x3lhWdogLg,development,4
30,11966,52519,n_nUUcJ2Bmw,UCgnFSj7jQffD5V5m05j4dPw,development,5
30,11967,52522,ENlMv9K7_MU,UCCK3OZi788Ok44K97WAhLKQ,test_reserved,
30,11968,52524,znCtH487L1Y,UCckltLEhFLv8Xz_lQhYfwmg,development,1
30,11969,52527,NW3tU-Kuhm8,UCaIc6SgS90ud_RgMSC6hW_w,test_reserved,
30,11970,52528,DQ96Yfr0ijE,UC1YGPDtctHGJWW0NrlQVklw,development,5
30,11971,52536,Sdubw5L1Y_8,UChke7zfxDsgtsY7-yfncfTg,development,4
30,11972,52540,rjM52Id4TG4,UCbR7juPwtP-bV_w0840ciYQ,development,3
30,11973,52548,u2qOhFDSNug,UCFtEiNuNNFr1SqbLamWsLVg,development,2
30,11974,52549,y3z0J_dO5OM,UCU698FK0A1JkE2VADC4fQlA,development,5
30,11975,52551,uDafj26quGQ,UCygAzvEJNqZmteflPb1bbGA,development,5
30,11976,52554,EpRyz2BJvhM,UC8rcDufKZ3W6CtZU69CtMXg,development,5
30,11977,52563,a-hymv8QtJY,UCLuP7ROjaueiuNbzrvPqXSQ,development,3
30,11978,52573,AiDqkuY2Z-4,UCj5dmKmfkAR5Y4y_d9FW3og,development,4
30,11979,52574,1-yx9DCfQeA,UCh9qXeL8eP3Txra2908xksg,development,3
30,11980,52582,BjG0OG5oqdc,UCaZNRV75Ab-RXOGATOKwqCA,development,1
30,11981,52585,fODhbdSGcHk,UCckltLEhFLv8Xz_lQhYfwmg,development,1
30,11982,52586,FvnudH076ds,UCCK3OZi788Ok44K97WAhLKQ,test_reserved,
30,11983,52593,cAhGa0V7v2A,UCPXSUKHTNc1_hnHuj-UiQWQ,development,4
30,11984,52599,Tl1Y0zF5_00,UCcijXxFzSXgoM6q9cCtT9PA,development,2
30,11985,52607,Qh2FNc3lNRk,UCMayHG7j39d11Gh36vV7GnQ,development,3
30,11986,52615,kc6VBrLU6uc,UCckltLEhFLv8Xz_lQhYfwmg,development,1
30,11987,52618,01jabdQm8XU,UCkD2Gixzde52jx1XspNvrBw,test_reserved,
30,11988,52619,avd0bCtbBzQ,UCPXSUKHTNc1_hnHuj-UiQWQ,development,4
30,11989,52620,C7dHzot_Bdo,UCBf296-OhUNfaDbtcYQ4RQQ,development,5
30,11990,52621,tjIeY71uyWA,UCuTgmLxqarTxuBU5ARMYUNQ,development,5
30,11991,52622,jcIkNJVkfWg,UC1YGPDtctHGJWW0NrlQVklw,development,5
30,11992,52625,RCCKxYDseeQ,UCZLtqBURY7PHmBLxExRw4WQ,test_reserved,
30,11993,52626,Z78YxO3ubOc,UCcijXxFzSXgoM6q9cCtT9PA,development,2
30,11994,52630,nZG_VJnRP4g,UCn0XmAUFv6d2tofMFEesSNw,development,5
30,11995,52640,_7BBZdlW5Bs,UCS4etFvWLvhVowAmj4dn45g,development,3
30,11996,52645,QwwEuIYjM9I,UC6DJTdmCADYVXKtpW16ezsQ,development,2
30,11997,52650,Vlu8n2sUGmE,UCzdwVqqrY_z1DJkpLfdMHag,development,5
30,11998,52656,ST5Na3JAbBk,UCcijXxFzSXgoM6q9cCtT9PA,development,2
30,11999,52657,siuGJqCxMSc,UCcijXxFzSXgoM6q9cCtT9PA,development,2
30,12000,52663,qqZ-tlKJU0U,UCdFdozW-sxC7w261KxLQMEQ,development,1
30,12001,52664,A8NTgG6s9nM,UCcg4tDKgPLIc_x3lhWdogLg,development,4
30,12002,52665,cgsZpLEGOc0,UCbR7juPwtP-bV_w0840ciYQ,development,3
30,12003,52666,5k1w5g76rVw,UCkC-yhK-WnPNaNslH_LbBWQ,development,2
30,12004,52669,FNJdxixj19g,UCgnFSj7jQffD5V5m05j4dPw,development,5
30,12005,52671,2jXLr9V39FU,UClCjoJ0fs2RqaRTjukU1jQA,development,2
30,12006,52679,aJ9HB1O4t8k,UCcbOsE5_4LEjtQi8X2PFxDw,development,2
30,12007,52680,h4IHEDEXA0c,UCmqflTSJ6911aCrnaWIXxsA,development,3
30,12008,52683,bbwU9MuYrto,UC6MkngMDyobFNaXOZR0ukyQ,development,1
30,12009,52685,g4AgXE8vEag,UCRB8mrLCcwTPlJOMUy9MDUg,development,2
30,12010,52687,DgZrlD_orpc,UCkEC1Cni_4S08XLUPk4e40Q,test_reserved,
30,12011,52689,r4qxopVRcT0,UCaFC8Yo8pGEvX5hu5J6tGDg,development,4
30,12012,52695,u5ZGw5MkUc0,UCOtYyt7W5PmPnwQjWWF_Z-Q,development,3
30,12013,52701,ZG4ArqQjuwk,UCCK3OZi788Ok44K97WAhLKQ,test_reserved,
30,12014,52705,oFbsSB6l0lI,UCOtYyt7W5PmPnwQjWWF_Z-Q,development,3
30,12015,52706,F9XmnwhcEsg,UCckltLEhFLv8Xz_lQhYfwmg,development,1
30,12016,52708,59g9X2tX19w,UCcMQKrccZ9c0_GNyXWo8jLg,development,2
30,12017,52712,6p5CPTiSh_k,UCSvq6flKvb-vwtaU5hfnQjA,development,2
30,12018,52715,KSxmXOi0I3g,UCAeBFsK2bmm5lkgy90uFiqw,development,4
30,12019,52716,w6ONYe6-WwI,UCMv53_1dj-WnV1KhRV4oB8g,development,2
30,12020,52718,xvWs2ZLoyZA,UCRDDfbYPHX_GUJ4lcQYTc8A,development,2
30,12021,52719,-BHj341xGhw,UCS0KMjEWuAPKsUYXIKh6Lpw,development,4
30,12022,52725,OiF0n8i7kTQ,UCCK3OZi788Ok44K97WAhLKQ,test_reserved,
30,12023,52737,DkeJ7tl-M3I,UC_oQPOpRefuPENfsJ404nmA,test_reserved,
30,12024,52738,m6A0dwbPzYI,UCDRvVQA5TYL0TFYjA6jcHag,test_reserved,
30,12025,52741,3B9nibhRVSg,UCNcI0kxp_9BiBiLQUviN-hw,test_reserved,
30,12026,52743,Fh6UsVHUf3E,UC6jQt9K_jqnBNtsRf7hXHsA,development,2
30,12027,52745,qfH_jIEGY0I,UCCK3OZi788Ok44K97WAhLKQ,test_reserved,
30,12028,52748,udTOiQ_AlrY,UCle34dvTBAMXQaCPX9kxuJw,development,5
30,12029,52751,ocoeMDBPjJA,UCOtYyt7W5PmPnwQjWWF_Z-Q,development,3
30,12030,52752,gy6T-a_XL7o,UCuGDIseJA12zshqpeL19yDg,development,3
30,12031,52757,TLaB5ajMtNc,UCn39xNZ42C93DHXbbRH2mgA,development,3
30,12032,52760,Br4Fxa0NR1M,UCYpuhzSdssW_GFUhl_od38w,development,4
30,12033,52762,sBVPlo2gMiQ,UCCK3OZi788Ok44K97WAhLKQ,test_reserved,
30,12034,52763,2n0VQ8nXjQQ,UCmrLu4r89ykOzmtmbAeEklA,development,5
30,12035,52768,rZ7oT7jkHuU,UCkD2Gixzde52jx1XspNvrBw,test_reserved,
30,12036,52774,4IjLVP00LuA,UCCK3OZi788Ok44K97WAhLKQ,test_reserved,
30,12037,52799,QOxnf0QyAFk,UC3bDumjXNsq2ixYkUT7wT_g,development,3
30,12038,52808,Qx1nN7bo6_M,UCgnFSj7jQffD5V5m05j4dPw,development,5
30,12039,52812,hLa_l75MT8k,UCYT4vetZzMYjLIyxMmLv_9Q,development,5
30,12040,52813,6_XHVfoC4V8,UCwyld30uUaeOoRl9Y1dsfLw,development,3
30,12041,52814,bOBz3Wm8BYk,UCckltLEhFLv8Xz_lQhYfwmg,development,1
30,12042,52821,3GgHg07oU18,UCbS_glb2N1NVTrDLVryRbng,development,4
30,12043,52822,-uH7DBoLLCE,UCCQ3mUIQTv2Snhw5Os0Yo5Q,development,3
30,12044,52825,CRu36jLQT9c,UC-GRFwciK7JiP8T4tl0pftQ,test_reserved,
30,12045,52831,4ffPk5BcctQ,UC8lKgUHo-2mSR5cRRXO9xow,test_reserved,
30,12046,52834,MphaKfdq6PA,UCoz7UhbfPFJyljIIV2saR7A,development,3
30,12047,52846,7s0oI1jHFis,UCiPssoHLvUfNEXLEhZ29rXg,development,1
30,12048,52854,c-Vc5nlktfI,UCgnFSj7jQffD5V5m05j4dPw,development,5
30,12049,52873,LoHcTpUiW60,UCOiMY00_ZLijPF6InrCl0TA,development,3
30,12050,52880,JbUu6fbnqMo,UCRK13WgCsr2N6y9cbeEq39g,development,3
30,12051,52882,qBM6MSGCi5Y,UCOtYyt7W5PmPnwQjWWF_Z-Q,development,3
30,12052,52896,MrpCjuQxhzs,UCckltLEhFLv8Xz_lQhYfwmg,development,1
30,12053,52898,K7jqVLiV0bc,UCPXSUKHTNc1_hnHuj-UiQWQ,development,4
30,12054,52901,T81Md-Nv1z8,UCAH7R88V7gz7RqJv78nNOzg,development,3
30,12055,52917,Fw8N0-Im1fA,UCckltLEhFLv8Xz_lQhYfwmg,development,1
30,12056,52918,u9AfT1PTtiQ,UCMxeqmVKOqiqh7V_A3h4gfA,development,2
30,12057,52919,FAq6bQfw33E,UCMQg72D9bcWjW-umvECrcAQ,development,1
30,12058,52922,uNXjpDMOVMw,UCBR9iW2qo_7LP9_9u3A2ZeQ,development,5
30,12059,52933,gUUcIfmEilM,UCCbm1E52PV05ZLv6dtRB92Q,development,5
30,12060,52934,6t6U5tN85Sk,UCcijXxFzSXgoM6q9cCtT9PA,development,2
30,12061,52942,dLdIrXeybjE,UCCK3OZi788Ok44K97WAhLKQ,test_reserved,
30,12062,52949,qrcBFdCgbX0,UCWwo8NBrDNOb5EEZadW3iWA,development,1
30,12063,52966,CBjtLeGzfps,UCXGG6bmgJJ02uSG4gxp4zng,development,5
30,12064,52967,sFI_we24chI,UCbR7juPwtP-bV_w0840ciYQ,development,3
30,12065,52974,lfnvcdi80bc,UCOtYyt7W5PmPnwQjWWF_Z-Q,development,3
30,12066,52976,YaxVZ2LcU6o,UC1YGPDtctHGJWW0NrlQVklw,development,5
30,12067,52980,pRPsZTGJVyg,UC0554zf4RvVkxwt_tS4Wx_g,test_reserved,
30,12068,52987,YR5ZB1awQCQ,UCpKHQzqFn8VhNKQVCNp2M1g,development,2
30,12069,52989,ZpwlXHgbDFc,UCckltLEhFLv8Xz_lQhYfwmg,development,1
30,12070,52990,HK5I6Lamc7s,UCckltLEhFLv8Xz_lQhYfwmg,development,1
30,12071,52994,sTxQEJEbN0Q,UCa3BMXA9qcVqMtfnq7d977w,test_reserved,
30,12072,52997,x3wVZr5oDQ0,UCckltLEhFLv8Xz_lQhYfwmg,development,1
30,12073,53005,2jgeJRiMTWg,UC8byti_nmRGuF52xaPb2QIA,development,1
30,12074,53011,VNqdLFzG6JU,UCpErRATj-Z4ux1lAtBhdfbg,development,4
30,12075,53013,nqyEI1Tvf0Y,UCe_1wWkwMKLFbZb898qISNQ,test_reserved,
30,12076,53014,z5ZuFaL72_c,UCaIc6SgS90ud_RgMSC6hW_w,test_reserved,
30,12077,53018,GrOcWG5jyuY,UCqrqt9Egbp4Voh3iEUUoorw,development,3
30,12078,53021,WCeBWDvmafI,UCmKxhMStMwZZ1gdOg1YZQug,development,4
30,12079,53023,gtxOolosz0c,UCf48pki8AqjBHuV80LcC7kA,test_reserved,
30,12080,53024,y7eCTz2UXhM,UCaESx7Bdghv_UICcG1hBkcg,development,2
30,12081,53026,ONGojAXi9g0,UCr5BVR_ePEz_9V-KF5rSEmQ,test_reserved,
30,12082,53027,1li3LkdsNyc,UCc30sTBdN9LRSxEuHaXV_bQ,test_reserved,
30,12083,53028,RbMixQfrZRs,UCCbm1E52PV05ZLv6dtRB92Q,development,5
30,12084,53033,YidcqniAmk0,UC_oQPOpRefuPENfsJ404nmA,test_reserved,
30,12085,53038,xi2WbhIfmvU,UCM19g5ow7vLXDTYx_j9Z7VQ,test_reserved,
30,12086,53040,kToJMX6EtmY,UC0fnN8-CgXOlHLjGc78e-0g,development,3
30,12087,53043,qxiRant2wPU,UCcijXxFzSXgoM6q9cCtT9PA,development,2
30,12088,53046,kIgkyZh8l7U,UCT83ymyAGm7Gnk_4ifxjxIA,development,4
30,12089,53049,DsSvyHBmn24,UCCK3OZi788Ok44K97WAhLKQ,test_reserved,
30,12090,53051,Z_xHPShILF4,UCbR7juPwtP-bV_w0840ciYQ,development,3
30,12091,53055,UjIA3iivS-8,UCCK3OZi788Ok44K97WAhLKQ,test_reserved,
30,12092,53078,IM5-IXJw-Ig,UC1YGPDtctHGJWW0NrlQVklw,development,5
30,12093,53082,DzjQBF5R7LU,UCqrqt9Egbp4Voh3iEUUoorw,development,3
30,12094,53090,LFWWqSR_LHc,UCckltLEhFLv8Xz_lQhYfwmg,development,1
30,12095,53091,w20VDE4t7LE,UC95VofaZiQPFwRMaqPhLc0w,development,1
30,12096,53093,JvHRb51wik4,UCE2h3exiZeJc9dk3cNmC9mQ,development,4
30,12097,53095,XIfzDNG1YHE,UCh9qXeL8eP3Txra2908xksg,development,3
30,12098,53096,vsMVSBPU5CA,UCc30sTBdN9LRSxEuHaXV_bQ,test_reserved,
30,12099,53098,BdhMSuYdGao,UCbkMFGQ_RWIf0OiYeOpf6Ng,test_reserved,
30,12100,53103,kAe4JhA4kKY,UCckltLEhFLv8Xz_lQhYfwmg,development,1
30,12101,53119,Rf1jbq0Qdrk,UCcspHoBTj_aLhnJLwkMpWHQ,development,3
30,12102,53122,hNacQw0OAm0,UCV1NPkc2O0YZBtx_rhDkicw,development,1
30,12103,53125,Czud5ziEtko,UCD2X28mF5ZqSA2gncomAtAA,development,2
30,12104,53126,WLnDqyD2o8c,UCcFg0_EkuomROD6HEJA8t5g,development,2
30,12105,53132,IYzoTiP6YDc,UCckltLEhFLv8Xz_lQhYfwmg,development,1
30,12106,53133,kVUR7v2fvBk,UCyPg9kElyyS90TlxbykLtEw,development,3
30,12107,53135,a0mVMOMmPj0,UCzQ0nw7uz0dRcO5VKzDwmlQ,development,3
30,12108,53144,-BzbPGZ5faY,UCRDDfbYPHX_GUJ4lcQYTc8A,development,2
30,12109,53145,kJE97uekcew,UCgnFSj7jQffD5V5m05j4dPw,development,5
30,12110,53147,bRBVY5_CVNI,UClC6jQT87s0yKTxHls4BWSw,development,3
30,12111,53150,ucyvSr1qm08,UCwdeq2uy9XyPT7-1Q7XRWUg,development,2
30,12112,53151,VWtHSljogSs,UCQTcNhAZidy1i9wwmdgf2Lw,development,4
30,12113,53156,eWPTnsseJmI,UCr5BVR_ePEz_9V-KF5rSEmQ,test_reserved,
30,12114,53158,RVkXWNIaSp8,UCA5xW2Ce7KT2AtxzDYDebCA,development,4
30,12115,53171,Crx4RNhWt8c,UC3mQgSw2HVtGK5xiWwqFL3g,test_reserved,
30,12116,53173,kmmD9Pw7ZxU,UCcijXxFzSXgoM6q9cCtT9PA,development,2
30,12117,53179,_IDvDiH_EiE,UCA5xW2Ce7KT2AtxzDYDebCA,development,4
30,12118,53180,JgPT3gnn49M,UCXLyL2Fg5DZouTYsYtRT0WQ,development,2
30,12119,53182,acleMeQ8E44,UCG0j1mTQov3RVBgLgh6wbKg,development,5
30,12120,53183,UddBKfLQwfI,UCrtXFLaJQUh6R8xjW6l5tMQ,development,1
30,12121,53191,7AHeCzTZPIE,UCCQ3mUIQTv2Snhw5Os0Yo5Q,development,3
30,12122,53193,29MowpT_kh0,UCckltLEhFLv8Xz_lQhYfwmg,development,1
30,12123,53200,VkiW-VvwXec,UCoz7UhbfPFJyljIIV2saR7A,development,3
30,12124,53206,02EVlwQFNgk,UCqrqt9Egbp4Voh3iEUUoorw,development,3
30,12125,53211,e2t67WVf9fk,UCidNC9-9DsHj3FmP5N42Lqw,test_reserved,
30,12126,53219,cGNS9mRFtIE,UC1YGPDtctHGJWW0NrlQVklw,development,5
30,12127,53222,352reaEog58,UCPJRtoh7x7vEw0-d59JwKiQ,test_reserved,
30,12128,53224,pykMhZwBO-A,UCM19g5ow7vLXDTYx_j9Z7VQ,test_reserved,
30,12129,53231,1mKWssQf-8c,UCJhdo2Kg29_EZwNPvlhzIFg,development,2
30,12130,53232,CbCwxZEy_cI,UCgnFSj7jQffD5V5m05j4dPw,development,5
30,12131,53234,0d-rRdXOzQ0,UCCK3OZi788Ok44K97WAhLKQ,test_reserved,
30,12132,53245,qn487yNbQaY,UCgnFSj7jQffD5V5m05j4dPw,development,5
30,12133,53253,52aUjaKJMGQ,UCc30sTBdN9LRSxEuHaXV_bQ,test_reserved,
30,12134,53264,ofiKBJyLL8k,UC-DEHYgvcA5bBD3cWo_vSuA,test_reserved,
30,12135,53265,IdKjeRt9sFk,UCgnkk8P4G9yQFuRl0dEO1HQ,development,2
30,12136,53269,PXCbHgaENtQ,UCcijXxFzSXgoM6q9cCtT9PA,development,2
30,12137,53270,lqx8jRLpoQE,UCn0XmAUFv6d2tofMFEesSNw,development,5
30,12138,53273,Mle7L2FSHhI,UCMkW7S3IszN1L9u1bLw23rQ,development,5
30,12139,53274,wDWXlWZdf4M,UCGwkKsyd1fbH5eDBEvOIfmw,test_reserved,
30,12140,53304,kbNA-QVIstk,UC3W16VfuU392bL3zrOdVGfQ,test_reserved,
30,12141,53309,jVI1RCD0fL0,UCckltLEhFLv8Xz_lQhYfwmg,development,1
30,12142,53311,wgzf9XY9asw,UCOiMY00_ZLijPF6InrCl0TA,development,3
30,12143,53313,EHjVNirdXsM,UCag44-HADW04gc6h5u5jrcw,development,3
30,12144,53319,EbZcKNILTag,UCckltLEhFLv8Xz_lQhYfwmg,development,1
30,12145,53323,B7XR-WtRHHQ,UCQkPhQ-6NhA1v7Tpsp6EnKQ,development,1
30,12146,53329,qKncPFLxEgk,UCHT6F9HJ9DtLUjTOH16yg6g,development,3
30,12147,53332,vGaCSE0Bwmo,UCnd3nepI0YPYVA8DyDrg08g,test_reserved,
30,12148,53338,da9yMchp8gw,UCOtYyt7W5PmPnwQjWWF_Z-Q,development,3
30,12149,53341,oIy2qwIaICY,UCacUZLDBxUQgUfJnnnd5-Fg,development,5
30,12150,53342,aGAHbC4dySg,UCuN1HN5RXX2D6ZcEkopILeg,development,4
30,12151,53351,geThFhiJmbk,UC0tV1b7IFEXFUUILF7mAcWw,development,5
30,12152,53355,xyJD6iuXiIw,UCRDDfbYPHX_GUJ4lcQYTc8A,development,2
30,12153,53358,V2CBCT_N0Y0,UCckltLEhFLv8Xz_lQhYfwmg,development,1
30,12154,53364,9XIp0W2RMNo,UCckltLEhFLv8Xz_lQhYfwmg,development,1
30,12155,53366,rxaUKot7-u4,UCCK3OZi788Ok44K97WAhLKQ,test_reserved,
30,12156,53367,buA5UWSrfkI,UC6jQt9K_jqnBNtsRf7hXHsA,development,2
30,12157,53371,OMLcl5wuOkk,UCmwIKQQjwpjNT8OQ_VZuRfg,development,3
30,12158,53372,JCYJzjesWHo,UCp7CXZR7tYqwh8pVSH4lQhQ,development,1
30,12159,53374,vKJaWFMVpfg,UCckltLEhFLv8Xz_lQhYfwmg,development,1
30,12160,53376,oIO-zzxNsaI,UCaIc6SgS90ud_RgMSC6hW_w,test_reserved,
30,12161,53378,mD5DYOYdfTc,UCxTVnqDo0Gw2dfe5J3j-vbA,test_reserved,
30,12162,53383,Ep0OHPZnNZs,UC8qBNfgWRK_WYYGSmmrfgPA,development,4
30,12163,53405,E1TwYgpSS_U,UCAgBGlUKoAQFXMUzshrWDgg,development,1
30,12164,53407,sUipHgeX7P0,UCOtYyt7W5PmPnwQjWWF_Z-Q,development,3
30,12165,53411,YP3j_2lJbbU,UCckltLEhFLv8Xz_lQhYfwmg,development,1
30,12166,53419,r3bDFnLf1nc,UCckltLEhFLv8Xz_lQhYfwmg,development,1
30,12167,53423,FZ_j0R57NNI,UCAvDJMfUNahnsnMBN1hIXuA,development,5
30,12168,53424,VVAJ1G1QEFU,UCQa_KSx_sMwg0K57IllohHw,development,1
30,12169,53425,1F0FDfDAnao,UCHZ6l32mEskYLDm1OkjFO3g,development,5
30,12170,53439,s-JeuMj6l8E,UCOiMY00_ZLijPF6InrCl0TA,development,3
30,12171,53443,0LqiicdANuE,UCAOAqdh0wJ6lmzO8j33v8fQ,development,5
30,12172,53447,9FdsdLUzmuY,UCOtYyt7W5PmPnwQjWWF_Z-Q,development,3
30,12173,53452,9YXWLl8QXIQ,UC0554zf4RvVkxwt_tS4Wx_g,test_reserved,
30,12174,53458,7YCJKd7-3Sk,UCzO0Ody4SmI_XFRrXW848eA,development,2
30,12175,53464,HyBkuFr64M4,UC1YGPDtctHGJWW0NrlQVklw,development,5
30,12176,53468,icufDr-hR3A,UCix7C1KG_SPtiMXommMExNg,test_reserved,
30,12177,53470,VAfrpCSJvAA,UCwsNWoSlQUyeWgbVQYZtLOA,development,2
30,12178,53472,s3QGNAKZv5M,UCMcaGpzjo0D-d6oSvcg8PtA,development,4
30,12179,53476,Q5Rd0PX2U2U,UCq3WWAoJj0DOQC3G7ri1cug,test_reserved,
30,12180,53478,86DLr2Skwas,UCWO2tL69FZ9ckckHcAa18Ug,development,4
30,12181,53479,jxcC9xQ48Ks,UCBkEIYKUPw_d06rAFuJfTVQ,development,5
30,12182,53480,HbctGkJPJzY,UCqDMvUe1Zy9QzR-F6X7B5pw,development,1
30,12183,53483,kVGoc4CzGkg,UCgnFSj7jQffD5V5m05j4dPw,development,5
30,12184,53484,1fpiIv7mWoE,UCckltLEhFLv8Xz_lQhYfwmg,development,1
30,12185,53485,fg0i4oziDPs,UC5HK5iZs2UB55Bum9BBbajg,development,2
30,12186,53486,dpz0wWDS1ZY,UCCK3OZi788Ok44K97WAhLKQ,test_reserved,
30,12187,53492,tj6tWDM4n3w,UCckltLEhFLv8Xz_lQhYfwmg,development,1
30,12188,53496,sDw5jYkq0fw,UCth9R703obgHx665cpiNY9A,development,5
30,12189,53498,TuBeQcW6DQU,UCe13xXtdfx_n0_z1qeXV6_g,test_reserved,
30,12190,53504,G-vNbmTPHS4,UC324VVhYKykBv01GecF4aYg,development,5
30,12191,53510,YoU60wFdJ5U,UCZNreSxdvd50nzMz5zkXg4w,development,5
30,12192,53513,gr4aBFYA4sE,UCcrsFwwoMvcXYpJ0XldIlVQ,development,5
30,12193,53519,uEgZRwAHkoY,UCOiMY00_ZLijPF6InrCl0TA,development,3
30,12194,53520,dgn8HFSpBbI,UCPAbeKHjE4HpRXqo4AXJzVQ,development,1
30,12195,53522,WX_H9QVDkt4,UCXJm14vFoWrYud1ZXCiHj3A,development,2
30,12196,53531,oeJSS4O2W4A,UC1dfhQyj962rwYPVLi3OHLg,development,3
30,12197,53538,Dbbo8_gOYbQ,UCwIAJtNJEsDReDFDt7fevpA,development,5
30,12198,53544,Lt8_HShK3fA,UCPXSUKHTNc1_hnHuj-UiQWQ,development,4
30,12199,53545,D-3cQaQruGQ,UCdZRFHIhq7TpUNSLXRlt7rQ,development,5
30,12200,53546,rMLJlEHcPgU,UC4N96R0hZhwEzNHw53_UGlA,development,3
30,12201,53549,cYs0IiQOSwM,UCckltLEhFLv8Xz_lQhYfwmg,development,1
30,12202,53552,GHTZjeQGkrM,UCvZ8sPFxYngz2JN3DG93fOw,development,4
30,12203,53558,IwmWIIF8Kf8,UChtQ7TCSKmvCIqonz1eto1w,development,3
30,12204,53561,ll6Fr62iAu4,UCacIRbbu-hgx4sRW6tZPRoQ,test_reserved,
30,12205,53566,MGXX68CSOUU,UC4EtZkAiRfpNl1QRxWTuXaA,development,4
30,12206,53574,44sXz62prbU,UCTExc-kNBRa35t6c0E4uNwA,development,3
30,12207,53578,qiljZFnjNgk,UCc30sTBdN9LRSxEuHaXV_bQ,test_reserved,
30,12208,53601,JDKKOnsOWzc,UCCK3OZi788Ok44K97WAhLKQ,test_reserved,
30,12209,53610,nU2IjJ2mW9M,UCo1_q30sNhMQIeSL2hQ8OyQ,development,3
30,12210,53612,y3GWkmPfNws,UCJdECtKPBRctVQG_5ZH4QhQ,development,4
30,12211,53620,_Y99ratFDC8,UCqrqt9Egbp4Voh3iEUUoorw,development,3
30,12212,53622,7NjNdB-m3Kw,UCqrqt9Egbp4Voh3iEUUoorw,development,3
30,12213,53630,r6njmsl00UY,UCbVw-Yr6A7L4hPi8W6zsQlw,development,3
30,12214,53633,p8EYZxt1Puc,UCc30sTBdN9LRSxEuHaXV_bQ,test_reserved,
30,12215,53637,OHq-CYQ9YF4,UCMxeqmVKOqiqh7V_A3h4gfA,development,2
30,12216,53639,Wh8RnTTYl2Y,UCIthXLFJrQjFRFv0ZFQXx3w,development,4
30,12217,53640,2muIo8l1jiY,UCckltLEhFLv8Xz_lQhYfwmg,development,1
30,12218,53642,WB9cvZyFV-Y,UCy-3y3BEH8dFhPsNEnO74Vg,development,5
30,12219,53644,_v9sQLft9J0,UCT83ymyAGm7Gnk_4ifxjxIA,development,4
30,12220,53647,DT8t9KZae0o,UCQTcNhAZidy1i9wwmdgf2Lw,development,4
30,12221,53651,n9T6k8qA5yw,UCFjcr6UFdIYzdyD4sOjcUUA,development,3
30,12222,53656,LmToxalV1Rc,UCckltLEhFLv8Xz_lQhYfwmg,development,1
30,12223,53657,g8mZiwFq6Tw,UCoPGkvh-1AoSzh23-ROXrpw,development,2
30,12224,53658,Vd_w3Xk2ET8,UCKcM7k794WST-IRv1-lhiZg,development,3
30,12225,53661,OzwL3hbt3vc,UCieUj92znWxr02AWNviTElQ,development,3
30,12226,53672,C0kuxqFaLi4,UC6jQt9K_jqnBNtsRf7hXHsA,development,2
30,12227,53675,qL9NMnOqtzo,UCMxeqmVKOqiqh7V_A3h4gfA,development,2
30,12228,53677,99kvApsObms,UCaIc6SgS90ud_RgMSC6hW_w,test_reserved,
30,12229,53686,glRUIMkEBAk,UCckltLEhFLv8Xz_lQhYfwmg,development,1
30,12230,53699,ynVD0RlUwFo,UCckltLEhFLv8Xz_lQhYfwmg,development,1
30,12231,53719,2LgDsEC2Sdc,UCF0uUUUTf2kzN8lz20-iksg,development,1
30,12232,53721,qWbFzWNCMIM,UCcijXxFzSXgoM6q9cCtT9PA,development,2
30,12233,53722,3fh05UMo-l4,UCPdASwipemqGhpK-B-a12Ow,development,2
30,12234,53729,OgwIKLfD_Lo,UCyrW9aDENkU6G6URdVFwB9g,development,1
30,12235,53733,kchMyj5IxLE,UCaIc6SgS90ud_RgMSC6hW_w,test_reserved,
30,12236,53734,65gyQwXXtRQ,UCCK3OZi788Ok44K97WAhLKQ,test_reserved,
30,12237,53737,FFek2Hxj2dQ,UCvZpRt_4T2NlC9111RxNBug,development,2
30,12238,53745,Mg_Jo43c1mE,UCbR7juPwtP-bV_w0840ciYQ,development,3
30,12239,53761,KDY0ZtjqTHc,UCckltLEhFLv8Xz_lQhYfwmg,development,1
30,12240,53762,GzKl_8nyTOU,UCvsksEXBnVKBj0QiQ6cnTdw,development,3
30,12241,53764,Z1BAK5ebvYI,UCDWDuArgzMjvihWp47GYzKw,development,2
30,12242,53765,BqCUDVfzmnk,UCc30sTBdN9LRSxEuHaXV_bQ,test_reserved,
30,12243,53773,MuHL9Hf7GNQ,UCV-q7cRK5yFYEFzWuoQOmQQ,development,4
30,12244,53784,1j8CqOLIBqo,UCPXSUKHTNc1_hnHuj-UiQWQ,development,4
30,12245,53785,7h-dRaJRu-o,UCckltLEhFLv8Xz_lQhYfwmg,development,1
30,12246,53790,NY5gXCBdgls,UCzVlnBIRZJY5OXOVwjiDGMg,development,5
30,12247,53801,5iPKC5diLEo,UCuW9OiaVwvoOraW1Jcc3_uA,development,2
30,12248,53808,sgS-txJ-35g,UCCK3OZi788Ok44K97WAhLKQ,test_reserved,
30,12249,53811,JytguAU5Mno,UCsaWsVoIh5rKa8ilwDMLsxA,test_reserved,
30,12250,53812,NMjlcL-zVoI,UCmKxhMStMwZZ1gdOg1YZQug,development,4
30,12251,53817,tQl14q-io8c,UC1YGPDtctHGJWW0NrlQVklw,development,5
30,12252,53818,IusSIlR7LBs,UCCbm1E52PV05ZLv6dtRB92Q,development,5
30,12253,53822,gVr45Xy4Dtc,UCm248csRxRJwhqVQ8fsHrCw,development,1
30,12254,53828,avSgD9Vpwgs,UCf2Iar2LDcFaSCnVH1ZMUkA,development,4
30,12255,53829,i879i2d24uI,UCQTcNhAZidy1i9wwmdgf2Lw,development,4
30,12256,53831,5hFOYPbGWTY,UC9iEv8PqeHuC3ZVt0QqN-pQ,development,4
30,12257,53860,me6mmARhY_Y,UC3uZVJgOSasbfV7xIFY9xjQ,development,5
30,12258,53867,rHIt7OEe3q8,UCZ-RBSr_ZD-jWWDgZmFyZyw,test_reserved,
30,12259,53869,E-b-QsdLnOU,UCyrW9aDENkU6G6URdVFwB9g,development,1
30,12260,53870,nyTf0Sln3oQ,UC1YGPDtctHGJWW0NrlQVklw,development,5
30,12261,53899,Bl9eiIsdQdc,UCdB6k3Q_dkVJ77cV9tVWzcQ,development,2
30,12262,53901,kIm5eQ0HaE0,UCdYKWxPPJG4GBg_YdB33vKQ,development,2
30,12263,53903,3TVYgQzr0AM,UC_Yt4EUT5dtwOxMm6sheYrQ,development,5
30,12264,53908,psN-_RRqjZA,UC7-JGEBb4S3an5tS96rlHaQ,development,3
30,12265,53913,4mDpWFmJ_cs,UCCK3OZi788Ok44K97WAhLKQ,test_reserved,
30,12266,53916,I8PaQdXk8U8,UCu3jIK2NBSXc0_YaFqEuIrg,development,2
30,12267,53924,k4aCALUBKM0,UCErq12gvrb2Gm0x1cavQVAA,development,4
30,12268,53930,f3J09Y0_V7Q,UC5_mCvFp3zgtxoX1W9yHHHQ,development,1
30,12269,53932,nqRPNcq4kp0,UCfQfw--8dPGypR7sGcXJz0w,development,5
30,12270,53937,p2emBij9nDM,UCIoyIVPZEfC2p0dQwAxGiEw,test_reserved,
30,12271,53943,oUOGAxm9Rak,UC8rcDufKZ3W6CtZU69CtMXg,development,5
30,12272,53948,iRfDDXt9N3g,UCYmEcbCgb9yxZZJGH1rtn_Q,development,3
30,12273,53950,iJ4q40KxNNk,UCckltLEhFLv8Xz_lQhYfwmg,development,1
30,12274,53955,1M7hPd10vCA,UCckltLEhFLv8Xz_lQhYfwmg,development,1
30,12275,53958,ImWOyIZZmKg,UC7mhtAaF1ESJgCozpoS2lcQ,development,3
30,12276,53960,4GI_KwVJ0qw,UCsCp9NfFhRhL6DvDjWtAweg,development,1
30,12277,53963,vDiaGEh6LQc,UCWr_3S-gYx33CVRDXSYSDhA,development,1
30,12278,53965,OL8T6vcM1VU,UCyatESKDOtYoUqC3zXhREzw,development,3
30,12279,53966,sacKxlsWBWg,UCckltLEhFLv8Xz_lQhYfwmg,development,1
30,12280,53967,LtGiUvox4VU,UC6jQt9K_jqnBNtsRf7hXHsA,development,2
30,12281,53968,b4xxOBUq2l4,UC3tvYy-s84yySG7V85jRDnA,development,4
30,12282,53979,b7H1sm-4i8A,UCmrLu4r89ykOzmtmbAeEklA,development,5
30,12283,53986,_7FXboNpcnc,UCAH7R88V7gz7RqJv78nNOzg,development,3
30,12284,53987,BcBqIzC7qS0,UC_hR1wSDcKjBRTlKtp6LK1A,development,4
30,12285,53990,j6LU-NiDE2E,UCdFdozW-sxC7w261KxLQMEQ,development,1
30,12286,53996,9ShB6MDg2-s,UCF0T1yveWR0SkQ-k8RNf9sw,development,1
30,12287,54000,JDof1UgbVJ0,UC5uGexidH3WqbErqSX_EGJA,development,1
30,12288,54007,1NFz2nVICw4,UC3tvYy-s84yySG7V85jRDnA,development,4
30,12289,54008,TI1maQrSwZY,UCFjPN4qKreAn3tB36QMYiRA,development,5
30,12290,54011,t6BSNkkisy4,UCDqFysWGVtduHRyawK8oJkw,development,5
30,12291,54013,hMQ65-KVQN8,UCRB8mrLCcwTPlJOMUy9MDUg,development,2
30,12292,54014,EVLSZNL1P44,UCbS_glb2N1NVTrDLVryRbng,development,4
30,12293,54016,rWngHWo9S8A,UClfffHYKuZqi1DFcb77Tn4A,development,2
30,12294,54018,TrrMcUyuHO0,UCckltLEhFLv8Xz_lQhYfwmg,development,1
30,12295,54019,PM2jESuvRVQ,UCrtXFLaJQUh6R8xjW6l5tMQ,development,1
30,12296,54023,fAARXjBOu-s,UCrJA25R_KDe3dM1sLZK7gCQ,development,5
30,12297,54025,mhTsXTbmWdk,UCu3jIK2NBSXc0_YaFqEuIrg,development,2
30,12298,54028,XEZdqa5gjxY,UCOtYyt7W5PmPnwQjWWF_Z-Q,development,3
30,12299,54029,n9BSEiha9Ow,UCcrsFwwoMvcXYpJ0XldIlVQ,development,5
30,12300,54032,QUqzNGkLvN4,UCaI7IwVdrAcfhu3cp6x4T6Q,development,3
30,12301,54033,ALS4s-8RkcQ,UCgnFSj7jQffD5V5m05j4dPw,development,5
30,12302,54035,eWFMOdcELeM,UCbS_glb2N1NVTrDLVryRbng,development,4
30,12303,54036,16ANEIezafY,UC1YGPDtctHGJWW0NrlQVklw,development,5
30,12304,54038,dlqzv5AYAqo,UCCK3OZi788Ok44K97WAhLKQ,test_reserved,
30,12305,54039,t8UHoymRKhE,UC944GuW0gSM0srEsZSZRQEQ,development,1
30,12306,54042,BdpQ_xHntxU,UCfQfw--8dPGypR7sGcXJz0w,development,5
30,12307,54045,Z0aiWDjXcRw,UCckltLEhFLv8Xz_lQhYfwmg,development,1
30,12308,54051,3ILn-IxLNVo,UCmrLu4r89ykOzmtmbAeEklA,development,5
30,12309,54052,ldpfILPceMg,UCRB8mrLCcwTPlJOMUy9MDUg,development,2
30,12310,54058,I6mnIyErzL8,UCgnFSj7jQffD5V5m05j4dPw,development,5
30,12311,54061,Mb_tavCxlo4,UCcijXxFzSXgoM6q9cCtT9PA,development,2
30,12312,54062,aIRAoax-xUU,UCgnFSj7jQffD5V5m05j4dPw,development,5
30,12313,54067,IzbaIslZGog,UCr5BVR_ePEz_9V-KF5rSEmQ,test_reserved,
30,12314,54083,Bsz9LMNOvM8,UCCK3OZi788Ok44K97WAhLKQ,test_reserved,
30,12315,54086,fQR-0NFKFeY,UCR6bwkq2RbGG12zWqD9YRvw,development,3
30,12316,54090,LdwKH1OB5H4,UCaIc6SgS90ud_RgMSC6hW_w,test_reserved,
30,12317,54094,W9MRylA-bYM,UCldiq7Z0JJVSkGXVgfV2qtg,development,2
30,12318,54097,dA0wv0RPVvQ,UC2sbMVU3YATVZQCRpHPKLcA,development,5
30,12319,54103,TUTZflvFtyk,UCckltLEhFLv8Xz_lQhYfwmg,development,1
30,12320,54107,LeupaAW6OjA,UCFAQPiyzxj7BNfeKWGsR5gA,development,5
30,12321,54109,zRIUlxsE4Cg,UCRDDfbYPHX_GUJ4lcQYTc8A,development,2
30,12322,54112,sJxS8Fd9lk4,UC1mSe8-rrpRmY2uITst70SA,development,2
30,12323,54116,YA6nVdPzv3k,UC95VofaZiQPFwRMaqPhLc0w,development,1
30,12324,54117,h4O_qN42JrY,UCOtYyt7W5PmPnwQjWWF_Z-Q,development,3
30,12325,54118,6imJeCse9pc,UCZ6MS5ygBzz25PnSMaAw8PA,development,3
30,12326,54119,jUw_EM2C2KY,UCckltLEhFLv8Xz_lQhYfwmg,development,1
30,12327,54121,2dSiNil2B7Q,UCYk97F4sCu3hEWp6YEH-Dow,test_reserved,
30,12328,54137,kalvcVMCEm0,UCbS_glb2N1NVTrDLVryRbng,development,4
30,12329,54139,oHv7Rur29no,UCCK3OZi788Ok44K97WAhLKQ,test_reserved,
30,12330,54142,gtx1kTJ45hA,UCa3BMXA9qcVqMtfnq7d977w,test_reserved,
30,12331,54146,Y09c7uqln1g,UCRDDfbYPHX_GUJ4lcQYTc8A,development,2
30,12332,54150,6sMMjC1hCac,UCAH7R88V7gz7RqJv78nNOzg,development,3
30,12333,54152,nfJ1FEER0v4,UCC3G1NO0V-xRNyl5ckkfsxQ,development,4
30,12334,54157,trzmeQwe7Jo,UCr5BVR_ePEz_9V-KF5rSEmQ,test_reserved,
30,12335,54159,ErmpDdxV2wQ,UCOtYyt7W5PmPnwQjWWF_Z-Q,development,3
30,12336,54162,3-kO5_nWZQQ,UC12Ujt77-UFGXPAalKwuXDg,development,2
30,12337,54173,62u6DTalnzk,UC3yN9e-0s6ilBpfVlj2IWoA,development,4
30,12338,54190,iK5PpNZh5_Y,UCWr_3S-gYx33CVRDXSYSDhA,development,1
30,12339,54202,-wDdZk2mwVI,UCql-jEixeuMcyabHRYqr-Zw,development,3
30,12340,54213,-J26KyaSukk,UCPF69AP3W-ngo3QLFWKqx8w,development,4
30,12341,54215,nsfEnbnoXoU,UCls_uDOm2aY8LP8tP1Z4BOQ,development,3
30,12342,54219,x7WT_tfokvY,UCAH7R88V7gz7RqJv78nNOzg,development,3
30,12343,54220,n0fWDh8PiUg,UCRK13WgCsr2N6y9cbeEq39g,development,3
30,12344,54221,DjEO4-dfgxo,UCgnFSj7jQffD5V5m05j4dPw,development,5
30,12345,54227,Bbn9i9_6RjE,UCJ44oEtQ4TUPUbVS6hLI9Hw,development,5
30,12346,54228,hi95HZIfBGk,UCZpPfCxvP6T9rCkDX3tQfOw,test_reserved,
30,12347,54229,ChfQOf1_oHI,UCMayHG7j39d11Gh36vV7GnQ,development,3
30,12348,54235,9hllgasmtf8,UCUh8FFbl1BfRmzL9t4Fkykw,test_reserved,
30,12349,54240,yn3uARGxsng,UCSw_5fZrselH_au61zvIpJw,test_reserved,
30,12350,54242,pFmV_Y8UUTM,UCPXSUKHTNc1_hnHuj-UiQWQ,development,4
30,12351,54243,v3StHX-QEOs,UCUzsesaP5G628WVuqEckF8w,development,5
30,12352,54246,umeugZv7-zk,UCCK3OZi788Ok44K97WAhLKQ,test_reserved,
30,12353,54248,3Eg3dnXaMbY,UCbS_glb2N1NVTrDLVryRbng,development,4
30,12354,54255,u6gotc_1Hj8,UCbS_glb2N1NVTrDLVryRbng,development,4
30,12355,54264,JlWEMDRiNcg,UClBC9kT7SSFliwTgLQ7Ms4g,test_reserved,
30,12356,54269,6Dhv-PhxF9w,UCAH7R88V7gz7RqJv78nNOzg,development,3
30,12357,54270,sifdwKbq2Vw,UCgnFSj7jQffD5V5m05j4dPw,development,5
30,12358,54277,eJiA4NjzJFk,UCXRnXDVoCjqUN_sOJweAXyQ,development,5
30,12359,54279,ewFUDbBToro,UCPfU0uygBGutjaaJU5PpEvg,development,2
30,12360,54290,LeqddMUvYb8,UCckltLEhFLv8Xz_lQhYfwmg,development,1
30,12361,54297,JSXQmWX4bsQ,UCd-gmzevnJBe9jHuNDMrI0w,test_reserved,
30,12362,54299,Mf3PbGOJEXw,UCyhM9-y17fHHp-laYCEvT2g,development,1
30,12363,54307,iY6nWj3dQBg,UCKZTcTfmoKmUNQ8G14yL_bQ,test_reserved,
30,12364,54312,VmxAezmjvBI,UCgnFSj7jQffD5V5m05j4dPw,development,5
30,12365,54313,Wp-bd4w7D6E,UC1hcl0aIr9KtXA-Kiq9itqw,development,3
30,12366,54317,zAzLbDLGTCA,UCRyHK0HPW8OQtTqtRLqCMlw,development,4
30,12367,54319,YYuEv_K9fCA,UCCK3OZi788Ok44K97WAhLKQ,test_reserved,
30,12368,54327,NrUcEKb3ZMY,UCcijXxFzSXgoM6q9cCtT9PA,development,2
30,12369,54329,TqT_mcaqOhU,UCh9qXeL8eP3Txra2908xksg,development,3
30,12370,54330,VZ_RXiIuHiY,UCSSdxN7FMswC7GFnvVON-eQ,development,4
30,12371,54332,493XKqJIP3w,UCi7NA4jgRbTDZG50Gku70EQ,development,2
30,12372,54333,h7fyo-uHtmc,UCcspHoBTj_aLhnJLwkMpWHQ,development,3
30,12373,54336,x1-n5e0hgzk,UCqrqt9Egbp4Voh3iEUUoorw,development,3
30,12374,54343,xsm856fw0Lc,UC2Amu02bFnMs-XglUunh44w,development,4
30,12375,54348,HQprJOSR2Wo,UCckltLEhFLv8Xz_lQhYfwmg,development,1
30,12376,54353,D7NUzEbSgWQ,UCOtYyt7W5PmPnwQjWWF_Z-Q,development,3
30,12377,54366,_kJcviQ3sMo,UC2-G0rYWhRDRck575AitgHw,development,4
30,12378,54367,IS3JNUDTyuQ,UCOtYyt7W5PmPnwQjWWF_Z-Q,development,3
30,12379,54370,V7oUlnZA2Q8,UCAh_a0VFh-paEuVM_ITrreA,development,5
30,12380,54372,95AGhOuAEEs,UCgnFSj7jQffD5V5m05j4dPw,development,5
30,12381,54379,J0TVVGDFb_c,UCaI7IwVdrAcfhu3cp6x4T6Q,development,3
30,12382,54383,be3YlEpGXQw,UCLA8Ovy_NPAwMWvr8IEDquw,development,4
30,12383,54388,Gg9LeK--YsY,UC38c_i9VoaIjDpp46l35d0w,development,2
30,12384,54389,rHnmAxis9Co,UCOtYyt7W5PmPnwQjWWF_Z-Q,development,3
30,12385,54392,R_YM-VDdY7w,UCskNFH2e4ptFTkgeVmFPNhA,development,2
30,12386,54406,4zSuA6XSJqs,UCM19g5ow7vLXDTYx_j9Z7VQ,test_reserved,
30,12387,54408,0prDm7gL56M,UCCK3OZi788Ok44K97WAhLKQ,test_reserved,
30,12388,54409,bm0rEudSw0g,UCckltLEhFLv8Xz_lQhYfwmg,development,1
30,12389,54414,Fetuxl4W3HQ,UCmrLu4r89ykOzmtmbAeEklA,development,5
30,12390,54418,JCRVxA6gn7w,UCgnFSj7jQffD5V5m05j4dPw,development,5
30,12391,54420,579G8n_fPvo,UC_EnhyT0tXl1N9Ul9bGT3og,development,4
30,12392,54421,uKbbEfJBF5I,UCaoUDHP-lpKY06Y3axFEmew,test_reserved,
30,12393,54425,Z6TPIyS1cu4,UC8rcDufKZ3W6CtZU69CtMXg,development,5
30,12394,54430,-SSlFvPvIdw,UCT83ymyAGm7Gnk_4ifxjxIA,development,4
30,12395,54432,SHNJU9TWN6s,UCHQfFg_epoUK0htwmiUyzEQ,development,3
30,12396,54434,Dkcy9jYlUU0,UCsU0TSt6Jm_yLlTkZS-FvUw,test_reserved,
30,12397,54437,fHTbctUulCI,UCuJmg9Gw1uO-JGVLk9iACDw,development,2
30,12398,54439,2_EBkjSsFa8,UCp3vt0JWTbhd15j9PSn3RnQ,test_reserved,
30,12399,54446,cJetH6WNecA,UCPXSUKHTNc1_hnHuj-UiQWQ,development,4
30,12400,54447,ipbIerQShTk,UCacIRbbu-hgx4sRW6tZPRoQ,test_reserved,
30,12401,54455,2a_dzYQBS8A,UCXfgx23Lw81I4wsCNhdVBgw,development,4
30,12402,54458,iELs478XQ78,UCbS_glb2N1NVTrDLVryRbng,development,4
30,12403,54459,KC04Qxs1s3o,UC0554zf4RvVkxwt_tS4Wx_g,test_reserved,
30,12404,54462,rMiqJfMgIKE,UCckltLEhFLv8Xz_lQhYfwmg,development,1
30,12405,54463,Y7SASTQnbaY,UC6MkngMDyobFNaXOZR0ukyQ,development,1
30,12406,54464,dzUNZMyXkOk,UCfQzTP1jc7JXj8hYtG31osw,test_reserved,
30,12407,54465,pWjYSTlwhgs,UCbS_glb2N1NVTrDLVryRbng,development,4
30,12408,54470,LVfC_GawTuw,UCt1uMmva5HBK0qu1hTGGvzA,development,3
30,12409,54483,NMh6ATqgLEA,UCQTcNhAZidy1i9wwmdgf2Lw,development,4
30,12410,54488,hpDdf_W2RlQ,UCc30sTBdN9LRSxEuHaXV_bQ,test_reserved,
30,12411,54489,_o8ypcSLuS4,UCm8I2aLYgPm_gdzw4SSkiGg,development,2
30,12412,54491,DL0AXd2tw4I,UCOtYyt7W5PmPnwQjWWF_Z-Q,development,3
30,12413,54492,EEuIt2uZ4u8,UCckltLEhFLv8Xz_lQhYfwmg,development,1
30,12414,54496,tuhlE-bsq6Q,UCmrLu4r89ykOzmtmbAeEklA,development,5
30,12415,54499,5MYN82cdfFs,UC9ydRoXpQVhwb3sM7VY8xNg,development,3
30,12416,54501,Ewh8794So6E,UC3Tc2fr9_zSVZe-ikKOsQHA,development,2
30,12417,54507,_GMCfHtm3-0,UC6yh7ac2hUGUbrZl_IXwoug,development,5
30,12418,54508,a81_XQ6Ly8M,UCcwCsuV7bOpTfqf2UvLfYmg,development,2
30,12419,54509,UWGI_mUvV1c,UCCbm1E52PV05ZLv6dtRB92Q,development,5
30,12420,54512,46ta4xSb_7A,UCfRI_QAUlt-EoAEavmuTHOg,development,3
30,12421,54515,3UxqQzfIPX8,UCm-TXzgh9U2K3wjWzY0XX0A,development,1
30,12422,54521,4DQYb9SRjYM,UCDWDuArgzMjvihWp47GYzKw,development,2
30,12423,54523,wk792h2Bx7g,UCbS_glb2N1NVTrDLVryRbng,development,4
30,12424,54525,Gk_n2AsE3ZY,UCYga1ycTsoZn6Y_xlrdw0iA,development,4
30,12425,54530,x-Fm-wuSU2Q,UCix7C1KG_SPtiMXommMExNg,test_reserved,
30,12426,54552,93qjFiiV8Pc,UCMW_Sgzlaezz3MHg3BtgKbw,development,5
30,12427,54554,AKEWObaekPY,UCOtYyt7W5PmPnwQjWWF_Z-Q,development,3
30,12428,54558,hBXuIBrDrOA,UCzO0Ody4SmI_XFRrXW848eA,development,2
30,12429,54568,9S-M9_d1b6Q,UCckltLEhFLv8Xz_lQhYfwmg,development,1
30,12430,54571,oJNDNu4MYdU,UCCK3OZi788Ok44K97WAhLKQ,test_reserved,
30,12431,54581,9iOycgAAHxA,UCOtYyt7W5PmPnwQjWWF_Z-Q,development,3
30,12432,54582,xsc07WcxqDU,UCbS_glb2N1NVTrDLVryRbng,development,4
30,12433,54584,l65RoKU2Cis,UCol1SzfebXhRo0ltxOJZ9cg,development,2
30,12434,54592,zGsPNG4p9co,UCckltLEhFLv8Xz_lQhYfwmg,development,1
30,12435,54593,Viz-6dtGTrI,UCckltLEhFLv8Xz_lQhYfwmg,development,1
30,12436,54595,q_lwj_TQ3vY,UCXx6WMAaI1c0yJ5LFlISadA,development,2
30,12437,54602,S6ssdDQej9c,UCc30sTBdN9LRSxEuHaXV_bQ,test_reserved,
30,12438,54603,3rq5wXymGEE,UCckltLEhFLv8Xz_lQhYfwmg,development,1
30,12439,54607,P1Psq86XfpE,UCaI7IwVdrAcfhu3cp6x4T6Q,development,3
30,12440,54608,54DtKJjOYPQ,UCOtYyt7W5PmPnwQjWWF_Z-Q,development,3
30,12441,54622,fC8lK7a5fQw,UCaESx7Bdghv_UICcG1hBkcg,development,2
30,12442,54624,XTupNBYKjPg,UCM3bQBUJ0PEbgfe9lAw_Y3Q,development,3
30,12443,54629,X-oAj9bwgmI,UCckltLEhFLv8Xz_lQhYfwmg,development,1
30,12444,54641,dsyF6mnOAPU,UCq0hVW_G5kWt2ocLhbjOtGg,development,2
30,12445,54643,Xt104k6_Gj0,UCgnFSj7jQffD5V5m05j4dPw,development,5
30,12446,54644,sPidZceKXIA,UCq3WWAoJj0DOQC3G7ri1cug,test_reserved,
30,12447,54649,1_854EIdlg4,UCrVFS_0PdV7AwyTgR13IcVg,test_reserved,
30,12448,54654,Py9TvFozzYE,UCiitqGvliLalpXfO191ha0w,development,2
30,12449,54655,v3GJL69uy9k,UCz4tFXMYlQkcfRuVeAuBOoA,test_reserved,
30,12450,54658,7RKnBmKX2n0,UCeLO_4Xmr0Zm2AHsbD50Sfg,development,3
30,12451,54659,L_7hArE2-E8,UCPXSUKHTNc1_hnHuj-UiQWQ,development,4
30,12452,54661,DGHZBxKwOok,UCOtYyt7W5PmPnwQjWWF_Z-Q,development,3
30,12453,54663,sSOZD0RJoOM,UCgnFSj7jQffD5V5m05j4dPw,development,5
30,12454,54665,bIydoyY-PwE,UC0JsqPe9WUywp6hd6vTcxkw,development,3
30,12455,54666,_xVgABp112A,UCckltLEhFLv8Xz_lQhYfwmg,development,1
30,12456,54672,RljTmvnrV2s,UCQxYcvX5hnGJvuTFzKng-Vg,development,2
30,12457,54676,53QYpFjGRAU,UCzNxbzqN0to4GNb9otFuGJQ,development,1
30,12458,54677,BNOvaCDwYVU,UCckltLEhFLv8Xz_lQhYfwmg,development,1
30,12459,54682,QZokfCZmnvI,UCcspHoBTj_aLhnJLwkMpWHQ,development,3
30,12460,54685,yZOYVczgYYI,UCQTcNhAZidy1i9wwmdgf2Lw,development,4
30,12461,54691,nGeJpToLrp4,UC8qBNfgWRK_WYYGSmmrfgPA,development,4
30,12462,54698,t8vYat8oEl4,UCM3bQBUJ0PEbgfe9lAw_Y3Q,development,3
30,12463,54702,ZG5EQ_pv_B0,UC8rcDufKZ3W6CtZU69CtMXg,development,5
30,12464,54713,AvwHI9jg87A,UCmwIKQQjwpjNT8OQ_VZuRfg,development,3
30,12465,54714,VroIOMuI9DY,UCppSNX9SEvI6TM1U0GLGQyA,development,2
30,12466,54715,4o5K4cMw7ns,UCmqflTSJ6911aCrnaWIXxsA,development,3
30,12467,54721,Tuz3qfNKFoc,UC5yW2uhi5gYssl3REs2QLLg,test_reserved,
30,12468,54726,yqunjJe8n-E,UCes373iqg3EYZrnuhDWkfeA,test_reserved,
30,12469,54728,TRX6PXmoI9Q,UCjpGxXMEnHYxF_T9ZIeieqg,development,4
30,12470,54731,-xy-s-KIUQg,UCc30sTBdN9LRSxEuHaXV_bQ,test_reserved,
30,12471,54737,NT0YFp7rfSs,UCcg4tDKgPLIc_x3lhWdogLg,development,4
30,12472,54741,ed03M6EHi0Y,UCckltLEhFLv8Xz_lQhYfwmg,development,1
30,12473,54743,3Smp8tlaVJc,UChJFPdvtzyTPxMAysD4FX-w,test_reserved,
30,12474,54746,hA1Y4KqHUGo,UCtZyfc8g7BwrOuPcZz08lTQ,development,3
30,12475,54747,tquEG3DbtVc,UCCXHDSRJKfNBLNJmIegx8Lw,development,4
30,12476,54749,SX09iEUiv6Y,UCYk97F4sCu3hEWp6YEH-Dow,test_reserved,
30,12477,54751,SMDJju2jBVo,UCckltLEhFLv8Xz_lQhYfwmg,development,1
30,12478,54755,71HyYOUeIEQ,UCckltLEhFLv8Xz_lQhYfwmg,development,1
30,12479,54759,axmwDUrvHsU,UCh2Xwe7on2Oa2MBtk8zvEuw,development,3
30,12480,54760,9FkyXkjO1II,UCK71gEn4lLLToHx50jwMyNg,development,2
30,12481,54764,ngwv5z-yyN8,UCCK3OZi788Ok44K97WAhLKQ,test_reserved,
30,12482,54768,rRoe0iJK9OU,UCbS_glb2N1NVTrDLVryRbng,development,4
30,12483,54773,sUmM4zFY-Tc,UCUzsesaP5G628WVuqEckF8w,development,5
30,12484,54774,nmkGXQOa8G8,UCA5xW2Ce7KT2AtxzDYDebCA,development,4
30,12485,54781,qGIi6PDEz_U,UCoe7M9QIuCkZ3R0JEqIIBAA,test_reserved,
30,12486,54783,30bNwMq9Zfw,UCRDDfbYPHX_GUJ4lcQYTc8A,development,2
30,12487,54784,FtJtmq5Hcco,UCckltLEhFLv8Xz_lQhYfwmg,development,1
30,12488,54786,9YBFdEmgA5U,UCafJV2dgvIHYxjKb4GJpV7w,development,4
30,12489,54788,P3XA7BauC-c,UCR3nGOOIQNxWyGFn8a0cIGw,development,1
30,12490,54792,rbMR-EelJ7w,UCTlVnv2IrpdHPiB4PeaH6Lw,test_reserved,
30,12491,54793,11q4Y4pj6kY,UCAz-peNBHr6_KTtl0sPBavg,development,1
30,12492,54794,3nkAwGaVgY8,UCoz7UhbfPFJyljIIV2saR7A,development,3
30,12493,54808,QqwYMHZXzl0,UCckltLEhFLv8Xz_lQhYfwmg,development,1
30,12494,54816,xtaSUjMGNWk,UCm3mXl7hQbHVMxhKaOeEhYA,development,4
30,12495,54817,Xzrp54UOEGU,UCMAsQ6boj7sTPjNAlYxMMCw,development,5
30,12496,54824,gbnzZVoCifo,UC0tV1b7IFEXFUUILF7mAcWw,development,5
30,12497,54826,-d4mkt-e8aU,UCq0hVW_G5kWt2ocLhbjOtGg,development,2
30,12498,54827,JYo_aEm83JA,UCckltLEhFLv8Xz_lQhYfwmg,development,1
30,12499,54832,uIrkigPb1Sc,UCckltLEhFLv8Xz_lQhYfwmg,development,1
30,12500,54839,wjwi7UfNd6Q,UC-yc8jrjmaMFVsXdLccngbQ,development,3
30,12501,54846,gWhTQLP2lJg,UCZ-RBSr_ZD-jWWDgZmFyZyw,test_reserved,
30,12502,54847,FjwivHQzwPk,UCOtYyt7W5PmPnwQjWWF_Z-Q,development,3
30,12503,54853,u-cGNCOBl6s,UC1YGPDtctHGJWW0NrlQVklw,development,5
30,12504,54854,4LJj6h0hqJA,UC5ZNkdIVKL-M3KrNaCEzveg,test_reserved,
30,12505,54858,go7-RZjhXH4,UCbS_glb2N1NVTrDLVryRbng,development,4
30,12506,54859,dq2FALopUzY,UCCK3OZi788Ok44K97WAhLKQ,test_reserved,
30,12507,54868,DZ9vCX6p8VM,UCckltLEhFLv8Xz_lQhYfwmg,development,1
30,12508,54869,VhmvjdQNjBY,UCaESx7Bdghv_UICcG1hBkcg,development,2
30,12509,54876,fEaVTPx3HMU,UC7mhtAaF1ESJgCozpoS2lcQ,development,3
30,12510,54891,yIuXBzy0nwg,UCT83ymyAGm7Gnk_4ifxjxIA,development,4
30,12511,54894,R2JbQIHO1jY,UCqrqt9Egbp4Voh3iEUUoorw,development,3
30,12512,54899,hXe9dWpA-mo,UCjKSK3d5r0O78WGnMouSvDw,development,5
30,12513,54902,TNrsv5TzmX8,UCwsNWoSlQUyeWgbVQYZtLOA,development,2
30,12514,54903,nz79d9CUsdY,UCV-q7cRK5yFYEFzWuoQOmQQ,development,4
30,12515,54910,LnCv8sZTJY0,UC2b5VAYjsOfepl9nAXgRmfQ,development,4
30,12516,54912,51fCrwElLqY,UCA3ySoIja49MCS54EJSv50w,development,5
30,12517,54915,qyWxMyU7LyE,UCCbm1E52PV05ZLv6dtRB92Q,development,5
30,12518,54919,5rH5G9eL3KA,UCckltLEhFLv8Xz_lQhYfwmg,development,1
30,12519,54925,h3TL8QxG1Dw,UCbS_glb2N1NVTrDLVryRbng,development,4
30,12520,54930,pvsGqUiiKSI,UC5HK5iZs2UB55Bum9BBbajg,development,2
30,12521,54932,Q7bBONP46Yo,UCQkPhQ-6NhA1v7Tpsp6EnKQ,development,1
30,12522,54941,Euoh1lrWdQQ,UCCK3OZi788Ok44K97WAhLKQ,test_reserved,
30,12523,54942,bZ7tKAxKaFs,UCXfgx23Lw81I4wsCNhdVBgw,development,4
30,12524,54943,On6xiaOug74,UCQTcNhAZidy1i9wwmdgf2Lw,development,4
30,12525,54952,WZo34gANgJw,UC1YGPDtctHGJWW0NrlQVklw,development,5
30,12526,54957,13Ws15HAfWs,UCRJcNfmSJ0jOwKw270tEkAw,development,5
30,12527,54963,uTTWx9anHJs,UCCK3OZi788Ok44K97WAhLKQ,test_reserved,
30,12528,54966,i9iNmVkSsuA,UCgnFSj7jQffD5V5m05j4dPw,development,5
30,12529,54969,IGxY-0ixbHo,UCOgsOVUELkkv_irhET9kK_Q,development,1
30,12530,54972,U3yrtQ90oFA,UC0Ixpv316Cz0tAqp900J-qg,development,1
30,12531,54976,nziKuYjzl8A,UCbS_glb2N1NVTrDLVryRbng,development,4
30,12532,54990,W3N96CiImn0,UCk9jF1m8XqLTOcixWkGb0jg,test_reserved,
30,12533,54997,7ez9mXp1h1s,UCWLLcchNMCl8I5cGAMQYdpA,development,3
30,12534,54999,CiMCOJGRjyY,UCidNC9-9DsHj3FmP5N42Lqw,test_reserved,
30,12535,55002,ZZNjZFQGmZs,UCYKyUJ4cVLcnU6rUyJvOupg,development,2
30,12536,55009,URzidNPjg2o,UCCK3OZi788Ok44K97WAhLKQ,test_reserved,
30,12537,55016,-tYjru9VnzE,UCbS_glb2N1NVTrDLVryRbng,development,4
30,12538,55019,0QHtnirtDnM,UCVU09OJkBIHZTGb-acbajoQ,development,4
30,12539,55020,JYEmfGokaho,UCyrW9aDENkU6G6URdVFwB9g,development,1
30,12540,55026,HAGwUqoGlAo,UCVc_jmqkqUNgEqBZ2pxOyyA,test_reserved,
30,12541,55027,NLmKrkvmETU,UCckltLEhFLv8Xz_lQhYfwmg,development,1
30,12542,55028,EoOuTMNLGso,UCckltLEhFLv8Xz_lQhYfwmg,development,1
30,12543,55042,2WRun8N96sU,UCQTcNhAZidy1i9wwmdgf2Lw,development,4
30,12544,55044,T1P3hFiQEmQ,UCQTcNhAZidy1i9wwmdgf2Lw,development,4
30,12545,55047,Fgn8QRv-ZQM,UCOtYyt7W5PmPnwQjWWF_Z-Q,development,3
30,12546,55050,VwPD7VUqklg,UCn0XmAUFv6d2tofMFEesSNw,development,5
30,12547,55058,lKBt_URBoo4,UCrVFS_0PdV7AwyTgR13IcVg,test_reserved,
30,12548,55060,fmMuc_mVtts,UChtQ7TCSKmvCIqonz1eto1w,development,3
30,12549,55061,oOS8TQqx0UI,UCMxeqmVKOqiqh7V_A3h4gfA,development,2
30,12550,55062,6HvBfB_ewcg,UCOiMY00_ZLijPF6InrCl0TA,development,3
30,12551,55067,P8n2kIONeCg,UC5uGexidH3WqbErqSX_EGJA,development,1
30,12552,55079,8Qocl7VJXuo,UCQTcNhAZidy1i9wwmdgf2Lw,development,4
30,12553,55082,7W_nI1dQQvw,UCT83ymyAGm7Gnk_4ifxjxIA,development,4
30,12554,55084,I9f8APmFACw,UCJc1hbJPvG5f2v8iSPG-3CA,test_reserved,
30,12555,55091,zu0RSidUnBc,UCgGWyBs51NVNDxP-tXEhlZw,development,4
30,12556,55093,yi3kUGOMdW0,UCbR7juPwtP-bV_w0840ciYQ,development,3
30,12557,55096,-wIZe7kzCqw,UCc30sTBdN9LRSxEuHaXV_bQ,test_reserved,
30,12558,55108,Fo1hkd5lvu0,UCQTcNhAZidy1i9wwmdgf2Lw,development,4
30,12559,55116,IDREbmffZPk,UCcCp0B0bypJE4EJjwq8u2lQ,development,2
30,12560,55122,GbGUxXBbNWM,UCf2Iar2LDcFaSCnVH1ZMUkA,development,4
30,12561,55125,n1iH5exM-gY,UCOtYyt7W5PmPnwQjWWF_Z-Q,development,3
30,12562,55129,e7tcVsOgm2M,UCCK3OZi788Ok44K97WAhLKQ,test_reserved,
30,12563,55136,C0ckDox0edk,UCkagcQYGoYFuXsUg-ObSL6A,development,5
30,12564,55137,mjI8rjcR6vE,UCckltLEhFLv8Xz_lQhYfwmg,development,1
30,12565,55142,maMpl1jv1MI,UCdB6k3Q_dkVJ77cV9tVWzcQ,development,2
30,12566,55151,SQWU9ecgpRw,UCfQfw--8dPGypR7sGcXJz0w,development,5
30,12567,55157,ZdlQ22VXOpA,UCckltLEhFLv8Xz_lQhYfwmg,development,1
30,12568,55160,qLQzvMZnYYs,UCh2Xwe7on2Oa2MBtk8zvEuw,development,3
30,12569,55161,yGt3pguUdO0,UCF8njG8eE_xhXZuegdSkytA,development,3
30,12570,55163,yo29AtuE0hQ,UC2b5VAYjsOfepl9nAXgRmfQ,development,4
30,12571,55166,00a0iWD8eVA,UC0nMJ3QNryBHZpy1P3Wamwg,test_reserved,
30,12572,55169,TT6EYNkXUAs,UCf48pki8AqjBHuV80LcC7kA,test_reserved,
30,12573,55175,_pg4Q8eIL98,UCgnFSj7jQffD5V5m05j4dPw,development,5
30,12574,55178,hdt9jhvRO8c,UCaESx7Bdghv_UICcG1hBkcg,development,2
30,12575,55179,k-OReSeNN7A,UCUjrGH_aRUuOP-BGBAQyZOw,development,3
30,12576,55180,AIxuNz1auqQ,UC8lKgUHo-2mSR5cRRXO9xow,test_reserved,
30,12577,55181,zinJlysMO0Q,UCgXtlvhFq4vzq8IKUBBTKYw,development,2
30,12578,55185,_XjH957xAjo,UCdZRFHIhq7TpUNSLXRlt7rQ,development,5
30,12579,55191,US0JiWCEwwE,UCCK3OZi788Ok44K97WAhLKQ,test_reserved,
30,12580,55193,Pe5ntsVOFjg,UCOtYyt7W5PmPnwQjWWF_Z-Q,development,3
30,12581,55196,0D7BamdE6T8,UC0duLcyQT9tghWHfexjuTxQ,test_reserved,
30,12582,55211,5h6eWKgqP5Q,UCvfwXFsI8J-iRMpG1SE8lgw,test_reserved,
30,12583,55216,7R3u6_1wXE8,UC5p0VT3GMM-PEYL_gulNSnA,development,3
30,12584,55221,zrJB50Fo-cM,UCXfgx23Lw81I4wsCNhdVBgw,development,4
30,12585,55236,PqNxCY8jzyw,UCcijXxFzSXgoM6q9cCtT9PA,development,2
30,12586,55241,0yDBhwZZ4Ys,UC6IHfZ-Rez2LR0PH01YxL7w,development,1
30,12587,55248,ZyRBjzvFrak,UCCsjZs33zzyQ5VmCz7_YgvQ,development,3
30,12588,55262,7F3h8hMbrSA,UCCK3OZi788Ok44K97WAhLKQ,test_reserved,
30,12589,55265,l4ThabJAJfQ,UCckltLEhFLv8Xz_lQhYfwmg,development,1
30,12590,55273,TeJ6tVDfpUw,UCcijXxFzSXgoM6q9cCtT9PA,development,2
30,12591,55274,umJImwqrSQI,UCckltLEhFLv8Xz_lQhYfwmg,development,1
30,12592,55277,9uDtTVGOKwI,UCJmv3smPAGjWh4URe2nlhag,test_reserved,
30,12593,55291,e2BDQ1cCL_4,UC0tV1b7IFEXFUUILF7mAcWw,development,5
30,12594,55298,DtMOP151oVQ,UCcbOsE5_4LEjtQi8X2PFxDw,development,2
30,12595,55303,JdBWBp9MeEo,UCaESx7Bdghv_UICcG1hBkcg,development,2
30,12596,55304,tFhlWuizvBk,UCUjrGH_aRUuOP-BGBAQyZOw,development,3
30,12597,55309,WesMTDhb1mM,UC-GRFwciK7JiP8T4tl0pftQ,test_reserved,
30,12598,55319,pBcMWr-XfmY,UCy9n9YrTsfIMdaPhKYRsdLQ,development,2
30,12599,55325,sj4RwOHqljo,UCAH7R88V7gz7RqJv78nNOzg,development,3
30,12600,55330,AfJB5w2__PA,UCkl2iKEW9ltlrBOjzCNJgzw,development,3
30,12601,55335,sT4Ie3QXOuA,UCYweMykEAI5aaRztqrJuuAg,development,2
30,12602,55336,WNhZzB61lRU,UCCK3OZi788Ok44K97WAhLKQ,test_reserved,
30,12603,55338,zYopVcnT8P4,UCc30sTBdN9LRSxEuHaXV_bQ,test_reserved,
30,12604,55349,VY7Tk_1eSH8,UCckltLEhFLv8Xz_lQhYfwmg,development,1
30,12605,55351,fAnTyiHVQh4,UCh1YbG4SC-R5fBxZgMMuRww,test_reserved,
30,12606,55353,v2eULHqSlyk,UCErq12gvrb2Gm0x1cavQVAA,development,4
30,12607,55355,V7e3mjXH-vc,UC5-n2dfksESEt3ATmM6Uujw,test_reserved,
30,12608,55357,BnHeTMy0S8o,UCkagcQYGoYFuXsUg-ObSL6A,development,5
30,12609,55363,SaW7-Q9SHfE,UC4UaWbUUwVvCxWNqhb4f16Q,development,3
30,12610,55369,MjJBNS7BZJE,UC8lKgUHo-2mSR5cRRXO9xow,test_reserved,
30,12611,55370,VPB94yHRyr8,UCy-3y3BEH8dFhPsNEnO74Vg,development,5
30,12612,55379,AkzeSX1Fa7M,UC1YGPDtctHGJWW0NrlQVklw,development,5
30,12613,55382,4j1PdJEZWPQ,UC0tV1b7IFEXFUUILF7mAcWw,development,5
30,12614,55389,oKw6ipBEBGM,UCwRAPq0zLdVsb440xKGBx2w,development,1
30,12615,55390,Wlq5aYY7jnw,UCoPGkvh-1AoSzh23-ROXrpw,development,2
30,12616,55391,9G_JxU-ov-4,UCuJmg9Gw1uO-JGVLk9iACDw,development,2
30,12617,55394,wT_bEdeDjhM,UCj5dmKmfkAR5Y4y_d9FW3og,development,4
30,12618,55396,FUufgEZldxs,UCzdwVqqrY_z1DJkpLfdMHag,development,5
30,12619,55398,ptekrpDZa0M,UCLuP7ROjaueiuNbzrvPqXSQ,development,3
30,12620,55409,YL625ja-RwI,UCgnFSj7jQffD5V5m05j4dPw,development,5
30,12621,55410,zZl0139tNcY,UCOgsOVUELkkv_irhET9kK_Q,development,1
30,12622,55419,vRKnqE6Dme8,UCNE9NOD2gYqalo9436sfW4Q,development,4
30,12623,55421,Dbb-6eemX80,UC5-n2dfksESEt3ATmM6Uujw,test_reserved,
30,12624,55423,9tGq5501CPo,UCckltLEhFLv8Xz_lQhYfwmg,development,1
30,12625,55425,qxQUhj_LOKQ,UCLsRogzQ9bw2Efitidd0ikg,test_reserved,
30,12626,55429,zBvKa022Ouc,UCenKxrud5MMWf6GCANWZ7tA,development,1
30,12627,55433,h4nSt2ZfaVQ,UC8lKgUHo-2mSR5cRRXO9xow,test_reserved,
30,12628,55435,N7kP3CWr3fM,UCbkAklUqbCi69K8xQdbe48A,development,2
30,12629,55436,sZmd8V3J4DY,UCHtKFAn73LJU4wB_w54wNCw,development,5
30,12630,55437,vTFzuj9sPmc,UCQIWzvLOlB4tu84TtOTJCGg,test_reserved,
30,12631,55439,Rb4BGpm1a4I,UCmc1GRcWKWuxqhA5gZArasw,development,3
30,12632,55442,TH21hBwic0A,UCf2Iar2LDcFaSCnVH1ZMUkA,development,4
30,12633,55443,9c19YlSRmYo,UC8rcDufKZ3W6CtZU69CtMXg,development,5
30,12634,55447,Y5BN0kaO75s,UCiJfplrc7idtWYpDsI325yQ,development,2
30,12635,55451,v0yC9peivAU,UCCbm1E52PV05ZLv6dtRB92Q,development,5
30,12636,55452,2mtYJWbC-n4,UC9ydRoXpQVhwb3sM7VY8xNg,development,3
30,12637,55453,vOKlo_g_SoI,UC8ADWM4kdxtzzoDH3JI5hSg,test_reserved,
30,12638,55457,eGY44wE7eaw,UCQIWzvLOlB4tu84TtOTJCGg,test_reserved,
30,12639,55458,HbFxFAIOOGU,UCyhM9-y17fHHp-laYCEvT2g,development,1
30,12640,55460,LGy9gmMCKyI,UCm248csRxRJwhqVQ8fsHrCw,development,1
30,12641,55464,mmTEk3-cJhg,UCF11-Puqxb0jdeWNc7F_Fcw,development,2
30,12642,55474,RVGH4SYsXKI,UCCK3OZi788Ok44K97WAhLKQ,test_reserved,
30,12643,55481,vCdrg33a2KQ,UCP-yI2ffacN8bZyBatqWcbA,development,4
30,12644,55486,4NqBWpyg9qk,UCHZ6l32mEskYLDm1OkjFO3g,development,5
30,12645,55494,MXR94QNXWz4,UCckltLEhFLv8Xz_lQhYfwmg,development,1
30,12646,55497,ldeJz4Wptfw,UCV-q7cRK5yFYEFzWuoQOmQQ,development,4
30,12647,55498,AkMu9sSMXFM,UCckltLEhFLv8Xz_lQhYfwmg,development,1
30,12648,55501,0m-_SSATOvg,UCCK3OZi788Ok44K97WAhLKQ,test_reserved,
30,12649,55521,_uSi3DiIE40,UCFdCT7ZJCc9ax1yAqDCQPaA,development,5
30,12650,55525,XvTErNFa8Hk,UC1YGPDtctHGJWW0NrlQVklw,development,5
30,12651,55528,Z1Qd5SU_704,UCckltLEhFLv8Xz_lQhYfwmg,development,1
30,12652,55529,4DS0yoUZduk,UCbS_glb2N1NVTrDLVryRbng,development,4
30,12653,55531,qQtacglumnE,UCNgVhNOsFoSX5JiXjz3z5bg,development,2
30,12654,55532,RGhCat69EiI,UCOtYyt7W5PmPnwQjWWF_Z-Q,development,3
30,12655,55534,zb_YsYqawxk,UCckltLEhFLv8Xz_lQhYfwmg,development,1
30,12656,55539,6wrk5Lw7aZE,UCLuP7ROjaueiuNbzrvPqXSQ,development,3
30,12657,55542,sq4eyVHMwFk,UCcspHoBTj_aLhnJLwkMpWHQ,development,3
30,12658,55547,6TgVyrzzhXY,UC-GRFwciK7JiP8T4tl0pftQ,test_reserved,
30,12659,55549,hfwtm0J0Ftc,UCubo6fKdM-y-sqsu1sprjIQ,development,5
30,12660,55551,JUWi_hEYbrE,UCPXSUKHTNc1_hnHuj-UiQWQ,development,4
30,12661,55554,TERGeGwkpuk,UCcijXxFzSXgoM6q9cCtT9PA,development,2
30,12662,55559,lSNd-3Q-MUY,UCmrLu4r89ykOzmtmbAeEklA,development,5
30,12663,55560,HU1nb0tuNZw,UChwjz-THeefGm2mSbYB37Wg,development,3
30,12664,55563,qOYvDC4v81s,UCKurrM38zebptCChSC6QpuQ,development,2
30,12665,55564,q_ZRRFLSOS8,UC7ky7hEgAEMLo1lrDWJXlNw,development,1
30,12666,55570,LZ5c3gETwKk,UCuN1HN5RXX2D6ZcEkopILeg,development,4
30,12667,55571,zkoDAXCY84Q,UCcxDOjzjxdaGfT5NiN5M8mg,development,2
30,12668,55573,Z9ShH4AuI_0,UCGN3TM5lZQ1DAvMwI1LIc8Q,test_reserved,
30,12669,55574,pxX7PzdC__U,UCOtYyt7W5PmPnwQjWWF_Z-Q,development,3
30,12670,55575,m4YGue3v6VI,UCckltLEhFLv8Xz_lQhYfwmg,development,1
30,12671,55583,SyhywTlpE-Q,UCgnFSj7jQffD5V5m05j4dPw,development,5
30,12672,55586,tUkOl2I2Ss0,UCbS_glb2N1NVTrDLVryRbng,development,4
30,12673,55590,H5Jp6YfaTnI,UCbS_glb2N1NVTrDLVryRbng,development,4
30,12674,55598,OOu6cg4LXxY,UCGlI1v_t-7O1vxbAxg1qVEQ,development,2
30,12675,55600,8MtpUx_4nxU,UCAH7R88V7gz7RqJv78nNOzg,development,3
30,12676,55604,b4A2kXzCRM0,UC5mNdm6_f2fv50Hzsg7qW1g,development,1
30,12677,55610,cHJZwLCGmPY,UCRDDfbYPHX_GUJ4lcQYTc8A,development,2
30,12678,55612,Lrpn53Oe1PM,UC_4espbBkiPdxhZ5Avb5kiA,test_reserved,
30,12679,55614,yVuEBLhgXQs,UCCK3OZi788Ok44K97WAhLKQ,test_reserved,
30,12680,55616,8HwJRghZmeU,UCckltLEhFLv8Xz_lQhYfwmg,development,1
30,12681,55622,HaHtFLqvcsQ,UCckltLEhFLv8Xz_lQhYfwmg,development,1
30,12682,55631,0pTZycII_2g,UC4UaWbUUwVvCxWNqhb4f16Q,development,3
30,12683,55641,CaPLoOk-OpM,UCnT7Z6-yqjhM__jZbK_B3kw,development,3
30,12684,55644,HjLiWTJmp60,UCbS_glb2N1NVTrDLVryRbng,development,4
30,12685,55646,Zy0o37q7jck,UC6aSX46078fvOY9bY9ZUTYw,development,4
30,12686,55650,ZlXP1MINrrU,UCc30sTBdN9LRSxEuHaXV_bQ,test_reserved,
30,12687,55658,u_NUZ2W9P98,UCCK3OZi788Ok44K97WAhLKQ,test_reserved,
30,12688,55660,iCDG7GYB6wA,UCAH7R88V7gz7RqJv78nNOzg,development,3
30,12689,55661,TgC79gVXUNA,UCHMS7LX9aXGt5rGe2Wp5-5w,development,2
30,12690,55671,WIvPHO9NXDs,UC9iEv8PqeHuC3ZVt0QqN-pQ,development,4
30,12691,55676,NE0sn57e2-M,UCAH7R88V7gz7RqJv78nNOzg,development,3
30,12692,55682,W3EIBdM2Ztc,UCOtYyt7W5PmPnwQjWWF_Z-Q,development,3
30,12693,55684,5E3D1M13BRw,UCckltLEhFLv8Xz_lQhYfwmg,development,1
30,12694,55688,xIk3ph3tGgo,UCmbLoRYee0f4Bi4J1Ct8vRQ,test_reserved,
30,12695,55691,heaC1of2g_I,UCbW0JAZef8g-ayzIBXicqnA,development,2
30,12696,55697,KZEqbBwjk9s,UCJc1hbJPvG5f2v8iSPG-3CA,test_reserved,
30,12697,55700,wCIFUKSwiuQ,UCp4rV_5KmCHG-_ub1r6B2Zg,test_reserved,
30,12698,55708,aoCfO_YtyyM,UCiPssoHLvUfNEXLEhZ29rXg,development,1
30,12699,55711,E71TLaNn_So,UCaESx7Bdghv_UICcG1hBkcg,development,2
30,12700,55715,-8rH_bnJTxQ,UCckltLEhFLv8Xz_lQhYfwmg,development,1
30,12701,55733,Y9DsppBcFLQ,UCkagcQYGoYFuXsUg-ObSL6A,development,5
30,12702,55738,TyCaTJLITsg,UCaIc6SgS90ud_RgMSC6hW_w,test_reserved,
30,12703,55744,oC6u7Ygv_Ns,UCG0j1mTQov3RVBgLgh6wbKg,development,5
30,12704,55749,9SRJnXwxsMo,UCCK3OZi788Ok44K97WAhLKQ,test_reserved,
30,12705,55755,VXKAUwo5YJg,UC9SgyReu4QufMUTFhZYYEMw,test_reserved,
30,12706,55757,-9nYv9JfY9s,UC1YGPDtctHGJWW0NrlQVklw,development,5
30,12707,55761,r_8cpGT6sqI,UCol1SzfebXhRo0ltxOJZ9cg,development,2
30,12708,55763,cwLAS2pwJSE,UCbS_glb2N1NVTrDLVryRbng,development,4
30,12709,55765,olsMnMtYk3U,UCckltLEhFLv8Xz_lQhYfwmg,development,1
30,12710,55775,0v1yRLh6cO8,UCgnFSj7jQffD5V5m05j4dPw,development,5
30,12711,55777,9HG1mMbqUsI,UCXm0FsS7PXy0w5HeOkYMi7Q,test_reserved,
30,12712,55779,tKfdbZoxjVs,UCckltLEhFLv8Xz_lQhYfwmg,development,1
30,12713,55788,uomGQMwwR2M,UCk16AZqObhsEu7fUjwroGaA,development,1
30,12714,55800,Yo7wdQx150M,UCusvl0DsifRAeHH9YQhdBOA,development,3
30,12715,55801,e99bf-ex1fA,UCCK3OZi788Ok44K97WAhLKQ,test_reserved,
30,12716,55806,13Gkv6nYe5c,UCOtYyt7W5PmPnwQjWWF_Z-Q,development,3
30,12717,55811,PiiztogQnwc,UCbkAklUqbCi69K8xQdbe48A,development,2
30,12718,55814,yBW2HzDEvSo,UCbS_glb2N1NVTrDLVryRbng,development,4
30,12719,55817,ZLs6FV0Eqec,UCrcATWZGF_p53r38i6VK0eA,test_reserved,
30,12720,55818,h5CPXctxXfU,UCzf5q2CCnb-vJes5m0YWI7w,development,3
30,12721,55833,xrd9hPjUX_E,UCs_mHlm5_C82W5WCIJaSMbQ,test_reserved,
30,12722,55835,YI15cB7BpNM,UCu_uRk4D5klE6p_SBLVOWaQ,development,3
30,12723,55837,kGKY4fZlVfw,UC80S9x_1mLIq3Q21dG-iy5A,development,3
30,12724,55840,zqk7iM56DV0,UCU9pquukCdVxwA6Hptvf_Tw,test_reserved,
30,12725,55845,13vv75NxG4k,UCckltLEhFLv8Xz_lQhYfwmg,development,1
30,12726,55849,8SEN7XlggWI,UCOtYyt7W5PmPnwQjWWF_Z-Q,development,3
30,12727,55851,qRiC6TSBOAo,UCckltLEhFLv8Xz_lQhYfwmg,development,1
30,12728,55868,v0sBnJxbgyc,UCAH7R88V7gz7RqJv78nNOzg,development,3
30,12729,55869,b86mOSvnws8,UC0tV1b7IFEXFUUILF7mAcWw,development,5
30,12730,55871,mJezIepv5Mk,UC12Ujt77-UFGXPAalKwuXDg,development,2
30,12731,55872,axbbGEnKR6o,UCPXSUKHTNc1_hnHuj-UiQWQ,development,4
30,12732,55874,jcJDP2DJ4_U,UCQIWzvLOlB4tu84TtOTJCGg,test_reserved,
30,12733,55878,0-fxWrX74KQ,UCcolMq4s8q_GHPWeQNidprA,test_reserved,
30,12734,55879,l_xh11R5Gco,UC1YGPDtctHGJWW0NrlQVklw,development,5
30,12735,55884,b_ry4fZxEIY,UCI9B6cvPkauAUvfV2CvKMMQ,development,4
30,12736,55885,f-VBpXWw-_Q,UCuJmg9Gw1uO-JGVLk9iACDw,development,2
30,12737,55887,NxEQZZIbQ3w,UCAH7R88V7gz7RqJv78nNOzg,development,3
30,12738,55892,KA-YQ8ju8QU,UCEItJuaZGCe0BlGzRKruP0A,development,5
30,12739,55898,491CMkEgRSY,UCcijXxFzSXgoM6q9cCtT9PA,development,2
30,12740,55904,sexE9ACTkSE,UCm8I2aLYgPm_gdzw4SSkiGg,development,2
30,12741,55926,PY1er8wBof4,UC0l36s7dMwk1GYxmSHAib_A,development,5
30,12742,55941,NCNz8XAR5lo,UCckltLEhFLv8Xz_lQhYfwmg,development,1
30,12743,55949,Zhe4TFOnva0,UCy_k21fgkkC-02_heI6enaQ,test_reserved,
30,12744,55951,wB5mSjx5joU,UCVU09OJkBIHZTGb-acbajoQ,development,4
30,12745,55953,hGu92ovkeEU,UCmqflTSJ6911aCrnaWIXxsA,development,3
30,12746,55956,6myCOXg5Hgg,UCCK3OZi788Ok44K97WAhLKQ,test_reserved,
30,12747,55960,62tRtGU14CA,UC0Ixpv316Cz0tAqp900J-qg,development,1
30,12748,55962,p_DDtJXUH_c,UCf2Iar2LDcFaSCnVH1ZMUkA,development,4
30,12749,55971,lM6cVP7ryBM,UCLuP7ROjaueiuNbzrvPqXSQ,development,3
30,12750,55973,2X7poXY0Yxo,UCOtYyt7W5PmPnwQjWWF_Z-Q,development,3
30,12751,55974,VJqAZ0cH_B4,UC8MegDkaJsqK63fwbOjBLzw,development,2
30,12752,55976,zvWOBWbpwZY,UCHZ6l32mEskYLDm1OkjFO3g,development,5
30,12753,55977,AuJqEctENlg,UCCK3OZi788Ok44K97WAhLKQ,test_reserved,
30,12754,55978,y4JfnbEgj_M,UC1YGPDtctHGJWW0NrlQVklw,development,5
30,12755,55981,y07udH5h4e8,UCcijXxFzSXgoM6q9cCtT9PA,development,2
30,12756,55991,SmPsMMa5RAY,UCcbOsE5_4LEjtQi8X2PFxDw,development,2
30,12757,55998,Mlm4hEp4vkM,UCCK3OZi788Ok44K97WAhLKQ,test_reserved,
30,12758,56004,rikGYgu9xuE,UCgnFSj7jQffD5V5m05j4dPw,development,5
30,12759,56009,NoklMUW9r1o,UCVfnhhDIkkBJ_1QyzCqeVDg,development,2
30,12760,56013,PJG47xOvBvU,UCcijXxFzSXgoM6q9cCtT9PA,development,2
30,12761,56014,fbyLXRUBloE,UCn0XmAUFv6d2tofMFEesSNw,development,5
30,12762,56016,97GpFfdJ8Ks,UCcijXxFzSXgoM6q9cCtT9PA,development,2
30,12763,56021,t0Q0J5Ypduk,UCh9qXeL8eP3Txra2908xksg,development,3
30,12764,56025,dv93yqj0LYE,UC3yN9e-0s6ilBpfVlj2IWoA,development,4
30,12765,56027,1onsHDhMUfo,UCWeoS76MnqF8RxP-5EiQQCw,development,3
30,12766,56035,OLJyTVzl7rs,UCgnFSj7jQffD5V5m05j4dPw,development,5
30,12767,56038,TY3LsCOo9Og,UCl49ihCGkE4RVEqoHu4KFJQ,development,3
30,12768,56039,IFbX7gNQc-M,UCfCzC_zJomF_Ace4T2wKb6Q,development,2
30,12769,56048,xUfWVV82SMk,UCaESx7Bdghv_UICcG1hBkcg,development,2
30,12770,56051,_QuVkMyGYkw,UCgy5luu86OLBeugp27Tnddw,development,4
30,12771,56063,UxvePxWWHRk,UCzQ0nw7uz0dRcO5VKzDwmlQ,development,3
30,12772,56064,l_kdcFW2TaY,UCbS_glb2N1NVTrDLVryRbng,development,4
30,12773,56065,H0brwbCRlTE,UCAH7R88V7gz7RqJv78nNOzg,development,3
30,12774,56072,SiCFEvGGplk,UCMNaxF22tMr_rcNI5fkUkYw,development,4
30,12775,56092,6I0eJbcCFWM,UC3tvYy-s84yySG7V85jRDnA,development,4
30,12776,56095,A2NyL2fRSUE,UCqrqt9Egbp4Voh3iEUUoorw,development,3
30,12777,56097,YBzUM5ss7pQ,UCRDDfbYPHX_GUJ4lcQYTc8A,development,2
30,12778,56107,2-vHj1xxF8A,UCPXSUKHTNc1_hnHuj-UiQWQ,development,4
30,12779,56108,0Qtv21-AEQ4,UCXfgx23Lw81I4wsCNhdVBgw,development,4
30,12780,56110,81-hOopW85c,UC3cLeuBcLQ2vwEbVfdlfXyg,development,5
30,12781,56113,Qy_xkivMARQ,UCgnFSj7jQffD5V5m05j4dPw,development,5
30,12782,56117,29utHlkipbc,UCXLyL2Fg5DZouTYsYtRT0WQ,development,2
30,12783,56119,9mjVKY3GR6o,UC7Ohefm3GfJU1uNz7MXzhGA,development,3
30,12784,56121,r8MCVkbUvKw,UCn0XmAUFv6d2tofMFEesSNw,development,5
30,12785,56128,utjLF9W1-mc,UCgFSgMsvgRRq4xDjmmf4LUw,test_reserved,
30,12786,56134,5fTdJlS5t48,UCqrqt9Egbp4Voh3iEUUoorw,development,3
30,12787,56149,bkMTzOj4Kfk,UCypYfMZbKIxBlXqngCuvi0A,development,5
30,12788,56151,7_Vdw9Pk1OE,UCOHyRrRuD2zGCkpuCAlyOyA,development,3
30,12789,56154,cOlPvHyjxsQ,UCVd1jcy6wKFzfQ5E-Txtg-w,development,2
30,12790,56160,ogKONVaPu5E,UCBf296-OhUNfaDbtcYQ4RQQ,development,5
30,12791,56163,Qte7EjLBGn0,UCOtYyt7W5PmPnwQjWWF_Z-Q,development,3
30,12792,56168,GC5Et3VH_rY,UCh1YbG4SC-R5fBxZgMMuRww,test_reserved,
30,12793,56174,i2pWZ05MQMc,UCbS_glb2N1NVTrDLVryRbng,development,4
30,12794,56177,L5NvBY5ilmA,UCuJmg9Gw1uO-JGVLk9iACDw,development,2
30,12795,56185,mMLFW4YbEqk,UCbS_glb2N1NVTrDLVryRbng,development,4
30,12796,56187,LKvKgjyr4-I,UC_HxkWZCXAODLKg3ggawmDg,test_reserved,
30,12797,56194,ZievQMpHq6k,UCPfU0uygBGutjaaJU5PpEvg,development,2
30,12798,56197,a3HoO7xAzrs,UCckltLEhFLv8Xz_lQhYfwmg,development,1
30,12799,56200,mz2Rce8YkpE,UCcijXxFzSXgoM6q9cCtT9PA,development,2
30,12800,56202,z312hRLE2Nc,UCc30sTBdN9LRSxEuHaXV_bQ,test_reserved,
30,12801,56203,gvuAfoCmByw,UCcwCsuV7bOpTfqf2UvLfYmg,development,2
30,12802,56207,k5kDOwqCrJs,UCCK3OZi788Ok44K97WAhLKQ,test_reserved,
30,12803,56209,5HoSId8Ngq8,UCt1uMmva5HBK0qu1hTGGvzA,development,3
30,12804,56214,obuGMIr7mfg,UCmqflTSJ6911aCrnaWIXxsA,development,3
30,12805,56220,yvmaAyu969o,UCcxDOjzjxdaGfT5NiN5M8mg,development,2
30,12806,56221,FQ-__uRHsMU,UCskNFH2e4ptFTkgeVmFPNhA,development,2
30,12807,56223,TcO3tjZIugk,UCr5BVR_ePEz_9V-KF5rSEmQ,test_reserved,
30,12808,56232,JQVVo_0EAeU,UCn0XmAUFv6d2tofMFEesSNw,development,5
30,12809,56246,Bl3aBUMBRH8,UCckltLEhFLv8Xz_lQhYfwmg,development,1
30,12810,56250,5-DAOH03_Xk,UCOtYyt7W5PmPnwQjWWF_Z-Q,development,3
30,12811,56254,WRtPV7ESLaA,UCcg4tDKgPLIc_x3lhWdogLg,development,4
30,12812,56258,92nIBwCMvQ8,UC-TPAJpit-cnGUG-zWliKFw,test_reserved,
30,12813,56265,SudhWHyOb6A,UCbR7juPwtP-bV_w0840ciYQ,development,3
30,12814,56266,4DTEZGXAb5k,UCYweMykEAI5aaRztqrJuuAg,development,2
30,12815,56284,qi3v9zbxnkc,UCn0XmAUFv6d2tofMFEesSNw,development,5
30,12816,56286,SAFKx28hw-o,UCCK3OZi788Ok44K97WAhLKQ,test_reserved,
30,12817,56291,Tly8B-AOFvo,UCA5xW2Ce7KT2AtxzDYDebCA,development,4
30,12818,56292,c7ix_G78lE4,UCkagcQYGoYFuXsUg-ObSL6A,development,5
30,12819,56308,Jy0A9-f3FHk,UCm8I2aLYgPm_gdzw4SSkiGg,development,2
30,12820,56311,JtV0fm0ahEQ,UCzQ15V_zn2VoGUZrMhXw4vA,development,3
30,12821,56314,vHSROPzgpRM,UCoz7UhbfPFJyljIIV2saR7A,development,3
30,12822,56320,kiAQxwGm3zg,UCAH7R88V7gz7RqJv78nNOzg,development,3
30,12823,56332,WGrHsOJvkfs,UCILFY0DK2vcnnnTAgWrX-xw,development,5
30,12824,56334,q6A5mSmjHmg,UCgnFSj7jQffD5V5m05j4dPw,development,5
30,12825,56340,rfdk2enuLOs,UCEItJuaZGCe0BlGzRKruP0A,development,5
30,12826,56342,CFMTJYsmdek,UCoZJaxWPeeGKZ6ShK5EsIkA,development,3
30,12827,56350,jdi6UjqZdug,UCLN_RAmXWVC0JrVwqdcItBA,development,4
30,12828,56353,oRiMIXCpmRs,UCQRxYlv9BXoqNd0p2cvu3OQ,development,3
30,12829,56355,35o3eZaIOvQ,UC33Jrx8BvmJ5WSYVIj-3xgw,development,5
30,12830,56359,MevMq4nFwYk,UCIoyIVPZEfC2p0dQwAxGiEw,test_reserved,
30,12831,56363,YaKTGRAY3Jg,UCuJmg9Gw1uO-JGVLk9iACDw,development,2
30,12832,56364,7mRFFMaRFvI,UCoz7UhbfPFJyljIIV2saR7A,development,3
30,12833,56371,O8lhq-5Gazg,UCCK3OZi788Ok44K97WAhLKQ,test_reserved,
30,12834,56372,cvQKRGanEvI,UCCK3OZi788Ok44K97WAhLKQ,test_reserved,
30,12835,56373,KvrDISGxdB4,UCR6bwkq2RbGG12zWqD9YRvw,development,3
30,12836,56375,rI-PvdN2qV8,UCckltLEhFLv8Xz_lQhYfwmg,development,1
30,12837,56378,Q7WEi4cDLHA,UC3tvYy-s84yySG7V85jRDnA,development,4
30,12838,56382,d4-tEqiFcak,UCDrTN5A0V-Fzu1Jn7qnxA6A,development,4
30,12839,56384,8fteGiPoICc,UCtZyfc8g7BwrOuPcZz08lTQ,development,3
30,12840,56390,BpnpIf1ZFq4,UCsCp9NfFhRhL6DvDjWtAweg,development,1
30,12841,56394,t4Z3HbzBg5k,UCWO2tL69FZ9ckckHcAa18Ug,development,4
30,12842,56396,8lEEMQZC6B0,UCwsNWoSlQUyeWgbVQYZtLOA,development,2
30,12843,56399,WEc0EHoFxBE,UCCK3OZi788Ok44K97WAhLKQ,test_reserved,
30,12844,56402,wQMb6zVxiUM,UCckltLEhFLv8Xz_lQhYfwmg,development,1
30,12845,56406,80YgVJFy2gI,UCQTcNhAZidy1i9wwmdgf2Lw,development,4
30,12846,56407,Wxp-qPr74Hw,UC0tV1b7IFEXFUUILF7mAcWw,development,5
30,12847,56412,wTbWIyTU5oo,UCCK3OZi788Ok44K97WAhLKQ,test_reserved,
30,12848,56421,Jck1S2oE4oA,UCV-q7cRK5yFYEFzWuoQOmQQ,development,4
30,12849,56422,_zL4LIjghsk,UCdYKWxPPJG4GBg_YdB33vKQ,development,2
30,12850,56427,6wrbbKS7W4M,UCaESx7Bdghv_UICcG1hBkcg,development,2
30,12851,56433,zcP4sUkJv5Y,UCkQqVfzpNV-Rs_CYUdcvS-g,development,2
30,12852,56437,CVE_75hoHIQ,UC0nMJ3QNryBHZpy1P3Wamwg,test_reserved,
30,12853,56443,LU8snN0f_AI,UCvsksEXBnVKBj0QiQ6cnTdw,development,3
30,12854,56444,rRl6ewXNv7g,UCT83ymyAGm7Gnk_4ifxjxIA,development,4
30,12855,56447,opN-N__orfo,UCbS_glb2N1NVTrDLVryRbng,development,4
30,12856,56449,qq3_bxZfnSc,UCgnFSj7jQffD5V5m05j4dPw,development,5
30,12857,56450,pfiWlJn_HSQ,UCOtYyt7W5PmPnwQjWWF_Z-Q,development,3
30,12858,56451,KnTINjlCNAc,UCf2Iar2LDcFaSCnVH1ZMUkA,development,4
30,12859,56466,GOOnikJ-Glw,UCrHp7_wVE4B6jcUNMwBXZRw,development,1
30,12860,56467,q9UjJERW8ms,UCcg4tDKgPLIc_x3lhWdogLg,development,4
30,12861,56473,gRDOwHzMjHU,UCYT4vetZzMYjLIyxMmLv_9Q,development,5
30,12862,56475,dYaw9Is0gyo,UC1YGPDtctHGJWW0NrlQVklw,development,5
30,12863,56476,f5U4VkGChm4,UCYga1ycTsoZn6Y_xlrdw0iA,development,4
30,12864,56479,7VP54ms7YRM,UCCK3OZi788Ok44K97WAhLKQ,test_reserved,
30,12865,56481,KDKZiBpCdtU,UC9iMBVTfsZGvgDdOZEputVQ,test_reserved,
30,12866,56488,NNtwCEz8o3o,UC6MkngMDyobFNaXOZR0ukyQ,development,1
30,12867,56490,vx4Z6EeDuUQ,UCgnFSj7jQffD5V5m05j4dPw,development,5
30,12868,56498,-hjAT3rvTsc,UCs57QVT92ixgjqY9DqTb_tA,development,1
30,12869,56500,O0EJhdRBmS0,UCqrqt9Egbp4Voh3iEUUoorw,development,3
30,12870,56501,7JyOhxd30CE,UCckltLEhFLv8Xz_lQhYfwmg,development,1
30,12871,56502,0BPTAAWAFEw,UCP7bW-wX2pweVFH70yiEo_Q,test_reserved,
30,12872,56503,cuwxSfskZJM,UCLA8Ovy_NPAwMWvr8IEDquw,development,4
30,12873,56511,e68HKHUBD8k,UCdotiSNtLlS4qwDto9CdURA,development,3
30,12874,56524,TVn9_nvxjD8,UCckltLEhFLv8Xz_lQhYfwmg,development,1
30,12875,56525,ABN-ZD2BpnQ,UCvZ8sPFxYngz2JN3DG93fOw,development,4
30,12876,56526,SYHQ4UIVAqM,UC6IHfZ-Rez2LR0PH01YxL7w,development,1
30,12877,56529,cb94q7R_ZfY,UCecL5RXqIzb3N6zO0FaCN9Q,development,3
30,12878,56534,fJsiIVE5Uy8,UCLuP7ROjaueiuNbzrvPqXSQ,development,3
30,12879,56538,_JfT2HKJ9hQ,UCSSdxN7FMswC7GFnvVON-eQ,development,4
30,12880,56540,ZfWWeXNOSSk,UCgooj1ufFuOk6GD2jq8CbdQ,development,2
30,12881,56549,5cKbuY9gsCg,UCbR7juPwtP-bV_w0840ciYQ,development,3
30,12882,56551,pqd6DfoGfW8,UCckltLEhFLv8Xz_lQhYfwmg,development,1
30,12883,56554,Y2vnKkr59h4,UCP4Z7-uWZYIQBclex8M086A,development,5
30,12884,56571,nRSSO1P56mk,UC8qBNfgWRK_WYYGSmmrfgPA,development,4
30,12885,56572,-vVFKxM9EuQ,UCckltLEhFLv8Xz_lQhYfwmg,development,1
30,12886,56577,1NWu99sFfOE,UCckltLEhFLv8Xz_lQhYfwmg,development,1
30,12887,56587,cR7EfsRdv6Q,UCtGwzTmbkXWhYwuVZQa3kVQ,development,2
30,12888,56591,owR9sWEyhpc,UCix7C1KG_SPtiMXommMExNg,test_reserved,
30,12889,56595,d-NKc0Bl-7E,UCK71gEn4lLLToHx50jwMyNg,development,2
30,12890,56603,-z1feU0mPnw,UCi-dz1RuP-FhWvbKCDKOdNg,development,1
30,12891,56605,t3NGGpqrCRY,UCkD2Gixzde52jx1XspNvrBw,test_reserved,
30,12892,56613,4OGJdhK8p70,UCQTcNhAZidy1i9wwmdgf2Lw,development,4
30,12893,56615,MJu_ULT3y14,UCckltLEhFLv8Xz_lQhYfwmg,development,1
30,12894,56619,38LJ80EB_Hg,UCQTcNhAZidy1i9wwmdgf2Lw,development,4
30,12895,56622,t46Efq9ZfTQ,UCgnFSj7jQffD5V5m05j4dPw,development,5
30,12896,56627,QTlKWG98wkA,UCQga5Hpkev0t-LW7F56C8mQ,test_reserved,
30,12897,56631,H0UVfik_yng,UC5mNdm6_f2fv50Hzsg7qW1g,development,1
30,12898,56632,-JirWYZJxMc,UCAH7R88V7gz7RqJv78nNOzg,development,3
30,12899,56637,lS6GCtWAi8M,UCQkPhQ-6NhA1v7Tpsp6EnKQ,development,1
30,12900,56640,m4GXbcisroA,UCckltLEhFLv8Xz_lQhYfwmg,development,1
30,12901,56645,IxL_I3d_QsE,UCAgBGlUKoAQFXMUzshrWDgg,development,1
30,12902,56647,dmQ61j860j0,UC3uZVJgOSasbfV7xIFY9xjQ,development,5
30,12903,56653,D4m0gXaCYIQ,UCQTcNhAZidy1i9wwmdgf2Lw,development,4
30,12904,56654,AXTtv_oMl0E,UCckltLEhFLv8Xz_lQhYfwmg,development,1
30,12905,56655,wN1w4E5QI7o,UCVfnhhDIkkBJ_1QyzCqeVDg,development,2
30,12906,56658,DcMVtyT_bbo,UCqZllVQ6lt8QJtUrnQ5Fzzw,development,1
30,12907,56660,IiEwvfr6lb8,UCckltLEhFLv8Xz_lQhYfwmg,development,1
30,12908,56663,5hBoPqZiL_o,UCc30sTBdN9LRSxEuHaXV_bQ,test_reserved,
30,12909,56674,1GH_O1EZA7Q,UCQTcNhAZidy1i9wwmdgf2Lw,development,4
30,12910,56678,vll0-kNUk2U,UCZ-RBSr_ZD-jWWDgZmFyZyw,test_reserved,
30,12911,56679,wW3A5Z7i764,UCLsRogzQ9bw2Efitidd0ikg,test_reserved,
30,12912,56688,FYikqZjJTlA,UC5mNdm6_f2fv50Hzsg7qW1g,development,1
30,12913,56689,0vpttvamMpk,UCYweMykEAI5aaRztqrJuuAg,development,2
30,12914,56690,l9Vyaqbwbqw,UCckltLEhFLv8Xz_lQhYfwmg,development,1
30,12915,56708,gWk8eEF6FSw,UCn0XmAUFv6d2tofMFEesSNw,development,5
30,12916,56714,wSPVQPm1iw4,UCckltLEhFLv8Xz_lQhYfwmg,development,1
30,12917,56720,j3gST7wRI0s,UCbS_glb2N1NVTrDLVryRbng,development,4
30,12918,56721,l6DwwX5PMsQ,UC3yN9e-0s6ilBpfVlj2IWoA,development,4
30,12919,56726,PG_TdDkghwk,UCckltLEhFLv8Xz_lQhYfwmg,development,1
30,12920,56730,uD5CmSFV7Pc,UCRDDfbYPHX_GUJ4lcQYTc8A,development,2
30,12921,56734,b-J3EeE6yqo,UCcijXxFzSXgoM6q9cCtT9PA,development,2
30,12922,56736,nK1GQKE7MQc,UClSIhhnuyF8fXtBTpOOTknA,development,2
30,12923,56737,GixDxFgLODQ,UCVfnhhDIkkBJ_1QyzCqeVDg,development,2
30,12924,56741,JRJ7mqz3AfM,UCrVFS_0PdV7AwyTgR13IcVg,test_reserved,
30,12925,56743,UJtt-yClaTI,UCMayHG7j39d11Gh36vV7GnQ,development,3
30,12926,56744,vW4PjwquTL4,UCCK3OZi788Ok44K97WAhLKQ,test_reserved,
30,12927,56746,-JDhDHk-_Hw,UCCK3OZi788Ok44K97WAhLKQ,test_reserved,
30,12928,56751,5LGtFMFSJfY,UCNE9NOD2gYqalo9436sfW4Q,development,4
30,12929,56756,CCd6dbIieN0,UCo2XpZV5hjoDx8qtqxgnv9A,development,5
30,12930,56762,glPyMZDvYaY,UCbS_glb2N1NVTrDLVryRbng,development,4
30,12931,56764,SoEaUIAj2Lk,UCckltLEhFLv8Xz_lQhYfwmg,development,1
30,12932,56769,00m8MI0-96s,UChhmvfskCK4IaaoJ4Bj84Kg,test_reserved,
30,12933,56772,daX4HGwI9m8,UC5NJWHF4x-DWCWgNGQfMqmA,development,4
30,12934,56773,GITY-tRLD_k,UCmqflTSJ6911aCrnaWIXxsA,development,3
30,12935,56775,cfQkCO827QI,UCr5BVR_ePEz_9V-KF5rSEmQ,test_reserved,
30,12936,56789,oxZNiTN3UFo,UCWLLcchNMCl8I5cGAMQYdpA,development,3
30,12937,56791,boKq8pbLdCQ,UCaESx7Bdghv_UICcG1hBkcg,development,2
30,12938,56793,t-_YXndHWZw,UCdFAl3bZf7bi7A5HX7USKzg,development,5
30,12939,56801,usUlG7P8RwY,UCZNreSxdvd50nzMz5zkXg4w,development,5
30,12940,56808,ALIklVdiL7w,UCl5xacxsAhltNGtiMktd_Sg,development,4
30,12941,56810,t8oDqdTcxwE,UCckltLEhFLv8Xz_lQhYfwmg,development,1
30,12942,56816,dN-ezwOVHqI,UCHcjVyfv5VYVhafiVjzb9qA,test_reserved,
30,12943,56818,YzyE3meNayQ,UCwhdGDxSy0PPmGodAPd-pOA,development,3
30,12944,56822,vO6otUgvBW4,UCKdCJ4H-bWf48svKYdaFZhQ,development,5
30,12945,56823,3A9JipDtJQ8,UCQTcNhAZidy1i9wwmdgf2Lw,development,4
30,12946,56824,K4hhiMcueOk,UCVqfoMNwM8SIpL6BMGTZbcA,development,5
30,12947,56825,fX8jjFmVPgo,UCr5BVR_ePEz_9V-KF5rSEmQ,test_reserved,
30,12948,56826,g04dnu-Wb7w,UCpoFVjuq1ALkaLXUCpn_GuA,development,2
30,12949,56827,_d48iANOvz8,UCRDDfbYPHX_GUJ4lcQYTc8A,development,2
30,12950,56829,QpgsOkPDj4I,UCc30sTBdN9LRSxEuHaXV_bQ,test_reserved,
30,12951,56837,PUCwxV3onm4,UCidNC9-9DsHj3FmP5N42Lqw,test_reserved,
30,12952,56839,1I4ZxU3O9mo,UCRDDfbYPHX_GUJ4lcQYTc8A,development,2
30,12953,56844,BBkGPe7daKY,UCQTcNhAZidy1i9wwmdgf2Lw,development,4
30,12954,56845,5gTSzWSKUjs,UCRDDfbYPHX_GUJ4lcQYTc8A,development,2
30,12955,56852,jrhTQ4Dyylw,UCF06B6cH6Rf9UVYc5v4WAwg,development,5
30,12956,56855,1xBlpb1PswU,UCFjPN4qKreAn3tB36QMYiRA,development,5
30,12957,56857,FhRC6KkLCJQ,UCg22fUwQQF-7Sf6-TIVIFrA,development,1
30,12958,56869,ARnxRq6HDpc,UCbR7juPwtP-bV_w0840ciYQ,development,3
30,12959,56871,eDwAZcw-lf8,UCQTcNhAZidy1i9wwmdgf2Lw,development,4
30,12960,56872,_jtsxPew_pY,UCCK3OZi788Ok44K97WAhLKQ,test_reserved,
30,12961,56879,50JPv6J9qy8,UCKkRSuLQBs2oErUCgivn8mw,development,2
30,12962,56881,cmlLRk_2zaQ,UCidNC9-9DsHj3FmP5N42Lqw,test_reserved,
30,12963,56892,TUaOxxyE6Gs,UClSIhhnuyF8fXtBTpOOTknA,development,2
30,12964,56897,TWVAbvncFfM,UCu3jIK2NBSXc0_YaFqEuIrg,development,2
30,12965,56903,v0Yz82hUr00,UC5R7F4Mw_ZV1c4tYe4UKLIg,development,4
30,12966,56912,sPVeoIMV-gU,UC8lKgUHo-2mSR5cRRXO9xow,test_reserved,
30,12967,56916,B31_8tVrbTI,UCPfU0uygBGutjaaJU5PpEvg,development,2
30,12968,56917,KjTpChx0BqM,UCDWDuArgzMjvihWp47GYzKw,development,2
30,12969,56920,cSg3VpK7QQ4,UCBWG_GjopQPckewo1_IvhLQ,development,5
30,12970,56922,Gg_IOlCUIbM,UCm3mXl7hQbHVMxhKaOeEhYA,development,4
30,12971,56924,ZuaFxIFE4Os,UCCbm1E52PV05ZLv6dtRB92Q,development,5
30,12972,56933,9SvjFUrl4VU,UCqDbs3rlemiBZmhkh9gXXHg,test_reserved,
30,12973,56941,8E3rpTySKvQ,UCJhdo2Kg29_EZwNPvlhzIFg,development,2
30,12974,56943,h7N3hB05Kco,UCAH7R88V7gz7RqJv78nNOzg,development,3
30,12975,56948,tJdBrLQJ4uM,UC8lKgUHo-2mSR5cRRXO9xow,test_reserved,
30,12976,56949,Zc-3GC8SwNs,UCrtXFLaJQUh6R8xjW6l5tMQ,development,1
30,12977,56955,1dfq96YswSA,UCDhV2dS5kewSaccFl9g66sw,development,3
30,12978,56959,iaLq62OJqSI,UCCK3OZi788Ok44K97WAhLKQ,test_reserved,
30,12979,56961,8dobWL-o7Dw,UCaESx7Bdghv_UICcG1hBkcg,development,2
30,12980,56964,6r8Ejp_Nd0o,UCijnIlxFiT_sCG1n--8_HEw,development,2
30,12981,56976,sMuhQgkaDFs,UCckltLEhFLv8Xz_lQhYfwmg,development,1
30,12982,56981,XtSyIJ282h8,UC7jNYrQQr_GnMWLe6bGRi2A,test_reserved,
30,12983,56990,JvOieI6remU,UCgnFSj7jQffD5V5m05j4dPw,development,5
30,12984,57000,7bTEqJICuY8,UCckltLEhFLv8Xz_lQhYfwmg,development,1
30,12985,57004,vhq_qOKo62A,UCf2Iar2LDcFaSCnVH1ZMUkA,development,4
30,12986,57009,rkdEMar3Ln4,UCgnFSj7jQffD5V5m05j4dPw,development,5
30,12987,57010,ZvvdXU-zJL4,UC3asBjakSJquSeu2yt25lBw,test_reserved,
30,12988,57014,6jzxc7o0U-E,UClSIhhnuyF8fXtBTpOOTknA,development,2
30,12989,57021,HvoNpVDeJxU,UCOtYyt7W5PmPnwQjWWF_Z-Q,development,3
30,12990,57022,XlI6-Lar8Qs,UCILFY0DK2vcnnnTAgWrX-xw,development,5
30,12991,57029,fDZ5JxejqEQ,UCV_4W6LL-Iwh0UaT_B6exQg,development,5
30,12992,57032,8QUq4G8NC8Q,UCAvDJMfUNahnsnMBN1hIXuA,development,5
30,12993,57036,UHgxy-V3Wuw,UCOtYyt7W5PmPnwQjWWF_Z-Q,development,3
30,12994,57043,8QqalvkLGZ0,UCcijXxFzSXgoM6q9cCtT9PA,development,2
30,12995,57044,9AAKPXPASHU,UCckltLEhFLv8Xz_lQhYfwmg,development,1
30,12996,57046,XG9dshOUPdQ,UCmTrMV3RUj_n8dO0Ff-wHOQ,development,3
30,12997,57048,fd8jRAMilEA,UCCK3OZi788Ok44K97WAhLKQ,test_reserved,
30,12998,57051,oJSmRf5Ruso,UCgnFSj7jQffD5V5m05j4dPw,development,5
30,12999,57054,LBmVEZqfioQ,UCA5xW2Ce7KT2AtxzDYDebCA,development,4
30,13000,57059,c1Dw2rEGJ_8,UCcijXxFzSXgoM6q9cCtT9PA,development,2
30,13001,57061,nVyf9zM0QVQ,UCcijXxFzSXgoM6q9cCtT9PA,development,2
30,13002,57063,ZQqlazA11S4,UCqU7Eof3uDD0309gvUNfAog,development,1
30,13003,57068,Ho69qkC9kz0,UCLNz9bgiJfM3ImTtYDOt8Ew,development,4
30,13004,57079,FmXPi88vfOg,UCLsRogzQ9bw2Efitidd0ikg,test_reserved,
30,13005,57084,wLWQ1rctAa0,UCZ6MS5ygBzz25PnSMaAw8PA,development,3
30,13006,57093,B61nH17iWds,UCeregcA7V24wo3vGVVsitfA,development,3
30,13007,57099,G4gLu4muZe0,UCekdpdajQ1JyGxUbmsN7nNA,development,3
30,13008,57101,I_ku_nTJaCQ,UCK7K6a0WPm-QIUD7D1hqQSA,development,2
30,13009,57103,v_-4WEzs8Mg,UCCK3OZi788Ok44K97WAhLKQ,test_reserved,
30,13010,57105,eUlCm7tSXgo,UCtVEiBn_-ezOpRkL2pNjXzA,development,5
30,13011,57107,ZxawhKppVLA,UCqrqt9Egbp4Voh3iEUUoorw,development,3
30,13012,57108,H63KuOuu5sI,UCVd1jcy6wKFzfQ5E-Txtg-w,development,2
30,13013,57125,xZrPIeKk1PE,UCYFn7BOOlmL21iNJ6q5IDfg,development,5
30,13014,57129,Am8b2DHXIQk,UCnANUYmlChbeCOqyAE-Y80g,development,3
30,13015,57131,Yl077Rdek80,UCckltLEhFLv8Xz_lQhYfwmg,development,1
30,13016,57137,-fp-0Lnzp40,UCckltLEhFLv8Xz_lQhYfwmg,development,1
30,13017,57142,dMrC-7gI3Jw,UC1YGPDtctHGJWW0NrlQVklw,development,5
30,13018,57144,0-86Mzk88pI,UCe13xXtdfx_n0_z1qeXV6_g,test_reserved,
30,13019,57149,4vLqMHbuR-8,UCLuP7ROjaueiuNbzrvPqXSQ,development,3
30,13020,57150,xaaHZ0oL7b8,UCc30sTBdN9LRSxEuHaXV_bQ,test_reserved,
30,13021,57151,Cl8MD-MQaHI,UCkagcQYGoYFuXsUg-ObSL6A,development,5
30,13022,57155,ciAl9Sh1L44,UCOtYyt7W5PmPnwQjWWF_Z-Q,development,3
30,13023,57164,erKyvlPeXnU,UCQxYcvX5hnGJvuTFzKng-Vg,development,2
30,13024,57175,27-pvaPNzPw,UCv0MDqyLJbwYkW-7IHFAPhg,development,4
30,13025,57182,GjQGafe-ttM,UCbS_glb2N1NVTrDLVryRbng,development,4
30,13026,57199,T2gXYfDXXLA,UCckltLEhFLv8Xz_lQhYfwmg,development,1
30,13027,57200,kTJgznZ1WM4,UCgnFSj7jQffD5V5m05j4dPw,development,5
30,13028,57202,UkFdMLgOuDc,UC1YGPDtctHGJWW0NrlQVklw,development,5
30,13029,57206,zogWKEmCYP4,UCCK3OZi788Ok44K97WAhLKQ,test_reserved,
30,13030,57207,gGx8ArjrqXE,UCQTcNhAZidy1i9wwmdgf2Lw,development,4
30,13031,57216,ZXn-vam4BFM,UCbS_glb2N1NVTrDLVryRbng,development,4
30,13032,57228,sx7N3ctXPNA,UC1YGPDtctHGJWW0NrlQVklw,development,5
30,13033,57231,pF4Cql1jnow,UCCK3OZi788Ok44K97WAhLKQ,test_reserved,
30,13034,57232,spt8HLTFNUY,UCuJmg9Gw1uO-JGVLk9iACDw,development,2
30,13035,57245,7gnah5a6DBY,UClBC9kT7SSFliwTgLQ7Ms4g,test_reserved,
30,13036,57255,BHD5ahMHIXY,UC0UN7hnzgIxDgG582qgy4cw,development,5
30,13037,57258,zGJMtp77q98,UC2OHGMQqFUgru1lonCqNRfQ,test_reserved,
30,13038,57260,KCHqPW_OSmI,UCwsNWoSlQUyeWgbVQYZtLOA,development,2
30,13039,57264,uccKmxUOZKc,UCPXSUKHTNc1_hnHuj-UiQWQ,development,4
30,13040,57265,mrikdfaACDM,UCA5xW2Ce7KT2AtxzDYDebCA,development,4
30,13041,57269,WFC6PPfXa6g,UCgm1AkjIpLGAoBDdCPx1tMQ,development,2
30,13042,57271,9TPpW7D5d9s,UCbS_glb2N1NVTrDLVryRbng,development,4
30,13043,57276,BYOnuQ9ydlk,UCckltLEhFLv8Xz_lQhYfwmg,development,1
30,13044,57277,K4JKlwxVmOs,UCRB8mrLCcwTPlJOMUy9MDUg,development,2
30,13045,57279,A9M3w1vjZIU,UCol1SzfebXhRo0ltxOJZ9cg,development,2
30,13046,57297,G8h5TXDrOU4,UCCK3OZi788Ok44K97WAhLKQ,test_reserved,
30,13047,57308,gPmHNL8uexc,UCKaLeMeUVY1gsBK2nh_PeSg,test_reserved,
30,13048,57310,LITtlsA6usE,UCckltLEhFLv8Xz_lQhYfwmg,development,1
30,13049,57311,3xlgLrVO0Z8,UCOtYyt7W5PmPnwQjWWF_Z-Q,development,3
30,13050,57314,2v71MyQ4kIU,UCaESx7Bdghv_UICcG1hBkcg,development,2
30,13051,57316,wc77RmHYmGQ,UCckltLEhFLv8Xz_lQhYfwmg,development,1
30,13052,57318,sDz2JYYHNlA,UCxEUUXpOFlVyBC9sf73Isow,development,1
30,13053,57319,e2a8iw5-39o,UCYga1ycTsoZn6Y_xlrdw0iA,development,4
30,13054,57325,-WIiGGlpVrs,UC151dtdh5iXFd-0IRkt7DDg,development,5
30,13055,57328,_V4ES2Fazag,UC3cLeuBcLQ2vwEbVfdlfXyg,development,5
30,13056,57330,LXIK2rYCOno,UCckltLEhFLv8Xz_lQhYfwmg,development,1
30,13057,57338,UmbXpfjPxi4,UChlvAvH3N7Xd29DuAJgv0Mg,development,1
30,13058,57340,CmEvzRSyVsE,UCrHp7_wVE4B6jcUNMwBXZRw,development,1
30,13059,57342,EsRy1fn5GlM,UCh9qXeL8eP3Txra2908xksg,development,3
30,13060,57344,Z4Rqtu6HH98,UC4zvRArzwIHBnQY6FkDGMCA,development,1
30,13061,57348,QcRVchJdXyM,UCtZO2c3i1PrtwyeaxaIYHKA,development,4
30,13062,57349,jVIYUNNTl0A,UCOtYyt7W5PmPnwQjWWF_Z-Q,development,3
30,13063,57357,YFkHDhVvmuk,UClC6jQT87s0yKTxHls4BWSw,development,3
30,13064,57359,ewOjVA7UaZo,UCI3Xc02tgvW28O-Rrou3LxQ,development,4
30,13065,57361,w4eFG4rYAX4,UCQTcNhAZidy1i9wwmdgf2Lw,development,4
30,13066,57364,YUYBVq2YO9Q,UCbR7juPwtP-bV_w0840ciYQ,development,3
30,13067,57366,32GW3bxxLT0,UCaESx7Bdghv_UICcG1hBkcg,development,2
30,13068,57373,FzCXNMsmMgU,UCJsP6VDsHsorL2IgKOTdiEA,development,2
30,13069,57381,QKUE32lYyGo,UCuTgmLxqarTxuBU5ARMYUNQ,development,5
30,13070,57382,OoWSp7njI4g,UCVwEHCzHFsn8_5LhjMFqSiA,development,5
30,13071,57385,gDWUVnRVAoc,UCT8XqS_PyC0PQ2mqIgPj-5g,development,2
30,13072,57389,fCSqv-NPG3Q,UCI-teIr7yMeLi4Z3LW4LNRg,development,3
30,13073,57391,oWaLK3hLsd8,UCekdpdajQ1JyGxUbmsN7nNA,development,3
30,13074,57396,Ca8wtrhGl-Q,UCRDDfbYPHX_GUJ4lcQYTc8A,development,2
30,13075,57397,egEudbJAFIM,UCCK3OZi788Ok44K97WAhLKQ,test_reserved,
30,13076,57398,kiSN8c5-PNo,UCckltLEhFLv8Xz_lQhYfwmg,development,1
30,13077,57402,gCQdcTlGAlM,UC5-n2dfksESEt3ATmM6Uujw,test_reserved,
30,13078,57403,W4457DyGdSQ,UCeLsnnibnzDaSpMZMPJcvAw,development,1
30,13079,57405,FNknwuk_T1A,UCNPYfKcafveO1qA81WSW9CQ,development,2
30,13080,57413,jZdqZ2ehO4E,UCcbOsE5_4LEjtQi8X2PFxDw,development,2
30,13081,57416,ibxg244TsrY,UC3tvYy-s84yySG7V85jRDnA,development,4
30,13082,57434,VLqZQyq3mXs,UC0QrPhl7LB3tfSN3Fls2o0g,development,1
30,13083,57436,zHUZwwfFqIA,UCcbOsE5_4LEjtQi8X2PFxDw,development,2
30,13084,57444,l40IM1wK644,UCpamW3WJjX0CgjWGsBxIm2w,development,3
30,13085,57449,NdS-H8VY38o,UCbS_glb2N1NVTrDLVryRbng,development,4
30,13086,57460,NlopYLYS1RI,UCXLyL2Fg5DZouTYsYtRT0WQ,development,2
30,13087,57465,FddLzIlSwvc,UC8ZmvQOUKiu6SmICTXzjFnA,development,5
30,13088,57470,0Zj2OxHvJg0,UCol1SzfebXhRo0ltxOJZ9cg,development,2
30,13089,57475,FsKnIhQolrc,UCbS_glb2N1NVTrDLVryRbng,development,4
30,13090,57478,Lx6IH1G-GjI,UCjKSK3d5r0O78WGnMouSvDw,development,5
30,13091,57481,XtGa6Gm0NMA,UCCK3OZi788Ok44K97WAhLKQ,test_reserved,
30,13092,57484,dlPef84XYYA,UChtQ7TCSKmvCIqonz1eto1w,development,3
30,13093,57491,VfaD2PBbQeA,UC5R7F4Mw_ZV1c4tYe4UKLIg,development,4
30,13094,57501,00IGVc39ang,UCcijXxFzSXgoM6q9cCtT9PA,development,2
30,13095,57504,qnLr9WL-RKM,UCCK3OZi788Ok44K97WAhLKQ,test_reserved,
30,13096,57509,3q4-yBuWsZs,UCrLvbl-59ugBtbyBYyicZnw,development,4
30,13097,57510,C655mLTN7RM,UC5fkr-uG2-yAEbwbJV-QIxg,development,1
30,13098,57513,jKyzTF7o4w4,UCwyld30uUaeOoRl9Y1dsfLw,development,3
30,13099,57517,a4NWR_G9Zxo,UCbR7juPwtP-bV_w0840ciYQ,development,3
30,13100,57518,eM8mZYp5TWE,UCJc1hbJPvG5f2v8iSPG-3CA,test_reserved,
30,13101,57524,vefSiNtl1lY,UCPaa9NR1c6o7QW8kHYbR9Rg,development,1
30,13102,57527,WrJHHe2pUac,UCcijXxFzSXgoM6q9cCtT9PA,development,2
30,13103,57530,yhQz3JOcMTM,UChDDErhFN18hQ-NifYMMbVA,development,4
30,13104,57533,r0Zn0XfluP4,UCrmzxiCDMV3hI56E9nYy-4A,development,4
30,13105,57545,DxwXuSxz8Xc,UCpKHQzqFn8VhNKQVCNp2M1g,development,2
30,13106,57549,7bdWXEjvyR4,UCuN1HN5RXX2D6ZcEkopILeg,development,4
30,13107,57555,KEi0Ce24zo4,UCslQTjunYucYv2IAoZ1vVnQ,development,2
30,13108,57561,QAlmF_ad0ko,UCcspHoBTj_aLhnJLwkMpWHQ,development,3
30,13109,57562,vzqCd0mGJmY,UCn0XmAUFv6d2tofMFEesSNw,development,5
30,13110,57566,6FWi7KYZ_v8,UCckltLEhFLv8Xz_lQhYfwmg,development,1
30,13111,57572,XgrPdcx-sT0,UC5IM2uMULjHt-0aAfiG8E_A,test_reserved,
30,13112,57580,XlzvQqMhCAA,UCckltLEhFLv8Xz_lQhYfwmg,development,1
30,13113,57582,7hE-I31VPLY,UCcwCsuV7bOpTfqf2UvLfYmg,development,2
30,13114,57586,bT36hcWp0vg,UCTrnwXaiRohA_UbIZ1_7sjQ,development,4
30,13115,57588,ZRxBemfN0TQ,UCoPGkvh-1AoSzh23-ROXrpw,development,2
30,13116,57592,33d0E2q3nE0,UCcbOsE5_4LEjtQi8X2PFxDw,development,2
30,13117,57595,qcOa2tRo23Y,UCbS_glb2N1NVTrDLVryRbng,development,4
30,13118,57596,5ZBaCqem2Fk,UCOtYyt7W5PmPnwQjWWF_Z-Q,development,3
30,13119,57604,3PrPv51nBQE,UCCK3OZi788Ok44K97WAhLKQ,test_reserved,
30,13120,57609,pD3nYxSS4y8,UCJc1hbJPvG5f2v8iSPG-3CA,test_reserved,
30,13121,57614,YMZxp4Jz3qg,UCfctDMDRq0cS1N8ddyvLfAg,development,4
30,13122,57616,JH_UiLsh2OA,UCcxDOjzjxdaGfT5NiN5M8mg,development,2
30,13123,57623,KMj-2S42W1k,UCA5xW2Ce7KT2AtxzDYDebCA,development,4
30,13124,57626,hTcji81794I,UCf2Iar2LDcFaSCnVH1ZMUkA,development,4
30,13125,57627,MchlO0e5C58,UCoZJaxWPeeGKZ6ShK5EsIkA,development,3
30,13126,57628,0uqDPmuokhI,UCYweMykEAI5aaRztqrJuuAg,development,2
30,13127,57630,uN6xhgNMcEM,UCT83ymyAGm7Gnk_4ifxjxIA,development,4
30,13128,57634,2htaUVT02fo,UCiwOYqQCfcQ-iV5VIguQcKA,development,2
30,13129,57635,CD4fLGax59o,UCRDDfbYPHX_GUJ4lcQYTc8A,development,2
30,13130,57637,PVKbKFNWCs8,UCuEwrmIOrOpKWtoy2GjgHkw,development,1
30,13131,57638,-xejIkC89B4,UCAH7R88V7gz7RqJv78nNOzg,development,3
30,13132,57639,vAlk6GEusO8,UCG0j1mTQov3RVBgLgh6wbKg,development,5
30,13133,57647,gkpBLNVGG1Y,UCCK3OZi788Ok44K97WAhLKQ,test_reserved,
30,13134,57648,hrpE-jOLkZE,UCdgWTRipbTuQsIiiPb6fB-A,development,5
30,13135,57653,qr8v-EjXag8,UC-GRFwciK7JiP8T4tl0pftQ,test_reserved,
30,13136,57664,BSQVy9bqPRM,UCs_mHlm5_C82W5WCIJaSMbQ,test_reserved,
30,13137,57678,CKyhD1kj8ik,UCMayHG7j39d11Gh36vV7GnQ,development,3
30,13138,57685,2ZL5gMpj5Ng,UCsDDVBdzvMMZaQtF8vaC9bg,development,3
30,13139,57686,VZLMtJ5y03M,UCwRAPq0zLdVsb440xKGBx2w,development,1
30,13140,57689,k--gtaezEWs,UCqrqt9Egbp4Voh3iEUUoorw,development,3
30,13141,57696,17GzjMVpWQ8,UCsU0TSt6Jm_yLlTkZS-FvUw,test_reserved,
30,13142,57705,1GYFJQFap7w,UCCK3OZi788Ok44K97WAhLKQ,test_reserved,
30,13143,57706,OhbBtFBpK64,UCZ-RBSr_ZD-jWWDgZmFyZyw,test_reserved,
30,13144,57707,-I8NkI17Ses,UCckltLEhFLv8Xz_lQhYfwmg,development,1
30,13145,57712,kwkcOyNYO80,UCzO0Ody4SmI_XFRrXW848eA,development,2
30,13146,57717,PLqv40h69BY,UC0RxmX79uHOBvSKKYAQ7Axg,development,4
30,13147,57719,4Ioj_GNP3h4,UCVOpVmhOSRwoq6B_i6ZZMYg,test_reserved,
30,13148,57720,KGqaQrX-6WY,UCQTcNhAZidy1i9wwmdgf2Lw,development,4
30,13149,57721,CHcXEnZncjE,UCckltLEhFLv8Xz_lQhYfwmg,development,1
30,13150,57728,nNMcwQr3UUg,UCvfwXFsI8J-iRMpG1SE8lgw,test_reserved,
30,13151,57729,1LaZs4a1NEg,UCbS_glb2N1NVTrDLVryRbng,development,4
30,13152,57733,hl24CHVUb5U,UCOiMY00_ZLijPF6InrCl0TA,development,3
30,13153,57739,2ODB9eTuhDU,UCckltLEhFLv8Xz_lQhYfwmg,development,1
30,13154,57741,v0-1r2hz1gY,UCCK3OZi788Ok44K97WAhLKQ,test_reserved,
30,13155,57749,yNz3cIOVDvQ,UCt85p_UTIuhPLZBuZbfciNQ,test_reserved,
30,13156,57755,YCR8ppnQaDY,UCPXSUKHTNc1_hnHuj-UiQWQ,development,4
30,13157,57756,s1jB80X0NhU,UC8ZmvQOUKiu6SmICTXzjFnA,development,5
30,13158,57762,m5p4bcigWD0,UCgdaUnUmkHDpYCU0w2pR7Rw,development,2
30,13159,57768,8r-sPCx0A-4,UCcbOsE5_4LEjtQi8X2PFxDw,development,2
30,13160,57770,y7PeSus-gtc,UCckltLEhFLv8Xz_lQhYfwmg,development,1
30,13161,57775,Mhjy21h681M,UCqrqt9Egbp4Voh3iEUUoorw,development,3
30,13162,57776,pgqQ2Gbwfr8,UCh1devGAKOxk1FONKNQyWfw,development,5
30,13163,57777,hFIaYkbInRE,UCppSNX9SEvI6TM1U0GLGQyA,development,2
30,13164,57779,jzCUUzQtW40,UC12Ujt77-UFGXPAalKwuXDg,development,2
30,13165,57780,I5fRipUzUH8,UC5-n2dfksESEt3ATmM6Uujw,test_reserved,
30,13166,57788,8Rj0LX7QNmo,UCckltLEhFLv8Xz_lQhYfwmg,development,1
30,13167,57795,F7Ef0NYNMJM,UC71UUwCRqrYXgtTFZnFkUsQ,test_reserved,
30,13168,57798,MPPHiG2k7NM,UC_nFt7ialY-bZ-nUFwzY_hg,development,1
30,13169,57799,YDbq41tqLLs,UCkagcQYGoYFuXsUg-ObSL6A,development,5
30,13170,57807,fwhX-2-dIwI,UCn0XmAUFv6d2tofMFEesSNw,development,5
30,13171,57810,PaDI8CEYuc8,UCtbui91HtlEMWfoOmvulnTw,development,2
30,13172,57818,sWW_nSx-jac,UCTlVnv2IrpdHPiB4PeaH6Lw,test_reserved,
30,13173,57824,vjjHclMSjgA,UCskNFH2e4ptFTkgeVmFPNhA,development,2
30,13174,57835,0DMl2fFz5Ns,UCckltLEhFLv8Xz_lQhYfwmg,development,1
30,13175,57843,01h6PrfJXBI,UCCK3OZi788Ok44K97WAhLKQ,test_reserved,
30,13176,57844,j6eseGGfqm0,UCOtYyt7W5PmPnwQjWWF_Z-Q,development,3
30,13177,57845,mcAL0DOLJN8,UCcijXxFzSXgoM6q9cCtT9PA,development,2
30,13178,57850,3SDZ_IRlxY4,UC8qBNfgWRK_WYYGSmmrfgPA,development,4
30,13179,57861,wT43GqQmrlA,UC6kLehpqRT0Wm8eBMMSbH2Q,development,1
30,13180,57863,Mk5Xm11gwBE,UCV_4W6LL-Iwh0UaT_B6exQg,development,5
30,13181,57865,O1xNZV35_gI,UCRB8mrLCcwTPlJOMUy9MDUg,development,2
30,13182,57878,C7B0f-p1Jz0,UCJojbxGV0sfU1QPWhRxx4-A,development,1
30,13183,57883,7JyCq1WAE2Y,UCpRnLw-i6ep13w_vh9M9k-g,development,2
30,13184,57889,ffqZAihX9gA,UC6jQt9K_jqnBNtsRf7hXHsA,development,2
30,13185,57890,6ZhnIQlZE20,UCoQrhbL8EqaiWTywvgPlriA,development,1
30,13186,57892,73QPMLDWGgQ,UC1mSe8-rrpRmY2uITst70SA,development,2
30,13187,57894,CSX3x9u-Ct4,UCdgWTRipbTuQsIiiPb6fB-A,development,5
30,13188,57896,6YQnPW8pr5Q,UCckltLEhFLv8Xz_lQhYfwmg,development,1
30,13189,57898,vXf-RkTJP_I,UCCK3OZi788Ok44K97WAhLKQ,test_reserved,
30,13190,57901,i0qc6utslJs,UCXfgx23Lw81I4wsCNhdVBgw,development,4
30,13191,57908,WnBqvDVive0,UCaxBlBmzR1DJYmTaPax2gPQ,development,1
30,13192,57918,z9BGccVCboc,UClSIhhnuyF8fXtBTpOOTknA,development,2
30,13193,57921,g20LYOH4RVY,UCgnFSj7jQffD5V5m05j4dPw,development,5
30,13194,57924,HF-wJKZOwoo,UC4Pb9SEsCb1EpsXVYAVVajw,test_reserved,
30,13195,57925,0Myw2eSzCD4,UCOtYyt7W5PmPnwQjWWF_Z-Q,development,3
30,13196,57930,FWF8EJx3roM,UCsbPUu0F_qqCmDFVjiRva1Q,development,5
30,13197,57949,2jB6cKFwNz0,UC1nFPCnX9qu53XUsSEmjyNw,development,3
30,13198,57957,7KDI1_-Pmbk,UCiitqGvliLalpXfO191ha0w,development,2
30,13199,57963,rI6CCKNG6w0,UCuJmg9Gw1uO-JGVLk9iACDw,development,2
30,13200,57967,W4EUTpnlsRw,UCo7jGFwywOdtesciwW-POqg,test_reserved,
30,13201,57971,YLbn4bCwydE,UCke4NBMcOwRbe9O1utY7b4g,development,2
30,13202,57975,KJVHH7kBVrw,UCXDs97xqSkkV9WSXMtYvCEw,test_reserved,
30,13203,57981,VRrfwAxMlqQ,UCAd1_DwT2iKc8s7rH6Af9lA,development,3
30,13204,57982,FnHb-ZTfalQ,UCa--Ced01OPtW6JViF4hGvg,test_reserved,
30,13205,57984,7lPQ629yxQU,UCcspHoBTj_aLhnJLwkMpWHQ,development,3
30,13206,57990,xkEhLt3Y0Bg,UC1YGPDtctHGJWW0NrlQVklw,development,5
30,13207,57993,Y4iBmPJ_740,UCpamW3WJjX0CgjWGsBxIm2w,development,3
30,13208,57996,DU5oYMRjkbw,UC1YGPDtctHGJWW0NrlQVklw,development,5
30,13209,57999,E9wCrnX1RCo,UCjm3xnBye4keJCmF2raTl3w,development,2
30,13210,58000,yKdAqqUI2rE,UCCK3OZi788Ok44K97WAhLKQ,test_reserved,
30,13211,58004,x1wbciPQ5uM,UC0xHX8gNJzWCFU4J0kP9JQw,development,1
30,13212,58005,uD1iu05W8yM,UCR40Xn4_B3pU-g924OG9Pvg,development,2
30,13213,58011,CMZdDIa7Zk8,UCm8I2aLYgPm_gdzw4SSkiGg,development,2
30,13214,58012,-ubadmb6xqY,UCs_mHlm5_C82W5WCIJaSMbQ,test_reserved,
30,13215,58013,3SEqQ7BUxHI,UC00vtrikOjfXvPYVdCk6h-g,development,4
30,13216,58017,JoM2_uDHWDE,UCckltLEhFLv8Xz_lQhYfwmg,development,1
30,13217,58018,4D7xlR4ZSZg,UCLNz9bgiJfM3ImTtYDOt8Ew,development,4
30,13218,58027,Ky-A4qALotc,UCp3JwFW1xiUY4QwLqSsbNyw,development,2
30,13219,58035,o4z5fV2dqLs,UCvivK4AwTrkPBnmrObTFxaQ,test_reserved,
30,13220,58041,Ou3IQ3qqa94,UCy-3y3BEH8dFhPsNEnO74Vg,development,5
30,13221,58042,4LPlJ-ILVpw,UCeixuk-NkKqLJfZKcK2fQig,development,3
30,13222,58046,tAusq_WIAbY,UCckltLEhFLv8Xz_lQhYfwmg,development,1
30,13223,58048,kP9Hg7WK8gw,UCVfnhhDIkkBJ_1QyzCqeVDg,development,2
30,13224,58064,kVRG6w4wd5o,UCm6FpVN_cg2tGqHVDc9QpMg,development,4
30,13225,58068,2MWp2V6gM1c,UCT83ymyAGm7Gnk_4ifxjxIA,development,4
30,13226,58070,I-qDEojiui8,UCIKg0Ev6Vq2M7hU7bL_jHFQ,development,3
30,13227,58076,BLRcurCxSXg,UCckltLEhFLv8Xz_lQhYfwmg,development,1
30,13228,58078,cDix4Af9vI4,UCckltLEhFLv8Xz_lQhYfwmg,development,1
30,13229,58080,Dt49_99X7aU,UCcijXxFzSXgoM6q9cCtT9PA,development,2
30,13230,58081,-qFDYMGC84Q,UCbS_glb2N1NVTrDLVryRbng,development,4
30,13231,58099,pV8ia09NbE8,UCqrqt9Egbp4Voh3iEUUoorw,development,3
30,13232,58106,LTpwrWT0eo8,UCAvDJMfUNahnsnMBN1hIXuA,development,5
30,13233,58113,IIc1gtAxNmk,UCfQfw--8dPGypR7sGcXJz0w,development,5
30,13234,58114,gk8H34L5FVU,UCCK3OZi788Ok44K97WAhLKQ,test_reserved,
30,13235,58116,d_YxPy7VaHk,UCY8jtiRLqx1Sv5A0fWYGlNQ,development,4
30,13236,58117,pu4_p7rehwQ,UCLNz9bgiJfM3ImTtYDOt8Ew,development,4
30,13237,58120,kuGUlFrfQrk,UCcijXxFzSXgoM6q9cCtT9PA,development,2
30,13238,58121,IE3EImHjMqg,UCNEf722QEvvmyGaT0HsKxRQ,test_reserved,
30,13239,58124,ArusDAogB80,UCckltLEhFLv8Xz_lQhYfwmg,development,1
30,13240,58128,6vcppGVaLMo,UCocTGar6qlhml1oAUBWMQTg,development,3
30,13241,58130,2GV7usYojuI,UCxPYVvthidICJb75llNXktg,test_reserved,
30,13242,58133,X5sYIoPcx4I,UCbS_glb2N1NVTrDLVryRbng,development,4
30,13243,58136,ExML8M5qkc8,UCPJRtoh7x7vEw0-d59JwKiQ,test_reserved,
30,13244,58137,Q2Luq7uRHJA,UCiPqzkmX93ta8vFwMVS81oQ,development,3
30,13245,58149,k_ogWNDRMNM,UCckltLEhFLv8Xz_lQhYfwmg,development,1
30,13246,58150,XI_sGtkVz_k,UC7SpeEKCvhjtxa4VX2sHA1Q,development,5
30,13247,58154,OF9Vw0Et-DM,UCPXSUKHTNc1_hnHuj-UiQWQ,development,4
30,13248,58156,9w65QVx4ipA,UCckltLEhFLv8Xz_lQhYfwmg,development,1
30,13249,58165,wDJQKtziNZs,UCckltLEhFLv8Xz_lQhYfwmg,development,1
30,13250,58166,QZe_7CU4pYM,UCbS_glb2N1NVTrDLVryRbng,development,4
30,13251,58180,eD-bBIa97gk,UCcg4tDKgPLIc_x3lhWdogLg,development,4
30,13252,58184,DhfBgpcVFnI,UCckltLEhFLv8Xz_lQhYfwmg,development,1
30,13253,58189,jTrRRWw65DQ,UCc30sTBdN9LRSxEuHaXV_bQ,test_reserved,
30,13254,58192,W2SiBUpPMO4,UCCK3OZi788Ok44K97WAhLKQ,test_reserved,
30,13255,58198,6ijgungpcDA,UCixHOFltSlDzQezAiDC--wg,development,1
30,13256,58199,cXNWe8ks5qo,UCckltLEhFLv8Xz_lQhYfwmg,development,1
30,13257,58208,In8yWEoZ0jY,UCr5BVR_ePEz_9V-KF5rSEmQ,test_reserved,
30,13258,58209,3UHY5lv5-YU,UCjboX8rWtjAyU7dI2bd67KQ,test_reserved,
30,13259,58211,IuBF0V0RMhQ,UCCK3OZi788Ok44K97WAhLKQ,test_reserved,
30,13260,58215,PNKXF1zjA2A,UCaIc6SgS90ud_RgMSC6hW_w,test_reserved,
30,13261,58216,gkCr-eio1Ag,UCaESx7Bdghv_UICcG1hBkcg,development,2
30,13262,58219,H-TdfEuKdXw,UCRDDfbYPHX_GUJ4lcQYTc8A,development,2
30,13263,58226,u2dGbqUGZ4k,UCqheHQifQ6fdY_A9PCY5y3A,development,1
30,13264,58228,jvGbfCzPOi4,UCW5J0vbGISAYVK_Oz6m2Dqw,test_reserved,
30,13265,58232,f9sN6xkbe5E,UCieUj92znWxr02AWNviTElQ,development,3
30,13266,58237,-p3ZqLVrecQ,UCCK3OZi788Ok44K97WAhLKQ,test_reserved,
30,13267,58242,4oukkyCK75s,UCckltLEhFLv8Xz_lQhYfwmg,development,1
30,13268,58244,MWXkKblbEes,UCcijXxFzSXgoM6q9cCtT9PA,development,2
30,13269,58248,KUCB0nyHI3g,UCgnFSj7jQffD5V5m05j4dPw,development,5
30,13270,58250,hSlBVOKTUCQ,UCOtYyt7W5PmPnwQjWWF_Z-Q,development,3
30,13271,58253,mEEE9U47z9Q,UC5Q9lmEDB_pWZdzzLI07eVg,development,1
30,13272,58257,w_RjHf4abGI,UCWLLcchNMCl8I5cGAMQYdpA,development,3
30,13273,58264,H3p7NeOuFvQ,UCgnFSj7jQffD5V5m05j4dPw,development,5
30,13274,58265,vZxh_ESWSnA,UCFQ4EFo7WWWf8qmVoIih1vA,test_reserved,
30,13275,58281,1tSFM5W2K4U,UCfQfw--8dPGypR7sGcXJz0w,development,5
30,13276,58287,HiqiSG4t9z4,UCnT7Z6-yqjhM__jZbK_B3kw,development,3
30,13277,58292,Ai6FpWiQE9Q,UCGSDCIUEvUtO5wzIFtc4AgQ,test_reserved,
30,13278,58295,sR2vpMfPO-8,UCWO2tL69FZ9ckckHcAa18Ug,development,4
30,13279,58304,b-X4CNuzZq0,UCn0XmAUFv6d2tofMFEesSNw,development,5
30,13280,58305,zdho6Zfan9U,UC1YGPDtctHGJWW0NrlQVklw,development,5
30,13281,58311,hrtWcy_09Ss,UCQTcNhAZidy1i9wwmdgf2Lw,development,4
30,13282,58312,Ka8eyg6fkV8,UCckltLEhFLv8Xz_lQhYfwmg,development,1
30,13283,58320,weGbkBPGN5Q,UCgnFSj7jQffD5V5m05j4dPw,development,5
30,13284,58326,P4mEzoDVDTE,UCx7lEnwLHxO9yPjOotGb-bA,development,2
30,13285,58328,NUgl0Qh9_7M,UC2sO_F_Ky4LIAUtSJYXqBDA,development,4
30,13286,58331,_PyYoacsyXU,UCG3QSJwsRV2nH5Fo3eoYlOA,development,4
30,13287,58333,6dF_FL-L4QA,UCuFZRnnDPMiwvyJVHhNP6og,development,1
30,13288,58337,AA2p28qOXz4,UCrcATWZGF_p53r38i6VK0eA,test_reserved,
30,13289,58340,RwjJ3cdUMvQ,UCCK3OZi788Ok44K97WAhLKQ,test_reserved,
30,13290,58346,UJT10QJ7jfE,UCCK3OZi788Ok44K97WAhLKQ,test_reserved,
30,13291,58348,DEJgSem6Bfs,UCckltLEhFLv8Xz_lQhYfwmg,development,1
30,13292,58353,hbMRzIw6_70,UCQTcNhAZidy1i9wwmdgf2Lw,development,4
30,13293,58354,iOqcWYOF24s,UCckltLEhFLv8Xz_lQhYfwmg,development,1
30,13294,58356,JYdFI7ysaK8,UCM3bQBUJ0PEbgfe9lAw_Y3Q,development,3
30,13295,58362,SdBhgn_h32I,UCAH7R88V7gz7RqJv78nNOzg,development,3
30,13296,58374,X9Q6v6D-Szw,UCAH7R88V7gz7RqJv78nNOzg,development,3
30,13297,58376,axwnP_qq7zo,UCVXCitEEweQox0oyIsJONrQ,development,3
30,13298,58379,gh8EUWS9cas,UCn6YTM3fvYdwCOHpdNJBOeg,development,5
30,13299,58383,lxJGEb3-Goo,UCcFyjFWJPQ3YA1-BMnmwkhQ,test_reserved,
30,13300,58395,W5ETPrQg8T4,UC8ZmvQOUKiu6SmICTXzjFnA,development,5
30,13301,58398,p6kt34Yqyzw,UC1YGPDtctHGJWW0NrlQVklw,development,5
30,13302,58401,Y88pZhRQZEw,UCckltLEhFLv8Xz_lQhYfwmg,development,1
30,13303,58404,wyQ10cCvUEQ,UCOtYyt7W5PmPnwQjWWF_Z-Q,development,3
30,13304,58405,LswT7nqmxuU,UCoUtpHt61tmeSpaznNoqr3g,test_reserved,
30,13305,58410,Szy---S4jCM,UCckltLEhFLv8Xz_lQhYfwmg,development,1
30,13306,58412,oRzt_4NEe0E,UC5bP8uSDBQGh4Qn_g5QrWnw,development,2
30,13307,58414,VgysMLGo1SM,UCEa6e_J_Xs_GKCzG8Eq15Xw,development,5
30,13308,58417,iyiKvfytt4o,UCckltLEhFLv8Xz_lQhYfwmg,development,1
30,13309,58423,U8HTWddIxuw,UCbS_glb2N1NVTrDLVryRbng,development,4
30,13310,58427,xlgmwaJ0JWY,UCh9qXeL8eP3Txra2908xksg,development,3
30,13311,58438,48SXET4lcDo,UCJZ9dEp2t5pGnc3oOmd2KFA,development,2
30,13312,58440,H4yrU-8KFB8,UCckltLEhFLv8Xz_lQhYfwmg,development,1
30,13313,58445,l7xKouOLf8c,UC7e8LFxir9MCfTAf2XQbfaA,test_reserved,
30,13314,58448,beS-Zgbh2ns,UC5mNdm6_f2fv50Hzsg7qW1g,development,1
30,13315,58449,x8pyRy9S6M4,UC8ADWM4kdxtzzoDH3JI5hSg,test_reserved,
30,13316,58453,tPsjlQeqAeo,UCE_uaeRZwW7roZqYO31iDWg,development,1
30,13317,58458,Z49OJv7O9V8,UCgnFSj7jQffD5V5m05j4dPw,development,5
30,13318,58466,701g2Qqylyo,UCJeJFkRVgi7gT7ViTxuHHdg,test_reserved,
30,13319,58467,XKUWg2wy1wU,UCLNz9bgiJfM3ImTtYDOt8Ew,development,4
30,13320,58472,8YOt8F0kxs4,UCVd1jcy6wKFzfQ5E-Txtg-w,development,2
30,13321,58476,Hh5clGwn5Bw,UCLuP7ROjaueiuNbzrvPqXSQ,development,3
30,13322,58483,rRmXPsY0qWo,UCRDDfbYPHX_GUJ4lcQYTc8A,development,2
30,13323,58484,EGDvRrcGmnQ,UC6MkngMDyobFNaXOZR0ukyQ,development,1
30,13324,58486,nIxMQWoQ-qE,UCMSkjQ3tGULsiJeTD6UspsQ,test_reserved,
30,13325,58487,8CdsQ9VHKus,UCc30sTBdN9LRSxEuHaXV_bQ,test_reserved,
30,13326,58492,oMRStUrube4,UC0tV1b7IFEXFUUILF7mAcWw,development,5
30,13327,58493,9jHO5Lv_Ifo,UCPXSUKHTNc1_hnHuj-UiQWQ,development,4
30,13328,58495,uPuQVz8TBkg,UC7SpeEKCvhjtxa4VX2sHA1Q,development,5
30,13329,58505,bDF6ML1fszo,UCsAPX_-Yu9O_3dJu0aUj_BA,development,4
30,13330,58510,1H9N4KGDjyk,UCcijXxFzSXgoM6q9cCtT9PA,development,2
30,13331,58511,TZQsKCsTc48,UCCK3OZi788Ok44K97WAhLKQ,test_reserved,
30,13332,58513,gy2eawKnkm0,UCVxzuJhGfjhyw1LmRFK9UxQ,test_reserved,
30,13333,58514,pnWkbMJRy34,UCpRgfr4_Eax0HHa2rwkRQ2w,development,1
30,13334,58515,3cM5GJHjGLk,UCYKyUJ4cVLcnU6rUyJvOupg,development,2
30,13335,58522,Uykh_L9QI9Y,UCCK3OZi788Ok44K97WAhLKQ,test_reserved,
30,13336,58524,qES-JHsse3s,UCdB6k3Q_dkVJ77cV9tVWzcQ,development,2
30,13337,58537,Q3ijcYDX52o,UCbS_glb2N1NVTrDLVryRbng,development,4
30,13338,58538,vLv8prhl-Ew,UCPXSUKHTNc1_hnHuj-UiQWQ,development,4
30,13339,58540,AXuRz173Y9M,UCI3Xc02tgvW28O-Rrou3LxQ,development,4
30,13340,58551,EHjMtTBfdJM,UCUz70SsT1TZzlwEqvSCpJRA,development,4
30,13341,58555,6HIf2sIQW_4,UCoz7UhbfPFJyljIIV2saR7A,development,3
30,13342,58564,DErY4reEJfU,UCRf29wQfrsRfhNIVPtkTA_A,development,4
30,13343,58571,3s4DwhEbhyQ,UCCK3OZi788Ok44K97WAhLKQ,test_reserved,
30,13344,58572,fmKdLPxDv58,UCCK3OZi788Ok44K97WAhLKQ,test_reserved,
30,13345,58578,go8X3EcBL1E,UCckltLEhFLv8Xz_lQhYfwmg,development,1
30,13346,58581,pFtfsCJmOfY,UCLuP7ROjaueiuNbzrvPqXSQ,development,3
30,13347,58582,xvP2d0C4Wf8,UCNE9NOD2gYqalo9436sfW4Q,development,4
30,13348,58584,bX41ondhWvs,UCx-fk6FBx2mJSWavjxw-zrw,test_reserved,
30,13349,58588,E7RHKpozNyw,UCckltLEhFLv8Xz_lQhYfwmg,development,1
30,13350,58591,JKvZde8wi88,UCcbOsE5_4LEjtQi8X2PFxDw,development,2
30,13351,58593,X_aclvmXZS8,UCEItJuaZGCe0BlGzRKruP0A,development,5
30,13352,58599,RjakC1dwzS0,UCGjZJ0TN1PlJIEwJXKNlm6w,test_reserved,
30,13353,58601,9cPtDwbKWvs,UCc30sTBdN9LRSxEuHaXV_bQ,test_reserved,
30,13354,58602,Gti03g0Ngqw,UCcrsFwwoMvcXYpJ0XldIlVQ,development,5
30,13355,58604,jtO4bgf2kUE,UCXm0FsS7PXy0w5HeOkYMi7Q,test_reserved,
30,13356,58609,gFaiGoZpKg8,UCXm0FsS7PXy0w5HeOkYMi7Q,test_reserved,
30,13357,58614,At0ANJIXzfQ,UCckltLEhFLv8Xz_lQhYfwmg,development,1
30,13358,58615,dWYFSZcn5zA,UCmqflTSJ6911aCrnaWIXxsA,development,3
30,13359,58629,sLGuYgx80c0,UCXFiIVHYqQmgpmIi7KChMkQ,development,1
30,13360,58632,wLFjJIusEZE,UCcbOsE5_4LEjtQi8X2PFxDw,development,2
30,13361,58635,wbICp87rmCg,UCDIfBxwQyQY8_qt9BjGnNDw,development,1
30,13362,58636,nBFafOKxruk,UCXFiIVHYqQmgpmIi7KChMkQ,development,1
30,13363,58638,TYIbxIOrbQI,UCceS_252pdNUa5ztP_MW8rw,development,2
30,13364,58641,895Lj6Rht9I,UCZEXdsMN3HWEz34uY5PbtXA,test_reserved,
30,13365,58643,HN5ZFPz6upM,UC6jQt9K_jqnBNtsRf7hXHsA,development,2
30,13366,58647,SeSe9lw7N2s,UCcijXxFzSXgoM6q9cCtT9PA,development,2
30,13367,58650,cDN20oAIAug,UCgnFSj7jQffD5V5m05j4dPw,development,5
30,13368,58652,s8pWL0E4f9k,UCRDDfbYPHX_GUJ4lcQYTc8A,development,2
30,13369,58655,Vp-OXRuptEw,UCPXSUKHTNc1_hnHuj-UiQWQ,development,4
30,13370,58656,UBCMpFOXyJI,UCHZ6l32mEskYLDm1OkjFO3g,development,5
30,13371,58657,yovDfPSXNFg,UCacUZLDBxUQgUfJnnnd5-Fg,development,5
30,13372,58667,0YcJvu3bdMg,UCCK3OZi788Ok44K97WAhLKQ,test_reserved,
30,13373,58670,tId5jkMbd_E,UCn0XmAUFv6d2tofMFEesSNw,development,5
30,13374,58674,ydIP3TltcRg,UCC-QxtkZPfDCczEeT3SEsYA,test_reserved,
30,13375,58675,yfWAeqIeoUo,UC0MnP2Iso6enxaJTBZ3_nJw,development,4
30,13376,58682,QUrWtbipRs4,UCMQg72D9bcWjW-umvECrcAQ,development,1
30,13377,58687,yV5nf8Yyvro,UCc30sTBdN9LRSxEuHaXV_bQ,test_reserved,
30,13378,58691,8qvznNyLuyU,UCOiMY00_ZLijPF6InrCl0TA,development,3
30,13379,58695,YKIhZuEXYSo,UCwkyfeMvDrg0wjacet-bcCA,development,2
30,13380,58700,fc8oHdWeaUU,UC1YGPDtctHGJWW0NrlQVklw,development,5
30,13381,58701,tz5miJzm4WM,UCf2Iar2LDcFaSCnVH1ZMUkA,development,4
30,13382,58703,BReDbM0-HJY,UCckltLEhFLv8Xz_lQhYfwmg,development,1
30,13383,58710,zERLGI_Z9-I,UCOtYyt7W5PmPnwQjWWF_Z-Q,development,3
30,13384,58714,K0Nfm8ZMPkM,UCt6_uKUFzWP7jLJZR9WpEoA,development,3
30,13385,58715,eqAnRe-KZng,UCbS_glb2N1NVTrDLVryRbng,development,4
30,13386,58717,u9LmEfxYPs0,UCcijXxFzSXgoM6q9cCtT9PA,development,2
30,13387,58718,rnqphPnz3oA,UCs_mHlm5_C82W5WCIJaSMbQ,test_reserved,
30,13388,58719,-tNrxFdY2bg,UCjyASLgz5_yLQtK0fNCNNmg,development,5
30,13389,58720,ZpjkuaZ3miA,UCgnFSj7jQffD5V5m05j4dPw,development,5
30,13390,58722,xRUdm2MXgSM,UCY3VaZhAZP7B-1ypCnlrTXg,test_reserved,
30,13391,58723,jRxWGa0AMJM,UCjm7vbOwssao7Bhm9wX3-bw,development,3
30,13392,58725,-FFDcH5hKRw,UCIKg0Ev6Vq2M7hU7bL_jHFQ,development,3
30,13393,58726,RX-k9W_CLWY,UCsU0TSt6Jm_yLlTkZS-FvUw,test_reserved,
30,13394,58731,TtHfvhczJ5Y,UCbR7juPwtP-bV_w0840ciYQ,development,3
30,13395,58733,HWIaBVo8G9k,UCckltLEhFLv8Xz_lQhYfwmg,development,1
30,13396,58737,TxwRMpbr9ik,UCuJmg9Gw1uO-JGVLk9iACDw,development,2
30,13397,58742,kSbtjZ3vFnQ,UCuJmg9Gw1uO-JGVLk9iACDw,development,2
30,13398,58745,pZVpLFPlPM0,UCcbOsE5_4LEjtQi8X2PFxDw,development,2
30,13399,58756,qsLCQxQj9u8,UCsCp9NfFhRhL6DvDjWtAweg,development,1
30,13400,58757,K3lqY5I-zSc,UCm-TXzgh9U2K3wjWzY0XX0A,development,1
30,13401,58761,uq6UoPaVFKE,UCgnFSj7jQffD5V5m05j4dPw,development,5
30,13402,58766,ucLpEZhlgz4,UCph0cqPKKY1KejnSrN6LELg,development,5
30,13403,58768,sTrES73wHmY,UCcg4tDKgPLIc_x3lhWdogLg,development,4
30,13404,58771,X-ou-OOgQow,UCXm0FsS7PXy0w5HeOkYMi7Q,test_reserved,
30,13405,58772,Ok1-Hlbm0Jo,UCuJmg9Gw1uO-JGVLk9iACDw,development,2
30,13406,58775,POMkhSrhjQ0,UCdZRFHIhq7TpUNSLXRlt7rQ,development,5
30,13407,58780,bKhNZiuJy_0,UCm4WfjRuxfKL6neixClsh7Q,development,2
30,13408,58782,4sb3KYcqrcw,UCgnFSj7jQffD5V5m05j4dPw,development,5
30,13409,58783,ki-go_g0CZw,UCNYhnqVsEOBVKoRO6ZNK-Xg,development,1
30,13410,58786,0QggVOmwPPw,UCckltLEhFLv8Xz_lQhYfwmg,development,1
30,13411,58790,ffFKQbnDtn0,UCckltLEhFLv8Xz_lQhYfwmg,development,1
30,13412,58799,s-29PqdSRYY,UCJ44oEtQ4TUPUbVS6hLI9Hw,development,5
30,13413,58808,ZEeclM9KuoA,UCRDDfbYPHX_GUJ4lcQYTc8A,development,2
30,13414,58809,vfErnASq3J4,UCLx0BJNc11RlbIR5JHH-qmw,development,1
30,13415,58810,dNKbmIbIrWI,UCc30sTBdN9LRSxEuHaXV_bQ,test_reserved,
30,13416,58813,YPdh_64bAQc,UC-GRFwciK7JiP8T4tl0pftQ,test_reserved,
30,13417,58815,glb4sFlMhQA,UCju2q-fXI8l5ueVRENqKIdg,development,2
30,13418,58817,owEy8yA05Xc,UCgnFSj7jQffD5V5m05j4dPw,development,5
30,13419,58820,liORGUhAr3g,UC0uW127NmbWG0g-BnTltSHw,development,1
30,13420,58837,7YgvaFxaMKQ,UCAH7R88V7gz7RqJv78nNOzg,development,3
30,13421,58840,i94PPu64kEM,UCcijXxFzSXgoM6q9cCtT9PA,development,2
30,13422,58844,sVHP5TDDhy4,UCckltLEhFLv8Xz_lQhYfwmg,development,1
30,13423,58850,i7e4HcrhGmY,UCz4jx04CDH0p0yjEgY3LCZw,development,2
30,13424,58851,fW3Njn6aa88,UC3Tc2fr9_zSVZe-ikKOsQHA,development,2
30,13425,58855,k36c9x2JpY8,UCbS_glb2N1NVTrDLVryRbng,development,4
30,13426,58856,_hzeujgUzBs,UCQTcNhAZidy1i9wwmdgf2Lw,development,4
30,13427,58862,CMFx9Hn5dOw,UCbS_glb2N1NVTrDLVryRbng,development,4
30,13428,58868,o3BoFhYTKW0,UCPXSUKHTNc1_hnHuj-UiQWQ,development,4
30,13429,58877,uGZcFv7MCgk,UCCK3OZi788Ok44K97WAhLKQ,test_reserved,
30,13430,58879,24GiUvpy5Mo,UCkagcQYGoYFuXsUg-ObSL6A,development,5
30,13431,58895,IekvnCNBmeI,UCwhdGDxSy0PPmGodAPd-pOA,development,3
30,13432,58898,h8a6TcTzYbo,UCckltLEhFLv8Xz_lQhYfwmg,development,1
30,13433,58899,WOTatv6UKsg,UCckltLEhFLv8Xz_lQhYfwmg,development,1
30,13434,58910,gvV-fSyPK-M,UC0MnP2Iso6enxaJTBZ3_nJw,development,4
30,13435,58929,wyeyCTdxjsY,UCaOa2eC18yjWO1LlGpPbcRw,development,4
30,13436,58932,FY-OuB24oD0,UCWBGcCHKv85MuFwgax4oc9w,development,4
30,13437,58933,2FtXlJ5yg9w,UCAH7R88V7gz7RqJv78nNOzg,development,3
30,13438,58935,pX_11Y4QAXE,UCP_mlkQcJaUoT0pnfsKiEAw,test_reserved,
30,13439,58936,XnoplmMd-qg,UCYKyUJ4cVLcnU6rUyJvOupg,development,2
30,13440,58937,vjH8Tps7nOw,UCm4WfjRuxfKL6neixClsh7Q,development,2
30,13441,58938,TSrVBwHMZRA,UCpRgfr4_Eax0HHa2rwkRQ2w,development,1
30,13442,58940,ZdD7Wz1ixaY,UCOtYyt7W5PmPnwQjWWF_Z-Q,development,3
30,13443,58942,_Sk5_T-iNAs,UCRDDfbYPHX_GUJ4lcQYTc8A,development,2
30,13444,58945,lJjcwtrNm70,UCjSPtKPtRTj4b-vaT5qB20g,development,1
30,13445,58947,vE0lXAmz8-Y,UCc30sTBdN9LRSxEuHaXV_bQ,test_reserved,
30,13446,58950,I8wTqf92Dvo,UCckltLEhFLv8Xz_lQhYfwmg,development,1
30,13447,58960,JI2rlqrFtNA,UCwt4zdWrmnBpglCHb1ArREA,development,4
30,13448,58966,DFW7I5fnM8k,UCgnFSj7jQffD5V5m05j4dPw,development,5
30,13449,58976,d4wucfRwGeY,UCamuj3-WFG1v2Pz-UmcakIg,development,3
30,13450,58991,C_OwwBOsZvo,UCEItJuaZGCe0BlGzRKruP0A,development,5
30,13451,59006,DAU956nR_GU,UCmrLu4r89ykOzmtmbAeEklA,development,5
30,13452,59011,EABQ1RYVLbY,UC5-n2dfksESEt3ATmM6Uujw,test_reserved,
30,13453,59019,FdqYCU8Av-M,UCnRozrOdQHOjmgfOobDZyUg,development,2
30,13454,59022,vc4X5Wv-Ilo,UC0MnP2Iso6enxaJTBZ3_nJw,development,4
30,13455,59026,a9LZ3k2CeQk,UCh6JCH8SaHszxg5ohYry2Uw,development,4
30,13456,59030,yoOVnVqb8FU,UCCK3OZi788Ok44K97WAhLKQ,test_reserved,
30,13457,59034,4VTo7WTQz0U,UCckltLEhFLv8Xz_lQhYfwmg,development,1
30,13458,59035,EIE5ip6yF-Y,UC_HxkWZCXAODLKg3ggawmDg,test_reserved,
30,13459,59039,-ex1ftzgwq4,UCbS_glb2N1NVTrDLVryRbng,development,4
30,13460,59042,d5fHZCIoZYY,UCRDDfbYPHX_GUJ4lcQYTc8A,development,2
30,13461,59046,uguKaKZ6wNQ,UC1u-HhClpg8qOz7JO23W7Ow,development,5
30,13462,59051,5_owmwDj9FE,UCfU_EkNq6OxL-RvZCx7f7wQ,test_reserved,
30,13463,59053,f10WHp7qMRc,UCcbOsE5_4LEjtQi8X2PFxDw,development,2
30,13464,59063,6YZq1VvJk7E,UCXWZGzBJjw0VUPU3Em5gFlQ,development,4
30,13465,59064,DKfgSmzR9_k,UCLNz9bgiJfM3ImTtYDOt8Ew,development,4
30,13466,59068,Df5ZoXaANEE,UCAH7R88V7gz7RqJv78nNOzg,development,3
30,13467,59073,ae7RApwHYzU,UCCK3OZi788Ok44K97WAhLKQ,test_reserved,
30,13468,59075,uYbF_hsVwpg,UCrVFS_0PdV7AwyTgR13IcVg,test_reserved,
30,13469,59076,zoltlmJmCjo,UCOtYyt7W5PmPnwQjWWF_Z-Q,development,3
30,13470,59079,bfgdqL1WFpI,UC8qBNfgWRK_WYYGSmmrfgPA,development,4
30,13471,59080,tdqKokvG-sw,UCckltLEhFLv8Xz_lQhYfwmg,development,1
30,13472,59081,OJji4qt8wYs,UCCK3OZi788Ok44K97WAhLKQ,test_reserved,
30,13473,59082,mMMB49pY-rs,UCCK3OZi788Ok44K97WAhLKQ,test_reserved,
30,13474,59083,YBC46wT0sJ4,UCLbLJNJZ4SAx_9vSEjRyN9w,development,5
30,13475,59084,BnNe0XqVXbM,UCCK3OZi788Ok44K97WAhLKQ,test_reserved,
30,13476,59095,DnSCQCB-YLU,UCAeBFsK2bmm5lkgy90uFiqw,development,4
30,13477,59098,DLi60TNqBeU,UCqxwy8GKh91iGrcZ7dgVuCQ,development,1
30,13478,59102,4quYH7flpmg,UCM7ch9Kl6FTIdWThXOg-Rxw,development,5
30,13479,59111,HAuwVBxw1Nc,UCckltLEhFLv8Xz_lQhYfwmg,development,1
30,13480,59114,s9MXWd6En9Q,UCxEUUXpOFlVyBC9sf73Isow,development,1
30,13481,59117,taLhnl8DWcs,UCFGhJsc1ddSN8819LsMa90w,development,3
30,13482,59119,_ANf6b0Y51A,UCCK3OZi788Ok44K97WAhLKQ,test_reserved,
30,13483,59125,7Yjxff3xm7k,UCCK3OZi788Ok44K97WAhLKQ,test_reserved,
30,13484,59128,uU2WFZBUHpk,UCnkon33rksDXo3qChhTs5Vw,development,5
30,13485,59139,LTvZC8yJy84,UCweDTnElSgujDbt3yoNTx4g,development,2
30,13486,59141,g-B0_2gzx2E,UCs_mHlm5_C82W5WCIJaSMbQ,test_reserved,
30,13487,59153,QupN9CCtOsw,UCckltLEhFLv8Xz_lQhYfwmg,development,1
30,13488,59154,Rtwb5gnPrq8,UCq0hVW_G5kWt2ocLhbjOtGg,development,2
30,13489,59158,EkXaw69Ok5U,UCgnFSj7jQffD5V5m05j4dPw,development,5
30,13490,59161,4C_1_VdM-0U,UCYweMykEAI5aaRztqrJuuAg,development,2
30,13491,59162,81gVZJsf2-w,UCcijXxFzSXgoM6q9cCtT9PA,development,2
30,13492,59163,OGHbltHVLUM,UCAH7R88V7gz7RqJv78nNOzg,development,3
30,13493,59164,uKD2tbnCXgc,UCh9qXeL8eP3Txra2908xksg,development,3
30,13494,59165,gRwv_SG5JoE,UCJc1hbJPvG5f2v8iSPG-3CA,test_reserved,
30,13495,59170,3BVE7TtRoIk,UCPXSUKHTNc1_hnHuj-UiQWQ,development,4
30,13496,59177,h_h0--YOHMA,UCKuDeSAQOkDnBpiSa0gJN0A,development,3
30,13497,59179,f4h-kBct53g,UCAz-peNBHr6_KTtl0sPBavg,development,1
30,13498,59180,ha6pXuPtZvU,UCqrqt9Egbp4Voh3iEUUoorw,development,3
30,13499,59182,7ZYMH6d2mbY,UCCK3OZi788Ok44K97WAhLKQ,test_reserved,
30,13500,59192,TC4OSxvmKbk,UCZ-RBSr_ZD-jWWDgZmFyZyw,test_reserved,
30,13501,59194,mjAB9UficBw,UCMOJZJjbOVCp2oqoTNK5PdQ,development,3
30,13502,59198,8nzKsVvAPao,UCW_dWq1AfuNLqbZuoc6_Clg,development,4
30,13503,59202,bPOfmRxdBRw,UCG0j1mTQov3RVBgLgh6wbKg,development,5
30,13504,59205,PFcLauLFTkI,UCCK3OZi788Ok44K97WAhLKQ,test_reserved,
30,13505,59206,anrw4m-YmyI,UC1YGPDtctHGJWW0NrlQVklw,development,5
30,13506,59208,wJUVgBfNTaQ,UCCK3OZi788Ok44K97WAhLKQ,test_reserved,
30,13507,59213,mhPt12bOh38,UCB6tVmll-6XbKyS3fq8P4MA,test_reserved,
30,13508,59219,lVoDePRb9bY,UCOtYyt7W5PmPnwQjWWF_Z-Q,development,3
30,13509,59226,3GiN0hWqNxo,UCAH7R88V7gz7RqJv78nNOzg,development,3
30,13510,59231,aUSq2m-hfso,UCWLLcchNMCl8I5cGAMQYdpA,development,3
30,13511,59232,h75vtJr7aPk,UC6IHfZ-Rez2LR0PH01YxL7w,development,1
30,13512,59233,EJMI8oumb7k,UCCK3OZi788Ok44K97WAhLKQ,test_reserved,
30,13513,59242,hPkMEqSAvvo,UC_Yt4EUT5dtwOxMm6sheYrQ,development,5
30,13514,59243,hPLhMZbkBn8,UC2q8im1fqNqwN0xEtlGwi1Q,development,5
30,13515,59245,ftsKcNXAHKY,UCtVEiBn_-ezOpRkL2pNjXzA,development,5
30,13516,59249,PextFcLVY2s,UCckltLEhFLv8Xz_lQhYfwmg,development,1
30,13517,59257,c5CerG9WTOs,UCCK3OZi788Ok44K97WAhLKQ,test_reserved,
30,13518,59258,j5H1kZBjB4k,UC0tV1b7IFEXFUUILF7mAcWw,development,5
30,13519,59261,hEKPotaiTng,UCCK3OZi788Ok44K97WAhLKQ,test_reserved,
30,13520,59264,TkG0nNEcd_Y,UCqrqt9Egbp4Voh3iEUUoorw,development,3
30,13521,59265,DzPZpghixdc,UCnTnjJyH0gAaVrDWiVrCsSQ,test_reserved,
30,13522,59275,aIcmyygPcfs,UCcijXxFzSXgoM6q9cCtT9PA,development,2
30,13523,59276,N7-5zHab04w,UCckltLEhFLv8Xz_lQhYfwmg,development,1
30,13524,59277,CtAHA-zmUhU,UCCK3OZi788Ok44K97WAhLKQ,test_reserved,
30,13525,59282,jalUrey-MgE,UCoPGkvh-1AoSzh23-ROXrpw,development,2
30,13526,59286,tJFtsfjQYek,UCckltLEhFLv8Xz_lQhYfwmg,development,1
30,13527,59287,lvT3wRMP1Vc,UCzQ0nw7uz0dRcO5VKzDwmlQ,development,3
30,13528,59289,cxy3GIUPYp4,UCCK3OZi788Ok44K97WAhLKQ,test_reserved,
30,13529,59291,zFSwLtypYyU,UCuJmg9Gw1uO-JGVLk9iACDw,development,2
30,13530,59293,cAe8hg8bQdQ,UCgooj1ufFuOk6GD2jq8CbdQ,development,2
30,13531,59297,n2rQ66mBy9c,UCgnFSj7jQffD5V5m05j4dPw,development,5
30,13532,59299,_L778ZP7eXw,UC324VVhYKykBv01GecF4aYg,development,5
30,13533,59301,n9uuKFxsaKU,UCOtYyt7W5PmPnwQjWWF_Z-Q,development,3
30,13534,59305,YT_Hvfd5kss,UCxCVa-L58tINMSpaBZeNp6w,development,2
30,13535,59309,pU_6KZmsPbI,UCAH7R88V7gz7RqJv78nNOzg,development,3
30,13536,59310,BcDD1k3MFHg,UC7stSaiwtUtv_0SzZTxovnQ,development,5
30,13537,59312,NhycPr4M4i4,UCiPqzkmX93ta8vFwMVS81oQ,development,3
30,13538,59313,rgSgI-vmzeM,UCCK3OZi788Ok44K97WAhLKQ,test_reserved,
30,13539,59316,NHgfLvwZcm0,UCCK3OZi788Ok44K97WAhLKQ,test_reserved,
30,13540,59323,0OEkZXWU7a0,UCCK3OZi788Ok44K97WAhLKQ,test_reserved,
30,13541,59330,P-D4Vr-TfNY,UCP0FKFuz9j2Dp-QDr-Dv_0g,development,5
30,13542,59332,admK_IPv-RA,UCc30sTBdN9LRSxEuHaXV_bQ,test_reserved,
30,13543,59333,_xBRWdlTApo,UCckltLEhFLv8Xz_lQhYfwmg,development,1
30,13544,59337,jU51H6sZNao,UCWwo8NBrDNOb5EEZadW3iWA,development,1
30,13545,59341,NjnBuy6BY9g,UCckltLEhFLv8Xz_lQhYfwmg,development,1
30,13546,59342,VgurNd2gXlE,UCuQ0Z6UmOOZ5JmsniU20Myw,development,2
30,13547,59346,32W1_HlQNPg,UCCK3OZi788Ok44K97WAhLKQ,test_reserved,
30,13548,59356,CvjVb2NtInQ,UCPAbeKHjE4HpRXqo4AXJzVQ,development,1
30,13549,59364,z5fbUlbCszQ,UCgHlPm2GweC7f8JaynbQRQg,development,5
30,13550,59370,lBhTpkhEq1M,UCCK3OZi788Ok44K97WAhLKQ,test_reserved,
30,13551,59371,OpDKFEaSats,UC_Yt4EUT5dtwOxMm6sheYrQ,development,5
30,13552,59376,qy6SD7TNcyw,UCCbm1E52PV05ZLv6dtRB92Q,development,5
30,13553,59380,fAw21cUkZkE,UCOiMY00_ZLijPF6InrCl0TA,development,3
30,13554,59384,ahx-Gc1n0Aw,UCLwwxYXhMc1fCIAnaO8nYrQ,test_reserved,
30,13555,59387,0j73mi9lNmc,UCxQQ7T5UMck1aKxzBmyt4rw,development,5
30,13556,59396,EDPf7Hk7an4,UC8lKgUHo-2mSR5cRRXO9xow,test_reserved,
30,13557,59397,lVlG2H4TQCg,UCes373iqg3EYZrnuhDWkfeA,test_reserved,
30,13558,59403,IMwTZI5CxGs,UC2rrRp3HdLJe4vHkzj02TXg,development,1
30,13559,59404,9k3lAnmYtj8,UCoZJaxWPeeGKZ6ShK5EsIkA,development,3
30,13560,59406,qBsS-Vj_hNs,UCmbLoRYee0f4Bi4J1Ct8vRQ,test_reserved,
30,13561,59408,skRsd63eqKM,UCRDDfbYPHX_GUJ4lcQYTc8A,development,2
30,13562,59410,nCofb85W71A,UCvfwXFsI8J-iRMpG1SE8lgw,test_reserved,
30,13563,59416,h3Wr956deM8,UCDrTN5A0V-Fzu1Jn7qnxA6A,development,4
30,13564,59418,YziXD1e_32I,UCbVw-Yr6A7L4hPi8W6zsQlw,development,3
30,13565,59428,fwLNQN6We20,UCEItJuaZGCe0BlGzRKruP0A,development,5
30,13566,59437,sJlGHELYOTs,UCgYwpK41WuOyc5K4ysDO7UA,test_reserved,
30,13567,59449,kutJXoLlbR8,UCwt4zdWrmnBpglCHb1ArREA,development,4
30,13568,59451,nfGg_YGIGJ4,UCbS_glb2N1NVTrDLVryRbng,development,4
30,13569,59454,LIaqhMh46VU,UCcwCsuV7bOpTfqf2UvLfYmg,development,2
30,13570,59455,C0lIXnTsgfk,UC8lKgUHo-2mSR5cRRXO9xow,test_reserved,
30,13571,59468,96idGMWwqRw,UC22LfvKY_7Ibkt5I5wFqwfg,development,4
30,13572,59473,gs5DYC-3Rcg,UCuN1HN5RXX2D6ZcEkopILeg,development,4
30,13573,59476,GrFmPVxh57s,UCbS_glb2N1NVTrDLVryRbng,development,4
30,13574,59477,qWekwKEeCF0,UCHtKFAn73LJU4wB_w54wNCw,development,5
30,13575,59480,7OmLVrlIS3g,UCckltLEhFLv8Xz_lQhYfwmg,development,1
30,13576,59491,ZEfcBTY8N4o,UCgooj1ufFuOk6GD2jq8CbdQ,development,2
30,13577,59494,gs-Hgc135Fk,UCfQfw--8dPGypR7sGcXJz0w,development,5
30,13578,59502,u_5zExtQLdY,UCPXSUKHTNc1_hnHuj-UiQWQ,development,4
30,13579,59506,XjCExAV0xe4,UCmTrMV3RUj_n8dO0Ff-wHOQ,development,3
30,13580,59508,5ffgxPT_hkg,UCiXej9m-USlWk6PQPK2qx4A,development,3
30,13581,59515,Vic86_-V1vQ,UCXfgx23Lw81I4wsCNhdVBgw,development,4
30,13582,59521,fOMKEFMJcVk,UCFGhJsc1ddSN8819LsMa90w,development,3
30,13583,59525,vys6dHAph4o,UCCK3OZi788Ok44K97WAhLKQ,test_reserved,
30,13584,59529,IFlyuTPz8n0,UCiR8kH7EvdjJGp41a9KIfsQ,development,3
30,13585,59532,-oSB0obeigI,UCgnFSj7jQffD5V5m05j4dPw,development,5
30,13586,59537,bx38SjckDBg,UCOtYyt7W5PmPnwQjWWF_Z-Q,development,3
30,13587,59544,wq1YNUk-d2c,UCbS_glb2N1NVTrDLVryRbng,development,4
30,13588,59554,sY6TkPP8ONo,UCY54zZxgIA8bHw-oP5JewwQ,development,3
30,13589,59565,X0eUDpPxy-g,UCAH7R88V7gz7RqJv78nNOzg,development,3
30,13590,59568,7Vb3EkagtL0,UCgnFSj7jQffD5V5m05j4dPw,development,5
30,13591,59571,Eh5p8L08VXc,UCCK3OZi788Ok44K97WAhLKQ,test_reserved,
30,13592,59574,QdnKsp9Vf_A,UC1YGPDtctHGJWW0NrlQVklw,development,5
30,13593,59579,96W6zBAMHiw,UCJhdo2Kg29_EZwNPvlhzIFg,development,2
30,13594,59581,nFCKXmfYZz8,UCZLtqBURY7PHmBLxExRw4WQ,test_reserved,
30,13595,59591,0BR2twFw1LM,UCEuz_HGv5er0LZsztjO4g5Q,development,5
30,13596,59595,sdafVigPrSw,UCPXSUKHTNc1_hnHuj-UiQWQ,development,4
30,13597,59597,avtzdTthGLo,UCcrsFwwoMvcXYpJ0XldIlVQ,development,5
30,13598,59601,yM1IpZHtX6Y,UC8ZmvQOUKiu6SmICTXzjFnA,development,5
30,13599,59602,Ym9v1XRUt2U,UCkagcQYGoYFuXsUg-ObSL6A,development,5
30,13600,59603,Kr4jh6ljOZo,UCdgWTRipbTuQsIiiPb6fB-A,development,5
30,13601,59605,5nNYktJbi8g,UCVqfoMNwM8SIpL6BMGTZbcA,development,5
30,13602,59610,nJtgiAqOytc,UC0X8Ey7m_8D3sTrLaDjIERA,development,5
30,13603,59612,P7887quq9Zo,UCix7C1KG_SPtiMXommMExNg,test_reserved,
30,13604,59616,hCrYCWT-uqs,UC8lKgUHo-2mSR5cRRXO9xow,test_reserved,
30,13605,59617,LTMft5RSP18,UCOmNxm15JgVbbxGVFoTkX-w,test_reserved,
30,13606,59621,3epqJipwXzc,UCkLQJFBnqzhJCAvqn99hRUg,development,4
30,13607,59627,wxJWRryRta0,UC7SpeEKCvhjtxa4VX2sHA1Q,development,5
30,13608,59635,992OYZX-WRQ,UCckltLEhFLv8Xz_lQhYfwmg,development,1
30,13609,59641,GMOgU5Jvx-s,UCiBHV5AwzPEBhlIX3yR6-Ig,development,2
30,13610,59644,oxmewaJArUc,UCPXSUKHTNc1_hnHuj-UiQWQ,development,4
30,13611,59652,cSI7QP6lVfo,UCckltLEhFLv8Xz_lQhYfwmg,development,1
30,13612,59656,jEVIYa5Y3F0,UC324VVhYKykBv01GecF4aYg,development,5
30,13613,59657,z67zNSUK6cc,UC1YGPDtctHGJWW0NrlQVklw,development,5
30,13614,59660,sAg3fIYzwHI,UCzeBunsQThQMJuN7ldtbeRA,development,3
30,13615,59662,5DmOdO7bBKM,UCLuP7ROjaueiuNbzrvPqXSQ,development,3
30,13616,59670,LicFF4S4sXI,UCJdECtKPBRctVQG_5ZH4QhQ,development,4
30,13617,59685,sz3iXTn2kbY,UCiAYv_QAosB-49bJbu3NM3A,test_reserved,
30,13618,59690,Oz7d3hoXPHE,UCaESx7Bdghv_UICcG1hBkcg,development,2
30,13619,59698,u4cWtNzJfIw,UCKaLeMeUVY1gsBK2nh_PeSg,test_reserved,
30,13620,59701,hIcaAmSNVJg,UCckltLEhFLv8Xz_lQhYfwmg,development,1
30,13621,59703,TKWX-FwKGPQ,UCM3bQBUJ0PEbgfe9lAw_Y3Q,development,3
30,13622,59706,M1l6wQQTH00,UCGwNjr4N0uUvqD8MopqsfyA,development,1
30,13623,59713,SmKN3Kv19dA,UCbS_glb2N1NVTrDLVryRbng,development,4
30,13624,59714,paOquwpMNmI,UCewWZeJ0g9cHU61e_jN_bZg,development,1
30,13625,59722,jmleGPQnUk4,UCgnFSj7jQffD5V5m05j4dPw,development,5
30,13626,59733,TVyDSwwbSYg,UCVU09OJkBIHZTGb-acbajoQ,development,4
30,13627,59737,oJ0cHXAuf68,UCUxrelp7FHiIj9SNfzWdh_A,development,5
30,13628,59743,tt1HIk-L_Yo,UCZNreSxdvd50nzMz5zkXg4w,development,5
30,13629,59754,12iOtYz1lNI,UCRDDfbYPHX_GUJ4lcQYTc8A,development,2
30,13630,59756,S8bijwItGes,UCckltLEhFLv8Xz_lQhYfwmg,development,1
30,13631,59781,vNxxL45PVjo,UCnqTWrNbHl4SvL60MCE693Q,development,2
30,13632,59786,MySLTqtSMnw,UCp3JwFW1xiUY4QwLqSsbNyw,development,2
30,13633,59788,r8OCq6lShcQ,UC4Pb9SEsCb1EpsXVYAVVajw,test_reserved,
30,13634,59790,nPrYN4Q7RlM,UC1YGPDtctHGJWW0NrlQVklw,development,5
30,13635,59793,BRO68veaTT0,UCiR8kH7EvdjJGp41a9KIfsQ,development,3
30,13636,59797,Q5n6Sbj97hw,UCkXjFNkQdPUGCXGvwqAx7og,development,4
30,13637,59798,pGhk42D601Y,UCdotiSNtLlS4qwDto9CdURA,development,3
30,13638,59799,4F4djbivz6I,UC1YGPDtctHGJWW0NrlQVklw,development,5
30,13639,59804,8HIgPyjR3dk,UCF11-Puqxb0jdeWNc7F_Fcw,development,2
30,13640,59807,i9H2AFKyg50,UCaESx7Bdghv_UICcG1hBkcg,development,2
30,13641,59808,q9qOZFSYO1Y,UCCK3OZi788Ok44K97WAhLKQ,test_reserved,
30,13642,59815,E_ZrOjz74FI,UCCK3OZi788Ok44K97WAhLKQ,test_reserved,
30,13643,59821,P7Do5K-rq2k,UCm3mXl7hQbHVMxhKaOeEhYA,development,4
30,13644,59823,1GbQ_pUKVdk,UCE_HRkZMtXQvjnCrM0aSjCQ,development,5
30,13645,59824,erdFkKlYjD4,UCz5VldG-q50ldO8dU7qio4g,test_reserved,
30,13646,59825,N5lS4PeF8oQ,UCXfgx23Lw81I4wsCNhdVBgw,development,4
30,13647,59839,vV89RxPWZ2A,UCbS_glb2N1NVTrDLVryRbng,development,4
30,13648,59840,21cRuOjyho0,UCDAkUKRB1pkb-s3Gqv7FZ7A,development,2
30,13649,59846,dzR0J9PhJ-A,UCaESx7Bdghv_UICcG1hBkcg,development,2
30,13650,59849,qyVuV0Q1X9I,UCMayHG7j39d11Gh36vV7GnQ,development,3
30,13651,59850,VwoS2vCW4K0,UC_MEvo7RZXX8wrRz78I7OIg,development,5
30,13652,59851,L0a89iSSXlw,UC8kC4R1-G80cwxWLr6jvmtw,development,5
30,13653,59854,v9qXnpGeUQ0,UC5Q9lmEDB_pWZdzzLI07eVg,development,1
30,13654,59867,KhrD0F3f8IE,UC6CeurhVnSDDXMAq78FdTTA,development,1
30,13655,59879,GlR1SNB-1-Q,UCV_4W6LL-Iwh0UaT_B6exQg,development,5
30,13656,59885,UaF0VrKRhyg,UCHhk9EHspPZejY9PnR1PLVg,development,2
30,13657,59895,biAaTuhzzi0,UCcijXxFzSXgoM6q9cCtT9PA,development,2
30,13658,59897,Xh3izrodpEI,UCl5xacxsAhltNGtiMktd_Sg,development,4
30,13659,59899,PetdjA1RE1Q,UCP7bW-wX2pweVFH70yiEo_Q,test_reserved,
30,13660,59907,qokQN1ER9EQ,UCBUk51w4TcB2Joq2GOh7Peg,development,3
30,13661,59910,e3gwtpY09FY,UCKIu3ZRCEk_oOygPzjVStfQ,development,1
30,13662,59920,kxUGD0lzqOA,UCoz7UhbfPFJyljIIV2saR7A,development,3
30,13663,59921,s-EQVxgNcxc,UCOtYyt7W5PmPnwQjWWF_Z-Q,development,3
30,13664,59937,6Ahf42hVIIA,UC_AuTY5qqpUUYFLSDQIbOsg,development,4
30,13665,59938,T-JOZ276FJI,UCZEXdsMN3HWEz34uY5PbtXA,test_reserved,
30,13666,59941,JflFD6Dx9vs,UC1YGPDtctHGJWW0NrlQVklw,development,5
30,13667,59944,aK8D8fmPI6E,UCcspHoBTj_aLhnJLwkMpWHQ,development,3
30,13668,59951,_Ogta04gWls,UCMkW7S3IszN1L9u1bLw23rQ,development,5
30,13669,59959,c2WoPQ9_yQg,UCoz7UhbfPFJyljIIV2saR7A,development,3
30,13670,59961,0N0TrhNn1vk,UCckltLEhFLv8Xz_lQhYfwmg,development,1
30,13671,59966,TwebgeORSeM,UCvHgPqX_MU--WMuk2PVZubg,test_reserved,
30,13672,59968,GJ4RpnvePZk,UCPXSUKHTNc1_hnHuj-UiQWQ,development,4
30,13673,59972,t8_7Ko1kV0M,UCOtYyt7W5PmPnwQjWWF_Z-Q,development,3
30,13674,59974,ZE3elu0W7Co,UCnkon33rksDXo3qChhTs5Vw,development,5
30,13675,59978,JQIIbGjJWTU,UCrVFS_0PdV7AwyTgR13IcVg,test_reserved,
30,13676,59981,KcPbf1cfqj4,UC80S9x_1mLIq3Q21dG-iy5A,development,3
30,13677,59987,ZwGRHHeBLD0,UC0554zf4RvVkxwt_tS4Wx_g,test_reserved,
30,13678,59992,0wRvUepl1WU,UCCK3OZi788Ok44K97WAhLKQ,test_reserved,
30,13679,59993,XdqGXQpaFL0,UCPXSUKHTNc1_hnHuj-UiQWQ,development,4
30,13680,59998,Uz3sZZYBm8c,UC6IHfZ-Rez2LR0PH01YxL7w,development,1
30,13681,60004,Y93qo_mHYF0,UC3uZVJgOSasbfV7xIFY9xjQ,development,5
30,13682,60014,198dz8SKoEc,UCrVFS_0PdV7AwyTgR13IcVg,test_reserved,
30,13683,60016,u8HAnt0rFI0,UC4f76oW8ZgZYEhl7jrvIA3w,development,4
30,13684,60021,rNtjlY1RmZQ,UCdB6k3Q_dkVJ77cV9tVWzcQ,development,2
30,13685,60023,pj7hK9gn97U,UCU698FK0A1JkE2VADC4fQlA,development,5
30,13686,60028,EyRMP3DadEY,UCbS_glb2N1NVTrDLVryRbng,development,4
30,13687,60031,g01P8DngCAI,UCql-jEixeuMcyabHRYqr-Zw,development,3
30,13688,60034,UTCKefku-Lk,UC1CkcuwxCW_dIchuR0tTCJw,development,4
30,13689,60036,zhEQN69UtQE,UCvfwXFsI8J-iRMpG1SE8lgw,test_reserved,
30,13690,60038,hJV3HHKjLc0,UC1YGPDtctHGJWW0NrlQVklw,development,5
30,13691,60048,PfAPAW_XtVk,UCckltLEhFLv8Xz_lQhYfwmg,development,1
30,13692,60055,9Fpkv1mJ3iA,UCrGUmgtSfZTAyiTUwAhr2jQ,development,3
30,13693,60058,ewy87L3YsUw,UCh2Xwe7on2Oa2MBtk8zvEuw,development,3
30,13694,60061,1JkVFomzNq8,UCckltLEhFLv8Xz_lQhYfwmg,development,1
30,13695,60062,m0VttI4fTh0,UC9SgyReu4QufMUTFhZYYEMw,test_reserved,
30,13696,60065,lcWqfiZuGmo,UCy8ao-puUtb-1Y0L6xSItOQ,development,3
30,13697,60068,KHLEvs50J0Q,UCPXSUKHTNc1_hnHuj-UiQWQ,development,4
30,13698,60072,IO4_4SGAhqQ,UCjm7vbOwssao7Bhm9wX3-bw,development,3
30,13699,60080,ERSHyxeRXkY,UC_nFt7ialY-bZ-nUFwzY_hg,development,1
30,13700,60084,ZazB7S_Z8x0,UCcspHoBTj_aLhnJLwkMpWHQ,development,3
30,13701,60085,GbjqI5FzK3w,UCaIc6SgS90ud_RgMSC6hW_w,test_reserved,
30,13702,60096,EholJc4wMSE,UCPXSUKHTNc1_hnHuj-UiQWQ,development,4
30,13703,60098,n02wfR5LD3E,UCc30sTBdN9LRSxEuHaXV_bQ,test_reserved,
30,13704,60105,BGc_5TlVytg,UCXm0FsS7PXy0w5HeOkYMi7Q,test_reserved,
30,13705,60107,NSp2oWkyxGw,UCckltLEhFLv8Xz_lQhYfwmg,development,1
30,13706,60119,rt3s47cwtnw,UCMSkjQ3tGULsiJeTD6UspsQ,test_reserved,
30,13707,60121,XafJ4o5N98o,UCCK3OZi788Ok44K97WAhLKQ,test_reserved,
30,13708,60128,0GeMgebQmlA,UCcijXxFzSXgoM6q9cCtT9PA,development,2
30,13709,60132,Zua-8oLJkw4,UCNE9NOD2gYqalo9436sfW4Q,development,4
30,13710,60134,ZYXrUY1xLII,UC1YGPDtctHGJWW0NrlQVklw,development,5
30,13711,60143,8WNnv0hZZO0,UCpKHQzqFn8VhNKQVCNp2M1g,development,2
30,13712,60145,o_0DW6bO3cM,UCaESx7Bdghv_UICcG1hBkcg,development,2
30,13713,60148,GEwx3fHQc4k,UCzO0Ody4SmI_XFRrXW848eA,development,2
30,13714,60151,7CzUtqYwGfs,UCCK3OZi788Ok44K97WAhLKQ,test_reserved,
30,13715,60154,cpEgDc81M0Y,UCCK3OZi788Ok44K97WAhLKQ,test_reserved,
30,13716,60155,QIWUzOOK_z0,UC1Tj9WUErCHPtdTmmHvkKGw,development,5
30,13717,60156,65V1upYQ8ec,UC2b5VAYjsOfepl9nAXgRmfQ,development,4
30,13718,60160,n7-idFnSpzw,UC0QrPhl7LB3tfSN3Fls2o0g,development,1
30,13719,60162,uUrL8NK5dzA,UCOPqjdQOIF6faslRMEruJmA,test_reserved,
30,13720,60168,EbWm1t3JMFE,UCT83ymyAGm7Gnk_4ifxjxIA,development,4
30,13721,60169,D-7HnvPnwmc,UCckltLEhFLv8Xz_lQhYfwmg,development,1
30,13722,60171,nXV3CMTTEoY,UCkEC1Cni_4S08XLUPk4e40Q,test_reserved,
30,13723,60176,b-SYpyIu-Ks,UCaf0YBdTL7IqDv0_bze-Cyg,development,3
30,13724,60180,bGOr2ZdCkwg,UCqrqt9Egbp4Voh3iEUUoorw,development,3
30,13725,60183,bxZTJYGRRTM,UCOtYyt7W5PmPnwQjWWF_Z-Q,development,3
30,13726,60193,qDRnhjdHMUg,UC12K2QZlfWLq_8FmZfB23Yw,test_reserved,
30,13727,60198,bwVBP9XYhW0,UCZ-RBSr_ZD-jWWDgZmFyZyw,test_reserved,
30,13728,60203,eHmp8KK18oc,UCA5xW2Ce7KT2AtxzDYDebCA,development,4
30,13729,60211,nNePVec00Bs,UC8T-mv4W_aEL3xayOXnpCew,development,4
30,13730,60217,bNfAa-SOkoo,UCHZ6l32mEskYLDm1OkjFO3g,development,5
30,13731,60219,6uaLmjwL6Ac,UCOtYyt7W5PmPnwQjWWF_Z-Q,development,3
30,13732,60231,uRD42E0ZGRs,UCckltLEhFLv8Xz_lQhYfwmg,development,1
30,13733,60232,lopCSHkdFGQ,UCcijXxFzSXgoM6q9cCtT9PA,development,2
30,13734,60235,G1UgDwFpKik,UCr5BVR_ePEz_9V-KF5rSEmQ,test_reserved,
30,13735,60238,lJ-v5TtV-oY,UCyrW9aDENkU6G6URdVFwB9g,development,1
30,13736,60239,nGnaWMiLJjs,UCKoBVjh6j8amPM6tw6Lb-cA,development,2
30,13737,60240,qi0Po4mcJ5M,UCf2Iar2LDcFaSCnVH1ZMUkA,development,4
30,13738,60243,jIN1st1xl1Q,UCjX5zm1l8VZfEzAVMHKJSAg,test_reserved,
30,13739,60246,koVfEUw-_g4,UCcpvzu2fNDZyKkQ6tETbHLw,development,4
30,13740,60257,nC0TvwNXZoE,UCSGjjIMkvIJh9vdbbNPb3pw,development,3
30,13741,60260,alx6bT0qpAY,UCgnFSj7jQffD5V5m05j4dPw,development,5
30,13742,60265,LuHHJqJIFBA,UCgnFSj7jQffD5V5m05j4dPw,development,5
30,13743,60266,vn9y7u-geEE,UCgnFSj7jQffD5V5m05j4dPw,development,5
30,13744,60271,vS2st4rIIVM,UCCQ3mUIQTv2Snhw5Os0Yo5Q,development,3
30,13745,60275,UpokURNv124,UCckltLEhFLv8Xz_lQhYfwmg,development,1
30,13746,60281,1XH6S17X5nc,UCvivK4AwTrkPBnmrObTFxaQ,test_reserved,
30,13747,60284,4tN2wCfpLmw,UCVfnhhDIkkBJ_1QyzCqeVDg,development,2
30,13748,60294,Y-GUQ6Uh5ts,UCVfnhhDIkkBJ_1QyzCqeVDg,development,2
30,13749,60295,kWDSn9TxGfM,UCc30sTBdN9LRSxEuHaXV_bQ,test_reserved,
30,13750,60297,fcfTIHhLjXw,UCJkx-61Ysti3AzfwmdgtyKg,development,5
30,13751,60316,ZkFu7ZYeB7Q,UCOtYyt7W5PmPnwQjWWF_Z-Q,development,3
30,13752,60318,PuNMeF3kGxI,UCCbm1E52PV05ZLv6dtRB92Q,development,5
30,13753,60321,n_GkPIvppBE,UCPXSUKHTNc1_hnHuj-UiQWQ,development,4
30,13754,60327,PbjLtqJjhak,UCFjPN4qKreAn3tB36QMYiRA,development,5
30,13755,60340,9z82zAX7wHc,UC58y6NhWQ_IkAUJdYqtmtQg,development,5
30,13756,60346,2D_Ix-cNmXk,UCAH7R88V7gz7RqJv78nNOzg,development,3
30,13757,60347,i1QwgHmcKc0,UCckltLEhFLv8Xz_lQhYfwmg,development,1
30,13758,60356,w3LkJy-8W4I,UCckltLEhFLv8Xz_lQhYfwmg,development,1
30,13759,60362,4It_XVbpRgM,UCckltLEhFLv8Xz_lQhYfwmg,development,1
30,13760,60363,IhDRf_fuLQk,UC5_mCvFp3zgtxoX1W9yHHHQ,development,1
30,13761,60371,UtiuYvnckuY,UCcijXxFzSXgoM6q9cCtT9PA,development,2
30,13762,60373,h7uB_hf6Mlo,UCpRgfr4_Eax0HHa2rwkRQ2w,development,1
30,13763,60381,6fGFhs6arP4,UCzeBunsQThQMJuN7ldtbeRA,development,3
30,13764,60387,e6PzdpFDqy0,UCnANUYmlChbeCOqyAE-Y80g,development,3
30,13765,60393,ipS-V2wjsY4,UCCK3OZi788Ok44K97WAhLKQ,test_reserved,
30,13766,60397,gpFZX9b_oWQ,UCG3QSJwsRV2nH5Fo3eoYlOA,development,4
30,13767,60403,3t-xwAkPhVM,UCN3Buj32nQOlbBjWmj1Eoqw,development,3
30,13768,60404,l9dONVNa8Js,UCRDDfbYPHX_GUJ4lcQYTc8A,development,2
30,13769,60406,lxSUTCYSO-k,UCQTcNhAZidy1i9wwmdgf2Lw,development,4
30,13770,60407,Uu2ByS5cEtY,UCKehBsKbyWxH9LZlnF9F59w,development,1
30,13771,60411,2mfzUDg6KU4,UCgnFSj7jQffD5V5m05j4dPw,development,5
30,13772,60418,hY131mWmzWA,UC1YGPDtctHGJWW0NrlQVklw,development,5
30,13773,60427,3PkPWbw1HMg,UCPXSUKHTNc1_hnHuj-UiQWQ,development,4
30,13774,60429,M5tN-KiSNOw,UCFNhBN3enTlGFtr-apfIaDw,test_reserved,
30,13775,60432,D1OSEkbBi2M,UCOtYyt7W5PmPnwQjWWF_Z-Q,development,3
30,13776,60439,AZrYzQ7iQ0I,UCyKNjZkJTmFuYSTx5HLPsPQ,development,2
30,13777,60466,lFiGnCu9g8s,UCMayHG7j39d11Gh36vV7GnQ,development,3
30,13778,60467,ss_2cpOxEVI,UCckltLEhFLv8Xz_lQhYfwmg,development,1
30,13779,60468,--s1Ftw62d0,UCjm7vbOwssao7Bhm9wX3-bw,development,3
30,13780,60471,HySYg1Opcrc,UCuW9OiaVwvoOraW1Jcc3_uA,development,2
30,13781,60472,fufRRfavVIw,UCLsRogzQ9bw2Efitidd0ikg,test_reserved,
30,13782,60473,k4PS6JVUbJU,UC1YGPDtctHGJWW0NrlQVklw,development,5
30,13783,60477,lKp5PG_8pG0,UCmCtg0tJ475dXf91E7HmTUQ,development,4
30,13784,60478,qxIca-YRc2E,UCWeoS76MnqF8RxP-5EiQQCw,development,3
30,13785,60479,t6eyUNeUEUs,UCDWDuArgzMjvihWp47GYzKw,development,2
30,13786,60483,ZuxVsh1xJBg,UCwuQoMSU9n40I2o41zz_btg,development,4
30,13787,60484,xL0WRlVnOmE,UC_oQPOpRefuPENfsJ404nmA,test_reserved,
30,13788,60485,rCDW-ryytzI,UC28QOqy4nLwECRs65fahlIg,test_reserved,
30,13789,60486,za_pckXX7Mk,UCoQrhbL8EqaiWTywvgPlriA,development,1
30,13790,60487,tyflwkNTvg4,UCm3mXl7hQbHVMxhKaOeEhYA,development,4
30,13791,60489,zJhlWlDZhQs,UCQTcNhAZidy1i9wwmdgf2Lw,development,4
30,13792,60491,iOszl6iciXg,UC1hcl0aIr9KtXA-Kiq9itqw,development,3
30,13793,60497,1q2eFQjSr-I,UCUjrGH_aRUuOP-BGBAQyZOw,development,3
30,13794,60500,bdYh_ZAn9uc,UCCK3OZi788Ok44K97WAhLKQ,test_reserved,
30,13795,60502,L22gQZU9cS4,UCnRozrOdQHOjmgfOobDZyUg,development,2
30,13796,60506,hmYAc5cpYr8,UCUa0a5l56H0xre3SljFYRgw,development,4
30,13797,60508,4BYJXx2Wjx4,UCf2Iar2LDcFaSCnVH1ZMUkA,development,4
30,13798,60510,tU6XA7ZDJS0,UC_Urg845xBIOarYXBx_Ko2w,development,1
30,13799,60513,uWSP8uuTDsk,UCcijXxFzSXgoM6q9cCtT9PA,development,2
30,13800,60515,Q5RGsK2H_O4,UC6jQt9K_jqnBNtsRf7hXHsA,development,2
30,13801,60527,3AAVjj9ar6Y,UCCK3OZi788Ok44K97WAhLKQ,test_reserved,
30,13802,60530,zrAcr5zIgE0,UCzyTz2So395JRTH79AlQS7Q,development,2
30,13803,60534,4X_LqwN50ZU,UCqrqt9Egbp4Voh3iEUUoorw,development,3
30,13804,60536,FTA_InXly-M,UCOtYyt7W5PmPnwQjWWF_Z-Q,development,3
30,13805,60551,pPD-A1NT9uw,UCmTrMV3RUj_n8dO0Ff-wHOQ,development,3
30,13806,60558,ChGd-KQNOgM,UCpamW3WJjX0CgjWGsBxIm2w,development,3
30,13807,60572,Y1tkHBoFHXI,UCCK3OZi788Ok44K97WAhLKQ,test_reserved,
30,13808,60582,ySL9IfeDA94,UCOtYyt7W5PmPnwQjWWF_Z-Q,development,3
30,13809,60583,rOZ0CVDH4po,UCT9E_8Mls_HI5Mo4HSiBtSg,development,4
30,13810,60584,4KRMNl3TWTQ,UCCK3OZi788Ok44K97WAhLKQ,test_reserved,
30,13811,60595,sDv6KuecioE,UCAH7R88V7gz7RqJv78nNOzg,development,3
30,13812,60604,Qm3XfA0b6YM,UCVWqZXv-sjeFu5jKbQ1cA-Q,development,1
30,13813,60607,XDH3EwNOZuY,UCckltLEhFLv8Xz_lQhYfwmg,development,1
30,13814,60608,a_qrJ6RzJIo,UCjm7vbOwssao7Bhm9wX3-bw,development,3
30,13815,60612,VifkxTG4LYg,UCdYKWxPPJG4GBg_YdB33vKQ,development,2
30,13816,60613,_crrtpiTePg,UCcijXxFzSXgoM6q9cCtT9PA,development,2
30,13817,60618,TcCgrKRoCBA,UCMNaxF22tMr_rcNI5fkUkYw,development,4
30,13818,60624,grTwtqxx-lA,UCfpYakGtM6UYxAjTWpUu1PA,test_reserved,
30,13819,60629,tNIVoi3RtYM,UCgnFSj7jQffD5V5m05j4dPw,development,5
30,13820,60634,6H0ZwrZ8MJQ,UCckltLEhFLv8Xz_lQhYfwmg,development,1
30,13821,60643,NTHauXP1gpc,UCql-jEixeuMcyabHRYqr-Zw,development,3
30,13822,60648,emOlAXCoDn8,UC8lKgUHo-2mSR5cRRXO9xow,test_reserved,
30,13823,60652,Px2_5xpxxAE,UCAgBGlUKoAQFXMUzshrWDgg,development,1
30,13824,60655,qZCZyIO0H74,UC8U5Mgl9nbkm5vOJ0SMtQgA,test_reserved,
30,13825,60658,hE1tnS76Gus,UCbR7juPwtP-bV_w0840ciYQ,development,3
30,13826,60668,fkIMj4ALfK0,UCzNxbzqN0to4GNb9otFuGJQ,development,1
30,13827,60674,Dgqr6gsOzO4,UCCK3OZi788Ok44K97WAhLKQ,test_reserved,
30,13828,60675,H9Mr4lw2-tA,UCcijXxFzSXgoM6q9cCtT9PA,development,2
30,13829,60680,GRqAQb-LlUQ,UC5bP8uSDBQGh4Qn_g5QrWnw,development,2
30,13830,60687,WumGJbWtWfc,UCfuND8HywiC1G1T5s1t6ElA,test_reserved,
30,13831,60688,C1Rddg2nUa8,UCCK3OZi788Ok44K97WAhLKQ,test_reserved,
30,13832,60694,mGFXRMOi78E,UCq5SmrhSWmp89RR1JpO2z8Q,development,5
30,13833,60695,AUxYrt0w4Pc,UCcrsFwwoMvcXYpJ0XldIlVQ,development,5
30,13834,60697,qQjHBuCiMOk,UCCK3OZi788Ok44K97WAhLKQ,test_reserved,
30,13835,60706,o9-yTofajGI,UCbS_glb2N1NVTrDLVryRbng,development,4
30,13836,60709,8IViyGaivuU,UCPdASwipemqGhpK-B-a12Ow,development,2
30,13837,60711,xyFHu5la29I,UCCK3OZi788Ok44K97WAhLKQ,test_reserved,
30,13838,60717,oxOhY7CjYMQ,UCckltLEhFLv8Xz_lQhYfwmg,development,1
30,13839,60719,UvEcomkk2xU,UCfQfw--8dPGypR7sGcXJz0w,development,5
30,13840,60724,4y94HGbG5p8,UC7e8LFxir9MCfTAf2XQbfaA,test_reserved,
30,13841,60730,Vk5XRljs1PY,UCckltLEhFLv8Xz_lQhYfwmg,development,1
30,13842,60734,R9W72k3-YJk,UCOlMa7eBVngg14Qnu8eAXgA,development,4
30,13843,60737,EauHeL-Oz4s,UC86kcKWXyhj5k-TANzIrENQ,test_reserved,
30,13844,60746,fGl7oVMq2hE,UCDAkUKRB1pkb-s3Gqv7FZ7A,development,2
30,13845,60756,ad-aItc1d4w,UC1YGPDtctHGJWW0NrlQVklw,development,5
30,13846,60759,a-UdB5qvCZI,UC8qBNfgWRK_WYYGSmmrfgPA,development,4
30,13847,60764,zRgkPN1CnvI,UCBWG_GjopQPckewo1_IvhLQ,development,5
30,13848,60771,BSLOQB8Woy4,UCckltLEhFLv8Xz_lQhYfwmg,development,1
30,13849,60777,pZ5aFuix_YI,UCKuDeSAQOkDnBpiSa0gJN0A,development,3
30,13850,60779,NIULomq8H5M,UCckltLEhFLv8Xz_lQhYfwmg,development,1
30,13851,60789,zIldVGocZFs,UCCK3OZi788Ok44K97WAhLKQ,test_reserved,
30,13852,60791,gUFK2cjrcOA,UCcijXxFzSXgoM6q9cCtT9PA,development,2
30,13853,60792,2XKosoCElHs,UCAH7R88V7gz7RqJv78nNOzg,development,3
30,13854,60796,wpkVVt5zYtc,UCckltLEhFLv8Xz_lQhYfwmg,development,1
30,13855,60799,4CA5SzSXeoA,UCRDDfbYPHX_GUJ4lcQYTc8A,development,2
30,13856,60801,5TSDoawrtf0,UCcijXxFzSXgoM6q9cCtT9PA,development,2
30,13857,60803,bBOQ8MTV2Oc,UCVxzuJhGfjhyw1LmRFK9UxQ,test_reserved,
30,13858,60804,lDWpUJAFre4,UCGnnbsbqbCc7KxSIAbC_d2A,development,5
30,13859,60810,mutDeJ8uw7Y,UCCK3OZi788Ok44K97WAhLKQ,test_reserved,
30,13860,60812,0yiZsZ8RD7M,UC0554zf4RvVkxwt_tS4Wx_g,test_reserved,
30,13861,60815,sbOaWCnPzJc,UCx7lEnwLHxO9yPjOotGb-bA,development,2
30,13862,60828,VTqsj4Fd45A,UCcijXxFzSXgoM6q9cCtT9PA,development,2
30,13863,60836,vTYaaCHbu30,UCh9qXeL8eP3Txra2908xksg,development,3
30,13864,60838,uc9Oj1_G6kc,UCrr6da980A9ChvyLGOxJFJQ,test_reserved,
30,13865,60843,aoZE1nFYSn0,UCBz-ihRqwVORpkc4GxvaaPA,test_reserved,
30,13866,60846,sULoUQg8FHQ,UCAH7R88V7gz7RqJv78nNOzg,development,3
30,13867,60851,GM10axmwfBU,UCo2XpZV5hjoDx8qtqxgnv9A,development,5
30,13868,60857,PltxL8pRceU,UC-GRFwciK7JiP8T4tl0pftQ,test_reserved,
30,13869,60858,56UeT0GJuqE,UCBf296-OhUNfaDbtcYQ4RQQ,development,5
30,13870,60863,i0h3wVqR78U,UCcijXxFzSXgoM6q9cCtT9PA,development,2
30,13871,60870,PHfbf5ni0yc,UCJojbxGV0sfU1QPWhRxx4-A,development,1
30,13872,60873,mi9oXMFyUCc,UCPXSUKHTNc1_hnHuj-UiQWQ,development,4
30,13873,60874,jCdcibAbelE,UC324VVhYKykBv01GecF4aYg,development,5
30,13874,60876,l8Fz0oit7Sg,UC8lKgUHo-2mSR5cRRXO9xow,test_reserved,
30,13875,60878,sfGCtuFrftE,UCcijXxFzSXgoM6q9cCtT9PA,development,2
30,13876,60889,dhdAvCBoqeY,UCcijXxFzSXgoM6q9cCtT9PA,development,2
30,13877,60893,jbQWh8VEH9o,UCyH9u_WllbJZHZHeIBzjW2g,development,2
30,13878,60897,XNFOpdBCF80,UCh9qXeL8eP3Txra2908xksg,development,3
30,13879,60911,raRsgpujJEo,UC9mVbiRT4STi4TmCNJ89O9w,test_reserved,
30,13880,60920,69cDe6N7rjk,UC6jQt9K_jqnBNtsRf7hXHsA,development,2
30,13881,60922,7MiOVnzacDs,UCRDDfbYPHX_GUJ4lcQYTc8A,development,2
30,13882,60930,_06bJhHco24,UCqrqt9Egbp4Voh3iEUUoorw,development,3
30,13883,60940,lOvbyddxNYM,UCr5BVR_ePEz_9V-KF5rSEmQ,test_reserved,
30,13884,60947,2TolxyGuYw8,UC95VofaZiQPFwRMaqPhLc0w,development,1
30,13885,60955,liWzQaKOx9s,UCckltLEhFLv8Xz_lQhYfwmg,development,1
30,13886,60958,dDWfTMXvSwE,UCS-iMBivVAfN2oPRQaCUhJQ,development,3
30,13887,60965,GO4dQiijf6M,UCQTcNhAZidy1i9wwmdgf2Lw,development,4
30,13888,60967,BryWwdSfNlI,UCZ6MS5ygBzz25PnSMaAw8PA,development,3
30,13889,60970,6QvkitKmNfI,UCc30sTBdN9LRSxEuHaXV_bQ,test_reserved,
30,13890,60971,dj53IiYtN5Y,UCju2q-fXI8l5ueVRENqKIdg,development,2
30,13891,60972,MxSFhibe7-A,UC1YGPDtctHGJWW0NrlQVklw,development,5
30,13892,60980,ZJR-xl5cW8U,UCqDbs3rlemiBZmhkh9gXXHg,test_reserved,
30,13893,60983,3j0zgLkZKJk,UCckltLEhFLv8Xz_lQhYfwmg,development,1
30,13894,60985,M3w6URQPkMg,UCCK3OZi788Ok44K97WAhLKQ,test_reserved,
30,13895,60987,ZSAWcxjEieg,UCl5xacxsAhltNGtiMktd_Sg,development,4
30,13896,60990,AmMr5ehdW9U,UCckltLEhFLv8Xz_lQhYfwmg,development,1
30,13897,60991,AJdGBx4WbH0,UCbS_glb2N1NVTrDLVryRbng,development,4
30,13898,60993,O0HL6_ZHOlc,UCCK3OZi788Ok44K97WAhLKQ,test_reserved,
30,13899,60996,j5IGLxRnoAo,UCckltLEhFLv8Xz_lQhYfwmg,development,1
30,13900,61001,cCysMwcZVvc,UCb0KyqTm4bkjnZg_mND9hhg,test_reserved,
30,13901,61004,-gwsvGOL14c,UCcspHoBTj_aLhnJLwkMpWHQ,development,3
30,13902,61009,K49L2SHO7dI,UC5mNdm6_f2fv50Hzsg7qW1g,development,1
30,13903,61011,qJnjIX2xXoE,UCckltLEhFLv8Xz_lQhYfwmg,development,1
30,13904,61014,A6rVPPhZf88,UC3tvYy-s84yySG7V85jRDnA,development,4
30,13905,61017,0a0L9Bn-Vqc,UCaESx7Bdghv_UICcG1hBkcg,development,2
30,13906,61032,Jyx9pqiGyyI,UCCK3OZi788Ok44K97WAhLKQ,test_reserved,
30,13907,61034,NOxIy3MggCs,UCCK3OZi788Ok44K97WAhLKQ,test_reserved,
30,13908,61037,_di6H08bV6I,UC1hcl0aIr9KtXA-Kiq9itqw,development,3
30,13909,61039,S8YWaon8Bos,UCRDDfbYPHX_GUJ4lcQYTc8A,development,2
30,13910,61040,oDwE9Q4kuUQ,UC56xoFaYse8EJdlRyvmm0xw,development,5
30,13911,61041,OYu3ZP-sFKw,UCckltLEhFLv8Xz_lQhYfwmg,development,1
30,13912,61042,kWHc6WTec1I,UCB3pmaew5i2Sp9LJe03BU8g,development,4
30,13913,61051,BQyUfmtjWts,UCLwShsDcrXwLEINVFaa1msw,development,2
30,13914,61054,CWvl2R1IxgQ,UCgnFSj7jQffD5V5m05j4dPw,development,5
30,13915,61055,4qce4KdWgrE,UC0tV1b7IFEXFUUILF7mAcWw,development,5
30,13916,61057,cvm-aCLK5po,UCckltLEhFLv8Xz_lQhYfwmg,development,1
30,13917,61058,-VjsgSUzdHc,UCLuP7ROjaueiuNbzrvPqXSQ,development,3
30,13918,61065,a5C9psqqPtY,UCFuygvMWDiyNyxxFe347H9w,development,4
30,13919,61070,8kqqhr_2oqw,UCRDDfbYPHX_GUJ4lcQYTc8A,development,2
30,13920,61077,KK3qKAmgKfo,UCgnFSj7jQffD5V5m05j4dPw,development,5
30,13921,61078,olLCPXhqw6Y,UCckltLEhFLv8Xz_lQhYfwmg,development,1
30,13922,61079,PPfZBRgRpbQ,UCCK3OZi788Ok44K97WAhLKQ,test_reserved,
30,13923,61084,1o6oUu6Cg-Y,UCJc1hbJPvG5f2v8iSPG-3CA,test_reserved,
30,13924,61087,OHl172v3yW4,UCI3Xc02tgvW28O-Rrou3LxQ,development,4
30,13925,61091,XUX_ShKklfg,UC62QgaEe8YqmCcxbeyxQg9w,development,3
30,13926,61093,D77BBQ2_PxU,UCLuP7ROjaueiuNbzrvPqXSQ,development,3
30,13927,61097,eMn_VDEaS4E,UCIs94IGV3YMXRdVDRLpJZ6A,development,3
30,13928,61105,gLmF0xbZ8Z0,UCwt4zdWrmnBpglCHb1ArREA,development,4
30,13929,61108,_U_mGDMzk4c,UCg22fUwQQF-7Sf6-TIVIFrA,development,1
30,13930,61114,XiCL_LSOj34,UCweDTnElSgujDbt3yoNTx4g,development,2
30,13931,61115,IryfHB_m4jw,UC5fkr-uG2-yAEbwbJV-QIxg,development,1
30,13932,61117,PYBSxfGciL8,UC0MnP2Iso6enxaJTBZ3_nJw,development,4
30,13933,61118,S_9wn9loEUs,UCWrJW5qgCKGpYAxyMCp5Hxg,development,4
30,13934,61119,knOpRis-uQE,UCm6FpVN_cg2tGqHVDc9QpMg,development,4
30,13935,61123,7ve0SttA8aM,UCaESx7Bdghv_UICcG1hBkcg,development,2
30,13936,61124,QT8M2qJ0Z34,UCcrsFwwoMvcXYpJ0XldIlVQ,development,5
30,13937,61137,5QfafBB-gRg,UC6aSX46078fvOY9bY9ZUTYw,development,4
30,13938,61140,N3U4SYJD-mw,UCBf296-OhUNfaDbtcYQ4RQQ,development,5
30,13939,61142,bqy9slaNZgY,UCOiMY00_ZLijPF6InrCl0TA,development,3
30,13940,61143,BXjB3QqY5EM,UCqrqt9Egbp4Voh3iEUUoorw,development,3
30,13941,61148,9JjtxGWs4Ug,UCgnFSj7jQffD5V5m05j4dPw,development,5
30,13942,61153,EXkQttR5ciY,UCoUtpHt61tmeSpaznNoqr3g,test_reserved,
30,13943,61156,YvnkTMtlNMA,UC_oQPOpRefuPENfsJ404nmA,test_reserved,
30,13944,61161,Li7w7qxTUFI,UCckltLEhFLv8Xz_lQhYfwmg,development,1
30,13945,61170,tdEY0iC76uI,UCcijXxFzSXgoM6q9cCtT9PA,development,2
30,13946,61172,gEFNaewnrxs,UCOtYyt7W5PmPnwQjWWF_Z-Q,development,3
30,13947,61174,p0q24XEQ9fo,UCnT7Z6-yqjhM__jZbK_B3kw,development,3
30,13948,61175,uzbzI_DfOGM,UCbS_glb2N1NVTrDLVryRbng,development,4
30,13949,61179,kVlhg_QL-Q0,UCckltLEhFLv8Xz_lQhYfwmg,development,1
30,13950,61182,PETvH6r7lOQ,UCSs9wxjf1Asv9HyFmMym9kQ,development,5
30,13951,61192,mWbpmaRmVjk,UCp3vt0JWTbhd15j9PSn3RnQ,test_reserved,
30,13952,61197,MRAepuwEdUk,UC5dezjl-rF4Sw6BRPM8Q6Zg,development,2
30,13953,61201,EWd4zvGsyeI,UCP4Z7-uWZYIQBclex8M086A,development,5
30,13954,61205,4fVolO5Sxlk,UCKHgO2j1mqI5vFxJioRSPMQ,development,4
30,13955,61206,j6MEakST1yY,UCIoyIVPZEfC2p0dQwAxGiEw,test_reserved,
30,13956,61215,OeoVub3mFFI,UCLkBa7dDSZyT5CkZFa0W7QQ,development,3
30,13957,61228,o_q3hUb5XXw,UCcbOsE5_4LEjtQi8X2PFxDw,development,2
30,13958,61229,pblSmxpn2xE,UCCK3OZi788Ok44K97WAhLKQ,test_reserved,
30,13959,61237,VKYuU9HF9l0,UCI-teIr7yMeLi4Z3LW4LNRg,development,3
30,13960,61240,3g_nsQ8EX3s,UCOtYyt7W5PmPnwQjWWF_Z-Q,development,3
30,13961,61243,DNSlNzv9WP8,UCAH7R88V7gz7RqJv78nNOzg,development,3
30,13962,61245,lQ554ezYsro,UCEuz_HGv5er0LZsztjO4g5Q,development,5
30,13963,61247,IMZPsMKh7FU,UCmqflTSJ6911aCrnaWIXxsA,development,3
30,13964,61252,rcOwmfKVwoI,UCuJmg9Gw1uO-JGVLk9iACDw,development,2
30,13965,61255,tYI0cQo6GZ8,UCjX5zm1l8VZfEzAVMHKJSAg,test_reserved,
30,13966,61256,kxSNfHcFC8k,UCZfQAl56Y6qStW8DECs2hGw,development,5
30,13967,61260,ckvqbX82BfY,UCOtYyt7W5PmPnwQjWWF_Z-Q,development,3
30,13968,61261,V5H7we7ArUc,UC4Pb9SEsCb1EpsXVYAVVajw,test_reserved,
30,13969,61263,vCWbD8P9kNI,UCckltLEhFLv8Xz_lQhYfwmg,development,1
30,13970,61265,zpwlRmvI1RU,UC6jQt9K_jqnBNtsRf7hXHsA,development,2
30,13971,61269,uYCvllu6kNY,UCckltLEhFLv8Xz_lQhYfwmg,development,1
30,13972,61280,ekQoHuSA9Kg,UCdl01jabKqzbe0XoZmn1y9A,development,3
30,13973,61287,XIwhbEo_q-c,UCGwNjr4N0uUvqD8MopqsfyA,development,1
30,13974,61292,BIMAO6GVQKg,UCYga1ycTsoZn6Y_xlrdw0iA,development,4
30,13975,61307,aidPct7heSo,UCCbm1E52PV05ZLv6dtRB92Q,development,5
30,13976,61309,ZH24lQd9xt8,UC944GuW0gSM0srEsZSZRQEQ,development,1
30,13977,61310,yRQsfePaG6E,UCmjo40eaWQS0jkW7UW24KSA,development,3
30,13978,61311,NB3a0iXRgV8,UCn0XmAUFv6d2tofMFEesSNw,development,5
30,13979,61312,4dA2A8QUeHc,UCckltLEhFLv8Xz_lQhYfwmg,development,1
30,13980,61317,h80ZUgS5f6U,UChXdaHzQMCIKzoVQ4ywJR8w,development,4
30,13981,61320,Ru-4K_Z8-ls,UCckltLEhFLv8Xz_lQhYfwmg,development,1
30,13982,61324,TFcJNSiW-mo,UCrWDxd_eJ3NM1Z-e1jDsjUA,development,1
30,13983,61326,Tj8eCbbvy10,UCcijXxFzSXgoM6q9cCtT9PA,development,2
30,13984,61333,rPVcXyl-_Q8,UCEWXUrJx9ufOtbQH5VRoVzg,development,4
30,13985,61336,qkD1nTJ4WTs,UCdotiSNtLlS4qwDto9CdURA,development,3
30,13986,61338,dw9dFTN2Wxs,UCCK3OZi788Ok44K97WAhLKQ,test_reserved,
30,13987,61343,p39K0WJ4GnE,UC_hR1wSDcKjBRTlKtp6LK1A,development,4
30,13988,61346,NaI9aYIeLpE,UCQTcNhAZidy1i9wwmdgf2Lw,development,4
30,13989,61347,7zyXfbjF6ls,UCEuz_HGv5er0LZsztjO4g5Q,development,5
30,13990,61355,SCfIpYrnMMU,UC8lKgUHo-2mSR5cRRXO9xow,test_reserved,
30,13991,61362,yEeR_PBcm1U,UCqU7Eof3uDD0309gvUNfAog,development,1
30,13992,61364,oihKa4SE7W0,UCnXm5HDfvVM4sXf45Q52qAg,development,4
30,13993,61366,SQgId6PC4yY,UCPXSUKHTNc1_hnHuj-UiQWQ,development,4
30,13994,61367,Qd0sOYqrYbA,UCdgWTRipbTuQsIiiPb6fB-A,development,5
30,13995,61368,lvX5lsExA4U,UC4Pb9SEsCb1EpsXVYAVVajw,test_reserved,
30,13996,61375,8TsB36pbaY0,UCdxXgi-bzxMZEx5M-TSr3qA,test_reserved,
30,13997,61377,vzP-KQb9AJQ,UCaI7IwVdrAcfhu3cp6x4T6Q,development,3
30,13998,61379,XLJTZtMTgCU,UCbCAIiyYUDoFFIzXS0HxYTA,development,4
30,13999,61382,xQ2YyXrvqGw,UCslQTjunYucYv2IAoZ1vVnQ,development,2
30,14000,61388,4oJxcQ0Vg3g,UCQkPhQ-6NhA1v7Tpsp6EnKQ,development,1
30,14001,61391,QQW0SGR5N6Y,UC8rcDufKZ3W6CtZU69CtMXg,development,5
30,14002,61402,o6XiPsaxs9Q,UC1YGPDtctHGJWW0NrlQVklw,development,5
30,14003,61403,R5wgg_Cfols,UCmqflTSJ6911aCrnaWIXxsA,development,3
30,14004,61404,f4uD-qeo_YQ,UCckltLEhFLv8Xz_lQhYfwmg,development,1
30,14005,61417,7Mv9q-LjMbE,UCcbOsE5_4LEjtQi8X2PFxDw,development,2
30,14006,61422,6aySSrGtL0w,UC1YGPDtctHGJWW0NrlQVklw,development,5
30,14007,61425,Cn5PrPdq3wI,UCCK3OZi788Ok44K97WAhLKQ,test_reserved,
30,14008,61429,bbnCZKIo5u0,UC1YGPDtctHGJWW0NrlQVklw,development,5
30,14009,61435,EKtNLsXVBzU,UCmqflTSJ6911aCrnaWIXxsA,development,3
30,14010,61439,DV2N5K5gLL8,UCCK3OZi788Ok44K97WAhLKQ,test_reserved,
30,14011,61440,BJQdcVgRMtk,UCOtYyt7W5PmPnwQjWWF_Z-Q,development,3
30,14012,61443,_2ytwIXM-6k,UC-InXGUDXmIVAZG7efBiU7A,development,1
30,14013,61449,wiIck85XFS8,UCMcaGpzjo0D-d6oSvcg8PtA,development,4
30,14014,61459,raa-iyaFMHY,UC8rcDufKZ3W6CtZU69CtMXg,development,5
30,14015,61460,W1ZToa3ETSs,UC0fnN8-CgXOlHLjGc78e-0g,development,3
30,14016,61463,E3y35w72pdE,UCAH7R88V7gz7RqJv78nNOzg,development,3
30,14017,61464,yXA7IETk49E,UCckltLEhFLv8Xz_lQhYfwmg,development,1
30,14018,61465,7pyVetBr8UA,UCbS_glb2N1NVTrDLVryRbng,development,4
30,14019,61467,2zjaqdsHEMI,UCciWJbS8FCsgM8asue6Jvug,development,4
30,14020,61469,IW2gg_sOoxs,UCmTG8tucD4MxgU6fNCFFHxw,development,1
30,14021,61471,H5M6oMW7uOg,UCQTcNhAZidy1i9wwmdgf2Lw,development,4
30,14022,61473,ZWKXaxxXPbI,UCOtYyt7W5PmPnwQjWWF_Z-Q,development,3
30,14023,61474,AGTbkC5hat4,UCiAYv_QAosB-49bJbu3NM3A,test_reserved,
30,14024,61477,on0lWSyjFOo,UCrcATWZGF_p53r38i6VK0eA,test_reserved,
30,14025,61480,0hGTwP2Q8XM,UCUzsesaP5G628WVuqEckF8w,development,5
30,14026,61484,mOSjYkgf4JI,UCEY_-NIv3TLgWfV3P2xEVuQ,development,2
30,14027,61489,G84g7ER_pCA,UCu7cGbQEMgGk8TD0ZYucM5g,test_reserved,
30,14028,61501,pD187atZMj0,UCcijXxFzSXgoM6q9cCtT9PA,development,2
30,14029,61508,Fi3KOiOdRX8,UCcspHoBTj_aLhnJLwkMpWHQ,development,3
30,14030,61509,gcR2m8Q50RE,UCCK3OZi788Ok44K97WAhLKQ,test_reserved,
30,14031,61519,i__h_0Ddy2k,UCPaa9NR1c6o7QW8kHYbR9Rg,development,1
30,14032,61526,ug9oNF4aJOY,UCgxiMvAbKYM3SZ2d46NHLug,development,3
30,14033,61531,g71FZEkOFPQ,UCNbM4dl9kN5KDpmDdAW6zOg,development,3
30,14034,61534,i_6qOaD_kyI,UCCK3OZi788Ok44K97WAhLKQ,test_reserved,
30,14035,61536,9iPDS_tl0FY,UCRDDfbYPHX_GUJ4lcQYTc8A,development,2
30,14036,61544,BuMI5iKqbv8,UCckltLEhFLv8Xz_lQhYfwmg,development,1
30,14037,61546,Ot6OZ8PJLmw,UCRDDfbYPHX_GUJ4lcQYTc8A,development,2
30,14038,61550,EG3UY83-NCU,UCckltLEhFLv8Xz_lQhYfwmg,development,1
30,14039,61556,zUlDleFmpkM,UCh1YbG4SC-R5fBxZgMMuRww,test_reserved,
30,14040,61562,T5QcgnaDfHE,UC1YGPDtctHGJWW0NrlQVklw,development,5
30,14041,61564,uK8j0gQ4ezg,UC8qBNfgWRK_WYYGSmmrfgPA,development,4
30,14042,61567,LjWJJjfu7Wk,UCFuP4DmMM9LZOMoa86vsZig,development,4
30,14043,61577,pc1oM6or_1M,UCsFJW4hPOuBZS486UwG2dPQ,development,4
30,14044,61579,OONAPnjfPpY,UCLuP7ROjaueiuNbzrvPqXSQ,development,3
30,14045,61581,0h_iZLiClg0,UCQTcNhAZidy1i9wwmdgf2Lw,development,4
30,14046,61582,VtSUXbQBF3I,UCIKg0Ev6Vq2M7hU7bL_jHFQ,development,3
30,14047,61585,IsnftOuTT6k,UCQTcNhAZidy1i9wwmdgf2Lw,development,4
30,14048,61587,-HbhGcWJuOo,UCofF1Whz-uMOt6JJAoHa9wQ,development,4
30,14049,61592,S0CLmlq3bxo,UCDrTN5A0V-Fzu1Jn7qnxA6A,development,4
30,14050,61596,i-GxcZt8RA8,UCs_mHlm5_C82W5WCIJaSMbQ,test_reserved,
30,14051,61597,qiRZUi58Aw0,UCOtYyt7W5PmPnwQjWWF_Z-Q,development,3
30,14052,61598,1UU1Y39lbRA,UC_nFt7ialY-bZ-nUFwzY_hg,development,1
30,14053,61602,ZnyOMaDjmPQ,UCckltLEhFLv8Xz_lQhYfwmg,development,1
30,14054,61604,HxOVlcI9B3k,UCCK3OZi788Ok44K97WAhLKQ,test_reserved,
30,14055,61605,Y25kTq1rOrI,UCqrqt9Egbp4Voh3iEUUoorw,development,3
30,14056,61613,yYNv_glcbAE,UC4-OGkz_qi4h59w_HeqwYjg,development,5
30,14057,61614,l_9B_0vco20,UCG0j1mTQov3RVBgLgh6wbKg,development,5
30,14058,61615,vdfWat56L3Q,UCCK3OZi788Ok44K97WAhLKQ,test_reserved,
30,14059,61620,MWM-O4bcrqU,UC_0KqdgCMvhbpYcp9JaqQRg,test_reserved,
30,14060,61621,M9r_13RJUVg,UC-4FUBrbjpCCoNGqHh6X5og,development,1
30,14061,61627,m688U_vbkmw,UCOtYyt7W5PmPnwQjWWF_Z-Q,development,3
30,14062,61631,BGZ_dzyc-qU,UCUHPIJ7Bv3S2UL4sKgNhoYQ,development,5
30,14063,61633,UJtDvni4qaM,UCCK3OZi788Ok44K97WAhLKQ,test_reserved,
30,14064,61641,RPA1rESWEF4,UCuN1HN5RXX2D6ZcEkopILeg,development,4
30,14065,61643,TnNQGxTyuzI,UCwKYO2L9xzLtWhSv4ncYCIA,development,1
30,14066,61644,CSvdvQJqA9M,UCKmYdmWel_Wkei2ug3_dSCw,test_reserved,
30,14067,61646,B3H8S2-4Mvc,UCOtYyt7W5PmPnwQjWWF_Z-Q,development,3
30,14068,61647,UV1rabWActk,UCIKg0Ev6Vq2M7hU7bL_jHFQ,development,3
30,14069,61655,WMap9BkLloY,UC8qBNfgWRK_WYYGSmmrfgPA,development,4
30,14070,61660,mWwDOYce5fs,UCYfuJoPD9YCkqHLhDy-0kUQ,development,1
30,14071,61663,S8L5UFH6eg8,UCjG1iw5WByPYVukngRcFVnA,development,4
30,14072,61670,FoMuGVFIIyA,UC61hH_E3HUjIweuWm20wuDg,development,1
30,14073,61677,gcK7cTf72kY,UCctwRj5yOB7cFYPc8z_rZSw,development,5
30,14074,61679,MC07SaGZo4Y,UCfhaqrwhwneNyXuuB_BXqng,development,4
30,14075,61688,gtBirCl3pZM,UCn0XmAUFv6d2tofMFEesSNw,development,5
30,14076,61689,d1o6VHMYJ2U,UC_oQPOpRefuPENfsJ404nmA,test_reserved,
30,14077,61693,zMho_SKRUs0,UCQTcNhAZidy1i9wwmdgf2Lw,development,4
30,14078,61696,UX1vVlloDWo,UCckltLEhFLv8Xz_lQhYfwmg,development,1
30,14079,61698,hGuyKLViYUc,UCcrsFwwoMvcXYpJ0XldIlVQ,development,5
30,14080,61700,ttgf8qlJLmA,UCol1SzfebXhRo0ltxOJZ9cg,development,2
30,14081,61706,p0FvIUUy76I,UCLuP7ROjaueiuNbzrvPqXSQ,development,3
30,14082,61709,SE_kp2uYUNc,UCAOAqdh0wJ6lmzO8j33v8fQ,development,5
30,14083,61711,5kJTlI0-63M,UC-dHEjWS4CibzGtijQC6cOg,test_reserved,
30,14084,61712,Wa3SAFI4A-Y,UCzvbhhYHTGMnMd_rB2pPzbA,development,5
30,14085,61716,NCQIoffb4CQ,UCRDDfbYPHX_GUJ4lcQYTc8A,development,2
30,14086,61726,voSyI8QY9jw,UC0fnN8-CgXOlHLjGc78e-0g,development,3
30,14087,61727,Ihti0-eWSLM,UCHMS7LX9aXGt5rGe2Wp5-5w,development,2
30,14088,61734,Lwu4txuaojw,UCcgyRWiM833H81tMd-7Fn4A,development,4
30,14089,61741,EjUehNBev_s,UCXLyL2Fg5DZouTYsYtRT0WQ,development,2
30,14090,61745,bm2WwBG9YqI,UCdgWTRipbTuQsIiiPb6fB-A,development,5
30,14091,61753,4XrdqmW1ZQM,UC0tV1b7IFEXFUUILF7mAcWw,development,5
30,14092,61758,RFb1DYWV-Sw,UC1YGPDtctHGJWW0NrlQVklw,development,5
30,14093,61760,Rh9BTivGyyM,UCHrkBP4z4-r3tTCY3FUq_KA,development,4
30,14094,61763,kHbp-pqgGrQ,UCewWZeJ0g9cHU61e_jN_bZg,development,1
30,14095,61765,W49x_qEKYhw,UCFuygvMWDiyNyxxFe347H9w,development,4
30,14096,61768,rzUicliwPEM,UCLNz9bgiJfM3ImTtYDOt8Ew,development,4
30,14097,61772,oo93WV0DGQY,UCCK3OZi788Ok44K97WAhLKQ,test_reserved,
30,14098,61779,9bNk7eiG3oE,UCAH7R88V7gz7RqJv78nNOzg,development,3
30,14099,61782,2bSyOZ5U-rs,UCZ-RBSr_ZD-jWWDgZmFyZyw,test_reserved,
30,14100,61787,HrtkXyISJpo,UCQTcNhAZidy1i9wwmdgf2Lw,development,4
30,14101,61791,2dbHwbPvE5A,UCctwRj5yOB7cFYPc8z_rZSw,development,5
30,14102,61793,bu2K2TjPCMQ,UCbS_glb2N1NVTrDLVryRbng,development,4
30,14103,61806,gVEakhE662E,UCOtYyt7W5PmPnwQjWWF_Z-Q,development,3
30,14104,61813,hCGVmyRFxTk,UCcijXxFzSXgoM6q9cCtT9PA,development,2
30,14105,61818,vTtGcxaFSyI,UCckltLEhFLv8Xz_lQhYfwmg,development,1
30,14106,61820,6orG_5gAVEU,UCp_BOe2cFg9HH0FGsi9JZJg,test_reserved,
30,14107,61821,gzFKpx6dO-0,UCrVFS_0PdV7AwyTgR13IcVg,test_reserved,
30,14108,61822,yCoRHkweW8s,UCGUkXp4pLubBSnE9tHnVzjQ,development,5
30,14109,61823,3xJHJYD3hWE,UC151dtdh5iXFd-0IRkt7DDg,development,5
30,14110,61833,NdERuGYbJQM,UCbR7juPwtP-bV_w0840ciYQ,development,3
30,14111,61834,lfHYuyB9s24,UCL-TetUXLuL3nvjmvruroeQ,test_reserved,
30,14112,61837,RxEZk_dVjIY,UCJEnfxBpv0TwLx_mAf9NXHg,development,4
30,14113,61841,MZT6CWVnAds,UCRK13WgCsr2N6y9cbeEq39g,development,3
30,14114,61842,TVJX10OM-gA,UCqrqt9Egbp4Voh3iEUUoorw,development,3
30,14115,61844,t4-zwNHnmfY,UCckltLEhFLv8Xz_lQhYfwmg,development,1
30,14116,61848,femWLCJfFM8,UCkEC1Cni_4S08XLUPk4e40Q,test_reserved,
30,14117,61849,ci6woJLffJ0,UCCK3OZi788Ok44K97WAhLKQ,test_reserved,
30,14118,61852,qvwurLjC-9I,UCckltLEhFLv8Xz_lQhYfwmg,development,1
30,14119,61854,OR8hX5LNH0M,UCrVFS_0PdV7AwyTgR13IcVg,test_reserved,
30,14120,61860,Mfhc38Buulg,UCtZO2c3i1PrtwyeaxaIYHKA,development,4
30,14121,61862,aF3ceLJBnOA,UCqrqt9Egbp4Voh3iEUUoorw,development,3
30,14122,61863,yufxWtJHJP8,UCFAQPiyzxj7BNfeKWGsR5gA,development,5
30,14123,61867,ApCQu1FZxYw,UC8irIP66QzlZNVgqe4vwN9g,test_reserved,
30,14124,61871,UShvnk-LMSo,UCvMYO1Ywh_KVLYb67ruTQBQ,development,5
30,14125,61873,Ua4qSV3NcPk,UCqrqt9Egbp4Voh3iEUUoorw,development,3
30,14126,61880,wdkEAo0YvAs,UCTIi9jL0_XH6wCRyHDygl9A,development,5
30,14127,61882,n8jFIp8qZrk,UC324VVhYKykBv01GecF4aYg,development,5
30,14128,61887,Ad30Hf0eTcE,UCVfnhhDIkkBJ_1QyzCqeVDg,development,2
30,14129,61894,DoVYD8tBDiM,UC_hR1wSDcKjBRTlKtp6LK1A,development,4
30,14130,61896,Y6SK8z9VgVI,UCRDDfbYPHX_GUJ4lcQYTc8A,development,2
30,14131,61899,9C8mkKTPIG8,UCOtYyt7W5PmPnwQjWWF_Z-Q,development,3
30,14132,61904,ZBLLokBEZ-c,UCMkW7S3IszN1L9u1bLw23rQ,development,5
30,14133,61912,8qgU4vdjaGM,UCbR7juPwtP-bV_w0840ciYQ,development,3
30,14134,61917,ku9uvkVCwKg,UCsFyUNMk46NlYGwa7l9m4gQ,development,5
30,14135,61918,MKlFjrEsYcY,UCAH7R88V7gz7RqJv78nNOzg,development,3
30,14136,61920,p2GvDDVfU54,UC_K3CNn5jlFvgCx7cpKiCYA,development,1
30,14137,61924,38A0siv4uqc,UCEUSUxrhCt4n0Pp9WB7q7-w,development,5
30,14138,61935,ksccuvUKO-o,UCceS_252pdNUa5ztP_MW8rw,development,2
30,14139,61938,lSZ2zSESyKA,UCLx0BJNc11RlbIR5JHH-qmw,development,1
30,14140,61944,S1gkxn9AHpM,UCckltLEhFLv8Xz_lQhYfwmg,development,1
30,14141,61945,O1vd87_nLlA,UCbS_glb2N1NVTrDLVryRbng,development,4
30,14142,61951,5sf5QNRvofo,UCnkon33rksDXo3qChhTs5Vw,development,5
30,14143,61957,j7SUP-gKjEI,UCckltLEhFLv8Xz_lQhYfwmg,development,1
30,14144,61961,nsMJV_-Uf5s,UCaIc6SgS90ud_RgMSC6hW_w,test_reserved,
30,14145,61965,7uAFCvcHKa0,UCckltLEhFLv8Xz_lQhYfwmg,development,1
30,14146,61968,PFrGWAwHRPc,UCcijXxFzSXgoM6q9cCtT9PA,development,2
30,14147,61970,yaacUs-lK40,UC2oGrNhMUyWu5yzEJ_j1PMA,test_reserved,
30,14148,61972,34uAvN-Kxy8,UCjboX8rWtjAyU7dI2bd67KQ,test_reserved,
30,14149,61973,9uvbA4TevwU,UCoPGkvh-1AoSzh23-ROXrpw,development,2
30,14150,61979,ICuvQhPwibk,UC_d3UQ1v8KP1JNFOBmV63xA,development,5
30,14151,61982,jzxbG00TpTE,UCc30sTBdN9LRSxEuHaXV_bQ,test_reserved,
30,14152,61983,O0AK58SBu8c,UCRB8mrLCcwTPlJOMUy9MDUg,development,2
30,14153,61985,EDr79BtJ-2g,UCqU7Eof3uDD0309gvUNfAog,development,1
30,14154,61990,MyYixLv9OcU,UCFAQPiyzxj7BNfeKWGsR5gA,development,5
30,14155,61995,0XL1uNkovlI,UC8lKgUHo-2mSR5cRRXO9xow,test_reserved,
30,14156,62004,R4ug6pRye6s,UCqShCHSDvCBKDN_GAsnLJmQ,development,5
30,14157,62007,sm0X9pBqFlY,UC4-OGkz_qi4h59w_HeqwYjg,development,5
30,14158,62011,gE_Gbi1lTZY,UCc30sTBdN9LRSxEuHaXV_bQ,test_reserved,
30,14159,62017,lhUKmMwtZw0,UCckltLEhFLv8Xz_lQhYfwmg,development,1
30,14160,62024,Tx-FoI1NYcI,UCQTcNhAZidy1i9wwmdgf2Lw,development,4
30,14161,62027,dgL0lmeC1wc,UCPXSUKHTNc1_hnHuj-UiQWQ,development,4
30,14162,62030,mD6ws4iPd7w,UCgHlPm2GweC7f8JaynbQRQg,development,5
30,14163,62031,QCdXCtkC0wQ,UCAgBGlUKoAQFXMUzshrWDgg,development,1
30,14164,62034,DpFuqVa2Z6g,UC_nTuqFK2NuOeVU2YQ7Z6Xg,development,2
30,14165,62036,gGXjauNECr0,UCcijXxFzSXgoM6q9cCtT9PA,development,2
30,14166,62037,wxHLZdestZ8,UCOlFGTtYOtyBMV-qwZjmgyA,test_reserved,
30,14167,62044,caWelNLS2lM,UCskNFH2e4ptFTkgeVmFPNhA,development,2
30,14168,62047,3Wo2O5LAPXg,UC0OQrrbVFEASTwszPPVOndA,development,2
30,14169,62048,INDE6CY8z5k,UCOtYyt7W5PmPnwQjWWF_Z-Q,development,3
30,14170,62050,JCd3qkhqB3s,UCvfwXFsI8J-iRMpG1SE8lgw,test_reserved,
30,14171,62057,JRuHhhv2qYI,UCiP6DUi_wjUMfc4bo0yIusQ,development,2
30,14172,62062,Wr1apGww-zk,UCqsAQeEdyCt0pLd-mREutNg,development,2
30,14173,62083,QLiVK0r03MU,UCiWDsyu4bBPB6_u8hgRaKvA,test_reserved,
30,14174,62087,BeMT8AxMfpQ,UCbCAIiyYUDoFFIzXS0HxYTA,development,4
30,14175,62095,OcAvxny_l8s,UC0OQrrbVFEASTwszPPVOndA,development,2
30,14176,62097,JDvYX_TSaG4,UCcijXxFzSXgoM6q9cCtT9PA,development,2
30,14177,62100,XbmujAY_VVA,UC2BTAEU-0MU0QV-vlDEvouQ,test_reserved,
30,14178,62102,evGqAsIGE0U,UCT83ymyAGm7Gnk_4ifxjxIA,development,4
30,14179,62105,Az-z89Ap8Ko,UCxEUUXpOFlVyBC9sf73Isow,development,1
30,14180,62109,C4myD70z-qg,UCAH7R88V7gz7RqJv78nNOzg,development,3
30,14181,62112,7AN4qR-JGD4,UCcijXxFzSXgoM6q9cCtT9PA,development,2
30,14182,62115,GhZZAPVqZxc,UCLuP7ROjaueiuNbzrvPqXSQ,development,3
30,14183,62124,90Aaf_yD2IA,UCckltLEhFLv8Xz_lQhYfwmg,development,1
30,14184,62133,R0iefGwfhCk,UCaESx7Bdghv_UICcG1hBkcg,development,2
30,14185,62134,i2v26jq-bUc,UCsLoRcb3FvB-uK3F1_zqXbw,development,1
30,14186,62145,S7Tp1gAJPi4,UCQTcNhAZidy1i9wwmdgf2Lw,development,4
30,14187,62150,Hm5kPIgaMmE,UC8rcDufKZ3W6CtZU69CtMXg,development,5
30,14188,62159,7VlkxY7mAZc,UCQTcNhAZidy1i9wwmdgf2Lw,development,4
30,14189,62165,1DkNs46ltcw,UCqU7Eof3uDD0309gvUNfAog,development,1
30,14190,62168,6SOVhRkYdPw,UCbS_glb2N1NVTrDLVryRbng,development,4
30,14191,62170,WQzQTcNiQcY,UCAH7R88V7gz7RqJv78nNOzg,development,3
30,14192,62171,72thsXYvrMI,UC3tvYy-s84yySG7V85jRDnA,development,4
30,14193,62177,3MYYZGZre_k,UCUa0a5l56H0xre3SljFYRgw,development,4
30,14194,62182,I6Y2_ZFlRxw,UCCK3OZi788Ok44K97WAhLKQ,test_reserved,
30,14195,62187,WNqljqruqO0,UCrVFS_0PdV7AwyTgR13IcVg,test_reserved,
30,14196,62190,8uKVQfCiTGs,UCLwwxYXhMc1fCIAnaO8nYrQ,test_reserved,
30,14197,62195,0uUuisf89ck,UC944GuW0gSM0srEsZSZRQEQ,development,1
30,14198,62200,IweBJhxhKSk,UCmqflTSJ6911aCrnaWIXxsA,development,3
30,14199,62202,E-9nLXk0taM,UCEUE5XgDTMltZBgBmsfpXSQ,development,4
30,14200,62208,TsdgmZmjhls,UCckltLEhFLv8Xz_lQhYfwmg,development,1
30,14201,62210,d8kA5K1sMgA,UCxyOEiDidNJQGoMJXjOVW7A,development,2
30,14202,62212,_7JMro7URsM,UCbXOp0vy6lljqmeaY6k4PjA,development,3
30,14203,62213,nu9oCMJ60xQ,UCzQ0nw7uz0dRcO5VKzDwmlQ,development,3
30,14204,62215,XyCWyMeIMOM,UCEWXUrJx9ufOtbQH5VRoVzg,development,4
30,14205,62216,Z39JsliLnDw,UCLuP7ROjaueiuNbzrvPqXSQ,development,3
30,14206,62220,SJ-HMTMsi84,UCbS_glb2N1NVTrDLVryRbng,development,4
30,14207,62224,5rtGP5rR1jE,UC_nFt7ialY-bZ-nUFwzY_hg,development,1
30,14208,62232,KuaSs0LZIf4,UCFuygvMWDiyNyxxFe347H9w,development,4
30,14209,62233,D6WogngB4-o,UC3bDumjXNsq2ixYkUT7wT_g,development,3
30,14210,62236,-rlACNdl8yk,UCgnFSj7jQffD5V5m05j4dPw,development,5
30,14211,62243,m8Fq1IYFW9k,UC12Ujt77-UFGXPAalKwuXDg,development,2
30,14212,62245,AYODzYorjbE,UCcg4tDKgPLIc_x3lhWdogLg,development,4
30,14213,62247,jTG6NLJv6C8,UCCK3OZi788Ok44K97WAhLKQ,test_reserved,
30,14214,62255,t-5jWISLBTQ,UCCK3OZi788Ok44K97WAhLKQ,test_reserved,
30,14215,62263,L-85LNkDIP0,UCaESx7Bdghv_UICcG1hBkcg,development,2
30,14216,62271,YUe-1kqUAgM,UCCK3OZi788Ok44K97WAhLKQ,test_reserved,
30,14217,62277,I5wsnI3rvLI,UCckltLEhFLv8Xz_lQhYfwmg,development,1
30,14218,62279,vFzDQEA7M74,UCckltLEhFLv8Xz_lQhYfwmg,development,1
30,14219,62301,lKGaEEHb7nI,UCQxYcvX5hnGJvuTFzKng-Vg,development,2
30,14220,62305,yfB5KZ2AvUQ,UC8U5Mgl9nbkm5vOJ0SMtQgA,test_reserved,
30,14221,62306,dc268JxQCLs,UCAH7R88V7gz7RqJv78nNOzg,development,3
30,14222,62311,-SnrIPHsdWg,UCXSus5Zss-0FP1quj0Mpndw,development,5
30,14223,62316,xTKCPvaLsMo,UCq0hVW_G5kWt2ocLhbjOtGg,development,2
30,14224,62317,1n29LEv1II8,UCjm7vbOwssao7Bhm9wX3-bw,development,3
30,14225,62322,fSi-d_XB5bQ,UCnMFUg-Toi1mIknvElW9mUQ,development,2
30,14226,62326,tjFlvymCZUk,UCCbm1E52PV05ZLv6dtRB92Q,development,5
30,14227,62339,0eF3u49Oxc8,UCcijXxFzSXgoM6q9cCtT9PA,development,2
30,14228,62349,eN_GT1rbrCs,UClmcdMeyewoxHEYb2XDjhJw,development,5
30,14229,62355,MOfbXQN6a2k,UC58y6NhWQ_IkAUJdYqtmtQg,development,5
30,14230,62360,xXIBw_j5hJ0,UCckltLEhFLv8Xz_lQhYfwmg,development,1
30,14231,62363,0a48hxpXZZw,UCdgWTRipbTuQsIiiPb6fB-A,development,5
30,14232,62364,ov0Xev8fKlg,UCEuz_HGv5er0LZsztjO4g5Q,development,5
30,14233,62368,Zw5WlaX1u7s,UCckltLEhFLv8Xz_lQhYfwmg,development,1
30,14234,62370,rFtjSTBYGWE,UCAH7R88V7gz7RqJv78nNOzg,development,3
30,14235,62371,jA-yVNtGS5U,UCc30sTBdN9LRSxEuHaXV_bQ,test_reserved,
30,14236,62384,9LPIsMgveEc,UCcijXxFzSXgoM6q9cCtT9PA,development,2
30,14237,62385,gunXf8zGuDk,UCLA8Ovy_NPAwMWvr8IEDquw,development,4
30,14238,62390,guzja2Bxkt8,UCgnFSj7jQffD5V5m05j4dPw,development,5
30,14239,62393,T6YyiCy_RJc,UCgnFSj7jQffD5V5m05j4dPw,development,5
30,14240,62394,nAfh_8jYp_8,UCCK3OZi788Ok44K97WAhLKQ,test_reserved,
30,14241,62396,-iNheWhvOz0,UCckltLEhFLv8Xz_lQhYfwmg,development,1
30,14242,62402,_xV6ldhqhlM,UCWO2tL69FZ9ckckHcAa18Ug,development,4
30,14243,62404,JhdTBdiGrTI,UCrVFS_0PdV7AwyTgR13IcVg,test_reserved,
30,14244,62405,eT3Sk3SK5mI,UClyD0kAmF2WdnI-KsR3pBIA,development,5
30,14245,62409,2HnUQ8tX2Yo,UCDqFysWGVtduHRyawK8oJkw,development,5
30,14246,62410,M5aK2-mxeBE,UCCK3OZi788Ok44K97WAhLKQ,test_reserved,
30,14247,62417,4E721P991Wg,UCckltLEhFLv8Xz_lQhYfwmg,development,1
30,14248,62420,V9vDsYzLgLI,UCS5U8OTQXzQXMET3NcRguWQ,development,1
30,14249,62425,rTzIXrj3CTU,UCl5xacxsAhltNGtiMktd_Sg,development,4
30,14250,62428,NP9Job4rsx8,UCckltLEhFLv8Xz_lQhYfwmg,development,1
30,14251,62430,th69v2uIeAE,UCOtYyt7W5PmPnwQjWWF_Z-Q,development,3
30,14252,62432,tgJTz3lEtLI,UCvLsvfgY-hbGDtOi2udm4Gg,development,4
30,14253,62437,6xPB7cfuRD4,UCcijXxFzSXgoM6q9cCtT9PA,development,2
30,14254,62441,M-P-fHF-6ws,UCcijXxFzSXgoM6q9cCtT9PA,development,2
30,14255,62444,aPQOgyT6QvY,UCbRbdFTihZZCq8r5-bQa0sA,test_reserved,
30,14256,62446,Fx-PV5_wjnc,UCfctDMDRq0cS1N8ddyvLfAg,development,4
30,14257,62447,YCPXvEtCcmw,UC-GRFwciK7JiP8T4tl0pftQ,test_reserved,
30,14258,62451,qRo4h74_Zkk,UCbS_glb2N1NVTrDLVryRbng,development,4
30,14259,62457,wly7b4JjeHA,UCckltLEhFLv8Xz_lQhYfwmg,development,1
30,14260,62459,rSRuLJlFl70,UCF11-Puqxb0jdeWNc7F_Fcw,development,2
30,14261,62469,m7nBfDCdwxA,UC1YGPDtctHGJWW0NrlQVklw,development,5
30,14262,62476,MT-vMZh2MlI,UCgnFSj7jQffD5V5m05j4dPw,development,5
30,14263,62477,lQYOs5g79mw,UCQTcNhAZidy1i9wwmdgf2Lw,development,4
30,14264,62479,RkGfAcJ-SMA,UCJEbxceR8FFUcZU0Ez83lPQ,development,4
30,14265,62482,UJTCncihUxE,UCQxYcvX5hnGJvuTFzKng-Vg,development,2
30,14266,62483,BiuR9REpNCU,UCCbm1E52PV05ZLv6dtRB92Q,development,5
30,14267,62497,ouwdox1Ek1I,UCj66yJ6BRcAD83A7KhIl9lw,test_reserved,
30,14268,62501,oQFej3C1w3I,UCU698FK0A1JkE2VADC4fQlA,development,5
30,14269,62511,O8lMGlW-YTI,UCu3jIK2NBSXc0_YaFqEuIrg,development,2
30,14270,62517,0TGx7x5JQ4U,UCm8I2aLYgPm_gdzw4SSkiGg,development,2
30,14271,62532,EzuP6OHDmW8,UCbS_glb2N1NVTrDLVryRbng,development,4
30,14272,62544,6I_LgQ1eZns,UCPXSUKHTNc1_hnHuj-UiQWQ,development,4
30,14273,62547,Z1QKDNEU0Fo,UCn6YTM3fvYdwCOHpdNJBOeg,development,5
30,14274,62548,bVb9wxspij8,UCFuygvMWDiyNyxxFe347H9w,development,4
30,14275,62552,yjHBLUXQ63o,UCOtYyt7W5PmPnwQjWWF_Z-Q,development,3
30,14276,62553,hDNLPQxs_SU,UClSIhhnuyF8fXtBTpOOTknA,development,2
30,14277,62556,WRGL9lkL5to,UCs7S1q9lLPbNFfKxj_2cLpA,development,1
30,14278,62558,KlYeDxR2QLw,UCOtYyt7W5PmPnwQjWWF_Z-Q,development,3
30,14279,62562,oe7Eqprqc_8,UC28QOqy4nLwECRs65fahlIg,test_reserved,
30,14280,62565,0MieULXlivI,UCCK3OZi788Ok44K97WAhLKQ,test_reserved,
30,14281,62568,AoMMRRFM-IE,UCJeJFkRVgi7gT7ViTxuHHdg,test_reserved,
30,14282,62572,CeH-8ICZc-4,UCcijXxFzSXgoM6q9cCtT9PA,development,2
30,14283,62574,lFnJhyZpwzo,UC_JZSut6C3cNn_5G_imKHWA,test_reserved,
30,14284,62577,NEksF-BwEIM,UCQQ1y9uNU0BrDGnjnmu_a_g,test_reserved,
30,14285,62582,3Q0uG8iHyrw,UCaESx7Bdghv_UICcG1hBkcg,development,2
30,14286,62584,zuWb-GmUIY4,UCOtYyt7W5PmPnwQjWWF_Z-Q,development,3
30,14287,62592,SRg_1EidbyQ,UCOtYyt7W5PmPnwQjWWF_Z-Q,development,3
30,14288,62596,_zwuKRq1U-o,UCcbOsE5_4LEjtQi8X2PFxDw,development,2
30,14289,62598,Jmbj-QHFGHs,UCbS_glb2N1NVTrDLVryRbng,development,4
30,14290,62599,m5qLLtjRyxo,UC5_ZwjhsY8cjQqXvz2wd8vw,development,1
30,14291,62604,rxISwyLKulo,UCPXSUKHTNc1_hnHuj-UiQWQ,development,4
30,14292,62605,2-RMsRKFHK4,UCkC-yhK-WnPNaNslH_LbBWQ,development,2
30,14293,62611,iB7CeGJElGY,UC5uGexidH3WqbErqSX_EGJA,development,1
30,14294,62613,bbZ9yc3t9KU,UCCK3OZi788Ok44K97WAhLKQ,test_reserved,
30,14295,62615,JHmNN2_hf8I,UCxood6HxMjFCIoHa2dRI1Cg,development,3
30,14296,62628,w7r1k6NZywM,UC1BSMzeIFCVLaTI2-l8mJbw,development,2
30,14297,62630,pye2YLFUttM,UCNnL7JQhtBvNZWn9Cg13i2Q,development,1
30,14298,62633,vZqoRMSXBT0,UCkagcQYGoYFuXsUg-ObSL6A,development,5
30,14299,62646,9bnVhUkqB70,UCgnFSj7jQffD5V5m05j4dPw,development,5
30,14300,62647,cvvTUpOVrko,UCM3bQBUJ0PEbgfe9lAw_Y3Q,development,3
30,14301,62648,pXz_ywVID_Y,UCOiMY00_ZLijPF6InrCl0TA,development,3
30,14302,62650,wIswM2CbgqE,UCRB8mrLCcwTPlJOMUy9MDUg,development,2
30,14303,62655,Hv-oHcirEr8,UCJeCtv0jJiNO9xt6R3SuMuw,development,4
30,14304,62656,Ky1KsocyFQM,UCPXSUKHTNc1_hnHuj-UiQWQ,development,4
30,14305,62661,CKH5ZvQwKso,UCt_fUooMgak5Ev6yI08x8IA,development,4
30,14306,62664,ywrfMLNNNBc,UCnMFUg-Toi1mIknvElW9mUQ,development,2
30,14307,62667,rOHskono3W8,UCcspHoBTj_aLhnJLwkMpWHQ,development,3
30,14308,62671,hnh0Su02f5o,UC1hcl0aIr9KtXA-Kiq9itqw,development,3
30,14309,62673,k3QSGzvkQBI,UCXm0FsS7PXy0w5HeOkYMi7Q,test_reserved,
30,14310,62675,iG2jS_uwUcw,UC8qBNfgWRK_WYYGSmmrfgPA,development,4
30,14311,62678,mr91lyoSnC4,UCOiMY00_ZLijPF6InrCl0TA,development,3
30,14312,62684,MfjOeIdIrjw,UCZpPfCxvP6T9rCkDX3tQfOw,test_reserved,
30,14313,62688,6SVMEIBLzPU,UCl5xacxsAhltNGtiMktd_Sg,development,4
30,14314,62692,b6E8KfXnL0o,UCRDDfbYPHX_GUJ4lcQYTc8A,development,2
30,14315,62695,SP2UX3b8UFA,UCXm0FsS7PXy0w5HeOkYMi7Q,test_reserved,
30,14316,62697,aBHGo68mI08,UC5-n2dfksESEt3ATmM6Uujw,test_reserved,
30,14317,62699,-KHMKS8xbKM,UCRDDfbYPHX_GUJ4lcQYTc8A,development,2
30,14318,62706,yfhKpwKVq3A,UC_hR1wSDcKjBRTlKtp6LK1A,development,4
30,14319,62711,sSut-U36v_0,UCgnFSj7jQffD5V5m05j4dPw,development,5
30,14320,62716,RTepJ-qgS_A,UCnkon33rksDXo3qChhTs5Vw,development,5
30,14321,62718,DKb4gMpLdMY,UCCK3OZi788Ok44K97WAhLKQ,test_reserved,
30,14322,62722,_toqJBhRAV8,UCaIc6SgS90ud_RgMSC6hW_w,test_reserved,
30,14323,62723,el5C9gqbP2I,UCV-q7cRK5yFYEFzWuoQOmQQ,development,4
30,14324,62728,xqXee4E6ApE,UCO6Q3ASBv6pPC-wUheZy9mQ,development,4
30,14325,62735,PjBslAlDGJo,UCKehBsKbyWxH9LZlnF9F59w,development,1
30,14326,62737,nlWRPiSqZ2I,UC3sxNugUTDt39PNiE2jsVRA,test_reserved,
30,14327,62745,Ns9KwBsMz3k,UCn0XmAUFv6d2tofMFEesSNw,development,5
30,14328,62751,G_7pT_KXPA4,UCbS_glb2N1NVTrDLVryRbng,development,4
30,14329,62758,n4ip45_yOVw,UCM2bvvJY1u3pRBq1DyUHK1A,test_reserved,
30,14330,62764,jog_oC6iVe4,UCgooj1ufFuOk6GD2jq8CbdQ,development,2
30,14331,62768,RSCIj9Or7-8,UCckltLEhFLv8Xz_lQhYfwmg,development,1
30,14332,62769,T93d_SF_bHs,UCr27vXsqJXYjFy-vepngPWg,test_reserved,
30,14333,62775,4Qg70w4OzbM,UCCK3OZi788Ok44K97WAhLKQ,test_reserved,
30,14334,62776,sHnxoaNetII,UC5-n2dfksESEt3ATmM6Uujw,test_reserved,
30,14335,62781,99gU0z16ZLY,UCaESx7Bdghv_UICcG1hBkcg,development,2
30,14336,62783,h-BSX9vTrpM,UCCQ3mUIQTv2Snhw5Os0Yo5Q,development,3
30,14337,62784,ZI1ieF8o0qs,UCf2Iar2LDcFaSCnVH1ZMUkA,development,4
30,14338,62789,hIt5ytmcTmg,UCnVgagsJoheQm3H5BfPlPlA,development,5
30,14339,62795,2RK2yWDSPxE,UC7di5zivMKpYOmhyhZ2nVvg,development,4
30,14340,62796,0RljelXbYzs,UCMug8JAUI3upsBM5sWwYreA,development,2
30,14341,62797,aai1aP17j50,UCCK3OZi788Ok44K97WAhLKQ,test_reserved,
30,14342,62799,LgBaGmfymTU,UCCK3OZi788Ok44K97WAhLKQ,test_reserved,
30,14343,62800,E23yXRYd9y0,UCaESx7Bdghv_UICcG1hBkcg,development,2
30,14344,62806,49BUCATuHx8,UC1A_9N2Mg0q2LDrfKLWFPSw,test_reserved,
30,14345,62810,Ezk4eTVXWPw,UCoQOQFHBsBAhobpI8NradTA,test_reserved,
30,14346,62819,hVfXng4gmZQ,UC1YGPDtctHGJWW0NrlQVklw,development,5
30,14347,62828,4A6ADPZHZfc,UCVqfoMNwM8SIpL6BMGTZbcA,development,5
30,14348,62838,Ia5StBMPLqU,UCizY5U-GpEdZXFsSbIUIogQ,development,2
30,14349,62844,HjogoXmutmU,UCCK3OZi788Ok44K97WAhLKQ,test_reserved,
30,14350,62853,YagHAravox4,UCckltLEhFLv8Xz_lQhYfwmg,development,1
30,14351,62856,HFTq1cJlELs,UC5Q9lmEDB_pWZdzzLI07eVg,development,1
30,14352,62857,jX_cV6pvVXI,UCdi_7FhJHnS2Zdgh0tMzpmg,development,5
30,14353,62858,kwmgIz2qsTg,UCIoyIVPZEfC2p0dQwAxGiEw,test_reserved,
30,14354,62859,PWcfEUyCtCo,UCm3mXl7hQbHVMxhKaOeEhYA,development,4
30,14355,62862,-TbclBOoMWU,UCbR7juPwtP-bV_w0840ciYQ,development,3
30,14356,62864,glI1DQ9VeHw,UCXfgx23Lw81I4wsCNhdVBgw,development,4
30,14357,62866,caWpzlSD8mo,UCcijXxFzSXgoM6q9cCtT9PA,development,2
30,14358,62876,qQcVzQgvCAI,UC0tV1b7IFEXFUUILF7mAcWw,development,5
30,14359,62885,pkLO4oL3l9Y,UCT83ymyAGm7Gnk_4ifxjxIA,development,4
30,14360,62891,gceA5wVNGZc,UCf2Iar2LDcFaSCnVH1ZMUkA,development,4
30,14361,62892,mgRjAv81oow,UC7-JGEBb4S3an5tS96rlHaQ,development,3
30,14362,62894,Uhx_9GohiYY,UC1YGPDtctHGJWW0NrlQVklw,development,5
30,14363,62898,bd_pVEDVC30,UCVfnhhDIkkBJ_1QyzCqeVDg,development,2
30,14364,62899,qKnc85cGpP0,UC6MkngMDyobFNaXOZR0ukyQ,development,1
30,14365,62900,bCcTMZ9jKdM,UCOtYyt7W5PmPnwQjWWF_Z-Q,development,3
30,14366,62901,xzrjMj4srxo,UCGyG2Xkr4xR73xgQMXNi8_g,development,5
30,14367,62903,ejMOf0kBuZw,UCckltLEhFLv8Xz_lQhYfwmg,development,1
30,14368,62912,OGabd1GRrTY,UCTzr48N2uKbsyKGtdvwEabQ,development,3
30,14369,62915,__7aAAifQP0,UCMxeqmVKOqiqh7V_A3h4gfA,development,2
30,14370,62919,iM4N6a5_u10,UC7y523uvfJhftdgPfC6NHPA,development,4
30,14371,62925,0Z8aK3Yh_e8,UCPXSUKHTNc1_hnHuj-UiQWQ,development,4
30,14372,62929,603KevLsBko,UCBWG_GjopQPckewo1_IvhLQ,development,5
30,14373,62934,5CNfuJiyy9s,UC1BSMzeIFCVLaTI2-l8mJbw,development,2
30,14374,62935,algwQVMEM-A,UCAH7R88V7gz7RqJv78nNOzg,development,3
30,14375,62939,Sx2beea8Bos,UCUzy2Hm-doo9o4bSfXG_CVQ,development,4
30,14376,62940,sNHIHCj5s_g,UCLy64UBR8cH9BPUuf1sM6DQ,development,1
30,14377,62943,MXiFilh4bhk,UCPfU0uygBGutjaaJU5PpEvg,development,2
30,14378,62946,3gtLDl07MO4,UCq3WWAoJj0DOQC3G7ri1cug,test_reserved,
30,14379,62947,5xWoRWXtR-Y,UCxEUUXpOFlVyBC9sf73Isow,development,1
30,14380,62950,6R7kG35zoOo,UCZ-RBSr_ZD-jWWDgZmFyZyw,test_reserved,
30,14381,62953,rsQGNK8BJxw,UCw6-MbidLyoWQlvb9FFz5xQ,development,4
30,14382,62954,iv2gB836VF4,UC6jQt9K_jqnBNtsRf7hXHsA,development,2
30,14383,62956,gqJlyZiAhuM,UCMn4yJDLV2bPWGc5ZOucU1A,development,3
30,14384,62970,gkrQmFG3fh8,UCDhV2dS5kewSaccFl9g66sw,development,3
30,14385,62975,XFK0bKm7f0Y,UC8rcDufKZ3W6CtZU69CtMXg,development,5
30,14386,62976,i-DkvMlu4RE,UC2q8im1fqNqwN0xEtlGwi1Q,development,5
30,14387,62978,KOOCZ8YnY70,UCh1YbG4SC-R5fBxZgMMuRww,test_reserved,
30,14388,62983,LyMK7TrAH2s,UCbS_glb2N1NVTrDLVryRbng,development,4
30,14389,62991,ix4W41Pl4yw,UCmrLu4r89ykOzmtmbAeEklA,development,5
30,14390,62994,-fydvh6AaCY,UC1YGPDtctHGJWW0NrlQVklw,development,5
30,14391,62995,j7DlOYHbMbo,UCskNFH2e4ptFTkgeVmFPNhA,development,2
30,14392,62998,5jq67rmh04g,UC8U5Mgl9nbkm5vOJ0SMtQgA,test_reserved,
30,14393,63000,lvWwEXHVfiw,UCckltLEhFLv8Xz_lQhYfwmg,development,1
30,14394,63010,W_Ls0jIsa30,UCpfrIJXRqOTx2kPVsUytO4Q,development,2
30,14395,63014,Yp3jE8HBiao,UCbS_glb2N1NVTrDLVryRbng,development,4
30,14396,63018,7SUBzVUQr0k,UCcijXxFzSXgoM6q9cCtT9PA,development,2
30,14397,63023,ZHoiioaJbMU,UCs7S1q9lLPbNFfKxj_2cLpA,development,1
30,14398,63024,BWfyDKmkcII,UC1YGPDtctHGJWW0NrlQVklw,development,5
30,14399,63027,cPRCo-soHtg,UCbS_glb2N1NVTrDLVryRbng,development,4
30,14400,63028,O5PChuAe_0M,UCckltLEhFLv8Xz_lQhYfwmg,development,1
30,14401,63031,apwL2QjEx24,UCSmxZt63zt1f3kiBXnwVjNA,development,5
30,14402,63033,ahuidsBUAro,UC5R7F4Mw_ZV1c4tYe4UKLIg,development,4
30,14403,63034,CpIoLPYHGz0,UCRDDfbYPHX_GUJ4lcQYTc8A,development,2
30,14404,63035,her-GFhvlAA,UCVBEe2FrVmZMGbcPX7mNxJw,development,3
30,14405,63044,YzNOJphW-gw,UCAH7R88V7gz7RqJv78nNOzg,development,3
30,14406,63045,L6GPe8hIK7s,UCsU0TSt6Jm_yLlTkZS-FvUw,test_reserved,
30,14407,63049,cNqoIgqjH8g,UC9iMBVTfsZGvgDdOZEputVQ,test_reserved,
30,14408,63051,PLurI-PiDFM,UCcijXxFzSXgoM6q9cCtT9PA,development,2
30,14409,63058,EXXRkyEq-1g,UCCK3OZi788Ok44K97WAhLKQ,test_reserved,
30,14410,63066,pfGQAIFhaJw,UCgnFSj7jQffD5V5m05j4dPw,development,5
30,14411,63069,bDDgIfnfLgg,UCc30sTBdN9LRSxEuHaXV_bQ,test_reserved,
30,14412,63074,BdSjPuOJgEE,UCwoZO_4sCD_Bi6uYDeCa1dw,development,1
30,14413,63076,AKCrfCkvosg,UCgnFSj7jQffD5V5m05j4dPw,development,5
30,14414,63081,HLEaoM7ab8w,UCcbOsE5_4LEjtQi8X2PFxDw,development,2
30,14415,63086,qiHw7ssCamk,UCf2Iar2LDcFaSCnVH1ZMUkA,development,4
30,14416,63088,_ZB8w4Jlzno,UCdJppX3uAMFMvCTuE9qCowg,development,4
30,14417,63097,95fxW1fpeS8,UCCK3OZi788Ok44K97WAhLKQ,test_reserved,
30,14418,63098,B9PjSKjlYEE,UCh9qXeL8eP3Txra2908xksg,development,3
30,14419,63100,EBeC63D5iVQ,UCLNz9bgiJfM3ImTtYDOt8Ew,development,4
30,14420,63111,QM07-8AIwpo,UCmwIKQQjwpjNT8OQ_VZuRfg,development,3
30,14421,63112,zGaWLFjjYaE,UCckltLEhFLv8Xz_lQhYfwmg,development,1
30,14422,63114,oRd5xBi0vcA,UCckltLEhFLv8Xz_lQhYfwmg,development,1
30,14423,63116,3a4p-loVaLA,UCMcaGpzjo0D-d6oSvcg8PtA,development,4
30,14424,63119,sS2VL-mmgZE,UCFuygvMWDiyNyxxFe347H9w,development,4
30,14425,63121,n113lVTbp1E,UCOKg9DR3c0Aa3A9JCvNrzGQ,development,3
30,14426,63123,IouKrtFfQu0,UCCK3OZi788Ok44K97WAhLKQ,test_reserved,
30,14427,63124,3S4XE5ap9ic,UCcijXxFzSXgoM6q9cCtT9PA,development,2
30,14428,63138,VenqHlmOwvI,UCoz7UhbfPFJyljIIV2saR7A,development,3
30,14429,63146,gg2N_xOWmXM,UCrhUdMTs3SrW3N7MBx6MEdg,development,2
30,14430,63152,dzLuLhbqHOI,UC0tV1b7IFEXFUUILF7mAcWw,development,5
30,14431,63156,3_O_IG0iKbc,UC0nMJ3QNryBHZpy1P3Wamwg,test_reserved,
30,14432,63161,_TMimkiKiMQ,UCZNreSxdvd50nzMz5zkXg4w,development,5
30,14433,63165,HSfAvUHbKCQ,UCckltLEhFLv8Xz_lQhYfwmg,development,1
30,14434,63177,Xwx4bhVAzK4,UC67FGllWTleuqXc5uxE0aJg,development,1
30,14435,63178,PQHeHG6QDJE,UCx7lEnwLHxO9yPjOotGb-bA,development,2
30,14436,63179,z0_IIDpZYLU,UCpRgfr4_Eax0HHa2rwkRQ2w,development,1
30,14437,63181,V1LBQq9XDO4,UCr5BVR_ePEz_9V-KF5rSEmQ,test_reserved,
30,14438,63184,D2AF0618g6Q,UCwt4zdWrmnBpglCHb1ArREA,development,4
30,14439,63189,NfXaXHSPVzw,UCckltLEhFLv8Xz_lQhYfwmg,development,1
30,14440,63191,exY92kNSWL8,UCqShCHSDvCBKDN_GAsnLJmQ,development,5
30,14441,63194,quNgpjwj-rQ,UCQTcNhAZidy1i9wwmdgf2Lw,development,4
30,14442,63204,7hU_eD5QtDg,UCqODKKfku8auksmekzE6X0Q,development,3
30,14443,63206,BOoOD5wO0M4,UCqrqt9Egbp4Voh3iEUUoorw,development,3
30,14444,63208,eku06lxFXqg,UCfQfw--8dPGypR7sGcXJz0w,development,5
30,14445,63213,3ip76_PlJ1k,UCckltLEhFLv8Xz_lQhYfwmg,development,1
30,14446,63215,0oRVoR_dr2U,UCaESx7Bdghv_UICcG1hBkcg,development,2
30,14447,63224,_52ouMJEKwQ,UCJldNcTDOhcfgXJqAj-rN7A,development,1
30,14448,63235,fVMU9kFDurg,UCWLLcchNMCl8I5cGAMQYdpA,development,3
30,14449,63237,lYpNwklBfaA,UCZ6MS5ygBzz25PnSMaAw8PA,development,3
30,14450,63258,PYCy521g708,UCcg4tDKgPLIc_x3lhWdogLg,development,4
30,14451,63259,HH6FOB5pTyk,UCtEz7PSfmMS8lL1tzI3k9ZA,test_reserved,
30,14452,63264,iud2y-Sn3FE,UCcijXxFzSXgoM6q9cCtT9PA,development,2
30,14453,63273,Hjvl5AbhXFY,UC1IwzRoyy-eroP1ZbQxXxag,development,5
30,14454,63277,Tt9icA_d4mc,UCol1SzfebXhRo0ltxOJZ9cg,development,2
30,14455,63282,QFMR1qOibBA,UCR6bwkq2RbGG12zWqD9YRvw,development,3
30,14456,63284,wcAPvhiMhAM,UCV9cn7kAjTi6nMKVKIuwoDw,development,1
30,14457,63286,gs4Fz53Xj8o,UCbS_glb2N1NVTrDLVryRbng,development,4
30,14458,63291,-xPS3y5hWC4,UCjM-a_T7cY_nR7NbPpV_vvg,test_reserved,
30,14459,63292,Xf3JCnsZMgw,UC8ADWM4kdxtzzoDH3JI5hSg,test_reserved,
30,14460,63294,ttW_yKpVaZk,UCc30sTBdN9LRSxEuHaXV_bQ,test_reserved,
30,14461,63298,tfOPzc2BIyc,UCqrqt9Egbp4Voh3iEUUoorw,development,3
30,14462,63299,ODq9lVkekQM,UCs_mHlm5_C82W5WCIJaSMbQ,test_reserved,
30,14463,63305,zI995P-OZCw,UC944GuW0gSM0srEsZSZRQEQ,development,1
30,14464,63306,eHEGSnx2MxM,UCcijXxFzSXgoM6q9cCtT9PA,development,2
30,14465,63313,3DZQrKHkRJ4,UCu3jIK2NBSXc0_YaFqEuIrg,development,2
30,14466,63315,xNXaXFT_5ow,UCbS_glb2N1NVTrDLVryRbng,development,4
30,14467,63325,yneqbMAZ2IE,UCc30sTBdN9LRSxEuHaXV_bQ,test_reserved,
30,14468,63330,885-gLWLZq4,UCcbOsE5_4LEjtQi8X2PFxDw,development,2
30,14469,63333,sqZZdE43D_c,UCCK3OZi788Ok44K97WAhLKQ,test_reserved,
30,14470,63342,MMnRXg60S5E,UCRDDfbYPHX_GUJ4lcQYTc8A,development,2
30,14471,63343,4bS3DqgQK2A,UCQTcNhAZidy1i9wwmdgf2Lw,development,4
30,14472,63350,jIDDleAUZ78,UCtbtihatpVC4YkcNvP6v4Vg,development,3
30,14473,63352,uMnEOfmRWrw,UCCK3OZi788Ok44K97WAhLKQ,test_reserved,
30,14474,63353,Ig63FLCxPtU,UCVT0oyk43r5fTjf6NBwnzmg,development,1
30,14475,63359,AMO4xR8haXQ,UCr5BVR_ePEz_9V-KF5rSEmQ,test_reserved,
30,14476,63364,2hqC0AEaNG8,UCtnFdFtN_fDK-xHkgGtgloA,development,2
30,14477,63365,b6igRxQH5q8,UCf2Iar2LDcFaSCnVH1ZMUkA,development,4
30,14478,63368,BoscmnvRruY,UCVBwpXexP8VjccZE6ohzTAQ,development,2
30,14479,63369,QXdTnRv0qSM,UCFuP4DmMM9LZOMoa86vsZig,development,4
30,14480,63372,n-HFP4plkNI,UC1YGPDtctHGJWW0NrlQVklw,development,5
30,14481,63376,yh6UwJP6zzY,UCMNaxF22tMr_rcNI5fkUkYw,development,4
30,14482,63378,cQReYGnBhFI,UCcbOsE5_4LEjtQi8X2PFxDw,development,2
30,14483,63382,BFI0_yNtXWc,UCaCnmd0sVADrw8228hCBnlA,development,4
30,14484,63385,hkMFGCK5kzY,UCM19g5ow7vLXDTYx_j9Z7VQ,test_reserved,
30,14485,63400,S_H7hup7eP8,UC6TYUtPYJLIcKIf03AtMvIg,development,5
30,14486,63403,_1EJXRv-Nz8,UCk9rCWBVk23wsL3e0QTPrdQ,development,2
30,14487,63407,Zd5vf1Yair4,UCRDDfbYPHX_GUJ4lcQYTc8A,development,2
30,14488,63408,n_1nxwswkS0,UCaIc6SgS90ud_RgMSC6hW_w,test_reserved,
30,14489,63410,Zw924YTRM90,UC3cLeuBcLQ2vwEbVfdlfXyg,development,5
30,14490,63411,LZtAN2ickLI,UCq3WWAoJj0DOQC3G7ri1cug,test_reserved,
30,14491,63417,Cyn48j-3GO8,UCqZllVQ6lt8QJtUrnQ5Fzzw,development,1
30,14492,63434,NR7FUc5Jxls,UCjSPtKPtRTj4b-vaT5qB20g,development,1
30,14493,63439,GPkoxXxUE_Y,UCCK3OZi788Ok44K97WAhLKQ,test_reserved,
30,14494,63440,KhR9ZoDbK74,UCRDDfbYPHX_GUJ4lcQYTc8A,development,2
30,14495,63442,Inmmf1FVAr8,UCiPqzkmX93ta8vFwMVS81oQ,development,3
30,14496,63452,iwjLbVeSnmY,UCckltLEhFLv8Xz_lQhYfwmg,development,1
30,14497,63454,IXRIR51c_xY,UCcijXxFzSXgoM6q9cCtT9PA,development,2
30,14498,63455,I13rGaxKq6w,UCbS_glb2N1NVTrDLVryRbng,development,4
30,14499,63456,jNYFXfmLP8g,UCFdCT7ZJCc9ax1yAqDCQPaA,development,5
30,14500,63462,uFaBXezGu88,UC4Pb9SEsCb1EpsXVYAVVajw,test_reserved,
30,14501,63469,0rM35DT1Z2c,UC6jQt9K_jqnBNtsRf7hXHsA,development,2
30,14502,63481,suf9QkTPwOU,UCQTcNhAZidy1i9wwmdgf2Lw,development,4
30,14503,63483,Z-7f68W3JWU,UCfhaqrwhwneNyXuuB_BXqng,development,4
30,14504,63486,qDLRzhI-cjI,UCrGUmgtSfZTAyiTUwAhr2jQ,development,3
30,14505,63487,noBsSiIiGZY,UCCK3OZi788Ok44K97WAhLKQ,test_reserved,
30,14506,63489,Gwe-3Cn7a3k,UCCK3OZi788Ok44K97WAhLKQ,test_reserved,
30,14507,63491,KBH3rN4sP3E,UCgnFSj7jQffD5V5m05j4dPw,development,5
30,14508,63497,mZ-haLoHNBc,UCCK3OZi788Ok44K97WAhLKQ,test_reserved,
30,14509,63500,atn4GrPtaYA,UCXm0FsS7PXy0w5HeOkYMi7Q,test_reserved,
30,14510,63511,VeZCw9YmzCE,UCc30sTBdN9LRSxEuHaXV_bQ,test_reserved,
30,14511,63512,z_ywU2Vt-Tg,UCh9qXeL8eP3Txra2908xksg,development,3
30,14512,63514,tn9utLchMAw,UCckltLEhFLv8Xz_lQhYfwmg,development,1
30,14513,63515,efkpIcjFSGs,UC8lKgUHo-2mSR5cRRXO9xow,test_reserved,
30,14514,63524,2XFi21l-Ngc,UC1CkcuwxCW_dIchuR0tTCJw,development,4
30,14515,63529,pLlRx_-64Yk,UCRDDfbYPHX_GUJ4lcQYTc8A,development,2
30,14516,63531,-79z6Tld_UQ,UCcijXxFzSXgoM6q9cCtT9PA,development,2
30,14517,63532,-9xEo2lovVk,UCc30sTBdN9LRSxEuHaXV_bQ,test_reserved,
30,14518,63546,xqZWmbm-XSs,UCckltLEhFLv8Xz_lQhYfwmg,development,1
30,14519,63549,QqDuijJeO1I,UCAH7R88V7gz7RqJv78nNOzg,development,3
30,14520,63553,2s_BFOAiHNw,UCckltLEhFLv8Xz_lQhYfwmg,development,1
30,14521,63554,yR1M4aOBggk,UCJldNcTDOhcfgXJqAj-rN7A,development,1
30,14522,63557,MUrtOa-WGfI,UCrhkgHTUdZXbCd69TNuQuMg,development,4
30,14523,63560,HMHr1-ssM3s,UCf2Iar2LDcFaSCnVH1ZMUkA,development,4
30,14524,63571,SJO4qHbAzZQ,UC7mhtAaF1ESJgCozpoS2lcQ,development,3
30,14525,63573,0O8TnAVGxk4,UCy-3y3BEH8dFhPsNEnO74Vg,development,5
30,14526,63574,kRxXN_sE1-o,UC1YGPDtctHGJWW0NrlQVklw,development,5
30,14527,63576,o3GlINfMSws,UC1YGPDtctHGJWW0NrlQVklw,development,5
30,14528,63583,EaETlIgLeZA,UCbS_glb2N1NVTrDLVryRbng,development,4
30,14529,63585,HO4OOGeh_f0,UCm8I2aLYgPm_gdzw4SSkiGg,development,2
30,14530,63586,GRGd2u_Tlkc,UCc30sTBdN9LRSxEuHaXV_bQ,test_reserved,
30,14531,63589,kkaN7q3JNuo,UCqrqt9Egbp4Voh3iEUUoorw,development,3
30,14532,63600,DcGYpR4sWno,UCbR7juPwtP-bV_w0840ciYQ,development,3
30,14533,63602,5LHubIZ25Vw,UCznA5qS3mGHG_l9LrEI22zw,development,1
30,14534,63608,JPTgS6hGfTM,UCCK3OZi788Ok44K97WAhLKQ,test_reserved,
30,14535,63614,UP7DdVWhSj8,UCQTcNhAZidy1i9wwmdgf2Lw,development,4
30,14536,63619,Ql3UWs8z4vw,UCRDDfbYPHX_GUJ4lcQYTc8A,development,2
30,14537,63632,PkMZI1VSiOY,UCKtTr5Klw1Sh1oYz27Fdbxg,development,2
30,14538,63633,mwg3CU32Anw,UCcijXxFzSXgoM6q9cCtT9PA,development,2
30,14539,63636,L_-n0wy4RJc,UCE_HRkZMtXQvjnCrM0aSjCQ,development,5
30,14540,63644,5ZyktvtPX1Y,UCIKg0Ev6Vq2M7hU7bL_jHFQ,development,3
30,14541,63648,MQIMSCNHMMs,UCAH7R88V7gz7RqJv78nNOzg,development,3
30,14542,63651,EHJh-AUu7VU,UCbS_glb2N1NVTrDLVryRbng,development,4
30,14543,63654,DvlHv5d-gzY,UCqrqt9Egbp4Voh3iEUUoorw,development,3
30,14544,63658,ftcqeii7GOw,UCrHp7_wVE4B6jcUNMwBXZRw,development,1
30,14545,63661,pzr1ATI2Dn8,UCn0XmAUFv6d2tofMFEesSNw,development,5
30,14546,63667,-AhKwZZa998,UCgnFSj7jQffD5V5m05j4dPw,development,5
30,14547,63668,tTHhQnl5bOE,UCgnFSj7jQffD5V5m05j4dPw,development,5
30,14548,63680,kYhbOyjmu-k,UCgnFSj7jQffD5V5m05j4dPw,development,5
30,14549,63686,6ubdXUkJm8U,UCMEXwFurMItX0u1yit-UrAw,development,5
30,14550,63687,pbV6eTvvJgA,UCvZ8sPFxYngz2JN3DG93fOw,development,4
30,14551,63690,PFI7oHNQJ84,UCgwh9BV2dh6VFO7MxL36iNw,test_reserved,
30,14552,63693,9rJGPtHcTQM,UCUxrelp7FHiIj9SNfzWdh_A,development,5
30,14553,63695,ICJgrExh55I,UCweDTnElSgujDbt3yoNTx4g,development,2
30,14554,63701,SD7O9-eRNA8,UCcg4tDKgPLIc_x3lhWdogLg,development,4
30,14555,63702,-vyGJyqX1H8,UCTO9f5qKoCLHF21OLaROdEA,development,5
30,14556,63712,k-V3FWiJTdU,UCXFiIVHYqQmgpmIi7KChMkQ,development,1
30,14557,63713,QN_Qd6VSO5U,UCcg4tDKgPLIc_x3lhWdogLg,development,4
30,14558,63716,etnWzeUFh-M,UCol1SzfebXhRo0ltxOJZ9cg,development,2
30,14559,63719,N5LSNyZdo0s,UCnkon33rksDXo3qChhTs5Vw,development,5
30,14560,63722,V3lkteEPVes,UCCK3OZi788Ok44K97WAhLKQ,test_reserved,
30,14561,63724,JrVoEbQHF4E,UCvcVb1fcd-asMSL6-CeOgNw,development,1
30,14562,63728,8arXerDreqo,UCcg4tDKgPLIc_x3lhWdogLg,development,4
30,14563,63729,IOVky8IZcas,UCRjMnDOSBcoYlWHFLcHJAKA,test_reserved,
30,14564,63733,Zwn7Ud2FhH0,UCgnFSj7jQffD5V5m05j4dPw,development,5
30,14565,63736,cBlQ-35jMZ8,UCLuP7ROjaueiuNbzrvPqXSQ,development,3
30,14566,63741,qgD6PtaMfGI,UC1GBN6Ujq_d9f5Kot0YZVEA,development,2
30,14567,63745,5EWuUufjGYs,UCgnFSj7jQffD5V5m05j4dPw,development,5
30,14568,63748,OnELA8SN8Ko,UClcIQJ6q-HsROoyWms8B8tg,development,1
30,14569,63752,4boJPIbfMU4,UCaESx7Bdghv_UICcG1hBkcg,development,2
30,14570,63755,SL4yyPF2rGE,UCsU0TSt6Jm_yLlTkZS-FvUw,test_reserved,
30,14571,63756,vVg3tvcPvzM,UCckltLEhFLv8Xz_lQhYfwmg,development,1
30,14572,63762,GZSLqJFi5Ck,UCgnFSj7jQffD5V5m05j4dPw,development,5
30,14573,63765,6HGmSj2AtSI,UCckltLEhFLv8Xz_lQhYfwmg,development,1
30,14574,63768,x2pdL8iHB3E,UCCK3OZi788Ok44K97WAhLKQ,test_reserved,
30,14575,63781,QYK7VwZPynQ,UCsCp9NfFhRhL6DvDjWtAweg,development,1
30,14576,63783,-3rvRqoPfKA,UClSIhhnuyF8fXtBTpOOTknA,development,2
30,14577,63789,gPrJDfm5aH4,UCB1peLqwO8xdVLp_v3qjDmQ,development,1
30,14578,63791,cXx5B3OvJJE,UC7di5zivMKpYOmhyhZ2nVvg,development,4
30,14579,63792,KN3HJG_G5Js,UCgnFSj7jQffD5V5m05j4dPw,development,5
30,14580,63795,9kIH5Z_LL_w,UCHZ6l32mEskYLDm1OkjFO3g,development,5
30,14581,63796,g0JtVgkVM1Q,UCckltLEhFLv8Xz_lQhYfwmg,development,1
30,14582,63797,KEKE19uAL9o,UCKEKf35apTUvSLs-c1DCekw,development,5
30,14583,63800,A1S1J-DfE7o,UCOtYyt7W5PmPnwQjWWF_Z-Q,development,3
30,14584,63803,JgDktNQGbYE,UCBQ_5txpN9srcPmkpJytDvw,development,3
30,14585,63804,4Kmfk_KViIE,UCGN3TM5lZQ1DAvMwI1LIc8Q,test_reserved,
30,14586,63805,z08EFV9Nneo,UCtIXoHZjzjT7HehPh6Eru2Q,development,1
30,14587,63817,jj9IRnhrrj8,UCJhdo2Kg29_EZwNPvlhzIFg,development,2
30,14588,63821,O-Kl-yrtOL8,UCckltLEhFLv8Xz_lQhYfwmg,development,1
30,14589,63823,hOvpFfasTNU,UCTO9f5qKoCLHF21OLaROdEA,development,5
30,14590,63825,x0rNp6RDhbc,UCxyOEiDidNJQGoMJXjOVW7A,development,2
30,14591,63829,hOQqiw9nso8,UCRB8mrLCcwTPlJOMUy9MDUg,development,2
30,14592,63830,oztA_sGq16U,UCOtYyt7W5PmPnwQjWWF_Z-Q,development,3
30,14593,63832,q56RrEbRUHw,UCqrqt9Egbp4Voh3iEUUoorw,development,3
30,14594,63833,163k_FGZNrM,UCgnFSj7jQffD5V5m05j4dPw,development,5
30,14595,63834,jhhilVbQN8Q,UCoQOQFHBsBAhobpI8NradTA,test_reserved,
30,14596,63840,AgcWU0A2tq4,UCckltLEhFLv8Xz_lQhYfwmg,development,1
30,14597,63841,kLhMW7fbpUs,UCFjPN4qKreAn3tB36QMYiRA,development,5
30,14598,63844,Axc5kkyJMyo,UC5-n2dfksESEt3ATmM6Uujw,test_reserved,
30,14599,63845,obDg_PDA4fk,UCXLyL2Fg5DZouTYsYtRT0WQ,development,2
30,14600,63848,8dUgnU9zMjs,UCoZJaxWPeeGKZ6ShK5EsIkA,development,3
30,14601,63856,7zmTX0amGJo,UCOtYyt7W5PmPnwQjWWF_Z-Q,development,3
30,14602,63858,q5I5tOsUAqw,UCc30sTBdN9LRSxEuHaXV_bQ,test_reserved,
30,14603,63861,Ahqyb6DZ138,UCUa0a5l56H0xre3SljFYRgw,development,4
30,14604,63863,eSQg0MDolok,UC2oGrNhMUyWu5yzEJ_j1PMA,test_reserved,
30,14605,63865,p86ves5n2xg,UCqrqt9Egbp4Voh3iEUUoorw,development,3
30,14606,63869,boxdWwyBNjc,UCnT7Z6-yqjhM__jZbK_B3kw,development,3
30,14607,63873,BhMEE5CEqqM,UCcbOsE5_4LEjtQi8X2PFxDw,development,2
30,14608,63874,zzc18yUmf4k,UCqK8Pziw5w_zNPAzQS4lXaA,development,2
30,14609,63877,3svJVWCCdas,UCJc1hbJPvG5f2v8iSPG-3CA,test_reserved,
30,14610,63880,IkdpAipnQto,UC0tV1b7IFEXFUUILF7mAcWw,development,5
30,14611,63891,CNLAbjvfIP4,UCQTcNhAZidy1i9wwmdgf2Lw,development,4
30,14612,63894,D1uea4RRq34,UCaIc6SgS90ud_RgMSC6hW_w,test_reserved,
30,14613,63897,YckJayxvfzM,UCuJmg9Gw1uO-JGVLk9iACDw,development,2
30,14614,63902,9Uf4SQTfNoY,UC0OZK8ewkjrXXFwzQLcOXHg,development,4
30,14615,63903,4xXtXNPdjmw,UCOtYyt7W5PmPnwQjWWF_Z-Q,development,3
30,14616,63910,egc-8KQMUhw,UCn0XmAUFv6d2tofMFEesSNw,development,5
30,14617,63914,vwdNSuZHiqE,UCkzFXIie723z4vsYAMsMGsg,development,4
30,14618,63915,VCFZqamuh4E,UCh2Xwe7on2Oa2MBtk8zvEuw,development,3
30,14619,63918,XggCdBagaGM,UCf48pki8AqjBHuV80LcC7kA,test_reserved,
30,14620,63924,A6urXt-lYfA,UCn0XmAUFv6d2tofMFEesSNw,development,5
30,14621,63926,MKagQpbfY9E,UC28E5W1CJPbQxAQl9tFfzTA,test_reserved,
30,14622,63927,Ik_eSyD54JA,UCVjyzr_EOtJLtLF_3VKfrWQ,development,2
30,14623,63928,OqhcrxmC2bM,UCgnFSj7jQffD5V5m05j4dPw,development,5
30,14624,63930,cs25ajkoDnw,UCVjyzr_EOtJLtLF_3VKfrWQ,development,2
30,14625,63934,VveqplbiZxM,UCWBGcCHKv85MuFwgax4oc9w,development,4
30,14626,63945,X0raMTCLVHQ,UCckltLEhFLv8Xz_lQhYfwmg,development,1
30,14627,63946,PLC124WzmYU,UCgnFSj7jQffD5V5m05j4dPw,development,5
30,14628,63949,RlkZrZWMlVI,UCuJmg9Gw1uO-JGVLk9iACDw,development,2
30,14629,63956,frTLFaFaX_0,UCAH7R88V7gz7RqJv78nNOzg,development,3
30,14630,63962,Q_gD5DQEFng,UCckltLEhFLv8Xz_lQhYfwmg,development,1
30,14631,63967,T5lzATxch_Q,UCbS_glb2N1NVTrDLVryRbng,development,4
30,14632,63969,hiU2PTr6bt8,UCA2bFNmvfzZLOIAvPwNQgPQ,development,2
30,14633,63975,0HU8Vz7M9LY,UCaQToYnvq0GFQ-ZI9XlBMUQ,development,5
30,14634,63980,SgzHwbkE4gc,UCckltLEhFLv8Xz_lQhYfwmg,development,1
30,14635,63982,eth23Slmgqk,UCcijXxFzSXgoM6q9cCtT9PA,development,2
30,14636,63983,LoL2wGQszfw,UCckltLEhFLv8Xz_lQhYfwmg,development,1
30,14637,63990,n2boVwiU4HY,UCckltLEhFLv8Xz_lQhYfwmg,development,1
30,14638,64000,F1zwP4THCDk,UCPXSUKHTNc1_hnHuj-UiQWQ,development,4
30,14639,64002,VzYpeqP2ps8,UCckltLEhFLv8Xz_lQhYfwmg,development,1
30,14640,64006,Sd3gXwpNBu4,UCmGMChEd9jBucufrWcpk3Ew,development,3
30,14641,64010,mAMozyltVOY,UCM3bQBUJ0PEbgfe9lAw_Y3Q,development,3
30,14642,64015,I3O-2uUXDsk,UCgnFSj7jQffD5V5m05j4dPw,development,5
30,14643,64017,LN_tQ_iQZc0,UCckltLEhFLv8Xz_lQhYfwmg,development,1
30,14644,64020,ee0PaHCQQ9Y,UCckltLEhFLv8Xz_lQhYfwmg,development,1
30,14645,64025,n4kc-7yqJ4A,UCckltLEhFLv8Xz_lQhYfwmg,development,1
30,14646,64030,rLqdLrea5ts,UCrmzxiCDMV3hI56E9nYy-4A,development,4
30,14647,64033,OOVTrhnSmqk,UCoe7M9QIuCkZ3R0JEqIIBAA,test_reserved,
30,14648,64035,O6b8v533As8,UCbS_glb2N1NVTrDLVryRbng,development,4
30,14649,64040,kdfOkN9aS6Q,UCSmxZt63zt1f3kiBXnwVjNA,development,5
30,14650,64043,oWP4CIvytnc,UCOlFGTtYOtyBMV-qwZjmgyA,test_reserved,
30,14651,64044,zrrARNZxtDM,UChwjz-THeefGm2mSbYB37Wg,development,3
30,14652,64054,izThGc-494Y,UCRDDfbYPHX_GUJ4lcQYTc8A,development,2
30,14653,64058,an5F9LnF4ro,UCfVmYgJP_bBt00lLtPGsbcQ,development,4
30,14654,64062,gIdvt8SlSrE,UCQTcNhAZidy1i9wwmdgf2Lw,development,4
30,14655,64067,go_qCzH4zHc,UCckltLEhFLv8Xz_lQhYfwmg,development,1
30,14656,64068,eOfgaMe-vVk,UCckltLEhFLv8Xz_lQhYfwmg,development,1
30,14657,64075,z2d7pLnJ3vw,UCAH7R88V7gz7RqJv78nNOzg,development,3
30,14658,64076,5T0g8_-rOg4,UCRDDfbYPHX_GUJ4lcQYTc8A,development,2
30,14659,64087,qWE51Oqp890,UCsLoRcb3FvB-uK3F1_zqXbw,development,1
30,14660,64104,tGssRIKDgVk,UCCK3OZi788Ok44K97WAhLKQ,test_reserved,
30,14661,64107,xvW4Yk1HBtw,UCcijXxFzSXgoM6q9cCtT9PA,development,2
30,14662,64108,vZw9Xib539g,UCcijXxFzSXgoM6q9cCtT9PA,development,2
30,14663,64111,zVy__DTm0rM,UCQTcNhAZidy1i9wwmdgf2Lw,development,4
30,14664,64112,qKQJhNEF6aQ,UC2oGrNhMUyWu5yzEJ_j1PMA,test_reserved,
30,14665,64113,WpjnEGw-rUo,UCRDDfbYPHX_GUJ4lcQYTc8A,development,2
30,14666,64124,UYcTV5nObEM,UCPXSUKHTNc1_hnHuj-UiQWQ,development,4
30,14667,64136,ShMc1g7hC00,UCmGMChEd9jBucufrWcpk3Ew,development,3
30,14668,64139,3iF_eOjlY38,UC_YTN_LVEtt1Ff8ZBLN67ow,test_reserved,
30,14669,64143,3SNKWHPGqHw,UCwt4zdWrmnBpglCHb1ArREA,development,4
30,14670,64145,qZCAiP_sbz0,UCrbE4N-InR83YqBZtOmGKug,development,5
30,14671,64148,brDOP4-FE5c,UCgnFSj7jQffD5V5m05j4dPw,development,5
30,14672,64154,Bllvf_DWOUc,UCRDDfbYPHX_GUJ4lcQYTc8A,development,2
30,14673,64159,qPIdw2cUpCI,UCiP6DUi_wjUMfc4bo0yIusQ,development,2
30,14674,64163,JY58BS3-3FE,UCRDDfbYPHX_GUJ4lcQYTc8A,development,2
30,14675,64167,dlprhIpl4Ok,UCIKg0Ev6Vq2M7hU7bL_jHFQ,development,3
30,14676,64184,knHbfEmJf9s,UCOHyRrRuD2zGCkpuCAlyOyA,development,3
30,14677,64185,0us4y2gWe4I,UCxEUUXpOFlVyBC9sf73Isow,development,1
30,14678,64187,ZVVfPFjQbts,UCckltLEhFLv8Xz_lQhYfwmg,development,1
30,14679,64188,WVB3ZNXdElQ,UCCK3OZi788Ok44K97WAhLKQ,test_reserved,
30,14680,64194,mQwRKfFwxCc,UCl8Yel7dn0_zNl2O6bUP2tQ,development,2
30,14681,64205,9UsBORF6IKs,UCRTwsLyPJ7G88Dkq7Cy0ktw,development,2
30,14682,64206,r41WBN2eQnw,UC0MnP2Iso6enxaJTBZ3_nJw,development,4
30,14683,64222,_K0M1fZwW6w,UCckltLEhFLv8Xz_lQhYfwmg,development,1
30,14684,64224,5MrJqP3OD9s,UCAH7R88V7gz7RqJv78nNOzg,development,3
30,14685,64228,O38s9YcpE5w,UCckltLEhFLv8Xz_lQhYfwmg,development,1
30,14686,64230,DURJZPx9AQY,UCgnFSj7jQffD5V5m05j4dPw,development,5
30,14687,64231,w9iPDm7v0GU,UChoLplNa4k4Yao2jFreT50w,development,5
30,14688,64236,nVuNSzZkCMg,UCbS_glb2N1NVTrDLVryRbng,development,4
30,14689,64238,VcLY3ZJ_3Rs,UCIoyIVPZEfC2p0dQwAxGiEw,test_reserved,
30,14690,64246,UGaut6y0TXQ,UCQTcNhAZidy1i9wwmdgf2Lw,development,4
30,14691,64252,yRUOJRabOgw,UCsFJW4hPOuBZS486UwG2dPQ,development,4
30,14692,64257,eC70o0pONEw,UCapSewg41BjoMmTqRjJvXPg,development,5
30,14693,64259,2nGaQb3NfDw,UC1YGPDtctHGJWW0NrlQVklw,development,5
30,14694,64261,hl4DzPjTilw,UCcijXxFzSXgoM6q9cCtT9PA,development,2
30,14695,64262,EL1_EED9bxE,UCgnFSj7jQffD5V5m05j4dPw,development,5
30,14696,64263,7um8F-SX8_o,UCFdCT7ZJCc9ax1yAqDCQPaA,development,5
30,14697,64271,4gMJiDiet38,UCcbOsE5_4LEjtQi8X2PFxDw,development,2
30,14698,64272,DyYZT6HutNI,UC1hcl0aIr9KtXA-Kiq9itqw,development,3
30,14699,64279,kdbKHHMkNfk,UCbS_glb2N1NVTrDLVryRbng,development,4
30,14700,64280,HVQqD9-lORU,UCPXSUKHTNc1_hnHuj-UiQWQ,development,4
30,14701,64284,Q-KXRgAi3sw,UCLwwxYXhMc1fCIAnaO8nYrQ,test_reserved,
30,14702,64285,1-8fsKuigfc,UCcrsFwwoMvcXYpJ0XldIlVQ,development,5
30,14703,64286,6GUu7Ol_y2c,UCCK3OZi788Ok44K97WAhLKQ,test_reserved,
30,14704,64294,Bl0gSrbdlkA,UCXfgx23Lw81I4wsCNhdVBgw,development,4
30,14705,64299,emTHzRakZZw,UCrVFS_0PdV7AwyTgR13IcVg,test_reserved,
30,14706,64300,ab1PNswUWZ8,UCckltLEhFLv8Xz_lQhYfwmg,development,1
30,14707,64302,bDAMA7SzQnk,UCrG36PjxPG2rgCHXmZEGmvQ,development,4
30,14708,64304,RhZMfcIof8Q,UC1YGPDtctHGJWW0NrlQVklw,development,5
30,14709,64310,mBa0zada9MY,UCCK3OZi788Ok44K97WAhLKQ,test_reserved,
30,14710,64318,x35hRrr4oW4,UCI3Xc02tgvW28O-Rrou3LxQ,development,4
30,14711,64319,B4Pn_okNqs4,UCckltLEhFLv8Xz_lQhYfwmg,development,1
30,14712,64322,BKKBIinkm-I,UCc30sTBdN9LRSxEuHaXV_bQ,test_reserved,
30,14713,64330,Lh_AIAJ3HFE,UCAH7R88V7gz7RqJv78nNOzg,development,3
30,14714,64334,fCjOs7qeFWg,UC4Pb9SEsCb1EpsXVYAVVajw,test_reserved,
30,14715,64337,rCzfId5s3V4,UCZviWuwUI9NuYnQpO9sqLQA,development,1
30,14716,64345,KTY_giHidhs,UCckltLEhFLv8Xz_lQhYfwmg,development,1
30,14717,64347,wIhtQC4k2Xs,UCILFY0DK2vcnnnTAgWrX-xw,development,5
30,14718,64349,lBCShG77doE,UCu_uRk4D5klE6p_SBLVOWaQ,development,3
30,14719,64350,E0CGmH_Rpxc,UCCK3OZi788Ok44K97WAhLKQ,test_reserved,
30,14720,64352,HC73nPHU1_w,UCRB8mrLCcwTPlJOMUy9MDUg,development,2
30,14721,64354,aZ87nGM-zXI,UCDIfBxwQyQY8_qt9BjGnNDw,development,1
30,14722,64366,eMk3XfgWo4U,UCh9qXeL8eP3Txra2908xksg,development,3
30,14723,64367,bKnFogx5YZk,UCckltLEhFLv8Xz_lQhYfwmg,development,1
30,14724,64374,3d3nOnAL5uM,UCgnFSj7jQffD5V5m05j4dPw,development,5
30,14725,64378,R1-ui87TRc8,UCOPqjdQOIF6faslRMEruJmA,test_reserved,
30,14726,64389,XONebT7da5k,UCUYXSaH7gW9DGZHItFsvJ_A,test_reserved,
30,14727,64390,SeNiS3rv_V0,UCCK3OZi788Ok44K97WAhLKQ,test_reserved,
30,14728,64392,PTEDgP1Z4Pc,UC0-UFP1d6OeVtl2VXYSquIA,development,1
30,14729,64401,cmbX5mRzjF4,UCaIc6SgS90ud_RgMSC6hW_w,test_reserved,
30,14730,64405,R_bJrDkF8cs,UCqShCHSDvCBKDN_GAsnLJmQ,development,5
30,14731,64415,OvRhqnzlTro,UCxPYVvthidICJb75llNXktg,test_reserved,
30,14732,64431,idBMoFwoLoQ,UCCK3OZi788Ok44K97WAhLKQ,test_reserved,
30,14733,64435,2937q94UGVA,UCckltLEhFLv8Xz_lQhYfwmg,development,1
30,14734,64439,scl0QBaZugY,UCCK3OZi788Ok44K97WAhLKQ,test_reserved,
30,14735,64441,WzGBbOlohZc,UCnGYlVr3d853bC5zl-85wZA,development,5
30,14736,64442,UTXM9ZnBF5Q,UCPXSUKHTNc1_hnHuj-UiQWQ,development,4
30,14737,64448,4kT5Bvr7QkQ,UC1YGPDtctHGJWW0NrlQVklw,development,5
30,14738,64451,CiZU6MDrGpY,UCCK3OZi788Ok44K97WAhLKQ,test_reserved,
30,14739,64453,_SvOjMdc2M0,UCckltLEhFLv8Xz_lQhYfwmg,development,1
30,14740,64457,lgE8E9crCdQ,UCcspHoBTj_aLhnJLwkMpWHQ,development,3
30,14741,64460,onlBhtQoeps,UC-DEHYgvcA5bBD3cWo_vSuA,test_reserved,
30,14742,64462,XWF1J9yqlYg,UC1YGPDtctHGJWW0NrlQVklw,development,5
30,14743,64470,SxmTYbOiyBQ,UCRDDfbYPHX_GUJ4lcQYTc8A,development,2
30,14744,64484,efFk0N8Ck6k,UC2b5VAYjsOfepl9nAXgRmfQ,development,4
30,14745,64495,Ajp9d8wIRNE,UCoz7UhbfPFJyljIIV2saR7A,development,3
30,14746,64496,nuaWbTJlsRU,UCckltLEhFLv8Xz_lQhYfwmg,development,1
30,14747,64498,48dI7hjMpeQ,UCo8JIWuSTZ0xG0vGJwKwsGA,development,5
30,14748,64503,uzKKSOxjIOg,UCMw--nUMJjK2GNrLXdsnDzg,test_reserved,
30,14749,64507,_krEOeokTL8,UCIoyIVPZEfC2p0dQwAxGiEw,test_reserved,
30,14750,64510,GErtUNCYMEE,UCn0XmAUFv6d2tofMFEesSNw,development,5
30,14751,64511,sZkz6JhkyDg,UCcijXxFzSXgoM6q9cCtT9PA,development,2
30,14752,64513,rOGag0qeol8,UCCK3OZi788Ok44K97WAhLKQ,test_reserved,
