horizon_days,horizon_row_position,source_row_index,video_id,channel_id,partition,cv_validation_fold
21,0,0,iLLYtcj6o54,UCqrqt9Egbp4Voh3iEUUoorw,test_reserved,
21,1,4,bsF8BNhZpAM,UC1CkcuwxCW_dIchuR0tTCJw,test_reserved,
21,2,5,o6vDY4kVm-o,UCh9qXeL8eP3Txra2908xksg,test_reserved,
21,3,6,kuH_QSt4VTs,UCf2Iar2LDcFaSCnVH1ZMUkA,development,3
21,4,12,-5P1-uFbSG4,UCbR7juPwtP-bV_w0840ciYQ,development,4
21,5,13,dApf7P2XKxM,UCCK3OZi788Ok44K97WAhLKQ,development,2
21,6,24,CF0i04rQ3fg,UCh9qXeL8eP3Txra2908xksg,test_reserved,
21,7,37,RtyDY52ZoDA,UCQTcNhAZidy1i9wwmdgf2Lw,development,4
21,8,41,1ViftpcouPg,UCckltLEhFLv8Xz_lQhYfwmg,development,1
21,9,43,4_dJVLAkLvc,UC_oQPOpRefuPENfsJ404nmA,development,1
21,10,54,JrBxD42hIJ0,UCm3mXl7hQbHVMxhKaOeEhYA,test_reserved,
21,11,55,ZehWbSt1y_0,UCXm0FsS7PXy0w5HeOkYMi7Q,development,5
21,12,62,rSlTCn2H8vA,UCh9qXeL8eP3Txra2908xksg,test_reserved,
21,13,68,9VHnRKz5LhA,UCaESx7Bdghv_UICcG1hBkcg,development,5
21,14,82,sLNx0jEXw-g,UCYEmdesrRlDICr6v6LnX5Bg,development,3
21,15,84,sJtVLRMa-p0,UCBQ_5txpN9srcPmkpJytDvw,development,1
21,16,86,cqfu_zOsP7k,UCRDDfbYPHX_GUJ4lcQYTc8A,development,4
21,17,88,d4fP_vEQu60,UCVfnhhDIkkBJ_1QyzCqeVDg,development,5
21,18,91,SkkaZ1x5M9o,UCCK3OZi788Ok44K97WAhLKQ,development,2
21,19,94,iznw9MySi48,UCPXSUKHTNc1_hnHuj-UiQWQ,test_reserved,
21,20,95,SpJ_vLAC2Qs,UCc30sTBdN9LRSxEuHaXV_bQ,test_reserved,
21,21,98,gz-QT0F5Hh8,UCCK3OZi788Ok44K97WAhLKQ,development,2
21,22,99,mnQLpDx3mHI,UCbS_glb2N1NVTrDLVryRbng,development,4
21,23,105,SKOaEY4N6OQ,UC0RX5hQE6UpHTjfub4NZSPg,test_reserved,
21,24,107,MjEWM13JtZY,UCHtKFAn73LJU4wB_w54wNCw,development,4
21,25,108,T9xKhRU5jb0,UC-GRFwciK7JiP8T4tl0pftQ,development,3
21,26,110,QGlAOOzIUps,UCaIc6SgS90ud_RgMSC6hW_w,development,3
21,27,114,xshemXvxB1U,UC2sO_F_Ky4LIAUtSJYXqBDA,test_reserved,
21,28,117,3gCORK7vepQ,UCMxeqmVKOqiqh7V_A3h4gfA,test_reserved,
21,29,120,RRj229U_v3I,UCckltLEhFLv8Xz_lQhYfwmg,development,1
21,30,121,WFJfgJxb7-w,UCckltLEhFLv8Xz_lQhYfwmg,development,1
21,31,125,n_lUftEiEKg,UCCK3OZi788Ok44K97WAhLKQ,development,2
21,32,127,0tAo3MQptS8,UCm8I2aLYgPm_gdzw4SSkiGg,development,3
21,33,128,94pRqsbsoCM,UC4VkNi2RZSJyqXsFaJYfsPg,development,4
21,34,133,9JAbIMEJ3-E,UC0JsqPe9WUywp6hd6vTcxkw,development,4
21,35,134,ApUQOS7Z6gM,UCckltLEhFLv8Xz_lQhYfwmg,development,1
21,36,136,O8HY7jKn0-w,UCn0XmAUFv6d2tofMFEesSNw,development,5
21,37,143,WbE0RZ9AjRI,UCAGQUfHzdsgxJ1pq2XDS2TQ,development,2
21,38,147,XuDwSYeUOeI,UCckltLEhFLv8Xz_lQhYfwmg,development,1
21,39,149,g7uKE_fe1K0,UCbS_glb2N1NVTrDLVryRbng,development,4
21,40,155,37rKWbgiRJM,UChrXmunslU0Xg7MVsJs5Kkg,development,5
21,41,157,Gg2qa2-bJZM,UCIKg0Ev6Vq2M7hU7bL_jHFQ,development,4
21,42,158,K1hMS-nw0YM,UCckltLEhFLv8Xz_lQhYfwmg,development,1
21,43,171,GYexTwnzH_k,UCbR7juPwtP-bV_w0840ciYQ,development,4
21,44,174,B5y0erM9ffs,UCldiq7Z0JJVSkGXVgfV2qtg,development,4
21,45,175,ElNBpW1mhQk,UCkagcQYGoYFuXsUg-ObSL6A,test_reserved,
21,46,176,Yw82dOmf5Cw,UCIKg0Ev6Vq2M7hU7bL_jHFQ,development,4
21,47,179,xWmkRSY0S00,UC4j4HUyjjgMALWnjN1v7z7A,development,3
21,48,184,dfg-NvAniAM,UCCK3OZi788Ok44K97WAhLKQ,development,2
21,49,189,6k3TlYK1Mxs,UCRN8vYHIjLnALfaBCtXfKsQ,development,4
21,50,201,BzJMJzNFDxs,UCCK3OZi788Ok44K97WAhLKQ,development,2
21,51,207,hWUKqVd5IEk,UCckltLEhFLv8Xz_lQhYfwmg,development,1
21,52,212,fpH6x-YGKXU,UCLsRogzQ9bw2Efitidd0ikg,development,4
21,53,223,mwb9o2g6FOY,UCjKSK3d5r0O78WGnMouSvDw,development,4
21,54,224,XHKW8_wSv4U,UCrXH3bjqSAndzb72KkauIrg,development,3
21,55,226,hUuITTCJcbg,UCG0j1mTQov3RVBgLgh6wbKg,development,2
21,56,239,-C72gb14swA,UCgnFSj7jQffD5V5m05j4dPw,development,5
21,57,242,W3pRoxsQ1oI,UC3W16VfuU392bL3zrOdVGfQ,development,3
21,58,243,jXiiZMGeXOc,UC324VVhYKykBv01GecF4aYg,development,5
21,59,245,cih1LtDdie0,UCckltLEhFLv8Xz_lQhYfwmg,development,1
21,60,250,6CnRN_T5uw4,UCbCAIiyYUDoFFIzXS0HxYTA,development,2
21,61,254,oEfgaoZ7PwM,UC4zvRArzwIHBnQY6FkDGMCA,development,5
21,62,263,tD46T04lNss,UCgdaUnUmkHDpYCU0w2pR7Rw,development,3
21,63,268,OerNlmWzQq4,UCnRmorY-xMkotuJSykIMPsg,development,1
21,64,269,GH6c7ra0QzQ,UCCK3OZi788Ok44K97WAhLKQ,development,2
21,65,270,deMzpCc2jfw,UCrVFS_0PdV7AwyTgR13IcVg,test_reserved,
21,66,272,E9G-0pPqaQc,UCGuZrn4CWph7RZNvkgsmLFA,development,1
21,67,279,_AjhyK1nuyU,UCckltLEhFLv8Xz_lQhYfwmg,development,1
21,68,280,UfohCoiI3y8,UCckltLEhFLv8Xz_lQhYfwmg,development,1
21,69,289,z_KA-qO-UEQ,UCeixuk-NkKqLJfZKcK2fQig,development,2
21,70,291,jLbrQsiABIY,UC1YGPDtctHGJWW0NrlQVklw,test_reserved,
21,71,292,U5-ynfdPyD8,UCIoyIVPZEfC2p0dQwAxGiEw,development,5
21,72,296,XaC3FqH9O0g,UCrtXFLaJQUh6R8xjW6l5tMQ,development,5
21,73,302,yYf7T1YA8Vc,UCckltLEhFLv8Xz_lQhYfwmg,development,1
21,74,305,5zeql38YkXo,UCZEXdsMN3HWEz34uY5PbtXA,development,3
21,75,313,MEWGzs3owIQ,UCrFbaY86Z23fi-CaEzjN5sQ,development,1
21,76,316,d1eU2lyNM4A,UC8rcDufKZ3W6CtZU69CtMXg,development,3
21,77,321,nnN_AEJTmew,UCjm7vbOwssao7Bhm9wX3-bw,development,5
21,78,332,V-fV3mlxxV0,UCrVFS_0PdV7AwyTgR13IcVg,test_reserved,
21,79,335,5yK7RYDRJ9c,UCcg4tDKgPLIc_x3lhWdogLg,development,3
21,80,336,T5kPJ9oF7DE,UC7U7rMM_l97Zl6GbRC2lLqA,development,3
21,81,338,JRd3IwQQ5LI,UCbS_glb2N1NVTrDLVryRbng,development,4
21,82,344,W_kHKEWmAtY,UCbR7juPwtP-bV_w0840ciYQ,development,4
21,83,345,szFdTifW514,UCM19g5ow7vLXDTYx_j9Z7VQ,development,3
21,84,349,B_0hXHc1pic,UCaESx7Bdghv_UICcG1hBkcg,development,5
21,85,353,dJTo76Vzqxo,UCaCnmd0sVADrw8228hCBnlA,development,3
21,86,357,XgWxcWweH_M,UCpRnLw-i6ep13w_vh9M9k-g,test_reserved,
21,87,361,JU5vSsiGE5E,UCckltLEhFLv8Xz_lQhYfwmg,development,1
21,88,364,bGQ75BXeEK0,UCmqflTSJ6911aCrnaWIXxsA,development,2
21,89,365,5DFKBvBbsro,UC6jQt9K_jqnBNtsRf7hXHsA,development,5
21,90,367,C8DR1n_MOUc,UCCK3OZi788Ok44K97WAhLKQ,development,2
21,91,378,MxBeQYtCyas,UCIi-sp4cticvdmHAodPeyvw,development,1
21,92,398,nE_ARWhwM3c,UCXqtmz8saUL-pAMLe5MxHlg,development,5
21,93,401,7EBs2ch-XEE,UCZNreSxdvd50nzMz5zkXg4w,test_reserved,
21,94,402,i3nglH1sw2I,UC6kLehpqRT0Wm8eBMMSbH2Q,test_reserved,
21,95,407,YYaq1ebMSTY,UCcolMq4s8q_GHPWeQNidprA,development,4
21,96,415,Uad0Ms7ouc8,UCckltLEhFLv8Xz_lQhYfwmg,development,1
21,97,416,0A-fcJxPRPM,UC1YGPDtctHGJWW0NrlQVklw,test_reserved,
21,98,421,R_dFOKjRbmw,UCckltLEhFLv8Xz_lQhYfwmg,development,1
21,99,423,U27KQTp5rFQ,UCIQYzhtvJ9Ve8IlADFudn0g,development,3
21,100,424,uFg_lyolg_Y,UChDDErhFN18hQ-NifYMMbVA,development,4
21,101,425,wB9RxWJl-Yw,UCMEXwFurMItX0u1yit-UrAw,test_reserved,
21,102,429,ceGew0FHxuU,UC324VVhYKykBv01GecF4aYg,development,5
21,103,431,n1a5S88xEgw,UC2_iwCecXLNqTWv-_QcffRw,development,1
21,104,434,GGbt4MY9wgY,UCv70kMNzCN6FHdg3BSfkM7Q,development,5
21,105,435,cMTAKtovc3Q,UCckltLEhFLv8Xz_lQhYfwmg,development,1
21,106,436,nXM4ejJTnvs,UCgnFSj7jQffD5V5m05j4dPw,development,5
21,107,440,JAi9Q7lY3sQ,UC8MegDkaJsqK63fwbOjBLzw,development,2
21,108,442,WKmf9Cs0oy8,UCaf0YBdTL7IqDv0_bze-Cyg,development,4
21,109,447,yTf6dXkBOzk,UCrHp7_wVE4B6jcUNMwBXZRw,development,1
21,110,449,d9wdueZQh2A,UCAeBFsK2bmm5lkgy90uFiqw,development,4
21,111,453,tA833Ety_TY,UCPXSUKHTNc1_hnHuj-UiQWQ,test_reserved,
21,112,459,IkjbEgFXYUs,UCQkPhQ-6NhA1v7Tpsp6EnKQ,development,2
21,113,461,t3TqSiQNfrU,UC87goh34oNbvOH468hyfQVg,development,5
21,114,477,kbpKyhi5jXk,UCJhdo2Kg29_EZwNPvlhzIFg,development,5
21,115,479,tspE63Urd3M,UCPXSUKHTNc1_hnHuj-UiQWQ,test_reserved,
21,116,483,7NhghEWnfC0,UCCK3OZi788Ok44K97WAhLKQ,development,2
21,117,484,6uCpZvRUsw4,UCB-bp711WZ_Byu1zwfmxJDg,development,3
21,118,490,YX7SFmBebXk,UCMcaGpzjo0D-d6oSvcg8PtA,development,1
21,119,493,YxEvN2qp3cY,UC69csWmeK-LePWo8JJ9BoqQ,development,3
21,120,501,OdpTQsRE84U,UCr5BVR_ePEz_9V-KF5rSEmQ,development,2
21,121,503,UUdN1iyody8,UCsDDVBdzvMMZaQtF8vaC9bg,test_reserved,
21,122,506,qpoby7Vc3fI,UCIzJ8MT1NFOo3Q-VJlNDlQQ,development,2
21,123,507,Qs9_YU7RI04,UCRDDfbYPHX_GUJ4lcQYTc8A,development,4
21,124,511,gt_C7_Drpz0,UCA5xW2Ce7KT2AtxzDYDebCA,development,5
21,125,512,HCx_jY8wo2U,UCSmxZt63zt1f3kiBXnwVjNA,test_reserved,
21,126,513,cJVBTpcxqro,UCckltLEhFLv8Xz_lQhYfwmg,development,1
21,127,522,J-jnS4TSBbM,UCckltLEhFLv8Xz_lQhYfwmg,development,1
21,128,526,NSqUyFU5kUU,UC4EtZkAiRfpNl1QRxWTuXaA,development,3
21,129,527,LJXrYHm7cY8,UCOtYyt7W5PmPnwQjWWF_Z-Q,development,3
21,130,529,nzffSxtJJaI,UCcijXxFzSXgoM6q9cCtT9PA,test_reserved,
21,131,537,N49HV445kmI,UCPfU0uygBGutjaaJU5PpEvg,development,2
21,132,538,ElPsXe8KTOI,UCh9qXeL8eP3Txra2908xksg,test_reserved,
21,133,543,gW-JoU2rtI8,UC2_iwCecXLNqTWv-_QcffRw,development,1
21,134,546,ZGYEoPgr4wc,UCQkPhQ-6NhA1v7Tpsp6EnKQ,development,2
21,135,547,-FwXgndqAZA,UCfQzTP1jc7JXj8hYtG31osw,development,2
21,136,548,gPNf1valacQ,UCVU09OJkBIHZTGb-acbajoQ,development,4
21,137,555,fo2rIokV7Ts,UC0tV1b7IFEXFUUILF7mAcWw,development,2
21,138,559,YKm3LK0l0hw,UCOtYyt7W5PmPnwQjWWF_Z-Q,development,3
21,139,576,qrK_hFgD84A,UCbS_glb2N1NVTrDLVryRbng,development,4
21,140,579,aK-yWpofCL8,UC12K2QZlfWLq_8FmZfB23Yw,development,3
21,141,582,Z77Kq1mvYD8,UC4oZv7iatCbhEp6ehMMbhAg,development,1
21,142,588,rR-hdiUa1-c,UCoNaQS6wefjNVFkwvxrzAYw,development,4
21,143,589,eb0mQQaDG74,UCc30sTBdN9LRSxEuHaXV_bQ,test_reserved,
21,144,592,sjZlw3svykI,UCIoyIVPZEfC2p0dQwAxGiEw,development,5
21,145,597,B1dJmUwvhIs,UCbS_glb2N1NVTrDLVryRbng,development,4
21,146,599,utuR85B-5FY,UCppSNX9SEvI6TM1U0GLGQyA,development,4
21,147,606,PPuinuVM4Io,UCAgBGlUKoAQFXMUzshrWDgg,development,5
21,148,611,RuqKiasgvu0,UCCK3OZi788Ok44K97WAhLKQ,development,2
21,149,612,X5xLyLQ6LrM,UCmqflTSJ6911aCrnaWIXxsA,development,2
21,150,614,DKvFB2EN5mw,UC9y7Wh-inBLM44vBwc9MGJg,test_reserved,
21,151,615,2iGi01apPyg,UCQTcNhAZidy1i9wwmdgf2Lw,development,4
21,152,625,rZpAOIhe2yQ,UCckltLEhFLv8Xz_lQhYfwmg,development,1
21,153,628,6QBPLs5tEGQ,UCF0uUUUTf2kzN8lz20-iksg,test_reserved,
21,154,633,W2ZJPh4lqJg,UC6jQt9K_jqnBNtsRf7hXHsA,development,5
21,155,638,9i10f5-jFmI,UCDqFysWGVtduHRyawK8oJkw,development,1
21,156,641,kO5u2tVNEnQ,UCEWXUrJx9ufOtbQH5VRoVzg,test_reserved,
21,157,644,sU9RqPfMgoU,UCHrkBP4z4-r3tTCY3FUq_KA,development,3
21,158,649,F5uj907paWI,UCoQOQFHBsBAhobpI8NradTA,development,1
21,159,650,orzzQwRHypY,UCIPnCyTWcKHe-C-_mtG0GmA,development,4
21,160,656,pyB8mxEByVo,UCCK3OZi788Ok44K97WAhLKQ,development,2
21,161,662,Nz41as0c7bM,UC265AWt6bbPKJcmpQwhif2A,development,1
21,162,671,NrnAbCMEpV8,UCckltLEhFLv8Xz_lQhYfwmg,development,1
21,163,675,X9ej0uYpDzE,UCVqfoMNwM8SIpL6BMGTZbcA,development,1
21,164,684,WbY1ZYosmpE,UCCK3OZi788Ok44K97WAhLKQ,development,2
21,165,691,r28zoZ2FLMg,UCcijXxFzSXgoM6q9cCtT9PA,test_reserved,
21,166,695,FnYnS1SZcio,UC5BT1yMZC1MtgngCRMRZoLg,development,2
21,167,704,Tq1hnUmrqIQ,UC0nMJ3QNryBHZpy1P3Wamwg,development,4
21,168,705,U6j18cmyeIs,UCA5xW2Ce7KT2AtxzDYDebCA,development,5
21,169,715,aJ_1ytfU5SU,UCckltLEhFLv8Xz_lQhYfwmg,development,1
21,170,723,a9R0MkmWyIU,UC3-yva2_TiI1RD41nhZno8A,test_reserved,
21,171,724,9iDRWHfCkMY,UCgnFSj7jQffD5V5m05j4dPw,development,5
21,172,728,v3bSlUx5qb8,UC4HY_G18OzcY63vhq-3Gw0g,development,1
21,173,739,OllzSqDrJp0,UCckltLEhFLv8Xz_lQhYfwmg,development,1
21,174,743,txhoSLwxr98,UCWr_3S-gYx33CVRDXSYSDhA,development,1
21,175,745,wNDSrG9J9FE,UCfQfw--8dPGypR7sGcXJz0w,development,4
21,176,751,fiLeE0L07Jc,UCh1GBh9K3ThnZkJjCdB5-bg,test_reserved,
21,177,761,ZbiSY6rmkbU,UCke4NBMcOwRbe9O1utY7b4g,test_reserved,
21,178,765,G-nEn5DX4Gg,UCckltLEhFLv8Xz_lQhYfwmg,development,1
21,179,766,sMUS9KG867U,UCckltLEhFLv8Xz_lQhYfwmg,development,1
21,180,773,CvvZkIns4vs,UC5-n2dfksESEt3ATmM6Uujw,development,4
21,181,778,99GNUfBEDNs,UCO-YacZb_Muitqu50KGaFig,development,1
21,182,783,P95sJBiwl6s,UCgnFSj7jQffD5V5m05j4dPw,development,5
21,183,784,vx2pNwiXLG8,UCGwkKsyd1fbH5eDBEvOIfmw,test_reserved,
21,184,785,PQ6FGXAG-pw,UCL2-XMQvlfS7wzgqIxiCwYg,development,2
21,185,788,sqUCt-_zMEs,UCOtYyt7W5PmPnwQjWWF_Z-Q,development,3
21,186,789,gVe5KheLMmo,UCTVN4mTTEpygVWCwA8f-NAQ,development,1
21,187,795,5d1icV1dIdc,UCVmBgx4kaIsOtMR1jK9AeAg,development,3
21,188,810,zXLWs260zWg,UCMqjB1OMaNxphrBRCLlpMzQ,development,2
21,189,816,7_zolqlQMdg,UCCK3OZi788Ok44K97WAhLKQ,development,2
21,190,822,3QCYVrONLUA,UCDhV2dS5kewSaccFl9g66sw,development,3
21,191,823,SFuyF0UnnRE,UCAgBGlUKoAQFXMUzshrWDgg,development,5
21,192,824,fkdcTT632dk,UCCK3OZi788Ok44K97WAhLKQ,development,2
21,193,827,tvQyeIAgovA,UCPreI9vioVpVEuSW6g95kFQ,development,2
21,194,841,0pK_9YKcMfY,UCCbm1E52PV05ZLv6dtRB92Q,development,5
21,195,845,bwrK_GAspo8,UCb0KyqTm4bkjnZg_mND9hhg,development,2
21,196,854,3YvQdxmzBsQ,UCOtYyt7W5PmPnwQjWWF_Z-Q,development,3
21,197,859,U0Xq-bGnfOA,UCMaZtErMSOUyfCaiGgPlouA,development,1
21,198,862,eZW_2ytoygI,UC5fkr-uG2-yAEbwbJV-QIxg,development,3
21,199,866,ldmcUtoArjk,UCCK3OZi788Ok44K97WAhLKQ,development,2
21,200,868,rWizL3J7QoE,UCU698FK0A1JkE2VADC4fQlA,development,3
21,201,869,OBftXSTpxzY,UC2GNitBc9qBFZd0329eYOPg,test_reserved,
21,202,870,uF9SuwwJ3XM,UCbS_glb2N1NVTrDLVryRbng,development,4
21,203,874,fWFBSw0RxN8,UCLA8Ovy_NPAwMWvr8IEDquw,development,4
21,204,878,vP4QiMlbZqc,UCCK3OZi788Ok44K97WAhLKQ,development,2
21,205,883,XBFvtbH_hF4,UCbS_glb2N1NVTrDLVryRbng,development,4
21,206,885,6LnaATQKLnI,UCT83ymyAGm7Gnk_4ifxjxIA,development,4
21,207,902,PPzcDk8wRjU,UCnr80VoNl3YxI4rL1zkJQOA,development,1
21,208,904,A0tt-RbJlng,UCJA-NQ4MtcRIog66wziD8fA,development,2
21,209,906,r0ruWkIkOdo,UCcijXxFzSXgoM6q9cCtT9PA,test_reserved,
21,210,911,gKLGKM1gzcI,UClSIhhnuyF8fXtBTpOOTknA,development,2
21,211,914,wvcs2i7b66Q,UCZZlMZ_qxyuwvp6H8c0wwvA,development,3
21,212,915,dPdSlOesXfs,UCy_k21fgkkC-02_heI6enaQ,test_reserved,
21,213,930,IE1ABH8i2nA,UCOtYyt7W5PmPnwQjWWF_Z-Q,development,3
21,214,939,vWS0lNlZ3FM,UCckltLEhFLv8Xz_lQhYfwmg,development,1
21,215,940,RYbp1NAVurw,UCn1WQT3G332mV9zanKj1s7g,development,3
21,216,942,j1hZDE-Amas,UCCK3OZi788Ok44K97WAhLKQ,development,2
21,217,943,jAP3qDM0Z20,UCkXjFNkQdPUGCXGvwqAx7og,development,2
21,218,944,fEMdMMVQlbw,UCckltLEhFLv8Xz_lQhYfwmg,development,1
21,219,947,KrZmBPT7d8M,UC5uGexidH3WqbErqSX_EGJA,development,5
21,220,948,kEsMlUW1YC0,UCZ-RBSr_ZD-jWWDgZmFyZyw,development,1
21,221,950,gPM5sm7G43s,UCckltLEhFLv8Xz_lQhYfwmg,development,1
21,222,953,8mQPQxwiGxQ,UCCK3OZi788Ok44K97WAhLKQ,development,2
21,223,957,lHX1Ex36pEU,UCrVFS_0PdV7AwyTgR13IcVg,test_reserved,
21,224,963,hCj6H2X1UB8,UCCK3OZi788Ok44K97WAhLKQ,development,2
21,225,977,n2BzhTq6TJY,UCVXCitEEweQox0oyIsJONrQ,development,3
21,226,979,7OEAu9i42jM,UCaIc6SgS90ud_RgMSC6hW_w,development,3
21,227,983,zJ-KVekKRK0,UCekdpdajQ1JyGxUbmsN7nNA,development,1
21,228,990,69aMIkKbdyY,UCAKAcMWVANp_qXgWKlXMCFA,development,3
21,229,1000,o0JQ4-d1CFE,UCgnkk8P4G9yQFuRl0dEO1HQ,development,2
21,230,1001,GQvK5f-s-fs,UCrtXFLaJQUh6R8xjW6l5tMQ,development,5
21,231,1007,IUjK-syRz7U,UCmM4xWoq5UiSSYKeZGlFFNw,development,1
21,232,1009,A3MN6r97lEk,UCckltLEhFLv8Xz_lQhYfwmg,development,1
21,233,1020,NJWuDUFIZxg,UCs_mHlm5_C82W5WCIJaSMbQ,development,3
21,234,1024,kXpyOOsJ5ko,UCqrqt9Egbp4Voh3iEUUoorw,test_reserved,
21,235,1029,gPiGrRmO3os,UCafJV2dgvIHYxjKb4GJpV7w,development,4
21,236,1034,Gof6o3uiZkA,UCowiYUdbNsL9qVmpY9Z0jLQ,development,4
21,237,1043,k29sZvIrRLM,UCaESx7Bdghv_UICcG1hBkcg,development,5
21,238,1054,-RFw6lWsRBc,UC8lKgUHo-2mSR5cRRXO9xow,development,3
21,239,1056,fXaRzNTpaiU,UCcijXxFzSXgoM6q9cCtT9PA,test_reserved,
21,240,1059,UM8KNyC1lzc,UCcijXxFzSXgoM6q9cCtT9PA,test_reserved,
21,241,1074,BEbTz2Z4CWM,UC324VVhYKykBv01GecF4aYg,development,5
21,242,1078,W8aVIqNiWBI,UCOPqjdQOIF6faslRMEruJmA,development,5
21,243,1081,9sy2ryy-7g4,UCckltLEhFLv8Xz_lQhYfwmg,development,1
21,244,1082,_3ezdpesgYM,UCLNz9bgiJfM3ImTtYDOt8Ew,test_reserved,
21,245,1083,rz23rbQjndI,UCckltLEhFLv8Xz_lQhYfwmg,development,1
21,246,1088,dsDc5AL3juI,UCG0j1mTQov3RVBgLgh6wbKg,development,2
21,247,1097,ezQOJluUKHE,UCbS_glb2N1NVTrDLVryRbng,development,4
21,248,1099,rpEK-UD7HR0,UCWNxnJNkwZPyv3rJwWRlzZQ,development,1
21,249,1101,X1UXYPRO5nM,UCcijXxFzSXgoM6q9cCtT9PA,test_reserved,
21,250,1102,uRMkg8DE_5k,UCckltLEhFLv8Xz_lQhYfwmg,development,1
21,251,1104,CwAf0bnUCdA,UCkC-yhK-WnPNaNslH_LbBWQ,development,3
21,252,1108,I5gamx6fj5Y,UCckltLEhFLv8Xz_lQhYfwmg,development,1
21,253,1113,FeFE3iuuK-E,UC4EtZkAiRfpNl1QRxWTuXaA,development,3
21,254,1115,-jE0OWSY4_Q,UC2HGgzRXGxoirkRroh0aHIA,development,3
21,255,1132,hs9MM5z_3R8,UCCK3OZi788Ok44K97WAhLKQ,development,2
21,256,1134,CIMbNVuxg6c,UC6aSX46078fvOY9bY9ZUTYw,development,5
21,257,1137,qopDNjdXryc,UCLuP7ROjaueiuNbzrvPqXSQ,development,2
21,258,1138,6koDeTVxFhA,UCM3bQBUJ0PEbgfe9lAw_Y3Q,development,4
21,259,1139,dRJjmXEWifI,UCvRkl4sHIgChIFxeTlbwAGQ,development,2
21,260,1142,oFi5KL72CFc,UCieUj92znWxr02AWNviTElQ,test_reserved,
21,261,1152,-bwmOzeBkqE,UCQxYcvX5hnGJvuTFzKng-Vg,test_reserved,
21,262,1156,4ZOJIsyX2mI,UCafJV2dgvIHYxjKb4GJpV7w,development,4
21,263,1159,Utq-ZuqMTYE,UCDqy-V3qY-xtSmiRHlZIWWQ,development,5
21,264,1163,Vsf5IEjN3Us,UCaESx7Bdghv_UICcG1hBkcg,development,5
21,265,1168,6J67r1xgo1c,UCckltLEhFLv8Xz_lQhYfwmg,development,1
21,266,1172,UiKUo8k4bkk,UCckltLEhFLv8Xz_lQhYfwmg,development,1
21,267,1180,u80CDD6eSHo,UCJeJFkRVgi7gT7ViTxuHHdg,development,1
21,268,1181,WK7HGyBkQ5Y,UCT83ymyAGm7Gnk_4ifxjxIA,development,4
21,269,1184,ApnSVwe_wRo,UCaCnmd0sVADrw8228hCBnlA,development,3
21,270,1199,rXCyu3RMrRk,UCCK3OZi788Ok44K97WAhLKQ,development,2
21,271,1203,esM1HHQrJ8E,UCl4MonVoWRx3HqAh3Efw2Jg,test_reserved,
21,272,1208,D6Ug9BZdvEE,UCOgsOVUELkkv_irhET9kK_Q,development,1
21,273,1214,iNcSUT0K8ic,UCckltLEhFLv8Xz_lQhYfwmg,development,1
21,274,1215,RvfCbirrMFI,UCwdsAMEnZFdaEiFHWTvYH3Q,test_reserved,
21,275,1217,_-44cW-l0TA,UCVfnhhDIkkBJ_1QyzCqeVDg,development,5
21,276,1218,vBXRJI0tObE,UC6jQt9K_jqnBNtsRf7hXHsA,development,5
21,277,1222,Ygf9vmS1q3o,UCF0uUUUTf2kzN8lz20-iksg,test_reserved,
21,278,1226,vaFLft6tnow,UCaESx7Bdghv_UICcG1hBkcg,development,5
21,279,1227,AA93RWNgPSI,UCbS_glb2N1NVTrDLVryRbng,development,4
21,280,1246,PaIdgBCKUHI,UClC6jQT87s0yKTxHls4BWSw,development,4
21,281,1254,GkFnERpBAGc,UCCK3OZi788Ok44K97WAhLKQ,development,2
21,282,1255,CE7GfRsSFRc,UCOtYyt7W5PmPnwQjWWF_Z-Q,development,3
21,283,1256,T6t2_0-9pr0,UCM2bvvJY1u3pRBq1DyUHK1A,test_reserved,
21,284,1261,Fcxr9bWigzM,UCbS_glb2N1NVTrDLVryRbng,development,4
21,285,1263,verMHdLTLtY,UC2sO_F_Ky4LIAUtSJYXqBDA,test_reserved,
21,286,1273,Fwl8rOyNiD8,UCkagcQYGoYFuXsUg-ObSL6A,test_reserved,
21,287,1276,13gXaKEhRd8,UCkagcQYGoYFuXsUg-ObSL6A,test_reserved,
21,288,1282,bAip6XLYuiI,UChJFPdvtzyTPxMAysD4FX-w,development,3
21,289,1286,Akdbci8LQ6I,UCrhfPfnrGA6aLHO6qxvM7_Q,development,3
21,290,1295,ieKdPsDSkbE,UCcijXxFzSXgoM6q9cCtT9PA,test_reserved,
21,291,1296,h2xdoA862bw,UCJjAlPGkuDypNN_5HUgchvw,development,1
21,292,1298,92lLVQdopfQ,UCbS_glb2N1NVTrDLVryRbng,development,4
21,293,1307,T1pVwE1g1Jk,UCGz2fGeoOdTm_Jp-nEl3jFg,test_reserved,
21,294,1308,ZYcjHg23BrI,UCRyHK0HPW8OQtTqtRLqCMlw,development,3
21,295,1310,Xi7hf11praY,UCCQ3mUIQTv2Snhw5Os0Yo5Q,development,3
21,296,1318,499FP8Yy3rU,UCpKHQzqFn8VhNKQVCNp2M1g,development,5
21,297,1332,SMje7ZTtC7o,UCCK3OZi788Ok44K97WAhLKQ,development,2
21,298,1338,5HL94Ul4TEA,UCVfnhhDIkkBJ_1QyzCqeVDg,development,5
21,299,1341,AhskKJlyLZQ,UCckltLEhFLv8Xz_lQhYfwmg,development,1
21,300,1343,9lQ3nn1wvlM,UCOtYyt7W5PmPnwQjWWF_Z-Q,development,3
21,301,1348,-PT_V_uCjNw,UCbR7juPwtP-bV_w0840ciYQ,development,4
21,302,1359,Yi-cUPSqCEE,UC8rcDufKZ3W6CtZU69CtMXg,development,3
21,303,1373,EQk7AxnPDJY,UCiAYv_QAosB-49bJbu3NM3A,test_reserved,
21,304,1375,e40TmAHygHk,UCgnFSj7jQffD5V5m05j4dPw,development,5
21,305,1377,tUZNgmc6z4k,UCG0j1mTQov3RVBgLgh6wbKg,development,2
21,306,1381,gm0YOlX07uk,UCCK3OZi788Ok44K97WAhLKQ,development,2
21,307,1385,boXFpWK2A9A,UCLR467wlkHhrQjVq-0bdKng,development,1
21,308,1394,zQORtZ9pCy0,UCLA8Ovy_NPAwMWvr8IEDquw,development,4
21,309,1403,4ptovN7QPpQ,UCXm0FsS7PXy0w5HeOkYMi7Q,development,5
21,310,1407,HCUHlmvtYms,UCPXSUKHTNc1_hnHuj-UiQWQ,test_reserved,
21,311,1410,psElWnfOGC0,UCA5xW2Ce7KT2AtxzDYDebCA,development,5
21,312,1418,qdBRZrssTTc,UC2BTAEU-0MU0QV-vlDEvouQ,development,5
21,313,1425,OgpBxurN_gM,UCdZRFHIhq7TpUNSLXRlt7rQ,test_reserved,
21,314,1428,Ad8Nb4oqKgc,UCf2Iar2LDcFaSCnVH1ZMUkA,development,3
21,315,1440,d_QCB4sZxUc,UCckltLEhFLv8Xz_lQhYfwmg,development,1
21,316,1442,klAavpCsyhw,UCN3Buj32nQOlbBjWmj1Eoqw,development,3
21,317,1454,lewU7AXNg1M,UCmrLu4r89ykOzmtmbAeEklA,development,3
21,318,1461,h14blKHwFag,UCgnFSj7jQffD5V5m05j4dPw,development,5
21,319,1462,ZPE6y09GqeM,UCgnFSj7jQffD5V5m05j4dPw,development,5
21,320,1463,RAOJkbdOAoI,UC7di5zivMKpYOmhyhZ2nVvg,test_reserved,
21,321,1466,vJZFBFVguuk,UCbS_glb2N1NVTrDLVryRbng,development,4
21,322,1470,30G4sfWEcY4,UC0ZcZzDZe8x6-olaRR5-wYw,development,4
21,323,1476,hbodw0km2Gg,UCOtYyt7W5PmPnwQjWWF_Z-Q,development,3
21,324,1479,iqbYvJ5qR30,UCOtYyt7W5PmPnwQjWWF_Z-Q,development,3
21,325,1482,bY40MKxUkkQ,UCckltLEhFLv8Xz_lQhYfwmg,development,1
21,326,1483,3U-1FdX96VY,UC80S9x_1mLIq3Q21dG-iy5A,development,1
21,327,1488,qtHahY67Ga0,UC265AWt6bbPKJcmpQwhif2A,development,1
21,328,1489,KYkDjiId3yM,UCOHyRrRuD2zGCkpuCAlyOyA,test_reserved,
21,329,1495,kRR2MFfdMuQ,UCbR7juPwtP-bV_w0840ciYQ,development,4
21,330,1501,YiPgTV3dgXw,UCVz1bXiY1pz6Fz_Osm0YYBA,development,4
21,331,1502,drDmkL99xVM,UCbS_glb2N1NVTrDLVryRbng,development,4
21,332,1507,zJPTIuV2gNc,UCq5SmrhSWmp89RR1JpO2z8Q,development,4
21,333,1508,cJ-XbbsMLhE,UCCK3OZi788Ok44K97WAhLKQ,development,2
21,334,1515,_R3IjNI_7Co,UCP0FKFuz9j2Dp-QDr-Dv_0g,development,4
21,335,1517,l9Am8OWnnWc,UCVfnhhDIkkBJ_1QyzCqeVDg,development,5
21,336,1519,7_Sb2NHxaKs,UC8lKgUHo-2mSR5cRRXO9xow,development,3
21,337,1520,_KDsP6pgQkA,UCkC-yhK-WnPNaNslH_LbBWQ,development,3
21,338,1521,7mWQ6_l4014,UCcbOsE5_4LEjtQi8X2PFxDw,development,3
21,339,1527,rW76Z4jeEyY,UC7SpeEKCvhjtxa4VX2sHA1Q,development,1
21,340,1531,mHzfc6EEJ2c,UCDqy-V3qY-xtSmiRHlZIWWQ,development,5
21,341,1532,fZrP-4F9HWE,UCLbLJNJZ4SAx_9vSEjRyN9w,test_reserved,
21,342,1539,8xGdhp_SAu0,UC2sO_F_Ky4LIAUtSJYXqBDA,test_reserved,
21,343,1540,8zb0hdQU76o,UC0tV1b7IFEXFUUILF7mAcWw,development,2
21,344,1543,JjnWkehNb2g,UCdB6k3Q_dkVJ77cV9tVWzcQ,development,2
21,345,1548,ednod--vCMo,UCtz8B0t1nslDMTpd9-0_5SA,development,2
21,346,1549,7CLOm4iO7KI,UCaQToYnvq0GFQ-ZI9XlBMUQ,development,3
21,347,1556,RYwFVmPtkJY,UCQkPhQ-6NhA1v7Tpsp6EnKQ,development,2
21,348,1564,PNgWNF59rYA,UCzNxbzqN0to4GNb9otFuGJQ,development,4
21,349,1565,Eitc5d0TQlA,UCRtDKbi59vMpicSLFT0J5mg,development,5
21,350,1571,VSiP1eDc7T0,UCOtYyt7W5PmPnwQjWWF_Z-Q,development,3
21,351,1573,9yfSjUOgsIs,UC8lKgUHo-2mSR5cRRXO9xow,development,3
21,352,1586,oExTn6l-ie4,UCbVw-Yr6A7L4hPi8W6zsQlw,development,3
21,353,1587,WlG8YW5UncA,UCcijXxFzSXgoM6q9cCtT9PA,test_reserved,
21,354,1590,PLWJYPJe8ZY,UCckltLEhFLv8Xz_lQhYfwmg,development,1
21,355,1606,FBxacRymc8c,UC5bP8uSDBQGh4Qn_g5QrWnw,development,5
21,356,1613,NuqmaQrSNcA,UCgnFSj7jQffD5V5m05j4dPw,development,5
21,357,1615,p611W9RmoIs,UC8qBNfgWRK_WYYGSmmrfgPA,test_reserved,
21,358,1618,Wa-u5T9-rfA,UCgnFSj7jQffD5V5m05j4dPw,development,5
21,359,1621,dIye9TqXv6I,UCQIWzvLOlB4tu84TtOTJCGg,test_reserved,
21,360,1629,9MvfGvU5C0o,UCRF9lZCfA-k4MQN26Uto8fg,development,3
21,361,1632,zDj7mV5HdMA,UCcgyRWiM833H81tMd-7Fn4A,development,1
21,362,1635,n0QNH3hjvqM,UCcy3exSBk-B1tfIAxHnxgzw,development,4
21,363,1642,gj8COVygkCY,UCT83ymyAGm7Gnk_4ifxjxIA,development,4
21,364,1645,2Z4D93POFTI,UCQTcNhAZidy1i9wwmdgf2Lw,development,4
21,365,1648,j_9lsdJzZmU,UCCK3OZi788Ok44K97WAhLKQ,development,2
21,366,1652,1MDivXmfa5o,UC_nFt7ialY-bZ-nUFwzY_hg,development,3
21,367,1659,yM8RNs2HMjA,UC_hR1wSDcKjBRTlKtp6LK1A,development,3
21,368,1660,60OAgwPWRG0,UCOk9zSvzL_G02l8-5o2J0aw,test_reserved,
21,369,1666,6BG7tvD_dNs,UC7mhtAaF1ESJgCozpoS2lcQ,development,2
21,370,1667,mRhGoSv6wew,UCckltLEhFLv8Xz_lQhYfwmg,development,1
21,371,1668,BWSxhwjiEWg,UC4VkNi2RZSJyqXsFaJYfsPg,development,4
21,372,1679,CST7xxT2Ljo,UCOtYyt7W5PmPnwQjWWF_Z-Q,development,3
21,373,1687,PLj7O5Ac6D8,UC1Q69efAtK3e652Mf2Z4pCQ,development,3
21,374,1693,Gl7zqb9M7PM,UCbS_glb2N1NVTrDLVryRbng,development,4
21,375,1700,5g28Smyvckg,UCCK3OZi788Ok44K97WAhLKQ,development,2
21,376,1701,_hANw1XeBPM,UCPXSUKHTNc1_hnHuj-UiQWQ,test_reserved,
21,377,1705,IDf3EhxfGkI,UCkC-yhK-WnPNaNslH_LbBWQ,development,3
21,378,1707,AUqI6yXdALA,UC8lKgUHo-2mSR5cRRXO9xow,development,3
21,379,1711,o5DogtZsDLw,UC5Q9lmEDB_pWZdzzLI07eVg,development,5
21,380,1714,HFQkPS5gFRA,UC6MkngMDyobFNaXOZR0ukyQ,development,5
21,381,1725,htedt6EWvs8,UCckltLEhFLv8Xz_lQhYfwmg,development,1
21,382,1728,z-Qv9sF8_T0,UCqrqt9Egbp4Voh3iEUUoorw,test_reserved,
21,383,1732,nO_vuglS9NE,UC5p0VT3GMM-PEYL_gulNSnA,development,5
21,384,1733,KwCzthNzICQ,UCckltLEhFLv8Xz_lQhYfwmg,development,1
21,385,1734,pQIl1Un3BJk,UCMn4yJDLV2bPWGc5ZOucU1A,development,5
21,386,1736,0-FrZ21kV0w,UCYweMykEAI5aaRztqrJuuAg,development,5
21,387,1737,zIn8H4dLYlE,UC5BT1yMZC1MtgngCRMRZoLg,development,2
21,388,1741,pJmLrFc2mvI,UC1GBN6Ujq_d9f5Kot0YZVEA,development,2
21,389,1742,BYi5aZVdj1Y,UCMQg72D9bcWjW-umvECrcAQ,test_reserved,
21,390,1744,PZim2L1-Irg,UC0MnP2Iso6enxaJTBZ3_nJw,development,1
21,391,1747,jZMoTc3yttQ,UC1hcl0aIr9KtXA-Kiq9itqw,test_reserved,
21,392,1749,qxGMsMYVeso,UCckltLEhFLv8Xz_lQhYfwmg,development,1
21,393,1750,B3RYgI_q7jE,UCTlVnv2IrpdHPiB4PeaH6Lw,development,2
21,394,1752,5LmNtYie95g,UCckltLEhFLv8Xz_lQhYfwmg,development,1
21,395,1760,kbZsPuNYwIc,UCPXSUKHTNc1_hnHuj-UiQWQ,test_reserved,
21,396,1768,5PC0s0uhzFA,UCAH7R88V7gz7RqJv78nNOzg,development,3
21,397,1770,rYbAJocut6U,UCckltLEhFLv8Xz_lQhYfwmg,development,1
21,398,1774,gmEa8GaQIzk,UCmrLu4r89ykOzmtmbAeEklA,development,3
21,399,1775,_Q54LrT0IW4,UCbS_glb2N1NVTrDLVryRbng,development,4
21,400,1777,YmwtFKlgvoc,UCTlLpPddpcW0ee6y4z9stKA,development,5
21,401,1779,Sw4n5Uh_KvY,UCaESx7Bdghv_UICcG1hBkcg,development,5
21,402,1784,ZwoINaW7eio,UC_0KqdgCMvhbpYcp9JaqQRg,development,4
21,403,1785,kklOcVqxW-M,UCAH7R88V7gz7RqJv78nNOzg,development,3
21,404,1786,TzA6BZ0UZKs,UCCK3OZi788Ok44K97WAhLKQ,development,2
21,405,1789,S45gDPv0Z1c,UC2RlY2LHoGOoaU8qRI9sZ9g,development,1
21,406,1797,-BFJWzZR1S0,UCbS_glb2N1NVTrDLVryRbng,development,4
21,407,1800,Pb3OidvhkqE,UCOtYyt7W5PmPnwQjWWF_Z-Q,development,3
21,408,1801,N8m8NiA3-pA,UC-0Mao449ypwT0j6O4Dq1kA,development,5
21,409,1809,mi0YnbgvR3c,UCaAS8NE44BmqghoZeVa2KtQ,development,1
21,410,1810,GFIqpIAVX4E,UCr5BVR_ePEz_9V-KF5rSEmQ,development,2
21,411,1816,CMwufMYY4mk,UC8-hQvmKBaEHtk9_0OfF4HA,test_reserved,
21,412,1817,vf7czbKsjqw,UCcijXxFzSXgoM6q9cCtT9PA,test_reserved,
21,413,1818,AMmw4bOdrXs,UCDoXItIw1akXVz4Gk_F8CDw,test_reserved,
21,414,1838,G_nk4YmfrBY,UCqrqt9Egbp4Voh3iEUUoorw,test_reserved,
21,415,1839,NCX9uCy-j18,UC8lKgUHo-2mSR5cRRXO9xow,development,3
21,416,1847,weJcYpwC5To,UC80S9x_1mLIq3Q21dG-iy5A,development,1
21,417,1853,wnIMQrdqJus,UCP2YhISU6q8pOw8fbS4NjTg,development,4
21,418,1858,Um0H0GJJRLQ,UC4EtZkAiRfpNl1QRxWTuXaA,development,3
21,419,1861,WXIvTDywN1g,UCcijXxFzSXgoM6q9cCtT9PA,test_reserved,
21,420,1864,qlVlIhopSGs,UCPXSUKHTNc1_hnHuj-UiQWQ,test_reserved,
21,421,1867,-dCo20EFhPk,UC7di5zivMKpYOmhyhZ2nVvg,test_reserved,
21,422,1869,zjEofrLvTJM,UCXLyL2Fg5DZouTYsYtRT0WQ,development,2
21,423,1871,axI2M-qQHww,UCqrqt9Egbp4Voh3iEUUoorw,test_reserved,
21,424,1876,1O-n3gZX-T8,UCEItJuaZGCe0BlGzRKruP0A,development,5
21,425,1881,Qb4Xfxa_854,UCh9qXeL8eP3Txra2908xksg,test_reserved,
21,426,1886,TiAteHV5h0A,UC0ZcZzDZe8x6-olaRR5-wYw,development,4
21,427,1890,F2-H8Xhdmcw,UCOtYyt7W5PmPnwQjWWF_Z-Q,development,3
21,428,1891,ZbGuuq6_xYQ,UC8qBNfgWRK_WYYGSmmrfgPA,test_reserved,
21,429,1894,f9WXl4jrAY0,UCgnFSj7jQffD5V5m05j4dPw,development,5
21,430,1895,pIzwC4o7EfU,UCidNC9-9DsHj3FmP5N42Lqw,test_reserved,
21,431,1899,8uN9X93lH7U,UCQN2cRMiB1BkljRswBN802g,test_reserved,
21,432,1901,WZS-m8pYLJY,UCgkHqu3n1qAHqd7aL1RE8Ew,development,4
21,433,1903,7Svq6TRaoYw,UCVXCitEEweQox0oyIsJONrQ,development,3
21,434,1905,6MohYExak8U,UCRDDfbYPHX_GUJ4lcQYTc8A,development,4
21,435,1906,gGAVEen7tTE,UC-dHEjWS4CibzGtijQC6cOg,development,5
21,436,1909,q3wgUrSnZxk,UCckltLEhFLv8Xz_lQhYfwmg,development,1
21,437,1917,mGLDwTFpDTk,UCIKg0Ev6Vq2M7hU7bL_jHFQ,development,4
21,438,1920,ksSpKU2EexU,UCckltLEhFLv8Xz_lQhYfwmg,development,1
21,439,1921,b9UFdaR0Qhk,UC8qBNfgWRK_WYYGSmmrfgPA,test_reserved,
21,440,1937,An5bMLnth2Q,UCQkPhQ-6NhA1v7Tpsp6EnKQ,development,2
21,441,1939,W_UobCnoO7w,UCCK3OZi788Ok44K97WAhLKQ,development,2
21,442,1940,RVyKbt-oKvo,UCcspHoBTj_aLhnJLwkMpWHQ,development,5
21,443,1943,zoMa6s8TavY,UCJc1hbJPvG5f2v8iSPG-3CA,development,1
21,444,1950,gATrYOSqbSk,UC-4FUBrbjpCCoNGqHh6X5og,development,4
21,445,1953,vkpV09QPDeQ,UCckltLEhFLv8Xz_lQhYfwmg,development,1
21,446,1963,6QuCtIh0UZg,UCaESx7Bdghv_UICcG1hBkcg,development,5
21,447,1964,cIrStD0auus,UCOtYyt7W5PmPnwQjWWF_Z-Q,development,3
21,448,1968,PNEbAo8pWoo,UCCK3OZi788Ok44K97WAhLKQ,development,2
21,449,1985,fth22kM3JAk,UCBWG_GjopQPckewo1_IvhLQ,development,1
21,450,1998,zKjYpekHsMI,UC0554zf4RvVkxwt_tS4Wx_g,development,3
21,451,2002,nLJ-S8jFp28,UCckltLEhFLv8Xz_lQhYfwmg,development,1
21,452,2006,cdS6SIiUtXk,UCckltLEhFLv8Xz_lQhYfwmg,development,1
21,453,2010,ATKqxu3r52c,UCjq3jp1xBUTbQodcOHXAGEg,development,1
21,454,2027,AQP7GQa9rvE,UCTlVnv2IrpdHPiB4PeaH6Lw,development,2
21,455,2033,W8558oZ0eZo,UCOtYyt7W5PmPnwQjWWF_Z-Q,development,3
21,456,2034,B0r8byIUlXE,UCgnFSj7jQffD5V5m05j4dPw,development,5
21,457,2040,Jikrpfb11Lk,UCqrqt9Egbp4Voh3iEUUoorw,test_reserved,
21,458,2042,L1gpzlAxvVw,UCn6YTM3fvYdwCOHpdNJBOeg,development,4
21,459,2044,l3SjR4gZayw,UCQTcNhAZidy1i9wwmdgf2Lw,development,4
21,460,2055,jieENKDRJDo,UCCK3OZi788Ok44K97WAhLKQ,development,2
21,461,2057,Cof5UyX0lTc,UCVqfoMNwM8SIpL6BMGTZbcA,development,1
21,462,2060,TfkXqjtOKhE,UChlTbGDLAEo8WN_qZLavi7Q,development,2
21,463,2061,bL43IXVICeM,UCckltLEhFLv8Xz_lQhYfwmg,development,1
21,464,2067,i465dEbeJ1A,UCckltLEhFLv8Xz_lQhYfwmg,development,1
21,465,2070,T_krFwUolK0,UCvr8FfbItix2xyxAqRpq2kw,development,3
21,466,2072,lOK8r0d5L5Q,UCckltLEhFLv8Xz_lQhYfwmg,development,1
21,467,2073,H0pktaTI1Ik,UC1YGPDtctHGJWW0NrlQVklw,test_reserved,
21,468,2075,raYlFv6d8GM,UCuW9OiaVwvoOraW1Jcc3_uA,development,2
21,469,2081,lxTjjbnZkdE,UCMw--nUMJjK2GNrLXdsnDzg,development,2
21,470,2083,7lgE9QRhh2E,UCRDDfbYPHX_GUJ4lcQYTc8A,development,4
21,471,2084,T39WhB9lLas,UCKd4c6Ke8GsuUWf2BnOI4WA,development,3
21,472,2087,FQ8z8GoIxHs,UCbS_glb2N1NVTrDLVryRbng,development,4
21,473,2091,aC-fah15MAI,UC8lKgUHo-2mSR5cRRXO9xow,development,3
21,474,2093,ihyvA3ngiQU,UCckltLEhFLv8Xz_lQhYfwmg,development,1
21,475,2096,Pa2iHR3vn0M,UCCQ3mUIQTv2Snhw5Os0Yo5Q,development,3
21,476,2098,vsZCRbEiNtU,UCGnnbsbqbCc7KxSIAbC_d2A,test_reserved,
21,477,2102,5tQGlnHVSbs,UCY4bDDhY9fqt97qV4mVAiAw,development,4
21,478,2111,QpD8iitYNRg,UCCK3OZi788Ok44K97WAhLKQ,development,2
21,479,2128,fQQbyrtM-xg,UCQTcNhAZidy1i9wwmdgf2Lw,development,4
21,480,2130,kGBFU6lw7Ac,UC1YGPDtctHGJWW0NrlQVklw,test_reserved,
21,481,2131,VsHTF0BE-hY,UCoYoYVojg-QGFH7VyKMpB8w,development,2
21,482,2137,Rk7PwYcJsas,UCfctDMDRq0cS1N8ddyvLfAg,development,5
21,483,2138,0w2LJj0qafo,UCXRnXDVoCjqUN_sOJweAXyQ,development,4
21,484,2155,sQv3Wet5eWQ,UCcg4tDKgPLIc_x3lhWdogLg,development,3
21,485,2160,i27NLrvtUCc,UCEItJuaZGCe0BlGzRKruP0A,development,5
21,486,2162,18SO6ZmKAM8,UCOtYyt7W5PmPnwQjWWF_Z-Q,development,3
21,487,2166,IcpLbeVQH5Q,UCcijXxFzSXgoM6q9cCtT9PA,test_reserved,
21,488,2172,4k5uNCl2O9A,UCn0XmAUFv6d2tofMFEesSNw,development,5
21,489,2178,Cy_hMIf7yTc,UCwm5-5k4apHsjjy6g8j6tQg,development,5
21,490,2182,dD3ZAuovWxw,UCOtYyt7W5PmPnwQjWWF_Z-Q,development,3
21,491,2185,hhFfp-2K95w,UCpRnLw-i6ep13w_vh9M9k-g,test_reserved,
21,492,2188,LiGt47vN1Hg,UCoPGkvh-1AoSzh23-ROXrpw,development,3
21,493,2192,rDp5UJnOjSA,UCcg4tDKgPLIc_x3lhWdogLg,development,3
21,494,2195,wWROnHbmRW0,UCtIXoHZjzjT7HehPh6Eru2Q,development,3
21,495,2198,8IpZTvnNJSw,UC12Ujt77-UFGXPAalKwuXDg,development,1
21,496,2200,KbwT4dThW9k,UCOtYyt7W5PmPnwQjWWF_Z-Q,development,3
21,497,2203,6dLA1cf4HJQ,UCXfgx23Lw81I4wsCNhdVBgw,development,2
21,498,2208,cTaNYCct2NM,UC7mhtAaF1ESJgCozpoS2lcQ,development,2
21,499,2209,dGPedZm0pRo,UChlvAvH3N7Xd29DuAJgv0Mg,development,1
21,500,2212,U4dkSTX6HQE,UCg22fUwQQF-7Sf6-TIVIFrA,test_reserved,
21,501,2213,ztSzoTd-Ffo,UCDhV2dS5kewSaccFl9g66sw,development,3
21,502,2216,Y7BkIMTT2rk,UCRDDfbYPHX_GUJ4lcQYTc8A,development,4
21,503,2222,2QmSFCK2qVM,UCkOBWuInZXAP0DT3iAT5hYw,development,2
21,504,2238,iTiHDIVQSnU,UCckltLEhFLv8Xz_lQhYfwmg,development,1
21,505,2239,H7cGDHpqEIY,UCC-QxtkZPfDCczEeT3SEsYA,development,5
21,506,2242,kmyQO5J6l10,UC9iEv8PqeHuC3ZVt0QqN-pQ,test_reserved,
21,507,2244,DCGviawRdHE,UClNX00LvziLlfJ_trtu8llQ,development,1
21,508,2250,JJjv1twuYHs,UCm3mXl7hQbHVMxhKaOeEhYA,test_reserved,
21,509,2251,WpVG8_qrEdg,UCcijXxFzSXgoM6q9cCtT9PA,test_reserved,
21,510,2254,GvGeJnksmOc,UCaESx7Bdghv_UICcG1hBkcg,development,5
21,511,2259,bF22lnLKZAY,UCEUSUxrhCt4n0Pp9WB7q7-w,test_reserved,
21,512,2264,afGpBkxTKCw,UCdB6k3Q_dkVJ77cV9tVWzcQ,development,2
21,513,2267,lgeBpmXnf1o,UCckltLEhFLv8Xz_lQhYfwmg,development,1
21,514,2277,zvu77UNPkzE,UCqrqt9Egbp4Voh3iEUUoorw,test_reserved,
21,515,2279,1nKYVvnrJyU,UCoPGkvh-1AoSzh23-ROXrpw,development,3
21,516,2282,QgKdJ7EUQdY,UCoe7M9QIuCkZ3R0JEqIIBAA,test_reserved,
21,517,2287,bCw4Ji1ILHU,UCf48pki8AqjBHuV80LcC7kA,development,5
21,518,2295,wUAyFWQySVs,UCCK3OZi788Ok44K97WAhLKQ,development,2
21,519,2298,BnVjOvY7dwA,UCCK3OZi788Ok44K97WAhLKQ,development,2
21,520,2305,ITUqTguu-gQ,UCcpvzu2fNDZyKkQ6tETbHLw,development,3
21,521,2308,x8D2oK1XnJc,UCjKSK3d5r0O78WGnMouSvDw,development,4
21,522,2310,Bk98TiHWqrg,UC26VRuzyIws063aBlfjPuug,test_reserved,
21,523,2314,KCvkNJL_mEI,UC2sO_F_Ky4LIAUtSJYXqBDA,test_reserved,
21,524,2315,dhGMe2QCpmI,UCckltLEhFLv8Xz_lQhYfwmg,development,1
21,525,2318,QlEquwPLWsU,UC8lKgUHo-2mSR5cRRXO9xow,development,3
21,526,2327,WscXEUSazig,UC1YGPDtctHGJWW0NrlQVklw,test_reserved,
21,527,2330,s5C4TYtMZto,UCbS_glb2N1NVTrDLVryRbng,development,4
21,528,2331,BNICITnXeFY,UC5-n2dfksESEt3ATmM6Uujw,development,4
21,529,2332,7KJYSJVxWxc,UCbS_glb2N1NVTrDLVryRbng,development,4
21,530,2343,RBqY_dekHlI,UC_OVGNPj6MFL1nZOU05HIZA,test_reserved,
21,531,2346,4mrnX9gpSVU,UCBkEIYKUPw_d06rAFuJfTVQ,development,4
21,532,2352,PZj_kMjDe4s,UCCV84bEXdXJd1HSHhqUhoIA,development,1
21,533,2353,qij6hjNfEdM,UCcijXxFzSXgoM6q9cCtT9PA,test_reserved,
21,534,2366,AM8zaOC5HIc,UCckltLEhFLv8Xz_lQhYfwmg,development,1
21,535,2374,wMYSeMpwoEY,UC_nTuqFK2NuOeVU2YQ7Z6Xg,test_reserved,
21,536,2378,XQIrvUseEGw,UCoE8YTn0TN5LYS9e-lUifjw,development,3
21,537,2380,Dfp7LrzLS4o,UCmwIKQQjwpjNT8OQ_VZuRfg,test_reserved,
21,538,2384,S-P6idUiMDY,UCmqflTSJ6911aCrnaWIXxsA,development,2
21,539,2387,yuksaKdWAXY,UCu_ocDeJ-wty_Y1IiittaBA,development,3
21,540,2392,UWSG3THp0Pk,UC9iEv8PqeHuC3ZVt0QqN-pQ,test_reserved,
21,541,2395,VMVMUZ5qJNU,UCQAGAV3lVRNMRwP44gY97lQ,development,1
21,542,2401,lM41r40UsIM,UC-budHy3MfX1QRQPT3GTu1w,test_reserved,
21,543,2402,meF7bG8S-sY,UC5-n2dfksESEt3ATmM6Uujw,development,4
21,544,2403,oKsVmXe9kRw,UCrYItZrCXaq1dZ-6ArlCc6A,development,3
21,545,2405,XEJIRFLcNes,UCfTCfcZwZ9U0jMO-6fVEYoQ,development,5
21,546,2406,5y-VavL9UlM,UCckltLEhFLv8Xz_lQhYfwmg,development,1
21,547,2410,h8kIchGT3AA,UCUWsih24MIJm0hrkWmhJkmA,development,4
21,548,2441,P2__9X1uWQI,UCDhV2dS5kewSaccFl9g66sw,development,3
21,549,2444,9o59Urcc77k,UC-GRFwciK7JiP8T4tl0pftQ,development,3
21,550,2446,JUPixfStlGo,UC1YGPDtctHGJWW0NrlQVklw,test_reserved,
21,551,2448,j97XMPb_TfE,UCckltLEhFLv8Xz_lQhYfwmg,development,1
21,552,2449,rgiPctc3SH0,UCa870dAVqsigV788JFDcFoQ,development,5
21,553,2452,2jc8tSalVIE,UCpRgfr4_Eax0HHa2rwkRQ2w,development,5
21,554,2453,UvDPFv2CvWc,UCoPGkvh-1AoSzh23-ROXrpw,development,3
21,555,2455,sUe2xKoIw8c,UChtQ7TCSKmvCIqonz1eto1w,development,2
21,556,2459,9JYBt1FR6vg,UCCK3OZi788Ok44K97WAhLKQ,development,2
21,557,2462,SGzMNPVeHBs,UCl2s_wU_NKeue51sdiP1s0g,test_reserved,
21,558,2466,9vLztN6axDU,UCaESx7Bdghv_UICcG1hBkcg,development,5
21,559,2469,wTKpjIXpnnY,UCbCAIiyYUDoFFIzXS0HxYTA,development,2
21,560,2475,XDXbtlHlQes,UCRDDfbYPHX_GUJ4lcQYTc8A,development,4
21,561,2478,F7P4jlCUAa0,UCQTcNhAZidy1i9wwmdgf2Lw,development,4
21,562,2488,H2IE2MXM2XA,UCz5VldG-q50ldO8dU7qio4g,development,5
21,563,2489,7ZkpxnqO-GY,UCgnFSj7jQffD5V5m05j4dPw,development,5
21,564,2490,Nmg2BKcBz_Y,UCdvzidU6j1UdUBhaEw-LLuQ,development,4
21,565,2494,SOuoXkFIV6c,UCZpPfCxvP6T9rCkDX3tQfOw,test_reserved,
21,566,2504,KRI7FROQErM,UCqrqt9Egbp4Voh3iEUUoorw,test_reserved,
21,567,2510,4L5VA23H5_4,UC2sO_F_Ky4LIAUtSJYXqBDA,test_reserved,
21,568,2516,kT4y5caeLiQ,UC1YGPDtctHGJWW0NrlQVklw,test_reserved,
21,569,2521,owlaRrsygwU,UCbS_glb2N1NVTrDLVryRbng,development,4
21,570,2523,NuueHFz5lWE,UCAGQUfHzdsgxJ1pq2XDS2TQ,development,2
21,571,2524,g69q_8aCguo,UCmqflTSJ6911aCrnaWIXxsA,development,2
21,572,2530,HoIN6AK-b1Y,UCt1c2_2IHxYppY-vnBem2JA,development,4
21,573,2534,ry0XSTznQBI,UCcbOsE5_4LEjtQi8X2PFxDw,development,3
21,574,2535,O_OgP4ruF5Y,UCckltLEhFLv8Xz_lQhYfwmg,development,1
21,575,2537,CvXmGIvlg2g,UCLnBDHkiAQQ6m8hHQsbtcOA,development,5
21,576,2538,kPK8WbPSxRs,UC_Urg845xBIOarYXBx_Ko2w,development,5
21,577,2544,gh4Pdqg6oh4,UCbS_glb2N1NVTrDLVryRbng,development,4
21,578,2545,l0tNRbBICWQ,UCAeBFsK2bmm5lkgy90uFiqw,development,4
21,579,2547,0W_TxIJBkq8,UCgnFSj7jQffD5V5m05j4dPw,development,5
21,580,2549,jbmKv3xbYDw,UCCK3OZi788Ok44K97WAhLKQ,development,2
21,581,2551,S19KMe5sjNo,UCJEnfxBpv0TwLx_mAf9NXHg,development,3
21,582,2552,H-p0OmrHxoI,UCqrqt9Egbp4Voh3iEUUoorw,test_reserved,
21,583,2553,iiWk0sl3hQ4,UCXn1a_JRiiunkEVS9tamdCA,development,4
21,584,2555,drNuwabXR_s,UCCK3OZi788Ok44K97WAhLKQ,development,2
21,585,2559,QnFBcVd9Iy4,UC1YGPDtctHGJWW0NrlQVklw,test_reserved,
21,586,2578,Cp_AY3jeI08,UCOtYyt7W5PmPnwQjWWF_Z-Q,development,3
21,587,2579,IS0fgO_gbm4,UC1YGPDtctHGJWW0NrlQVklw,test_reserved,
21,588,2586,LrTTXceD2kg,UCcijXxFzSXgoM6q9cCtT9PA,test_reserved,
21,589,2594,_DolfuOZV88,UCB3pmaew5i2Sp9LJe03BU8g,development,5
21,590,2595,gfKit2XUdRI,UCcg4tDKgPLIc_x3lhWdogLg,development,3
21,591,2604,8gYw6wdFO3s,UCckltLEhFLv8Xz_lQhYfwmg,development,1
21,592,2605,xkXbAjoYEkM,UCrPfqXI9IoCchcaZz9rY50A,test_reserved,
21,593,2607,UUY9c1ZNX6o,UCaCnmd0sVADrw8228hCBnlA,development,3
21,594,2609,0gggQdEiYbU,UCth9R703obgHx665cpiNY9A,development,1
21,595,2610,xEq_epxCIuM,UCEuz_HGv5er0LZsztjO4g5Q,test_reserved,
21,596,2613,_5EnUxIooes,UCG0j1mTQov3RVBgLgh6wbKg,development,2
21,597,2615,-OLGXXHnAQo,UC324VVhYKykBv01GecF4aYg,development,5
21,598,2622,OTbQeY5_it0,UCXSus5Zss-0FP1quj0Mpndw,development,3
21,599,2623,qcfQawUlWmA,UCq5SmrhSWmp89RR1JpO2z8Q,development,4
21,600,2624,HLkFLm1Mg8Y,UCCK3OZi788Ok44K97WAhLKQ,development,2
21,601,2625,0ln2VcUDB1I,UCcg4tDKgPLIc_x3lhWdogLg,development,3
21,602,2626,T01UX9ZhJco,UCcijXxFzSXgoM6q9cCtT9PA,test_reserved,
21,603,2627,oPS0RYfw5GE,UC8lKgUHo-2mSR5cRRXO9xow,development,3
21,604,2633,QkK4pwRrynY,UCpErRATj-Z4ux1lAtBhdfbg,development,5
21,605,2634,N7boowzospY,UCcbOsE5_4LEjtQi8X2PFxDw,development,3
21,606,2641,a8TAvuq69UU,UC8lKgUHo-2mSR5cRRXO9xow,development,3
21,607,2645,hPEuch024jU,UCHhk9EHspPZejY9PnR1PLVg,development,2
21,608,2646,PyOAazQW51U,UCAH7R88V7gz7RqJv78nNOzg,development,3
21,609,2647,He7ahBHUWhU,UCqrqt9Egbp4Voh3iEUUoorw,test_reserved,
21,610,2658,mJj_V6WO7CM,UC4zvRArzwIHBnQY6FkDGMCA,development,5
21,611,2663,3J7BHlJmtcU,UCckltLEhFLv8Xz_lQhYfwmg,development,1
21,612,2665,1HgykIrFHI8,UC8lKgUHo-2mSR5cRRXO9xow,development,3
21,613,2666,9JBMg_ogRg8,UCPXSUKHTNc1_hnHuj-UiQWQ,test_reserved,
21,614,2668,rEOYp-8anMA,UCt1uMmva5HBK0qu1hTGGvzA,development,5
21,615,2673,gELYmbloBhg,UC0ZcZzDZe8x6-olaRR5-wYw,development,4
21,616,2677,0bBFqLGKJ78,UCazesppn7KdpNZbEcgMZxJQ,development,2
21,617,2681,jsPdW_AshrE,UCkC-yhK-WnPNaNslH_LbBWQ,development,3
21,618,2683,-ZWhEl1JeB8,UCCK3OZi788Ok44K97WAhLKQ,development,2
21,619,2685,t46vwsuy5Ps,UCiPqzkmX93ta8vFwMVS81oQ,development,4
21,620,2691,47Q8CjXnviE,UC6jQt9K_jqnBNtsRf7hXHsA,development,5
21,621,2697,rIVqYLxnMvk,UCCK3OZi788Ok44K97WAhLKQ,development,2
21,622,2702,orlbsecNRqk,UCMxeqmVKOqiqh7V_A3h4gfA,test_reserved,
21,623,2704,yFQdOezSqKw,UCCK3OZi788Ok44K97WAhLKQ,development,2
21,624,2705,i9yWcL7GpEw,UCGRcGg4t8Q3iMit9hbQg7WA,development,3
21,625,2709,AFiMGEYAB5o,UCiSjgMdwgt_wYFGu2QpVtPg,test_reserved,
21,626,2716,4_kAZMjGxCg,UCgnFSj7jQffD5V5m05j4dPw,development,5
21,627,2718,OZjrV20GSXM,UCcijXxFzSXgoM6q9cCtT9PA,test_reserved,
21,628,2720,i9h81z0MQ4g,UCfG1KjPgXr137xDf4RJMtCg,development,3
21,629,2721,N3QGTlXksY8,UCofF1Whz-uMOt6JJAoHa9wQ,development,5
21,630,2722,7Bs1UChvxlg,UCVqfoMNwM8SIpL6BMGTZbcA,development,1
21,631,2735,RVoU5oSjzt8,UCCK3OZi788Ok44K97WAhLKQ,development,2
21,632,2736,48s6GBYAzbs,UC0MnP2Iso6enxaJTBZ3_nJw,development,1
21,633,2741,pGggsgHRbxU,UCPXSUKHTNc1_hnHuj-UiQWQ,test_reserved,
21,634,2745,RyNd0LHYNcE,UCckltLEhFLv8Xz_lQhYfwmg,development,1
21,635,2754,UM5hjBppshw,UCQIWzvLOlB4tu84TtOTJCGg,test_reserved,
21,636,2762,bQz-84be7gM,UCbCAIiyYUDoFFIzXS0HxYTA,development,2
21,637,2763,FFCzRjeRn10,UCdgWTRipbTuQsIiiPb6fB-A,development,4
21,638,2764,znbwj2CBH4o,UCkagcQYGoYFuXsUg-ObSL6A,test_reserved,
21,639,2769,cBzYLcYsjhs,UCbS_glb2N1NVTrDLVryRbng,development,4
21,640,2781,7PIrBxZ8-mE,UC8kC4R1-G80cwxWLr6jvmtw,test_reserved,
21,641,2801,AsrXMhP8cMg,UCWnYU_OGWX9P_Yv17M-qKCA,development,3
21,642,2802,8-m70EvY4pk,UCbS_glb2N1NVTrDLVryRbng,development,4
21,643,2807,DpSSdrgmI4Q,UCckltLEhFLv8Xz_lQhYfwmg,development,1
21,644,2812,P8-VZ-S2fvs,UCqrqt9Egbp4Voh3iEUUoorw,test_reserved,
21,645,2819,Ao0bXZ8enIc,UCf2Iar2LDcFaSCnVH1ZMUkA,development,3
21,646,2821,dcey7XWbDkc,UCcbOsE5_4LEjtQi8X2PFxDw,development,3
21,647,2826,ktXuT5c1SjM,UC324VVhYKykBv01GecF4aYg,development,5
21,648,2830,Pf7ZBlMmbD4,UCmqflTSJ6911aCrnaWIXxsA,development,2
21,649,2835,hTaBFs0PMrE,UCOtYyt7W5PmPnwQjWWF_Z-Q,development,3
21,650,2838,wcqND8VgmYk,UCCK3OZi788Ok44K97WAhLKQ,development,2
21,651,2839,MKmUifi4zkw,UCHrjPef58odmjGI-2rfIjZw,development,3
21,652,2840,1S9JTpz0I6A,UCn0XmAUFv6d2tofMFEesSNw,development,5
21,653,2841,H7rpXV5rLZE,UCOtYyt7W5PmPnwQjWWF_Z-Q,development,3
21,654,2845,Nx98SGlQJ3s,UCbS_glb2N1NVTrDLVryRbng,development,4
21,655,2855,N75FbYCQRI4,UCmqflTSJ6911aCrnaWIXxsA,development,2
21,656,2856,8IWVDNV-Uj8,UCf48pki8AqjBHuV80LcC7kA,development,5
21,657,2858,aqwnvRd0QE4,UCIKg0Ev6Vq2M7hU7bL_jHFQ,development,4
21,658,2866,repKzLLQ_Eo,UCslQTjunYucYv2IAoZ1vVnQ,development,4
21,659,2870,36pHvCqDhUs,UCcFg0_EkuomROD6HEJA8t5g,development,2
21,660,2872,nQEoDvwijq8,UCckltLEhFLv8Xz_lQhYfwmg,development,1
21,661,2874,Fpmqe4lENHk,UCckltLEhFLv8Xz_lQhYfwmg,development,1
21,662,2882,xyCssDbcLfI,UCckltLEhFLv8Xz_lQhYfwmg,development,1
21,663,2884,UxMg26DZm9Y,UCoQOQFHBsBAhobpI8NradTA,development,1
21,664,2885,gPeM9s5UHeU,UCekdpdajQ1JyGxUbmsN7nNA,development,1
21,665,2887,O_QWaz1SWuM,UC9SgyReu4QufMUTFhZYYEMw,development,1
21,666,2888,NDArWGxSfqY,UCgnFSj7jQffD5V5m05j4dPw,development,5
21,667,2892,430zIPHQhnA,UCkNlyDd1Khxu8TaKAayoa4w,test_reserved,
21,668,2894,-ljy753adG0,UCkEC1Cni_4S08XLUPk4e40Q,development,3
21,669,2897,oHZXe9uLEtc,UCZpPfCxvP6T9rCkDX3tQfOw,test_reserved,
21,670,2900,2GhiTLdKut8,UCCK3OZi788Ok44K97WAhLKQ,development,2
21,671,2903,QZ8-wa6K9bU,UCc30sTBdN9LRSxEuHaXV_bQ,test_reserved,
21,672,2904,8P5zqQlXhhU,UCfxrtRajRgkbSCct-w7jErQ,test_reserved,
21,673,2905,etJXc7m4Tj8,UCRDDfbYPHX_GUJ4lcQYTc8A,development,4
21,674,2911,O_RIxdsVDEw,UCQTcNhAZidy1i9wwmdgf2Lw,development,4
21,675,2916,IZWnnhA4mSA,UC0tV1b7IFEXFUUILF7mAcWw,development,2
21,676,2930,MigFaO-bS3Y,UCjm7vbOwssao7Bhm9wX3-bw,development,5
21,677,2933,TXNiMuqp7m4,UCR6bwkq2RbGG12zWqD9YRvw,test_reserved,
21,678,2941,roIKSikx3aA,UCPJRtoh7x7vEw0-d59JwKiQ,test_reserved,
21,679,2954,gm0-ohMHPfU,UC95VofaZiQPFwRMaqPhLc0w,test_reserved,
21,680,2960,KbPJs8cGMto,UCbS_glb2N1NVTrDLVryRbng,development,4
21,681,2969,nTltFCmCw_8,UCIW2pneMPYovEjy2cwyJqPw,development,3
21,682,2970,XLWW0xuRIJg,UCOPqjdQOIF6faslRMEruJmA,development,5
21,683,2971,UI3XK_RiECM,UC_AuTY5qqpUUYFLSDQIbOsg,test_reserved,
21,684,2975,U4zfYqDvPrs,UCcijXxFzSXgoM6q9cCtT9PA,test_reserved,
21,685,2979,hZXEW96aEOQ,UCcijXxFzSXgoM6q9cCtT9PA,test_reserved,
21,686,2982,u-YO9zbOaKo,UCLA8Ovy_NPAwMWvr8IEDquw,development,4
21,687,2985,Tntb-gCiPJs,UCkagcQYGoYFuXsUg-ObSL6A,test_reserved,
21,688,2986,I4pu_WVlthk,UCgnFSj7jQffD5V5m05j4dPw,development,5
21,689,2989,05w_njNPin4,UC7NapJjZn91I2PnqsG2jXKA,development,5
21,690,2995,AVxFdKs31l0,UCVwfluXqG3UUGOS9-nHqBdA,development,2
21,691,2999,QhGWVGjXGGA,UCy9n9YrTsfIMdaPhKYRsdLQ,development,2
21,692,3000,_s8z490yQjM,UCXfgx23Lw81I4wsCNhdVBgw,development,2
21,693,3010,K-Yk3rAgntA,UCOtYyt7W5PmPnwQjWWF_Z-Q,development,3
21,694,3012,WbcFg_0qiEg,UCcrsFwwoMvcXYpJ0XldIlVQ,development,3
21,695,3014,0oK3VrtI0Jc,UCBWG_GjopQPckewo1_IvhLQ,development,1
21,696,3029,p3PVRF9Mg2M,UCofF1Whz-uMOt6JJAoHa9wQ,development,5
21,697,3034,BorzG1wFtlE,UCckltLEhFLv8Xz_lQhYfwmg,development,1
21,698,3037,-esAqJEH89o,UCEmxWFAHJxo0qpRfxCDvVUA,development,2
21,699,3038,avu7InxkfSk,UCMQg72D9bcWjW-umvECrcAQ,test_reserved,
21,700,3043,j42H-anmbO8,UCKIAuvwMPOv0uVrGdGS2V7w,development,2
21,701,3048,T5oW2TtmMig,UCMxeqmVKOqiqh7V_A3h4gfA,test_reserved,
21,702,3049,yviI3SvMOmE,UCcbOsE5_4LEjtQi8X2PFxDw,development,3
21,703,3050,8lbUyOuSla8,UCyrW9aDENkU6G6URdVFwB9g,development,3
21,704,3058,8k5G2pNNPEA,UCcsxQFWrFBlECkKlr4MhpQQ,test_reserved,
21,705,3062,crp6G6iSvhg,UC1YGPDtctHGJWW0NrlQVklw,test_reserved,
21,706,3067,NzoN67T3row,UCg22fUwQQF-7Sf6-TIVIFrA,test_reserved,
21,707,3068,m3RAKlcuOF8,UCbS_glb2N1NVTrDLVryRbng,development,4
21,708,3069,7g2ScDRIakU,UCrX70F3Raylk2fXAT8Xc1Zg,development,4
21,709,3078,vmlGR8Wcb-U,UCkl2iKEW9ltlrBOjzCNJgzw,development,4
21,710,3082,1AxhL22rU_Y,UCaIc6SgS90ud_RgMSC6hW_w,development,3
21,711,3084,pE0gvERg__E,UC2vkiMjVj6b_1hq0q3J5pyQ,development,2
21,712,3087,Clz_m0WErpg,UC2sO_F_Ky4LIAUtSJYXqBDA,test_reserved,
21,713,3088,4LqHc3Cmo0c,UCckltLEhFLv8Xz_lQhYfwmg,development,1
21,714,3099,uNVW11W7QfE,UCx7lEnwLHxO9yPjOotGb-bA,development,3
21,715,3105,kszWf1E3kNo,UCXDs97xqSkkV9WSXMtYvCEw,development,4
21,716,3106,ylI-FrUwQdQ,UCCK3OZi788Ok44K97WAhLKQ,development,2
21,717,3107,4qgXGOTDqfs,UCXfgx23Lw81I4wsCNhdVBgw,development,2
21,718,3109,Dar5CV9p5f0,UCbS_glb2N1NVTrDLVryRbng,development,4
21,719,3113,5MCS8H5cmc8,UC4apyq44SI58537YMVA5hFw,development,3
21,720,3119,RfsG6KhBG-M,UCLR467wlkHhrQjVq-0bdKng,development,1
21,721,3120,UCofZu5FgGI,UCbS_glb2N1NVTrDLVryRbng,development,4
21,722,3121,Amxtww8sT2k,UCyaIoiqUyGoO7u6jIZm3h6Q,development,3
21,723,3122,Xw2h9vxQfRk,UCckltLEhFLv8Xz_lQhYfwmg,development,1
21,724,3124,9ItjuI_m5H0,UCcijXxFzSXgoM6q9cCtT9PA,test_reserved,
21,725,3129,Hr5lv8fw5HQ,UCCK3OZi788Ok44K97WAhLKQ,development,2
21,726,3131,Xt_oI7ImMs4,UC_YTN_LVEtt1Ff8ZBLN67ow,development,1
21,727,3132,NxHO9rnmA8A,UChn_3fE8-wRZdCp_-bD7MUA,development,5
21,728,3134,uqcm2sGjLPU,UCckltLEhFLv8Xz_lQhYfwmg,development,1
21,729,3135,6xaCfZwfcZM,UCAH7R88V7gz7RqJv78nNOzg,development,3
21,730,3140,dXYs03kZf7o,UC4Pb9SEsCb1EpsXVYAVVajw,development,2
21,731,3143,GYraYeyzO-I,UCckltLEhFLv8Xz_lQhYfwmg,development,1
21,732,3153,3r9ajr626aI,UC12Ujt77-UFGXPAalKwuXDg,development,1
21,733,3158,SmxvGE5uoxY,UCrtXFLaJQUh6R8xjW6l5tMQ,development,5
21,734,3160,rVJtdihaafk,UCCK3OZi788Ok44K97WAhLKQ,development,2
21,735,3162,wc3xUADg_Q4,UCh9qXeL8eP3Txra2908xksg,test_reserved,
21,736,3163,pOvYAJRh9J4,UCpfrIJXRqOTx2kPVsUytO4Q,development,5
21,737,3164,_IPRLIgl8KM,UC6jQt9K_jqnBNtsRf7hXHsA,development,5
21,738,3180,zP6rWtFhNVw,UCix7C1KG_SPtiMXommMExNg,development,4
21,739,3184,S9RgK-Fy9lg,UCRDDfbYPHX_GUJ4lcQYTc8A,development,4
21,740,3186,-tPqRav5mjI,UCYbt3LkjHI9rVvYfq0jN_ew,development,1
21,741,3187,kL9dfsvgD4U,UCS1FukhR2GeYArdB87fVFVg,development,1
21,742,3190,9btYdbh6hVY,UCuW9OiaVwvoOraW1Jcc3_uA,development,2
21,743,3195,Cae9nOUE34U,UChlvAvH3N7Xd29DuAJgv0Mg,development,1
21,744,3204,inUC95_kHe0,UCqDbs3rlemiBZmhkh9gXXHg,development,5
21,745,3208,I7PG5u9pqKE,UC8lKgUHo-2mSR5cRRXO9xow,development,3
21,746,3210,uKBXYFwJr_g,UClMr-ncdbeS5Ay4o-V7zRYQ,test_reserved,
21,747,3213,T9HIffWc1L4,UCPXSUKHTNc1_hnHuj-UiQWQ,test_reserved,
21,748,3220,8Gj-CnYr-mM,UCCK3OZi788Ok44K97WAhLKQ,development,2
21,749,3222,5ue9g1F2FfE,UCn0XmAUFv6d2tofMFEesSNw,development,5
21,750,3230,C3lUs-wnj9w,UCckltLEhFLv8Xz_lQhYfwmg,development,1
21,751,3233,dTLQBhjuONw,UCbRbdFTihZZCq8r5-bQa0sA,development,2
21,752,3234,A4vt1NQn92Q,UCgnFSj7jQffD5V5m05j4dPw,development,5
21,753,3236,rq8eKpOg-7w,UCgnFSj7jQffD5V5m05j4dPw,development,5
21,754,3237,zSdFgEkPjyg,UC2sO_F_Ky4LIAUtSJYXqBDA,test_reserved,
21,755,3242,l1TdG_FA3Yc,UCgnFSj7jQffD5V5m05j4dPw,development,5
21,756,3243,ssgBOGuYd-c,UC324VVhYKykBv01GecF4aYg,development,5
21,757,3249,ZOPuC-E4q10,UCKIu3ZRCEk_oOygPzjVStfQ,development,5
21,758,3254,SSbKmtgsWQM,UCV-q7cRK5yFYEFzWuoQOmQQ,development,5
21,759,3268,DXzf_Qua5s0,UCCK3OZi788Ok44K97WAhLKQ,development,2
21,760,3271,tZiFRPo095M,UCyaXn4baYP2PVJtegGVRDiw,development,1
21,761,3274,0xtm19RXmJA,UCh2Xwe7on2Oa2MBtk8zvEuw,test_reserved,
21,762,3276,C3_0_iGqghk,UC5Q9lmEDB_pWZdzzLI07eVg,development,5
21,763,3280,g7vrTALggHg,UCaESx7Bdghv_UICcG1hBkcg,development,5
21,764,3283,1WghV7XZ3-E,UCPXSUKHTNc1_hnHuj-UiQWQ,test_reserved,
21,765,3289,HvfSCRxNn4A,UCAKAcMWVANp_qXgWKlXMCFA,development,3
21,766,3291,eHDKCl2qS3g,UCOtYyt7W5PmPnwQjWWF_Z-Q,development,3
21,767,3292,NppNDtbJwTk,UC1e3SfoIliz7Do8r_siL7Vg,development,4
21,768,3303,W8omvMK9IDY,UCPXSUKHTNc1_hnHuj-UiQWQ,test_reserved,
21,769,3304,sZatDWFrFFQ,UCcg4tDKgPLIc_x3lhWdogLg,development,3
21,770,3316,ZLAJJ6dlthw,UCny5tlaR3oR4cfKHOxqylgw,development,5
21,771,3321,KG-nAXZ22ew,UCPXSUKHTNc1_hnHuj-UiQWQ,test_reserved,
21,772,3325,V4_8N2gki3Y,UCckltLEhFLv8Xz_lQhYfwmg,development,1
21,773,3328,MwJeABZqDyg,UC6XsnLgVVzNkjTCpRVJ6u3w,development,2
21,774,3330,4BRTbxvRdcs,UCcvHzQiVySqeTBQbTZ-ElOw,development,5
21,775,3331,KIVqRy3y2OE,UCjm7vbOwssao7Bhm9wX3-bw,development,5
21,776,3333,YNbWUURqmXM,UCbkAklUqbCi69K8xQdbe48A,development,1
21,777,3348,I0yAtNFdueI,UCOtYyt7W5PmPnwQjWWF_Z-Q,development,3
21,778,3349,fYdLo4ct5a0,UCbS_glb2N1NVTrDLVryRbng,development,4
21,779,3351,ZPqu8L5P6as,UCgnFSj7jQffD5V5m05j4dPw,development,5
21,780,3353,DTgT07M6jDg,UC2b5VAYjsOfepl9nAXgRmfQ,development,4
21,781,3354,OvelICSnw1c,UCCK3OZi788Ok44K97WAhLKQ,development,2
21,782,3356,bi8Nqi5_9IM,UCckltLEhFLv8Xz_lQhYfwmg,development,1
21,783,3359,_9R70m00bTk,UCCK3OZi788Ok44K97WAhLKQ,development,2
21,784,3363,pPAyvPrhkEs,UC9ydRoXpQVhwb3sM7VY8xNg,development,1
21,785,3365,FTuPRH3-CTI,UCT4afSpF7vaC-RwCJdcGHCg,development,3
21,786,3372,54GHCXgwL94,UCRUyTXpT4JzSSaUyjfclOKA,development,1
21,787,3373,L1EMn7DCMME,UCckltLEhFLv8Xz_lQhYfwmg,development,1
21,788,3374,UaNWrW6oFyY,UCaESx7Bdghv_UICcG1hBkcg,development,5
21,789,3377,C7dFqh_-IsU,UCVWqZXv-sjeFu5jKbQ1cA-Q,test_reserved,
21,790,3381,l3tygIBK8UY,UCbRbdFTihZZCq8r5-bQa0sA,development,2
21,791,3386,Rk13U0c2Hn4,UCDqy-V3qY-xtSmiRHlZIWWQ,development,5
21,792,3391,IvSJCcEeBUk,UCQTcNhAZidy1i9wwmdgf2Lw,development,4
21,793,3397,P-BZwt7G-2k,UCCsjZs33zzyQ5VmCz7_YgvQ,development,4
21,794,3404,fsnSZ6CjCcE,UCAKAcMWVANp_qXgWKlXMCFA,development,3
21,795,3412,BxiZzfNJYb0,UCcijXxFzSXgoM6q9cCtT9PA,test_reserved,
21,796,3424,HqLyomHVH1g,UCckltLEhFLv8Xz_lQhYfwmg,development,1
21,797,3426,KEKQ2pDX2Mw,UCckltLEhFLv8Xz_lQhYfwmg,development,1
21,798,3433,tLkpgz54Z2A,UCcijXxFzSXgoM6q9cCtT9PA,test_reserved,
21,799,3437,axktY5OKakQ,UC9uHjpQ3iFPZI9NsSOF3oZA,development,5
21,800,3446,tGmXbHUy7z8,UCfbPqthcdo_1_KHyU4kMiRg,development,5
21,801,3447,6K5DpQa9xjw,UCckltLEhFLv8Xz_lQhYfwmg,development,1
21,802,3448,jU7Mjgww85k,UC-GRFwciK7JiP8T4tl0pftQ,development,3
21,803,3450,NIkMhwmjCK4,UCc30sTBdN9LRSxEuHaXV_bQ,test_reserved,
21,804,3454,t9_U6oVrMYA,UCMayHG7j39d11Gh36vV7GnQ,development,5
21,805,3458,KZCA5xFVFL8,UCzVLtNV0XftD-5uugp5jDhA,development,3
21,806,3462,XGo2Up77y-M,UCJ44oEtQ4TUPUbVS6hLI9Hw,development,2
21,807,3463,7Ba7sCSmXZ4,UCCK3OZi788Ok44K97WAhLKQ,development,2
21,808,3468,kCihBAu0-Z8,UCAH7R88V7gz7RqJv78nNOzg,development,3
21,809,3475,3GC7ELfZF6M,UCOtYyt7W5PmPnwQjWWF_Z-Q,development,3
21,810,3482,_zBGfbM6chM,UCPXSUKHTNc1_hnHuj-UiQWQ,test_reserved,
21,811,3484,PMrjlLXhavk,UCAfSZ4d_LQ3v6gs6r4IADcw,test_reserved,
21,812,3486,pg8ScF3zXsI,UCBUk51w4TcB2Joq2GOh7Peg,test_reserved,
21,813,3514,7pqEUKhxnok,UCcrsFwwoMvcXYpJ0XldIlVQ,development,3
21,814,3522,2RLWbu7uPK8,UCAH7R88V7gz7RqJv78nNOzg,development,3
21,815,3540,wCDal7EUatk,UCCK3OZi788Ok44K97WAhLKQ,development,2
21,816,3552,TE3m-PHEUTk,UC6jQt9K_jqnBNtsRf7hXHsA,development,5
21,817,3565,K6AE8kDdOrE,UCYKyUJ4cVLcnU6rUyJvOupg,test_reserved,
21,818,3566,Ahl0jvymti4,UCckltLEhFLv8Xz_lQhYfwmg,development,1
21,819,3568,f8aJIdJ0tA8,UCckltLEhFLv8Xz_lQhYfwmg,development,1
21,820,3584,TlFBqbv9bU8,UC8rcDufKZ3W6CtZU69CtMXg,development,3
21,821,3597,mlq9Ci3J5XI,UCcspHoBTj_aLhnJLwkMpWHQ,development,5
21,822,3599,CFebGDN5R_Q,UCA5xW2Ce7KT2AtxzDYDebCA,development,5
21,823,3607,AsNOwhyt4iA,UCckltLEhFLv8Xz_lQhYfwmg,development,1
21,824,3608,r4CNTd0-lnM,UCkl2iKEW9ltlrBOjzCNJgzw,development,4
21,825,3609,NTg1OOIBuDw,UCcspHoBTj_aLhnJLwkMpWHQ,development,5
21,826,3610,GqZTQLzDy6Y,UCLA8Ovy_NPAwMWvr8IEDquw,development,4
21,827,3613,uX6JfxsRbrc,UCIoyIVPZEfC2p0dQwAxGiEw,development,5
21,828,3614,0O7C-A3qcu0,UCCK3OZi788Ok44K97WAhLKQ,development,2
21,829,3620,FE6oQ8M0tys,UCqrqt9Egbp4Voh3iEUUoorw,test_reserved,
21,830,3625,KWlDLGgMylU,UCEItJuaZGCe0BlGzRKruP0A,development,5
21,831,3627,P3SdvG-Ws1k,UCCbm1E52PV05ZLv6dtRB92Q,development,5
21,832,3641,YKMGvIZZp2I,UClRNtb47OA2TokvvxKsx7JQ,development,2
21,833,3642,6SCDpZGlK7U,UCnCv6UkoEitRGOxocP0TIPA,development,5
21,834,3647,uhVvqjZl8SQ,UCcsxQFWrFBlECkKlr4MhpQQ,test_reserved,
21,835,3651,XjhDfJHeV3g,UCcijXxFzSXgoM6q9cCtT9PA,test_reserved,
21,836,3654,8q233kZ-3Eo,UCIi-sp4cticvdmHAodPeyvw,development,1
21,837,3657,um-oYyBmWGw,UCIKNDbyl0wVJA-MeUJbNCQw,development,5
21,838,3666,RaA453bUVSM,UC6_QBGzvw98NQApyx4J8CeA,development,3
21,839,3669,2O6b9zebfJs,UCHxH_-4U4y6OuGqe5XiWWqA,test_reserved,
21,840,3678,G1ZSet3mz9M,UC265AWt6bbPKJcmpQwhif2A,development,1
21,841,3686,h-v-OopXmOk,UC5Q9lmEDB_pWZdzzLI07eVg,development,5
21,842,3688,P8h3KMy0QYA,UCn0XmAUFv6d2tofMFEesSNw,development,5
21,843,3691,DvKNO0ir5t8,UCn0XmAUFv6d2tofMFEesSNw,development,5
21,844,3710,Ocrdg6cAfRg,UCbS_glb2N1NVTrDLVryRbng,development,4
21,845,3711,heI9_55SqXw,UCRB8mrLCcwTPlJOMUy9MDUg,development,2
21,846,3714,0ezAdqmSXZw,UCP0FKFuz9j2Dp-QDr-Dv_0g,development,4
21,847,3719,Au5fg27hd3E,UC7yvlRxy_mqtwPMyZ8H5Zkw,development,4
21,848,3728,7AOO0vX_KkE,UCrVFS_0PdV7AwyTgR13IcVg,test_reserved,
21,849,3738,M-jg5jCZHRA,UCnT7Z6-yqjhM__jZbK_B3kw,development,4
21,850,3741,LxlYRLkgQrk,UCckltLEhFLv8Xz_lQhYfwmg,development,1
21,851,3743,VdRI4RgMxPY,UCT83ymyAGm7Gnk_4ifxjxIA,development,4
21,852,3745,28IdRUGRj4o,UCckltLEhFLv8Xz_lQhYfwmg,development,1
21,853,3756,qSHNfyAP75I,UCLWofMl6ouENOuxQwYUPhJg,test_reserved,
21,854,3758,8U8IZlQGZUU,UCGwkKsyd1fbH5eDBEvOIfmw,test_reserved,
21,855,3759,3Su8tb2Ysp8,UCK_mRBdCXMfDqOnnrP5_Ztg,development,3
21,856,3761,n0gaxPTW11k,UCLuP7ROjaueiuNbzrvPqXSQ,development,2
21,857,3764,eGoqfSpbULk,UCckltLEhFLv8Xz_lQhYfwmg,development,1
21,858,3765,ZtZPOmZx0K8,UCqrqt9Egbp4Voh3iEUUoorw,test_reserved,
21,859,3769,d5CQwGHcVZo,UCCK3OZi788Ok44K97WAhLKQ,development,2
21,860,3774,GcWewITShuM,UC3asBjakSJquSeu2yt25lBw,development,5
21,861,3779,LC4nVrjpew4,UCAH7R88V7gz7RqJv78nNOzg,development,3
21,862,3784,ZLEEMvThghs,UC0OQrrbVFEASTwszPPVOndA,development,4
21,863,3790,IxNmnBA2iJE,UCVfnhhDIkkBJ_1QyzCqeVDg,development,5
21,864,3793,_Dyb-nl4Ulo,UCCK3OZi788Ok44K97WAhLKQ,development,2
21,865,3794,853EAPoixOk,UCbS_glb2N1NVTrDLVryRbng,development,4
21,866,3796,YuNCp0lyj8Y,UC61hH_E3HUjIweuWm20wuDg,development,5
21,867,3799,g6mG94MZWlg,UCcijXxFzSXgoM6q9cCtT9PA,test_reserved,
21,868,3803,O79Op03KFdE,UCaESx7Bdghv_UICcG1hBkcg,development,5
21,869,3806,tiwxg7mvGWs,UCMxeqmVKOqiqh7V_A3h4gfA,test_reserved,
21,870,3812,l4B4sAwFTi4,UCcspHoBTj_aLhnJLwkMpWHQ,development,5
21,871,3823,3TZxGrrrzi8,UC2b5VAYjsOfepl9nAXgRmfQ,development,4
21,872,3825,2TCuzkogJhU,UCT83ymyAGm7Gnk_4ifxjxIA,development,4
21,873,3836,T0eZDhP9wmo,UCoCbjrYBYNUeqRQ7HUKADBA,development,4
21,874,3840,MYg3BmE000s,UCbS_glb2N1NVTrDLVryRbng,development,4
21,875,3852,exUeRhbT--0,UCf48pki8AqjBHuV80LcC7kA,development,5
21,876,3855,W2XDRwO1gBI,UCqrqt9Egbp4Voh3iEUUoorw,test_reserved,
21,877,3857,VVYSd4G49cc,UCsU0TSt6Jm_yLlTkZS-FvUw,test_reserved,
21,878,3859,Gu0WI1S6OVM,UCcrsFwwoMvcXYpJ0XldIlVQ,development,3
21,879,3860,4xUYC1KRYK0,UCdotiSNtLlS4qwDto9CdURA,development,2
21,880,3862,PLsDJPdMYrY,UCdB6k3Q_dkVJ77cV9tVWzcQ,development,2
21,881,3869,cZugAtypPaI,UCbS_glb2N1NVTrDLVryRbng,development,4
21,882,3871,ZFb2DNRbbVs,UCP0FKFuz9j2Dp-QDr-Dv_0g,development,4
21,883,3881,N_EGyBlPt_E,UCrYItZrCXaq1dZ-6ArlCc6A,development,3
21,884,3882,4qscjk4LTkg,UCkagcQYGoYFuXsUg-ObSL6A,test_reserved,
21,885,3885,lbRgJccWngM,UCzO0Ody4SmI_XFRrXW848eA,test_reserved,
21,886,3889,qUJyeGgnb7U,UCCK3OZi788Ok44K97WAhLKQ,development,2
21,887,3892,ip_1EBeG1as,UCCK3OZi788Ok44K97WAhLKQ,development,2
21,888,3900,5OMw3ARMBig,UCbR7juPwtP-bV_w0840ciYQ,development,4
21,889,3903,BKpO1ssnMZo,UCcijXxFzSXgoM6q9cCtT9PA,test_reserved,
21,890,3906,xcotqGQ8HmA,UCaI7IwVdrAcfhu3cp6x4T6Q,development,3
21,891,3907,TuQjNesSADE,UCcMQKrccZ9c0_GNyXWo8jLg,development,3
21,892,3910,PhMvKN2CsFs,UCZ6MS5ygBzz25PnSMaAw8PA,development,5
21,893,3912,bgj2EEWXycA,UCp9rkCYFssr2Tqk2OU8N6Uw,development,2
21,894,3914,oXBrXg1_S2g,UCcijXxFzSXgoM6q9cCtT9PA,test_reserved,
21,895,3918,fLx494-9X5Q,UCA5xW2Ce7KT2AtxzDYDebCA,development,5
21,896,3923,nzwFqilFlBE,UCckltLEhFLv8Xz_lQhYfwmg,development,1
21,897,3931,R3JQs5h1UFU,UCQTcNhAZidy1i9wwmdgf2Lw,development,4
21,898,3933,bpubrIDB2x8,UCG0j1mTQov3RVBgLgh6wbKg,development,2
21,899,3941,_WToZTe2w7g,UCV-q7cRK5yFYEFzWuoQOmQQ,development,5
21,900,3943,027FEbH9S90,UCCK3OZi788Ok44K97WAhLKQ,development,2
21,901,3945,8j8IwKhn3zk,UCM3bQBUJ0PEbgfe9lAw_Y3Q,development,4
21,902,3946,EzIHhbuOnbM,UCrG36PjxPG2rgCHXmZEGmvQ,test_reserved,
21,903,3947,OWTC1Nqjq8M,UCv2eZuaYeehdcyLvzucKy-A,development,5
21,904,3954,F6JXedrsAIo,UCbS_glb2N1NVTrDLVryRbng,development,4
21,905,3956,hWxDSa4z5LM,UCckltLEhFLv8Xz_lQhYfwmg,development,1
21,906,3973,aSSS36qHC0c,UC4f76oW8ZgZYEhl7jrvIA3w,development,5
21,907,3974,eQB2j-mKa_o,UCRB8mrLCcwTPlJOMUy9MDUg,development,2
21,908,3980,pHiSGvwRSgE,UCgnFSj7jQffD5V5m05j4dPw,development,5
21,909,3984,U28Vp79AKGc,UC0nMJ3QNryBHZpy1P3Wamwg,development,4
21,910,3993,SszdMA2JlO8,UCfGkuimLRsrJLW0gjQ8eIGg,development,2
21,911,4000,gnrp9Z-cVBo,UC1CkcuwxCW_dIchuR0tTCJw,test_reserved,
21,912,4005,mlW7Gi6Zd6I,UCHQfFg_epoUK0htwmiUyzEQ,development,1
21,913,4014,QdBzO6OcVa4,UC8kC4R1-G80cwxWLr6jvmtw,test_reserved,
21,914,4017,Pg4fhdZKAJQ,UCn0XmAUFv6d2tofMFEesSNw,development,5
21,915,4024,r3OwAiUs5QI,UCJ44oEtQ4TUPUbVS6hLI9Hw,development,2
21,916,4026,EgClxzE7FYw,UCckltLEhFLv8Xz_lQhYfwmg,development,1
21,917,4032,g111tNuPeMc,UCrPLe7JMpG5a-d4JlJpFuig,test_reserved,
21,918,4035,ySetN57MVM0,UCzyTz2So395JRTH79AlQS7Q,development,1
21,919,4038,34030C6OSb8,UCafJV2dgvIHYxjKb4GJpV7w,development,4
21,920,4044,LPhg5yoXkSE,UCcijXxFzSXgoM6q9cCtT9PA,test_reserved,
21,921,4046,AlPxR7_fJKo,UCG0j1mTQov3RVBgLgh6wbKg,development,2
21,922,4049,iF-JJGebJyA,UCCK3OZi788Ok44K97WAhLKQ,development,2
21,923,4056,g67PvuuREMc,UCckltLEhFLv8Xz_lQhYfwmg,development,1
21,924,4057,0ach7g4ul0E,UCAH7R88V7gz7RqJv78nNOzg,development,3
21,925,4061,YZJqpxy64ak,UCq0hVW_G5kWt2ocLhbjOtGg,development,2
21,926,4064,mFMp8jYV9VI,UCckltLEhFLv8Xz_lQhYfwmg,development,1
21,927,4065,GJx-3KHxv_U,UCEieBVk2twUCVeoDDTeXo9Q,development,5
21,928,4067,-TAP9BK3YWg,UCFsAAfR-lgzQ0Qk5xipzFzA,development,1
21,929,4080,58Xixndaz6w,UCckltLEhFLv8Xz_lQhYfwmg,development,1
21,930,4084,Jw3YT-_nzJE,UCn0XmAUFv6d2tofMFEesSNw,development,5
21,931,4085,O0LiKjjI18c,UCIKg0Ev6Vq2M7hU7bL_jHFQ,development,4
21,932,4087,O0OKI-BZadg,UClSIhhnuyF8fXtBTpOOTknA,development,2
21,933,4090,cEHOIbhEpcA,UCaESx7Bdghv_UICcG1hBkcg,development,5
21,934,4093,NRboELZTdCo,UCckltLEhFLv8Xz_lQhYfwmg,development,1
21,935,4095,B-DW9BxPF-8,UClz-gBcrU1QlKyQ7zka5crw,development,5
21,936,4096,m_K1f4tQgxY,UCdfW3fTYPnjFcWM4pwmLvrg,test_reserved,
21,937,4101,po3gdudjWek,UCldiq7Z0JJVSkGXVgfV2qtg,development,4
21,938,4102,Gt6GUOhti4g,UCaESx7Bdghv_UICcG1hBkcg,development,5
21,939,4115,XSCl-n5bRvg,UCkNlyDd1Khxu8TaKAayoa4w,test_reserved,
21,940,4132,pffKJ_Of-Bc,UCckltLEhFLv8Xz_lQhYfwmg,development,1
21,941,4141,J5sszddmf8Y,UCcijXxFzSXgoM6q9cCtT9PA,test_reserved,
21,942,4144,X54eRh9w0og,UCdC895de6-hx2Km7TFv2Dbw,development,3
21,943,4145,coDp3l_Omks,UCckltLEhFLv8Xz_lQhYfwmg,development,1
21,944,4148,FyzsP42nhUQ,UCa79Dm6QBH4i8PAmTrfQPXQ,development,4
21,945,4151,DAcwJN3meXc,UC1YGPDtctHGJWW0NrlQVklw,test_reserved,
21,946,4157,2vBiT23oYic,UCt_fUooMgak5Ev6yI08x8IA,development,3
21,947,4172,pKnH8lgqEiY,UCskNFH2e4ptFTkgeVmFPNhA,test_reserved,
21,948,4183,BLiTCMVQjMk,UCMNH2Ier7nMPyxto_zko8AA,development,2
21,949,4185,j9NfF6KrASE,UCh9qXeL8eP3Txra2908xksg,test_reserved,
21,950,4190,JLdgsFS0Nb0,UCQTcNhAZidy1i9wwmdgf2Lw,development,4
21,951,4191,oKDFNTe7KtA,UCaESx7Bdghv_UICcG1hBkcg,development,5
21,952,4198,azUQAzCcxkY,UCckltLEhFLv8Xz_lQhYfwmg,development,1
21,953,4200,ZvWcs-fp2Gs,UCkN6eq1DpDITLRKluvmNneA,development,5
21,954,4201,fYJEXpQYJwo,UCOgsOVUELkkv_irhET9kK_Q,development,1
21,955,4205,IY0q5F1jvN4,UCYpuhzSdssW_GFUhl_od38w,development,5
21,956,4207,B4lK0zCYG5U,UCckltLEhFLv8Xz_lQhYfwmg,development,1
21,957,4220,f6VMmxjjH4k,UCOtYyt7W5PmPnwQjWWF_Z-Q,development,3
21,958,4221,Yo1rFY-fRc0,UCqrqt9Egbp4Voh3iEUUoorw,test_reserved,
21,959,4236,1O4TibG96SE,UCDqy-V3qY-xtSmiRHlZIWWQ,development,5
21,960,4238,ALLkKfb2Ric,UCgnFSj7jQffD5V5m05j4dPw,development,5
21,961,4240,nRnlV9vtwv0,UCCGEqESioRlas0CFwEZ1fww,development,2
21,962,4250,dyECKb4Gb3s,UCCK3OZi788Ok44K97WAhLKQ,development,2
21,963,4255,f1SpBUtWaNs,UCyKbGIhchUM6-ybLXFXA1cg,development,3
21,964,4259,R9KDzpvQqwM,UCckltLEhFLv8Xz_lQhYfwmg,development,1
21,965,4262,iint3XolHq4,UCNEf722QEvvmyGaT0HsKxRQ,development,4
21,966,4263,Q4rdObnJyOU,UCMWnOdzJ0NRbLBoHkhKLZhw,development,4
21,967,4264,N-b6rXvvJAc,UCewWZeJ0g9cHU61e_jN_bZg,development,3
21,968,4267,Dn7YApEFn8E,UCOtYyt7W5PmPnwQjWWF_Z-Q,development,3
21,969,4269,OQrMomu3nks,UCQTcNhAZidy1i9wwmdgf2Lw,development,4
21,970,4275,YvVrUzKEEq0,UCckltLEhFLv8Xz_lQhYfwmg,development,1
21,971,4278,gF0gfFdkRI0,UCOtYyt7W5PmPnwQjWWF_Z-Q,development,3
21,972,4280,5r1ZDTG_OGo,UCQTcNhAZidy1i9wwmdgf2Lw,development,4
21,973,4283,o8rURsXtGWc,UCn0XmAUFv6d2tofMFEesSNw,development,5
21,974,4284,5m5EIASvfYE,UCY8jtiRLqx1Sv5A0fWYGlNQ,development,2
21,975,4286,89i15GTCnuE,UCjKhWkJIwsMHxh2XG1WrbFQ,development,5
21,976,4297,3HOSZYlv058,UCcijXxFzSXgoM6q9cCtT9PA,test_reserved,
21,977,4298,2syPTJDhv0s,UC944GuW0gSM0srEsZSZRQEQ,test_reserved,
21,978,4304,58HsgJo6JbY,UCCK3OZi788Ok44K97WAhLKQ,development,2
21,979,4306,NfCfmnse5G0,UCOtYyt7W5PmPnwQjWWF_Z-Q,development,3
21,980,4307,om8bY5MbQNE,UCbS_glb2N1NVTrDLVryRbng,development,4
21,981,4310,LR_o-y924QQ,UCprmDoTgvTMCbo8CInSLBIA,development,3
21,982,4318,R9Z1X6JrLRw,UCaESx7Bdghv_UICcG1hBkcg,development,5
21,983,4322,u38xP2_V59Y,UCPV2M1Px1GsBEE6ydSqCG3w,test_reserved,
21,984,4335,JPTt2e_6-yY,UCRDDfbYPHX_GUJ4lcQYTc8A,development,4
21,985,4341,JNcoSFwq0SM,UCIopQZEYtf1flc9JaZpXVrg,test_reserved,
21,986,4345,7tQDGYRabOw,UCn0XmAUFv6d2tofMFEesSNw,development,5
21,987,4349,JBQMUjQFg8E,UCCK3OZi788Ok44K97WAhLKQ,development,2
21,988,4356,0-XWWT1awrA,UCQs4YsWvTrJMQANLv6uqAZw,development,4
21,989,4359,6fqOa0cxxNQ,UCJA-NQ4MtcRIog66wziD8fA,development,2
21,990,4360,QwuqG0YmMUA,UCbS_glb2N1NVTrDLVryRbng,development,4
21,991,4363,wP6Z2c50l0U,UCfuND8HywiC1G1T5s1t6ElA,development,5
21,992,4368,df2Y8XOmNyk,UCOtYyt7W5PmPnwQjWWF_Z-Q,development,3
21,993,4372,3gMcdAVI7o8,UCf2Iar2LDcFaSCnVH1ZMUkA,development,3
21,994,4374,_UhwbVvHlHw,UCUa0a5l56H0xre3SljFYRgw,development,4
21,995,4377,BHJ-7jGUBAM,UCQTcNhAZidy1i9wwmdgf2Lw,development,4
21,996,4392,U-fMX6UMF7w,UCOtYyt7W5PmPnwQjWWF_Z-Q,development,3
21,997,4393,Eiu0Ci_Vp-0,UCckltLEhFLv8Xz_lQhYfwmg,development,1
21,998,4394,Jm4TOMUYQtU,UCCK3OZi788Ok44K97WAhLKQ,development,2
21,999,4396,lR2H9UcJuP4,UC0l36s7dMwk1GYxmSHAib_A,development,2
21,1000,4402,KVE-Gg-ohuw,UCbVw-Yr6A7L4hPi8W6zsQlw,development,3
21,1001,4415,cLCtE1LcvpU,UCb6RrPJLl-GpO7qfVA1Z0VQ,development,3
21,1002,4418,1f7ONnveGpw,UCS_LcZt-3JIMbyhm7FPeu8w,development,1
21,1003,4426,Rh1ZPdlZ3MU,UCcrsFwwoMvcXYpJ0XldIlVQ,development,3
21,1004,4430,aXo8BZUyxJU,UCcijXxFzSXgoM6q9cCtT9PA,test_reserved,
21,1005,4446,gQHlj_Q8Riw,UC6jQt9K_jqnBNtsRf7hXHsA,development,5
21,1006,4451,GCTa4DLg4aA,UCAH7R88V7gz7RqJv78nNOzg,development,3
21,1007,4453,L5UJ_CQIdI4,UCJojbxGV0sfU1QPWhRxx4-A,test_reserved,
21,1008,4455,a0DQL1sEYco,UCOtYyt7W5PmPnwQjWWF_Z-Q,development,3
21,1009,4458,5x31hSL6elE,UCA4N4qep0RLPt94J_4SC8pw,development,2
21,1010,4462,hiBikdEDARE,UCP_mlkQcJaUoT0pnfsKiEAw,development,3
21,1011,4465,QdCKXOvbYJA,UCCK3OZi788Ok44K97WAhLKQ,development,2
21,1012,4472,Et_q9FgXr70,UC8rcDufKZ3W6CtZU69CtMXg,development,3
21,1013,4475,xNTrQAY64YA,UC1YGPDtctHGJWW0NrlQVklw,test_reserved,
21,1014,4485,INhUnehwGXk,UCYpuhzSdssW_GFUhl_od38w,development,5
21,1015,4486,cRvfHSz9Myo,UCBkEIYKUPw_d06rAFuJfTVQ,development,4
21,1016,4492,BAQAH2b-A5M,UCCK3OZi788Ok44K97WAhLKQ,development,2
21,1017,4495,WDtYE8XpiRY,UCCK3OZi788Ok44K97WAhLKQ,development,2
21,1018,4506,wmqDW55zuK4,UCLuP7ROjaueiuNbzrvPqXSQ,development,2
21,1019,4512,wN4mVSYZ1q0,UCIoyIVPZEfC2p0dQwAxGiEw,development,5
21,1020,4514,Wc8vBohic_I,UCgnFSj7jQffD5V5m05j4dPw,development,5
21,1021,4515,6sDgE_13gp0,UCqrqt9Egbp4Voh3iEUUoorw,test_reserved,
21,1022,4521,GAHE6wZM4Vw,UCckltLEhFLv8Xz_lQhYfwmg,development,1
21,1023,4522,eXsWiki8SjM,UCP0FKFuz9j2Dp-QDr-Dv_0g,development,4
21,1024,4525,l2IbB5Zg9sk,UCtpFElVQJM8YgaMTwnEsU4g,test_reserved,
21,1025,4531,ebEbjR8rvNY,UChlvAvH3N7Xd29DuAJgv0Mg,development,1
21,1026,4532,-NLKyGkJP2E,UCM19g5ow7vLXDTYx_j9Z7VQ,development,3
21,1027,4539,M_Jtc83zIjg,UCXFiIVHYqQmgpmIi7KChMkQ,development,2
21,1028,4552,qcbAffl9RF0,UCygAzvEJNqZmteflPb1bbGA,development,3
21,1029,4558,ZOGUJ3jm-kQ,UCLsRogzQ9bw2Efitidd0ikg,development,4
21,1030,4561,3TYq-ORq6Jk,UC1YGPDtctHGJWW0NrlQVklw,test_reserved,
21,1031,4563,ZMzk1snHLiY,UCPXSUKHTNc1_hnHuj-UiQWQ,test_reserved,
21,1032,4565,0l-cYdH_8s8,UCckltLEhFLv8Xz_lQhYfwmg,development,1
21,1033,4569,UODNoxSJP8I,UCoPGkvh-1AoSzh23-ROXrpw,development,3
21,1034,4572,3ydnCHVcNak,UCbS_glb2N1NVTrDLVryRbng,development,4
21,1035,4574,4snuCQzOaP4,UCMEXwFurMItX0u1yit-UrAw,test_reserved,
21,1036,4577,5kc_MaYyTuE,UChhmvfskCK4IaaoJ4Bj84Kg,test_reserved,
21,1037,4585,roi0vneyIb0,UCu3jIK2NBSXc0_YaFqEuIrg,test_reserved,
21,1038,4589,Ozr300MYHm8,UCgnFSj7jQffD5V5m05j4dPw,development,5
21,1039,4593,AnoD50lJU5E,UCckltLEhFLv8Xz_lQhYfwmg,development,1
21,1040,4600,dx7usd9Hyvg,UCwm5-5k4apHsjjy6g8j6tQg,development,5
21,1041,4603,7rjVNzGHO_M,UCAbnKwbHRlhEXMvtSUzrrng,development,5
21,1042,4605,vv1Ahzim8Ac,UCAH7R88V7gz7RqJv78nNOzg,development,3
21,1043,4611,eumWPXGPmgo,UCckltLEhFLv8Xz_lQhYfwmg,development,1
21,1044,4618,R6pePjHsCs8,UCckltLEhFLv8Xz_lQhYfwmg,development,1
21,1045,4627,T6BSloNd7wY,UCsLoRcb3FvB-uK3F1_zqXbw,development,3
21,1046,4638,sxtweSOZ0a0,UCckltLEhFLv8Xz_lQhYfwmg,development,1
21,1047,4639,4oZWFH0OHdw,UCtClA8ZJg4YUfO_y9opALZQ,development,5
21,1048,4640,0_wt5-rN2Lo,UCckltLEhFLv8Xz_lQhYfwmg,development,1
21,1049,4641,j6jP5_iCI3Q,UCEieBVk2twUCVeoDDTeXo9Q,development,5
21,1050,4644,0XN9pTQg5M0,UCckltLEhFLv8Xz_lQhYfwmg,development,1
21,1051,4645,tckmSlpoOH4,UCrtXFLaJQUh6R8xjW6l5tMQ,development,5
21,1052,4649,UMkGoyj7gaA,UCbR7juPwtP-bV_w0840ciYQ,development,4
21,1053,4650,qXZ29dtrQgQ,UC6jQt9K_jqnBNtsRf7hXHsA,development,5
21,1054,4651,ZRYl_6eaJXs,UCcHpVAqt_Cn4jJ9vtXP6Vnw,test_reserved,
21,1055,4652,u35WbnFpsJE,UC9SgyReu4QufMUTFhZYYEMw,development,1
21,1056,4656,w9pYSgC1CHQ,UCOtYyt7W5PmPnwQjWWF_Z-Q,development,3
21,1057,4674,WeGOttENVV0,UC4HY_G18OzcY63vhq-3Gw0g,development,1
21,1058,4677,uZxmnc7nVYk,UCaESx7Bdghv_UICcG1hBkcg,development,5
21,1059,4678,d3aKd0UI9GE,UC5Q9lmEDB_pWZdzzLI07eVg,development,5
21,1060,4679,n2SVP_W0jnY,UCOHyRrRuD2zGCkpuCAlyOyA,test_reserved,
21,1061,4684,lszWFXaYO_8,UCol1SzfebXhRo0ltxOJZ9cg,development,3
21,1062,4693,HpZSxFwjmhw,UCTNQ_fWs1aFqgnNSo-65Ehg,development,5
21,1063,4710,bOnmvoqaRQM,UC1YGPDtctHGJWW0NrlQVklw,test_reserved,
21,1064,4717,hBj_E300VCg,UCrVFS_0PdV7AwyTgR13IcVg,test_reserved,
21,1065,4721,g0KNp-VgCAQ,UCCK3OZi788Ok44K97WAhLKQ,development,2
21,1066,4722,Yyk_O858nJw,UCP4Z7-uWZYIQBclex8M086A,development,3
21,1067,4727,4slhozAky5k,UCckltLEhFLv8Xz_lQhYfwmg,development,1
21,1068,4729,PNFFaXVOWj0,UCcrsFwwoMvcXYpJ0XldIlVQ,development,3
21,1069,4730,3kiF_KMV7Aw,UCPXSUKHTNc1_hnHuj-UiQWQ,test_reserved,
21,1070,4731,GUYdseXIx_c,UCOtYyt7W5PmPnwQjWWF_Z-Q,development,3
21,1071,4733,1WpshLhcz1c,UCckltLEhFLv8Xz_lQhYfwmg,development,1
21,1072,4738,m-M_cu2rVNA,UC7di5zivMKpYOmhyhZ2nVvg,test_reserved,
21,1073,4741,nKm0f8YoIK4,UCCK3OZi788Ok44K97WAhLKQ,development,2
21,1074,4745,eawcObxcAhk,UCCK3OZi788Ok44K97WAhLKQ,development,2
21,1075,4751,u24NUdLZu_Q,UC8lKgUHo-2mSR5cRRXO9xow,development,3
21,1076,4756,-FcRUo9dUXM,UCW_dWq1AfuNLqbZuoc6_Clg,test_reserved,
21,1077,4759,JdvWj072WRg,UCckltLEhFLv8Xz_lQhYfwmg,development,1
21,1078,4777,ehBIQVrwCrg,UCCK3OZi788Ok44K97WAhLKQ,development,2
21,1079,4781,HxT3hHXQBfY,UCckltLEhFLv8Xz_lQhYfwmg,development,1
21,1080,4787,mzgSkXa2gFY,UCJ44oEtQ4TUPUbVS6hLI9Hw,development,2
21,1081,4789,EoVHQjfMpM8,UCAH7R88V7gz7RqJv78nNOzg,development,3
21,1082,4794,Ixuq2ENuek8,UCLNz9bgiJfM3ImTtYDOt8Ew,test_reserved,
21,1083,4800,PD43dGor4lw,UCIKg0Ev6Vq2M7hU7bL_jHFQ,development,4
21,1084,4801,LeP2faAv1Ok,UCgnFSj7jQffD5V5m05j4dPw,development,5
21,1085,4806,of3q8k7CcaQ,UCiAYv_QAosB-49bJbu3NM3A,test_reserved,
21,1086,4809,Sc6vTxHwUbo,UC-GRFwciK7JiP8T4tl0pftQ,development,3
21,1087,4811,h8pm7RUgZyw,UCskNFH2e4ptFTkgeVmFPNhA,test_reserved,
21,1088,4819,iJrYSYOxpBc,UCcg4tDKgPLIc_x3lhWdogLg,development,3
21,1089,4820,Fisr7gUSs1Y,UCV_4W6LL-Iwh0UaT_B6exQg,development,3
21,1090,4826,ZGJQ4Fr3bV8,UCAgBGlUKoAQFXMUzshrWDgg,development,5
21,1091,4829,hnyfb5-D45c,UC6jQt9K_jqnBNtsRf7hXHsA,development,5
21,1092,4832,J7FSYwhWhuY,UCaI7IwVdrAcfhu3cp6x4T6Q,development,3
21,1093,4833,xSQ4FhURBto,UCppSNX9SEvI6TM1U0GLGQyA,development,4
21,1094,4836,pjbslRPvwZA,UCV-q7cRK5yFYEFzWuoQOmQQ,development,5
21,1095,4842,g_Kz-T-0PZk,UC6jQt9K_jqnBNtsRf7hXHsA,development,5
21,1096,4843,JKFbjitAFZQ,UCVNgjnq_n7i_8GJOca0DIeQ,development,2
21,1097,4858,-Por1d01_IA,UCckltLEhFLv8Xz_lQhYfwmg,development,1
21,1098,4863,gnvwrkmVZR8,UCzSJmu5JS43eHAs0Ajrq5_Q,development,1
21,1099,4868,pK7D5zMCVcA,UCCbm1E52PV05ZLv6dtRB92Q,development,5
21,1100,4870,qRPBDKqZxAU,UCLA8Ovy_NPAwMWvr8IEDquw,development,4
21,1101,4878,01vimVEkPr4,UCZXcD8T3zClfNAlDwHCdg6w,development,1
21,1102,4881,KD-rJ1RH-ss,UCRDDfbYPHX_GUJ4lcQYTc8A,development,4
21,1103,4884,XHuHzQdC9s0,UC95VofaZiQPFwRMaqPhLc0w,test_reserved,
21,1104,4891,m2k56coNlnQ,UC2sO_F_Ky4LIAUtSJYXqBDA,test_reserved,
21,1105,4893,fgQyBoTjyGA,UCgnFSj7jQffD5V5m05j4dPw,development,5
21,1106,4896,pVK6_d3eiXc,UCnUUUzbxmwVVkz9Sg2PePsw,development,4
21,1107,4902,IJNuS7-j1oE,UCCK3OZi788Ok44K97WAhLKQ,development,2
21,1108,4904,TuFratEhe4U,UCq0hVW_G5kWt2ocLhbjOtGg,development,2
21,1109,4905,xT7yR-y5peg,UCLA8Ovy_NPAwMWvr8IEDquw,development,4
21,1110,4908,xKV2Pp68y9E,UCckltLEhFLv8Xz_lQhYfwmg,development,1
21,1111,4912,QYlFiOKcScQ,UCmrLu4r89ykOzmtmbAeEklA,development,3
21,1112,4926,3TishRNQv0k,UCMxeqmVKOqiqh7V_A3h4gfA,test_reserved,
21,1113,4936,I3HbVukhU5w,UCPXSUKHTNc1_hnHuj-UiQWQ,test_reserved,
21,1114,4941,PudhxH6nvBU,UCUzsesaP5G628WVuqEckF8w,development,1
21,1115,4943,wtVl9Q8LdOY,UC5dezjl-rF4Sw6BRPM8Q6Zg,test_reserved,
21,1116,4953,UccBe8AM6go,UCgnFSj7jQffD5V5m05j4dPw,development,5
21,1117,4954,VN5ug5E85gM,UCCK3OZi788Ok44K97WAhLKQ,development,2
21,1118,4960,CYwWcr0ViEg,UCbS_glb2N1NVTrDLVryRbng,development,4
21,1119,4964,Q3OviDf0bmI,UCcijXxFzSXgoM6q9cCtT9PA,test_reserved,
21,1120,4968,Jg93JiTY61k,UC0tV1b7IFEXFUUILF7mAcWw,development,2
21,1121,4970,mzWrbCPXr88,UCckltLEhFLv8Xz_lQhYfwmg,development,1
21,1122,4971,mosNpKCh2rs,UC324VVhYKykBv01GecF4aYg,development,5
21,1123,4974,RhGZaYUTWMk,UCbS_glb2N1NVTrDLVryRbng,development,4
21,1124,4989,y_tPbS4UVv0,UCPXSUKHTNc1_hnHuj-UiQWQ,test_reserved,
21,1125,5006,hTkQp5Hg_J8,UC944GuW0gSM0srEsZSZRQEQ,test_reserved,
21,1126,5008,FRfouY8gbQM,UCPXSUKHTNc1_hnHuj-UiQWQ,test_reserved,
21,1127,5010,PV5GpoGrUVY,UCckltLEhFLv8Xz_lQhYfwmg,development,1
21,1128,5011,HY3aKdQJ0jE,UCYf829WTg8Cpx_a-cPtgSQQ,development,1
21,1129,5017,z7pFPTy7qac,UCckltLEhFLv8Xz_lQhYfwmg,development,1
21,1130,5019,7og3QSoXnRE,UC5R7F4Mw_ZV1c4tYe4UKLIg,development,1
21,1131,5021,sCw3u5chZWs,UC8ZmvQOUKiu6SmICTXzjFnA,development,2
21,1132,5023,XKcgrbCL0w4,UC4iQrvOdsgpHwbrvNrCJUkA,development,1
21,1133,5024,eyQLaJYtowc,UCOtYyt7W5PmPnwQjWWF_Z-Q,development,3
21,1134,5025,tAHcClLp5zs,UCcijXxFzSXgoM6q9cCtT9PA,test_reserved,
21,1135,5028,GUqSOdWdsnw,UCcijXxFzSXgoM6q9cCtT9PA,test_reserved,
21,1136,5037,7sp5oz4TcVM,UCOHyRrRuD2zGCkpuCAlyOyA,test_reserved,
21,1137,5044,s4V_cNyyWZk,UCT83ymyAGm7Gnk_4ifxjxIA,development,4
21,1138,5061,TAUBqGKnpGk,UC0ZcZzDZe8x6-olaRR5-wYw,development,4
21,1139,5072,YuEW90tMVaA,UC0554zf4RvVkxwt_tS4Wx_g,development,3
21,1140,5086,zp-EqRjIFkI,UChwjz-THeefGm2mSbYB37Wg,development,2
21,1141,5088,Ui_tR3u1zRc,UCOHyRrRuD2zGCkpuCAlyOyA,test_reserved,
21,1142,5089,8AotLPIHSZU,UCPXSUKHTNc1_hnHuj-UiQWQ,test_reserved,
21,1143,5091,7n62nFzaK2s,UCOtYyt7W5PmPnwQjWWF_Z-Q,development,3
21,1144,5098,3YrESXe8hWo,UCeregcA7V24wo3vGVVsitfA,development,1
21,1145,5108,-7ONttiQyPE,UCG0j1mTQov3RVBgLgh6wbKg,development,2
21,1146,5109,wZQEGspH2Nw,UCcijXxFzSXgoM6q9cCtT9PA,test_reserved,
21,1147,5115,GkwEkxTCLsM,UCmqflTSJ6911aCrnaWIXxsA,development,2
21,1148,5119,SSfSADgG6xQ,UClCjoJ0fs2RqaRTjukU1jQA,development,5
21,1149,5122,6Bn8xKOR4zA,UC1hcl0aIr9KtXA-Kiq9itqw,test_reserved,
21,1150,5125,cm9aiqULLhM,UC1hcl0aIr9KtXA-Kiq9itqw,test_reserved,
21,1151,5128,hekq3ykmrqM,UCckltLEhFLv8Xz_lQhYfwmg,development,1
21,1152,5130,8kaxN9H3T_U,UC8rcDufKZ3W6CtZU69CtMXg,development,3
21,1153,5133,ygJp-IQXQUo,UCiP6DUi_wjUMfc4bo0yIusQ,development,1
21,1154,5136,HQTD2ExfU_4,UCVfnhhDIkkBJ_1QyzCqeVDg,development,5
21,1155,5139,OGrONDIFW4I,UCowxAocjCbSGBMrpSwvxrEg,development,4
21,1156,5140,pMvDQ19y5rw,UCckltLEhFLv8Xz_lQhYfwmg,development,1
21,1157,5146,Tah85wBZri0,UCrcATWZGF_p53r38i6VK0eA,development,5
21,1158,5147,i6WRNqLt5rY,UCckltLEhFLv8Xz_lQhYfwmg,development,1
21,1159,5150,OCdlpTx2cEA,UCckltLEhFLv8Xz_lQhYfwmg,development,1
21,1160,5151,WA5sOI7Zj54,UCNPYfKcafveO1qA81WSW9CQ,development,5
21,1161,5153,VcEWuoOjAV4,UCAH7R88V7gz7RqJv78nNOzg,development,3
21,1162,5158,seBQ91ZY9Mg,UCoYoYVojg-QGFH7VyKMpB8w,development,2
21,1163,5162,a7SDCMv0i_Y,UCckltLEhFLv8Xz_lQhYfwmg,development,1
21,1164,5163,wrhG3vpF90s,UCQTcNhAZidy1i9wwmdgf2Lw,development,4
21,1165,5164,2ohl69ljV0k,UCCK3OZi788Ok44K97WAhLKQ,development,2
21,1166,5170,f2w6zjGIhdE,UCLNz9bgiJfM3ImTtYDOt8Ew,test_reserved,
21,1167,5174,tbbN1lXvCrc,UCyViVCKFXyGBnqZ8ywpIOjQ,development,3
21,1168,5178,adeADVLjjNQ,UCDhV2dS5kewSaccFl9g66sw,development,3
21,1169,5183,uQcSsA6i5GU,UCP0FKFuz9j2Dp-QDr-Dv_0g,development,4
21,1170,5184,VwG3GkEmQGg,UCbS_glb2N1NVTrDLVryRbng,development,4
21,1171,5186,rkAPmOXqMm8,UCckltLEhFLv8Xz_lQhYfwmg,development,1
21,1172,5187,Al8WKYc4o3A,UCkLQJFBnqzhJCAvqn99hRUg,development,2
21,1173,5191,EW1HrTenS2I,UCAH7R88V7gz7RqJv78nNOzg,development,3
21,1174,5194,-vN4SsCLhyY,UCAgBGlUKoAQFXMUzshrWDgg,development,5
21,1175,5200,kTFzUtSQg8Y,UCaESx7Bdghv_UICcG1hBkcg,development,5
21,1176,5203,tGZQCAqq4SI,UCAyWzuNB_xRTMEBRnD7tKzA,development,4
21,1177,5206,GrFkzqGQF3Y,UC8rcDufKZ3W6CtZU69CtMXg,development,3
21,1178,5207,j-AYn4wtTWs,UCq5SmrhSWmp89RR1JpO2z8Q,development,4
21,1179,5209,7hsidc46bGE,UCR6bwkq2RbGG12zWqD9YRvw,test_reserved,
21,1180,5213,SZKrnySpDY4,UCaESx7Bdghv_UICcG1hBkcg,development,5
21,1181,5218,r53KVTB8J90,UCPXSUKHTNc1_hnHuj-UiQWQ,test_reserved,
21,1182,5224,ATNzBeIDjfc,UCAeBFsK2bmm5lkgy90uFiqw,development,4
21,1183,5227,MKdkrXuKyvg,UCx-fk6FBx2mJSWavjxw-zrw,development,4
21,1184,5232,J81pvFODtIs,UC4oZv7iatCbhEp6ehMMbhAg,development,1
21,1185,5236,h3AjkeCulp4,UCol1SzfebXhRo0ltxOJZ9cg,development,3
21,1186,5242,uUjA8W-MMDg,UCGEeNPF0Cte1o-hjs6KLI2w,development,5
21,1187,5246,j9MWviQBZv0,UCs_mHlm5_C82W5WCIJaSMbQ,development,3
21,1188,5247,wONE2NHdiX8,UCcijXxFzSXgoM6q9cCtT9PA,test_reserved,
21,1189,5248,E9x_0NZfN-c,UCenKxrud5MMWf6GCANWZ7tA,development,1
21,1190,5263,lo83l6NxJaU,UCekdpdajQ1JyGxUbmsN7nNA,development,1
21,1191,5273,FlgW1TNOV4E,UCZ-RBSr_ZD-jWWDgZmFyZyw,development,1
21,1192,5286,0sxOwfGMtgs,UCVfnhhDIkkBJ_1QyzCqeVDg,development,5
21,1193,5287,359UHs6FNQY,UCckltLEhFLv8Xz_lQhYfwmg,development,1
21,1194,5288,rHRk4vWdGjA,UCcijXxFzSXgoM6q9cCtT9PA,test_reserved,
21,1195,5291,om_0Aaturm4,UCcijXxFzSXgoM6q9cCtT9PA,test_reserved,
21,1196,5292,I-xTqJXswd8,UC0ZcZzDZe8x6-olaRR5-wYw,development,4
21,1197,5301,4JqdSof6gHA,UCUh8FFbl1BfRmzL9t4Fkykw,development,4
21,1198,5303,POeFnZ2jdyo,UCgnkk8P4G9yQFuRl0dEO1HQ,development,2
21,1199,5307,eqpmlDeHea8,UCCK3OZi788Ok44K97WAhLKQ,development,2
21,1200,5309,dxqc-oOAnM4,UCPXSUKHTNc1_hnHuj-UiQWQ,test_reserved,
21,1201,5310,JWFTPx3owaY,UC22LfvKY_7Ibkt5I5wFqwfg,development,1
21,1202,5312,CHyk1LH-R9w,UCbS_glb2N1NVTrDLVryRbng,development,4
21,1203,5320,Wnq9-6ySjc8,UCXfgx23Lw81I4wsCNhdVBgw,development,2
21,1204,5322,u4I5Hgd_Wxw,UCx7lEnwLHxO9yPjOotGb-bA,development,3
21,1205,5329,HHix5UYiOG4,UCPAbeKHjE4HpRXqo4AXJzVQ,development,4
21,1206,5332,fJdqiZUjWPQ,UCcrsFwwoMvcXYpJ0XldIlVQ,development,3
21,1207,5339,B1vWxUPltx0,UCFGhJsc1ddSN8819LsMa90w,development,5
21,1208,5340,qLSa14VP9Vc,UCokb-OmM2iMdSD2UbOiHG5Q,development,5
21,1209,5342,bgIZKLzW2yk,UCPXSUKHTNc1_hnHuj-UiQWQ,test_reserved,
21,1210,5345,dQDGPJsr7Xg,UChJFPdvtzyTPxMAysD4FX-w,development,3
21,1211,5351,k2w30Gg48Ws,UCPXSUKHTNc1_hnHuj-UiQWQ,test_reserved,
21,1212,5356,fo0bZaJnshw,UCAH7R88V7gz7RqJv78nNOzg,development,3
21,1213,5357,lkVBc86Nyrw,UCPfU0uygBGutjaaJU5PpEvg,development,2
21,1214,5358,wB7Xt59c0rc,UCVfnhhDIkkBJ_1QyzCqeVDg,development,5
21,1215,5365,MP4bps3rZM0,UCq3WWAoJj0DOQC3G7ri1cug,development,3
21,1216,5371,mfrosRz789k,UCPXSUKHTNc1_hnHuj-UiQWQ,test_reserved,
21,1217,5374,yUC9F6eLVlg,UCbS_glb2N1NVTrDLVryRbng,development,4
21,1218,5375,eySwT5N0nAk,UCpfrIJXRqOTx2kPVsUytO4Q,development,5
21,1219,5376,IIc-e2LYGqU,UC5fkr-uG2-yAEbwbJV-QIxg,development,3
21,1220,5391,nuPfV8oYMT4,UCckltLEhFLv8Xz_lQhYfwmg,development,1
21,1221,5393,0ul3xE-706E,UCckltLEhFLv8Xz_lQhYfwmg,development,1
21,1222,5394,iyN4IvkJ4uc,UCxAkK6_mU-y8NownflBHl7A,development,2
21,1223,5395,KwSXGs2QQfs,UCckltLEhFLv8Xz_lQhYfwmg,development,1
21,1224,5396,iXL9nX1dcOc,UCoCbjrYBYNUeqRQ7HUKADBA,development,4
21,1225,5398,YkcAmgnkR38,UCOtYyt7W5PmPnwQjWWF_Z-Q,development,3
21,1226,5399,qWKgyxmAZPE,UCbS_glb2N1NVTrDLVryRbng,development,4
21,1227,5402,qgMmCo0jQrs,UCqDMvUe1Zy9QzR-F6X7B5pw,development,3
21,1228,5403,1tXpUTuniqw,UCn0XmAUFv6d2tofMFEesSNw,development,5
21,1229,5404,E_ZGpL5H-I0,UC324VVhYKykBv01GecF4aYg,development,5
21,1230,5405,rrEEdVqJTy8,UCA5xW2Ce7KT2AtxzDYDebCA,development,5
21,1231,5410,UwjVQx6Jazw,UCGwSu8n08wtb7RVacaPs9Tw,test_reserved,
21,1232,5421,vsj684R7g-I,UCPfU0uygBGutjaaJU5PpEvg,development,2
21,1233,5424,bN1dIdgXkKE,UCq0hVW_G5kWt2ocLhbjOtGg,development,2
21,1234,5425,9MPSNxXaMYA,UCQs4YsWvTrJMQANLv6uqAZw,development,4
21,1235,5426,Uy0F48c7VPA,UCB3pmaew5i2Sp9LJe03BU8g,development,5
21,1236,5428,g91t402yLTg,UCaESx7Bdghv_UICcG1hBkcg,development,5
21,1237,5432,rGz7g0-_l6o,UCOtYyt7W5PmPnwQjWWF_Z-Q,development,3
21,1238,5433,tOgh23zeJUU,UCcwCsuV7bOpTfqf2UvLfYmg,development,4
21,1239,5438,0pxEZkO2QuU,UCzyTz2So395JRTH79AlQS7Q,development,1
21,1240,5439,oYmj2NNy77g,UCUz70SsT1TZzlwEqvSCpJRA,development,3
21,1241,5440,tHQOHUfppgQ,UCbS_glb2N1NVTrDLVryRbng,development,4
21,1242,5441,8RzKN40_7tg,UCBsrUim15y-s6PfMISCR38A,development,2
21,1243,5444,YjqdrQ0ND6Q,UCYga1ycTsoZn6Y_xlrdw0iA,development,2
21,1244,5445,TXrBVpPcKSk,UCZNreSxdvd50nzMz5zkXg4w,test_reserved,
21,1245,5447,qd2llrdoCK8,UC1YGPDtctHGJWW0NrlQVklw,test_reserved,
21,1246,5448,TV2mthPBNiY,UCQTcNhAZidy1i9wwmdgf2Lw,development,4
21,1247,5450,FvlwhiXUmt8,UCcbOsE5_4LEjtQi8X2PFxDw,development,3
21,1248,5452,0xKRQWBAeeI,UCHxf5NOZYmtmQEOkToogAiQ,development,4
21,1249,5463,J21bv1elj-E,UC3Tc2fr9_zSVZe-ikKOsQHA,development,1
21,1250,5464,gsAPxTPJWwA,UCPXSUKHTNc1_hnHuj-UiQWQ,test_reserved,
21,1251,5465,SjRtgTAB2zs,UC79_e04SJ3BzHpEdbmmaiVg,test_reserved,
21,1252,5477,9YTLSaWEy8o,UCPfU0uygBGutjaaJU5PpEvg,development,2
21,1253,5478,3Obf8T15VdU,UCQTcNhAZidy1i9wwmdgf2Lw,development,4
21,1254,5483,xRR4no_32YI,UCZhOI6uSPZKDNMpRHePdvow,development,5
21,1255,5487,0mmrxX-iqGs,UCbS_glb2N1NVTrDLVryRbng,development,4
21,1256,5488,1bf170dDAvo,UC0A6PKKzwexBqhStrZ98lbw,development,4
21,1257,5494,mE9gH8hkxFE,UCMxeqmVKOqiqh7V_A3h4gfA,test_reserved,
21,1258,5499,d6kks-rVToU,UC0554zf4RvVkxwt_tS4Wx_g,development,3
21,1259,5501,SlOD5qdTP_I,UCckltLEhFLv8Xz_lQhYfwmg,development,1
21,1260,5504,nIyLcufCgVU,UClWdV81I0BoL-GlmPf942Nw,development,5
21,1261,5514,7Mfga9JSkR8,UCckltLEhFLv8Xz_lQhYfwmg,development,1
21,1262,5515,DPsJSMujcWQ,UCckltLEhFLv8Xz_lQhYfwmg,development,1
21,1263,5521,DZ2eJxh1Icg,UC9ydRoXpQVhwb3sM7VY8xNg,development,1
21,1264,5527,Ck3BnaZUV6c,UC324VVhYKykBv01GecF4aYg,development,5
21,1265,5529,GUuU_Zm9fqo,UCpRgfr4_Eax0HHa2rwkRQ2w,development,5
21,1266,5532,7uYupL6mvlU,UCtGwzTmbkXWhYwuVZQa3kVQ,development,2
21,1267,5533,-31KngWjtYc,UCPreI9vioVpVEuSW6g95kFQ,development,2
21,1268,5535,PnDljn7NQxA,UCckltLEhFLv8Xz_lQhYfwmg,development,1
21,1269,5537,_uVfE6C7iTQ,UCPXSUKHTNc1_hnHuj-UiQWQ,test_reserved,
21,1270,5542,e-Vux1Z_LaE,UCwxxAGOZW9DXSl48-DgogIA,test_reserved,
21,1271,5549,4BJe1a-2SA0,UCgnFSj7jQffD5V5m05j4dPw,development,5
21,1272,5551,EVH7qoHNQQg,UCaESx7Bdghv_UICcG1hBkcg,development,5
21,1273,5554,vUrrhS0LLhU,UCCK3OZi788Ok44K97WAhLKQ,development,2
21,1274,5562,hO1vFj3cztg,UCRB8mrLCcwTPlJOMUy9MDUg,development,2
21,1275,5573,rwtXEh3akZQ,UCh1YbG4SC-R5fBxZgMMuRww,test_reserved,
21,1276,5575,T3U8qlwBQzQ,UCI3Xc02tgvW28O-Rrou3LxQ,test_reserved,
21,1277,5580,IND73YzeKjQ,UCA5xW2Ce7KT2AtxzDYDebCA,development,5
21,1278,5586,8EpGrvTOSaY,UCaESx7Bdghv_UICcG1hBkcg,development,5
21,1279,5587,UM71sGKC2pI,UCke4NBMcOwRbe9O1utY7b4g,test_reserved,
21,1280,5590,1_JaAvkfzZI,UCPdASwipemqGhpK-B-a12Ow,development,4
21,1281,5597,7IuOKqfMU9I,UCEItJuaZGCe0BlGzRKruP0A,development,5
21,1282,5602,qQy_Xpp7lKw,UCcijXxFzSXgoM6q9cCtT9PA,test_reserved,
21,1283,5608,krKFRQNZCR4,UCCbm1E52PV05ZLv6dtRB92Q,development,5
21,1284,5612,K8R6C_9rvzY,UCc30sTBdN9LRSxEuHaXV_bQ,test_reserved,
21,1285,5613,zYV956g2CJc,UCjm7vbOwssao7Bhm9wX3-bw,development,5
21,1286,5616,XLBOpYz0s6U,UCoYoYVojg-QGFH7VyKMpB8w,development,2
21,1287,5621,F9ePel0CUf4,UCckltLEhFLv8Xz_lQhYfwmg,development,1
21,1288,5623,-ILfkKNA79w,UC4VkNi2RZSJyqXsFaJYfsPg,development,4
21,1289,5624,uluxB-o_OI0,UCc30sTBdN9LRSxEuHaXV_bQ,test_reserved,
21,1290,5628,n4q_dfIB-bs,UCdgWTRipbTuQsIiiPb6fB-A,development,4
21,1291,5639,a6e1bETAOpM,UCCK3OZi788Ok44K97WAhLKQ,development,2
21,1292,5644,fR12lEVzmEw,UCM19g5ow7vLXDTYx_j9Z7VQ,development,3
21,1293,5655,Ty7DvZlfXHA,UCAKbFSucxr0iLZDDkEp3gGw,test_reserved,
21,1294,5656,dTupWVlU3_g,UCVfnhhDIkkBJ_1QyzCqeVDg,development,5
21,1295,5662,2qSFkxGxlzA,UCPXSUKHTNc1_hnHuj-UiQWQ,test_reserved,
21,1296,5665,5kesN_jcSTw,UConDLpzQN5uiqRMUD1yYKZQ,development,1
21,1297,5669,gAhpXfWGjhQ,UCgnkk8P4G9yQFuRl0dEO1HQ,development,2
21,1298,5676,y6MW5fK520U,UCV9cn7kAjTi6nMKVKIuwoDw,development,5
21,1299,5677,DB6kEp2s3A4,UCXDs97xqSkkV9WSXMtYvCEw,development,4
21,1300,5685,7g9uASyHuKc,UCI9B6cvPkauAUvfV2CvKMMQ,test_reserved,
21,1301,5689,x-ypqqCxBVA,UCAH7R88V7gz7RqJv78nNOzg,development,3
21,1302,5691,rkI1yLYfMBg,UCCK3OZi788Ok44K97WAhLKQ,development,2
21,1303,5694,NgI5i9m6WrE,UCkbABs_u0L-braOorFRgafQ,development,5
21,1304,5695,afkbZHp_ThU,UC0nMJ3QNryBHZpy1P3Wamwg,development,4
21,1305,5698,ErCY4CeZIHg,UC7yvlRxy_mqtwPMyZ8H5Zkw,development,4
21,1306,5699,p4QgfbKbkzI,UCSvq6flKvb-vwtaU5hfnQjA,development,5
21,1307,5700,HAfT8JFMC18,UCIKg0Ev6Vq2M7hU7bL_jHFQ,development,4
21,1308,5705,PQS5v70j2BM,UCqrqt9Egbp4Voh3iEUUoorw,test_reserved,
21,1309,5707,HttbnvoxGFI,UCckltLEhFLv8Xz_lQhYfwmg,development,1
21,1310,5709,vHfExuEFbNk,UC5-n2dfksESEt3ATmM6Uujw,development,4
21,1311,5710,Hn8dKTOjWzU,UCsU0TSt6Jm_yLlTkZS-FvUw,test_reserved,
21,1312,5712,zC_-3tXN2Bw,UCPXSUKHTNc1_hnHuj-UiQWQ,test_reserved,
21,1313,5714,-x-glszeseM,UCZEXdsMN3HWEz34uY5PbtXA,development,3
21,1314,5716,GBfXzAcsuXg,UCCK3OZi788Ok44K97WAhLKQ,development,2
21,1315,5718,WTcWRVRuKPQ,UCXJm14vFoWrYud1ZXCiHj3A,development,3
21,1316,5726,RVxNlC471vA,UC0nMJ3QNryBHZpy1P3Wamwg,development,4
21,1317,5728,UO_XsGJhDuk,UCcpu5rsbhRZrOQciyNw-trQ,development,5
21,1318,5729,1q-Rz8O2nRc,UCaOa2eC18yjWO1LlGpPbcRw,development,2
21,1319,5730,UdlP8Yl3_Bs,UCckltLEhFLv8Xz_lQhYfwmg,development,1
21,1320,5731,3HBwGY5C2cE,UC0554zf4RvVkxwt_tS4Wx_g,development,3
21,1321,5733,NvSYJzP4jjA,UCT9wY8llfLPCGtIMJ8kNt2w,development,3
21,1322,5736,tHttFOLYryo,UCQTcNhAZidy1i9wwmdgf2Lw,development,4
21,1323,5743,heb721bXmsg,UC8lKgUHo-2mSR5cRRXO9xow,development,3
21,1324,5746,noY64jIYk2g,UCjKSK3d5r0O78WGnMouSvDw,development,4
21,1325,5749,U8BoLSst0xo,UCAH7R88V7gz7RqJv78nNOzg,development,3
21,1326,5751,ouZljR4_-pI,UCLA8Ovy_NPAwMWvr8IEDquw,development,4
21,1327,5752,1b5_W--oHag,UCbS_glb2N1NVTrDLVryRbng,development,4
21,1328,5753,gXvTDZH4QUI,UCYk97F4sCu3hEWp6YEH-Dow,development,2
21,1329,5759,ukMPL31FBXM,UCckltLEhFLv8Xz_lQhYfwmg,development,1
21,1330,5765,s2fcDpGEYtw,UCCK3OZi788Ok44K97WAhLKQ,development,2
21,1331,5766,SI5Ogtbo1Qg,UCgnFSj7jQffD5V5m05j4dPw,development,5
21,1332,5774,bjeu8WCyB0s,UCDAkUKRB1pkb-s3Gqv7FZ7A,development,4
21,1333,5789,FhlxHhNn2bc,UCckltLEhFLv8Xz_lQhYfwmg,development,1
21,1334,5796,YmTgv2i_JP0,UCT83ymyAGm7Gnk_4ifxjxIA,development,4
21,1335,5799,8f9YiYsbr54,UCnd3nepI0YPYVA8DyDrg08g,development,5
21,1336,5801,_RgOe5_owIc,UCQTcNhAZidy1i9wwmdgf2Lw,development,4
21,1337,5805,39gZNPz8X1U,UCCK3OZi788Ok44K97WAhLKQ,development,2
21,1338,5813,WmyPmIT8WPY,UCSfmHr5cQvlVKR2f6p8T01w,development,5
21,1339,5822,VltCk-0doQM,UCcijXxFzSXgoM6q9cCtT9PA,test_reserved,
21,1340,5829,gHtGzbUPca8,UCKkRSuLQBs2oErUCgivn8mw,development,4
21,1341,5838,lDKQ6HE7JyQ,UCQTcNhAZidy1i9wwmdgf2Lw,development,4
21,1342,5844,cIyfo8OQcjQ,UCp3JwFW1xiUY4QwLqSsbNyw,development,4
21,1343,5855,TbAuWi2FunI,UCBsrUim15y-s6PfMISCR38A,development,2
21,1344,5856,pYLkm3GGDf8,UCSTl549eJYdeUAY0NmZLU6A,development,5
21,1345,5865,pC6usQ0u-S4,UCzXVxRmgawPeuyYCcbhBdUw,test_reserved,
21,1346,5868,ar2XKJwbdGE,UCqK8Pziw5w_zNPAzQS4lXaA,development,1
21,1347,5871,L8BmjWvBfBg,UCOtYyt7W5PmPnwQjWWF_Z-Q,development,3
21,1348,5875,t-D6m6pF8lQ,UC-GRFwciK7JiP8T4tl0pftQ,development,3
21,1349,5880,oStM646qA50,UC8lKgUHo-2mSR5cRRXO9xow,development,3
21,1350,5883,vmK-Cbgou2g,UCh1devGAKOxk1FONKNQyWfw,development,4
21,1351,5897,RzjjqhZN9-0,UCgnFSj7jQffD5V5m05j4dPw,development,5
21,1352,5899,aBQtbZmfP34,UCXLyL2Fg5DZouTYsYtRT0WQ,development,2
21,1353,5900,zFNhUEkykyY,UC265AWt6bbPKJcmpQwhif2A,development,1
21,1354,5903,sUNJgpV-zbE,UCbR7juPwtP-bV_w0840ciYQ,development,4
21,1355,5905,aHMT8ErpPuo,UCh4w38T-PaPzEqVUbJTnOOg,development,3
21,1356,5909,WixQP4MpQa0,UCjcNG-8w9cevWkScRr6Lp1Q,test_reserved,
21,1357,5916,aBgQvsReOZ0,UCCK3OZi788Ok44K97WAhLKQ,development,2
21,1358,5920,5yEmukSZz8M,UCckltLEhFLv8Xz_lQhYfwmg,development,1
21,1359,5922,eDrAj9nK1-8,UC_Yt4EUT5dtwOxMm6sheYrQ,development,2
21,1360,5923,eX9AIqI4dK8,UCqrqt9Egbp4Voh3iEUUoorw,test_reserved,
21,1361,5926,7sHd2EHTln0,UCm6FpVN_cg2tGqHVDc9QpMg,development,2
21,1362,5930,qh-IDJ0ZCLc,UCbS_glb2N1NVTrDLVryRbng,development,4
21,1363,5931,Dr77gCXqL1o,UCAH7R88V7gz7RqJv78nNOzg,development,3
21,1364,5933,JP1LH7LgE24,UCY8jtiRLqx1Sv5A0fWYGlNQ,development,2
21,1365,5936,aiG8pSpj5Ac,UCn0XmAUFv6d2tofMFEesSNw,development,5
21,1366,5937,A6KcLcnOYXM,UCqrqt9Egbp4Voh3iEUUoorw,test_reserved,
21,1367,5940,CpQCthHThPs,UCXm0FsS7PXy0w5HeOkYMi7Q,development,5
21,1368,5941,QAvcPAkmR1E,UCazesppn7KdpNZbEcgMZxJQ,development,2
21,1369,5942,Jy7ojXDyL-E,UCJ44oEtQ4TUPUbVS6hLI9Hw,development,2
21,1370,5943,86AD21Qmla8,UCgnFSj7jQffD5V5m05j4dPw,development,5
21,1371,5944,cuaJZRFXA24,UCFQ8ZKx2ZgNWyYG7xFGRfoQ,test_reserved,
21,1372,5948,wtc_jXGXtbo,UCA5xW2Ce7KT2AtxzDYDebCA,development,5
21,1373,5955,PY_K5AknMMA,UCAH7R88V7gz7RqJv78nNOzg,development,3
21,1374,5956,j3v-np8MkYs,UCckltLEhFLv8Xz_lQhYfwmg,development,1
21,1375,5958,jdq-Ga5uOUA,UCt_fUooMgak5Ev6yI08x8IA,development,3
21,1376,5964,p51y941GExU,UCjm7vbOwssao7Bhm9wX3-bw,development,5
21,1377,5966,y5AgAQvu1Oc,UCcbOsE5_4LEjtQi8X2PFxDw,development,3
21,1378,5967,8rM2i4ZzB1c,UCckltLEhFLv8Xz_lQhYfwmg,development,1
21,1379,5972,zH5dwlQSHhk,UCcijXxFzSXgoM6q9cCtT9PA,test_reserved,
21,1380,5982,ZqDmXf4-3hs,UCn0XmAUFv6d2tofMFEesSNw,development,5
21,1381,5983,442kBASsunI,UCn0XmAUFv6d2tofMFEesSNw,development,5
21,1382,5989,GqynmzL6Pd4,UCcijXxFzSXgoM6q9cCtT9PA,test_reserved,
21,1383,5990,MuGER8DeQe4,UCp3vt0JWTbhd15j9PSn3RnQ,development,3
21,1384,5993,xSwAu6E1gL8,UCn1WQT3G332mV9zanKj1s7g,development,3
21,1385,5997,XZqJ9MOMd_M,UCgHlPm2GweC7f8JaynbQRQg,development,3
21,1386,5999,zaZhrfmOzg0,UCn0XmAUFv6d2tofMFEesSNw,development,5
21,1387,6004,gZlbau6zWck,UCOtYyt7W5PmPnwQjWWF_Z-Q,development,3
21,1388,6006,pJ8QrU3Q7xI,UCq3WWAoJj0DOQC3G7ri1cug,development,3
21,1389,6009,fBYx46MLcV4,UCEuS493FuYJu_jGLfEjksUQ,development,4
21,1390,6011,HRYvQhBe8Lo,UCaESx7Bdghv_UICcG1hBkcg,development,5
21,1391,6014,4XBuX3CZCGs,UCV_ZQVj5aMCX9OmyFT6rXLw,development,3
21,1392,6016,HsrzPuZl2Po,UCr5BVR_ePEz_9V-KF5rSEmQ,development,2
21,1393,6018,AibsNrLY6Uo,UCckltLEhFLv8Xz_lQhYfwmg,development,1
21,1394,6020,qHrMyRhX06Q,UC-InXGUDXmIVAZG7efBiU7A,development,4
21,1395,6028,NpISFMEen58,UC1YGPDtctHGJWW0NrlQVklw,test_reserved,
21,1396,6032,WUo-CsjhUfI,UC1YGPDtctHGJWW0NrlQVklw,test_reserved,
21,1397,6033,Sm93CF9kJSs,UC8qBNfgWRK_WYYGSmmrfgPA,test_reserved,
21,1398,6036,O12shpaFuA0,UCoPGkvh-1AoSzh23-ROXrpw,development,3
21,1399,6040,Uk8tzMocNGE,UCCK3OZi788Ok44K97WAhLKQ,development,2
21,1400,6046,CpQW_PkCtjU,UCc30sTBdN9LRSxEuHaXV_bQ,test_reserved,
21,1401,6062,9doVxlDijKU,UCckltLEhFLv8Xz_lQhYfwmg,development,1
21,1402,6065,JQoNhh5NQ5c,UCckltLEhFLv8Xz_lQhYfwmg,development,1
21,1403,6070,JaEkn5xSM_A,UCnT7Z6-yqjhM__jZbK_B3kw,development,4
21,1404,6071,ZuPsh35NKns,UCaESx7Bdghv_UICcG1hBkcg,development,5
21,1405,6072,dPFfBsBhQOc,UCn0XmAUFv6d2tofMFEesSNw,development,5
21,1406,6075,exQve8jYuO4,UCaESx7Bdghv_UICcG1hBkcg,development,5
21,1407,6088,DG-PZxMrq0A,UCI9B6cvPkauAUvfV2CvKMMQ,test_reserved,
21,1408,6090,-r0zktceZTE,UCcbOsE5_4LEjtQi8X2PFxDw,development,3
21,1409,6091,v5kEBJVnyvQ,UCOtYyt7W5PmPnwQjWWF_Z-Q,development,3
21,1410,6098,cqZuzQbbJ6E,UCCK3OZi788Ok44K97WAhLKQ,development,2
21,1411,6105,YVphma4e_r8,UCcg4tDKgPLIc_x3lhWdogLg,development,3
21,1412,6107,DUUNd_lHUu0,UCOtYyt7W5PmPnwQjWWF_Z-Q,development,3
21,1413,6109,cCBbT2JS3Fs,UC3cLeuBcLQ2vwEbVfdlfXyg,development,1
21,1414,6110,zayUfXD0TUM,UCCK3OZi788Ok44K97WAhLKQ,development,2
21,1415,6112,CraU7rMZsMs,UCOtYyt7W5PmPnwQjWWF_Z-Q,development,3
21,1416,6115,1lcysTz1GOU,UCQTcNhAZidy1i9wwmdgf2Lw,development,4
21,1417,6122,aw4B7fmQCLw,UCnqTWrNbHl4SvL60MCE693Q,development,1
21,1418,6124,_RoxjUOn55Q,UC2sO_F_Ky4LIAUtSJYXqBDA,test_reserved,
21,1419,6127,iER8ERKguCA,UCA5xW2Ce7KT2AtxzDYDebCA,development,5
21,1420,6132,YJJRr2nBGbI,UC7mhtAaF1ESJgCozpoS2lcQ,development,2
21,1421,6134,w6wWjn68VbQ,UCRB8mrLCcwTPlJOMUy9MDUg,development,2
21,1422,6138,2kWhfhQ9YPg,UCckltLEhFLv8Xz_lQhYfwmg,development,1
21,1423,6147,G1S9DQUC2CA,UCx7lEnwLHxO9yPjOotGb-bA,development,3
21,1424,6162,-F84oWRgm2c,UCLN_RAmXWVC0JrVwqdcItBA,development,2
21,1425,6164,GfOS8IeyKtE,UCbxfCGwaV-ipmYbElzAVBnA,development,5
21,1426,6166,W0QrJpw_gKU,UCmqflTSJ6911aCrnaWIXxsA,development,2
21,1427,6168,yuzN05tIf0U,UCCK3OZi788Ok44K97WAhLKQ,development,2
21,1428,6171,kiOOtefw5ws,UCf2Iar2LDcFaSCnVH1ZMUkA,development,3
21,1429,6176,Rp1eT1Hgo6Q,UCOtYyt7W5PmPnwQjWWF_Z-Q,development,3
21,1430,6178,amiut0eaUOw,UC_oQPOpRefuPENfsJ404nmA,development,1
21,1431,6179,_TevbSnoC74,UCCK3OZi788Ok44K97WAhLKQ,development,2
21,1432,6180,T-cdG7qq6PU,UCrmzxiCDMV3hI56E9nYy-4A,development,4
21,1433,6182,GNubIJbXgNA,UCckltLEhFLv8Xz_lQhYfwmg,development,1
21,1434,6190,iNK18PCkTbI,UC8lKgUHo-2mSR5cRRXO9xow,development,3
21,1435,6191,MyWLZZH311k,UCcwCsuV7bOpTfqf2UvLfYmg,development,4
21,1436,6194,_Ttdtjer2zg,UCckltLEhFLv8Xz_lQhYfwmg,development,1
21,1437,6200,QMunPM-NOBk,UCCK3OZi788Ok44K97WAhLKQ,development,2
21,1438,6208,ND0AzhDFEeI,UCol1SzfebXhRo0ltxOJZ9cg,development,3
21,1439,6220,Ds8NHbwjluc,UCaESx7Bdghv_UICcG1hBkcg,development,5
21,1440,6222,o23sMHmRogs,UCgooj1ufFuOk6GD2jq8CbdQ,development,1
21,1441,6225,HU26B2UIqJ4,UC4L5fKRgM-3HjdKiZjTjsxw,development,5
21,1442,6231,AbidbCG_2l8,UCc30sTBdN9LRSxEuHaXV_bQ,test_reserved,
21,1443,6232,hCSCr69JxGM,UCS7TOzC8cRTnUklI6cch2zA,development,1
21,1444,6238,ByCh0-EMQE0,UCDqy-V3qY-xtSmiRHlZIWWQ,development,5
21,1445,6239,xSe1plcuqIA,UC5dezjl-rF4Sw6BRPM8Q6Zg,test_reserved,
21,1446,6242,F3RNt-J8MpQ,UCGjZJ0TN1PlJIEwJXKNlm6w,development,5
21,1447,6245,u1gtiz8YzBc,UCh9qXeL8eP3Txra2908xksg,test_reserved,
21,1448,6253,d8VAiz_ZugQ,UCdgWTRipbTuQsIiiPb6fB-A,development,4
21,1449,6260,b8_FbwWnv8U,UClCjoJ0fs2RqaRTjukU1jQA,development,5
21,1450,6262,XMsC1Sla0Mg,UCYweMykEAI5aaRztqrJuuAg,development,5
21,1451,6265,ShX3UlzjPTM,UCc30sTBdN9LRSxEuHaXV_bQ,test_reserved,
21,1452,6269,98pCYssrFDk,UCmGMChEd9jBucufrWcpk3Ew,development,5
21,1453,6270,ednFKnKIVg0,UCCK3OZi788Ok44K97WAhLKQ,development,2
21,1454,6279,Nhdw8P3cNbQ,UC324VVhYKykBv01GecF4aYg,development,5
21,1455,6284,D6f7cPGxHu0,UCCK3OZi788Ok44K97WAhLKQ,development,2
21,1456,6287,t_CZAAoTLY4,UCPXSUKHTNc1_hnHuj-UiQWQ,test_reserved,
21,1457,6289,JpTcQEpSDIU,UCcijXxFzSXgoM6q9cCtT9PA,test_reserved,
21,1458,6290,8qQSeZiDsxk,UC3tvYy-s84yySG7V85jRDnA,development,4
21,1459,6292,b42T2rJxOM0,UCckltLEhFLv8Xz_lQhYfwmg,development,1
21,1460,6298,moeckYr7HPw,UCpfrIJXRqOTx2kPVsUytO4Q,development,5
21,1461,6299,Zyabz4L5MVs,UCbS_glb2N1NVTrDLVryRbng,development,4
21,1462,6303,C5esFgBtp-I,UCckltLEhFLv8Xz_lQhYfwmg,development,1
21,1463,6312,vfhlZ61ftCE,UCMv53_1dj-WnV1KhRV4oB8g,development,3
21,1464,6315,yuqRDMO0O1s,UCgnFSj7jQffD5V5m05j4dPw,development,5
21,1465,6316,ETYUV3wmglk,UC7DAcUDu475b1grvKsSgARg,development,1
21,1466,6321,NRXJ0A469bo,UCm3mXl7hQbHVMxhKaOeEhYA,test_reserved,
21,1467,6326,Zzua_SYzZTM,UCckltLEhFLv8Xz_lQhYfwmg,development,1
21,1468,6328,u2WSsUUl52s,UC67_bXZQ5O74jeRS42vLR5Q,development,1
21,1469,6329,Cc5hHD5WeoI,UC1hcl0aIr9KtXA-Kiq9itqw,test_reserved,
21,1470,6340,n2Rgp0qOpfM,UCf2Iar2LDcFaSCnVH1ZMUkA,development,3
21,1471,6343,tRJ0iaqqqig,UCckltLEhFLv8Xz_lQhYfwmg,development,1
21,1472,6345,GL2QkhwkKJ4,UCLuP7ROjaueiuNbzrvPqXSQ,development,2
21,1473,6350,MCpsgWa812Q,UCCK3OZi788Ok44K97WAhLKQ,development,2
21,1474,6351,Xuft_p1VqI4,UCZpPfCxvP6T9rCkDX3tQfOw,test_reserved,
21,1475,6352,tULNohCorQ0,UCOChhrxHx8lLASkitfBu3-A,test_reserved,
21,1476,6355,ngGY_SHxDeo,UCn0XmAUFv6d2tofMFEesSNw,development,5
21,1477,6356,iJYsyevmQyE,UCCK3OZi788Ok44K97WAhLKQ,development,2
21,1478,6360,S3pw97bJpsg,UC7SpeEKCvhjtxa4VX2sHA1Q,development,1
21,1479,6362,KkEbHg9CWA8,UC4j4HUyjjgMALWnjN1v7z7A,development,3
21,1480,6364,TWEiOTst0jE,UCPfU0uygBGutjaaJU5PpEvg,development,2
21,1481,6370,_xvkGkbHfdc,UCn0XmAUFv6d2tofMFEesSNw,development,5
21,1482,6378,LbtA1zcTAXk,UCg17nAWKuBa0V1XkluzYbaQ,development,1
21,1483,6383,pdrApe6aUmU,UCEUSUxrhCt4n0Pp9WB7q7-w,test_reserved,
21,1484,6387,U0Weio1ZHJA,UC4EtZkAiRfpNl1QRxWTuXaA,development,3
21,1485,6393,ea9G1i0B3dI,UCZpPfCxvP6T9rCkDX3tQfOw,test_reserved,
21,1486,6394,V8U6qrBo3-E,UCcijXxFzSXgoM6q9cCtT9PA,test_reserved,
21,1487,6398,2heYR9MUoro,UC-vTBToHrXuxkqSJ3OEqS0Q,test_reserved,
21,1488,6401,PyMpimmbNKI,UCOtYyt7W5PmPnwQjWWF_Z-Q,development,3
21,1489,6412,31PuhRbz0KU,UCAH7R88V7gz7RqJv78nNOzg,development,3
21,1490,6419,wh0opyWvgkc,UCKoBVjh6j8amPM6tw6Lb-cA,development,3
21,1491,6422,vM6MLPCwMJA,UCAOAqdh0wJ6lmzO8j33v8fQ,development,1
21,1492,6423,DFqo9e82lpU,UC-dHEjWS4CibzGtijQC6cOg,development,5
21,1493,6425,VONBGK8r6b0,UCPJRtoh7x7vEw0-d59JwKiQ,test_reserved,
21,1494,6426,Btrw7s0Vgo8,UCOtYyt7W5PmPnwQjWWF_Z-Q,development,3
21,1495,6427,PGfH3U5dfKc,UCgnFSj7jQffD5V5m05j4dPw,development,5
21,1496,6432,CimsdEh5fWE,UCRDDfbYPHX_GUJ4lcQYTc8A,development,4
21,1497,6433,5JwloOZzpWs,UC4oZv7iatCbhEp6ehMMbhAg,development,1
21,1498,6439,HGS4Dk-FQwg,UCJhdo2Kg29_EZwNPvlhzIFg,development,5
21,1499,6448,O6HP5NtMEVs,UC9SgyReu4QufMUTFhZYYEMw,development,1
21,1500,6449,_18x6Bsjp5A,UCgnFSj7jQffD5V5m05j4dPw,development,5
21,1501,6459,rD9S5fSnm3k,UCckltLEhFLv8Xz_lQhYfwmg,development,1
21,1502,6469,hWD6K9p9WIY,UCdgWTRipbTuQsIiiPb6fB-A,development,4
21,1503,6470,KOL-NgAYyK0,UCiSjgMdwgt_wYFGu2QpVtPg,test_reserved,
21,1504,6476,UKXHjc5KLfs,UCSSdxN7FMswC7GFnvVON-eQ,development,5
21,1505,6478,61mu_v1lQl0,UC8a89-tnN8wKeI1Xm4-5wqw,development,1
21,1506,6486,9pEOUiq30lg,UCh9qXeL8eP3Txra2908xksg,test_reserved,
21,1507,6487,7Y_W6rm7sOU,UCCK3OZi788Ok44K97WAhLKQ,development,2
21,1508,6488,HBEJQAKSuzw,UCbS_glb2N1NVTrDLVryRbng,development,4
21,1509,6489,Iys8l1isZhc,UCVU09OJkBIHZTGb-acbajoQ,development,4
21,1510,6495,o75rJMq7O3o,UCrhkgHTUdZXbCd69TNuQuMg,development,2
21,1511,6500,qolnvJjsu6E,UCckltLEhFLv8Xz_lQhYfwmg,development,1
21,1512,6506,5iwDFj60d1k,UCOtYyt7W5PmPnwQjWWF_Z-Q,development,3
21,1513,6508,aYQQorJ2oxQ,UCkagcQYGoYFuXsUg-ObSL6A,test_reserved,
21,1514,6514,KMo_1pA-iE0,UCgnFSj7jQffD5V5m05j4dPw,development,5
21,1515,6517,uUjZyTK1lvY,UCnqTWrNbHl4SvL60MCE693Q,development,1
21,1516,6518,o9Qz4MV2B74,UCmrLu4r89ykOzmtmbAeEklA,development,3
21,1517,6522,Lv3VzZ-_aR8,UCckltLEhFLv8Xz_lQhYfwmg,development,1
21,1518,6524,QfRMm9VrBLI,UCFJbuic3c-Tmr_-jNeUjQcg,development,5
21,1519,6525,NrANZ2S8myo,UCGSDCIUEvUtO5wzIFtc4AgQ,development,2
21,1520,6528,bFr71GX-gt0,UCCK3OZi788Ok44K97WAhLKQ,development,2
21,1521,6531,gXmqsv-M9rw,UCckltLEhFLv8Xz_lQhYfwmg,development,1
21,1522,6533,WAZ6ThtWiio,UCbR7juPwtP-bV_w0840ciYQ,development,4
21,1523,6538,yRJx1YVeeSA,UCcwCsuV7bOpTfqf2UvLfYmg,development,4
21,1524,6542,Vh2fFoMquAE,UCXfgx23Lw81I4wsCNhdVBgw,development,2
21,1525,6556,pQZn9pP9SJ0,UCckltLEhFLv8Xz_lQhYfwmg,development,1
21,1526,6560,oDUvR4ncf4Q,UCbS_glb2N1NVTrDLVryRbng,development,4
21,1527,6561,xf7IAXG_oQg,UCFYP9-HfFF-Pg7DibBsCAlQ,development,2
21,1528,6566,Nj3iKuOE1xs,UCcijXxFzSXgoM6q9cCtT9PA,test_reserved,
21,1529,6567,HnlqvPnOIZM,UCckltLEhFLv8Xz_lQhYfwmg,development,1
21,1530,6568,FFPBZOZi77Q,UCCK3OZi788Ok44K97WAhLKQ,development,2
21,1531,6571,Pe4D_cw8LWA,UCAgBGlUKoAQFXMUzshrWDgg,development,5
21,1532,6578,OjBkK77H0CI,UC0ZcZzDZe8x6-olaRR5-wYw,development,4
21,1533,6580,nktdwwZEDSE,UClWSTWnXSIOK34ySODMm8Ew,development,4
21,1534,6592,SgooI40HIsI,UCbS_glb2N1NVTrDLVryRbng,development,4
21,1535,6595,6m7K3paHsa8,UC3W16VfuU392bL3zrOdVGfQ,development,3
21,1536,6597,Capqk7icfv4,UCckltLEhFLv8Xz_lQhYfwmg,development,1
21,1537,6599,lte70_inV7s,UCOtYyt7W5PmPnwQjWWF_Z-Q,development,3
21,1538,6602,bPjH3wZqJsQ,UCVz1bXiY1pz6Fz_Osm0YYBA,development,4
21,1539,6603,F9Dn2sqOcuw,UCSvq6flKvb-vwtaU5hfnQjA,development,5
21,1540,6609,L0Ck25HyWW0,UCB3pmaew5i2Sp9LJe03BU8g,development,5
21,1541,6610,-7VI2bdj7Kg,UCgnFSj7jQffD5V5m05j4dPw,development,5
21,1542,6611,JzeeV5R4fB8,UCM3bQBUJ0PEbgfe9lAw_Y3Q,development,4
21,1543,6617,luQGcx5JJxI,UCckltLEhFLv8Xz_lQhYfwmg,development,1
21,1544,6618,Rbl63iGjBE8,UCCK3OZi788Ok44K97WAhLKQ,development,2
21,1545,6619,d2j_S75MaDc,UCgnFSj7jQffD5V5m05j4dPw,development,5
21,1546,6623,JdBvVVyPIa0,UCbRbdFTihZZCq8r5-bQa0sA,development,2
21,1547,6630,ssy4MGk0HzY,UCckltLEhFLv8Xz_lQhYfwmg,development,1
21,1548,6634,-HwLIT-R0XY,UCCK3OZi788Ok44K97WAhLKQ,development,2
21,1549,6639,4C0tXD21V7I,UCcrsFwwoMvcXYpJ0XldIlVQ,development,3
21,1550,6642,UbBUwNHgF2c,UC5-n2dfksESEt3ATmM6Uujw,development,4
21,1551,6643,Qr5XBHc17UM,UCcg4tDKgPLIc_x3lhWdogLg,development,3
21,1552,6645,cprrX4AZrIU,UCaESx7Bdghv_UICcG1hBkcg,development,5
21,1553,6647,eQBjW1enIVQ,UCjm7vbOwssao7Bhm9wX3-bw,development,5
21,1554,6648,v3VZNp6C-Ho,UC5_mCvFp3zgtxoX1W9yHHHQ,test_reserved,
21,1555,6653,YbO1hVBNDF0,UC1CkcuwxCW_dIchuR0tTCJw,test_reserved,
21,1556,6656,8uLlfbPLd0U,UCqrqt9Egbp4Voh3iEUUoorw,test_reserved,
21,1557,6657,cgMAz14ulMM,UCUxrelp7FHiIj9SNfzWdh_A,development,5
21,1558,6658,ujXixKgAGf8,UC_K3CNn5jlFvgCx7cpKiCYA,development,1
21,1559,6672,pg_JdzKzrbM,UCql-jEixeuMcyabHRYqr-Zw,development,3
21,1560,6674,eV6G0TXOiVs,UCf2Iar2LDcFaSCnVH1ZMUkA,development,3
21,1561,6675,P0zlBTH2vJs,UCckltLEhFLv8Xz_lQhYfwmg,development,1
21,1562,6678,UgOhgJO1FBI,UC6MkngMDyobFNaXOZR0ukyQ,development,5
21,1563,6680,Wr1USmseO4Y,UCM19g5ow7vLXDTYx_j9Z7VQ,development,3
21,1564,6681,EuXYD4VytO4,UCckltLEhFLv8Xz_lQhYfwmg,development,1
21,1565,6686,puROIBSzEko,UCc30sTBdN9LRSxEuHaXV_bQ,test_reserved,
21,1566,6700,ozvuutkb0bo,UCj66yJ6BRcAD83A7KhIl9lw,development,4
21,1567,6705,SwhX0m10qjI,UCcijXxFzSXgoM6q9cCtT9PA,test_reserved,
21,1568,6706,xpD_4WwKPcE,UCoNaQS6wefjNVFkwvxrzAYw,development,4
21,1569,6709,EHqwvRlhSW8,UCOtYyt7W5PmPnwQjWWF_Z-Q,development,3
21,1570,6712,NU9vVyQsScg,UCZ6MS5ygBzz25PnSMaAw8PA,development,5
21,1571,6723,JpNkPkxd3ww,UCckltLEhFLv8Xz_lQhYfwmg,development,1
21,1572,6734,8BxCds5JXAc,UCMayHG7j39d11Gh36vV7GnQ,development,5
21,1573,6738,omxelNCYd4I,UCaESx7Bdghv_UICcG1hBkcg,development,5
21,1574,6746,dvgX9ENBtio,UCjKSK3d5r0O78WGnMouSvDw,development,4
21,1575,6747,YwzYSL2C15Q,UC8byti_nmRGuF52xaPb2QIA,development,3
21,1576,6749,hcoKc3d83WE,UCHDqE_7jt4iCq-y1HAF-PUQ,test_reserved,
21,1577,6754,huAnju60yDM,UCbS_glb2N1NVTrDLVryRbng,development,4
21,1578,6756,b3TDK4PdvxY,UCB3pmaew5i2Sp9LJe03BU8g,development,5
21,1579,6757,SSVnCoA6LEw,UCVU09OJkBIHZTGb-acbajoQ,development,4
21,1580,6762,He-cuTB8ouU,UCckltLEhFLv8Xz_lQhYfwmg,development,1
21,1581,6766,8s5x59W3LIY,UC35oZgra9TA5Vxr9PrTjRyg,development,5
21,1582,6774,ycljDV62_BM,UCckltLEhFLv8Xz_lQhYfwmg,development,1
21,1583,6777,s8wXnIbBQTE,UCbS_glb2N1NVTrDLVryRbng,development,4
21,1584,6778,95wJB4liFlQ,UCCK3OZi788Ok44K97WAhLKQ,development,2
21,1585,6779,EmVZgL0Ax44,UCN3Buj32nQOlbBjWmj1Eoqw,development,3
21,1586,6790,OjzrfPe721U,UCckltLEhFLv8Xz_lQhYfwmg,development,1
21,1587,6793,081YMxF-clE,UCOtYyt7W5PmPnwQjWWF_Z-Q,development,3
21,1588,6795,pN7KpyjzGkc,UC2zxNWQM0kBCY5rXpeHaFQQ,development,4
21,1589,6798,79hwNMELgXQ,UCCbm1E52PV05ZLv6dtRB92Q,development,5
21,1590,6806,pYNAeCilAwQ,UCCK3OZi788Ok44K97WAhLKQ,development,2
21,1591,6812,0gRHpxQV5L0,UCmrLu4r89ykOzmtmbAeEklA,development,3
21,1592,6822,yGylzzuPnfs,UC4f76oW8ZgZYEhl7jrvIA3w,development,5
21,1593,6824,ubn491Kn5_k,UCXfgx23Lw81I4wsCNhdVBgw,development,2
21,1594,6826,RjbgkfMH22g,UC5mNdm6_f2fv50Hzsg7qW1g,development,2
21,1595,6827,UmgzR0hn9hE,UCckltLEhFLv8Xz_lQhYfwmg,development,1
21,1596,6830,-y7zW4VM-Oo,UC5_mCvFp3zgtxoX1W9yHHHQ,test_reserved,
21,1597,6833,QbBhz_wWpXU,UCm_cUbvQZt8A02HMU6vyguA,test_reserved,
21,1598,6838,HwYrB1a98hQ,UCy-3y3BEH8dFhPsNEnO74Vg,development,5
21,1599,6839,087K1wB-o-U,UCcg4tDKgPLIc_x3lhWdogLg,development,3
21,1600,6849,TOQKk8nTTVU,UCPXSUKHTNc1_hnHuj-UiQWQ,test_reserved,
21,1601,6851,VAsDNNgpeAQ,UC1YGPDtctHGJWW0NrlQVklw,test_reserved,
21,1602,6857,zDf4M-68Mzc,UCgnFSj7jQffD5V5m05j4dPw,development,5
21,1603,6859,MfPhE3d71zI,UC8lKgUHo-2mSR5cRRXO9xow,development,3
21,1604,6867,0iiuDrf3yTQ,UCMKVkE8hcrq8XVr_GftJ_sg,development,3
21,1605,6871,GNLcXn60o7Q,UCNSnFwvrkdgy7yoDd3M9uYQ,development,1
21,1606,6872,HygdcvXonSQ,UCOtYyt7W5PmPnwQjWWF_Z-Q,development,3
21,1607,6876,Db37_s4Z5dU,UC5-n2dfksESEt3ATmM6Uujw,development,4
21,1608,6877,W_defnCSDys,UCBsrUim15y-s6PfMISCR38A,development,2
21,1609,6892,t9KahTkCdsk,UCZEXdsMN3HWEz34uY5PbtXA,development,3
21,1610,6893,NdQzCgeInqs,UCbR7juPwtP-bV_w0840ciYQ,development,4
21,1611,6894,Esps6_XJ7dY,UCIoyIVPZEfC2p0dQwAxGiEw,development,5
21,1612,6906,BvCm5a9UGhY,UCsDDVBdzvMMZaQtF8vaC9bg,test_reserved,
21,1613,6909,pGLJ0uZADX4,UCPXSUKHTNc1_hnHuj-UiQWQ,test_reserved,
21,1614,6911,_nQlTi7CVVw,UCZmhWvoFf5ejK_0i7ryO17g,development,2
21,1615,6914,jpr1vCE4ZJ8,UCPXSUKHTNc1_hnHuj-UiQWQ,test_reserved,
21,1616,6918,3qw6P1S15MA,UCYogjR8tl0p9hAtG4vmkksw,development,3
21,1617,6919,GpxPljkneO0,UCYB7HJ5mt61PSDByUrF3IJg,development,2
21,1618,6922,HoDjEt4rZqM,UC2sO_F_Ky4LIAUtSJYXqBDA,test_reserved,
21,1619,6924,1FYFA7pVEbw,UCqODKKfku8auksmekzE6X0Q,test_reserved,
21,1620,6926,62zxJqn0WsI,UCfxrtRajRgkbSCct-w7jErQ,test_reserved,
21,1621,6929,FGxDO4G_MUk,UCgnFSj7jQffD5V5m05j4dPw,development,5
21,1622,6936,Yuc47HeC8zA,UCCK3OZi788Ok44K97WAhLKQ,development,2
21,1623,6941,6ElewKiSMFo,UCkOBWuInZXAP0DT3iAT5hYw,development,2
21,1624,6947,tVvvtyPisM0,UCRK13WgCsr2N6y9cbeEq39g,development,5
21,1625,6949,xvNPmZ65o9k,UCgnFSj7jQffD5V5m05j4dPw,development,5
21,1626,6956,JpBwcURqSnM,UCIKg0Ev6Vq2M7hU7bL_jHFQ,development,4
21,1627,6957,YaIwoZMsB2g,UC8rcDufKZ3W6CtZU69CtMXg,development,3
21,1628,6958,EhGqIrnUha0,UCfctDMDRq0cS1N8ddyvLfAg,development,5
21,1629,6959,9-fHFwa314k,UCwsNWoSlQUyeWgbVQYZtLOA,development,3
21,1630,6960,XPNKNeS7Uto,UCCK3OZi788Ok44K97WAhLKQ,development,2
21,1631,6976,8N3DXc8HvGE,UCh9qXeL8eP3Txra2908xksg,test_reserved,
21,1632,6977,18sm-yRhB5w,UCgnFSj7jQffD5V5m05j4dPw,development,5
21,1633,6981,88fGoER7V38,UC7e8LFxir9MCfTAf2XQbfaA,development,4
21,1634,6992,s9Pc6F23d8g,UCCK3OZi788Ok44K97WAhLKQ,development,2
21,1635,6995,5dnzEhvv4Hg,UCl6jWvfKISYk4ZN0N3EDu5g,development,3
21,1636,6996,YeEAx1ZgqU4,UCgnFSj7jQffD5V5m05j4dPw,development,5
21,1637,7009,ZsbqsTO_RDA,UCmrLu4r89ykOzmtmbAeEklA,development,3
21,1638,7010,avJSSvJoLfE,UCckltLEhFLv8Xz_lQhYfwmg,development,1
21,1639,7011,MaGVMyIY1Os,UCt1uMmva5HBK0qu1hTGGvzA,development,5
21,1640,7012,5dp9Zd1JDoE,UCgnFSj7jQffD5V5m05j4dPw,development,5
21,1641,7017,7YgCZJcHnVU,UCCK3OZi788Ok44K97WAhLKQ,development,2
21,1642,7020,UtUgrIBKuQQ,UCh9qXeL8eP3Txra2908xksg,test_reserved,
21,1643,7024,b1lCLM44yLM,UCRHYFnWL0aYTQ9qmvfZnUxg,test_reserved,
21,1644,7027,HyOmnSpl6B4,UCAH7R88V7gz7RqJv78nNOzg,development,3
21,1645,7031,xTUeM2M4Z8k,UCE_HRkZMtXQvjnCrM0aSjCQ,test_reserved,
21,1646,7036,fqt3UfcVDKg,UC_K3CNn5jlFvgCx7cpKiCYA,development,1
21,1647,7041,0tHgHgu9VZ4,UCPfU0uygBGutjaaJU5PpEvg,development,2
21,1648,7045,lPvX2C62-g0,UC1YGPDtctHGJWW0NrlQVklw,test_reserved,
21,1649,7047,IyWmymutU_U,UCRDDfbYPHX_GUJ4lcQYTc8A,development,4
21,1650,7049,hPXyA4sjtuo,UCMQg72D9bcWjW-umvECrcAQ,test_reserved,
21,1651,7050,K5XumbAUyM0,UCCK3OZi788Ok44K97WAhLKQ,development,2
21,1652,7052,jlFgixoNjVQ,UC0l36s7dMwk1GYxmSHAib_A,development,2
21,1653,7054,jjtrYqqeh-8,UCKurrM38zebptCChSC6QpuQ,development,4
21,1654,7056,-fIRyp4vu3U,UCckltLEhFLv8Xz_lQhYfwmg,development,1
21,1655,7060,SHwlDMZDdYQ,UCn0XmAUFv6d2tofMFEesSNw,development,5
21,1656,7061,cm2UJNdK49I,UCafJV2dgvIHYxjKb4GJpV7w,development,4
21,1657,7062,AryECKM7OyM,UClSIhhnuyF8fXtBTpOOTknA,development,2
21,1658,7063,xzuVEmErAos,UCq_7vQg_7NcbDTzVP9qxmgg,test_reserved,
21,1659,7068,nnoCmr2_oEM,UCLNz9bgiJfM3ImTtYDOt8Ew,test_reserved,
21,1660,7069,riAki8mrrgM,UC9mVbiRT4STi4TmCNJ89O9w,development,3
21,1661,7070,9sKLouzKV0U,UCCK3OZi788Ok44K97WAhLKQ,development,2
21,1662,7071,XN0R56QiBWI,UCckltLEhFLv8Xz_lQhYfwmg,development,1
21,1663,7073,4iHgqHn7uj4,UCckltLEhFLv8Xz_lQhYfwmg,development,1
21,1664,7076,eEntoEntC94,UCOtYyt7W5PmPnwQjWWF_Z-Q,development,3
21,1665,7081,4_qkEMLRHic,UCmwIKQQjwpjNT8OQ_VZuRfg,test_reserved,
21,1666,7091,1Gn47b5n7bQ,UCCK3OZi788Ok44K97WAhLKQ,development,2
21,1667,7096,PsEAD4oqYrE,UCOlFGTtYOtyBMV-qwZjmgyA,development,2
21,1668,7097,084aFWWlx4s,UCIPnCyTWcKHe-C-_mtG0GmA,development,4
21,1669,7099,dAdgX_8_ILo,UCi-3Vt9kYawd12KPcldSPFg,development,3
21,1670,7102,Ujm7vTDil00,UCCQ3mUIQTv2Snhw5Os0Yo5Q,development,3
21,1671,7105,ClWSQ7Olq4Y,UCCK3OZi788Ok44K97WAhLKQ,development,2
21,1672,7108,MSDnHAfNzXM,UCOtYyt7W5PmPnwQjWWF_Z-Q,development,3
21,1673,7111,l5yQ2MVvXEM,UCqShCHSDvCBKDN_GAsnLJmQ,development,4
21,1674,7114,tnWC5yrx6JU,UC0xHX8gNJzWCFU4J0kP9JQw,development,1
21,1675,7124,CqA8evclkFc,UCRDDfbYPHX_GUJ4lcQYTc8A,development,4
21,1676,7126,PgZOxqvY_Hs,UC0ZcZzDZe8x6-olaRR5-wYw,development,4
21,1677,7130,agUNM2Og7gE,UC_nFt7ialY-bZ-nUFwzY_hg,development,3
21,1678,7135,UPpizciTrPQ,UCckltLEhFLv8Xz_lQhYfwmg,development,1
21,1679,7151,gDyLYkhLK80,UC0ZcZzDZe8x6-olaRR5-wYw,development,4
21,1680,7152,PCOy99E-onU,UCu84Sz4SPM1Ceu-1youdCBw,development,1
21,1681,7158,RVw-RJeoHaQ,UCJojbxGV0sfU1QPWhRxx4-A,test_reserved,
21,1682,7164,obdk4QgPcWU,UCaszdCPv2DolWB2zmTDYPEA,development,5
21,1683,7165,jPM1J3FUjCA,UCLNz9bgiJfM3ImTtYDOt8Ew,test_reserved,
21,1684,7168,SlQEvH8vKfE,UCYRuRw221bkMM9zHUS5_Y0w,development,2
21,1685,7170,7ihd78ZUksQ,UCkM9Dn8ZcDf8U2566xTIjAg,test_reserved,
21,1686,7172,TGBwDUu5VgI,UCcijXxFzSXgoM6q9cCtT9PA,test_reserved,
21,1687,7177,Hi8pRw-ksFo,UCAz-peNBHr6_KTtl0sPBavg,development,5
21,1688,7183,oozStFPNxCE,UCAH7R88V7gz7RqJv78nNOzg,development,3
21,1689,7184,6YGlHNmDWUY,UC0tV1b7IFEXFUUILF7mAcWw,development,2
21,1690,7195,Spz70UcGnYI,UCSfmHr5cQvlVKR2f6p8T01w,development,5
21,1691,7200,vDm6T2rtDPk,UCBkEIYKUPw_d06rAFuJfTVQ,development,4
21,1692,7202,g_hDBErWY6g,UCwyld30uUaeOoRl9Y1dsfLw,development,4
21,1693,7204,5ILti0_UlkQ,UC1YGPDtctHGJWW0NrlQVklw,test_reserved,
21,1694,7208,YJrI96hCQy4,UCr5BVR_ePEz_9V-KF5rSEmQ,development,2
21,1695,7215,_jHJX-OSwBk,UCqZllVQ6lt8QJtUrnQ5Fzzw,development,2
21,1696,7219,KewviiMWGC8,UCckltLEhFLv8Xz_lQhYfwmg,development,1
21,1697,7220,oNCy5n11Bcg,UCCK3OZi788Ok44K97WAhLKQ,development,2
21,1698,7221,qVtE2XsE88I,UCy_k21fgkkC-02_heI6enaQ,test_reserved,
21,1699,7225,4wd3kdfhK10,UCsAPX_-Yu9O_3dJu0aUj_BA,test_reserved,
21,1700,7227,mE1Ezt-2DWg,UC9iEv8PqeHuC3ZVt0QqN-pQ,test_reserved,
21,1701,7229,Kg2Go_uDjj0,UCAH7R88V7gz7RqJv78nNOzg,development,3
21,1702,7232,f_250-cvxYk,UCrcATWZGF_p53r38i6VK0eA,development,5
21,1703,7235,u4wcLmd1ue4,UCMOJZJjbOVCp2oqoTNK5PdQ,development,2
21,1704,7236,rwT2Bj2mpHI,UCaESx7Bdghv_UICcG1hBkcg,development,5
21,1705,7238,9BIdsNyq0zg,UCT83ymyAGm7Gnk_4ifxjxIA,development,4
21,1706,7246,_n5Eo7XmK10,UCCQ3mUIQTv2Snhw5Os0Yo5Q,development,3
21,1707,7248,z1nFBeA5nJs,UCbS_glb2N1NVTrDLVryRbng,development,4
21,1708,7251,l3ghsTvAaWc,UCQTcNhAZidy1i9wwmdgf2Lw,development,4
21,1709,7262,zZ-vnLbDROo,UCvfwXFsI8J-iRMpG1SE8lgw,development,3
21,1710,7265,aIsy7XTVGHE,UCy3DJWVPCZ1ke602YJZ9PSg,development,5
21,1711,7267,uCQyB4xkzSU,UCRB8mrLCcwTPlJOMUy9MDUg,development,2
21,1712,7272,AqyezAcjXdY,UCsCp9NfFhRhL6DvDjWtAweg,development,1
21,1713,7282,RG2dZAP6cfE,UCTa7XGYF8a8jFVozt8rEIlw,development,5
21,1714,7287,FL3tO4JV6Co,UCUz70SsT1TZzlwEqvSCpJRA,development,3
21,1715,7288,sbwrIT51XLg,UCRDDfbYPHX_GUJ4lcQYTc8A,development,4
21,1716,7301,JoZNxyUdwcU,UC8rcDufKZ3W6CtZU69CtMXg,development,3
21,1717,7302,rOebOgJqt6s,UCT9wY8llfLPCGtIMJ8kNt2w,development,3
21,1718,7311,KaUnQVOs-io,UC3asBjakSJquSeu2yt25lBw,development,5
21,1719,7315,VSmxQ6psTH0,UCckltLEhFLv8Xz_lQhYfwmg,development,1
21,1720,7317,0t-89eErWww,UCl5m1hcAdrpnQjFgonDYypA,development,1
21,1721,7321,1LM--vRFJhY,UCckltLEhFLv8Xz_lQhYfwmg,development,1
21,1722,7323,9bhKk6RJJHY,UCOgsOVUELkkv_irhET9kK_Q,development,1
21,1723,7330,x4B1_QJUU1Q,UCBlbnaMHXbDkLzm2KNKH7RQ,development,4
21,1724,7333,tzmhVOQkIeE,UCAKbFSucxr0iLZDDkEp3gGw,test_reserved,
21,1725,7334,Kuiz4PwTUPw,UC5mNdm6_f2fv50Hzsg7qW1g,development,2
21,1726,7335,jyMxfgVQ_OY,UCpRnLw-i6ep13w_vh9M9k-g,test_reserved,
21,1727,7346,aAF-IbZYEFA,UCCXHDSRJKfNBLNJmIegx8Lw,test_reserved,
21,1728,7351,S1cG0BfK3WU,UCXDs97xqSkkV9WSXMtYvCEw,development,4
21,1729,7352,CcWtL1j1vAI,UCJ44oEtQ4TUPUbVS6hLI9Hw,development,2
21,1730,7365,88chNY9HzKE,UCm8I2aLYgPm_gdzw4SSkiGg,development,3
21,1731,7367,RqjzcklqAP8,UCckltLEhFLv8Xz_lQhYfwmg,development,1
21,1732,7368,1HvU6fE3fw0,UCbS_glb2N1NVTrDLVryRbng,development,4
21,1733,7371,u2g2R2j2AWQ,UCfYQW_0xEVwKfePgWRxTYhg,development,4
21,1734,7379,gVk54UdQIVo,UCaESx7Bdghv_UICcG1hBkcg,development,5
21,1735,7380,FUlM5XTj4G0,UC38c_i9VoaIjDpp46l35d0w,development,4
21,1736,7381,TioCSLaOWWc,UCckltLEhFLv8Xz_lQhYfwmg,development,1
21,1737,7386,tEt68G5QtPc,UCRDDfbYPHX_GUJ4lcQYTc8A,development,4
21,1738,7389,3xzimcyZqwY,UC1YGPDtctHGJWW0NrlQVklw,test_reserved,
21,1739,7397,P0YrYMZOWNw,UCP0FKFuz9j2Dp-QDr-Dv_0g,development,4
21,1740,7403,vrxeZPbkyBs,UCaESx7Bdghv_UICcG1hBkcg,development,5
21,1741,7409,wuXdhlOnWxA,UCAH7R88V7gz7RqJv78nNOzg,development,3
21,1742,7414,qiUTgLnLD_A,UCf2Iar2LDcFaSCnVH1ZMUkA,development,3
21,1743,7417,PSom9QcpEpQ,UCmqflTSJ6911aCrnaWIXxsA,development,2
21,1744,7419,C1e0c87nU4s,UCIKg0Ev6Vq2M7hU7bL_jHFQ,development,4
21,1745,7422,WJCQc0FoOk4,UCXSus5Zss-0FP1quj0Mpndw,development,3
21,1746,7423,bRFiLs38nwE,UCaESx7Bdghv_UICcG1hBkcg,development,5
21,1747,7425,_SclZTAqAx0,UCgnFSj7jQffD5V5m05j4dPw,development,5
21,1748,7430,T-6j8MaaFkY,UC1IwzRoyy-eroP1ZbQxXxag,development,2
21,1749,7438,UqZ9XC0QCVs,UCgnFSj7jQffD5V5m05j4dPw,development,5
21,1750,7442,TLTdQjcVc6g,UCckltLEhFLv8Xz_lQhYfwmg,development,1
21,1751,7445,-EZiTtZ_1Q4,UC6jQt9K_jqnBNtsRf7hXHsA,development,5
21,1752,7449,MnB3i3HDq3c,UC9_3iaIIixGPLSEeMoUSA8A,development,5
21,1753,7451,ijA3VwTs43Q,UC2GNitBc9qBFZd0329eYOPg,test_reserved,
21,1754,7458,uaqiz36so7U,UCOiMY00_ZLijPF6InrCl0TA,development,4
21,1755,7459,u4-qOtuQxmo,UCkagcQYGoYFuXsUg-ObSL6A,test_reserved,
21,1756,7461,YajMfMNOsdY,UCLNz9bgiJfM3ImTtYDOt8Ew,test_reserved,
21,1757,7464,ZjDuD2xjUFk,UC7usyPsAjJAsFozSyEnL6zA,development,1
21,1758,7472,J4lXJCfsxNo,UCF11-Puqxb0jdeWNc7F_Fcw,development,1
21,1759,7475,JT9w6QUtuzo,UCT83ymyAGm7Gnk_4ifxjxIA,development,4
21,1760,7483,UQU_v50wq9w,UCl4aG8npoRPiiPPr5S2-Lgw,test_reserved,
21,1761,7488,KAtmyg79xF0,UCckltLEhFLv8Xz_lQhYfwmg,development,1
21,1762,7490,rM29MjJOzVI,UC8lKgUHo-2mSR5cRRXO9xow,development,3
21,1763,7495,Y4cDuZx8e-k,UCA5xW2Ce7KT2AtxzDYDebCA,development,5
21,1764,7503,IGBuUxeAuZQ,UCckltLEhFLv8Xz_lQhYfwmg,development,1
21,1765,7505,6PeP3zU-HuI,UCbR7juPwtP-bV_w0840ciYQ,development,4
21,1766,7510,TTuEfCmJ0o8,UCh9qXeL8eP3Txra2908xksg,test_reserved,
21,1767,7523,rLnpQGWCo-g,UCA5xW2Ce7KT2AtxzDYDebCA,development,5
21,1768,7524,OtvW4SRWavA,UCbRbdFTihZZCq8r5-bQa0sA,development,2
21,1769,7527,6ZE7-90_SgU,UCUz70SsT1TZzlwEqvSCpJRA,development,3
21,1770,7529,e2D4akGAU-A,UCrcATWZGF_p53r38i6VK0eA,development,5
21,1771,7533,hzQJawPu2Ck,UCPJRtoh7x7vEw0-d59JwKiQ,test_reserved,
21,1772,7536,7lsLOPH0l_s,UCaESx7Bdghv_UICcG1hBkcg,development,5
21,1773,7539,RzSMILDe4Jc,UCckltLEhFLv8Xz_lQhYfwmg,development,1
21,1774,7540,rX-Hd937sWg,UConDLpzQN5uiqRMUD1yYKZQ,development,1
21,1775,7543,h6ugL5ge5Jk,UCQTcNhAZidy1i9wwmdgf2Lw,development,4
21,1776,7549,uNVZ9fj6S10,UCgnFSj7jQffD5V5m05j4dPw,development,5
21,1777,7550,d-DCjkVPwcg,UCLD_EGJOhzPx4qu1OhOfeJg,development,3
21,1778,7551,qUzo5_B5lpw,UC4VkNi2RZSJyqXsFaJYfsPg,development,4
21,1779,7552,puvdNSFM7mc,UC2sO_F_Ky4LIAUtSJYXqBDA,test_reserved,
21,1780,7560,GhWIpLYSN9E,UCckltLEhFLv8Xz_lQhYfwmg,development,1
21,1781,7571,haGLUUYCJYA,UCCK3OZi788Ok44K97WAhLKQ,development,2
21,1782,7574,xSzdu25Wx4I,UCOtYyt7W5PmPnwQjWWF_Z-Q,development,3
21,1783,7577,9OuiKTIO2wg,UCM3bQBUJ0PEbgfe9lAw_Y3Q,development,4
21,1784,7581,GIGjcEsBkA0,UCtEz7PSfmMS8lL1tzI3k9ZA,development,1
21,1785,7589,ybGEsrf9_jE,UC1YGPDtctHGJWW0NrlQVklw,test_reserved,
21,1786,7600,fxvMHX9OVxA,UCKd4c6Ke8GsuUWf2BnOI4WA,development,3
21,1787,7605,TPX0FFtJInw,UCUz70SsT1TZzlwEqvSCpJRA,development,3
21,1788,7611,NjeAM_tepJs,UCcijXxFzSXgoM6q9cCtT9PA,test_reserved,
21,1789,7618,poeOBOhEg5E,UCieUj92znWxr02AWNviTElQ,test_reserved,
21,1790,7625,ZW97ZwpRV1E,UC_OVGNPj6MFL1nZOU05HIZA,test_reserved,
21,1791,7626,LImchnDb52Y,UCU9pquukCdVxwA6Hptvf_Tw,test_reserved,
21,1792,7634,T4shQ3-gKdQ,UCvcVb1fcd-asMSL6-CeOgNw,development,4
21,1793,7638,MbY4oaxrQ2k,UCgnFSj7jQffD5V5m05j4dPw,development,5
21,1794,7646,RYmYLz9yBZ0,UCQkPhQ-6NhA1v7Tpsp6EnKQ,development,2
21,1795,7647,fCi68X_6hmQ,UCCK3OZi788Ok44K97WAhLKQ,development,2
21,1796,7652,qTHWjECAv1M,UCgnFSj7jQffD5V5m05j4dPw,development,5
21,1797,7658,nB7f6BiGeLU,UCckltLEhFLv8Xz_lQhYfwmg,development,1
21,1798,7669,_S9jWEQQaBY,UCzeBunsQThQMJuN7ldtbeRA,development,1
21,1799,7675,x2SA9XLG49E,UCmrLu4r89ykOzmtmbAeEklA,development,3
21,1800,7676,9bqNJXliUfw,UC6jQt9K_jqnBNtsRf7hXHsA,development,5
21,1801,7679,X3E1JvlRsK4,UCjYAhUnrkBujtKI3j3LM2uA,development,3
21,1802,7686,f3vzg1aYOvs,UCyKbGIhchUM6-ybLXFXA1cg,development,3
21,1803,7689,NeZ7LZkzT-o,UCZw-8vhDi8SvEjHgHI4WTMw,development,3
21,1804,7700,xLVguzAUMAM,UCqrqt9Egbp4Voh3iEUUoorw,test_reserved,
21,1805,7701,0KGtjmiOlaI,UCUzsesaP5G628WVuqEckF8w,development,1
21,1806,7703,8xCkZqFCmFI,UC4Tu0ezWjyVMBD7lyX3EOdQ,development,5
21,1807,7711,SHRv_abFeho,UCmwIKQQjwpjNT8OQ_VZuRfg,test_reserved,
21,1808,7723,aRSm_mIS4Vw,UCaIc6SgS90ud_RgMSC6hW_w,development,3
21,1809,7729,RWvL-XT5QIQ,UCIz9mJ8WHSfw0R_z5eP6j4w,development,5
21,1810,7739,8Jo5RxP5UWY,UChoLplNa4k4Yao2jFreT50w,development,1
21,1811,7740,P6LBaYff2_Q,UC1YGPDtctHGJWW0NrlQVklw,test_reserved,
21,1812,7744,aIWzCIoajes,UCZNreSxdvd50nzMz5zkXg4w,test_reserved,
21,1813,7746,SKbYtu8Wn8E,UCaIc6SgS90ud_RgMSC6hW_w,development,3
21,1814,7748,yHahQpOu8e0,UCA5xW2Ce7KT2AtxzDYDebCA,development,5
21,1815,7749,0DmO54CBp_Y,UCcwCsuV7bOpTfqf2UvLfYmg,development,4
21,1816,7752,wpu3s0PdzCo,UC5Q9lmEDB_pWZdzzLI07eVg,development,5
21,1817,7756,dzHoF9B1Obg,UCcijXxFzSXgoM6q9cCtT9PA,test_reserved,
21,1818,7758,Thg770vM1zo,UClSIhhnuyF8fXtBTpOOTknA,development,2
21,1819,7759,cRqTAbwZXAE,UCOtYyt7W5PmPnwQjWWF_Z-Q,development,3
21,1820,7763,WkY0a9b_LBI,UCacIRbbu-hgx4sRW6tZPRoQ,test_reserved,
21,1821,7769,6x-IlQ56TCA,UCLNz9bgiJfM3ImTtYDOt8Ew,test_reserved,
21,1822,7771,__SqNNvp0E0,UCckltLEhFLv8Xz_lQhYfwmg,development,1
21,1823,7776,7f2tEmz1qAA,UCPXSUKHTNc1_hnHuj-UiQWQ,test_reserved,
21,1824,7777,AIlfeXdpR_w,UCIi-sp4cticvdmHAodPeyvw,development,1
21,1825,7788,DhKU0Ny4aRQ,UCn0XmAUFv6d2tofMFEesSNw,development,5
21,1826,7795,imYezzz3DrQ,UCBf296-OhUNfaDbtcYQ4RQQ,development,2
21,1827,7796,QHTpJEji5Bk,UCN3Buj32nQOlbBjWmj1Eoqw,development,3
21,1828,7801,Dk0cEklBmtI,UCgnFSj7jQffD5V5m05j4dPw,development,5
21,1829,7810,paPGI6CDyPk,UCxood6HxMjFCIoHa2dRI1Cg,development,1
21,1830,7813,pNgJiPoCSR4,UCVfnhhDIkkBJ_1QyzCqeVDg,development,5
21,1831,7814,hM7IkiiXWrE,UCfctDMDRq0cS1N8ddyvLfAg,development,5
21,1832,7817,VLiUI5vqgPg,UCPXSUKHTNc1_hnHuj-UiQWQ,test_reserved,
21,1833,7823,JiKgy7iB4Rs,UCIKg0Ev6Vq2M7hU7bL_jHFQ,development,4
21,1834,7824,CIydgqgwovs,UCOtYyt7W5PmPnwQjWWF_Z-Q,development,3
21,1835,7832,cpxh8RhDS2o,UCPfU0uygBGutjaaJU5PpEvg,development,2
21,1836,7836,zfr9TyBAWAM,UCm8I2aLYgPm_gdzw4SSkiGg,development,3
21,1837,7841,YBPPug5tH_A,UCQTcNhAZidy1i9wwmdgf2Lw,development,4
21,1838,7847,Ubi5iafHCM4,UC0ZcZzDZe8x6-olaRR5-wYw,development,4
21,1839,7851,_YLFzf9yBio,UCCK3OZi788Ok44K97WAhLKQ,development,2
21,1840,7856,Uu1Wf3GZutE,UCCK3OZi788Ok44K97WAhLKQ,development,2
21,1841,7865,XhFishQhjew,UCbS_glb2N1NVTrDLVryRbng,development,4
21,1842,7870,idNJDo5wHg8,UCafJV2dgvIHYxjKb4GJpV7w,development,4
21,1843,7876,AQMwDYIXyHQ,UCYEmdesrRlDICr6v6LnX5Bg,development,3
21,1844,7883,aNMnfxziaQ4,UCPXSUKHTNc1_hnHuj-UiQWQ,test_reserved,
21,1845,7894,5H8yvSdbzXY,UCckltLEhFLv8Xz_lQhYfwmg,development,1
21,1846,7900,ylORYdQ6vJ0,UCqShCHSDvCBKDN_GAsnLJmQ,development,4
21,1847,7904,UGIjt9JeDNM,UCi7NA4jgRbTDZG50Gku70EQ,development,5
21,1848,7909,78Biyorgalo,UCsU0TSt6Jm_yLlTkZS-FvUw,test_reserved,
21,1849,7910,eQgaLdd7JAs,UC1hcl0aIr9KtXA-Kiq9itqw,test_reserved,
21,1850,7914,a0m4Iw0I39I,UCS6wii1nENlRXQpu_1mp5CA,development,5
21,1851,7916,GgGoKeCtWsw,UCLNz9bgiJfM3ImTtYDOt8Ew,test_reserved,
21,1852,7918,t1U-QnxEdI8,UCE_uaeRZwW7roZqYO31iDWg,test_reserved,
21,1853,7921,glBtukoqC7w,UCckltLEhFLv8Xz_lQhYfwmg,development,1
21,1854,7928,Fro9JB6hNPA,UCceS_252pdNUa5ztP_MW8rw,development,1
21,1855,7929,1qH8cWXGVwI,UCYweMykEAI5aaRztqrJuuAg,development,5
21,1856,7930,W7WqL3nPtMc,UCckltLEhFLv8Xz_lQhYfwmg,development,1
21,1857,7934,GrQ1EkQyHR4,UCjYAhUnrkBujtKI3j3LM2uA,development,3
21,1858,7953,DSB_qnUshTY,UCRDDfbYPHX_GUJ4lcQYTc8A,development,4
21,1859,7956,fcWCdSbXgn4,UCol1SzfebXhRo0ltxOJZ9cg,development,3
21,1860,7962,hzdy10lK7cs,UCu3jIK2NBSXc0_YaFqEuIrg,test_reserved,
21,1861,7965,g0lrq62svfg,UCLsRogzQ9bw2Efitidd0ikg,development,4
21,1862,7970,luLPPpu6_Jw,UCOtYyt7W5PmPnwQjWWF_Z-Q,development,3
21,1863,7981,r4KEsoj0C0c,UCh1YbG4SC-R5fBxZgMMuRww,test_reserved,
21,1864,7984,V6QrkH6pM_o,UCOtYyt7W5PmPnwQjWWF_Z-Q,development,3
21,1865,7992,DDpxTyTNqZg,UC5-n2dfksESEt3ATmM6Uujw,development,4
21,1866,7996,YvjVbyLR75w,UC_AuTY5qqpUUYFLSDQIbOsg,test_reserved,
21,1867,8000,Moz5joWKdcE,UCdFAl3bZf7bi7A5HX7USKzg,development,2
21,1868,8006,L12I-ig5vP4,UClCjoJ0fs2RqaRTjukU1jQA,development,5
21,1869,8007,4Et75PbOpps,UCcbOsE5_4LEjtQi8X2PFxDw,development,3
21,1870,8009,ilF64UDi0sI,UCmGMChEd9jBucufrWcpk3Ew,development,5
21,1871,8010,0PK_igMt2Vo,UCn0XmAUFv6d2tofMFEesSNw,development,5
21,1872,8018,vBiSluUwkjY,UCu_uRk4D5klE6p_SBLVOWaQ,test_reserved,
21,1873,8021,i6jXmhNuZHc,UCckltLEhFLv8Xz_lQhYfwmg,development,1
21,1874,8026,yqrWi0OJw6I,UCCK3OZi788Ok44K97WAhLKQ,development,2
21,1875,8032,C9XZraFA6ew,UCOtYyt7W5PmPnwQjWWF_Z-Q,development,3
21,1876,8033,1meuh9SksZo,UCCK3OZi788Ok44K97WAhLKQ,development,2
21,1877,8039,UcJzdsW2EBY,UCoYoYVojg-QGFH7VyKMpB8w,development,2
21,1878,8041,lsJgitu_xIo,UCRDDfbYPHX_GUJ4lcQYTc8A,development,4
21,1879,8052,pbz3TuTuAC0,UCtmKeT1zqxvWPGCR0I-6hiQ,test_reserved,
21,1880,8070,m17BDhZUhDQ,UCuN1HN5RXX2D6ZcEkopILeg,development,1
21,1881,8074,SxFSWq9RJyU,UCW_dWq1AfuNLqbZuoc6_Clg,test_reserved,
21,1882,8077,0PkuM7lAhPc,UCh2Xwe7on2Oa2MBtk8zvEuw,test_reserved,
21,1883,8084,GcNKdTQ4Tsk,UCocTGar6qlhml1oAUBWMQTg,test_reserved,
21,1884,8085,w36MvIpXZyY,UCckltLEhFLv8Xz_lQhYfwmg,development,1
21,1885,8087,SvnJTzH9U9U,UCSvq6flKvb-vwtaU5hfnQjA,development,5
21,1886,8090,gXqMKqoFtDE,UCHxH_-4U4y6OuGqe5XiWWqA,test_reserved,
21,1887,8091,5lnuAHxgjE8,UCcijXxFzSXgoM6q9cCtT9PA,test_reserved,
21,1888,8094,kHdWrn4Ok_E,UC2QU3X4Lt0kd43c65eloUZg,development,2
21,1889,8095,DP8r1YW2LcI,UC8qBNfgWRK_WYYGSmmrfgPA,test_reserved,
21,1890,8097,I4jD0D9M-8k,UCmTrMV3RUj_n8dO0Ff-wHOQ,development,4
21,1891,8098,AwbsfIOZ8kk,UCwsNWoSlQUyeWgbVQYZtLOA,development,3
21,1892,8104,Aat-hH6iwIA,UCl5xacxsAhltNGtiMktd_Sg,development,5
21,1893,8105,rnJn8y7wapI,UC324VVhYKykBv01GecF4aYg,development,5
21,1894,8119,Wd7asiUJpTM,UCS1FukhR2GeYArdB87fVFVg,development,1
21,1895,8123,4jRB9PRy9YA,UCCK3OZi788Ok44K97WAhLKQ,development,2
21,1896,8131,hyTcUcZPsik,UCoignce2_XnPfTYhPFS5s0Q,development,1
21,1897,8135,wLz_Gpo_egg,UCLuP7ROjaueiuNbzrvPqXSQ,development,2
21,1898,8141,HAf6jNpvEcU,UCuN1HN5RXX2D6ZcEkopILeg,development,1
21,1899,8145,P303UycUFVU,UC8qBNfgWRK_WYYGSmmrfgPA,test_reserved,
21,1900,8146,7ztj0f01SSw,UCXDs97xqSkkV9WSXMtYvCEw,development,4
21,1901,8150,MXPS9ccWebs,UCckltLEhFLv8Xz_lQhYfwmg,development,1
21,1902,8152,T7aLoM8kfWE,UCtOctcFy9iYftvrf1xlF8mw,development,2
21,1903,8160,T-Y9CqW28J4,UCF0uUUUTf2kzN8lz20-iksg,test_reserved,
21,1904,8165,aZUWnVvUxcg,UCckltLEhFLv8Xz_lQhYfwmg,development,1
21,1905,8167,eVLAZzKWzCQ,UCoz7UhbfPFJyljIIV2saR7A,test_reserved,
21,1906,8175,RtVK_iL7j0o,UCNEf722QEvvmyGaT0HsKxRQ,development,4
21,1907,8177,uNtmTSW3R8g,UC8ZmvQOUKiu6SmICTXzjFnA,development,2
21,1908,8188,iVAzea0l0D0,UCGwSu8n08wtb7RVacaPs9Tw,test_reserved,
21,1909,8189,aXLba1t9bJc,UCoNaQS6wefjNVFkwvxrzAYw,development,4
21,1910,8190,Rll0GVEEAvQ,UC8qBNfgWRK_WYYGSmmrfgPA,test_reserved,
21,1911,8191,N8PNU22WMQo,UCV9cn7kAjTi6nMKVKIuwoDw,development,5
21,1912,8198,w_Q2whugQME,UCRDDfbYPHX_GUJ4lcQYTc8A,development,4
21,1913,8201,5PiyBJXrg7U,UCMcbA7PGSiHNM1SqqTmKK9w,development,1
21,1914,8202,O6zOfUI8OwE,UCkbABs_u0L-braOorFRgafQ,development,5
21,1915,8209,lx-Hscf1XE4,UCI-teIr7yMeLi4Z3LW4LNRg,development,3
21,1916,8211,fHvf_ZnoP1c,UCh1gyxZxm0osk7GipwmsOgA,development,5
21,1917,8217,hyuGyuhm1YY,UCm8I2aLYgPm_gdzw4SSkiGg,development,3
21,1918,8219,rKzn7byYf4w,UC0tV1b7IFEXFUUILF7mAcWw,development,2
21,1919,8220,sehmOIjRknM,UCOiMY00_ZLijPF6InrCl0TA,development,4
21,1920,8221,LFs4zB5GwSA,UCWj4YlsI2lhzVFgpcBRl8jw,development,2
21,1921,8222,_ox7iW3LMBs,UCV9cn7kAjTi6nMKVKIuwoDw,development,5
21,1922,8225,6IIqQdchPD8,UC3sxNugUTDt39PNiE2jsVRA,development,3
21,1923,8230,V6sAFcglsig,UCia0GEySgfL4Ek272EigC7A,test_reserved,
21,1924,8234,7FdurFKTJsQ,UCzyTz2So395JRTH79AlQS7Q,development,1
21,1925,8235,OFrz2B5ZsHM,UCbS_glb2N1NVTrDLVryRbng,development,4
21,1926,8240,tt7nd6RXHAI,UCCK3OZi788Ok44K97WAhLKQ,development,2
21,1927,8251,1lAsZW18NgM,UC9WC9lfrR4XNDTn1AiBDinQ,development,4
21,1928,8253,n_RAyZKgQe8,UCCK3OZi788Ok44K97WAhLKQ,development,2
21,1929,8255,AlCSDxnkF2c,UCckltLEhFLv8Xz_lQhYfwmg,development,1
21,1930,8259,4OFFLne7hxk,UCckltLEhFLv8Xz_lQhYfwmg,development,1
21,1931,8261,evCEv0IB-gA,UCNJq7z4rYDfvXvgWKt6KOvw,test_reserved,
21,1932,8268,-j1xl9EgBrI,UCYOW-Xetp4-pPn4V1h2ySGg,development,1
21,1933,8274,KzKDibEVxgo,UCRDDfbYPHX_GUJ4lcQYTc8A,development,4
21,1934,8277,y1kCAzWwUEU,UCckltLEhFLv8Xz_lQhYfwmg,development,1
21,1935,8282,psxg8YIq_R4,UC4-OGkz_qi4h59w_HeqwYjg,development,4
21,1936,8283,mQJ8DjqTxP8,UCAH7R88V7gz7RqJv78nNOzg,development,3
21,1937,8285,eRyF4B1G-OM,UCDIfBxwQyQY8_qt9BjGnNDw,test_reserved,
21,1938,8289,ahf4XZYDEJI,UCckltLEhFLv8Xz_lQhYfwmg,development,1
21,1939,8296,iaS8hCX0cqI,UCC3G1NO0V-xRNyl5ckkfsxQ,test_reserved,
21,1940,8301,Ms2M8goJ32Y,UCh9qXeL8eP3Txra2908xksg,test_reserved,
21,1941,8305,q_5LL7yaWL8,UCQTcNhAZidy1i9wwmdgf2Lw,development,4
21,1942,8306,DqPaYF2RDDw,UC61hH_E3HUjIweuWm20wuDg,development,5
21,1943,8310,crXj_vOd3mY,UCiR8kH7EvdjJGp41a9KIfsQ,development,5
21,1944,8312,Edjmd4G9au4,UCOtYyt7W5PmPnwQjWWF_Z-Q,development,3
21,1945,8314,n1gdbJQcEbA,UCRDDfbYPHX_GUJ4lcQYTc8A,development,4
21,1946,8316,6dWqX8EazZg,UC4Pb9SEsCb1EpsXVYAVVajw,development,2
21,1947,8317,BZDGyYAdj9g,UCoz7UhbfPFJyljIIV2saR7A,test_reserved,
21,1948,8319,km5liVAMpIE,UCXm0FsS7PXy0w5HeOkYMi7Q,development,5
21,1949,8322,PdSpG1DXO0I,UCKkRSuLQBs2oErUCgivn8mw,development,4
21,1950,8323,lbrw415zpLw,UCC-QxtkZPfDCczEeT3SEsYA,development,5
21,1951,8326,-LzoBh1nP7M,UCAH7R88V7gz7RqJv78nNOzg,development,3
21,1952,8333,EzVLhWdlSgQ,UCTlLpPddpcW0ee6y4z9stKA,development,5
21,1953,8334,FTBjL00hC60,UCZ-RBSr_ZD-jWWDgZmFyZyw,development,1
21,1954,8337,Gl9Rj93jihQ,UCV-q7cRK5yFYEFzWuoQOmQQ,development,5
21,1955,8353,wHf6QqDqFR8,UCbS_glb2N1NVTrDLVryRbng,development,4
21,1956,8359,pA8WlpPiG6o,UCvWHrsBBcxstDLGiSaPnoPA,development,1
21,1957,8360,tZqoHdpGrFE,UCnCv6UkoEitRGOxocP0TIPA,development,5
21,1958,8361,2qwOp8lx0Rs,UCDqy-V3qY-xtSmiRHlZIWWQ,development,5
21,1959,8365,7chg1afUllM,UCCK3OZi788Ok44K97WAhLKQ,development,2
21,1960,8373,CW158huuyvQ,UCckltLEhFLv8Xz_lQhYfwmg,development,1
21,1961,8378,Ai6EDcUkKR0,UCG0j1mTQov3RVBgLgh6wbKg,development,2
21,1962,8382,e8cufOhYogM,UCn0XmAUFv6d2tofMFEesSNw,development,5
21,1963,8384,wIkIP6F0R5o,UClSIhhnuyF8fXtBTpOOTknA,development,2
21,1964,8385,2z0dYKRVkHw,UCOtYyt7W5PmPnwQjWWF_Z-Q,development,3
21,1965,8392,zqyvMEgMwto,UCcijXxFzSXgoM6q9cCtT9PA,test_reserved,
21,1966,8394,cWEF9ECXgoo,UCJojbxGV0sfU1QPWhRxx4-A,test_reserved,
21,1967,8396,7lUTJthk2Bo,UCmrLu4r89ykOzmtmbAeEklA,development,3
21,1968,8398,ahI64q5-wnw,UCaIc6SgS90ud_RgMSC6hW_w,development,3
21,1969,8404,t9JrRJkglfU,UCuM3C7bjxZSQCCF97tyZP0w,development,4
21,1970,8416,OG7XCBGwh-s,UCckltLEhFLv8Xz_lQhYfwmg,development,1
21,1971,8418,4iXq-62EekQ,UCnqTWrNbHl4SvL60MCE693Q,development,1
21,1972,8419,ivR3wnCRY6A,UCQIWzvLOlB4tu84TtOTJCGg,test_reserved,
21,1973,8421,NtM0FeendyU,UCtOctcFy9iYftvrf1xlF8mw,development,2
21,1974,8423,UKo4GIiAQSQ,UClSIhhnuyF8fXtBTpOOTknA,development,2
21,1975,8429,0-KUONqm9dI,UCbS_glb2N1NVTrDLVryRbng,development,4
21,1976,8435,BUo7IXMh3To,UC0RX5hQE6UpHTjfub4NZSPg,test_reserved,
21,1977,8436,WVt6HNjUe0s,UCs3r_67R1GGZGzjhM4rR2xA,test_reserved,
21,1978,8437,PuDjoKC8EqQ,UCM3bQBUJ0PEbgfe9lAw_Y3Q,development,4
21,1979,8447,evDXgiEaSyw,UC_d3UQ1v8KP1JNFOBmV63xA,development,2
21,1980,8451,0L5xv2TythI,UCOgsOVUELkkv_irhET9kK_Q,development,1
21,1981,8461,CiTP6W0POgk,UCI9B6cvPkauAUvfV2CvKMMQ,test_reserved,
21,1982,8462,bZUSSK-2Pt8,UC80S9x_1mLIq3Q21dG-iy5A,development,1
21,1983,8469,pr3K7R7rkBI,UCl5xacxsAhltNGtiMktd_Sg,development,5
21,1984,8470,-RqhKql5ziQ,UC_-HAbSdy9ZYvxC9I2V3SOg,development,2
21,1985,8476,1qFLpOcyivU,UCAH7R88V7gz7RqJv78nNOzg,development,3
21,1986,8477,refMoTi6T20,UCIoyIVPZEfC2p0dQwAxGiEw,development,5
21,1987,8488,9pSG3Nai7NA,UCCK3OZi788Ok44K97WAhLKQ,development,2
21,1988,8496,AYFp-o40UB8,UCSzz6iloi2PdcEBlXki-TKQ,development,2
21,1989,8498,b7UwSxjoRnc,UCckltLEhFLv8Xz_lQhYfwmg,development,1
21,1990,8508,K-cTp_awGZA,UC8MegDkaJsqK63fwbOjBLzw,development,2
21,1991,8512,TsZKcXHaP_w,UCaESx7Bdghv_UICcG1hBkcg,development,5
21,1992,8516,WR1cB2sOTso,UC2b5VAYjsOfepl9nAXgRmfQ,development,4
21,1993,8520,DYrYsKooqy0,UCaESx7Bdghv_UICcG1hBkcg,development,5
21,1994,8521,5GZ9aciPjGk,UCaIc6SgS90ud_RgMSC6hW_w,development,3
21,1995,8525,mmyC4r0VDFk,UCcspHoBTj_aLhnJLwkMpWHQ,development,5
21,1996,8526,S-ZNAe6dvIY,UCcbOsE5_4LEjtQi8X2PFxDw,development,3
21,1997,8533,pVTic3Rdf9w,UC3-yva2_TiI1RD41nhZno8A,test_reserved,
21,1998,8537,tPxNzIX6uaQ,UC2QU3X4Lt0kd43c65eloUZg,development,2
21,1999,8539,UZdqGoE5r5o,UCypYfMZbKIxBlXqngCuvi0A,development,3
21,2000,8542,poY4O-Wd5A0,UCQgP7Qg3su6gQj2nj-dGbWA,development,3
21,2001,8547,HVQWNx5Jv1E,UCdKv25zohj7fZeW5xPNBNFg,development,1
21,2002,8548,5AqbQrms4eY,UC2b5VAYjsOfepl9nAXgRmfQ,development,4
21,2003,8550,jg2dzmVhj18,UCs_mHlm5_C82W5WCIJaSMbQ,development,3
21,2004,8551,86_g0AFzgfI,UCsCp9NfFhRhL6DvDjWtAweg,development,1
21,2005,8554,mKYwBViDFi4,UCckltLEhFLv8Xz_lQhYfwmg,development,1
21,2006,8559,agqsvJxAHeI,UCQTcNhAZidy1i9wwmdgf2Lw,development,4
21,2007,8560,7RwqSleD31U,UCQTcNhAZidy1i9wwmdgf2Lw,development,4
21,2008,8570,dE6iW9Fdp5o,UCenKxrud5MMWf6GCANWZ7tA,development,1
21,2009,8572,En_0S1UVwdY,UCcijXxFzSXgoM6q9cCtT9PA,test_reserved,
21,2010,8574,W5YHbgAlUY8,UCRDDfbYPHX_GUJ4lcQYTc8A,development,4
21,2011,8580,hVKisH_c-WI,UCMhmKEOpLnDNmzmKBTg0jeA,development,5
21,2012,8589,aBJ0nF2t4xM,UCvMYO1Ywh_KVLYb67ruTQBQ,development,5
21,2013,8596,SYjchqEYwbI,UCMOJZJjbOVCp2oqoTNK5PdQ,development,2
21,2014,8597,msdCmIVThRU,UCNEf722QEvvmyGaT0HsKxRQ,development,4
21,2015,8601,9ykBJqXNB40,UC6aSX46078fvOY9bY9ZUTYw,development,5
21,2016,8602,GzSUZyGY97c,UCnkon33rksDXo3qChhTs5Vw,development,4
21,2017,8604,6QpRGPtt8Rg,UCcijXxFzSXgoM6q9cCtT9PA,test_reserved,
21,2018,8607,0IzFSnIuTvg,UC2sO_F_Ky4LIAUtSJYXqBDA,test_reserved,
21,2019,8609,m2Czo5013Tc,UCcbOsE5_4LEjtQi8X2PFxDw,development,3
21,2020,8610,Z0j9_oXQy-w,UC5-n2dfksESEt3ATmM6Uujw,development,4
21,2021,8614,Wxi8YN7kER8,UCm3mXl7hQbHVMxhKaOeEhYA,test_reserved,
21,2022,8615,gm0IXxERbFA,UCOnTFYvFvGwd2N4_a8UMk5Q,development,4
21,2023,8617,DhjRh8d1vh0,UCgy5luu86OLBeugp27Tnddw,test_reserved,
21,2024,8621,EIeTzqNVQpM,UCaIc6SgS90ud_RgMSC6hW_w,development,3
21,2025,8643,IPjtyMN6M7Y,UCtbtihatpVC4YkcNvP6v4Vg,development,3
21,2026,8649,qwwGcrbSJUo,UCckltLEhFLv8Xz_lQhYfwmg,development,1
21,2027,8652,fxv9cDMe5Zw,UCdgWTRipbTuQsIiiPb6fB-A,development,4
21,2028,8655,sszT-IksG4E,UCbXOp0vy6lljqmeaY6k4PjA,development,2
21,2029,8656,LV6ghtBAAZg,UC1YGPDtctHGJWW0NrlQVklw,test_reserved,
21,2030,8662,3hJor8TwrgE,UCckltLEhFLv8Xz_lQhYfwmg,development,1
21,2031,8670,vt1lw9WCGH0,UCYmEcbCgb9yxZZJGH1rtn_Q,development,3
21,2032,8671,ng4BwZJaLpk,UCWr_3S-gYx33CVRDXSYSDhA,development,1
21,2033,8672,EZtK9VAzPwk,UCXJm14vFoWrYud1ZXCiHj3A,development,3
21,2034,8674,jHkILsXsx2U,UCVHWB3mjlo3zxsMPhjgtZig,development,3
21,2035,8679,zL3saSYy8uM,UC6aSX46078fvOY9bY9ZUTYw,development,5
21,2036,8681,ykcu8x6DYqE,UCCXHDSRJKfNBLNJmIegx8Lw,test_reserved,
21,2037,8684,veMZYsgqQnA,UCr5BVR_ePEz_9V-KF5rSEmQ,development,2
21,2038,8689,HuL_utz7w24,UCu_V8lfzyGspxP-LNFowW9w,development,4
21,2039,8694,o1HRHZXnrdI,UCckltLEhFLv8Xz_lQhYfwmg,development,1
21,2040,8698,P4dBWZf0Gp8,UCEY_-NIv3TLgWfV3P2xEVuQ,development,4
21,2041,8700,x4sKyAgbx94,UCbS_glb2N1NVTrDLVryRbng,development,4
21,2042,8705,U2GXeg06PKM,UCaIc6SgS90ud_RgMSC6hW_w,development,3
21,2043,8707,LjDwp0hqpxE,UCckltLEhFLv8Xz_lQhYfwmg,development,1
21,2044,8720,S7sN-4MunCw,UCaIc6SgS90ud_RgMSC6hW_w,development,3
21,2045,8722,sYFj4i3Mtnk,UC4EtZkAiRfpNl1QRxWTuXaA,development,3
21,2046,8723,7NwSi_8qfcg,UCbS_glb2N1NVTrDLVryRbng,development,4
21,2047,8729,B2_ehfYE3BA,UCQTcNhAZidy1i9wwmdgf2Lw,development,4
21,2048,8731,4-NZ0oFDmB4,UCBsrUim15y-s6PfMISCR38A,development,2
21,2049,8734,xo86pzRRA7Q,UCbS_glb2N1NVTrDLVryRbng,development,4
21,2050,8742,iliMP4klMf0,UCn0XmAUFv6d2tofMFEesSNw,development,5
21,2051,8743,rna6P6UCYYY,UCkl2iKEW9ltlrBOjzCNJgzw,development,4
21,2052,8760,56lHcwbzA8A,UC5-n2dfksESEt3ATmM6Uujw,development,4
21,2053,8762,8IZilfLANkg,UCT83ymyAGm7Gnk_4ifxjxIA,development,4
21,2054,8763,F2m7l6rWr7c,UCCbm1E52PV05ZLv6dtRB92Q,development,5
21,2055,8764,e1-7xdivVz4,UCVOZ_y2K3fnUOmuMtnxLk1Q,development,2
21,2056,8775,IzveOU3T8vs,UCCK3OZi788Ok44K97WAhLKQ,development,2
21,2057,8779,yckDXcRL7vQ,UCbS_glb2N1NVTrDLVryRbng,development,4
21,2058,8783,rJHW6k8wpPM,UCRDDfbYPHX_GUJ4lcQYTc8A,development,4
21,2059,8784,1aw4ApC0OZ0,UCoQOQFHBsBAhobpI8NradTA,development,1
21,2060,8785,kPrxp2v2nj8,UCAH7R88V7gz7RqJv78nNOzg,development,3
21,2061,8799,xAJ4YoY4VAE,UCBsrUim15y-s6PfMISCR38A,development,2
21,2062,8802,KfFSfTEs0eE,UCacIRbbu-hgx4sRW6tZPRoQ,test_reserved,
21,2063,8807,kng4-ZIR8j4,UCRDDfbYPHX_GUJ4lcQYTc8A,development,4
21,2064,8808,9STWkSC-gKg,UCzNxbzqN0to4GNb9otFuGJQ,development,4
21,2065,8811,AwVyWJHoQSs,UC1YGPDtctHGJWW0NrlQVklw,test_reserved,
21,2066,8818,f1dAtAMUnzA,UCZXcD8T3zClfNAlDwHCdg6w,development,1
21,2067,8820,IaZTmOIt3dY,UCcijXxFzSXgoM6q9cCtT9PA,test_reserved,
21,2068,8824,pK36KklVo3g,UCg22fUwQQF-7Sf6-TIVIFrA,test_reserved,
21,2069,8831,cRd-P_Lyc4c,UCSfmHr5cQvlVKR2f6p8T01w,development,5
21,2070,8839,K8DKC0vFEiA,UC0tV1b7IFEXFUUILF7mAcWw,development,2
21,2071,8840,r3He00UOjVU,UCckltLEhFLv8Xz_lQhYfwmg,development,1
21,2072,8841,3UmNXrsSwuk,UCs7S1q9lLPbNFfKxj_2cLpA,development,4
21,2073,8845,I7jxR-iJJig,UCvcVb1fcd-asMSL6-CeOgNw,development,4
21,2074,8846,Jp594prlL24,UC9y7Wh-inBLM44vBwc9MGJg,test_reserved,
21,2075,8847,Ax2Z_c90RoQ,UCCK3OZi788Ok44K97WAhLKQ,development,2
21,2076,8856,OdbTRv8V9Kk,UC1hcl0aIr9KtXA-Kiq9itqw,test_reserved,
21,2077,8857,5-uWoEFKjXA,UC7NapJjZn91I2PnqsG2jXKA,development,5
21,2078,8860,1Oj-UXn_iTI,UCCK3OZi788Ok44K97WAhLKQ,development,2
21,2079,8861,QndY0K32JkI,UCPfU0uygBGutjaaJU5PpEvg,development,2
21,2080,8862,Ql37jgNjPHE,UC33e0vM5W6gm82W5WuoGB9A,development,1
21,2081,8865,mLb58iwmsFQ,UCPdASwipemqGhpK-B-a12Ow,development,4
21,2082,8868,LQdenCh2rfc,UC1Er_ypK-cdGjc78OT6D6sQ,development,2
21,2083,8870,zwShOTd7QSk,UCSfmHr5cQvlVKR2f6p8T01w,development,5
21,2084,8872,QHIgl6wCMCA,UCMEXwFurMItX0u1yit-UrAw,test_reserved,
21,2085,8875,VB3MmLkcWAA,UCth9R703obgHx665cpiNY9A,development,1
21,2086,8879,l2va4w1Tv-8,UCq0hVW_G5kWt2ocLhbjOtGg,development,2
21,2087,8883,Ob9mlz5d0Ak,UCVfnhhDIkkBJ_1QyzCqeVDg,development,5
21,2088,8892,iNtiC0IHdIQ,UCbS_glb2N1NVTrDLVryRbng,development,4
21,2089,8893,YDsJFnTDqRs,UC5-n2dfksESEt3ATmM6Uujw,development,4
21,2090,8895,CY9K6Z47HR4,UCRDDfbYPHX_GUJ4lcQYTc8A,development,4
21,2091,8899,A640NvXJMbA,UCckltLEhFLv8Xz_lQhYfwmg,development,1
21,2092,8907,WkstpqYdxq8,UCF11-Puqxb0jdeWNc7F_Fcw,development,1
21,2093,8910,QUM2mouAWJU,UC6jQt9K_jqnBNtsRf7hXHsA,development,5
21,2094,8913,9OJ4MMgtpKc,UClWSTWnXSIOK34ySODMm8Ew,development,4
21,2095,8916,catLMNxakU4,UCQTcNhAZidy1i9wwmdgf2Lw,development,4
21,2096,8917,HpqgITawXG8,UC8a89-tnN8wKeI1Xm4-5wqw,development,1
21,2097,8926,KH3bw-5t6Kw,UCsGsDaPTOt6VXRPF2FyAJ4g,development,5
21,2098,8927,aI07UgS9zuI,UC8a89-tnN8wKeI1Xm4-5wqw,development,1
21,2099,8932,XmvO6jks7BU,UCqrqt9Egbp4Voh3iEUUoorw,test_reserved,
21,2100,8937,gZuUXvOirm0,UCkEC1Cni_4S08XLUPk4e40Q,development,3
21,2101,8946,zoWuX42NOAs,UC4UaWbUUwVvCxWNqhb4f16Q,development,4
21,2102,8947,i5ro2EeSm9s,UC0ZcZzDZe8x6-olaRR5-wYw,development,4
21,2103,8948,EDt_d0oEiDc,UCoNaQS6wefjNVFkwvxrzAYw,development,4
21,2104,8954,VkqkaQh9r2o,UCPfU0uygBGutjaaJU5PpEvg,development,2
21,2105,8960,hsZ09jLGtVM,UClNX00LvziLlfJ_trtu8llQ,development,1
21,2106,8962,M8HpDN6JSNU,UCckltLEhFLv8Xz_lQhYfwmg,development,1
21,2107,8964,HIUDuD7GlGU,UCmqflTSJ6911aCrnaWIXxsA,development,2
21,2108,8970,yFyHC_B9xLo,UCpRgfr4_Eax0HHa2rwkRQ2w,development,5
21,2109,8978,VGFNHmFBsZE,UCBl0eCJiXy8m5icfs2SihGQ,test_reserved,
21,2110,8982,7Cm6A3PoXfQ,UCKvIAFnwVFiuITk3cl7UTxA,development,3
21,2111,8986,ugCjIgy7AHw,UCbVw-Yr6A7L4hPi8W6zsQlw,development,3
21,2112,8987,QKpZaBKKH68,UCAH7R88V7gz7RqJv78nNOzg,development,3
21,2113,8990,yyG33Y2z37E,UCc30sTBdN9LRSxEuHaXV_bQ,test_reserved,
21,2114,8996,hrMUiLL-RMI,UC8rcDufKZ3W6CtZU69CtMXg,development,3
21,2115,9001,JxRjhvmkWDg,UCReF_78PPPdU7kKodNtBwMg,development,3
21,2116,9010,NVnUy2AyU2k,UCCK3OZi788Ok44K97WAhLKQ,development,2
21,2117,9012,j2oGav7lh90,UCGa1_vxtCaUijKxNt0DB7aQ,development,4
21,2118,9017,7fatFExhS64,UCaIc6SgS90ud_RgMSC6hW_w,development,3
21,2119,9018,Lt-TEJ2VWqI,UClmcdMeyewoxHEYb2XDjhJw,test_reserved,
21,2120,9021,5ErIVhTx-Rc,UC5fkr-uG2-yAEbwbJV-QIxg,development,3
21,2121,9025,4FhEJy_vazk,UCOHyRrRuD2zGCkpuCAlyOyA,test_reserved,
21,2122,9028,JFdI6L63xUE,UCgnFSj7jQffD5V5m05j4dPw,development,5
21,2123,9034,Drxkg_w8GKk,UCPXSUKHTNc1_hnHuj-UiQWQ,test_reserved,
21,2124,9035,PO6fMAC7_FM,UC1hcl0aIr9KtXA-Kiq9itqw,test_reserved,
21,2125,9039,-EzhIxSAN1Q,UCCK3OZi788Ok44K97WAhLKQ,development,2
21,2126,9040,-OtVMXuno0s,UCCK3OZi788Ok44K97WAhLKQ,development,2
21,2127,9041,YUGCDjQUbJc,UCCK3OZi788Ok44K97WAhLKQ,development,2
21,2128,9049,w6Sa2Adzr8k,UCF11-Puqxb0jdeWNc7F_Fcw,development,1
21,2129,9061,CoLx75we8Q0,UCf2Iar2LDcFaSCnVH1ZMUkA,development,3
21,2130,9072,iMBb1J7pUFs,UCRDDfbYPHX_GUJ4lcQYTc8A,development,4
21,2131,9075,nWIBex_Sw2g,UCgnFSj7jQffD5V5m05j4dPw,development,5
21,2132,9076,6nzCDvPqE1E,UC0Ixpv316Cz0tAqp900J-qg,development,5
21,2133,9081,NjSCrbWeRYw,UCwKYO2L9xzLtWhSv4ncYCIA,development,1
21,2134,9087,MEftuax_DMs,UC-InXGUDXmIVAZG7efBiU7A,development,4
21,2135,9093,cGpfqlec8Eo,UCPXSUKHTNc1_hnHuj-UiQWQ,test_reserved,
21,2136,9099,xWCriQpQgP4,UCCK3OZi788Ok44K97WAhLKQ,development,2
21,2137,9101,FBW0rBsxsp8,UCI9B6cvPkauAUvfV2CvKMMQ,test_reserved,
21,2138,9107,HnhaXcguqrA,UCRtNR8eqB_eaxKgUcltpwXg,development,4
21,2139,9111,TMt6YUanc-o,UC1YGPDtctHGJWW0NrlQVklw,test_reserved,
21,2140,9116,719dhWIZqiY,UCwrJnrHM2qRjjiSVk1nlx4Q,development,4
21,2141,9118,yxfVdFkoAj8,UCT83ymyAGm7Gnk_4ifxjxIA,development,4
21,2142,9119,fUMEC7O5umY,UCckltLEhFLv8Xz_lQhYfwmg,development,1
21,2143,9121,xcnUT1F9n5s,UCQTcNhAZidy1i9wwmdgf2Lw,development,4
21,2144,9123,gMRMSmSs93k,UCOtYyt7W5PmPnwQjWWF_Z-Q,development,3
21,2145,9127,r3m9WXthcPs,UCn1WQT3G332mV9zanKj1s7g,development,3
21,2146,9140,Y8E2PxjL--Y,UCCK3OZi788Ok44K97WAhLKQ,development,2
21,2147,9142,6-l9Bvbugck,UCvZ8sPFxYngz2JN3DG93fOw,development,4
21,2148,9143,ygDHGdUE6xw,UCT83ymyAGm7Gnk_4ifxjxIA,development,4
21,2149,9149,3m3R5sR4ov8,UCcspHoBTj_aLhnJLwkMpWHQ,development,5
21,2150,9150,dtF6-NWWyp4,UCckltLEhFLv8Xz_lQhYfwmg,development,1
21,2151,9160,a1NteVf4zOI,UCckltLEhFLv8Xz_lQhYfwmg,development,1
21,2152,9162,RJzA57O2WFQ,UC5_mCvFp3zgtxoX1W9yHHHQ,test_reserved,
21,2153,9173,b1x_5huJIaA,UCT83ymyAGm7Gnk_4ifxjxIA,development,4
21,2154,9196,wzqc7n_Cer8,UC61hH_E3HUjIweuWm20wuDg,development,5
21,2155,9197,uB3u_NvRXjI,UC5_mCvFp3zgtxoX1W9yHHHQ,test_reserved,
21,2156,9203,Uam38NL_Crk,UCkzFXIie723z4vsYAMsMGsg,development,2
21,2157,9205,HxWUwlHtb5Y,UCh9qXeL8eP3Txra2908xksg,test_reserved,
21,2158,9208,lqTwKy7_WPY,UCceS_252pdNUa5ztP_MW8rw,development,1
21,2159,9210,ZQEuMTVWv-A,UCckltLEhFLv8Xz_lQhYfwmg,development,1
21,2160,9211,xRszkPi0taY,UCckltLEhFLv8Xz_lQhYfwmg,development,1
21,2161,9214,8J-e1_dm5K4,UCcbOsE5_4LEjtQi8X2PFxDw,development,3
21,2162,9217,Ad7XVQ76TNM,UCQTcNhAZidy1i9wwmdgf2Lw,development,4
21,2163,9223,AAPCIyDoOv4,UCR3nGOOIQNxWyGFn8a0cIGw,development,2
21,2164,9225,3fZzqsvcMLU,UC1hcl0aIr9KtXA-Kiq9itqw,test_reserved,
21,2165,9227,Rk-EDj1TzFs,UCVfnhhDIkkBJ_1QyzCqeVDg,development,5
21,2166,9229,zhR9Jxw0F_A,UCoz7UhbfPFJyljIIV2saR7A,test_reserved,
21,2167,9241,W1K93_H_sF0,UC1YGPDtctHGJWW0NrlQVklw,test_reserved,
21,2168,9242,YQDZ8oCcqrc,UC-GRFwciK7JiP8T4tl0pftQ,development,3
21,2169,9243,anwCvN0AuDQ,UCZEXdsMN3HWEz34uY5PbtXA,development,3
21,2170,9253,QhwIp1HSJMk,UCCK3OZi788Ok44K97WAhLKQ,development,2
21,2171,9254,DNS0JwH3I4w,UCCK3OZi788Ok44K97WAhLKQ,development,2
21,2172,9258,nLdhYn-mKE8,UCu7cGbQEMgGk8TD0ZYucM5g,development,5
21,2173,9264,bgQqmJW_NOI,UCu7cGbQEMgGk8TD0ZYucM5g,development,5
21,2174,9265,XwYp8UWNkvs,UCckltLEhFLv8Xz_lQhYfwmg,development,1
21,2175,9273,u8X0RJpqvK8,UCCK3OZi788Ok44K97WAhLKQ,development,2
21,2176,9274,IGfd_QeCXfk,UC4Pb9SEsCb1EpsXVYAVVajw,development,2
21,2177,9275,FXRJgttvvJ8,UCW5J0vbGISAYVK_Oz6m2Dqw,development,5
21,2178,9283,4sZ4wYBqEpY,UCC0R9UeV1Oh7K8NlcYPycsw,development,1
21,2179,9290,tfhJwT-zN6U,UCix7C1KG_SPtiMXommMExNg,development,4
21,2180,9299,FVAsCj1eC18,UCk0ZLeOPZVnRJn_s1x-8Idg,test_reserved,
21,2181,9303,pdGEuLTBtHc,UC2sO_F_Ky4LIAUtSJYXqBDA,test_reserved,
21,2182,9305,GU6HIt2CvF4,UCcijXxFzSXgoM6q9cCtT9PA,test_reserved,
21,2183,9306,9scfvRiVeik,UCUxrelp7FHiIj9SNfzWdh_A,development,5
21,2184,9312,KngmVQJhkyI,UCCK3OZi788Ok44K97WAhLKQ,development,2
21,2185,9315,F1Ir0p4Tg38,UCcijXxFzSXgoM6q9cCtT9PA,test_reserved,
21,2186,9319,E9NCUmN4fv8,UCCK3OZi788Ok44K97WAhLKQ,development,2
21,2187,9328,GAjiGqYGXzw,UCcrsFwwoMvcXYpJ0XldIlVQ,development,3
21,2188,9329,O3Afit-KUIU,UCsCp9NfFhRhL6DvDjWtAweg,development,1
21,2189,9332,G5cpp9AOhIo,UC2sO_F_Ky4LIAUtSJYXqBDA,test_reserved,
21,2190,9333,UQ0rsrhA0k0,UCn0XmAUFv6d2tofMFEesSNw,development,5
21,2191,9338,0BKPNOt7r9I,UCrVFS_0PdV7AwyTgR13IcVg,test_reserved,
21,2192,9340,w6DV5pyODrk,UC0tV1b7IFEXFUUILF7mAcWw,development,2
21,2193,9341,hanbRCAg2ew,UCOtYyt7W5PmPnwQjWWF_Z-Q,development,3
21,2194,9343,GvEmZJvVfvI,UCZ-RBSr_ZD-jWWDgZmFyZyw,development,1
21,2195,9357,meusHxb6mjw,UC2-G0rYWhRDRck575AitgHw,test_reserved,
21,2196,9358,KamlcyKBPK0,UCckltLEhFLv8Xz_lQhYfwmg,development,1
21,2197,9359,04-Ksh6r_hc,UC1YGPDtctHGJWW0NrlQVklw,test_reserved,
21,2198,9371,mLcAC8lqkBs,UClNX00LvziLlfJ_trtu8llQ,development,1
21,2199,9373,0jcAApcSOfw,UCPXSUKHTNc1_hnHuj-UiQWQ,test_reserved,
21,2200,9376,xfpFsbVIcJE,UC8rcDufKZ3W6CtZU69CtMXg,development,3
21,2201,9386,WuJKLmVlr2w,UCOtYyt7W5PmPnwQjWWF_Z-Q,development,3
21,2202,9390,I2CJwfwk5jM,UCgnFSj7jQffD5V5m05j4dPw,development,5
21,2203,9395,-w1xItbCL9s,UC22LfvKY_7Ibkt5I5wFqwfg,development,1
21,2204,9398,Byw1UjcgRWo,UCCK3OZi788Ok44K97WAhLKQ,development,2
21,2205,9401,rXHKj2rNOYc,UCQTcNhAZidy1i9wwmdgf2Lw,development,4
21,2206,9406,RrNWPPjSRtA,UCoNaQS6wefjNVFkwvxrzAYw,development,4
21,2207,9419,NPpjIUWu4pc,UC4VkNi2RZSJyqXsFaJYfsPg,development,4
21,2208,9420,TgQP9KLLVMs,UCvMYO1Ywh_KVLYb67ruTQBQ,development,5
21,2209,9426,9imDa1FqLkY,UCn0XmAUFv6d2tofMFEesSNw,development,5
21,2210,9431,IWeY1Vd4xGM,UCOtYyt7W5PmPnwQjWWF_Z-Q,development,3
21,2211,9432,MaCzeCRdinc,UCjYAhUnrkBujtKI3j3LM2uA,development,3
21,2212,9434,a_qVfR7IwH8,UC8U5Mgl9nbkm5vOJ0SMtQgA,test_reserved,
21,2213,9439,wRF576_1pHU,UCqrqt9Egbp4Voh3iEUUoorw,test_reserved,
21,2214,9440,mZXrHzAZUM4,UC9SgyReu4QufMUTFhZYYEMw,development,1
21,2215,9446,VYoezf1JtWU,UCRDDfbYPHX_GUJ4lcQYTc8A,development,4
21,2216,9452,8SfUTMSes_U,UC6jQt9K_jqnBNtsRf7hXHsA,development,5
21,2217,9454,EtBB5Ds5hrY,UCOHyRrRuD2zGCkpuCAlyOyA,test_reserved,
21,2218,9455,fxNI8qrXp0w,UCckltLEhFLv8Xz_lQhYfwmg,development,1
21,2219,9464,r1p4dawcmmE,UCVd1jcy6wKFzfQ5E-Txtg-w,development,4
21,2220,9465,WDXFVEN4gOM,UCcijXxFzSXgoM6q9cCtT9PA,test_reserved,
21,2221,9466,lYUG7O3-nxc,UCgnFSj7jQffD5V5m05j4dPw,development,5
21,2222,9468,Q85o-8LFyzg,UCgnFSj7jQffD5V5m05j4dPw,development,5
21,2223,9474,Z3z3PLpHOkc,UCPJRtoh7x7vEw0-d59JwKiQ,test_reserved,
21,2224,9477,Q9JStBqPce8,UCCK3OZi788Ok44K97WAhLKQ,development,2
21,2225,9479,66jhBUbslD0,UCckltLEhFLv8Xz_lQhYfwmg,development,1
21,2226,9481,2wsdu3RanVU,UCaESx7Bdghv_UICcG1hBkcg,development,5
21,2227,9482,c0WnKwv8oow,UCKHgO2j1mqI5vFxJioRSPMQ,development,2
21,2228,9486,IwPyzWEMb88,UC1YGPDtctHGJWW0NrlQVklw,test_reserved,
21,2229,9489,Slzmxgi2KUc,UC6jQt9K_jqnBNtsRf7hXHsA,development,5
21,2230,9494,67yLUCnqXJA,UCq0hVW_G5kWt2ocLhbjOtGg,development,2
21,2231,9495,DmP6_9J14RQ,UCGwSu8n08wtb7RVacaPs9Tw,test_reserved,
21,2232,9498,j4Xj4rp13QU,UCCK3OZi788Ok44K97WAhLKQ,development,2
21,2233,9514,nxttCUQrs5A,UCnSX8rOTbJ0BnrcziyjzM6A,development,3
21,2234,9521,m425clYPIyg,UCbS_glb2N1NVTrDLVryRbng,development,4
21,2235,9532,cqCDzVNxjzE,UCaESx7Bdghv_UICcG1hBkcg,development,5
21,2236,9533,bXA_YXH61YY,UCP0FKFuz9j2Dp-QDr-Dv_0g,development,4
21,2237,9537,0ixOFuKSkdg,UCLuP7ROjaueiuNbzrvPqXSQ,development,2
21,2238,9538,LK9WPs8VCE8,UCCK3OZi788Ok44K97WAhLKQ,development,2
21,2239,9547,jWMbXpitoC0,UCCK3OZi788Ok44K97WAhLKQ,development,2
21,2240,9554,XD7sZhEzKiA,UCbS_glb2N1NVTrDLVryRbng,development,4
21,2241,9555,DH8fkzDBJBc,UCvoMClO68wGoV5Fvu0KRiqA,development,2
21,2242,9556,snk4CtEZKvM,UCZpPfCxvP6T9rCkDX3tQfOw,test_reserved,
21,2243,9557,yNMOS-nQfQk,UCMNzGVtXq9_Y4oYOYEkd-7Q,test_reserved,
21,2244,9561,IvzEGEj-PcI,UCbS_glb2N1NVTrDLVryRbng,development,4
21,2245,9565,KthYZdQOTZ0,UCMxeqmVKOqiqh7V_A3h4gfA,test_reserved,
21,2246,9566,kbbZtwJp_6U,UC6jQt9K_jqnBNtsRf7hXHsA,development,5
21,2247,9568,EUuzAtp8WeY,UCrWDxd_eJ3NM1Z-e1jDsjUA,test_reserved,
21,2248,9576,ChVEUqBd8iI,UCmGMChEd9jBucufrWcpk3Ew,development,5
21,2249,9579,VbWwrI71ifo,UCCK3OZi788Ok44K97WAhLKQ,development,2
21,2250,9587,riEBdFbsSco,UCkK-FOO4FY_7QmxtDa4MLiA,development,4
21,2251,9590,GYLXNCRQFT8,UCaI7IwVdrAcfhu3cp6x4T6Q,development,3
21,2252,9591,dU1LpWcc6dM,UCwIAJtNJEsDReDFDt7fevpA,development,2
21,2253,9593,GZXDFAMit_8,UCXRnXDVoCjqUN_sOJweAXyQ,development,4
21,2254,9594,Vp7wEL7V8Vs,UC8rcDufKZ3W6CtZU69CtMXg,development,3
21,2255,9595,CSJ2A-sb-Oo,UC_d3UQ1v8KP1JNFOBmV63xA,development,2
21,2256,9599,QDYmTB-eJGM,UCCK3OZi788Ok44K97WAhLKQ,development,2
21,2257,9601,dBuE7P800gM,UCP_mlkQcJaUoT0pnfsKiEAw,development,3
21,2258,9604,9eXvPMmAXSM,UCXFiIVHYqQmgpmIi7KChMkQ,development,2
21,2259,9607,kEeMFPQOSBc,UCFGhJsc1ddSN8819LsMa90w,development,5
21,2260,9610,_V4siqbAeJw,UCOtYyt7W5PmPnwQjWWF_Z-Q,development,3
21,2261,9615,f0CwvwMpgFU,UC4Pb9SEsCb1EpsXVYAVVajw,development,2
21,2262,9617,_zVjYwrFsJw,UCaESx7Bdghv_UICcG1hBkcg,development,5
21,2263,9619,gwIYi0bmdnE,UCckltLEhFLv8Xz_lQhYfwmg,development,1
21,2264,9620,rr8fEK_Ev1Q,UCCK3OZi788Ok44K97WAhLKQ,development,2
21,2265,9624,GTeNjA_wMbA,UCckltLEhFLv8Xz_lQhYfwmg,development,1
21,2266,9627,GpXQZ2WRDWQ,UCqrqt9Egbp4Voh3iEUUoorw,test_reserved,
21,2267,9637,LtdozmKIKek,UC7e8LFxir9MCfTAf2XQbfaA,development,4
21,2268,9640,_B2lSIbVBFo,UCql-jEixeuMcyabHRYqr-Zw,development,3
21,2269,9651,WrCLJIGSRY0,UCgnFSj7jQffD5V5m05j4dPw,development,5
21,2270,9660,RNLfPNUUAhM,UCckltLEhFLv8Xz_lQhYfwmg,development,1
21,2271,9665,aSxWjmbVfcs,UC0uW127NmbWG0g-BnTltSHw,test_reserved,
21,2272,9666,XcJRs9NK13U,UCcijXxFzSXgoM6q9cCtT9PA,test_reserved,
21,2273,9668,2Cpd86rLmXE,UCjm7vbOwssao7Bhm9wX3-bw,development,5
21,2274,9670,8DsMT_H_nBs,UCAH7R88V7gz7RqJv78nNOzg,development,3
21,2275,9671,Pd5ra92kTmc,UC6aSX46078fvOY9bY9ZUTYw,development,5
21,2276,9672,B4xYQUc5eW4,UCPfU0uygBGutjaaJU5PpEvg,development,2
21,2277,9678,p9-Vjtv7VIA,UCEltFTj5c4BvLWfgixqTErA,development,4
21,2278,9683,Tl_AlGHEPUE,UCckltLEhFLv8Xz_lQhYfwmg,development,1
21,2279,9688,pTMtgczwmIQ,UCCK3OZi788Ok44K97WAhLKQ,development,2
21,2280,9695,DHKVgPBKkUY,UCMEXwFurMItX0u1yit-UrAw,test_reserved,
21,2281,9698,1LI3krPkygI,UCVfnhhDIkkBJ_1QyzCqeVDg,development,5
21,2282,9701,ekuPryK3dgw,UCESLkkRAOvtHzG-wF7TNofw,development,2
21,2283,9709,gtlhLCjtHnY,UC1YGPDtctHGJWW0NrlQVklw,test_reserved,
21,2284,9711,Lge_4bQ5K6M,UCckltLEhFLv8Xz_lQhYfwmg,development,1
21,2285,9715,mWL2Hr1OsPU,UClfffHYKuZqi1DFcb77Tn4A,development,2
21,2286,9720,XZND033J-JA,UCckltLEhFLv8Xz_lQhYfwmg,development,1
21,2287,9722,KZeiepk6PRk,UCOtYyt7W5PmPnwQjWWF_Z-Q,development,3
21,2288,9733,uexjS4q7ar8,UCBunbKYZkKZubTPRQm68VaA,test_reserved,
21,2289,9737,LXqP4qZRgMM,UCbS_glb2N1NVTrDLVryRbng,development,4
21,2290,9747,dllh7HhMtKk,UC1lLkoi3_W_0-g4GI5bA90w,development,3
21,2291,9751,d4RNXrkOvvI,UCcijXxFzSXgoM6q9cCtT9PA,test_reserved,
21,2292,9752,0CxOhywsubQ,UCQTcNhAZidy1i9wwmdgf2Lw,development,4
21,2293,9756,xt0Y7WfirKI,UCppSNX9SEvI6TM1U0GLGQyA,development,4
21,2294,9758,PIfQNCSKbLk,UCqrqt9Egbp4Voh3iEUUoorw,test_reserved,
21,2295,9768,UdES1-fdkN4,UC_9NLwoSKITCNLMJ86MswJg,development,3
21,2296,9770,HDXBIADQp2A,UCLA8Ovy_NPAwMWvr8IEDquw,development,4
21,2297,9774,KgubPuZNen4,UCCK3OZi788Ok44K97WAhLKQ,development,2
21,2298,9775,7jdWvXhi0N8,UCbI5YpdPKTd7FRoIuZ_uulw,development,4
21,2299,9776,J0wcPkjavq0,UCEItJuaZGCe0BlGzRKruP0A,development,5
21,2300,9780,gBscGwT2Ol4,UCPXSUKHTNc1_hnHuj-UiQWQ,test_reserved,
21,2301,9789,b8RaBPcAKOs,UCVfnhhDIkkBJ_1QyzCqeVDg,development,5
21,2302,9792,pt4gQyMb2Bc,UCckltLEhFLv8Xz_lQhYfwmg,development,1
21,2303,9795,9HCpoI5mXUQ,UCckltLEhFLv8Xz_lQhYfwmg,development,1
21,2304,9798,pyMSRMGweFM,UCtZyfc8g7BwrOuPcZz08lTQ,development,2
21,2305,9801,tZ8hla_qTxQ,UCdvzidU6j1UdUBhaEw-LLuQ,development,4
21,2306,9807,WHD4k5AvrvU,UCg22fUwQQF-7Sf6-TIVIFrA,test_reserved,
21,2307,9809,7L9OyvmObpc,UCv50lhIEdFjQAVZk2C6WaVA,test_reserved,
21,2308,9813,KFLE6XjAAH0,UCbR7juPwtP-bV_w0840ciYQ,development,4
21,2309,9814,u7RG0PHjHwQ,UCCK3OZi788Ok44K97WAhLKQ,development,2
21,2310,9819,3FBmcia1sZM,UC7e8LFxir9MCfTAf2XQbfaA,development,4
21,2311,9824,XRxT_O7_kMw,UCDqFysWGVtduHRyawK8oJkw,development,1
21,2312,9825,ox5unjgbJjQ,UCg49edhvr3zKvWJz01MV8Mw,development,1
21,2313,9829,1whvRkdIZ0E,UCcijXxFzSXgoM6q9cCtT9PA,test_reserved,
21,2314,9843,hcC8Xqd5r1c,UC6jQt9K_jqnBNtsRf7hXHsA,development,5
21,2315,9845,fTjEhI4fLl4,UCA5xW2Ce7KT2AtxzDYDebCA,development,5
21,2316,9852,ub7sSAqU-3Q,UCVXCitEEweQox0oyIsJONrQ,development,3
21,2317,9853,ni0IP-mJNMU,UCCK3OZi788Ok44K97WAhLKQ,development,2
21,2318,9868,mCal3TNvnDk,UCCK3OZi788Ok44K97WAhLKQ,development,2
21,2319,9870,Mu8l2N1aEjE,UCMW_Sgzlaezz3MHg3BtgKbw,development,4
21,2320,9871,FNHtPteuXYs,UCAH7R88V7gz7RqJv78nNOzg,development,3
21,2321,9874,0y8lah9NRVk,UCFdCT7ZJCc9ax1yAqDCQPaA,development,1
21,2322,9877,_93N85PDB-U,UCQTcNhAZidy1i9wwmdgf2Lw,development,4
21,2323,9891,l9u9WqHdauQ,UCcijXxFzSXgoM6q9cCtT9PA,test_reserved,
21,2324,9893,Ru43bjmCNfo,UCy_k21fgkkC-02_heI6enaQ,test_reserved,
21,2325,9903,2qhU9eH_n-A,UCWwo8NBrDNOb5EEZadW3iWA,test_reserved,
21,2326,9904,IwOnuPfqF98,UCbR7juPwtP-bV_w0840ciYQ,development,4
21,2327,9915,uXbD_4XrwBA,UCckltLEhFLv8Xz_lQhYfwmg,development,1
21,2328,9916,bIVIbRXCVpg,UC8ZmvQOUKiu6SmICTXzjFnA,development,2
21,2329,9918,v2on_83xfN0,UCaESx7Bdghv_UICcG1hBkcg,development,5
21,2330,9922,ElND5YrNkTw,UCWwo8NBrDNOb5EEZadW3iWA,test_reserved,
21,2331,9923,-IsD_N7F6w8,UC8qBNfgWRK_WYYGSmmrfgPA,test_reserved,
21,2332,9926,EbXFGpZOfqM,UCQTcNhAZidy1i9wwmdgf2Lw,development,4
21,2333,9928,QJXX5dnGZKw,UCs_mHlm5_C82W5WCIJaSMbQ,development,3
21,2334,9929,-LRC13EGd-o,UC4VkNi2RZSJyqXsFaJYfsPg,development,4
21,2335,9935,8DFpk1V7zjU,UClKD6E6fDdor11ySgDxrjIQ,development,4
21,2336,9937,bqm0LPyFk84,UCZ-RBSr_ZD-jWWDgZmFyZyw,development,1
21,2337,9940,DbKlBJvedJY,UCcijXxFzSXgoM6q9cCtT9PA,test_reserved,
21,2338,9943,hfXTqu_gD4U,UCgnFSj7jQffD5V5m05j4dPw,development,5
21,2339,9948,OHby_qbh8KU,UCyKNjZkJTmFuYSTx5HLPsPQ,development,2
21,2340,9951,ax18LHhV44k,UCoYoYVojg-QGFH7VyKMpB8w,development,2
21,2341,9953,i1luX9Zq_ao,UCckltLEhFLv8Xz_lQhYfwmg,development,1
21,2342,9954,dP8p19UZew8,UC1YGPDtctHGJWW0NrlQVklw,test_reserved,
21,2343,9955,k9jZqANzcQo,UCbR7juPwtP-bV_w0840ciYQ,development,4
21,2344,9965,00tAwaPp29s,UCD02fQ2jNzcVZPxeqiDQZXQ,development,5
21,2345,9969,wn0UCpZXDeI,UC5-n2dfksESEt3ATmM6Uujw,development,4
21,2346,9975,tj86v9-O1Cc,UCTOrDmoc_fCniWiPVEp-6-A,development,4
21,2347,9979,udSNLn72-Yk,UCbS_glb2N1NVTrDLVryRbng,development,4
21,2348,9984,80dn5bzElgI,UCRgzOFCjZZSDAe5ktzmZ6jA,development,3
21,2349,9986,kLKIVssoqKY,UCbS_glb2N1NVTrDLVryRbng,development,4
21,2350,9987,4Kgw8SwFRxs,UCwrJnrHM2qRjjiSVk1nlx4Q,development,4
21,2351,9988,8p8sKA-GDuY,UCfuND8HywiC1G1T5s1t6ElA,development,5
21,2352,9990,c9yY5g0QP7o,UCZNreSxdvd50nzMz5zkXg4w,test_reserved,
21,2353,9994,8zONJJVL8Lc,UCKkRSuLQBs2oErUCgivn8mw,development,4
21,2354,9995,ZDD-N_VsIpc,UCcg4tDKgPLIc_x3lhWdogLg,development,3
21,2355,9998,6Rf5x8hXW7A,UCLj8c-AqbSmkSPLG44lT0lw,development,2
21,2356,9999,65cDtSCOFPo,UCcijXxFzSXgoM6q9cCtT9PA,test_reserved,
21,2357,10006,NCKn3nx0WhM,UCqrqt9Egbp4Voh3iEUUoorw,test_reserved,
21,2358,10009,TPA_EZDpggw,UCOtYyt7W5PmPnwQjWWF_Z-Q,development,3
21,2359,10017,OfXZiOKrarU,UC265AWt6bbPKJcmpQwhif2A,development,1
21,2360,10019,mjzT_Cge6aw,UC5mNdm6_f2fv50Hzsg7qW1g,development,2
21,2361,10021,c0hoVJF4bSA,UCFdAs4DEkB7WkCbgrU9J1fA,development,2
21,2362,10022,-xvYzeU-Cbc,UCcrsFwwoMvcXYpJ0XldIlVQ,development,3
21,2363,10024,WZKOm5r7Cls,UCPXSUKHTNc1_hnHuj-UiQWQ,test_reserved,
21,2364,10032,WpJv8MiqCME,UCgnFSj7jQffD5V5m05j4dPw,development,5
21,2365,10033,XuWmOpIIdXU,UCOtYyt7W5PmPnwQjWWF_Z-Q,development,3
21,2366,10037,jDdg6xFTNQg,UCckltLEhFLv8Xz_lQhYfwmg,development,1
21,2367,10038,d8xYQx9qzUs,UCckltLEhFLv8Xz_lQhYfwmg,development,1
21,2368,10046,E5fNTQZngMs,UCc30sTBdN9LRSxEuHaXV_bQ,test_reserved,
21,2369,10049,yM94b_nFlvM,UCOtYyt7W5PmPnwQjWWF_Z-Q,development,3
21,2370,10052,MRAGOaQglXs,UCOtYyt7W5PmPnwQjWWF_Z-Q,development,3
21,2371,10055,To1QkDVm6RA,UCXFiIVHYqQmgpmIi7KChMkQ,development,2
21,2372,10057,qvv-1UCx-Iw,UC1YGPDtctHGJWW0NrlQVklw,test_reserved,
21,2373,10064,xlwTHBlmyGE,UCf2Iar2LDcFaSCnVH1ZMUkA,development,3
21,2374,10071,GYaDh7-Dvuo,UCvMYO1Ywh_KVLYb67ruTQBQ,development,5
21,2375,10073,O5a4k_In1bY,UCmrLu4r89ykOzmtmbAeEklA,development,3
21,2376,10079,xm2JVOTsL64,UCbS_glb2N1NVTrDLVryRbng,development,4
21,2377,10083,bj8ZyAwByrY,UCgnFSj7jQffD5V5m05j4dPw,development,5
21,2378,10085,QbPFWOLiIxw,UCbS_glb2N1NVTrDLVryRbng,development,4
21,2379,10087,p-NMOe-AVN4,UCOiMY00_ZLijPF6InrCl0TA,development,4
21,2380,10089,eQx-IHMfnc4,UCy3o2K5NnN1zem5-JjhrorA,test_reserved,
21,2381,10090,Nzs-y6zRmPY,UCgnFSj7jQffD5V5m05j4dPw,development,5
21,2382,10094,x8rgmtUFnkA,UCcijXxFzSXgoM6q9cCtT9PA,test_reserved,
21,2383,10103,Orr-pS7SmSc,UCOtYyt7W5PmPnwQjWWF_Z-Q,development,3
21,2384,10105,IeBN_0j1Qno,UCiBHV5AwzPEBhlIX3yR6-Ig,development,2
21,2385,10114,8HidAw27JiM,UCckltLEhFLv8Xz_lQhYfwmg,development,1
21,2386,10115,Z9tiSplIvLI,UCCK3OZi788Ok44K97WAhLKQ,development,2
21,2387,10128,u3vkIK-L6ko,UCMkW7S3IszN1L9u1bLw23rQ,development,2
21,2388,10129,UrW_heLDnvQ,UC_0KqdgCMvhbpYcp9JaqQRg,development,4
21,2389,10131,3j1bC1Hk8AY,UCQTcNhAZidy1i9wwmdgf2Lw,development,4
21,2390,10138,IrE2GPLBZLo,UCcijXxFzSXgoM6q9cCtT9PA,test_reserved,
21,2391,10139,wrWukBgznJY,UCdJppX3uAMFMvCTuE9qCowg,test_reserved,
21,2392,10148,kZlsJsaoud8,UCBsrUim15y-s6PfMISCR38A,development,2
21,2393,10151,JhbQLNWyeQQ,UC_Yt4EUT5dtwOxMm6sheYrQ,development,2
21,2394,10155,zCnXmVkaq40,UCokb-OmM2iMdSD2UbOiHG5Q,development,5
21,2395,10162,CWuoc37gxyA,UCQTcNhAZidy1i9wwmdgf2Lw,development,4
21,2396,10172,WjFkknnrD6I,UCgnFSj7jQffD5V5m05j4dPw,development,5
21,2397,10173,PlPpwX2GyTg,UC1YGPDtctHGJWW0NrlQVklw,test_reserved,
21,2398,10178,qC9W4dWRpUQ,UCAKAcMWVANp_qXgWKlXMCFA,development,3
21,2399,10180,to2iXeCUKvA,UCbS_glb2N1NVTrDLVryRbng,development,4
21,2400,10182,JR6MOeTQqUA,UCCK3OZi788Ok44K97WAhLKQ,development,2
21,2401,10187,5sAhB9celhw,UCgnFSj7jQffD5V5m05j4dPw,development,5
21,2402,10189,WCSk3ivTj00,UC324VVhYKykBv01GecF4aYg,development,5
21,2403,10190,EuXRmLlD-Ak,UCgnFSj7jQffD5V5m05j4dPw,development,5
21,2404,10196,cjj9xTkA6_A,UCnT7Z6-yqjhM__jZbK_B3kw,development,4
21,2405,10203,lbDn2N8ZgMQ,UCiBHV5AwzPEBhlIX3yR6-Ig,development,2
21,2406,10204,_BvnJPPhF90,UCGwkKsyd1fbH5eDBEvOIfmw,test_reserved,
21,2407,10208,8xk9EodntOs,UCYRuRw221bkMM9zHUS5_Y0w,development,2
21,2408,10217,xFXb8lw43PM,UCwrJnrHM2qRjjiSVk1nlx4Q,development,4
21,2409,10219,3AeWjClkG38,UCrX70F3Raylk2fXAT8Xc1Zg,development,4
21,2410,10220,JT0BARQUk-0,UCcijXxFzSXgoM6q9cCtT9PA,test_reserved,
21,2411,10222,c8-CsFH8Byg,UCF11-Puqxb0jdeWNc7F_Fcw,development,1
21,2412,10231,IPNlCXJWcTw,UCh9qXeL8eP3Txra2908xksg,test_reserved,
21,2413,10234,6lReOb-k23M,UCmqflTSJ6911aCrnaWIXxsA,development,2
21,2414,10235,cQc3Bqbr5_E,UCCK3OZi788Ok44K97WAhLKQ,development,2
21,2415,10238,Ra58JUMI33o,UC6aSX46078fvOY9bY9ZUTYw,development,5
21,2416,10242,-FdgLSfzZDQ,UCh2Xwe7on2Oa2MBtk8zvEuw,test_reserved,
21,2417,10245,cyysDgxlsgw,UCckltLEhFLv8Xz_lQhYfwmg,development,1
21,2418,10251,iJUubh8g0ys,UCckltLEhFLv8Xz_lQhYfwmg,development,1
21,2419,10253,77zQJM85UUI,UC4L5fKRgM-3HjdKiZjTjsxw,development,5
21,2420,10254,9A2ZhPOAFX0,UCT83ymyAGm7Gnk_4ifxjxIA,development,4
21,2421,10255,CUkRmwgKOqc,UCiBHV5AwzPEBhlIX3yR6-Ig,development,2
21,2422,10259,Ar_FSDvFeoo,UCbS_glb2N1NVTrDLVryRbng,development,4
21,2423,10261,QttP3okuUk4,UCg22fUwQQF-7Sf6-TIVIFrA,test_reserved,
21,2424,10270,mTzXdjEGUNc,UCkXjFNkQdPUGCXGvwqAx7og,development,2
21,2425,10274,rkc6nSVVDxk,UCKvIAFnwVFiuITk3cl7UTxA,development,3
21,2426,10275,QZ0cQjLnQh0,UC1YGPDtctHGJWW0NrlQVklw,test_reserved,
21,2427,10276,qD9FqUWNAxw,UC4HY_G18OzcY63vhq-3Gw0g,development,1
21,2428,10279,OhByrrBedMc,UCmwIKQQjwpjNT8OQ_VZuRfg,test_reserved,
21,2429,10289,soSmOs3CDpI,UCU698FK0A1JkE2VADC4fQlA,development,3
21,2430,10291,a4N-zSZP_Iw,UCf2Iar2LDcFaSCnVH1ZMUkA,development,3
21,2431,10293,ossjLw7TWE4,UCA5xW2Ce7KT2AtxzDYDebCA,development,5
21,2432,10294,bN4fYJD2Lqc,UC7-JGEBb4S3an5tS96rlHaQ,test_reserved,
21,2433,10302,hERqd0Kz1-I,UCckltLEhFLv8Xz_lQhYfwmg,development,1
21,2434,10303,faQfjAnPOzY,UCckltLEhFLv8Xz_lQhYfwmg,development,1
21,2435,10308,vAI6SOtHym8,UCvXR8NCCCr5N0edH88hcI_Q,development,4
21,2436,10309,wHQab9m3QPs,UC1YGPDtctHGJWW0NrlQVklw,test_reserved,
21,2437,10311,u-DyCsMixiw,UCcijXxFzSXgoM6q9cCtT9PA,test_reserved,
21,2438,10316,oBRsyveANac,UCckltLEhFLv8Xz_lQhYfwmg,development,1
21,2439,10319,hBgL4qag1FM,UCacIRbbu-hgx4sRW6tZPRoQ,test_reserved,
21,2440,10323,3aKfxvPkdJo,UCuW9OiaVwvoOraW1Jcc3_uA,development,2
21,2441,10325,XIsbx1F8O1E,UCcijXxFzSXgoM6q9cCtT9PA,test_reserved,
21,2442,10327,DrghaqIJxwQ,UCYmEcbCgb9yxZZJGH1rtn_Q,development,3
21,2443,10330,A9wWoAV4cNI,UCZpPfCxvP6T9rCkDX3tQfOw,test_reserved,
21,2444,10336,zY-_J-lM90g,UCckltLEhFLv8Xz_lQhYfwmg,development,1
21,2445,10351,fezoay3r3s4,UCA4N4qep0RLPt94J_4SC8pw,development,2
21,2446,10353,ta49ZKfSDp8,UCckltLEhFLv8Xz_lQhYfwmg,development,1
21,2447,10354,XkQJvA5pHps,UCcgkjXIaOrsFR8GLFo3iwOw,test_reserved,
21,2448,10363,J2M-npXCgKM,UCLuP7ROjaueiuNbzrvPqXSQ,development,2
21,2449,10367,qS6pLNkfiDE,UCckltLEhFLv8Xz_lQhYfwmg,development,1
21,2450,10377,BIrwjzjkJNE,UCVfnhhDIkkBJ_1QyzCqeVDg,development,5
21,2451,10382,cwL930tJnSE,UCEmxWFAHJxo0qpRfxCDvVUA,development,2
21,2452,10383,CU0JKxWUW2U,UCc30sTBdN9LRSxEuHaXV_bQ,test_reserved,
21,2453,10386,9LFqCpgbOm4,UCUYXSaH7gW9DGZHItFsvJ_A,development,4
21,2454,10389,xAtV00_8Ja4,UCVxzuJhGfjhyw1LmRFK9UxQ,development,4
21,2455,10390,fQC6cJgQvdg,UCaCnmd0sVADrw8228hCBnlA,development,3
21,2456,10392,1w-Y0KWz64k,UCmrLu4r89ykOzmtmbAeEklA,development,3
21,2457,10397,PCQtOufqtUA,UCq0hVW_G5kWt2ocLhbjOtGg,development,2
21,2458,10398,7VyVWThYlBs,UCK71gEn4lLLToHx50jwMyNg,development,5
21,2459,10400,sRQHUpMFWf8,UCbR7juPwtP-bV_w0840ciYQ,development,4
21,2460,10402,mhNpK5p98H4,UC1yr5gC3ezNQwKBNlkX5pJw,development,4
21,2461,10404,HXn3DRNk2Qg,UCvWHrsBBcxstDLGiSaPnoPA,development,1
21,2462,10413,7X0OO2tqEzo,UC9ydRoXpQVhwb3sM7VY8xNg,development,1
21,2463,10421,cEbAR9ofKh0,UCOtYyt7W5PmPnwQjWWF_Z-Q,development,3
21,2464,10433,JHW86xxAyVc,UCUzsesaP5G628WVuqEckF8w,development,1
21,2465,10435,405tpvbV4i8,UCYk97F4sCu3hEWp6YEH-Dow,development,2
21,2466,10437,p7v5oARGD8w,UC6jQt9K_jqnBNtsRf7hXHsA,development,5
21,2467,10439,MVCFXc7EZHk,UCckltLEhFLv8Xz_lQhYfwmg,development,1
21,2468,10442,St49Dj3EtGQ,UCbS_glb2N1NVTrDLVryRbng,development,4
21,2469,10453,9F2X0K80TAE,UCMOJZJjbOVCp2oqoTNK5PdQ,development,2
21,2470,10458,XI053ah1ZXQ,UCYweMykEAI5aaRztqrJuuAg,development,5
21,2471,10469,zcwjLCrV-18,UCCK3OZi788Ok44K97WAhLKQ,development,2
21,2472,10474,47rxqitY7qM,UCckltLEhFLv8Xz_lQhYfwmg,development,1
21,2473,10475,tpW-7M0T5uE,UCmTrMV3RUj_n8dO0Ff-wHOQ,development,4
21,2474,10476,7MMrgfcjI1E,UCaIc6SgS90ud_RgMSC6hW_w,development,3
21,2475,10477,9pCrTeGcIOM,UCcijXxFzSXgoM6q9cCtT9PA,test_reserved,
21,2476,10478,jR2slOErJIk,UCb1rYLZ2YkUo7T2TmhncgHA,test_reserved,
21,2477,10482,N3OaWNSmvLg,UCTlLpPddpcW0ee6y4z9stKA,development,5
21,2478,10483,AXRTtbY46Lo,UCQTcNhAZidy1i9wwmdgf2Lw,development,4
21,2479,10485,lJnRdlFEm4g,UCDuvyLq1ewXk3iNCrt_aF7A,development,5
21,2480,10495,4Kw4JgrdkAc,UCnSX8rOTbJ0BnrcziyjzM6A,development,3
21,2481,10503,T-0PQ_qYonM,UCbS_glb2N1NVTrDLVryRbng,development,4
21,2482,10511,9cIeskrP18M,UCcijXxFzSXgoM6q9cCtT9PA,test_reserved,
21,2483,10515,LX3Gj2E-kf0,UCckltLEhFLv8Xz_lQhYfwmg,development,1
21,2484,10519,jq8_exs7vjg,UC_Urg845xBIOarYXBx_Ko2w,development,5
21,2485,10523,hN8DD6nopTM,UCVfnhhDIkkBJ_1QyzCqeVDg,development,5
21,2486,10527,lXk-lSivDEs,UCYn13UhdWD8SdYEvMDTFNAQ,development,2
21,2487,10533,HD_Uooa8lAU,UCuTgmLxqarTxuBU5ARMYUNQ,test_reserved,
21,2488,10535,7vKiIoeaRqI,UCqrqt9Egbp4Voh3iEUUoorw,test_reserved,
21,2489,10547,mWqps2h6Ouc,UC3tvYy-s84yySG7V85jRDnA,development,4
21,2490,10565,4MtDdNegq_Y,UCgnkk8P4G9yQFuRl0dEO1HQ,development,2
21,2491,10568,u0fIGGbrSmw,UC33e0vM5W6gm82W5WuoGB9A,development,1
21,2492,10571,ArGfO1nUEjc,UCdgWTRipbTuQsIiiPb6fB-A,development,4
21,2493,10575,pWAoaUwtz08,UC7e8LFxir9MCfTAf2XQbfaA,development,4
21,2494,10576,DbSN9s8z94M,UCckltLEhFLv8Xz_lQhYfwmg,development,1
21,2495,10578,0MhfsxeqVJM,UCckltLEhFLv8Xz_lQhYfwmg,development,1
21,2496,10581,lmHDKIOv0t8,UCi7NA4jgRbTDZG50Gku70EQ,development,5
21,2497,10582,xLSKup_9-j8,UC265AWt6bbPKJcmpQwhif2A,development,1
21,2498,10583,4zZ_7qyUHgs,UCckltLEhFLv8Xz_lQhYfwmg,development,1
21,2499,10590,gw6eKPKvujo,UClSIhhnuyF8fXtBTpOOTknA,development,2
21,2500,10592,idLOhEhhkJY,UC_PDy3FABvwLzAZPiMlBOmw,development,1
21,2501,10601,tHplStem1JM,UCckltLEhFLv8Xz_lQhYfwmg,development,1
21,2502,10602,xT_d74BSRVU,UCckltLEhFLv8Xz_lQhYfwmg,development,1
21,2503,10612,vLbE8hkP3JU,UCu7cGbQEMgGk8TD0ZYucM5g,development,5
21,2504,10616,He03XOhWhI8,UCckltLEhFLv8Xz_lQhYfwmg,development,1
21,2505,10622,FTjCTrsghWo,UCZpPfCxvP6T9rCkDX3tQfOw,test_reserved,
21,2506,10626,4QkA8I5pu08,UCCK3OZi788Ok44K97WAhLKQ,development,2
21,2507,10628,pZcIfoMqErg,UCckltLEhFLv8Xz_lQhYfwmg,development,1
21,2508,10634,gPSpbB2fwag,UCckltLEhFLv8Xz_lQhYfwmg,development,1
21,2509,10642,3UYoPsFfI_I,UCOgsOVUELkkv_irhET9kK_Q,development,1
21,2510,10643,0M1NSlp5SjY,UCQRxYlv9BXoqNd0p2cvu3OQ,development,3
21,2511,10645,NUEMqlglSGU,UCTVnc6Pqpz00D2jBQhamg2A,development,5
21,2512,10648,jCE0-v0F4-o,UCxlfXLzyelcreS9x0plDj3g,development,2
21,2513,10650,LGU5F5g74c8,UCS7TOzC8cRTnUklI6cch2zA,development,1
21,2514,10655,1rjINUEoW3c,UC5yW2uhi5gYssl3REs2QLLg,development,2
21,2515,10657,3LRaldJFZpE,UCgnFSj7jQffD5V5m05j4dPw,development,5
21,2516,10659,jgsKCoNKG1U,UC2b5VAYjsOfepl9nAXgRmfQ,development,4
21,2517,10661,MB99VkHXBRg,UCjSmyQpggeFqeyvJoZzruxA,development,4
21,2518,10665,fhAthLjmTaI,UCVfnhhDIkkBJ_1QyzCqeVDg,development,5
21,2519,10667,hBa3ag7OBmk,UCaESx7Bdghv_UICcG1hBkcg,development,5
21,2520,10670,qTGBy3ZEj8A,UCEieBVk2twUCVeoDDTeXo9Q,development,5
21,2521,10672,-ZOwpx4LRkw,UCc30sTBdN9LRSxEuHaXV_bQ,test_reserved,
21,2522,10675,g4HUQNCL2Qk,UCPXSUKHTNc1_hnHuj-UiQWQ,test_reserved,
21,2523,10678,k-aALLC-jTQ,UCaESx7Bdghv_UICcG1hBkcg,development,5
21,2524,10684,_RPwN8-ejD8,UCPAbeKHjE4HpRXqo4AXJzVQ,development,4
21,2525,10686,wIl5l__7U9Y,UCckltLEhFLv8Xz_lQhYfwmg,development,1
21,2526,10693,O6otaH7JN5M,UCf2Iar2LDcFaSCnVH1ZMUkA,development,3
21,2527,10694,lRiT3R_tcno,UC24uwZklOoFhbiQq-kp2HYg,test_reserved,
21,2528,10697,AATjIPaziKs,UCwt4zdWrmnBpglCHb1ArREA,development,2
21,2529,10709,MjLj_QXoYKw,UCq3WWAoJj0DOQC3G7ri1cug,development,3
21,2530,10711,1ivbahZ5pCM,UCCK3OZi788Ok44K97WAhLKQ,development,2
21,2531,10713,cue68J-7hsA,UCnqTWrNbHl4SvL60MCE693Q,development,1
21,2532,10719,x1YnSaC5njo,UCLNz9bgiJfM3ImTtYDOt8Ew,test_reserved,
21,2533,10721,vZQp_8-GdMc,UCckltLEhFLv8Xz_lQhYfwmg,development,1
21,2534,10731,YRJbmcza4Ro,UCQTcNhAZidy1i9wwmdgf2Lw,development,4
21,2535,10739,nWob6BaSlHk,UCckltLEhFLv8Xz_lQhYfwmg,development,1
21,2536,10742,RT_urVumwZw,UCCK3OZi788Ok44K97WAhLKQ,development,2
21,2537,10743,Elh5Qsu2p0E,UCOtYyt7W5PmPnwQjWWF_Z-Q,development,3
21,2538,10753,hv4O9Qf8IZI,UCVXCitEEweQox0oyIsJONrQ,development,3
21,2539,10754,2DybK8phGs8,UCESCGo0Fo0IO63sunkVeXwg,development,5
21,2540,10760,mg7-eyn7Zjw,UCQTcNhAZidy1i9wwmdgf2Lw,development,4
21,2541,10767,M44y7Zm2bvI,UCbS_glb2N1NVTrDLVryRbng,development,4
21,2542,10770,gQOHALysIbU,UCckltLEhFLv8Xz_lQhYfwmg,development,1
21,2543,10773,rRy10w_DDUk,UCf2Iar2LDcFaSCnVH1ZMUkA,development,3
21,2544,10790,TKRe9pn9vfQ,UC1YGPDtctHGJWW0NrlQVklw,test_reserved,
21,2545,10797,fcRkXpKdy70,UCY54zZxgIA8bHw-oP5JewwQ,development,4
21,2546,10803,qy7ZRASAnqc,UC2_iwCecXLNqTWv-_QcffRw,development,1
21,2547,10808,yVnWWMqGsEw,UC_0KqdgCMvhbpYcp9JaqQRg,development,4
21,2548,10811,UMcqghGB0-w,UCAH7R88V7gz7RqJv78nNOzg,development,3
21,2549,10813,3biv58p_2lQ,UCvHgPqX_MU--WMuk2PVZubg,development,4
21,2550,10823,6SXQKPiDpDY,UCdKv25zohj7fZeW5xPNBNFg,development,1
21,2551,10832,uhs9BikKdnU,UCn0XmAUFv6d2tofMFEesSNw,development,5
21,2552,10837,eEIXPMXNJNc,UCLkBa7dDSZyT5CkZFa0W7QQ,test_reserved,
21,2553,10845,NhisT_RCzpM,UCEJ2OW9pd3aUob5SGap2Hzg,test_reserved,
21,2554,10849,uBoQ5A6hfrM,UCh9qXeL8eP3Txra2908xksg,test_reserved,
21,2555,10859,QijluDZNL-8,UCwxxAGOZW9DXSl48-DgogIA,test_reserved,
21,2556,10861,uQ8iLKRIAqA,UCy-3y3BEH8dFhPsNEnO74Vg,development,5
21,2557,10862,-6HUt9bkCgE,UCYEmdesrRlDICr6v6LnX5Bg,development,3
21,2558,10866,NwufNVjADKU,UCCK3OZi788Ok44K97WAhLKQ,development,2
21,2559,10871,h5GngnBfPN0,UCgnFSj7jQffD5V5m05j4dPw,development,5
21,2560,10872,k99Ip3SuJ0U,UCoQrhbL8EqaiWTywvgPlriA,development,2
21,2561,10876,MxUPTaghdGo,UC6nCjRlW6n3sjqkVj1QWY-g,development,4
21,2562,10888,7Ey7j_UlPK4,UCfuND8HywiC1G1T5s1t6ElA,development,5
21,2563,10892,kuPo2V7tgec,UCzBCCO9q9k9gQBm1BhtzC6w,development,3
21,2564,10893,kL81Pk8J72M,UCUxrelp7FHiIj9SNfzWdh_A,development,5
21,2565,10894,c0Ygc_T-olU,UCvfwXFsI8J-iRMpG1SE8lgw,development,3
21,2566,10895,eaksxx_m7k0,UCcbOsE5_4LEjtQi8X2PFxDw,development,3
21,2567,10900,x4a9iY1pF6I,UCMqjB1OMaNxphrBRCLlpMzQ,development,2
21,2568,10901,D5dvZLd8z-4,UCgnFSj7jQffD5V5m05j4dPw,development,5
21,2569,10902,j8PM4bl9eNo,UCM7ch9Kl6FTIdWThXOg-Rxw,development,1
21,2570,10913,X-FJ-9CI3ys,UCcijXxFzSXgoM6q9cCtT9PA,test_reserved,
21,2571,10915,SGkBt9lEgtA,UCkD2Gixzde52jx1XspNvrBw,test_reserved,
21,2572,10919,kQ8RmSjxlnc,UCv28xURTYOApw2GsurpATSg,development,5
21,2573,10920,gjxXpH2BhLA,UCCK3OZi788Ok44K97WAhLKQ,development,2
21,2574,10927,noXZOjJfZ68,UClCjoJ0fs2RqaRTjukU1jQA,development,5
21,2575,10928,z-cQSY2Dz98,UC1YGPDtctHGJWW0NrlQVklw,test_reserved,
21,2576,10935,cjyyVpugRIw,UC8lKgUHo-2mSR5cRRXO9xow,development,3
21,2577,10938,xt8RPHJpyto,UCMkW7S3IszN1L9u1bLw23rQ,development,2
21,2578,10939,7YOedBDOI-c,UCCK3OZi788Ok44K97WAhLKQ,development,2
21,2579,10944,ywBmOoXW-k0,UCIoyIVPZEfC2p0dQwAxGiEw,development,5
21,2580,10945,G03Xlo1b5JQ,UCCK3OZi788Ok44K97WAhLKQ,development,2
21,2581,10951,GLAaHOBXzoE,UC2sbMVU3YATVZQCRpHPKLcA,development,1
21,2582,10953,Heso45XH_uI,UCckltLEhFLv8Xz_lQhYfwmg,development,1
21,2583,10962,bhn2p8oNLzs,UCV_ZQVj5aMCX9OmyFT6rXLw,development,3
21,2584,10966,Ea9mYvfwFMg,UC8lKgUHo-2mSR5cRRXO9xow,development,3
21,2585,10970,_mv6mqnYGLg,UCp3vt0JWTbhd15j9PSn3RnQ,development,3
21,2586,10973,PPEfFzpQMnQ,UCKurrM38zebptCChSC6QpuQ,development,4
21,2587,10974,suk-ipCBRLk,UCcy3exSBk-B1tfIAxHnxgzw,development,4
21,2588,10983,8AWMoSYXJgU,UCgnFSj7jQffD5V5m05j4dPw,development,5
21,2589,10985,__DmG1ByYN4,UC9SnUR9ewkPk9h45L0uY6SQ,test_reserved,
21,2590,10990,YyvuKuTX-44,UCMayHG7j39d11Gh36vV7GnQ,development,5
21,2591,10998,KT9LV0zs1GU,UCcijXxFzSXgoM6q9cCtT9PA,test_reserved,
21,2592,11007,V_hAQQT2YfE,UCckltLEhFLv8Xz_lQhYfwmg,development,1
21,2593,11008,xj-IR6BQVTo,UCjm7vbOwssao7Bhm9wX3-bw,development,5
21,2594,11013,6kmoF92Z6Y4,UCckltLEhFLv8Xz_lQhYfwmg,development,1
21,2595,11022,7g_w6hbiGUc,UCCK3OZi788Ok44K97WAhLKQ,development,2
21,2596,11023,VpYU62uXSSQ,UCAH7R88V7gz7RqJv78nNOzg,development,3
21,2597,11025,Wi7L9915l0A,UCcijXxFzSXgoM6q9cCtT9PA,test_reserved,
21,2598,11029,sVXy7F7YWPE,UCn0XmAUFv6d2tofMFEesSNw,development,5
21,2599,11038,2uko33nO72s,UCgnFSj7jQffD5V5m05j4dPw,development,5
21,2600,11040,XF6NZu_g3nE,UCc30sTBdN9LRSxEuHaXV_bQ,test_reserved,
21,2601,11054,zicj_qdgIOA,UCckltLEhFLv8Xz_lQhYfwmg,development,1
21,2602,11056,W92m-RR3HjE,UCQTcNhAZidy1i9wwmdgf2Lw,development,4
21,2603,11057,NPwcEARiy8w,UC8lKgUHo-2mSR5cRRXO9xow,development,3
21,2604,11058,W9RsOz-AOsQ,UCQTcNhAZidy1i9wwmdgf2Lw,development,4
21,2605,11060,jQEOjcUYydM,UCgnFSj7jQffD5V5m05j4dPw,development,5
21,2606,11065,F3XC6H9j2jI,UCY8jtiRLqx1Sv5A0fWYGlNQ,development,2
21,2607,11068,ElHG7ZbbJ2g,UCgnFSj7jQffD5V5m05j4dPw,development,5
21,2608,11086,12Haw0JuRuQ,UCrtXFLaJQUh6R8xjW6l5tMQ,development,5
21,2609,11090,QJ49ODV5m-E,UCr0p1CovjY4lLNOH8pg85Rw,development,2
21,2610,11092,PHFHro_EI3k,UCCK3OZi788Ok44K97WAhLKQ,development,2
21,2611,11095,-O7Bt8mAz1M,UC6XsnLgVVzNkjTCpRVJ6u3w,development,2
21,2612,11098,WG5t50NB_Mo,UCcijXxFzSXgoM6q9cCtT9PA,test_reserved,
21,2613,11100,doDKL2nqcTw,UCQyPtQCD3ndaxffwwW1Bclw,development,2
21,2614,11103,x6q5CnnUlQg,UCnd3nepI0YPYVA8DyDrg08g,development,5
21,2615,11117,slryvjwYmgw,UCCK3OZi788Ok44K97WAhLKQ,development,2
21,2616,11123,-b1sa39NaC8,UCMxeqmVKOqiqh7V_A3h4gfA,test_reserved,
21,2617,11125,bkwi1E_5V6o,UCQTcNhAZidy1i9wwmdgf2Lw,development,4
21,2618,11137,3qQmv65fTK8,UCQTcNhAZidy1i9wwmdgf2Lw,development,4
21,2619,11139,Sxi11XQI5V4,UCckltLEhFLv8Xz_lQhYfwmg,development,1
21,2620,11140,6g_ZMcnM-z4,UC9WC9lfrR4XNDTn1AiBDinQ,development,4
21,2621,11141,Mj4vMHTJ3-s,UCckltLEhFLv8Xz_lQhYfwmg,development,1
21,2622,11147,zetTYfzickI,UCcijXxFzSXgoM6q9cCtT9PA,test_reserved,
21,2623,11151,fhO1krqTgvQ,UChJFPdvtzyTPxMAysD4FX-w,development,3
21,2624,11158,1x6W6x-s_u8,UCCK3OZi788Ok44K97WAhLKQ,development,2
21,2625,11161,BRV8qeK2R7s,UCckltLEhFLv8Xz_lQhYfwmg,development,1
21,2626,11162,Oq_wbF9Zy8Y,UCEItJuaZGCe0BlGzRKruP0A,development,5
21,2627,11164,J8xR5FALwz0,UCJEbxceR8FFUcZU0Ez83lPQ,test_reserved,
21,2628,11205,WiAyokcmRMs,UCrVFS_0PdV7AwyTgR13IcVg,test_reserved,
21,2629,11217,TrYnX_neq2c,UCcijXxFzSXgoM6q9cCtT9PA,test_reserved,
21,2630,11218,mMozlTtWt4k,UC4oZv7iatCbhEp6ehMMbhAg,development,1
21,2631,11222,CsoUWcAn3dA,UCcijXxFzSXgoM6q9cCtT9PA,test_reserved,
21,2632,11223,-OjVh5Y08mI,UCE_HRkZMtXQvjnCrM0aSjCQ,test_reserved,
21,2633,11227,DBDeAfavWeo,UCxyOEiDidNJQGoMJXjOVW7A,development,2
21,2634,11235,3p8eopawPD8,UCJhdo2Kg29_EZwNPvlhzIFg,development,5
21,2635,11237,icCufO1Y0gk,UCRnj7DFNziGE3JPnGwA0yrg,test_reserved,
21,2636,11238,n1KQQnGICoo,UCbS_glb2N1NVTrDLVryRbng,development,4
21,2637,11244,4o0NpqHLQ5I,UCgy5luu86OLBeugp27Tnddw,test_reserved,
21,2638,11252,RX9kPOIppWA,UCbS_glb2N1NVTrDLVryRbng,development,4
21,2639,11253,AuvERtnbpmQ,UCAH7R88V7gz7RqJv78nNOzg,development,3
21,2640,11254,SmTIO8U9xfM,UC-InXGUDXmIVAZG7efBiU7A,development,4
21,2641,11255,DG2coOxA1GA,UCgnFSj7jQffD5V5m05j4dPw,development,5
21,2642,11260,wApsyT0KgvM,UCcijXxFzSXgoM6q9cCtT9PA,test_reserved,
21,2643,11261,_BxRLgWdMYU,UCFsAAfR-lgzQ0Qk5xipzFzA,development,1
21,2644,11270,Z680jayACjc,UCoz7UhbfPFJyljIIV2saR7A,test_reserved,
21,2645,11274,H_pPj8m6858,UCGnnbsbqbCc7KxSIAbC_d2A,test_reserved,
21,2646,11291,rMp5kj-6PaA,UCsDDVBdzvMMZaQtF8vaC9bg,test_reserved,
21,2647,11297,i23HVl0IqSA,UCOtYyt7W5PmPnwQjWWF_Z-Q,development,3
21,2648,11303,OiwaLM5hZ7Q,UCwt4zdWrmnBpglCHb1ArREA,development,2
21,2649,11304,4PgLs19Xx0A,UCqrqt9Egbp4Voh3iEUUoorw,test_reserved,
21,2650,11316,0pVjPw3rJx4,UC8lKgUHo-2mSR5cRRXO9xow,development,3
21,2651,11319,PLGmROY8G6g,UCmwIKQQjwpjNT8OQ_VZuRfg,test_reserved,
21,2652,11324,e5IsLHU87Ag,UCOtYyt7W5PmPnwQjWWF_Z-Q,development,3
21,2653,11330,svdfepHStDg,UCR6bwkq2RbGG12zWqD9YRvw,test_reserved,
21,2654,11336,Xp_xG4-uQNk,UCCK3OZi788Ok44K97WAhLKQ,development,2
21,2655,11338,Sl3QBhGF7Bo,UC8qBNfgWRK_WYYGSmmrfgPA,test_reserved,
21,2656,11339,VEar7I5b00Q,UCh2Xwe7on2Oa2MBtk8zvEuw,test_reserved,
21,2657,11343,7cw1vEV477w,UC1YGPDtctHGJWW0NrlQVklw,test_reserved,
21,2658,11344,_6iXHeSKpXg,UCYpuhzSdssW_GFUhl_od38w,development,5
21,2659,11349,dCca22k8mEI,UCyatESKDOtYoUqC3zXhREzw,test_reserved,
21,2660,11352,zI9nDN9dADo,UCn0XmAUFv6d2tofMFEesSNw,development,5
21,2661,11356,RFgMOAwje_8,UCCbm1E52PV05ZLv6dtRB92Q,development,5
21,2662,11360,XBK1bKFtmcE,UCc30sTBdN9LRSxEuHaXV_bQ,test_reserved,
21,2663,11361,xdQKRxVLQvc,UCAH7R88V7gz7RqJv78nNOzg,development,3
21,2664,11364,YZYeKpHfKC0,UCVBEe2FrVmZMGbcPX7mNxJw,development,3
21,2665,11368,N0dUkK5Lrro,UC0ZcZzDZe8x6-olaRR5-wYw,development,4
21,2666,11386,TV7zDk7soJs,UCzwSMU3mzPQF9Ie-h0MQjgA,development,2
21,2667,11387,HjoV1k8wLmQ,UCgnFSj7jQffD5V5m05j4dPw,development,5
21,2668,11388,ftQJSrrgMLw,UCcijXxFzSXgoM6q9cCtT9PA,test_reserved,
21,2669,11389,hLJF-BXWrOY,UCl4aG8npoRPiiPPr5S2-Lgw,test_reserved,
21,2670,11390,lF7pXDnLT6k,UCcbOsE5_4LEjtQi8X2PFxDw,development,3
21,2671,11391,xkdcAlPm6Ro,UCCK3OZi788Ok44K97WAhLKQ,development,2
21,2672,11395,MehMWl6vPP8,UCCK3OZi788Ok44K97WAhLKQ,development,2
21,2673,11403,xQiyAILIvmc,UCVfnhhDIkkBJ_1QyzCqeVDg,development,5
21,2674,11406,yafZNEykdoI,UC1YGPDtctHGJWW0NrlQVklw,test_reserved,
21,2675,11409,fDjnlwN9f0Y,UCXGG6bmgJJ02uSG4gxp4zng,development,4
21,2676,11411,05L7-X2pgy8,UCn0XmAUFv6d2tofMFEesSNw,development,5
21,2677,11413,tASWMIbSkK0,UCCK3OZi788Ok44K97WAhLKQ,development,2
21,2678,11415,1umwaSiRrE8,UCckltLEhFLv8Xz_lQhYfwmg,development,1
21,2679,11423,OeWyN3A6yIU,UCxPYVvthidICJb75llNXktg,development,1
21,2680,11427,0rb8578vrFk,UChoqXWCFqL2vw60A_GraIQw,development,5
21,2681,11429,bus04OJqmRA,UCmAZwdFQyvTnrAVx5IqILgg,development,4
21,2682,11432,oFqxAxrEzQo,UCaESx7Bdghv_UICcG1hBkcg,development,5
21,2683,11437,NsNg6tYt9yQ,UCS5U8OTQXzQXMET3NcRguWQ,development,4
21,2684,11438,T7t-1K47kRQ,UCdgWTRipbTuQsIiiPb6fB-A,development,4
21,2685,11440,kt2N-Cr5gjI,UCCK3OZi788Ok44K97WAhLKQ,development,2
21,2686,11443,Yq2LPwfZ9z4,UCcijXxFzSXgoM6q9cCtT9PA,test_reserved,
21,2687,11453,Gq4n1_aVl60,UCaESx7Bdghv_UICcG1hBkcg,development,5
21,2688,11459,imUlusPFgq4,UCEltFTj5c4BvLWfgixqTErA,development,4
21,2689,11464,ues79wqLZjA,UCbCK6ywTvfb7TVWixsVZ4Vw,development,4
21,2690,11470,okY0g3hsZYQ,UCA5xW2Ce7KT2AtxzDYDebCA,development,5
21,2691,11474,2rE97WRz4tY,UCCK3OZi788Ok44K97WAhLKQ,development,2
21,2692,11479,TyRgzv7hMI8,UCx7lEnwLHxO9yPjOotGb-bA,development,3
21,2693,11480,y0mwBgmqSNA,UCcijXxFzSXgoM6q9cCtT9PA,test_reserved,
21,2694,11490,Bynvc85WI48,UCMcaGpzjo0D-d6oSvcg8PtA,development,1
21,2695,11493,z05puZCiXH0,UCCbm1E52PV05ZLv6dtRB92Q,development,5
21,2696,11497,m1RP1qCyHNU,UCxyOEiDidNJQGoMJXjOVW7A,development,2
21,2697,11498,or7-3ibg27k,UCnRmorY-xMkotuJSykIMPsg,development,1
21,2698,11503,7CqqQ8u1ZJ8,UCOtYyt7W5PmPnwQjWWF_Z-Q,development,3
21,2699,11509,Jw0FqCjmch4,UCckltLEhFLv8Xz_lQhYfwmg,development,1
21,2700,11512,sExzhtN12vs,UC_EnhyT0tXl1N9Ul9bGT3og,development,5
21,2701,11513,zRaxr5Ei6Co,UCn0XmAUFv6d2tofMFEesSNw,development,5
21,2702,11517,Qmq5IfPeppE,UCOtYyt7W5PmPnwQjWWF_Z-Q,development,3
21,2703,11520,4daRjQgO8Q8,UC6yh7ac2hUGUbrZl_IXwoug,development,1
21,2704,11522,h_0Kr1KlFrU,UC0tV1b7IFEXFUUILF7mAcWw,development,2
21,2705,11525,kAYYF88-gcY,UCqrqt9Egbp4Voh3iEUUoorw,test_reserved,
21,2706,11527,zLonNrUDAs8,UCofF1Whz-uMOt6JJAoHa9wQ,development,5
21,2707,11534,5Mdgiw8ipnk,UCV_4W6LL-Iwh0UaT_B6exQg,development,3
21,2708,11547,lt-juBfqVYo,UCRDDfbYPHX_GUJ4lcQYTc8A,development,4
21,2709,11549,bCVaTFlhA6k,UCOtYyt7W5PmPnwQjWWF_Z-Q,development,3
21,2710,11551,YVOKA0S5Xhw,UCacIRbbu-hgx4sRW6tZPRoQ,test_reserved,
21,2711,11554,GOaxp70YGq0,UCckltLEhFLv8Xz_lQhYfwmg,development,1
21,2712,11555,DdlNoRpGFjs,UC-ejlaSTmf6HaRBE4DDR77Q,development,4
21,2713,11556,R5zjVwxZkBA,UCQTcNhAZidy1i9wwmdgf2Lw,development,4
21,2714,11562,x1Mhiw0N2_s,UCgnFSj7jQffD5V5m05j4dPw,development,5
21,2715,11564,UqK95kThGSs,UC3sxNugUTDt39PNiE2jsVRA,development,3
21,2716,11568,HwTaYPUixYY,UCQTcNhAZidy1i9wwmdgf2Lw,development,4
21,2717,11573,hFTvkPWR9OU,UCckltLEhFLv8Xz_lQhYfwmg,development,1
21,2718,11580,zNptvZaryns,UC0tV1b7IFEXFUUILF7mAcWw,development,2
21,2719,11584,jAb_mBRHq88,UCh_knF-oyL4m04GGEU3VXxQ,development,2
21,2720,11585,ZmuBbnK1s3I,UC0tV1b7IFEXFUUILF7mAcWw,development,2
21,2721,11592,uGXwAiSZ8R4,UCRDDfbYPHX_GUJ4lcQYTc8A,development,4
21,2722,11594,I8WSpcIh5wQ,UCXWZGzBJjw0VUPU3Em5gFlQ,development,5
21,2723,11595,BIz_Uu0x6XI,UC0l36s7dMwk1GYxmSHAib_A,development,2
21,2724,11603,IxvQpnV3WEA,UClC6jQT87s0yKTxHls4BWSw,development,4
21,2725,11605,bJqyGNcOXnk,UC8byti_nmRGuF52xaPb2QIA,development,3
21,2726,11607,9YMNZU796Fc,UCIKg0Ev6Vq2M7hU7bL_jHFQ,development,4
21,2727,11610,Ow4INDAiWq0,UCckltLEhFLv8Xz_lQhYfwmg,development,1
21,2728,11615,C5JwlzGT7zQ,UCLuP7ROjaueiuNbzrvPqXSQ,development,2
21,2729,11619,Fho-dGtqFfE,UChtQ7TCSKmvCIqonz1eto1w,development,2
21,2730,11623,l99B3PjgZgU,UCckltLEhFLv8Xz_lQhYfwmg,development,1
21,2731,11628,5eRRVFzvUhE,UCl5xacxsAhltNGtiMktd_Sg,development,5
21,2732,11629,tWOusJ7n3Ts,UCXm0FsS7PXy0w5HeOkYMi7Q,development,5
21,2733,11635,ni1-AJURSIQ,UCg49edhvr3zKvWJz01MV8Mw,development,1
21,2734,11639,M7yGxPBcwVI,UCC4ytg6VTSI4EMTJoorjQtw,test_reserved,
21,2735,11640,pPqb3Q7pcYA,UCAH7R88V7gz7RqJv78nNOzg,development,3
21,2736,11641,7gfauIvjmr8,UCCK3OZi788Ok44K97WAhLKQ,development,2
21,2737,11649,0WdtiZWcnGA,UC-GRFwciK7JiP8T4tl0pftQ,development,3
21,2738,11652,xEu5Ug_I7-U,UCf2Iar2LDcFaSCnVH1ZMUkA,development,3
21,2739,11653,7X2OJGdJD2s,UCckltLEhFLv8Xz_lQhYfwmg,development,1
21,2740,11655,3CffSG9wZs0,UCAeBFsK2bmm5lkgy90uFiqw,development,4
21,2741,11657,ckOTEVOx2Rg,UC2Amu02bFnMs-XglUunh44w,development,3
21,2742,11663,TT6fPfkB03U,UConDLpzQN5uiqRMUD1yYKZQ,development,1
21,2743,11671,r8299oji55k,UC1YGPDtctHGJWW0NrlQVklw,test_reserved,
21,2744,11672,WcAdgEsm9GE,UCckltLEhFLv8Xz_lQhYfwmg,development,1
21,2745,11673,0Mc2PzyHoHQ,UCckltLEhFLv8Xz_lQhYfwmg,development,1
21,2746,11678,wSNofz_zXvQ,UCy-3y3BEH8dFhPsNEnO74Vg,development,5
21,2747,11680,cuTVdqPJo3g,UCb0KyqTm4bkjnZg_mND9hhg,development,2
21,2748,11681,l6g8gBrWe6g,UCckltLEhFLv8Xz_lQhYfwmg,development,1
21,2749,11684,Q1DH3bvDtvY,UCckltLEhFLv8Xz_lQhYfwmg,development,1
21,2750,11693,h6-zaXzCQds,UC22LfvKY_7Ibkt5I5wFqwfg,development,1
21,2751,11694,iWBKIMn9pEA,UCckltLEhFLv8Xz_lQhYfwmg,development,1
21,2752,11701,NzBiHzBLF30,UCLNz9bgiJfM3ImTtYDOt8Ew,test_reserved,
21,2753,11707,ozYHEhqOMQQ,UCgnFSj7jQffD5V5m05j4dPw,development,5
21,2754,11713,6TbFfF_ZV_A,UCCK3OZi788Ok44K97WAhLKQ,development,2
21,2755,11722,M6szduTyXGs,UC5_mCvFp3zgtxoX1W9yHHHQ,test_reserved,
21,2756,11723,0HzFKR2qK44,UC3vuLv1EXDUxS_UKLPFJVSA,development,2
21,2757,11725,9qhcB6iSqgM,UC-InXGUDXmIVAZG7efBiU7A,development,4
21,2758,11726,1P47VAhaaZE,UCgnFSj7jQffD5V5m05j4dPw,development,5
21,2759,11727,4Szvl8fAuOk,UCfVmYgJP_bBt00lLtPGsbcQ,development,5
21,2760,11742,WS84W_g8CMI,UCOtYyt7W5PmPnwQjWWF_Z-Q,development,3
21,2761,11746,UrGEg-itVoY,UCaESx7Bdghv_UICcG1hBkcg,development,5
21,2762,11752,sP84t6CWOVQ,UCCK3OZi788Ok44K97WAhLKQ,development,2
21,2763,11755,1oppG2Ly-RA,UCMxeqmVKOqiqh7V_A3h4gfA,test_reserved,
21,2764,11756,-Hn4GqKXXz8,UCdvzidU6j1UdUBhaEw-LLuQ,development,4
21,2765,11764,gyYqQJgobaY,UCvHgPqX_MU--WMuk2PVZubg,development,4
21,2766,11768,zNsoI-zrV5Q,UCQTcNhAZidy1i9wwmdgf2Lw,development,4
21,2767,11772,MONMlJUdfGM,UCh9qXeL8eP3Txra2908xksg,test_reserved,
21,2768,11776,DXFH2lBtU-Q,UCcwCsuV7bOpTfqf2UvLfYmg,development,4
21,2769,11786,ckQ8da61_z0,UC4oZv7iatCbhEp6ehMMbhAg,development,1
21,2770,11790,lAAneZZtksw,UCTlVnv2IrpdHPiB4PeaH6Lw,development,2
21,2771,11793,R5Y5gUnrIQM,UC2sO_F_Ky4LIAUtSJYXqBDA,test_reserved,
21,2772,11796,f3nXA8SCzRo,UCAvDJMfUNahnsnMBN1hIXuA,development,5
21,2773,11806,1v767M6oCm4,UCOtYyt7W5PmPnwQjWWF_Z-Q,development,3
21,2774,11809,XiyuLE7Twz0,UCOtYyt7W5PmPnwQjWWF_Z-Q,development,3
21,2775,11818,rjIEn9JrusU,UCqrqt9Egbp4Voh3iEUUoorw,test_reserved,
21,2776,11820,HEtUwnOj5tQ,UCCK3OZi788Ok44K97WAhLKQ,development,2
21,2777,11824,r0adQ3CYi-A,UC_Urg845xBIOarYXBx_Ko2w,development,5
21,2778,11831,Xz0XNs_2hvc,UCh4w38T-PaPzEqVUbJTnOOg,development,3
21,2779,11833,ORMbP59rVN8,UCLuP7ROjaueiuNbzrvPqXSQ,development,2
21,2780,11834,qaXTkOlUea8,UCmbLoRYee0f4Bi4J1Ct8vRQ,development,3
21,2781,11835,IsqaDa55pBI,UCckltLEhFLv8Xz_lQhYfwmg,development,1
21,2782,11838,WAlo2t-2KJs,UCf2Iar2LDcFaSCnVH1ZMUkA,development,3
21,2783,11845,-nLUHufr9Rk,UCOtYyt7W5PmPnwQjWWF_Z-Q,development,3
21,2784,11848,4w565XQOebY,UCcrsFwwoMvcXYpJ0XldIlVQ,development,3
21,2785,11849,UkvcqSt-TcI,UCsLoRcb3FvB-uK3F1_zqXbw,development,3
21,2786,11853,t3TUpi-KSds,UCRK13WgCsr2N6y9cbeEq39g,development,5
21,2787,11855,HPDMim_TnSY,UCPXSUKHTNc1_hnHuj-UiQWQ,test_reserved,
21,2788,11857,BUSk5nz7G18,UCSfmHr5cQvlVKR2f6p8T01w,development,5
21,2789,11867,OE1XVb2XtkA,UCn0XmAUFv6d2tofMFEesSNw,development,5
21,2790,11868,DLpANNnaSzQ,UCth9R703obgHx665cpiNY9A,development,1
21,2791,11872,asRjl9tdroA,UCQxYcvX5hnGJvuTFzKng-Vg,test_reserved,
21,2792,11877,lVsZFQvJA4w,UCPXSUKHTNc1_hnHuj-UiQWQ,test_reserved,
21,2793,11878,UpzrHRdw5WA,UCF11-Puqxb0jdeWNc7F_Fcw,development,1
21,2794,11882,sKdCTRLWFqA,UCkl2iKEW9ltlrBOjzCNJgzw,development,4
21,2795,11906,HbnaqhVqYTk,UCnRmorY-xMkotuJSykIMPsg,development,1
21,2796,11910,Hg-rQoM9s4E,UCXm0FsS7PXy0w5HeOkYMi7Q,development,5
21,2797,11916,pC-MSzvV4dk,UCA5xW2Ce7KT2AtxzDYDebCA,development,5
21,2798,11917,W_rm8_k05V4,UCM19g5ow7vLXDTYx_j9Z7VQ,development,3
21,2799,11924,Ibi9C626_18,UCq0hVW_G5kWt2ocLhbjOtGg,development,2
21,2800,11929,6KfucEtPx6M,UCc30sTBdN9LRSxEuHaXV_bQ,test_reserved,
21,2801,11930,s_Rd-vnot2o,UCXSus5Zss-0FP1quj0Mpndw,development,3
21,2802,11942,qIbZu28dSoQ,UCckltLEhFLv8Xz_lQhYfwmg,development,1
21,2803,11945,PBYZ9TGkqOY,UC3yN9e-0s6ilBpfVlj2IWoA,development,1
21,2804,11952,fXopQYKuXYU,UCaESx7Bdghv_UICcG1hBkcg,development,5
21,2805,11955,WSFifbiKkoU,UC324VVhYKykBv01GecF4aYg,development,5
21,2806,11956,-xgs6yhDvZ0,UC8rcDufKZ3W6CtZU69CtMXg,development,3
21,2807,11959,HFx5GrB6ipI,UCx7lEnwLHxO9yPjOotGb-bA,development,3
21,2808,11964,aa2c-3Zu5b4,UCt1uMmva5HBK0qu1hTGGvzA,development,5
21,2809,11970,A4NGxQnSqjg,UCCK3OZi788Ok44K97WAhLKQ,development,2
21,2810,11971,2Rit7mFSH74,UCQTcNhAZidy1i9wwmdgf2Lw,development,4
21,2811,11978,hY8RdGXH_pg,UCh1GBh9K3ThnZkJjCdB5-bg,test_reserved,
21,2812,11979,oPAi3VxvxeA,UCjG1iw5WByPYVukngRcFVnA,development,1
21,2813,11982,swOJIc9jDGs,UCckltLEhFLv8Xz_lQhYfwmg,development,1
21,2814,11992,-FWVEb6PirI,UC9SgyReu4QufMUTFhZYYEMw,development,1
21,2815,11993,zcB8YRIYKL8,UC71UUwCRqrYXgtTFZnFkUsQ,development,4
21,2816,11994,IBFe4c0Y9xo,UCBo33J_bzwgdK7Gzc_YPjLA,development,2
21,2817,12009,2dCR6IbT3x4,UCRDDfbYPHX_GUJ4lcQYTc8A,development,4
21,2818,12019,1a25-M3JW4Q,UCol1SzfebXhRo0ltxOJZ9cg,development,3
21,2819,12020,7AD_zMMOHOE,UCkagcQYGoYFuXsUg-ObSL6A,test_reserved,
21,2820,12021,d8UKP1z_1Hg,UCckltLEhFLv8Xz_lQhYfwmg,development,1
21,2821,12022,Yxo9BlS-GaI,UCAH7R88V7gz7RqJv78nNOzg,development,3
21,2822,12026,uV_vHO3FvQY,UCTlLpPddpcW0ee6y4z9stKA,development,5
21,2823,12030,51_7IDFjz4Y,UC7yvlRxy_mqtwPMyZ8H5Zkw,development,4
21,2824,12036,wibgH0eHtco,UCckltLEhFLv8Xz_lQhYfwmg,development,1
21,2825,12037,Xhe4A9aeHEw,UCbS_glb2N1NVTrDLVryRbng,development,4
21,2826,12040,vDE0DfCkmDo,UCx4GT61AI2dyy3FVFZ3s9Hw,development,1
21,2827,12053,eRYv2Dnt2Q4,UCckltLEhFLv8Xz_lQhYfwmg,development,1
21,2828,12058,mJSYtYS7h08,UCc30sTBdN9LRSxEuHaXV_bQ,test_reserved,
21,2829,12062,YnlepTfFfjY,UCVjyzr_EOtJLtLF_3VKfrWQ,development,4
21,2830,12068,qzSn-lX6Upc,UCCK3OZi788Ok44K97WAhLKQ,development,2
21,2831,12071,cSKxLxOFzZ0,UCaIc6SgS90ud_RgMSC6hW_w,development,3
21,2832,12079,8dddZVw2ezc,UCwm1pjpLVd7r9wdp-s_Swvw,test_reserved,
21,2833,12082,QsemFuUHw20,UCQTcNhAZidy1i9wwmdgf2Lw,development,4
21,2834,12083,lq4jeTZc67w,UCiPqzkmX93ta8vFwMVS81oQ,development,4
21,2835,12089,CnPm_8K_c7E,UCI9B6cvPkauAUvfV2CvKMMQ,test_reserved,
21,2836,12091,i9tQxHN17Cg,UCckltLEhFLv8Xz_lQhYfwmg,development,1
21,2837,12092,wz21SN_OnsM,UCa7tIPq6XgQs1KhuVoUrw5g,development,2
21,2838,12094,alFEIf4sRa8,UCh9qXeL8eP3Txra2908xksg,test_reserved,
21,2839,12104,nb5gzVUKqt4,UCaESx7Bdghv_UICcG1hBkcg,development,5
21,2840,12108,_0IqeskYHw8,UCMw--nUMJjK2GNrLXdsnDzg,development,2
21,2841,12134,wK-zuKFbiK4,UCgHlPm2GweC7f8JaynbQRQg,development,3
21,2842,12141,_KKutqmucrU,UCkLQJFBnqzhJCAvqn99hRUg,development,2
21,2843,12142,Ln92G11H8DU,UCcijXxFzSXgoM6q9cCtT9PA,test_reserved,
21,2844,12145,m4hFxdj49uI,UCsUtkwirfdfVM6rsuncEkMg,development,3
21,2845,12157,kyTKZIJfE0Y,UCn0XmAUFv6d2tofMFEesSNw,development,5
21,2846,12158,KMNhJUdV3Ik,UCoNaQS6wefjNVFkwvxrzAYw,development,4
21,2847,12159,QcJ_TRBYfAs,UCCK3OZi788Ok44K97WAhLKQ,development,2
21,2848,12162,6_S4SwXGmmw,UCQTcNhAZidy1i9wwmdgf2Lw,development,4
21,2849,12173,IKWWn9YTPKQ,UCckltLEhFLv8Xz_lQhYfwmg,development,1
21,2850,12175,JRlpdJnn87E,UCrVFS_0PdV7AwyTgR13IcVg,test_reserved,
21,2851,12176,b9rKRP4xXzU,UC7-JGEBb4S3an5tS96rlHaQ,test_reserved,
21,2852,12183,vQ57p4aJxO0,UCD2X28mF5ZqSA2gncomAtAA,development,4
21,2853,12188,TPzK9VLc6Tg,UCcijXxFzSXgoM6q9cCtT9PA,test_reserved,
21,2854,12197,VLOMwbJdYjE,UCckltLEhFLv8Xz_lQhYfwmg,development,1
21,2855,12200,V2tyMxTujXw,UCLbLJNJZ4SAx_9vSEjRyN9w,test_reserved,
21,2856,12213,aycQ13gy9T4,UCCK3OZi788Ok44K97WAhLKQ,development,2
21,2857,12214,R2hGwo86EC4,UCbVw-Yr6A7L4hPi8W6zsQlw,development,3
21,2858,12223,08Obt21hMDQ,UCcijXxFzSXgoM6q9cCtT9PA,test_reserved,
21,2859,12225,YCtF8pttWNg,UCjKSK3d5r0O78WGnMouSvDw,development,4
21,2860,12232,Jy0VsUQ3-eQ,UCckltLEhFLv8Xz_lQhYfwmg,development,1
21,2861,12233,i_4HbgRE51c,UCckltLEhFLv8Xz_lQhYfwmg,development,1
21,2862,12246,GGhWhA5GnBE,UC8-g9Rlv5NuUMb0I3KvHI6g,development,2
21,2863,12253,38VwfcaWdO4,UCckltLEhFLv8Xz_lQhYfwmg,development,1
21,2864,12254,MgdMqr5Jn0c,UCgnFSj7jQffD5V5m05j4dPw,development,5
21,2865,12259,ZYQtu1GdHOM,UC8rcDufKZ3W6CtZU69CtMXg,development,3
21,2866,12264,BhHeGviMCpo,UCdvzidU6j1UdUBhaEw-LLuQ,development,4
21,2867,12269,ui74AciStPk,UC79_e04SJ3BzHpEdbmmaiVg,test_reserved,
21,2868,12271,7niCLPkKvMk,UCcJpqRpi5w9OV11xtYgUSUQ,development,2
21,2869,12273,O629a6cIv4w,UC0ZcZzDZe8x6-olaRR5-wYw,development,4
21,2870,12276,doctKSs3dH4,UCkagcQYGoYFuXsUg-ObSL6A,test_reserved,
21,2871,12285,0vHRTlU1tXk,UCh1YbG4SC-R5fBxZgMMuRww,test_reserved,
21,2872,12286,wvPK0g6YfVw,UCbS_glb2N1NVTrDLVryRbng,development,4
21,2873,12287,ZE-FyDTGgQo,UCskNFH2e4ptFTkgeVmFPNhA,test_reserved,
21,2874,12291,G66b48C2GnU,UCckltLEhFLv8Xz_lQhYfwmg,development,1
21,2875,12299,nEDe20YHUaY,UCGyG2Xkr4xR73xgQMXNi8_g,development,2
21,2876,12301,5ReRBR9_cUA,UCOiMY00_ZLijPF6InrCl0TA,development,4
21,2877,12302,Qn8FXQkbPbg,UCCK3OZi788Ok44K97WAhLKQ,development,2
21,2878,12306,H6HmkZhIodc,UCf48pki8AqjBHuV80LcC7kA,development,5
21,2879,12309,5Ls3mfMziIg,UCCbm1E52PV05ZLv6dtRB92Q,development,5
21,2880,12310,fRg28BF7hY0,UCQTcNhAZidy1i9wwmdgf2Lw,development,4
21,2881,12313,cFXznqPB3yE,UCCK3OZi788Ok44K97WAhLKQ,development,2
21,2882,12324,ex_rNWeRmjQ,UCckltLEhFLv8Xz_lQhYfwmg,development,1
21,2883,12327,Yu54VUQ4cto,UCvZpRt_4T2NlC9111RxNBug,development,1
21,2884,12331,6jDvPCbN6Uk,UCOtYyt7W5PmPnwQjWWF_Z-Q,development,3
21,2885,12334,7iWVTlurHas,UC5-n2dfksESEt3ATmM6Uujw,development,4
21,2886,12335,YAfOKkAmUso,UC2HGgzRXGxoirkRroh0aHIA,development,3
21,2887,12352,zdgQIp0dF9s,UCpfrIJXRqOTx2kPVsUytO4Q,development,5
21,2888,12354,y0m207dmDlU,UCCK3OZi788Ok44K97WAhLKQ,development,2
21,2889,12356,EuzhkCVeq8Y,UCOtYyt7W5PmPnwQjWWF_Z-Q,development,3
21,2890,12358,u9ASbT2dJ58,UCZpPfCxvP6T9rCkDX3tQfOw,test_reserved,
21,2891,12364,0tPg8uyagp4,UCPXSUKHTNc1_hnHuj-UiQWQ,test_reserved,
21,2892,12370,4uDolj7l_eI,UCPXSUKHTNc1_hnHuj-UiQWQ,test_reserved,
21,2893,12371,lYvKunvUCXI,UCBkEIYKUPw_d06rAFuJfTVQ,development,4
21,2894,12388,G_FE_JvCZMk,UCbS_glb2N1NVTrDLVryRbng,development,4
21,2895,12392,LQ9K1DSj55I,UCckltLEhFLv8Xz_lQhYfwmg,development,1
21,2896,12393,S3WcJdO402Y,UCckltLEhFLv8Xz_lQhYfwmg,development,1
21,2897,12397,kPRHexOJgfQ,UCoz7UhbfPFJyljIIV2saR7A,test_reserved,
21,2898,12404,vHzrwRl8dAg,UCylhkgEGRNcr-hWRfx8KxzA,development,1
21,2899,12406,kJP6e-oBPRM,UCy9n9YrTsfIMdaPhKYRsdLQ,development,2
21,2900,12407,WWXrleKnkas,UCCK3OZi788Ok44K97WAhLKQ,development,2
21,2901,12412,q1XzKv23up4,UCbS_glb2N1NVTrDLVryRbng,development,4
21,2902,12419,_cWnkuYd2rI,UCbS_glb2N1NVTrDLVryRbng,development,4
21,2903,12428,Jp95F5KBm3s,UCx2bxQGDuQgYPJPYFmIthnA,development,4
21,2904,12433,-MHAbnVETTQ,UC8ZmvQOUKiu6SmICTXzjFnA,development,2
21,2905,12435,OUvy9BQHQpw,UCn0XmAUFv6d2tofMFEesSNw,development,5
21,2906,12436,MofRVlfQDAg,UC4Pb9SEsCb1EpsXVYAVVajw,development,2
21,2907,12437,EcRLr8a7QE4,UCxyOEiDidNJQGoMJXjOVW7A,development,2
21,2908,12438,mgpwZgy77GM,UCaESx7Bdghv_UICcG1hBkcg,development,5
21,2909,12439,7Mkg2JWIgd0,UCOtYyt7W5PmPnwQjWWF_Z-Q,development,3
21,2910,12442,jwWACaLBjn0,UC8qBNfgWRK_WYYGSmmrfgPA,test_reserved,
21,2911,12443,mRBndeshZzc,UCCK3OZi788Ok44K97WAhLKQ,development,2
21,2912,12444,TMU7d_1nlHw,UC0uW127NmbWG0g-BnTltSHw,test_reserved,
21,2913,12450,rDD2gUDInM4,UCCK3OZi788Ok44K97WAhLKQ,development,2
21,2914,12451,koqovP_uIf4,UCcijXxFzSXgoM6q9cCtT9PA,test_reserved,
21,2915,12465,reX339nhJjY,UC87goh34oNbvOH468hyfQVg,development,5
21,2916,12467,En9RKt49O_I,UCfQfw--8dPGypR7sGcXJz0w,development,4
21,2917,12469,C0sUUF6ul4E,UCaI7IwVdrAcfhu3cp6x4T6Q,development,3
21,2918,12470,RAXwbPeAutg,UCcgkjXIaOrsFR8GLFo3iwOw,test_reserved,
21,2919,12472,Fr_8dGuXDQI,UCOtYyt7W5PmPnwQjWWF_Z-Q,development,3
21,2920,12476,pB3kwQFzH-Q,UCcwCsuV7bOpTfqf2UvLfYmg,development,4
21,2921,12478,Dox1FeFlYlQ,UCkXjFNkQdPUGCXGvwqAx7og,development,2
21,2922,12483,jvPbhvREPPI,UCx7lEnwLHxO9yPjOotGb-bA,development,3
21,2923,12484,69a746jxac0,UCckltLEhFLv8Xz_lQhYfwmg,development,1
21,2924,12485,WY9oFYzFSMY,UC0UOhKetGjen0InweZGGbWQ,development,3
21,2925,12486,lIsqZiS2o7c,UCqrqt9Egbp4Voh3iEUUoorw,test_reserved,
21,2926,12488,lEFMZ0ziRkU,UC265AWt6bbPKJcmpQwhif2A,development,1
21,2927,12490,IYdsZE74giQ,UCAh_a0VFh-paEuVM_ITrreA,development,4
21,2928,12491,-tejGy3XSuc,UCf48pki8AqjBHuV80LcC7kA,development,5
21,2929,12495,OCnqr_N_Eh8,UCqrqt9Egbp4Voh3iEUUoorw,test_reserved,
21,2930,12496,uYM_xiK63nY,UCqrqt9Egbp4Voh3iEUUoorw,test_reserved,
21,2931,12501,K-vTs6Ooqik,UCx7lEnwLHxO9yPjOotGb-bA,development,3
21,2932,12504,K6yUMcqgSbo,UCOtYyt7W5PmPnwQjWWF_Z-Q,development,3
21,2933,12505,g6JU0SLfryo,UC2sO_F_Ky4LIAUtSJYXqBDA,test_reserved,
21,2934,12506,eq0jdpCFjJ0,UCCK3OZi788Ok44K97WAhLKQ,development,2
21,2935,12508,Oo51uyeMAFQ,UCZ6MS5ygBzz25PnSMaAw8PA,development,5
21,2936,12519,DoorDO2f3kQ,UCskNFH2e4ptFTkgeVmFPNhA,test_reserved,
21,2937,12521,oYYIcNQgSDA,UC8qBNfgWRK_WYYGSmmrfgPA,test_reserved,
21,2938,12523,wRdz9Sz1HHE,UCXFiIVHYqQmgpmIi7KChMkQ,development,2
21,2939,12532,UShw8DblQG8,UCAH7R88V7gz7RqJv78nNOzg,development,3
21,2940,12544,u2BxMWmGg0M,UCVfnhhDIkkBJ_1QyzCqeVDg,development,5
21,2941,12547,LOy4RlvAiVg,UCF11-Puqxb0jdeWNc7F_Fcw,development,1
21,2942,12559,Y1kTyq4ebuA,UCGwNjr4N0uUvqD8MopqsfyA,development,5
21,2943,12560,OkFE_LBp9zo,UCx7lEnwLHxO9yPjOotGb-bA,development,3
21,2944,12564,jw8E-6FiCF8,UCdB6k3Q_dkVJ77cV9tVWzcQ,development,2
21,2945,12575,ldfPvPrqsuw,UCMphFrWXgK3WDn8kjtyxy5A,development,4
21,2946,12581,h1Rw3jNF_Yk,UCC3h0-vVIIjk_ccfyF4hqdQ,development,3
21,2947,12583,Sbn8orUomys,UCs_mHlm5_C82W5WCIJaSMbQ,development,3
21,2948,12584,jUBHtsBfJEM,UCCK3OZi788Ok44K97WAhLKQ,development,2
21,2949,12586,sdztU2HuhAQ,UC6aSX46078fvOY9bY9ZUTYw,development,5
21,2950,12590,QDafQrDfOSY,UCckltLEhFLv8Xz_lQhYfwmg,development,1
21,2951,12597,WYW9HyW2cME,UCZ6MS5ygBzz25PnSMaAw8PA,development,5
21,2952,12600,pBmQ8YuTr6A,UCOtYyt7W5PmPnwQjWWF_Z-Q,development,3
21,2953,12602,gCjLm0P2tC8,UCnGPmAcR-LCVm_TPxQ633Xw,development,3
21,2954,12614,8XFeXTlnmnU,UCgnFSj7jQffD5V5m05j4dPw,development,5
21,2955,12618,V_y3ldGWb1g,UCCK3OZi788Ok44K97WAhLKQ,development,2
21,2956,12621,Ojir4P1hEoY,UCEltFTj5c4BvLWfgixqTErA,development,4
21,2957,12623,thAqPSMwSYE,UCCbm1E52PV05ZLv6dtRB92Q,development,5
21,2958,12626,NdEf4E328B4,UC-budHy3MfX1QRQPT3GTu1w,test_reserved,
21,2959,12627,IkuITMRQXZo,UCCK3OZi788Ok44K97WAhLKQ,development,2
21,2960,12629,neujy8q1Yz8,UCs3r_67R1GGZGzjhM4rR2xA,test_reserved,
21,2961,12630,obH2XRnGUpc,UCckltLEhFLv8Xz_lQhYfwmg,development,1
21,2962,12631,6tyn7HMd68A,UCPfU0uygBGutjaaJU5PpEvg,development,2
21,2963,12636,5e42pq_uvxA,UC-DEHYgvcA5bBD3cWo_vSuA,test_reserved,
21,2964,12638,2sSHkpQpTow,UCckltLEhFLv8Xz_lQhYfwmg,development,1
21,2965,12640,WwKWp77lzN0,UCkC-yhK-WnPNaNslH_LbBWQ,development,3
21,2966,12645,yTwsuif9Rwc,UCf2Iar2LDcFaSCnVH1ZMUkA,development,3
21,2967,12647,r8YOMZJEdP0,UCPXSUKHTNc1_hnHuj-UiQWQ,test_reserved,
21,2968,12653,7b8hVgMEWQs,UCA7B8K34SVOG95zpEoIs_bA,development,3
21,2969,12657,8kBWYS8dbHU,UCzNxbzqN0to4GNb9otFuGJQ,development,4
21,2970,12670,Q-TOy7RdtDI,UCCK3OZi788Ok44K97WAhLKQ,development,2
21,2971,12671,21ABIOXOMkA,UCCK3OZi788Ok44K97WAhLKQ,development,2
21,2972,12673,hzUUV6WEsb4,UC0OZK8ewkjrXXFwzQLcOXHg,development,5
21,2973,12674,5mZWw39Al0I,UCa7tIPq6XgQs1KhuVoUrw5g,development,2
21,2974,12681,6JxOjIOR39o,UCqrqt9Egbp4Voh3iEUUoorw,test_reserved,
21,2975,12684,H3TUm8o83jk,UCopIf0dZk94IGv8r2zt44Jg,development,3
21,2976,12685,pzctCOPWDvo,UCCK3OZi788Ok44K97WAhLKQ,development,2
21,2977,12688,A9BgglDB2N4,UCCK3OZi788Ok44K97WAhLKQ,development,2
21,2978,12696,XVibtLCtHZc,UCckltLEhFLv8Xz_lQhYfwmg,development,1
21,2979,12699,BFynfzH8x6w,UCckltLEhFLv8Xz_lQhYfwmg,development,1
21,2980,12703,_K1C1A5Sw8k,UCAH7R88V7gz7RqJv78nNOzg,development,3
21,2981,12709,B12GFtsYZWo,UCRDDfbYPHX_GUJ4lcQYTc8A,development,4
21,2982,12720,YyLfG8bWr04,UCLuP7ROjaueiuNbzrvPqXSQ,development,2
21,2983,12724,0De8SaaaqDw,UCHT6F9HJ9DtLUjTOH16yg6g,test_reserved,
21,2984,12726,RkLJLGlo-9Y,UCLuP7ROjaueiuNbzrvPqXSQ,development,2
21,2985,12728,NJ51Vjxio6w,UCcijXxFzSXgoM6q9cCtT9PA,test_reserved,
21,2986,12730,xZLqwzVaxEg,UCckltLEhFLv8Xz_lQhYfwmg,development,1
21,2987,12731,412A5Jo33oo,UCn0XmAUFv6d2tofMFEesSNw,development,5
21,2988,12739,970f339yda4,UCOtYyt7W5PmPnwQjWWF_Z-Q,development,3
21,2989,12740,md1N_npRHwI,UCT83ymyAGm7Gnk_4ifxjxIA,development,4
21,2990,12760,f5PfBTcNDBE,UCOiMY00_ZLijPF6InrCl0TA,development,4
21,2991,12762,iqDjohJ2SK4,UCckltLEhFLv8Xz_lQhYfwmg,development,1
21,2992,12763,LAYQTqjCZJM,UCVfnhhDIkkBJ_1QyzCqeVDg,development,5
21,2993,12766,JO176W6yomw,UCCK3OZi788Ok44K97WAhLKQ,development,2
21,2994,12767,ePcznhgiTcE,UCGnnbsbqbCc7KxSIAbC_d2A,test_reserved,
21,2995,12778,-X6tTuQ4pIM,UCg22fUwQQF-7Sf6-TIVIFrA,test_reserved,
21,2996,12780,BAaPspsFg44,UCwXj5XdaXrZZEf-pWqn6htw,test_reserved,
21,2997,12782,Bf4OpNcs_VM,UCIoyIVPZEfC2p0dQwAxGiEw,development,5
21,2998,12791,JWRMavRrlIQ,UCrW_8mLa60Lp2lMyOvvmeWw,development,5
21,2999,12796,bQcpoZN_aw4,UCs_mHlm5_C82W5WCIJaSMbQ,development,3
21,3000,12797,TbJv8zqWlmA,UCiPqzkmX93ta8vFwMVS81oQ,development,4
21,3001,12799,azy6PsX99Dk,UCckltLEhFLv8Xz_lQhYfwmg,development,1
21,3002,12800,IJhZeSRy6Yc,UCaESx7Bdghv_UICcG1hBkcg,development,5
21,3003,12804,0BK0w9n0JNo,UCaESx7Bdghv_UICcG1hBkcg,development,5
21,3004,12805,FSzQldpxx8I,UCPdASwipemqGhpK-B-a12Ow,development,4
21,3005,12806,PrR2NQLP5RM,UCckltLEhFLv8Xz_lQhYfwmg,development,1
21,3006,12808,UNW59Ri2hJY,UCckltLEhFLv8Xz_lQhYfwmg,development,1
21,3007,12811,5Dprv55WhyE,UCGG2hIW0ZqagoM7__Gh2emw,test_reserved,
21,3008,12813,5fu4wR8q4jE,UCckltLEhFLv8Xz_lQhYfwmg,development,1
21,3009,12816,cqFXsG3tjL0,UCE_G_4cy5SxO7kHwINqJLeQ,development,2
21,3010,12824,ztTrmDaTQNA,UClSIhhnuyF8fXtBTpOOTknA,development,2
21,3011,12829,x6wBnLR6MN0,UC7di5zivMKpYOmhyhZ2nVvg,test_reserved,
21,3012,12830,dnBe6GiCoN8,UCM3bQBUJ0PEbgfe9lAw_Y3Q,development,4
21,3013,12833,7scJItueZwI,UCp3JwFW1xiUY4QwLqSsbNyw,development,4
21,3014,12840,_TdAuEQb8Po,UCCK3OZi788Ok44K97WAhLKQ,development,2
21,3015,12843,5-BCM7OGzXM,UC265AWt6bbPKJcmpQwhif2A,development,1
21,3016,12854,sj7O_iJ2qMQ,UC6IHfZ-Rez2LR0PH01YxL7w,development,3
21,3017,12855,5c_2Sx6SW6s,UCgnFSj7jQffD5V5m05j4dPw,development,5
21,3018,12858,xedLIA7NhAI,UCRDDfbYPHX_GUJ4lcQYTc8A,development,4
21,3019,12861,1B6j_wfxU-s,UCbS_glb2N1NVTrDLVryRbng,development,4
21,3020,12863,JBdULizGHAM,UCD02fQ2jNzcVZPxeqiDQZXQ,development,5
21,3021,12874,NsnZmTbefVs,UCYB7HJ5mt61PSDByUrF3IJg,development,2
21,3022,12879,yC9SJ5dgqog,UCIoyIVPZEfC2p0dQwAxGiEw,development,5
21,3023,12880,p6311BLL9Cc,UCCK3OZi788Ok44K97WAhLKQ,development,2
21,3024,12882,LyDOKPbCgiA,UC_d3UQ1v8KP1JNFOBmV63xA,development,2
21,3025,12889,ECqh6XcP7sw,UCacIRbbu-hgx4sRW6tZPRoQ,test_reserved,
21,3026,12890,07PoZmEs3p4,UCckltLEhFLv8Xz_lQhYfwmg,development,1
21,3027,12891,tBF3TuSieCU,UCRDDfbYPHX_GUJ4lcQYTc8A,development,4
21,3028,12892,UAXlAIGFm5U,UCgnFSj7jQffD5V5m05j4dPw,development,5
21,3029,12897,hY3eikBNIEQ,UCgnFSj7jQffD5V5m05j4dPw,development,5
21,3030,12899,XHhxMuIqct4,UC12Ujt77-UFGXPAalKwuXDg,development,1
21,3031,12908,N1jH1XTbsbM,UCPXSUKHTNc1_hnHuj-UiQWQ,test_reserved,
21,3032,12914,gTXufbJTlrU,UC12o-t-pJ8mNgID0l6szDgw,development,4
21,3033,12925,GkU2JJHzeYg,UCsbPUu0F_qqCmDFVjiRva1Q,development,1
21,3034,12926,WdBCGM4Zk_o,UCCK3OZi788Ok44K97WAhLKQ,development,2
21,3035,12927,WuODdD69gPA,UCQTcNhAZidy1i9wwmdgf2Lw,development,4
21,3036,12931,DxCtzLZsjOA,UChn_3fE8-wRZdCp_-bD7MUA,development,5
21,3037,12935,iC2C7-8jZv8,UCGPmIOWSsBUruB9diPsz4Fg,development,1
21,3038,12936,wN8lD-mhomY,UCKkRSuLQBs2oErUCgivn8mw,development,4
21,3039,12946,XjsQxuIuBTw,UCnRmorY-xMkotuJSykIMPsg,development,1
21,3040,12947,a9Zws2evlo0,UC8rcDufKZ3W6CtZU69CtMXg,development,3
21,3041,12951,M2c86W47fW8,UCjKSK3d5r0O78WGnMouSvDw,development,4
21,3042,12956,x3NAqXp3lgw,UCCK3OZi788Ok44K97WAhLKQ,development,2
21,3043,12965,fXQg3gj9YQM,UC12Go-EQ4E8Rjcj3nzVlzIA,development,3
21,3044,12966,eTdsS4OO7Ew,UCwocSABHCRrVIlBSdyrQVXg,development,4
21,3045,12975,P3DRcy93p-E,UCqrqt9Egbp4Voh3iEUUoorw,test_reserved,
21,3046,12979,EQ5nuQir_Vk,UC-DEHYgvcA5bBD3cWo_vSuA,test_reserved,
21,3047,12982,qPNlTm0WdnY,UCckltLEhFLv8Xz_lQhYfwmg,development,1
21,3048,12996,bdjqZAfY4Ws,UCaESx7Bdghv_UICcG1hBkcg,development,5
21,3049,13000,2cBHEv1PwGQ,UCbR7juPwtP-bV_w0840ciYQ,development,4
21,3050,13001,C7xkHU55Hy0,UCckltLEhFLv8Xz_lQhYfwmg,development,1
21,3051,13002,Vbl34zDZuis,UCOtYyt7W5PmPnwQjWWF_Z-Q,development,3
21,3052,13005,3_VyNJrJB64,UC6jQt9K_jqnBNtsRf7hXHsA,development,5
21,3053,13007,IiC0tp5CyqQ,UCaESx7Bdghv_UICcG1hBkcg,development,5
21,3054,13010,jNT3O9tkymM,UCLA8Ovy_NPAwMWvr8IEDquw,development,4
21,3055,13014,2e4GH6-UA3c,UCckltLEhFLv8Xz_lQhYfwmg,development,1
21,3056,13021,tEwklBgmmRk,UCPXSUKHTNc1_hnHuj-UiQWQ,test_reserved,
21,3057,13035,6z-6U_zMr-c,UCZXcD8T3zClfNAlDwHCdg6w,development,1
21,3058,13037,CJ_gRLO0sCk,UCPXSUKHTNc1_hnHuj-UiQWQ,test_reserved,
21,3059,13049,iuVLx4doXyo,UCcijXxFzSXgoM6q9cCtT9PA,test_reserved,
21,3060,13050,yY2JqO_eqEs,UCckltLEhFLv8Xz_lQhYfwmg,development,1
21,3061,13051,qvIwxo2hZGo,UCqrqt9Egbp4Voh3iEUUoorw,test_reserved,
21,3062,13056,ns4P1_yimPY,UCwt4zdWrmnBpglCHb1ArREA,development,2
21,3063,13059,hv-kiPiQfes,UCRDDfbYPHX_GUJ4lcQYTc8A,development,4
21,3064,13061,7Usq_xBn55E,UCMxeqmVKOqiqh7V_A3h4gfA,test_reserved,
21,3065,13063,8fbXoURn1pY,UChKHUbwer9EsyREw63Cm5BQ,development,4
21,3066,13074,jE0tWpyGXJw,UCFuP4DmMM9LZOMoa86vsZig,test_reserved,
21,3067,13076,ZN0XbP5gBi4,UCkagcQYGoYFuXsUg-ObSL6A,test_reserved,
21,3068,13079,ArCzu03o-vo,UCckltLEhFLv8Xz_lQhYfwmg,development,1
21,3069,13081,L-ol6I1eqcg,UC0duLcyQT9tghWHfexjuTxQ,development,2
21,3070,13083,4YL84pf6OwM,UCAH7R88V7gz7RqJv78nNOzg,development,3
21,3071,13086,PfONoir-QN8,UC8qBNfgWRK_WYYGSmmrfgPA,test_reserved,
21,3072,13091,9014ZaREHr8,UCtZyfc8g7BwrOuPcZz08lTQ,development,2
21,3073,13101,yaPgRjqfcA4,UC3mQgSw2HVtGK5xiWwqFL3g,development,4
21,3074,13109,HF288L966Do,UCs3r_67R1GGZGzjhM4rR2xA,test_reserved,
21,3075,13110,Q_IVDG__CW4,UCs7S1q9lLPbNFfKxj_2cLpA,development,4
21,3076,13132,f8Vc0gNch9w,UCm8I2aLYgPm_gdzw4SSkiGg,development,3
21,3077,13136,N3GW4LFXcRw,UCRHYFnWL0aYTQ9qmvfZnUxg,test_reserved,
21,3078,13137,ulbmB1kWP1M,UC1YGPDtctHGJWW0NrlQVklw,test_reserved,
21,3079,13142,r_7IxQNG_sw,UCFMs1HBWP1bIv9Ojp06ZIRw,development,4
21,3080,13145,-78gZ9MMpuw,UCcijXxFzSXgoM6q9cCtT9PA,test_reserved,
21,3081,13153,gWCHe9Vq7uQ,UCRDDfbYPHX_GUJ4lcQYTc8A,development,4
21,3082,13154,tC8_4mkUVS0,UC7U7rMM_l97Zl6GbRC2lLqA,development,3
21,3083,13159,Fjwoz-m6e7g,UC-DEHYgvcA5bBD3cWo_vSuA,test_reserved,
21,3084,13170,EwoEv-E6pgE,UC5Q9lmEDB_pWZdzzLI07eVg,development,5
21,3085,13181,VBnETXhwbl4,UCaIc6SgS90ud_RgMSC6hW_w,development,3
21,3086,13183,0hUYLcl6m5k,UCGN3TM5lZQ1DAvMwI1LIc8Q,development,4
21,3087,13185,Np6N5Z0OtnA,UCwuQoMSU9n40I2o41zz_btg,development,5
21,3088,13187,N4hSY-s2IUU,UCneMJaFPRBfNBo9DlT0OPGQ,development,1
21,3089,13188,Voop1uxcv_Y,UCbS_glb2N1NVTrDLVryRbng,development,4
21,3090,13190,VhzKA0SK43w,UC5NJWHF4x-DWCWgNGQfMqmA,development,1
21,3091,13191,wDEeSmldLwY,UC12K2QZlfWLq_8FmZfB23Yw,development,3
21,3092,13197,aU_J_JW9xAE,UCiPqzkmX93ta8vFwMVS81oQ,development,4
21,3093,13212,TFSwj8C0504,UCaFC8Yo8pGEvX5hu5J6tGDg,development,1
21,3094,13213,xzQHhMIcgCY,UCcijXxFzSXgoM6q9cCtT9PA,test_reserved,
21,3095,13217,EhQ7F5pxeWc,UCbR7juPwtP-bV_w0840ciYQ,development,4
21,3096,13220,c9R03ztYyqA,UCbS_glb2N1NVTrDLVryRbng,development,4
21,3097,13228,FexKkDDrvNs,UCdC895de6-hx2Km7TFv2Dbw,development,3
21,3098,13230,88k4o-Bqrn8,UCxQQ7T5UMck1aKxzBmyt4rw,development,5
21,3099,13239,EjnQ20ix17g,UCckltLEhFLv8Xz_lQhYfwmg,development,1
21,3100,13245,wbOotho5mt8,UCgnFSj7jQffD5V5m05j4dPw,development,5
21,3101,13248,c0xVxz5HF5A,UCh1GBh9K3ThnZkJjCdB5-bg,test_reserved,
21,3102,13252,F48cSAhfrD0,UCbS_glb2N1NVTrDLVryRbng,development,4
21,3103,13254,BiFIjsRwkIg,UCKtTr5Klw1Sh1oYz27Fdbxg,development,4
21,3104,13258,0UZKeq0jvEI,UCckltLEhFLv8Xz_lQhYfwmg,development,1
21,3105,13259,8Ej8xfWa-gE,UCKurrM38zebptCChSC6QpuQ,development,4
21,3106,13264,5mpPBjX07eY,UCcijXxFzSXgoM6q9cCtT9PA,test_reserved,
21,3107,13269,nm0Q85ec3MY,UC4Pb9SEsCb1EpsXVYAVVajw,development,2
21,3108,13276,6EzYs1gwnW0,UCbS_glb2N1NVTrDLVryRbng,development,4
21,3109,13286,odzP6BAxKXU,UCckltLEhFLv8Xz_lQhYfwmg,development,1
21,3110,13292,ke5kxVoHfN8,UCckltLEhFLv8Xz_lQhYfwmg,development,1
21,3111,13294,1N8QoR4q5SQ,UCqtFS_Ap7Qh2y8cfE_20C0A,development,2
21,3112,13296,KM9j9nU3Q68,UCA4N4qep0RLPt94J_4SC8pw,development,2
21,3113,13305,jc2kWfgsD8Q,UCA5xW2Ce7KT2AtxzDYDebCA,development,5
21,3114,13308,m0YV7eOGSQ4,UCcijXxFzSXgoM6q9cCtT9PA,test_reserved,
21,3115,13311,WOSU830uOz4,UCckltLEhFLv8Xz_lQhYfwmg,development,1
21,3116,13313,-VNkzpnPzkM,UC0RWGQFXExJPSdMNf9VAiHg,development,4
21,3117,13320,Mr3Keay8ybw,UCcijXxFzSXgoM6q9cCtT9PA,test_reserved,
21,3118,13324,HGAPnhKeQiU,UC_AuTY5qqpUUYFLSDQIbOsg,test_reserved,
21,3119,13326,tb8DG375P4M,UCCK3OZi788Ok44K97WAhLKQ,development,2
21,3120,13335,P9JazUpRz6E,UC5mNdm6_f2fv50Hzsg7qW1g,development,2
21,3121,13336,Q33-zRNaEko,UCILFY0DK2vcnnnTAgWrX-xw,test_reserved,
21,3122,13337,ru-OHNN9f40,UCc30sTBdN9LRSxEuHaXV_bQ,test_reserved,
21,3123,13342,9kMNMNv9wNI,UC22LfvKY_7Ibkt5I5wFqwfg,development,1
21,3124,13343,bwhFFq1GQFA,UCgnFSj7jQffD5V5m05j4dPw,development,5
21,3125,13348,cwJr5yxWxso,UC3vuLv1EXDUxS_UKLPFJVSA,development,2
21,3126,13353,-gn8bQgRPT4,UCCK3OZi788Ok44K97WAhLKQ,development,2
21,3127,13357,vNiWhoWC0mA,UC0MnP2Iso6enxaJTBZ3_nJw,development,1
21,3128,13360,Nxeka-v5Xks,UC8U5Mgl9nbkm5vOJ0SMtQgA,test_reserved,
21,3129,13363,YEhsUdQ2JCg,UC9iMBVTfsZGvgDdOZEputVQ,development,3
21,3130,13365,mGlfXClBskU,UCOtYyt7W5PmPnwQjWWF_Z-Q,development,3
21,3131,13378,lxundaiSi_4,UCP0FKFuz9j2Dp-QDr-Dv_0g,development,4
21,3132,13380,QYY3NJOaHzU,UCEItJuaZGCe0BlGzRKruP0A,development,5
21,3133,13388,_cfvOXlOvig,UCidNC9-9DsHj3FmP5N42Lqw,test_reserved,
21,3134,13400,4qJMwa1afjU,UCckltLEhFLv8Xz_lQhYfwmg,development,1
21,3135,13409,JD7RvMqTVRY,UCckltLEhFLv8Xz_lQhYfwmg,development,1
21,3136,13415,50wObF2s8M0,UCQTcNhAZidy1i9wwmdgf2Lw,development,4
21,3137,13419,Lv3xQ-ZOZ-o,UCS5U8OTQXzQXMET3NcRguWQ,development,4
21,3138,13424,tIltDBTxN68,UCvHgPqX_MU--WMuk2PVZubg,development,4
21,3139,13425,UQXVyEEPEt8,UCpFaFSdYsGqIsiuumAftydQ,development,1
21,3140,13429,NdXtz720WtM,UCbS_glb2N1NVTrDLVryRbng,development,4
21,3141,13431,TDj9d-s9nq0,UC6yh7ac2hUGUbrZl_IXwoug,development,1
21,3142,13454,BNNSdWcFTuY,UCgnFSj7jQffD5V5m05j4dPw,development,5
21,3143,13457,wq1LqSBG9CU,UCCK3OZi788Ok44K97WAhLKQ,development,2
21,3144,13460,gNDsmpgnBo4,UC2_iwCecXLNqTWv-_QcffRw,development,1
21,3145,13465,XsJkPvYW1k8,UCU698FK0A1JkE2VADC4fQlA,development,3
21,3146,13472,fxf8sRaI_JM,UCn0XmAUFv6d2tofMFEesSNw,development,5
21,3147,13484,s15v0GgGREQ,UCsCp9NfFhRhL6DvDjWtAweg,development,1
21,3148,13488,RZNGqhd5kfk,UCkagcQYGoYFuXsUg-ObSL6A,test_reserved,
21,3149,13489,mCnuoOdNLDk,UCtbtihatpVC4YkcNvP6v4Vg,development,3
21,3150,13500,_naMzMPWl3Q,UC324VVhYKykBv01GecF4aYg,development,5
21,3151,13514,aZIzHzeEp0E,UCbR7juPwtP-bV_w0840ciYQ,development,4
21,3152,13515,AKDfZazhgFM,UCfJvQWJ4iUTng15ks3WtVow,development,1
21,3153,13518,4oTzD4BQ9Ao,UCZXcD8T3zClfNAlDwHCdg6w,development,1
21,3154,13520,srHXND1JkN8,UCacIRbbu-hgx4sRW6tZPRoQ,test_reserved,
21,3155,13523,cBq58swH344,UCixHOFltSlDzQezAiDC--wg,test_reserved,
21,3156,13525,-aR-WvwEN6c,UCOjO5KuBMofQ3c1Wy8mxINQ,development,3
21,3157,13530,l7JfaVWee3Q,UCcgkjXIaOrsFR8GLFo3iwOw,test_reserved,
21,3158,13533,CoEFJaIXLt4,UCmrLu4r89ykOzmtmbAeEklA,development,3
21,3159,13534,1y22zV6D1UU,UCoZJaxWPeeGKZ6ShK5EsIkA,development,1
21,3160,13538,6VPS4OnHkUE,UCCbm1E52PV05ZLv6dtRB92Q,development,5
21,3161,13539,gTYocqRyd7Y,UCAH7R88V7gz7RqJv78nNOzg,development,3
21,3162,13553,pjde7oERw9w,UCckltLEhFLv8Xz_lQhYfwmg,development,1
21,3163,13555,Q5e99q3sRkM,UCckltLEhFLv8Xz_lQhYfwmg,development,1
21,3164,13557,w52nXeLy6Is,UCckltLEhFLv8Xz_lQhYfwmg,development,1
21,3165,13558,X2ZWh3UYwpY,UCRDDfbYPHX_GUJ4lcQYTc8A,development,4
21,3166,13559,x356dIp5sgA,UCygAzvEJNqZmteflPb1bbGA,development,3
21,3167,13560,oqGIuet0UWs,UCckltLEhFLv8Xz_lQhYfwmg,development,1
21,3168,13564,a7398BXRlG4,UCcwCsuV7bOpTfqf2UvLfYmg,development,4
21,3169,13565,haTcMUHfrlw,UCcijXxFzSXgoM6q9cCtT9PA,test_reserved,
21,3170,13566,C1dD-kIixwY,UCfQfw--8dPGypR7sGcXJz0w,development,4
21,3171,13570,J5cVW0jjRZE,UCKROiSW5K8o4GiJuK6Cp_hA,test_reserved,
21,3172,13574,esEtz1h-EXQ,UC6MkngMDyobFNaXOZR0ukyQ,development,5
21,3173,13576,V1r-pQo9zGU,UCbS_glb2N1NVTrDLVryRbng,development,4
21,3174,13577,SUPqJX15fb4,UCckltLEhFLv8Xz_lQhYfwmg,development,1
21,3175,13584,jWXb5vqbows,UCCK3OZi788Ok44K97WAhLKQ,development,2
21,3176,13591,tq6CSyDwKdc,UCcijXxFzSXgoM6q9cCtT9PA,test_reserved,
21,3177,13593,0X69Ylb80ts,UCXFiIVHYqQmgpmIi7KChMkQ,development,2
21,3178,13595,xEto-s3Rc9U,UCpRsv0ru59ejuB1EhFhwIBw,test_reserved,
21,3179,13596,z6YnyWv4tlM,UCckltLEhFLv8Xz_lQhYfwmg,development,1
21,3180,13597,trUqoDaSU94,UCUzsesaP5G628WVuqEckF8w,development,1
21,3181,13602,pA4q4Oov908,UCbXOp0vy6lljqmeaY6k4PjA,development,2
21,3182,13608,oMTVfB7bQc0,UCy2ql63nRG24V2Mn7pxLenw,development,3
21,3183,13610,TVTI0jk_RNc,UCM3bQBUJ0PEbgfe9lAw_Y3Q,development,4
21,3184,13612,57ePwq25vLA,UCZw-8vhDi8SvEjHgHI4WTMw,development,3
21,3185,13614,oT1b40vuAdA,UCVBwpXexP8VjccZE6ohzTAQ,development,1
21,3186,13615,bj8T74C3joM,UCOiMY00_ZLijPF6InrCl0TA,development,4
21,3187,13623,AFce5kuI8Sw,UCOtYyt7W5PmPnwQjWWF_Z-Q,development,3
21,3188,13627,Ye71yRr7bpQ,UCPfU0uygBGutjaaJU5PpEvg,development,2
21,3189,13628,A8YMgvXEyTI,UCgnFSj7jQffD5V5m05j4dPw,development,5
21,3190,13631,lWIw5yfwztE,UCckltLEhFLv8Xz_lQhYfwmg,development,1
21,3191,13632,HJDxsRDUp7Y,UCJojbxGV0sfU1QPWhRxx4-A,test_reserved,
21,3192,13643,X6u9-evgZBc,UCeG8nrxBu_9Ij5DikfOCntA,development,2
21,3193,13647,p6jr4qQeBMQ,UCtGrWulB6ohN4my07gWxj_Q,test_reserved,
21,3194,13649,Zmgz8hEpoWY,UC2Amu02bFnMs-XglUunh44w,development,3
21,3195,13658,WckWkOPsciw,UCOjO5KuBMofQ3c1Wy8mxINQ,development,3
21,3196,13663,v2aofcFEdAI,UCOtYyt7W5PmPnwQjWWF_Z-Q,development,3
21,3197,13667,qly4LSHogLA,UCf2Iar2LDcFaSCnVH1ZMUkA,development,3
21,3198,13669,jhZtRHFZjHk,UCt85p_UTIuhPLZBuZbfciNQ,development,1
21,3199,13675,lVE26TLC2KA,UCiBHV5AwzPEBhlIX3yR6-Ig,development,2
21,3200,13682,CsPaJSehGEQ,UCaESx7Bdghv_UICcG1hBkcg,development,5
21,3201,13684,q8RRrEBoxP4,UC1YGPDtctHGJWW0NrlQVklw,test_reserved,
21,3202,13686,Vf9u617vvNA,UCcrsFwwoMvcXYpJ0XldIlVQ,development,3
21,3203,13695,BfXyhM5Wrdw,UC_AuTY5qqpUUYFLSDQIbOsg,test_reserved,
21,3204,13700,xUMd2dsTEIk,UCc30sTBdN9LRSxEuHaXV_bQ,test_reserved,
21,3205,13701,eO8dlboFbxo,UCmqflTSJ6911aCrnaWIXxsA,development,2
21,3206,13704,EFGnYKzVqE4,UCk9jF1m8XqLTOcixWkGb0jg,development,5
21,3207,13707,PCt_WsV41TM,UCP4Z7-uWZYIQBclex8M086A,development,3
21,3208,13711,0EbQsg8wqz8,UCQxYcvX5hnGJvuTFzKng-Vg,test_reserved,
21,3209,13715,4kGbe_4sg5Y,UCckltLEhFLv8Xz_lQhYfwmg,development,1
21,3210,13716,lv_iK2xLL7c,UCrPLe7JMpG5a-d4JlJpFuig,test_reserved,
21,3211,13717,z1AAVFN7fo0,UCgnFSj7jQffD5V5m05j4dPw,development,5
21,3212,13718,MA2tlGiT52U,UCM3bQBUJ0PEbgfe9lAw_Y3Q,development,4
21,3213,13719,9RtPjehp4v0,UCwt4zdWrmnBpglCHb1ArREA,development,2
21,3214,13723,x-dRoboCGBk,UCOtYyt7W5PmPnwQjWWF_Z-Q,development,3
21,3215,13726,aAl1jgmPvQY,UCckltLEhFLv8Xz_lQhYfwmg,development,1
21,3216,13731,Ie0xqsBEFpw,UCbS_glb2N1NVTrDLVryRbng,development,4
21,3217,13732,AFwQJk0TD0M,UCM3bQBUJ0PEbgfe9lAw_Y3Q,development,4
21,3218,13733,CEdAPX0k6Cw,UCOtYyt7W5PmPnwQjWWF_Z-Q,development,3
21,3219,13736,q4zbTPECjgQ,UCTnTpSsN7eemLLpDyqdBP_w,test_reserved,
21,3220,13737,Q-WDtcxa8Zw,UCA4N4qep0RLPt94J_4SC8pw,development,2
21,3221,13742,Lxr0xQxIW6A,UChu57OdYyrW_PRkITQ4t7Mg,test_reserved,
21,3222,13749,ILjTigcWONo,UCCK3OZi788Ok44K97WAhLKQ,development,2
21,3223,13751,ACnI1hFczzc,UC1YGPDtctHGJWW0NrlQVklw,test_reserved,
21,3224,13754,PvWCcuPUSSM,UCPJRtoh7x7vEw0-d59JwKiQ,test_reserved,
21,3225,13762,fhRUG2Ac0VY,UC2GNitBc9qBFZd0329eYOPg,test_reserved,
21,3226,13771,j0BRZpJ97S8,UCUWsih24MIJm0hrkWmhJkmA,development,4
21,3227,13792,QMXUEjMonWk,UCCK3OZi788Ok44K97WAhLKQ,development,2
21,3228,13812,XbLNp0xy9cs,UCG0j1mTQov3RVBgLgh6wbKg,development,2
21,3229,13819,8vtHxbVXE1Y,UCCK3OZi788Ok44K97WAhLKQ,development,2
21,3230,13821,xHlTGAex8yQ,UCKROiSW5K8o4GiJuK6Cp_hA,test_reserved,
21,3231,13829,mGzQSdJD3NM,UCuW9OiaVwvoOraW1Jcc3_uA,development,2
21,3232,13835,3BQU79uRGM4,UCckltLEhFLv8Xz_lQhYfwmg,development,1
21,3233,13843,dN6UNFMuHqk,UC4Pb9SEsCb1EpsXVYAVVajw,development,2
21,3234,13846,Y8WsH11Wop0,UC4oZv7iatCbhEp6ehMMbhAg,development,1
21,3235,13870,FOvlM9Xiggo,UCnPRMQl7Yf5dniUY5sBRsmQ,development,1
21,3236,13871,bgmEsUPwEMQ,UCLbLJNJZ4SAx_9vSEjRyN9w,test_reserved,
21,3237,13877,JUMRM_Homt8,UCYexbZ1rWNtHaUWenQvdHJA,test_reserved,
21,3238,13883,C4K4HuuwGfM,UCckltLEhFLv8Xz_lQhYfwmg,development,1
21,3239,13884,CCtRgcphd9Q,UCckltLEhFLv8Xz_lQhYfwmg,development,1
21,3240,13888,JyjcIlerC3g,UCcijXxFzSXgoM6q9cCtT9PA,test_reserved,
21,3241,13892,VrxADyQa2K4,UCQTcNhAZidy1i9wwmdgf2Lw,development,4
21,3242,13900,PZJ811DXhtY,UCCK3OZi788Ok44K97WAhLKQ,development,2
21,3243,13902,rAtij5mm3Ww,UC4Pb9SEsCb1EpsXVYAVVajw,development,2
21,3244,13905,VGdyWg9P0-E,UCm4WfjRuxfKL6neixClsh7Q,development,5
21,3245,13906,9kuN91nUFh4,UCzSJmu5JS43eHAs0Ajrq5_Q,development,1
21,3246,13913,_bkeX0Sh1t8,UC6aSX46078fvOY9bY9ZUTYw,development,5
21,3247,13918,apji3DJDdxU,UCMxeqmVKOqiqh7V_A3h4gfA,test_reserved,
21,3248,13929,RMhnUBSi4_o,UCUzsesaP5G628WVuqEckF8w,development,1
21,3249,13930,j0ubC6MSv7c,UCoNaQS6wefjNVFkwvxrzAYw,development,4
21,3250,13933,dc8843qZ-7w,UCyrW9aDENkU6G6URdVFwB9g,development,3
21,3251,13934,1t5eNUX-l-A,UCkKE6HYznBUt7kPAjJhuFrQ,development,3
21,3252,13939,FQ6JI44mV8I,UCswxJAse7ga68PmgIOyXeSg,development,3
21,3253,13946,2J_qsCvdx7Q,UCOiMY00_ZLijPF6InrCl0TA,development,4
21,3254,13959,XUi9wk76Iho,UCe4g8BqxCBVICI2OTCLdedg,test_reserved,
21,3255,13961,E29SudA4hI4,UCvsksEXBnVKBj0QiQ6cnTdw,development,2
21,3256,13964,z_EulsUkCio,UC1YGPDtctHGJWW0NrlQVklw,test_reserved,
21,3257,13976,Iavs5p2a4Gk,UCcijXxFzSXgoM6q9cCtT9PA,test_reserved,
21,3258,13978,IiT3LGGix8Y,UCcxDOjzjxdaGfT5NiN5M8mg,test_reserved,
21,3259,13982,kQsghBynkc8,UCOtYyt7W5PmPnwQjWWF_Z-Q,development,3
21,3260,13985,GGNGYGV7KZc,UChJNuZT3z0C73igXBiFS24w,development,3
21,3261,13992,GIs6YzFOl2k,UCbR7juPwtP-bV_w0840ciYQ,development,4
21,3262,14001,uMXVABpO1ss,UCwRAPq0zLdVsb440xKGBx2w,test_reserved,
21,3263,14002,6ORNDrNTXxM,UCckltLEhFLv8Xz_lQhYfwmg,development,1
21,3264,14008,mCyWsXwp2Nk,UCCK3OZi788Ok44K97WAhLKQ,development,2
21,3265,14009,VGvDxiJXbj8,UCAhUXZ4qG4Lr6-Ar2SBTu7Q,development,4
21,3266,14012,KzejWPKTrUU,UCGnnbsbqbCc7KxSIAbC_d2A,test_reserved,
21,3267,14015,lnzzSggQki4,UCt_fUooMgak5Ev6yI08x8IA,development,3
21,3268,14023,mJsXHfQfRxY,UC0duLcyQT9tghWHfexjuTxQ,development,2
21,3269,14024,Ybz0WQj_ZKY,UCMIOtMp-WuFS6f25y4Cwytg,test_reserved,
21,3270,14030,MMH1g4O-neE,UCA4N4qep0RLPt94J_4SC8pw,development,2
21,3271,14033,EXN6vn9RJ60,UCILFY0DK2vcnnnTAgWrX-xw,test_reserved,
21,3272,14036,qvLd-uvEK3A,UCckltLEhFLv8Xz_lQhYfwmg,development,1
21,3273,14041,dh6TSmguHAY,UCQs4YsWvTrJMQANLv6uqAZw,development,4
21,3274,14051,z25E_8G2ZuE,UCbR7juPwtP-bV_w0840ciYQ,development,4
21,3275,14057,93OQujzbnFE,UC8lKgUHo-2mSR5cRRXO9xow,development,3
21,3276,14061,UzM8x-0G0pI,UCbI5YpdPKTd7FRoIuZ_uulw,development,4
21,3277,14067,TxSOKficOvE,UCRB8mrLCcwTPlJOMUy9MDUg,development,2
21,3278,14072,vkBk6KKLkz0,UCPjv6LrnnPDeCw80M6XZMEg,development,4
21,3279,14075,x9XEoc4e-1g,UCckltLEhFLv8Xz_lQhYfwmg,development,1
21,3280,14080,tog4McepeH0,UCz84dcspzky4K9dlmsP7K8Q,development,3
21,3281,14083,kEe_u0Y1_Nk,UCckltLEhFLv8Xz_lQhYfwmg,development,1
21,3282,14084,W8hBUpaRj5k,UCn0XmAUFv6d2tofMFEesSNw,development,5
21,3283,14090,cMn_CRkWF9c,UCvZ8sPFxYngz2JN3DG93fOw,development,4
21,3284,14091,INsUoVELPyI,UCsPfJqaUdMINzYqBCEjwknQ,development,2
21,3285,14093,0-w7xcRiw-A,UC7GLQ-HMUqx3GItKwS_5QIQ,test_reserved,
21,3286,14100,VTiL5o7F9Ok,UCgnFSj7jQffD5V5m05j4dPw,development,5
21,3287,14101,Ttlzn4Tnurg,UCuTgmLxqarTxuBU5ARMYUNQ,test_reserved,
21,3288,14102,pk7XtIWipzs,UCxQQ7T5UMck1aKxzBmyt4rw,development,5
21,3289,14103,lNuovFyTCUY,UCBf296-OhUNfaDbtcYQ4RQQ,development,2
21,3290,14117,5x8zdoce2e8,UCCK3OZi788Ok44K97WAhLKQ,development,2
21,3291,14118,AcgF5bf9Tgk,UC95VofaZiQPFwRMaqPhLc0w,test_reserved,
21,3292,14119,cs8Dha2n4Ps,UCaESx7Bdghv_UICcG1hBkcg,development,5
21,3293,14121,U1KdfasDPjg,UCJ7DJvUPFjq5kY_L9oW8I3A,development,2
21,3294,14122,4VUlKCkJqhk,UCV_4W6LL-Iwh0UaT_B6exQg,development,3
21,3295,14125,jY3KpJH78Os,UCLsRogzQ9bw2Efitidd0ikg,development,4
21,3296,14126,VXSuu93ngSc,UCRDDfbYPHX_GUJ4lcQYTc8A,development,4
21,3297,14128,hN9hpTwGp1E,UCVfnhhDIkkBJ_1QyzCqeVDg,development,5
21,3298,14135,5BsuU1e9Gx4,UCbS_glb2N1NVTrDLVryRbng,development,4
21,3299,14136,tbqSqgxqFSU,UCckltLEhFLv8Xz_lQhYfwmg,development,1
21,3300,14150,3tvKFvwn4OY,UC324VVhYKykBv01GecF4aYg,development,5
21,3301,14151,gZ8u0HCpP8g,UCp3JwFW1xiUY4QwLqSsbNyw,development,4
21,3302,14157,WkQl3BdKnRo,UCCK3OZi788Ok44K97WAhLKQ,development,2
21,3303,14158,SQYM8dBnjl4,UCrhkgHTUdZXbCd69TNuQuMg,development,2
21,3304,14159,x1qZX6rSjMs,UC4u1g0CCUxvU8-LacEFjNbg,development,4
21,3305,14162,tLwH6FsfhtE,UC324VVhYKykBv01GecF4aYg,development,5
21,3306,14163,mIwMp_76SLA,UCc30sTBdN9LRSxEuHaXV_bQ,test_reserved,
21,3307,14165,xu08TLSbhSY,UCCK3OZi788Ok44K97WAhLKQ,development,2
21,3308,14170,oEwD2HbVsrY,UCCK3OZi788Ok44K97WAhLKQ,development,2
21,3309,14171,cUVFjjcbkzU,UCbS_glb2N1NVTrDLVryRbng,development,4
21,3310,14172,Yee4VmvNs8U,UCOtYyt7W5PmPnwQjWWF_Z-Q,development,3
21,3311,14173,47tkBU4i4X4,UCWr_3S-gYx33CVRDXSYSDhA,development,1
21,3312,14174,cXQxcfxVe8U,UCckltLEhFLv8Xz_lQhYfwmg,development,1
21,3313,14175,gOJnkIhnjCk,UCc30sTBdN9LRSxEuHaXV_bQ,test_reserved,
21,3314,14181,1GRpkV8d2gw,UCtoTkv_wx2z2M03zyKY-IRQ,development,3
21,3315,14183,WDe5F3EHvFY,UCYpuhzSdssW_GFUhl_od38w,development,5
21,3316,14190,3VnGS3qL550,UCckltLEhFLv8Xz_lQhYfwmg,development,1
21,3317,14196,0D-_xKNHobM,UCk9jF1m8XqLTOcixWkGb0jg,development,5
21,3318,14198,bspFV5JBvK8,UCYga1ycTsoZn6Y_xlrdw0iA,development,2
21,3319,14205,2_NR2nUCPvw,UCfuND8HywiC1G1T5s1t6ElA,development,5
21,3320,14210,7Q2VW7QxGPs,UC8rcDufKZ3W6CtZU69CtMXg,development,3
21,3321,14212,dCYx3I86NVk,UCvRkl4sHIgChIFxeTlbwAGQ,development,2
21,3322,14213,lgeYFfUYwPs,UC6jQt9K_jqnBNtsRf7hXHsA,development,5
21,3323,14216,wbPIGCo-RaM,UCp5D-qjJ6pQF9vaKU55cY6w,development,3
21,3324,14226,b7q5gWu_rDU,UClSIhhnuyF8fXtBTpOOTknA,development,2
21,3325,14227,dYff_T1bTvk,UCO_66skZM2AyW8lgXawoPiw,development,2
21,3326,14235,zTLjWZOVr-g,UCoE8YTn0TN5LYS9e-lUifjw,development,3
21,3327,14250,7IJnEwjOEmM,UCckltLEhFLv8Xz_lQhYfwmg,development,1
21,3328,14251,QrMIa7AiBQc,UCgnFSj7jQffD5V5m05j4dPw,development,5
21,3329,14257,FGyRczNCGbw,UCMEXwFurMItX0u1yit-UrAw,test_reserved,
21,3330,14259,Ce6RvKEhXhY,UCCK3OZi788Ok44K97WAhLKQ,development,2
21,3331,14263,26ZLJo2xQ2E,UCckltLEhFLv8Xz_lQhYfwmg,development,1
21,3332,14265,1mA6F9wDUSw,UCqrqt9Egbp4Voh3iEUUoorw,test_reserved,
21,3333,14267,D3J3SS5472g,UCcijXxFzSXgoM6q9cCtT9PA,test_reserved,
21,3334,14273,Qiqey36XxP0,UCcijXxFzSXgoM6q9cCtT9PA,test_reserved,
21,3335,14274,ZfrdQo6UA4s,UCCbm1E52PV05ZLv6dtRB92Q,development,5
21,3336,14285,Kcmz4WSg9lA,UCckltLEhFLv8Xz_lQhYfwmg,development,1
21,3337,14292,fTehKl5SZfM,UC22LfvKY_7Ibkt5I5wFqwfg,development,1
21,3338,14295,pif-HubRotA,UCoNaQS6wefjNVFkwvxrzAYw,development,4
21,3339,14296,RVU_7K9xoH0,UCCQ3mUIQTv2Snhw5Os0Yo5Q,development,3
21,3340,14301,Fq8fCceovr8,UCOtYyt7W5PmPnwQjWWF_Z-Q,development,3
21,3341,14305,TjV73YwRJyg,UCckltLEhFLv8Xz_lQhYfwmg,development,1
21,3342,14313,j1pzCEgjQyA,UCYweMykEAI5aaRztqrJuuAg,development,5
21,3343,14332,7EMlY-YaWQc,UCCK3OZi788Ok44K97WAhLKQ,development,2
21,3344,14333,A4ktfKDn6eA,UClWSTWnXSIOK34ySODMm8Ew,development,4
21,3345,14342,jgCYopaFqaI,UCGh7bj8m9xZtszizdpu8cMw,development,2
21,3346,14343,rjIpk8PZsqY,UCOtYyt7W5PmPnwQjWWF_Z-Q,development,3
21,3347,14345,ueb0QlHcxsE,UCqecKbw2u_oVHNVdQEq-nCw,development,3
21,3348,14346,Xp2gv884JBo,UCy3DJWVPCZ1ke602YJZ9PSg,development,5
21,3349,14347,Re7157lp0pA,UCtz8B0t1nslDMTpd9-0_5SA,development,2
21,3350,14348,Z_4n0xs6FLE,UCkXjFNkQdPUGCXGvwqAx7og,development,2
21,3351,14350,sD2LvcsoPLw,UCCDeMi1ZOnoWta_ULUNDFmw,development,4
21,3352,14355,Xj8maUeylkY,UCgdaUnUmkHDpYCU0w2pR7Rw,development,3
21,3353,14358,XhdDA-dF68c,UCckltLEhFLv8Xz_lQhYfwmg,development,1
21,3354,14359,AgyIdV4R-mw,UCmqflTSJ6911aCrnaWIXxsA,development,2
21,3355,14362,ZL0ci0GHNug,UCn0XmAUFv6d2tofMFEesSNw,development,5
21,3356,14364,SCHA7Y224vE,UCCK3OZi788Ok44K97WAhLKQ,development,2
21,3357,14368,qhLa6Ohq4Sg,UCckltLEhFLv8Xz_lQhYfwmg,development,1
21,3358,14380,dx6TEvNtmPY,UCCK3OZi788Ok44K97WAhLKQ,development,2
21,3359,14385,mFLjxgD6GCE,UCckltLEhFLv8Xz_lQhYfwmg,development,1
21,3360,14388,HA3DJaZJeC8,UCM3bQBUJ0PEbgfe9lAw_Y3Q,development,4
21,3361,14394,rePa8nfBX34,UCckltLEhFLv8Xz_lQhYfwmg,development,1
21,3362,14396,F8A-WsZk5nw,UCtwlss6rr66DbEurYOJgu4w,development,2
21,3363,14405,FEecM4A6CiU,UCq3WWAoJj0DOQC3G7ri1cug,development,3
21,3364,14408,gt_Ga7zyzo8,UCbS_glb2N1NVTrDLVryRbng,development,4
21,3365,14409,PUIqRbuLfUk,UCckltLEhFLv8Xz_lQhYfwmg,development,1
21,3366,14412,KmTgmObY5Ig,UCOtYyt7W5PmPnwQjWWF_Z-Q,development,3
21,3367,14418,nPuIGurEHBU,UCbCAIiyYUDoFFIzXS0HxYTA,development,2
21,3368,14419,H3vwF9LuBPk,UCOtYyt7W5PmPnwQjWWF_Z-Q,development,3
21,3369,14420,Kj5Mk7vxCOQ,UCCK3OZi788Ok44K97WAhLKQ,development,2
21,3370,14427,nF1m_ab6XwU,UCkjcwbJJld7G6dCnfgl6qDA,development,4
21,3371,14435,e4nLouulSAY,UCAd1_DwT2iKc8s7rH6Af9lA,development,4
21,3372,14436,4XbvHJdPePY,UCEItJuaZGCe0BlGzRKruP0A,development,5
21,3373,14441,8Bm1XKBCnlo,UCOgsOVUELkkv_irhET9kK_Q,development,1
21,3374,14444,7RZCHYXG2dU,UCPXSUKHTNc1_hnHuj-UiQWQ,test_reserved,
21,3375,14447,M9fucwC46rk,UC3tvYy-s84yySG7V85jRDnA,development,4
21,3376,14450,9hT9QLYisN0,UCaIc6SgS90ud_RgMSC6hW_w,development,3
21,3377,14455,hDH03-idWhk,UCql-jEixeuMcyabHRYqr-Zw,development,3
21,3378,14465,X7PK8TThN_U,UC8lKgUHo-2mSR5cRRXO9xow,development,3
21,3379,14467,92wPRnTSdJw,UCReF_78PPPdU7kKodNtBwMg,development,3
21,3380,14470,s-c0YViod1Q,UCF11-Puqxb0jdeWNc7F_Fcw,development,1
21,3381,14476,TaueNOXzpY0,UCvZpRt_4T2NlC9111RxNBug,development,1
21,3382,14480,j4nYkbPWATQ,UCbS_glb2N1NVTrDLVryRbng,development,4
21,3383,14481,ryjRoLlK4Dg,UCcFg0_EkuomROD6HEJA8t5g,development,2
21,3384,14482,RhZonq8alp0,UCMKVkE8hcrq8XVr_GftJ_sg,development,3
21,3385,14487,n_niMoDuCLM,UCn0XmAUFv6d2tofMFEesSNw,development,5
21,3386,14491,NcGjLYVqe4Q,UCckltLEhFLv8Xz_lQhYfwmg,development,1
21,3387,14493,w25_nezH6Xk,UCcijXxFzSXgoM6q9cCtT9PA,test_reserved,
21,3388,14495,7TSDYvJmKH4,UCcbOsE5_4LEjtQi8X2PFxDw,development,3
21,3389,14497,wncPmRY7saw,UCoPGkvh-1AoSzh23-ROXrpw,development,3
21,3390,14502,b2pOKqKjtOI,UCQTcNhAZidy1i9wwmdgf2Lw,development,4
21,3391,14504,2kmXrbztT5I,UCLNz9bgiJfM3ImTtYDOt8Ew,test_reserved,
21,3392,14506,3h02gGOzIBE,UCgnFSj7jQffD5V5m05j4dPw,development,5
21,3393,14514,efCCf4CXLe8,UCQTcNhAZidy1i9wwmdgf2Lw,development,4
21,3394,14516,ZxqvlgWQ5EU,UCckltLEhFLv8Xz_lQhYfwmg,development,1
21,3395,14519,F1A9CdTTIu8,UCA-IWqJKqhCDYcF8yAfKraw,development,1
21,3396,14523,9AG92T8tJN8,UCVfnhhDIkkBJ_1QyzCqeVDg,development,5
21,3397,14527,ZOSyvGQQ7Co,UCckltLEhFLv8Xz_lQhYfwmg,development,1
21,3398,14530,qeejY8ZqvYY,UCl5xacxsAhltNGtiMktd_Sg,development,5
21,3399,14531,BcvdzpksIrA,UCzgulWhQxnu2pcubyHzc6yw,development,3
21,3400,14535,aHpfNYP6DLo,UCckltLEhFLv8Xz_lQhYfwmg,development,1
21,3401,14538,1Frng_S31rk,UCk0ZLeOPZVnRJn_s1x-8Idg,test_reserved,
21,3402,14540,0qcpUR9gsxw,UCcrsFwwoMvcXYpJ0XldIlVQ,development,3
21,3403,14541,S6TzjXNFPsk,UCeixuk-NkKqLJfZKcK2fQig,development,2
21,3404,14543,0ti-VHrNeB4,UChoqXWCFqL2vw60A_GraIQw,development,5
21,3405,14544,vFFJosTES1A,UC55ZUgpS4-bUNhFtuDt4jqQ,test_reserved,
21,3406,14548,0sYcpVEqWMU,UC0ZcZzDZe8x6-olaRR5-wYw,development,4
21,3407,14555,zyj_SCmFoV0,UCaESx7Bdghv_UICcG1hBkcg,development,5
21,3408,14557,D11Z7cMI0Gg,UCaESx7Bdghv_UICcG1hBkcg,development,5
21,3409,14561,KCsXBm1B-TA,UCCK3OZi788Ok44K97WAhLKQ,development,2
21,3410,14562,OBI26WzKiik,UCOtYyt7W5PmPnwQjWWF_Z-Q,development,3
21,3411,14563,GgYMCLHeYEg,UCDi0aVaBQ1KlA5WoHAbt0zw,development,4
21,3412,14565,FxyiJm7VMyE,UC8qBNfgWRK_WYYGSmmrfgPA,test_reserved,
21,3413,14566,dNQIXNsEdBM,UCckltLEhFLv8Xz_lQhYfwmg,development,1
21,3414,14574,Y6aeFnfUKBI,UCbS_glb2N1NVTrDLVryRbng,development,4
21,3415,14578,G78CySHXyWY,UCJdECtKPBRctVQG_5ZH4QhQ,development,5
21,3416,14583,LbPqnjCicAo,UCnqTWrNbHl4SvL60MCE693Q,development,1
21,3417,14587,oc9C5ajcrqY,UCAH7R88V7gz7RqJv78nNOzg,development,3
21,3418,14592,GVYq5q5l2kk,UCoPGkvh-1AoSzh23-ROXrpw,development,3
21,3419,14603,BeULmkWKat4,UCFdCT7ZJCc9ax1yAqDCQPaA,development,1
21,3420,14606,71iZQ7Nn27U,UC1YGPDtctHGJWW0NrlQVklw,test_reserved,
21,3421,14607,O1KA6GNR0zw,UCiLbj6E-dvR3tDLKigo2juQ,development,4
21,3422,14611,JkOosqtMVEk,UCbgjuk1jkUr_xe4tNGv35Qg,test_reserved,
21,3423,14612,m5B2So7cctw,UC8lKgUHo-2mSR5cRRXO9xow,development,3
21,3424,14614,8aIeIOvpqpc,UC0MnP2Iso6enxaJTBZ3_nJw,development,1
21,3425,14619,F5ze0Z0FkKM,UCMxeqmVKOqiqh7V_A3h4gfA,test_reserved,
21,3426,14622,y3CaLJw0W9Y,UCXLyL2Fg5DZouTYsYtRT0WQ,development,2
21,3427,14624,qtN3nPZtOTE,UCdgWTRipbTuQsIiiPb6fB-A,development,4
21,3428,14626,luErevqx1FU,UC7yvlRxy_mqtwPMyZ8H5Zkw,development,4
21,3429,14629,ni4qjIB6-VA,UCxtv9HrpePOtC7amZkgmM-Q,development,1
21,3430,14639,of9qdzaF11s,UCG0j1mTQov3RVBgLgh6wbKg,development,2
21,3431,14642,subgQuoQ6-Q,UCm8I2aLYgPm_gdzw4SSkiGg,development,3
21,3432,14646,hhJ3w5aiVmE,UCAvDJMfUNahnsnMBN1hIXuA,development,5
21,3433,14647,ewqH8Xlim4k,UCOtYyt7W5PmPnwQjWWF_Z-Q,development,3
21,3434,14655,OU5UJpPAZy4,UCoPGkvh-1AoSzh23-ROXrpw,development,3
21,3435,14669,YveeOgxQyg4,UCckltLEhFLv8Xz_lQhYfwmg,development,1
21,3436,14672,LQLizgtkQ3k,UCoz7UhbfPFJyljIIV2saR7A,test_reserved,
21,3437,14677,RFVbb74OJxg,UCq5Gm4jfNGRXvUTOw9d2Zzw,development,3
21,3438,14684,0b1FQ2VsU5Y,UCgy5luu86OLBeugp27Tnddw,test_reserved,
21,3439,14685,q-ISUHw_2aw,UCV_4W6LL-Iwh0UaT_B6exQg,development,3
21,3440,14686,rxMfCli_shk,UCg22fUwQQF-7Sf6-TIVIFrA,test_reserved,
21,3441,14687,k9d_19p7F88,UCPXSUKHTNc1_hnHuj-UiQWQ,test_reserved,
21,3442,14693,pKM9UXU4adM,UCQIWzvLOlB4tu84TtOTJCGg,test_reserved,
21,3443,14697,lcvOI0F5Zx8,UC1YGPDtctHGJWW0NrlQVklw,test_reserved,
21,3444,14698,SZhQCLEeeCY,UCckltLEhFLv8Xz_lQhYfwmg,development,1
21,3445,14704,5iB-Zx6VsP4,UCbkAklUqbCi69K8xQdbe48A,development,1
21,3446,14705,KlQgUUKwtT0,UCZwRhDqyXXFucAGxyQs40uw,development,3
21,3447,14706,1m4ABOlNO9E,UCaESx7Bdghv_UICcG1hBkcg,development,5
21,3448,14708,Rzr7ReJ9vXo,UCcijXxFzSXgoM6q9cCtT9PA,test_reserved,
21,3449,14709,h6iAlX_IPlA,UCAH7R88V7gz7RqJv78nNOzg,development,3
21,3450,14711,wwxblQobOCE,UC5-n2dfksESEt3ATmM6Uujw,development,4
21,3451,14716,-JPNtXWw-vQ,UCM3bQBUJ0PEbgfe9lAw_Y3Q,development,4
21,3452,14718,aRg5HI9e_WQ,UCCK3OZi788Ok44K97WAhLKQ,development,2
21,3453,14722,Llo_dT_e9Vo,UCckltLEhFLv8Xz_lQhYfwmg,development,1
21,3454,14727,6FBBeZZZxlM,UCVfnhhDIkkBJ_1QyzCqeVDg,development,5
21,3455,14734,CJ7c1W_FkP8,UCmTrMV3RUj_n8dO0Ff-wHOQ,development,4
21,3456,14736,iTD-Elf2Ypw,UCMKVkE8hcrq8XVr_GftJ_sg,development,3
21,3457,14737,cfPw26_hlf8,UCOHyRrRuD2zGCkpuCAlyOyA,test_reserved,
21,3458,14741,N4I-d3Tc0UU,UCIoyIVPZEfC2p0dQwAxGiEw,development,5
21,3459,14744,rsjvrY2vAqY,UCZpPfCxvP6T9rCkDX3tQfOw,test_reserved,
21,3460,14745,rjptlUuKKEE,UCvZ8sPFxYngz2JN3DG93fOw,development,4
21,3461,14746,lpArXPtrOx4,UCpamW3WJjX0CgjWGsBxIm2w,development,5
21,3462,14750,FN2dBAqzNec,UCckltLEhFLv8Xz_lQhYfwmg,development,1
21,3463,14757,5RbCsx5RrZk,UC_Urg845xBIOarYXBx_Ko2w,development,5
21,3464,14758,KQLlQMWSH-k,UCJtl0GhFcswuh8R_Y-jcLwA,development,5
21,3465,14759,zq2ompG03Ks,UCI7_knfoB-8RFNxoKhnOOMQ,development,4
21,3466,14761,6sBYM5y5GA8,UCcijXxFzSXgoM6q9cCtT9PA,test_reserved,
21,3467,14764,Mbud18PT5kY,UC1YGPDtctHGJWW0NrlQVklw,test_reserved,
21,3468,14766,Ld4ArWmlzaM,UCAGQUfHzdsgxJ1pq2XDS2TQ,development,2
21,3469,14771,M_2X8UOmsy0,UCRB8mrLCcwTPlJOMUy9MDUg,development,2
21,3470,14780,8DvCP8gILD0,UC-4FUBrbjpCCoNGqHh6X5og,development,4
21,3471,14789,hYoCIiXimqc,UCCK3OZi788Ok44K97WAhLKQ,development,2
21,3472,14800,fthnc-2Y77w,UCn0XmAUFv6d2tofMFEesSNw,development,5
21,3473,14804,Q5iCfxXtBfM,UCckltLEhFLv8Xz_lQhYfwmg,development,1
21,3474,14806,Y5u6JCppqI0,UCYogjR8tl0p9hAtG4vmkksw,development,3
21,3475,14807,oj83odqN8S8,UC2sbMVU3YATVZQCRpHPKLcA,development,1
21,3476,14809,-yBnml2cSCk,UCOHyRrRuD2zGCkpuCAlyOyA,test_reserved,
21,3477,14814,8rP0hXhQDvY,UCVjyzr_EOtJLtLF_3VKfrWQ,development,4
21,3478,14821,YWqtwHAgBi0,UCPXSUKHTNc1_hnHuj-UiQWQ,test_reserved,
21,3479,14824,A5MmUPF2OFc,UCckltLEhFLv8Xz_lQhYfwmg,development,1
21,3480,14825,iCM2nSCOwjo,UC0tV1b7IFEXFUUILF7mAcWw,development,2
21,3481,14827,avhIDHlmUCQ,UCckltLEhFLv8Xz_lQhYfwmg,development,1
21,3482,14829,nNbe6o0UNxg,UCgnFSj7jQffD5V5m05j4dPw,development,5
21,3483,14835,Zzw_-jvKoaY,UCVNgjnq_n7i_8GJOca0DIeQ,development,2
21,3484,14840,GxngZXK2-s8,UCckltLEhFLv8Xz_lQhYfwmg,development,1
21,3485,14842,dpLFcX_-_rg,UCCK3OZi788Ok44K97WAhLKQ,development,2
21,3486,14843,lKreMNEBXrQ,UCjSPtKPtRTj4b-vaT5qB20g,development,2
21,3487,14845,NMS5M1epnd4,UC8rcDufKZ3W6CtZU69CtMXg,development,3
21,3488,14848,wBVhYZ7jOYc,UC-GRFwciK7JiP8T4tl0pftQ,development,3
21,3489,14849,4QLQ2p4g3eY,UCcijXxFzSXgoM6q9cCtT9PA,test_reserved,
21,3490,14851,ghsGdpMb3hA,UCgdaUnUmkHDpYCU0w2pR7Rw,development,3
21,3491,14852,TEW4Xoc8YMc,UCckltLEhFLv8Xz_lQhYfwmg,development,1
21,3492,14854,NMp_tIZaJiU,UCOtYyt7W5PmPnwQjWWF_Z-Q,development,3
21,3493,14859,XDeaFRhLvZ8,UC0nMJ3QNryBHZpy1P3Wamwg,development,4
21,3494,14861,wSL_rKr16Hc,UCP0FKFuz9j2Dp-QDr-Dv_0g,development,4
21,3495,14874,WN0VqYqghgM,UCckltLEhFLv8Xz_lQhYfwmg,development,1
21,3496,14877,u9X_C6xiOPk,UCPXSUKHTNc1_hnHuj-UiQWQ,test_reserved,
21,3497,14879,C-1b6oLUgwU,UCu3jIK2NBSXc0_YaFqEuIrg,test_reserved,
21,3498,14880,Y7HRaN1HJTE,UC1YGPDtctHGJWW0NrlQVklw,test_reserved,
21,3499,14881,wBachuAXrI8,UCOtYyt7W5PmPnwQjWWF_Z-Q,development,3
21,3500,14882,-xyUYsPBJ2U,UCcjVuJ9ap-Y_99ad-9agVYQ,development,2
21,3501,14884,VjIWnJ0SCvk,UC2b5VAYjsOfepl9nAXgRmfQ,development,4
21,3502,14885,QtY7YUSdFPI,UCXFiIVHYqQmgpmIi7KChMkQ,development,2
21,3503,14886,8pmJyQ8xRFA,UCcbOsE5_4LEjtQi8X2PFxDw,development,3
21,3504,14887,qI9o9j7Mc1w,UCVd1jcy6wKFzfQ5E-Txtg-w,development,4
21,3505,14890,y-s8U6HZiAQ,UCofF1Whz-uMOt6JJAoHa9wQ,development,5
21,3506,14892,RtRsO5et5jY,UCAH7R88V7gz7RqJv78nNOzg,development,3
21,3507,14895,OZBM8xu38B4,UCckltLEhFLv8Xz_lQhYfwmg,development,1
21,3508,14897,HEDoPhdtFsw,UCbS_glb2N1NVTrDLVryRbng,development,4
21,3509,14902,N5TISuqo-9o,UCckltLEhFLv8Xz_lQhYfwmg,development,1
21,3510,14903,OhzSRP0EPQU,UCbS_glb2N1NVTrDLVryRbng,development,4
21,3511,14910,gCiDb4LVSIE,UCcijXxFzSXgoM6q9cCtT9PA,test_reserved,
21,3512,14912,bFFs4eVW5_I,UC6aSX46078fvOY9bY9ZUTYw,development,5
21,3513,14917,i21bJxlKDck,UC1YGPDtctHGJWW0NrlQVklw,test_reserved,
21,3514,14921,TXEg8e8duzc,UCgooj1ufFuOk6GD2jq8CbdQ,development,1
21,3515,14922,LYnPdqD2Sq8,UCcijXxFzSXgoM6q9cCtT9PA,test_reserved,
21,3516,14923,BYJMPiTg5Zg,UCyrW9aDENkU6G6URdVFwB9g,development,3
21,3517,14927,4gl5K4-YZdk,UCSodo0fV9KfObDMmYTpV5_A,development,4
21,3518,14929,Sp2vdXbwxV0,UCJmv3smPAGjWh4URe2nlhag,test_reserved,
21,3519,14940,17G4Q8uOK8I,UCVBwpXexP8VjccZE6ohzTAQ,development,1
21,3520,14947,6mVjQ0D1gHY,UCcijXxFzSXgoM6q9cCtT9PA,test_reserved,
21,3521,14950,mDUxYXgyKzk,UC0uMi8HNlftUWq4k7NHnjSQ,development,3
21,3522,14951,9YxHYPZelAs,UCBWG_GjopQPckewo1_IvhLQ,development,1
21,3523,14954,H7pLkK6J42o,UCckltLEhFLv8Xz_lQhYfwmg,development,1
21,3524,14965,3lyFNgL0cHY,UCbS_glb2N1NVTrDLVryRbng,development,4
21,3525,14966,AHZeWz2UUMk,UCOtYyt7W5PmPnwQjWWF_Z-Q,development,3
21,3526,14969,vEesAVDdHSo,UCqK3dBCdroLoJixIyuog5Ag,development,2
21,3527,14981,mUcpXCr0wDI,UCCK3OZi788Ok44K97WAhLKQ,development,2
21,3528,14986,11F9dFmgLjE,UCcijXxFzSXgoM6q9cCtT9PA,test_reserved,
21,3529,14989,76grOf4tNNU,UCzQ0nw7uz0dRcO5VKzDwmlQ,test_reserved,
21,3530,14999,M43wxUTDCs8,UCaIc6SgS90ud_RgMSC6hW_w,development,3
21,3531,15006,4evhUcmrKsc,UCCK3OZi788Ok44K97WAhLKQ,development,2
21,3532,15007,U6DZTCqQElE,UCAH7R88V7gz7RqJv78nNOzg,development,3
21,3533,15008,8mC3ThLWv5c,UCC4ytg6VTSI4EMTJoorjQtw,test_reserved,
21,3534,15012,mJ7e5yZOkBE,UCxyOEiDidNJQGoMJXjOVW7A,development,2
21,3535,15017,SPDzgYgLork,UCV9cn7kAjTi6nMKVKIuwoDw,development,5
21,3536,15019,obIF_gLYueY,UCENS_6Qg6S2puMeyPFlwTig,development,2
21,3537,15023,RJ129qmlc5E,UCiAYv_QAosB-49bJbu3NM3A,test_reserved,
21,3538,15025,TVdEry1Whlc,UCkagcQYGoYFuXsUg-ObSL6A,test_reserved,
21,3539,15026,U249xsZOyUM,UC1YGPDtctHGJWW0NrlQVklw,test_reserved,
21,3540,15027,hz9bDXh13KE,UCaIc6SgS90ud_RgMSC6hW_w,development,3
21,3541,15033,aUtaJOX6fZI,UCckltLEhFLv8Xz_lQhYfwmg,development,1
21,3542,15040,jrYRcV4gI-U,UCVXCitEEweQox0oyIsJONrQ,development,3
21,3543,15042,Ab3-q6GRELM,UCckltLEhFLv8Xz_lQhYfwmg,development,1
21,3544,15044,rSiVCDSE5tI,UCgdaUnUmkHDpYCU0w2pR7Rw,development,3
21,3545,15045,U0GBrsVRMwc,UC0tV1b7IFEXFUUILF7mAcWw,development,2
21,3546,15048,v2JUDx9rUY0,UC8U5Mgl9nbkm5vOJ0SMtQgA,test_reserved,
21,3547,15053,0OkuIiMgEzU,UC1YGPDtctHGJWW0NrlQVklw,test_reserved,
21,3548,15054,6zXdVzGHQso,UCt1uMmva5HBK0qu1hTGGvzA,development,5
21,3549,15060,1v8SRCyw98c,UC3tvYy-s84yySG7V85jRDnA,development,4
21,3550,15062,OaQlRjLQ27E,UC4-OGkz_qi4h59w_HeqwYjg,development,4
21,3551,15065,WVh1tyC0cW8,UCckltLEhFLv8Xz_lQhYfwmg,development,1
21,3552,15066,ZWWV5XYt354,UCLA8Ovy_NPAwMWvr8IEDquw,development,4
21,3553,15067,HxhN-yvMAsQ,UCAKAcMWVANp_qXgWKlXMCFA,development,3
21,3554,15069,kNdU1JY6ARU,UCaESx7Bdghv_UICcG1hBkcg,development,5
21,3555,15077,bpTrLmrJ-Hk,UCCK3OZi788Ok44K97WAhLKQ,development,2
21,3556,15087,9TivdHQ5SAU,UCqrqt9Egbp4Voh3iEUUoorw,test_reserved,
21,3557,15096,IXuNcYvBch8,UCCK3OZi788Ok44K97WAhLKQ,development,2
21,3558,15099,dil-ghkMLZg,UCXSus5Zss-0FP1quj0Mpndw,development,3
21,3559,15105,OubIDqV3l2c,UCRDDfbYPHX_GUJ4lcQYTc8A,development,4
21,3560,15122,kL-hXnEfm24,UCnd3nepI0YPYVA8DyDrg08g,development,5
21,3561,15125,PaTxzfDy3do,UCPXSUKHTNc1_hnHuj-UiQWQ,test_reserved,
21,3562,15134,vqPJcWZHaEk,UCgy3gF6d083mEGUKw5Vjq1Q,test_reserved,
21,3563,15140,7PrTLKsuMqw,UCeZvtW294qri-NCdwuH3IkA,test_reserved,
21,3564,15141,UTaKnUnNrh4,UCOgsOVUELkkv_irhET9kK_Q,development,1
21,3565,15146,brvauTsWw_c,UChKHUbwer9EsyREw63Cm5BQ,development,4
21,3566,15149,sRMIyaSnpSA,UC7jNYrQQr_GnMWLe6bGRi2A,development,4
21,3567,15151,LRaUlZvbnY8,UCHT6F9HJ9DtLUjTOH16yg6g,test_reserved,
21,3568,15152,RmzrrYNHQVo,UCzeBunsQThQMJuN7ldtbeRA,development,1
21,3569,15160,9tj95p_g4GU,UCQTcNhAZidy1i9wwmdgf2Lw,development,4
21,3570,15163,iPBXX3ymvvk,UC5Q9lmEDB_pWZdzzLI07eVg,development,5
21,3571,15166,R0RixKkMIt0,UCgnFSj7jQffD5V5m05j4dPw,development,5
21,3572,15172,FLR4O6m2rNo,UCA5xW2Ce7KT2AtxzDYDebCA,development,5
21,3573,15174,J7K7vn4RvOY,UCw48Rkx5LeKzVbSfb9Cukhg,development,3
21,3574,15180,-0Zgecg88CQ,UCPdASwipemqGhpK-B-a12Ow,development,4
21,3575,15183,YsjbcpvXO7o,UCXDs97xqSkkV9WSXMtYvCEw,development,4
21,3576,15192,FB5MtES1Udo,UCRDDfbYPHX_GUJ4lcQYTc8A,development,4
21,3577,15194,7CuuefYiWj8,UC1YGPDtctHGJWW0NrlQVklw,test_reserved,
21,3578,15195,4undTJqUL4s,UCYOW-Xetp4-pPn4V1h2ySGg,development,1
21,3579,15198,LqmGdObfor8,UCRDDfbYPHX_GUJ4lcQYTc8A,development,4
21,3580,15199,z-sedPUuEb8,UCf2Iar2LDcFaSCnVH1ZMUkA,development,3
21,3581,15201,B4JWk4xyGu8,UCRDDfbYPHX_GUJ4lcQYTc8A,development,4
21,3582,15205,hze4RKd-u9E,UCaESx7Bdghv_UICcG1hBkcg,development,5
21,3583,15208,O3G-2qcGbfg,UC6MkngMDyobFNaXOZR0ukyQ,development,5
21,3584,15210,ATBIEV2SQM4,UCOtYyt7W5PmPnwQjWWF_Z-Q,development,3
21,3585,15211,R01kDq9PRyM,UCckltLEhFLv8Xz_lQhYfwmg,development,1
21,3586,15212,2_i8bqg0sD4,UCckltLEhFLv8Xz_lQhYfwmg,development,1
21,3587,15215,vJpX_6s52nU,UC5uGexidH3WqbErqSX_EGJA,development,5
21,3588,15216,alGP-g6a_7Y,UCM3bQBUJ0PEbgfe9lAw_Y3Q,development,4
21,3589,15217,XhH9AtDjYzM,UCEQrXk9S_wxT6fz7Iy7PI5Q,development,1
21,3590,15219,CZvpRFDfErg,UCh9qXeL8eP3Txra2908xksg,test_reserved,
21,3591,15220,esYNjFqF51A,UCbS_glb2N1NVTrDLVryRbng,development,4
21,3592,15223,_rpaOa4hNWg,UCaESx7Bdghv_UICcG1hBkcg,development,5
21,3593,15227,lI4Teq7VJpo,UCuW9OiaVwvoOraW1Jcc3_uA,development,2
21,3594,15230,obln0YN-0LE,UCql-jEixeuMcyabHRYqr-Zw,development,3
21,3595,15231,eO1MbWNRI9U,UCckltLEhFLv8Xz_lQhYfwmg,development,1
21,3596,15233,dmCDwZLwY1Y,UCckltLEhFLv8Xz_lQhYfwmg,development,1
21,3597,15236,Xie97RQ9px0,UCiBHV5AwzPEBhlIX3yR6-Ig,development,2
21,3598,15238,GhXl_Q7sPCY,UCcg4tDKgPLIc_x3lhWdogLg,development,3
21,3599,15240,FE1NQ-Oy13s,UCO1V4cx38VioEk7rA_zNhYQ,development,1
21,3600,15241,1MOu9oZvekg,UCAH7R88V7gz7RqJv78nNOzg,development,3
21,3601,15244,UEfjOhzMvPk,UCckltLEhFLv8Xz_lQhYfwmg,development,1
21,3602,15258,PC6o5VDaUdI,UC3tvYy-s84yySG7V85jRDnA,development,4
21,3603,15262,I4sqwcZDmOc,UCCK3OZi788Ok44K97WAhLKQ,development,2
21,3604,15264,xQVpazbNS_k,UChoLplNa4k4Yao2jFreT50w,development,1
21,3605,15266,XjtV6NNuXyg,UCCK3OZi788Ok44K97WAhLKQ,development,2
21,3606,15269,1CkKnHROi5o,UCCK3OZi788Ok44K97WAhLKQ,development,2
21,3607,15271,cQK3kAi9kvw,UCQkPhQ-6NhA1v7Tpsp6EnKQ,development,2
21,3608,15273,SO-qse3CgZg,UCdotiSNtLlS4qwDto9CdURA,development,2
21,3609,15280,Lgj0JQ1uq-0,UC1hcl0aIr9KtXA-Kiq9itqw,test_reserved,
21,3610,15289,0ag2SSRYziM,UCckltLEhFLv8Xz_lQhYfwmg,development,1
21,3611,15295,xYe5IBtUd_Y,UCUYXSaH7gW9DGZHItFsvJ_A,development,4
21,3612,15298,C6CU1qFv4vA,UC55ZPAtA0eZWIJ2s8aEbqwQ,development,5
21,3613,15299,JI0KQSds004,UCoacybyOSucK1AFQCe_EwJg,development,2
21,3614,15303,Gjr898IidAs,UCcwCsuV7bOpTfqf2UvLfYmg,development,4
21,3615,15318,LIQTJ4iBKCQ,UCckltLEhFLv8Xz_lQhYfwmg,development,1
21,3616,15320,qMQCEPmv0-w,UCgnFSj7jQffD5V5m05j4dPw,development,5
21,3617,15321,k6hfrfFHzE8,UCcijXxFzSXgoM6q9cCtT9PA,test_reserved,
21,3618,15325,S3a_EG-_wdg,UCckltLEhFLv8Xz_lQhYfwmg,development,1
21,3619,15326,z-uhBbYQbrA,UCcspHoBTj_aLhnJLwkMpWHQ,development,5
21,3620,15329,Qslm6ij2dLI,UCkLQJFBnqzhJCAvqn99hRUg,development,2
21,3621,15330,7de_mj5E9kk,UC12Go-EQ4E8Rjcj3nzVlzIA,development,3
21,3622,15332,coULzn9SlJg,UCckltLEhFLv8Xz_lQhYfwmg,development,1
21,3623,15334,UfwshcjXbZQ,UC12Go-EQ4E8Rjcj3nzVlzIA,development,3
21,3624,15338,NGIB05IymCY,UCAKbFSucxr0iLZDDkEp3gGw,test_reserved,
21,3625,15341,pdwDDVE8C0o,UCBYHzLIry8B-rCsqd1okLKQ,development,1
21,3626,15342,aM-9NHpu4IU,UC0ZcZzDZe8x6-olaRR5-wYw,development,4
21,3627,15351,yJNFYxUtMec,UCPfU0uygBGutjaaJU5PpEvg,development,2
21,3628,15358,ZzqSgFakIEQ,UCLNz9bgiJfM3ImTtYDOt8Ew,test_reserved,
21,3629,15364,xFff6GipcOs,UCcg4tDKgPLIc_x3lhWdogLg,development,3
21,3630,15365,bJqNscdF-vc,UCnRmorY-xMkotuJSykIMPsg,development,1
21,3631,15368,4Qsxy1k4G5Y,UCdB6k3Q_dkVJ77cV9tVWzcQ,development,2
21,3632,15373,0Da8GEa8G8c,UCQTcNhAZidy1i9wwmdgf2Lw,development,4
21,3633,15375,bRnwNUC0gec,UCvpO2ovuYdqZWHP0uIOOi1Q,development,3
21,3634,15376,mo4DEKDSt-U,UC4UaWbUUwVvCxWNqhb4f16Q,development,4
21,3635,15378,lbMCjNrsot0,UCqShCHSDvCBKDN_GAsnLJmQ,development,4
21,3636,15383,hvh8gdKoDnA,UC1YGPDtctHGJWW0NrlQVklw,test_reserved,
21,3637,15386,IGOnhfHJgS4,UCkOBWuInZXAP0DT3iAT5hYw,development,2
21,3638,15389,ZR-tQ6ucRhM,UCAeBFsK2bmm5lkgy90uFiqw,development,4
21,3639,15393,jCiSZRaGCvI,UCcpu5rsbhRZrOQciyNw-trQ,development,5
21,3640,15398,m58VahoWtXU,UCTlLpPddpcW0ee6y4z9stKA,development,5
21,3641,15400,EdZGWJqkpf8,UCbR7juPwtP-bV_w0840ciYQ,development,4
21,3642,15401,Ak6NUPkxZsg,UC8MegDkaJsqK63fwbOjBLzw,development,2
21,3643,15402,eFQKLbBiS48,UC3FNLQ6B3ua_h3YX6mB7TJw,development,3
21,3644,15404,gBIMwJbcoTQ,UCbVw-Yr6A7L4hPi8W6zsQlw,development,3
21,3645,15417,kLZUJNG3wdw,UC1YGPDtctHGJWW0NrlQVklw,test_reserved,
21,3646,15430,a3oIn82xkPg,UCcijXxFzSXgoM6q9cCtT9PA,test_reserved,
21,3647,15432,ttFWr_wgcXQ,UCQTcNhAZidy1i9wwmdgf2Lw,development,4
21,3648,15436,e9aIY8sX4EQ,UCzdhdIwGTQNUTWVXdqyNCoQ,development,3
21,3649,15437,ykhVexon2J8,UCF1tNzAPwJ9ImgfuT-brCBw,development,4
21,3650,15438,fg43Vn74n0s,UC6IHfZ-Rez2LR0PH01YxL7w,development,3
21,3651,15444,dn5t84WB48I,UCk9jF1m8XqLTOcixWkGb0jg,development,5
21,3652,15445,Lsz0wwCu1Rc,UCcijXxFzSXgoM6q9cCtT9PA,test_reserved,
21,3653,15453,ZhyDtcNOUQo,UCn0XmAUFv6d2tofMFEesSNw,development,5
21,3654,15465,0tOUdSelCj4,UC2zxNWQM0kBCY5rXpeHaFQQ,development,4
21,3655,15470,ZMnZNjUqfW0,UCbS_glb2N1NVTrDLVryRbng,development,4
21,3656,15472,DhsbNYb7VzI,UC3-yva2_TiI1RD41nhZno8A,test_reserved,
21,3657,15478,1F6f4Z9ciS8,UCRDDfbYPHX_GUJ4lcQYTc8A,development,4
21,3658,15480,DvQQ6kpIuQo,UCAH7R88V7gz7RqJv78nNOzg,development,3
21,3659,15481,HuSZ5iOUZoA,UCPfU0uygBGutjaaJU5PpEvg,development,2
21,3660,15483,Su-QjQjpAbI,UC265AWt6bbPKJcmpQwhif2A,development,1
21,3661,15489,i2fYgdtZHqM,UCol1SzfebXhRo0ltxOJZ9cg,development,3
21,3662,15492,TdYaVlLEquc,UCMxeqmVKOqiqh7V_A3h4gfA,test_reserved,
21,3663,15494,8BeEMKh7UCM,UCAH7R88V7gz7RqJv78nNOzg,development,3
21,3664,15501,2AviCsJQvaM,UCol1SzfebXhRo0ltxOJZ9cg,development,3
21,3665,15511,aApLSd0ZyJA,UCcijXxFzSXgoM6q9cCtT9PA,test_reserved,
21,3666,15514,DNHPigzOpko,UCTlLpPddpcW0ee6y4z9stKA,development,5
21,3667,15515,WGdhXox8IYs,UC0-UFP1d6OeVtl2VXYSquIA,development,3
21,3668,15519,RtPcQPwyQuE,UCRDDfbYPHX_GUJ4lcQYTc8A,development,4
21,3669,15531,TsADK2DGRqk,UCOtYyt7W5PmPnwQjWWF_Z-Q,development,3
21,3670,15536,GlDXHPuSg6M,UCFLYUbc09-OG0VIKRFxMvlg,development,1
21,3671,15539,dZM5E2IBnwU,UCle34dvTBAMXQaCPX9kxuJw,development,1
21,3672,15540,UOqO55AmQgI,UCM3bQBUJ0PEbgfe9lAw_Y3Q,development,4
21,3673,15548,_6vhr6Kts_Q,UCp4rV_5KmCHG-_ub1r6B2Zg,development,5
21,3674,15555,ydX-oPBjFf4,UCN3Buj32nQOlbBjWmj1Eoqw,development,3
21,3675,15557,FRXLofT8Huw,UCckltLEhFLv8Xz_lQhYfwmg,development,1
21,3676,15559,szNCFeRj8ew,UCcijXxFzSXgoM6q9cCtT9PA,test_reserved,
21,3677,15564,05VWu-_rbOU,UCVXCitEEweQox0oyIsJONrQ,development,3
21,3678,15566,ZguUJtP2BXM,UC1YGPDtctHGJWW0NrlQVklw,test_reserved,
21,3679,15568,8PM9B2g3cwo,UCwsNWoSlQUyeWgbVQYZtLOA,development,3
21,3680,15573,p8_YPrAmuew,UCl8Yel7dn0_zNl2O6bUP2tQ,development,3
21,3681,15578,I7N9ZWi3lnE,UCrmzxiCDMV3hI56E9nYy-4A,development,4
21,3682,15579,ghDvH9J9rIM,UC-vTBToHrXuxkqSJ3OEqS0Q,test_reserved,
21,3683,15583,xlF_2GfvNjU,UCCK3OZi788Ok44K97WAhLKQ,development,2
21,3684,15585,ApFdtIHOpsI,UC0QrPhl7LB3tfSN3Fls2o0g,development,5
21,3685,15586,_xAXKa5JxCk,UCEuz_HGv5er0LZsztjO4g5Q,test_reserved,
21,3686,15587,z8sRRSri0Tc,UCCK3OZi788Ok44K97WAhLKQ,development,2
21,3687,15591,h5_hEkOGML0,UCKQw2OwROuqrhOuiqSttu6g,development,5
21,3688,15599,FRldB78WPxA,UCke4NBMcOwRbe9O1utY7b4g,test_reserved,
21,3689,15601,GzpzplF1c6c,UCCK3OZi788Ok44K97WAhLKQ,development,2
21,3690,15607,GTX00dPUGls,UClcIQJ6q-HsROoyWms8B8tg,development,2
21,3691,15609,4dW5Cvmcst8,UCcbOsE5_4LEjtQi8X2PFxDw,development,3
21,3692,15613,QZfWzac0PjI,UCCK3OZi788Ok44K97WAhLKQ,development,2
21,3693,15615,p_x83zBrOe0,UCOtYyt7W5PmPnwQjWWF_Z-Q,development,3
21,3694,15625,Q_me4oNFGRc,UCqrqt9Egbp4Voh3iEUUoorw,test_reserved,
21,3695,15629,G1tP0L8J0-k,UCKMHxntbjMQxwezTaVdDtFA,test_reserved,
21,3696,15632,xHKygcXeLnY,UCaIc6SgS90ud_RgMSC6hW_w,development,3
21,3697,15637,zRcj3E1mvRg,UCW_dWq1AfuNLqbZuoc6_Clg,test_reserved,
21,3698,15640,GpYefZcqtew,UCKkRSuLQBs2oErUCgivn8mw,development,4
21,3699,15657,dwBuCHlcl3k,UC0tV1b7IFEXFUUILF7mAcWw,development,2
21,3700,15663,9IxLRZXxPY0,UC22LfvKY_7Ibkt5I5wFqwfg,development,1
21,3701,15669,B3MHlCTlc0o,UCQkPhQ-6NhA1v7Tpsp6EnKQ,development,2
21,3702,15671,OiNVwelrV_s,UCm4JIrj62ryoKE2kUJfOIVA,development,2
21,3703,15674,JBLT2-1_8UI,UC2sO_F_Ky4LIAUtSJYXqBDA,test_reserved,
21,3704,15677,nV2k6-iMBPg,UCbS_glb2N1NVTrDLVryRbng,development,4
21,3705,15683,H9ZATthnPog,UCfTCfcZwZ9U0jMO-6fVEYoQ,development,5
21,3706,15684,lu74z2_CRGI,UCzyTz2So395JRTH79AlQS7Q,development,1
21,3707,15694,eWz9I_Oes2o,UCkagcQYGoYFuXsUg-ObSL6A,test_reserved,
21,3708,15697,-6XNoU3YpDU,UCoElcu6NTt-SxyARxAprpmQ,development,2
21,3709,15705,xyJtH-Z3YkY,UCXDs97xqSkkV9WSXMtYvCEw,development,4
21,3710,15718,wUfDliO8IiM,UCQTcNhAZidy1i9wwmdgf2Lw,development,4
21,3711,15725,OObw3cAdjYg,UC3cLeuBcLQ2vwEbVfdlfXyg,development,1
21,3712,15733,5ClypdX-VD4,UCcbOsE5_4LEjtQi8X2PFxDw,development,3
21,3713,15737,Cd_utQwj4X0,UChtQ7TCSKmvCIqonz1eto1w,development,2
21,3714,15743,886skDLNfXE,UCqrqt9Egbp4Voh3iEUUoorw,test_reserved,
21,3715,15744,SEx3moqd7mA,UCbR7juPwtP-bV_w0840ciYQ,development,4
21,3716,15746,IfnMGoC1rlM,UCqDMvUe1Zy9QzR-F6X7B5pw,development,3
21,3717,15754,_shuMmUY3Uc,UCl5xacxsAhltNGtiMktd_Sg,development,5
21,3718,15758,ag9nNateLtk,UCckltLEhFLv8Xz_lQhYfwmg,development,1
21,3719,15759,w2X0Dlm3Vbs,UCCK3OZi788Ok44K97WAhLKQ,development,2
21,3720,15762,ItxYkI5B-Ps,UCqDbs3rlemiBZmhkh9gXXHg,development,5
21,3721,15763,B2M6e14z_AU,UCOtYyt7W5PmPnwQjWWF_Z-Q,development,3
21,3722,15767,KkzVdijABG4,UCZ-RBSr_ZD-jWWDgZmFyZyw,development,1
21,3723,15769,J566sQWTGeE,UC9iEv8PqeHuC3ZVt0QqN-pQ,test_reserved,
21,3724,15774,Pgzhenski9c,UCgnFSj7jQffD5V5m05j4dPw,development,5
21,3725,15777,vzwjFFY1UY4,UCJkx-61Ysti3AzfwmdgtyKg,test_reserved,
21,3726,15782,Jky_fsI4DR4,UCqrqt9Egbp4Voh3iEUUoorw,test_reserved,
21,3727,15785,vfa-JpCY2jo,UCkM9Dn8ZcDf8U2566xTIjAg,test_reserved,
21,3728,15786,b9fXydU5fK4,UCCK3OZi788Ok44K97WAhLKQ,development,2
21,3729,15787,Iv9uxFZT1T8,UCkagcQYGoYFuXsUg-ObSL6A,test_reserved,
21,3730,15789,Xpx_Tc6UYfw,UCcg4tDKgPLIc_x3lhWdogLg,development,3
21,3731,15790,OJrINlFKa2A,UCpfrIJXRqOTx2kPVsUytO4Q,development,5
21,3732,15796,xVA-dEDQHQ8,UCPdASwipemqGhpK-B-a12Ow,development,4
21,3733,15803,vWKZhokOOg0,UCd6LnMF8BMnKY4Anwovreug,development,5
21,3734,15804,pi3rfLoP53U,UCgnFSj7jQffD5V5m05j4dPw,development,5
21,3735,15805,ITehKybuHL8,UCcijXxFzSXgoM6q9cCtT9PA,test_reserved,
21,3736,15819,GoVyqSvoCyI,UCckltLEhFLv8Xz_lQhYfwmg,development,1
21,3737,15822,tzNm523bWlM,UC0tV1b7IFEXFUUILF7mAcWw,development,2
21,3738,15825,d53twWmFMZE,UCDLJ56xJBl8heeTFRRpK9xQ,test_reserved,
21,3739,15827,Rr1vbdPaR4g,UCf2Iar2LDcFaSCnVH1ZMUkA,development,3
21,3740,15831,iQlpVHwmNas,UCh9qXeL8eP3Txra2908xksg,test_reserved,
21,3741,15832,X1JxlWBiS0A,UCaIc6SgS90ud_RgMSC6hW_w,development,3
21,3742,15836,kDV9qeD1vco,UCnT7Z6-yqjhM__jZbK_B3kw,development,4
21,3743,15840,L0l5IP0oTok,UCbS_glb2N1NVTrDLVryRbng,development,4
21,3744,15843,4qFTfCy-TPw,UCm8I2aLYgPm_gdzw4SSkiGg,development,3
21,3745,15851,VA9nDhueGYo,UCcbOsE5_4LEjtQi8X2PFxDw,development,3
21,3746,15855,h0324HIkKC0,UCNEf722QEvvmyGaT0HsKxRQ,development,4
21,3747,15856,ErutqR5Cmss,UCYweMykEAI5aaRztqrJuuAg,development,5
21,3748,15857,WUa0NDIrHdc,UC5-n2dfksESEt3ATmM6Uujw,development,4
21,3749,15859,aifKvO5n7CU,UC1YGPDtctHGJWW0NrlQVklw,test_reserved,
21,3750,15861,hkbqutJnre0,UCSvq6flKvb-vwtaU5hfnQjA,development,5
21,3751,15867,yUmA-ex5IBU,UCAH7R88V7gz7RqJv78nNOzg,development,3
21,3752,15880,SSlgduEULNM,UCCK3OZi788Ok44K97WAhLKQ,development,2
21,3753,15885,yJJmjIyXI54,UCOtYyt7W5PmPnwQjWWF_Z-Q,development,3
21,3754,15886,EIZT1_SPAuI,UCAgBGlUKoAQFXMUzshrWDgg,development,5
21,3755,15895,Dt2IsZHdDb4,UCQxYcvX5hnGJvuTFzKng-Vg,test_reserved,
21,3756,15898,h9H2xf9naSg,UCZXcD8T3zClfNAlDwHCdg6w,development,1
21,3757,15900,PyGuqoULG1A,UCMkW7S3IszN1L9u1bLw23rQ,development,2
21,3758,15904,SHDKebughRs,UCckltLEhFLv8Xz_lQhYfwmg,development,1
21,3759,15911,UkW7sJeedrE,UCIoyIVPZEfC2p0dQwAxGiEw,development,5
21,3760,15912,phe74ViyW2o,UC0xD4bzto2wp16mXMdHgBVg,development,4
21,3761,15914,KVj6TnenWMw,UCckltLEhFLv8Xz_lQhYfwmg,development,1
21,3762,15917,yodkI-dCx24,UCPXSUKHTNc1_hnHuj-UiQWQ,test_reserved,
21,3763,15924,-zAhCFLjG9E,UC0ZcZzDZe8x6-olaRR5-wYw,development,4
21,3764,15927,l0iQXEHQFpw,UCMaZtErMSOUyfCaiGgPlouA,development,1
21,3765,15932,O3Wb7l8m07g,UCm4JIrj62ryoKE2kUJfOIVA,development,2
21,3766,15935,6_O0xAqfrpI,UCc30sTBdN9LRSxEuHaXV_bQ,test_reserved,
21,3767,15943,WNfqKIOWMp0,UCT83ymyAGm7Gnk_4ifxjxIA,development,4
21,3768,15954,mj5WdLp_2g8,UCM3bQBUJ0PEbgfe9lAw_Y3Q,development,4
21,3769,15958,CjsO_-14w10,UCAH7R88V7gz7RqJv78nNOzg,development,3
21,3770,15959,Jx0VGrI8I6E,UCckltLEhFLv8Xz_lQhYfwmg,development,1
21,3771,15960,0ecOSM8Z6Zs,UCckltLEhFLv8Xz_lQhYfwmg,development,1
21,3772,15963,4wtFdOeQpn0,UCckltLEhFLv8Xz_lQhYfwmg,development,1
21,3773,15965,QfmqR_QEJso,UCoZJaxWPeeGKZ6ShK5EsIkA,development,1
21,3774,15971,ZUOx711t6z4,UCGnnbsbqbCc7KxSIAbC_d2A,test_reserved,
21,3775,15973,w-51mhDHG-Q,UCPF69AP3W-ngo3QLFWKqx8w,development,2
21,3776,15977,GwuAFexcEU8,UCcijXxFzSXgoM6q9cCtT9PA,test_reserved,
21,3777,15981,EUszfLhUT1c,UC2-G0rYWhRDRck575AitgHw,test_reserved,
21,3778,15982,pqbpJGCB0aM,UCol1SzfebXhRo0ltxOJZ9cg,development,3
21,3779,15983,f5jJHm88xQg,UCFGhJsc1ddSN8819LsMa90w,development,5
21,3780,15992,e6i2Dfjsiao,UC265AWt6bbPKJcmpQwhif2A,development,1
21,3781,15994,D5wxz4rIpJw,UCCK3OZi788Ok44K97WAhLKQ,development,2
21,3782,15995,D5QBHXRDgZc,UClSIhhnuyF8fXtBTpOOTknA,development,2
21,3783,15996,O_RvlFCqoBQ,UCOtYyt7W5PmPnwQjWWF_Z-Q,development,3
21,3784,16002,yr2BgKNV2kY,UCA5xW2Ce7KT2AtxzDYDebCA,development,5
21,3785,16003,QAh3rfHVbgE,UCtClA8ZJg4YUfO_y9opALZQ,development,5
21,3786,16010,Z3u2dby997o,UCq5SmrhSWmp89RR1JpO2z8Q,development,4
21,3787,16033,BTTOcYH3pqs,UCbR7juPwtP-bV_w0840ciYQ,development,4
21,3788,16036,srNT-V1AWp8,UCCK3OZi788Ok44K97WAhLKQ,development,2
21,3789,16040,xjGiCMEwYTE,UCcbOsE5_4LEjtQi8X2PFxDw,development,3
21,3790,16041,v4bnxna8ePY,UCMKVkE8hcrq8XVr_GftJ_sg,development,3
21,3791,16042,K5GAEa3g6tg,UCCbm1E52PV05ZLv6dtRB92Q,development,5
21,3792,16048,VObe0h28Ttc,UCm8I2aLYgPm_gdzw4SSkiGg,development,3
21,3793,16057,D1Pu6zlPR-Q,UCCK3OZi788Ok44K97WAhLKQ,development,2
21,3794,16060,-3TRlU7ACM4,UC2RlY2LHoGOoaU8qRI9sZ9g,development,1
21,3795,16061,otJlRlaJLzs,UCOtYyt7W5PmPnwQjWWF_Z-Q,development,3
21,3796,16066,LUgF5Hst2yQ,UCXDs97xqSkkV9WSXMtYvCEw,development,4
21,3797,16078,TngXGxN2HYM,UCfGkuimLRsrJLW0gjQ8eIGg,development,2
21,3798,16079,M1wbYiSA2_Y,UCVBEe2FrVmZMGbcPX7mNxJw,development,3
21,3799,16080,4eqWMXDnO80,UC5-n2dfksESEt3ATmM6Uujw,development,4
21,3800,16082,0YmUmztMWIU,UCx7lEnwLHxO9yPjOotGb-bA,development,3
21,3801,16083,dZYGEHVfHAU,UCQTcNhAZidy1i9wwmdgf2Lw,development,4
21,3802,16084,vRMIADoXBWg,UC8lKgUHo-2mSR5cRRXO9xow,development,3
21,3803,16085,Y7ukUlWU4vI,UCY3VaZhAZP7B-1ypCnlrTXg,development,3
21,3804,16089,rvkU_xASAl4,UC2vkiMjVj6b_1hq0q3J5pyQ,development,2
21,3805,16093,E4ITsZHHYjU,UCckltLEhFLv8Xz_lQhYfwmg,development,1
21,3806,16096,2o9Nf7ZyDIY,UCRDDfbYPHX_GUJ4lcQYTc8A,development,4
21,3807,16098,w37IJFc45wA,UCPXSUKHTNc1_hnHuj-UiQWQ,test_reserved,
21,3808,16108,fCnrDNM8cXU,UCFgohgQndyMumqIwZ3mrJsg,development,3
21,3809,16122,eJ5WQFRiD44,UCrhfPfnrGA6aLHO6qxvM7_Q,development,3
21,3810,16124,DKeEMyLQ5ks,UCW_dWq1AfuNLqbZuoc6_Clg,test_reserved,
21,3811,16133,vsog6s_ctTc,UCbj5TVwioQCK3qtYYEzD3kA,development,5
21,3812,16135,jku4eWSdv10,UC4N96R0hZhwEzNHw53_UGlA,development,4
21,3813,16139,ETohc7gpDhs,UCckltLEhFLv8Xz_lQhYfwmg,development,1
21,3814,16140,Mi7hyUweC2s,UC_d3UQ1v8KP1JNFOBmV63xA,development,2
21,3815,16141,ppbJ_Fvlaco,UCYweMykEAI5aaRztqrJuuAg,development,5
21,3816,16144,-fyxB0FJWI8,UCCK3OZi788Ok44K97WAhLKQ,development,2
21,3817,16145,y7IPnlnFNcA,UC4VkNi2RZSJyqXsFaJYfsPg,development,4
21,3818,16149,t4i41VKrwQc,UCtZO2c3i1PrtwyeaxaIYHKA,development,4
21,3819,16151,jgfmS3j-nRg,UCiWDsyu4bBPB6_u8hgRaKvA,development,1
21,3820,16156,4-iba6PyQgw,UCiAYv_QAosB-49bJbu3NM3A,test_reserved,
21,3821,16162,z3nfTQUTxko,UCckltLEhFLv8Xz_lQhYfwmg,development,1
21,3822,16164,UV5tNlWaXX4,UCbS_glb2N1NVTrDLVryRbng,development,4
21,3823,16167,VHfWGdCJOHI,UCpErRATj-Z4ux1lAtBhdfbg,development,5
21,3824,16169,XI3APtccax0,UC-dHEjWS4CibzGtijQC6cOg,development,5
21,3825,16171,QDTDyIxEH8Q,UCckltLEhFLv8Xz_lQhYfwmg,development,1
21,3826,16174,Ll-cmZidz0w,UC8byti_nmRGuF52xaPb2QIA,development,3
21,3827,16179,O00tTGlC1BM,UCu-3suV6l3eSFmgWE4EDYig,development,2
21,3828,16183,Uxz2Edw30qY,UCCK3OZi788Ok44K97WAhLKQ,development,2
21,3829,16185,8sQW26vNYXs,UCm8I2aLYgPm_gdzw4SSkiGg,development,3
21,3830,16187,M4N-OXDfPUA,UCYu4WywARv9NAIuV-kF8Fmg,development,2
21,3831,16192,PeisRtmG7Cc,UCckltLEhFLv8Xz_lQhYfwmg,development,1
21,3832,16193,TDzK_4xa65I,UCT83ymyAGm7Gnk_4ifxjxIA,development,4
21,3833,16195,4QPxHu54NjU,UCtbtihatpVC4YkcNvP6v4Vg,development,3
21,3834,16203,edTUSfnCFA4,UCGlI1v_t-7O1vxbAxg1qVEQ,development,2
21,3835,16204,0QPCUd0dXZ4,UCkagcQYGoYFuXsUg-ObSL6A,test_reserved,
21,3836,16205,z9vb7_ITrgc,UClNX00LvziLlfJ_trtu8llQ,development,1
21,3837,16219,BPnhUOPWXWA,UCYweMykEAI5aaRztqrJuuAg,development,5
21,3838,16224,bXKF-gGD_N8,UCMxeqmVKOqiqh7V_A3h4gfA,test_reserved,
21,3839,16230,x-UrHHCT9gA,UCP4Z7-uWZYIQBclex8M086A,development,3
21,3840,16231,3FyRkNL2wHk,UCcrsFwwoMvcXYpJ0XldIlVQ,development,3
21,3841,16234,z5M-RX-twco,UCcijXxFzSXgoM6q9cCtT9PA,test_reserved,
21,3842,16241,lcgvEz4udSc,UCGSDCIUEvUtO5wzIFtc4AgQ,development,2
21,3843,16245,KqphrnC5G1Y,UCcijXxFzSXgoM6q9cCtT9PA,test_reserved,
21,3844,16250,t95wqHzT-QY,UC1YGPDtctHGJWW0NrlQVklw,test_reserved,
21,3845,16252,6g5wzMXpDIU,UCckltLEhFLv8Xz_lQhYfwmg,development,1
21,3846,16253,HI0kOnizMOs,UCcijXxFzSXgoM6q9cCtT9PA,test_reserved,
21,3847,16258,rVPBVH-Bus4,UCwWDpOw_z1LfBD1wKerDCsA,development,4
21,3848,16259,_Z9mmodScos,UC0ZcZzDZe8x6-olaRR5-wYw,development,4
21,3849,16264,T8mWjxg7C7U,UCgnFSj7jQffD5V5m05j4dPw,development,5
21,3850,16270,zsMxWKDaQRU,UC3asBjakSJquSeu2yt25lBw,development,5
21,3851,16279,UOwIoFGg0Yc,UCMk3TZ_MvwlPbSYp_1FScrw,development,3
21,3852,16283,vrxX0aUooU0,UCrHp7_wVE4B6jcUNMwBXZRw,development,1
21,3853,16288,TJ1WHyujUtg,UC0uW127NmbWG0g-BnTltSHw,test_reserved,
21,3854,16291,PJZ23Am5nzU,UCvLsvfgY-hbGDtOi2udm4Gg,development,2
21,3855,16309,tRmspFAGPyU,UCQkPhQ-6NhA1v7Tpsp6EnKQ,development,2
21,3856,16312,F00XWZXVbAc,UCVd1jcy6wKFzfQ5E-Txtg-w,development,4
21,3857,16316,37VXc-5laR4,UClKD6E6fDdor11ySgDxrjIQ,development,4
21,3858,16320,jLAxJLCDQ5s,UCiP6DUi_wjUMfc4bo0yIusQ,development,1
21,3859,16323,gFcvzRumecM,UCT83ymyAGm7Gnk_4ifxjxIA,development,4
21,3860,16327,PVOXzy9OIq4,UC5-n2dfksESEt3ATmM6Uujw,development,4
21,3861,16328,wJnnKApQXEk,UCXSus5Zss-0FP1quj0Mpndw,development,3
21,3862,16329,tNWLieHwhfg,UCn6YTM3fvYdwCOHpdNJBOeg,development,4
21,3863,16331,9gfRaRCmBmY,UCckltLEhFLv8Xz_lQhYfwmg,development,1
21,3864,16338,CW1bAI3G90Q,UCn0XmAUFv6d2tofMFEesSNw,development,5
21,3865,16339,phuFCciTo8w,UCUzsesaP5G628WVuqEckF8w,development,1
21,3866,16340,9wCb5xv-aAU,UCckltLEhFLv8Xz_lQhYfwmg,development,1
21,3867,16342,CtZwbO7B3u8,UCQTcNhAZidy1i9wwmdgf2Lw,development,4
21,3868,16346,1oTioN8k_Vk,UCcijXxFzSXgoM6q9cCtT9PA,test_reserved,
21,3869,16351,xJY1GWLCHmU,UCCK3OZi788Ok44K97WAhLKQ,development,2
21,3870,16353,27sBGUq2668,UCV9cn7kAjTi6nMKVKIuwoDw,development,5
21,3871,16356,d6i2DURUKUQ,UCKROiSW5K8o4GiJuK6Cp_hA,test_reserved,
21,3872,16359,QJeAea4e-0A,UCjKSK3d5r0O78WGnMouSvDw,development,4
21,3873,16363,SEpmMkMV7SE,UC0QrPhl7LB3tfSN3Fls2o0g,development,5
21,3874,16366,D1qkt5X5S60,UCOgsOVUELkkv_irhET9kK_Q,development,1
21,3875,16372,QlAtvrIFlAs,UCfQfw--8dPGypR7sGcXJz0w,development,4
21,3876,16374,9T1vgZb4NIw,UCyatESKDOtYoUqC3zXhREzw,test_reserved,
21,3877,16375,SVtNvJgiBOg,UC9y7Wh-inBLM44vBwc9MGJg,test_reserved,
21,3878,16377,kXYhpx2juuE,UCZfQAl56Y6qStW8DECs2hGw,development,4
21,3879,16380,UBgVj_F7BPM,UCCK3OZi788Ok44K97WAhLKQ,development,2
21,3880,16383,MYDjF5eapIM,UCNJtTSS_YJoKcDVmGdtXddg,test_reserved,
21,3881,16386,JfDH3e099UU,UCXm0FsS7PXy0w5HeOkYMi7Q,development,5
21,3882,16394,TivHlLcgfZ8,UCgnFSj7jQffD5V5m05j4dPw,development,5
21,3883,16399,qp0x66c4UOY,UCBsrUim15y-s6PfMISCR38A,development,2
21,3884,16401,6595-0CQ0IY,UCaESx7Bdghv_UICcG1hBkcg,development,5
21,3885,16409,6-2y_1bCj7U,UCbR7juPwtP-bV_w0840ciYQ,development,4
21,3886,16416,n33gEy3rXgo,UCgdbMwr1jX4DVkoDXHScjhw,development,5
21,3887,16417,rDuyShL6Rk8,UCckltLEhFLv8Xz_lQhYfwmg,development,1
21,3888,16418,4eRRgM-fWik,UCckltLEhFLv8Xz_lQhYfwmg,development,1
21,3889,16434,OvRovqlNBEE,UCVjyzr_EOtJLtLF_3VKfrWQ,development,4
21,3890,16436,4Zw_U4ayfwE,UC5-n2dfksESEt3ATmM6Uujw,development,4
21,3891,16438,n9Pjf2QgKzQ,UCCK3OZi788Ok44K97WAhLKQ,development,2
21,3892,16441,yufYQu8vGPQ,UCcspHoBTj_aLhnJLwkMpWHQ,development,5
21,3893,16442,eUOZ7Z1bE3M,UCbR7juPwtP-bV_w0840ciYQ,development,4
21,3894,16445,9LJADrlm_P8,UCOtYyt7W5PmPnwQjWWF_Z-Q,development,3
21,3895,16446,FDjhQBLK42g,UCNPswKyohe5t4ovcYvvVwPA,development,4
21,3896,16461,M2BJzFeHax8,UCPXSUKHTNc1_hnHuj-UiQWQ,test_reserved,
21,3897,16462,MXkKCweERF4,UC8qBNfgWRK_WYYGSmmrfgPA,test_reserved,
21,3898,16464,KeZE0tV73QI,UCckltLEhFLv8Xz_lQhYfwmg,development,1
21,3899,16465,zD-zs5izmJI,UCMayHG7j39d11Gh36vV7GnQ,development,5
21,3900,16468,kwzkmAHBm9c,UCcijXxFzSXgoM6q9cCtT9PA,test_reserved,
21,3901,16469,c6fTIampDsM,UCPXSUKHTNc1_hnHuj-UiQWQ,test_reserved,
21,3902,16471,dLt6T6uFGFg,UC4Pb9SEsCb1EpsXVYAVVajw,development,2
21,3903,16473,9mUgcwp1sao,UCrHp7_wVE4B6jcUNMwBXZRw,development,1
21,3904,16477,Weroxnt20s0,UCQTcNhAZidy1i9wwmdgf2Lw,development,4
21,3905,16479,K3G4XgIjDdE,UCCK3OZi788Ok44K97WAhLKQ,development,2
21,3906,16484,DdSB1V470ek,UCOtYyt7W5PmPnwQjWWF_Z-Q,development,3
21,3907,16488,Gw1wTk6GaYI,UCA5xW2Ce7KT2AtxzDYDebCA,development,5
21,3908,16493,wONyY3Ts5IQ,UCQTcNhAZidy1i9wwmdgf2Lw,development,4
21,3909,16494,BCItFJ_0lu0,UCAH7R88V7gz7RqJv78nNOzg,development,3
21,3910,16498,Th4T_9U6XEw,UCCK3OZi788Ok44K97WAhLKQ,development,2
21,3911,16506,7yV0dSknWiU,UCoUtpHt61tmeSpaznNoqr3g,development,5
21,3912,16512,4YIEAmDDrU8,UCM3bQBUJ0PEbgfe9lAw_Y3Q,development,4
21,3913,16522,nBX863Bxmug,UC89YQ2AyazB4SUDQuiIBCXA,development,4
21,3914,16526,CHHd5Vj-0ok,UCOtYyt7W5PmPnwQjWWF_Z-Q,development,3
21,3915,16528,GWzLGq5sWWo,UCbS_glb2N1NVTrDLVryRbng,development,4
21,3916,16529,1-6x2dED0mY,UCCK3OZi788Ok44K97WAhLKQ,development,2
21,3917,16531,47HK98xLac8,UC5mNdm6_f2fv50Hzsg7qW1g,development,2
21,3918,16532,_G6SHjkR9WQ,UC8ADWM4kdxtzzoDH3JI5hSg,test_reserved,
21,3919,16541,Cs9f_e898c8,UC8lKgUHo-2mSR5cRRXO9xow,development,3
21,3920,16546,0Lm0ebbggCM,UCaESx7Bdghv_UICcG1hBkcg,development,5
21,3921,16551,RjrkBPTn1s4,UCMKVkE8hcrq8XVr_GftJ_sg,development,3
21,3922,16553,LlD3iQer278,UCA5xW2Ce7KT2AtxzDYDebCA,development,5
21,3923,16554,WMIFmMmV8ZE,UCdotiSNtLlS4qwDto9CdURA,development,2
21,3924,16559,XA3DZTb5Ng4,UCoUtpHt61tmeSpaznNoqr3g,development,5
21,3925,16562,rn8eMN9o0GQ,UC7di5zivMKpYOmhyhZ2nVvg,test_reserved,
21,3926,16566,eJIR8TS3gV0,UCOtYyt7W5PmPnwQjWWF_Z-Q,development,3
21,3927,16569,sln9V5wWYy0,UCieUj92znWxr02AWNviTElQ,test_reserved,
21,3928,16570,bNvuJoc2NQI,UC151dtdh5iXFd-0IRkt7DDg,development,4
21,3929,16578,LQwrItsVNmQ,UCFuP4DmMM9LZOMoa86vsZig,test_reserved,
21,3930,16585,Bd_FViRTErg,UCCK3OZi788Ok44K97WAhLKQ,development,2
21,3931,16586,mK6ElvnuaZQ,UCgnFSj7jQffD5V5m05j4dPw,development,5
21,3932,16587,PEGgjBvXXvU,UCckltLEhFLv8Xz_lQhYfwmg,development,1
21,3933,16592,VQL31TbfdQ0,UCuRYDffIL9wpNlCdmLg4Hlw,development,3
21,3934,16602,jJEOB_x9gx0,UC69csWmeK-LePWo8JJ9BoqQ,development,3
21,3935,16605,9CyGRV-6MU8,UCz5VldG-q50ldO8dU7qio4g,development,5
21,3936,16609,nHlEoyclD7M,UCDqFysWGVtduHRyawK8oJkw,development,1
21,3937,16623,ci4IbO8E4Jo,UCOPqjdQOIF6faslRMEruJmA,development,5
21,3938,16628,A_8tyG-IIEA,UCaESx7Bdghv_UICcG1hBkcg,development,5
21,3939,16633,FTTKRsicK9E,UCYB7HJ5mt61PSDByUrF3IJg,development,2
21,3940,16639,cvkPp4x2qNA,UClNX00LvziLlfJ_trtu8llQ,development,1
21,3941,16640,Wfh7YIt-Mhw,UCOtYyt7W5PmPnwQjWWF_Z-Q,development,3
21,3942,16641,G78kkzJdu-0,UC6kLehpqRT0Wm8eBMMSbH2Q,test_reserved,
21,3943,16645,jzIFRNWRR4M,UCZWXOdFyxE0frP_uXHN_BJw,test_reserved,
21,3944,16651,Tn1BIsw86OE,UCcijXxFzSXgoM6q9cCtT9PA,test_reserved,
21,3945,16660,nVxSEUk_36k,UCD2X28mF5ZqSA2gncomAtAA,development,4
21,3946,16664,1-xzBfDBV_I,UCkagcQYGoYFuXsUg-ObSL6A,test_reserved,
21,3947,16665,hh7lYuoheso,UCCK3OZi788Ok44K97WAhLKQ,development,2
21,3948,16667,KZ60a0H5mUg,UCbS_glb2N1NVTrDLVryRbng,development,4
21,3949,16671,IdZrkdXhDec,UCQTcNhAZidy1i9wwmdgf2Lw,development,4
21,3950,16672,x3H3CG7OyHA,UCQTcNhAZidy1i9wwmdgf2Lw,development,4
21,3951,16673,Woaz81vn5mg,UCkOBWuInZXAP0DT3iAT5hYw,development,2
21,3952,16674,y4vxgz0d0pI,UCcwCsuV7bOpTfqf2UvLfYmg,development,4
21,3953,16675,IoO0fVANRoo,UCuW9OiaVwvoOraW1Jcc3_uA,development,2
21,3954,16680,iLjVGJlO8-0,UCRUyTXpT4JzSSaUyjfclOKA,development,1
21,3955,16684,l2C3Is-fnhM,UCB-bp711WZ_Byu1zwfmxJDg,development,3
21,3956,16685,6fMuF3x7lwA,UCenKxrud5MMWf6GCANWZ7tA,development,1
21,3957,16694,OX0Yt16QTis,UCxPYVvthidICJb75llNXktg,development,1
21,3958,16697,uYArvpDPbXg,UCT83ymyAGm7Gnk_4ifxjxIA,development,4
21,3959,16700,7dYpx00nFG4,UCjm7vbOwssao7Bhm9wX3-bw,development,5
21,3960,16704,_8TRhvBrRug,UCCK3OZi788Ok44K97WAhLKQ,development,2
21,3961,16707,4T8RlmmSr68,UCUh8FFbl1BfRmzL9t4Fkykw,development,4
21,3962,16711,AdJB8m1EWWM,UCckltLEhFLv8Xz_lQhYfwmg,development,1
21,3963,16715,CDyjIevArN4,UCOtYyt7W5PmPnwQjWWF_Z-Q,development,3
21,3964,16722,WuVvbRzgeRw,UCQTcNhAZidy1i9wwmdgf2Lw,development,4
21,3965,16724,Yb2B8LYh2MM,UC95VofaZiQPFwRMaqPhLc0w,test_reserved,
21,3966,16737,eURIuzpk0o0,UCcg4tDKgPLIc_x3lhWdogLg,development,3
21,3967,16741,anmcLUS4Z_g,UClCjoJ0fs2RqaRTjukU1jQA,development,5
21,3968,16744,N1QFkPfDho0,UCzNxbzqN0to4GNb9otFuGJQ,development,4
21,3969,16751,LIwvPgZKmVA,UCaESx7Bdghv_UICcG1hBkcg,development,5
21,3970,16758,c6CKYbepg_U,UCCK3OZi788Ok44K97WAhLKQ,development,2
21,3971,16763,z82fMzij974,UCLD_EGJOhzPx4qu1OhOfeJg,development,3
21,3972,16768,RCKTK6W6q3g,UCRDDfbYPHX_GUJ4lcQYTc8A,development,4
21,3973,16775,6asl2d85di4,UCa0Dx86qHZ2UQCf7IMiHC6w,development,2
21,3974,16783,pYs-XTUCCKM,UCXFiIVHYqQmgpmIi7KChMkQ,development,2
21,3975,16786,Wjwg4nhbkUo,UCZpPfCxvP6T9rCkDX3tQfOw,test_reserved,
21,3976,16788,AO1H4AGvP00,UCaxBlBmzR1DJYmTaPax2gPQ,test_reserved,
21,3977,16791,beeYSw2oAyU,UCKQw2OwROuqrhOuiqSttu6g,development,5
21,3978,16801,e75e4wEoYp8,UCc30sTBdN9LRSxEuHaXV_bQ,test_reserved,
21,3979,16802,ZTaebCnbf1A,UClSIhhnuyF8fXtBTpOOTknA,development,2
21,3980,16813,m3DZmRX1dcs,UC6kLehpqRT0Wm8eBMMSbH2Q,test_reserved,
21,3981,16814,ewEDuAe7hfE,UCbR7juPwtP-bV_w0840ciYQ,development,4
21,3982,16816,Ftly9QajRq0,UCkagcQYGoYFuXsUg-ObSL6A,test_reserved,
21,3983,16818,UDxowYALsgk,UCmqflTSJ6911aCrnaWIXxsA,development,2
21,3984,16825,tjOSpNbs0yk,UC1YGPDtctHGJWW0NrlQVklw,test_reserved,
21,3985,16838,s8FoKLHaAls,UCbR7juPwtP-bV_w0840ciYQ,development,4
21,3986,16840,cLwcd7NEqWg,UCCK3OZi788Ok44K97WAhLKQ,development,2
21,3987,16841,bsy_Q38dTts,UClKD6E6fDdor11ySgDxrjIQ,development,4
21,3988,16852,ni-ttHS89I8,UCnkon33rksDXo3qChhTs5Vw,development,4
21,3989,16857,jx0ugOL9A7o,UCdgWTRipbTuQsIiiPb6fB-A,development,4
21,3990,16858,_11HFbehQ1c,UCQTcNhAZidy1i9wwmdgf2Lw,development,4
21,3991,16859,hQRzz7gtDWw,UCMayHG7j39d11Gh36vV7GnQ,development,5
21,3992,16862,Tg8OiCTDUYI,UCs7S1q9lLPbNFfKxj_2cLpA,development,4
21,3993,16867,DtnV0vFPSII,UCbS_glb2N1NVTrDLVryRbng,development,4
21,3994,16868,IckkDHDWfYA,UCUBN8f1H_gd7aulxB-Ik4tA,development,1
21,3995,16869,CnV4gKTRLrg,UCoZJaxWPeeGKZ6ShK5EsIkA,development,1
21,3996,16873,gre4D2ulHvg,UCTlLpPddpcW0ee6y4z9stKA,development,5
21,3997,16874,aPA3alFAmA8,UCvC0uMBUgREW9u8JZ_ZnLSg,development,1
21,3998,16877,rSwncC-rTY0,UCIKg0Ev6Vq2M7hU7bL_jHFQ,development,4
21,3999,16881,ucejihcry30,UCgnFSj7jQffD5V5m05j4dPw,development,5
21,4000,16882,Y7UeBJIESP8,UC7XC7hODhgmVGY8QnNS76tQ,development,1
21,4001,16886,jvZqXZaGgHI,UCCK3OZi788Ok44K97WAhLKQ,development,2
21,4002,16887,IOhLPXzTD7c,UCckltLEhFLv8Xz_lQhYfwmg,development,1
21,4003,16891,2LZLIUkSDjk,UCkNlyDd1Khxu8TaKAayoa4w,test_reserved,
21,4004,16898,qds70E3LzAs,UCix7C1KG_SPtiMXommMExNg,development,4
21,4005,16909,FSrV4X3DT38,UCwhdGDxSy0PPmGodAPd-pOA,development,5
21,4006,16911,zO78q23nsW8,UCo8JIWuSTZ0xG0vGJwKwsGA,development,5
21,4007,16914,M5NVLVbm7kU,UCckltLEhFLv8Xz_lQhYfwmg,development,1
21,4008,16929,1tK8oNYRXCs,UCiP6DUi_wjUMfc4bo0yIusQ,development,1
21,4009,16931,C4A1pkiavl8,UCckltLEhFLv8Xz_lQhYfwmg,development,1
21,4010,16933,v1RA7_qVPhE,UCOyT2Tvn5pE6VW4h23mCbhg,development,1
21,4011,16935,hsv-SuqI0Eg,UCgnFSj7jQffD5V5m05j4dPw,development,5
21,4012,16936,994u-4JM500,UC7mhtAaF1ESJgCozpoS2lcQ,development,2
21,4013,16948,nqqKjZ9ZwTw,UCQTcNhAZidy1i9wwmdgf2Lw,development,4
21,4014,16949,Ed18OyIKEw0,UCqrqt9Egbp4Voh3iEUUoorw,test_reserved,
21,4015,16951,c_hbRGa3S8k,UCx2bxQGDuQgYPJPYFmIthnA,development,4
21,4016,16954,VmuAWAXUUTA,UCPXSUKHTNc1_hnHuj-UiQWQ,test_reserved,
21,4017,16955,2ECV0LyXDIg,UCYweMykEAI5aaRztqrJuuAg,development,5
21,4018,16960,fCFMWX3cLVQ,UCoE6G13zYV3X5klMONxrQwQ,test_reserved,
21,4019,16973,-L63ESWNErg,UC0ZcZzDZe8x6-olaRR5-wYw,development,4
21,4020,16976,Vwen0LTk03Q,UCF11-Puqxb0jdeWNc7F_Fcw,development,1
21,4021,16982,GfDayrwdyM8,UCbVw-Yr6A7L4hPi8W6zsQlw,development,3
21,4022,16993,SFMrIUc72_Y,UCAH7R88V7gz7RqJv78nNOzg,development,3
21,4023,16995,jXkhj5zg9z8,UCmM4xWoq5UiSSYKeZGlFFNw,development,1
21,4024,16996,c9NdyqPx39E,UCwKYO2L9xzLtWhSv4ncYCIA,development,1
21,4025,16997,Rq1WVRB2lH4,UCPXSUKHTNc1_hnHuj-UiQWQ,test_reserved,
21,4026,17012,d1PKBcGT_m4,UCbS_glb2N1NVTrDLVryRbng,development,4
21,4027,17015,A7T8B10B5tc,UCCK3OZi788Ok44K97WAhLKQ,development,2
21,4028,17019,8FCA6oSn4-E,UCI9B6cvPkauAUvfV2CvKMMQ,test_reserved,
21,4029,17024,uB8k53eBc0s,UC1YGPDtctHGJWW0NrlQVklw,test_reserved,
21,4030,17030,RoksY5zJZyE,UCaESx7Bdghv_UICcG1hBkcg,development,5
21,4031,17032,tP5EBqyTMQ4,UCEieBVk2twUCVeoDDTeXo9Q,development,5
21,4032,17035,rTi5axTWk9A,UCvMYO1Ywh_KVLYb67ruTQBQ,development,5
21,4033,17041,FGJTHlc0z5I,UCZpPfCxvP6T9rCkDX3tQfOw,test_reserved,
21,4034,17044,MhF2OH2Nu9c,UCgnFSj7jQffD5V5m05j4dPw,development,5
21,4035,17046,teQmxph1yxw,UCCK3OZi788Ok44K97WAhLKQ,development,2
21,4036,17048,XcHUygsyUyg,UCAgBGlUKoAQFXMUzshrWDgg,development,5
21,4037,17049,bzYL1856WTc,UCTlLpPddpcW0ee6y4z9stKA,development,5
21,4038,17050,1q98gYpWUd0,UCjYAhUnrkBujtKI3j3LM2uA,development,3
21,4039,17056,Bp3kbe59CNA,UCcwCsuV7bOpTfqf2UvLfYmg,development,4
21,4040,17057,HfVo_nGbPSs,UCPXSUKHTNc1_hnHuj-UiQWQ,test_reserved,
21,4041,17059,HsyqFv1gD8M,UCckltLEhFLv8Xz_lQhYfwmg,development,1
21,4042,17062,owqn4kEotRo,UCOtYyt7W5PmPnwQjWWF_Z-Q,development,3
21,4043,17064,m0Yx1MbTr2k,UCCK3OZi788Ok44K97WAhLKQ,development,2
21,4044,17069,zVyEpNGBuBM,UCCK3OZi788Ok44K97WAhLKQ,development,2
21,4045,17070,AG0L3HIvCOk,UCy-3y3BEH8dFhPsNEnO74Vg,development,5
21,4046,17071,z4CfhwqeSOg,UCbS_glb2N1NVTrDLVryRbng,development,4
21,4047,17074,LBCQRM_CKGs,UCCK3OZi788Ok44K97WAhLKQ,development,2
21,4048,17079,tc8Ek6rPd-o,UCckltLEhFLv8Xz_lQhYfwmg,development,1
21,4049,17086,vPvfBDPOhq8,UCLsRogzQ9bw2Efitidd0ikg,development,4
21,4050,17092,xPqNJ8sSO8w,UCOgsOVUELkkv_irhET9kK_Q,development,1
21,4051,17097,PUkkkU79vQM,UCn1WQT3G332mV9zanKj1s7g,development,3
21,4052,17102,JOcsXMN8RSg,UCcijXxFzSXgoM6q9cCtT9PA,test_reserved,
21,4053,17110,05K2nvfNpYg,UCol1SzfebXhRo0ltxOJZ9cg,development,3
21,4054,17127,emXVhBVcDD0,UC12Go-EQ4E8Rjcj3nzVlzIA,development,3
21,4055,17133,M5oHI764eBg,UCNSnFwvrkdgy7yoDd3M9uYQ,development,1
21,4056,17138,LaYTQPP1r3g,UC1GBN6Ujq_d9f5Kot0YZVEA,development,2
21,4057,17142,7mDdjndhre0,UCqDbs3rlemiBZmhkh9gXXHg,development,5
21,4058,17144,2bjVYSGKLC4,UCMW_Sgzlaezz3MHg3BtgKbw,development,4
21,4059,17146,6Y6CFOJGdj4,UCgnFSj7jQffD5V5m05j4dPw,development,5
21,4060,17148,1cVJtzrHV1U,UCu_ocDeJ-wty_Y1IiittaBA,development,3
21,4061,17150,W4mzvv4PY8A,UC-GRFwciK7JiP8T4tl0pftQ,development,3
21,4062,17151,yQgO1kcLl2U,UCfCxPLBK1BYkaSqlrRwRXkA,development,4
21,4063,17155,dD2h6jpzlGQ,UC3tvYy-s84yySG7V85jRDnA,development,4
21,4064,17163,xT_bPESHc_w,UCOtYyt7W5PmPnwQjWWF_Z-Q,development,3
21,4065,17165,9lqhBqn2VZ4,UCn0XmAUFv6d2tofMFEesSNw,development,5
21,4066,17168,dbow_gh-afo,UCgwh9BV2dh6VFO7MxL36iNw,development,3
21,4067,17170,3pSM1HBRsH8,UCaESx7Bdghv_UICcG1hBkcg,development,5
21,4068,17172,B7vwk_xtmlU,UCxm3qT6MukO0l_vlfjy_ziw,development,2
21,4069,17175,eO9sDQ1r7hM,UCcijXxFzSXgoM6q9cCtT9PA,test_reserved,
21,4070,17179,vt1p2c5msUo,UCxPYVvthidICJb75llNXktg,development,1
21,4071,17180,xX36_pMA5Ww,UC0ZcZzDZe8x6-olaRR5-wYw,development,4
21,4072,17184,IacQW77gPs0,UC8lKgUHo-2mSR5cRRXO9xow,development,3
21,4073,17196,V4AKsC23L88,UCcijXxFzSXgoM6q9cCtT9PA,test_reserved,
21,4074,17198,Y_YSjOF2K9s,UCReF_78PPPdU7kKodNtBwMg,development,3
21,4075,17202,JAmkMRLeJRY,UC2OHGMQqFUgru1lonCqNRfQ,development,4
21,4076,17210,1gGbu_GY4bc,UCc30sTBdN9LRSxEuHaXV_bQ,test_reserved,
21,4077,17211,H_jv5Nv4jRk,UCOtYyt7W5PmPnwQjWWF_Z-Q,development,3
21,4078,17215,_aTz2F3t1Jw,UCcwCsuV7bOpTfqf2UvLfYmg,development,4
21,4079,17219,M-axmGitJxc,UCEqzhzy6gUEjNrOAV1_s88w,test_reserved,
21,4080,17225,b48s_1WobqA,UCvZ8sPFxYngz2JN3DG93fOw,development,4
21,4081,17226,U1xqkxXroU0,UCqrqt9Egbp4Voh3iEUUoorw,test_reserved,
21,4082,17230,BB3m3dQ3Wow,UC3tvYy-s84yySG7V85jRDnA,development,4
21,4083,17232,Azuq-yMeeo8,UC8lKgUHo-2mSR5cRRXO9xow,development,3
21,4084,17234,KWmhBDGRAqs,UCRDDfbYPHX_GUJ4lcQYTc8A,development,4
21,4085,17240,DgpSh-tGPTk,UCPXSUKHTNc1_hnHuj-UiQWQ,test_reserved,
21,4086,17242,fnJGvf-oQag,UCNE9NOD2gYqalo9436sfW4Q,development,2
21,4087,17250,Mdl1c7FWhD0,UCckltLEhFLv8Xz_lQhYfwmg,development,1
21,4088,17252,msfTOTedTWM,UCckltLEhFLv8Xz_lQhYfwmg,development,1
21,4089,17253,L3Ktg9P5Ht0,UCG4iJ9LgvBTfaTCqdtkmMIQ,development,3
21,4090,17255,j59jsWN8DsY,UCckltLEhFLv8Xz_lQhYfwmg,development,1
21,4091,17256,g-UD5vIZx_U,UCOtYyt7W5PmPnwQjWWF_Z-Q,development,3
21,4092,17268,up1WYpxD7cg,UCcijXxFzSXgoM6q9cCtT9PA,test_reserved,
21,4093,17271,DctFKXYEkj8,UCckltLEhFLv8Xz_lQhYfwmg,development,1
21,4094,17272,cmGp7H1xnl4,UCA5xW2Ce7KT2AtxzDYDebCA,development,5
21,4095,17280,bubvILUljzE,UCY4bDDhY9fqt97qV4mVAiAw,development,4
21,4096,17286,aCQIt1hWGO4,UCfpYakGtM6UYxAjTWpUu1PA,development,3
21,4097,17289,obAARSUhHag,UCcijXxFzSXgoM6q9cCtT9PA,test_reserved,
21,4098,17295,FLJxEqqEeVQ,UCcijXxFzSXgoM6q9cCtT9PA,test_reserved,
21,4099,17299,OBWHKw9_-to,UCcijXxFzSXgoM6q9cCtT9PA,test_reserved,
21,4100,17302,LxOTCdgHAh0,UC1YGPDtctHGJWW0NrlQVklw,test_reserved,
21,4101,17303,zmEMvArLmmw,UCn0XmAUFv6d2tofMFEesSNw,development,5
21,4102,17310,ZnbiWMfbzhQ,UCCK3OZi788Ok44K97WAhLKQ,development,2
21,4103,17318,eFmyLoOrKFw,UCr5BVR_ePEz_9V-KF5rSEmQ,development,2
21,4104,17324,n6b4padhpLo,UCQga5Hpkev0t-LW7F56C8mQ,test_reserved,
21,4105,17327,hyIiaIoXMJ4,UClCjoJ0fs2RqaRTjukU1jQA,development,5
21,4106,17331,Mzx3PBiVQuQ,UCLj8c-AqbSmkSPLG44lT0lw,development,2
21,4107,17345,pYHBwxngi-s,UCCK3OZi788Ok44K97WAhLKQ,development,2
21,4108,17346,NTUFtvbBiPc,UClC6jQT87s0yKTxHls4BWSw,development,4
21,4109,17347,7vsStE4mZ0Y,UC62QgaEe8YqmCcxbeyxQg9w,development,1
21,4110,17353,ps1Zl9EFOuo,UCekdpdajQ1JyGxUbmsN7nNA,development,1
21,4111,17354,Mw0pskwSZvE,UC1YGPDtctHGJWW0NrlQVklw,test_reserved,
21,4112,17360,UpGpKXfNEc4,UCQTcNhAZidy1i9wwmdgf2Lw,development,4
21,4113,17361,--xouTTAJSM,UCaESx7Bdghv_UICcG1hBkcg,development,5
21,4114,17362,XY5WNG2-qS4,UCA4N4qep0RLPt94J_4SC8pw,development,2
21,4115,17365,Qf57Uas7CDc,UCcxDOjzjxdaGfT5NiN5M8mg,test_reserved,
21,4116,17372,ku2AqZVUIX4,UCaESx7Bdghv_UICcG1hBkcg,development,5
21,4117,17373,A6GY_pHBq5w,UCLNz9bgiJfM3ImTtYDOt8Ew,test_reserved,
21,4118,17383,PGP3DPseJb0,UCacIRbbu-hgx4sRW6tZPRoQ,test_reserved,
21,4119,17393,k7hfScQ9zvQ,UCQTcNhAZidy1i9wwmdgf2Lw,development,4
21,4120,17396,VE1xiy-HEx0,UCcrsFwwoMvcXYpJ0XldIlVQ,development,3
21,4121,17404,HghOCbO1bk4,UCGSDCIUEvUtO5wzIFtc4AgQ,development,2
21,4122,17405,eMWUTRMDk7w,UCCK3OZi788Ok44K97WAhLKQ,development,2
21,4123,17407,r5DYfyttkCo,UCPXSUKHTNc1_hnHuj-UiQWQ,test_reserved,
21,4124,17409,j4hzsmyMNdA,UCckltLEhFLv8Xz_lQhYfwmg,development,1
21,4125,17410,agbYlBj-jp8,UCaESx7Bdghv_UICcG1hBkcg,development,5
21,4126,17412,HKTWz40VsYo,UCOtYyt7W5PmPnwQjWWF_Z-Q,development,3
21,4127,17427,et2tD_Co9AE,UCOtYyt7W5PmPnwQjWWF_Z-Q,development,3
21,4128,17428,5y0to4Nmwms,UCckltLEhFLv8Xz_lQhYfwmg,development,1
21,4129,17434,kzPoa65Y4yw,UCckltLEhFLv8Xz_lQhYfwmg,development,1
21,4130,17436,5HxVTJfwIX8,UCiBHV5AwzPEBhlIX3yR6-Ig,development,2
21,4131,17439,MQEJIAAqIq4,UCaESx7Bdghv_UICcG1hBkcg,development,5
21,4132,17440,Ei-O5QQwTqY,UCjKSK3d5r0O78WGnMouSvDw,development,4
21,4133,17441,Iu2kcoC3cmU,UCCK3OZi788Ok44K97WAhLKQ,development,2
21,4134,17452,fyWziXJ9Jhg,UCKoBVjh6j8amPM6tw6Lb-cA,development,3
21,4135,17455,uCoCZDjqMkk,UCM3bQBUJ0PEbgfe9lAw_Y3Q,development,4
21,4136,17456,Lp32Idk2BBM,UCUa0a5l56H0xre3SljFYRgw,development,4
21,4137,17461,m4vFTOgu3iM,UC-DEHYgvcA5bBD3cWo_vSuA,test_reserved,
21,4138,17462,ZW94TComqn0,UC1YGPDtctHGJWW0NrlQVklw,test_reserved,
21,4139,17468,GPlgSJfORFw,UCuTgmLxqarTxuBU5ARMYUNQ,test_reserved,
21,4140,17473,jaWH0XONHlI,UCCK3OZi788Ok44K97WAhLKQ,development,2
21,4141,17478,McOeioC48jY,UCCK3OZi788Ok44K97WAhLKQ,development,2
21,4142,17483,Wxs1lG0ha_Q,UCdgWTRipbTuQsIiiPb6fB-A,development,4
21,4143,17486,ysG9ST4_OqI,UCtEz7PSfmMS8lL1tzI3k9ZA,development,1
21,4144,17491,emDpERcQtfQ,UCaESx7Bdghv_UICcG1hBkcg,development,5
21,4145,17495,AaHvflr2zLs,UC1YGPDtctHGJWW0NrlQVklw,test_reserved,
21,4146,17498,U1jfZjw0e-Y,UCZwRhDqyXXFucAGxyQs40uw,development,3
21,4147,17501,HbmxYLxOXLU,UC12Go-EQ4E8Rjcj3nzVlzIA,development,3
21,4148,17503,_NvSqU848_A,UCWBGcCHKv85MuFwgax4oc9w,development,2
21,4149,17504,y1-3o0t2RFo,UCPXSUKHTNc1_hnHuj-UiQWQ,test_reserved,
21,4150,17506,axTpJDKk9-M,UCPXSUKHTNc1_hnHuj-UiQWQ,test_reserved,
21,4151,17514,aGr7cNWj1ls,UCcg4tDKgPLIc_x3lhWdogLg,development,3
21,4152,17524,UV23KFOaFBw,UCqDMvUe1Zy9QzR-F6X7B5pw,development,3
21,4153,17529,B_JacK3AXss,UCh9qXeL8eP3Txra2908xksg,test_reserved,
21,4154,17530,lTMPaZFYxlo,UC0ZcZzDZe8x6-olaRR5-wYw,development,4
21,4155,17537,cImgiJ1c71U,UCwRAPq0zLdVsb440xKGBx2w,test_reserved,
21,4156,17539,SnGes3Zkb_w,UCZfQAl56Y6qStW8DECs2hGw,development,4
21,4157,17553,r25h1Ajx8lg,UCLNz9bgiJfM3ImTtYDOt8Ew,test_reserved,
21,4158,17564,vsWw3nw-Tvo,UCjKSK3d5r0O78WGnMouSvDw,development,4
21,4159,17573,X_hinR26WQY,UCg22fUwQQF-7Sf6-TIVIFrA,test_reserved,
21,4160,17575,45TQqWGRTX0,UC1YGPDtctHGJWW0NrlQVklw,test_reserved,
21,4161,17576,dHhvd3fs-lE,UC5NJWHF4x-DWCWgNGQfMqmA,development,1
21,4162,17579,2J2jsACF_Fc,UCbS_glb2N1NVTrDLVryRbng,development,4
21,4163,17588,9d9_EAJaYsA,UCP0FKFuz9j2Dp-QDr-Dv_0g,development,4
21,4164,17592,Qef5Y5Msi5c,UCKQw2OwROuqrhOuiqSttu6g,development,5
21,4165,17602,Ld6wZVUendI,UCbS_glb2N1NVTrDLVryRbng,development,4
21,4166,17611,xPN1pO3JRCc,UCLA8Ovy_NPAwMWvr8IEDquw,development,4
21,4167,17615,XFt3ot6lgOs,UCckltLEhFLv8Xz_lQhYfwmg,development,1
21,4168,17619,mmAcX_tVTRQ,UC0nMJ3QNryBHZpy1P3Wamwg,development,4
21,4169,17629,ZEZIIeaxD2Y,UCCK3OZi788Ok44K97WAhLKQ,development,2
21,4170,17633,xP14QJfZm-Y,UCeregcA7V24wo3vGVVsitfA,development,1
21,4171,17635,Nll75FcSrj0,UCOtYyt7W5PmPnwQjWWF_Z-Q,development,3
21,4172,17639,tN_ChUHeGvg,UC9iEv8PqeHuC3ZVt0QqN-pQ,test_reserved,
21,4173,17641,zLv28U-QFzk,UCBsrUim15y-s6PfMISCR38A,development,2
21,4174,17646,wDh-J3k5UJ4,UCKQw2OwROuqrhOuiqSttu6g,development,5
21,4175,17654,TY24c7VUZoE,UCsPfJqaUdMINzYqBCEjwknQ,development,2
21,4176,17661,s4vzpDjx7_Q,UCckltLEhFLv8Xz_lQhYfwmg,development,1
21,4177,17664,2GBQjUnNDUA,UCOtYyt7W5PmPnwQjWWF_Z-Q,development,3
21,4178,17668,4HtrFwFzRvI,UCckltLEhFLv8Xz_lQhYfwmg,development,1
21,4179,17670,6zXJZL7Vasc,UCCK3OZi788Ok44K97WAhLKQ,development,2
21,4180,17677,hZgiDY-G_hg,UC8ZmvQOUKiu6SmICTXzjFnA,development,2
21,4181,17686,Zm1j5qZHMq0,UCgnFSj7jQffD5V5m05j4dPw,development,5
21,4182,17695,3FlU7qaSj98,UCckltLEhFLv8Xz_lQhYfwmg,development,1
21,4183,17696,mVqLKLk0ZaI,UCldiq7Z0JJVSkGXVgfV2qtg,development,4
21,4184,17699,KwSmsn2c-G8,UCCK3OZi788Ok44K97WAhLKQ,development,2
21,4185,17704,EKU9xLUOQf4,UCjiEydGyKdx_An0FP_MT2uA,development,5
21,4186,17705,qQrqc3cjQ-U,UCckltLEhFLv8Xz_lQhYfwmg,development,1
21,4187,17707,C5a-Yno2kBs,UC8lKgUHo-2mSR5cRRXO9xow,development,3
21,4188,17708,hXmpLnqDbJE,UCaESx7Bdghv_UICcG1hBkcg,development,5
21,4189,17711,jDWMouRM_Os,UC0QrPhl7LB3tfSN3Fls2o0g,development,5
21,4190,17715,vBWlDfCYgqo,UCHZ5r2C-XXLtwiq4iwUZpSA,development,1
21,4191,17719,fPLePlm3qMM,UCh2Xwe7on2Oa2MBtk8zvEuw,test_reserved,
21,4192,17728,ORUmNngE3ok,UCMv53_1dj-WnV1KhRV4oB8g,development,3
21,4193,17738,POXbFqRxTc4,UCewWZeJ0g9cHU61e_jN_bZg,development,3
21,4194,17739,gZmpOA4x5aQ,UCXd1WT2jZt6vvdb55beQMew,development,4
21,4195,17741,tmY4gxKqEJ8,UCbS_glb2N1NVTrDLVryRbng,development,4
21,4196,17745,52GNEMQshYs,UCfts7_S-PNNnENPJp7S6fpQ,development,4
21,4197,17752,FHnplJ9csZ0,UCCK3OZi788Ok44K97WAhLKQ,development,2
21,4198,17759,9YtHCro2y-U,UCAH7R88V7gz7RqJv78nNOzg,development,3
21,4199,17760,oH6Yl7JFLyo,UCtVEiBn_-ezOpRkL2pNjXzA,test_reserved,
21,4200,17762,1-nJZWkTX5o,UC2sO_F_Ky4LIAUtSJYXqBDA,test_reserved,
21,4201,17764,EaZC3LRksK0,UC8yf9lgtn8Tjeb2HauaFgFg,development,3
21,4202,17765,cQLaOXfLJkg,UChwjz-THeefGm2mSbYB37Wg,development,2
21,4203,17766,A6JzA-Ctotg,UCbS_glb2N1NVTrDLVryRbng,development,4
21,4204,17768,3LZIMmtz6qQ,UCcijXxFzSXgoM6q9cCtT9PA,test_reserved,
21,4205,17777,2k0yXJ5GYII,UCcijXxFzSXgoM6q9cCtT9PA,test_reserved,
21,4206,17780,wxbOtAfhk9M,UCLuP7ROjaueiuNbzrvPqXSQ,development,2
21,4207,17785,LcxgA-nD6WY,UCdl01jabKqzbe0XoZmn1y9A,development,3
21,4208,17786,Ej3mUikXMWs,UCckltLEhFLv8Xz_lQhYfwmg,development,1
21,4209,17788,bsPSBmt3-pU,UCRDDfbYPHX_GUJ4lcQYTc8A,development,4
21,4210,17797,RB5MS9hNci4,UCckltLEhFLv8Xz_lQhYfwmg,development,1
21,4211,17802,lMAcYi4gDYA,UCbS_glb2N1NVTrDLVryRbng,development,4
21,4212,17803,qrCbtAYlBrM,UCcijXxFzSXgoM6q9cCtT9PA,test_reserved,
21,4213,17806,ggIpv8lM-f8,UCEUSUxrhCt4n0Pp9WB7q7-w,test_reserved,
21,4214,17814,mt22JierB9M,UCU8CLxgXCxmDmYKNi_gS0WA,test_reserved,
21,4215,17817,j0-0QFtYsHE,UC2OHGMQqFUgru1lonCqNRfQ,development,4
21,4216,17819,8K-xaVmWQng,UC8MegDkaJsqK63fwbOjBLzw,development,2
21,4217,17823,o4OqcsHnl1k,UCgnFSj7jQffD5V5m05j4dPw,development,5
21,4218,17824,TJ-h0W3bZaU,UCRDDfbYPHX_GUJ4lcQYTc8A,development,4
21,4219,17835,5G-V8-gDUd4,UCT8XqS_PyC0PQ2mqIgPj-5g,development,3
21,4220,17836,V2UP0EJ1VyU,UCIs94IGV3YMXRdVDRLpJZ6A,development,4
21,4221,17841,pHnS6T9rqhs,UCCK3OZi788Ok44K97WAhLKQ,development,2
21,4222,17843,Tvs_xuDo4js,UCAH7R88V7gz7RqJv78nNOzg,development,3
21,4223,17844,kT9ps9_YiJQ,UCsbPUu0F_qqCmDFVjiRva1Q,development,1
21,4224,17850,OIhce_Tx_I4,UCaESx7Bdghv_UICcG1hBkcg,development,5
21,4225,17854,kjeQMMqFwxU,UChlTbGDLAEo8WN_qZLavi7Q,development,2
21,4226,17856,FKn3zaCtaV4,UCgnFSj7jQffD5V5m05j4dPw,development,5
21,4227,17859,TaqM2_zIzyY,UC8lKgUHo-2mSR5cRRXO9xow,development,3
21,4228,17862,pw-rlmNXCbE,UC12K2QZlfWLq_8FmZfB23Yw,development,3
21,4229,17870,f21Qi_baJeg,UCT83ymyAGm7Gnk_4ifxjxIA,development,4
21,4230,17876,5bhuRScboqk,UCcijXxFzSXgoM6q9cCtT9PA,test_reserved,
21,4231,17880,2WTvuUaO9Io,UCPXSUKHTNc1_hnHuj-UiQWQ,test_reserved,
21,4232,17882,lSCqBjM5dnM,UC4Pb9SEsCb1EpsXVYAVVajw,development,2
21,4233,17884,tMlBa2n_D4Q,UCckltLEhFLv8Xz_lQhYfwmg,development,1
21,4234,17900,rc_xo5DQRJE,UCcijXxFzSXgoM6q9cCtT9PA,test_reserved,
21,4235,17905,J8iKJpuTg-0,UCaESx7Bdghv_UICcG1hBkcg,development,5
21,4236,17907,aSDg6ca7PoM,UCckltLEhFLv8Xz_lQhYfwmg,development,1
21,4237,17910,dYWG58-Dp6M,UCgy5luu86OLBeugp27Tnddw,test_reserved,
21,4238,17917,EtLv58ZbSeE,UCn1WQT3G332mV9zanKj1s7g,development,3
21,4239,17921,0ptz632Ffkg,UCCK3OZi788Ok44K97WAhLKQ,development,2
21,4240,17922,Y5cqsasLAKI,UCT83ymyAGm7Gnk_4ifxjxIA,development,4
21,4241,17926,4s4EgaV1ZrY,UCBsrUim15y-s6PfMISCR38A,development,2
21,4242,17931,DDHP4SPUB28,UC1YGPDtctHGJWW0NrlQVklw,test_reserved,
21,4243,17932,gRHVHuLcTbY,UCEItJuaZGCe0BlGzRKruP0A,development,5
21,4244,17933,SSUVmLzLxKc,UClSIhhnuyF8fXtBTpOOTknA,development,2
21,4245,17934,ZIaHq0PwOj8,UC324VVhYKykBv01GecF4aYg,development,5
21,4246,17935,i1HrwsT35Fk,UCAH7R88V7gz7RqJv78nNOzg,development,3
21,4247,17942,1psVy1178RM,UCol1SzfebXhRo0ltxOJZ9cg,development,3
21,4248,17943,kdxy6YPahJk,UC5-n2dfksESEt3ATmM6Uujw,development,4
21,4249,17944,YFKbjwoDkdo,UCEItJuaZGCe0BlGzRKruP0A,development,5
21,4250,17945,KpGzBnRfwOY,UCbkMFGQ_RWIf0OiYeOpf6Ng,development,5
21,4251,17946,QmaZv64oleE,UCCK3OZi788Ok44K97WAhLKQ,development,2
21,4252,17950,-ilDAiZorPk,UC2ya22E7myYwZB4BPbUsPtw,development,3
21,4253,17952,G2TJE4tKNB0,UCh9qXeL8eP3Txra2908xksg,test_reserved,
21,4254,17956,E76-22n5P_I,UCAH7R88V7gz7RqJv78nNOzg,development,3
21,4255,17959,aERv2kdZytY,UCSfmHr5cQvlVKR2f6p8T01w,development,5
21,4256,17962,bkx3rp5Az74,UC22LfvKY_7Ibkt5I5wFqwfg,development,1
21,4257,17964,M7nhpl7Y-cQ,UCn0XmAUFv6d2tofMFEesSNw,development,5
21,4258,17965,eTtxUk_1drk,UCaESx7Bdghv_UICcG1hBkcg,development,5
21,4259,17966,XTdq7SqTDg0,UCcijXxFzSXgoM6q9cCtT9PA,test_reserved,
21,4260,17969,H8TB6dQ6K2E,UCQTcNhAZidy1i9wwmdgf2Lw,development,4
21,4261,17974,b1EOjzdSc3o,UCckltLEhFLv8Xz_lQhYfwmg,development,1
21,4262,17977,zJMRDcGarls,UCbS_glb2N1NVTrDLVryRbng,development,4
21,4263,17992,7WZEbC1rjZk,UCcijXxFzSXgoM6q9cCtT9PA,test_reserved,
21,4264,17995,6FtUeAWwU-0,UCB-bp711WZ_Byu1zwfmxJDg,development,3
21,4265,17996,NyF0zC5P5YA,UCV9cn7kAjTi6nMKVKIuwoDw,development,5
21,4266,18000,JUbq9G0LTxA,UCCK3OZi788Ok44K97WAhLKQ,development,2
21,4267,18006,cfRp_y0xm-Q,UCaESx7Bdghv_UICcG1hBkcg,development,5
21,4268,18009,611vf55PsCA,UCamSAN6IFdxTRTbfSSrkiDw,development,2
21,4269,18011,ZUaEX0lhMT4,UCcijXxFzSXgoM6q9cCtT9PA,test_reserved,
21,4270,18013,zrnhmtAnmwI,UCOtYyt7W5PmPnwQjWWF_Z-Q,development,3
21,4271,18014,vnuxCU8nros,UCbS_glb2N1NVTrDLVryRbng,development,4
21,4272,18016,2Elqh-xY8gM,UCCK3OZi788Ok44K97WAhLKQ,development,2
21,4273,18017,snwSoHDIDKE,UCQkPhQ-6NhA1v7Tpsp6EnKQ,development,2
21,4274,18024,oBZ5-Fbk9FY,UCOtYyt7W5PmPnwQjWWF_Z-Q,development,3
21,4275,18025,S3mnBo8uF_c,UCbS_glb2N1NVTrDLVryRbng,development,4
21,4276,18030,7Mn8r5IXEzQ,UCM3bQBUJ0PEbgfe9lAw_Y3Q,development,4
21,4277,18032,qnJ8LmcUcTA,UCckltLEhFLv8Xz_lQhYfwmg,development,1
21,4278,18038,Aaz49GiBvVk,UCdVgwss1DdE-lhbxPmQtvfw,development,3
21,4279,18039,Zff7_ewxyHc,UCvZ8sPFxYngz2JN3DG93fOw,development,4
21,4280,18048,3RNZYWbzy_8,UCCK3OZi788Ok44K97WAhLKQ,development,2
21,4281,18050,nWbb2vmFZMU,UCgnFSj7jQffD5V5m05j4dPw,development,5
21,4282,18051,kLUvEpunWDk,UCPXSUKHTNc1_hnHuj-UiQWQ,test_reserved,
21,4283,18053,WyrfnyWwM7U,UCXm0FsS7PXy0w5HeOkYMi7Q,development,5
21,4284,18062,bNZ-nmEjyoc,UCRtDKbi59vMpicSLFT0J5mg,development,5
21,4285,18063,RjVT1AzkBuc,UCS-iMBivVAfN2oPRQaCUhJQ,development,4
21,4286,18066,n5aSsbq2Mko,UCaESx7Bdghv_UICcG1hBkcg,development,5
21,4287,18072,8wx0uhWBskk,UCq5SmrhSWmp89RR1JpO2z8Q,development,4
21,4288,18082,jUdyWl1Hs7o,UCiuCllaTAButX4ZC5DbRclw,development,3
21,4289,18090,6PUqz_PXruA,UCbS_glb2N1NVTrDLVryRbng,development,4
21,4290,18093,9gfCoIxflEs,UCo7jGFwywOdtesciwW-POqg,development,3
21,4291,18095,BgVBKp07G6s,UCpRgfr4_Eax0HHa2rwkRQ2w,development,5
21,4292,18099,RHRlGMM-ZlM,UCQkPhQ-6NhA1v7Tpsp6EnKQ,development,2
21,4293,18104,mTV1d07RMR8,UCN2EppENLvG8D2y7CQ8iLQw,development,1
21,4294,18119,FF8T0RQDpZQ,UC4EtZkAiRfpNl1QRxWTuXaA,development,3
21,4295,18120,Y-u32Lan_x0,UCNW0wUIg3FDgHuLq8cRGQrQ,development,4
21,4296,18129,ob3XXNBNLHs,UCFAQPiyzxj7BNfeKWGsR5gA,development,4
21,4297,18131,3TVyvAeehRo,UCRK13WgCsr2N6y9cbeEq39g,development,5
21,4298,18133,37anh6lPDEY,UCgnFSj7jQffD5V5m05j4dPw,development,5
21,4299,18137,MqXRmXc6HFI,UC0sBFIQoyeYIsejowliQx-A,development,5
21,4300,18141,c1yH4WuLrQM,UCh1YbG4SC-R5fBxZgMMuRww,test_reserved,
21,4301,18143,FYz9S4__78U,UCoNaQS6wefjNVFkwvxrzAYw,development,4
21,4302,18144,iroDaAprSiQ,UCZNreSxdvd50nzMz5zkXg4w,test_reserved,
21,4303,18145,WBTiqwBlgts,UCOtYyt7W5PmPnwQjWWF_Z-Q,development,3
21,4304,18146,MlyBG69zX5U,UCuTgmLxqarTxuBU5ARMYUNQ,test_reserved,
21,4305,18148,jA8Ivv4yY1s,UCaESx7Bdghv_UICcG1hBkcg,development,5
21,4306,18152,zk5UuqjEpz0,UCCK3OZi788Ok44K97WAhLKQ,development,2
21,4307,18158,RkxhPVGHSf4,UCckltLEhFLv8Xz_lQhYfwmg,development,1
21,4308,18161,m7hMXBZtBpk,UCcbOsE5_4LEjtQi8X2PFxDw,development,3
21,4309,18163,zfm7xojgmsE,UCCK3OZi788Ok44K97WAhLKQ,development,2
21,4310,18170,E6tKYZwAr0Q,UCCK3OZi788Ok44K97WAhLKQ,development,2
21,4311,18176,ejXDpv7Hcvw,UCdgWTRipbTuQsIiiPb6fB-A,development,4
21,4312,18178,LUqA0nho0D4,UCaESx7Bdghv_UICcG1hBkcg,development,5
21,4313,18191,ZuZzXU7f14s,UCa3BMXA9qcVqMtfnq7d977w,development,5
21,4314,18195,CSQSyzQyU9Y,UCzyTz2So395JRTH79AlQS7Q,development,1
21,4315,18196,hZkfpimQgfI,UCU61_hys4AeiR3wSoZ_cxHg,development,3
21,4316,18208,pOKvO76a-jo,UCm8uQm-q6IUP0u0lssUiITQ,development,1
21,4317,18210,Tya3qdzp-Qg,UCkagcQYGoYFuXsUg-ObSL6A,test_reserved,
21,4318,18221,zFutlhJ7_KY,UCXFiIVHYqQmgpmIi7KChMkQ,development,2
21,4319,18241,w5pzZgbOBog,UCkLQJFBnqzhJCAvqn99hRUg,development,2
21,4320,18242,WUQE7H3yLJw,UCKuDeSAQOkDnBpiSa0gJN0A,test_reserved,
21,4321,18251,QYkVt79ElF8,UCeToTUUo-_pkHsH7DSv6KTg,development,4
21,4322,18252,7ABkThGhzFI,UCsGsDaPTOt6VXRPF2FyAJ4g,development,5
21,4323,18253,uB-tbNXQNVo,UC265AWt6bbPKJcmpQwhif2A,development,1
21,4324,18265,90QbGDlaDnM,UCbR7juPwtP-bV_w0840ciYQ,development,4
21,4325,18266,s2trg6XAPUQ,UCcijXxFzSXgoM6q9cCtT9PA,test_reserved,
21,4326,18267,hAxvtumn478,UCrLvbl-59ugBtbyBYyicZnw,development,4
21,4327,18288,_qw7iz0kpb4,UC8lKgUHo-2mSR5cRRXO9xow,development,3
21,4328,18289,8_nlJwwwHA0,UCCK3OZi788Ok44K97WAhLKQ,development,2
21,4329,18291,Uyz3XXMLNTE,UCckltLEhFLv8Xz_lQhYfwmg,development,1
21,4330,18294,Js1YaP6QhMI,UCckltLEhFLv8Xz_lQhYfwmg,development,1
21,4331,18303,OizK72thfNw,UCckltLEhFLv8Xz_lQhYfwmg,development,1
21,4332,18304,MaVWe5fYLgA,UCx7lEnwLHxO9yPjOotGb-bA,development,3
21,4333,18310,99ZKujmBnUI,UCEieBVk2twUCVeoDDTeXo9Q,development,5
21,4334,18314,Hw-vnMO0fkA,UCCXHDSRJKfNBLNJmIegx8Lw,test_reserved,
21,4335,18315,-715aGY-G60,UCaOlvg-aCeUJPtOpD4UytoQ,development,5
21,4336,18317,Ljg-KSugKpU,UCRHYFnWL0aYTQ9qmvfZnUxg,test_reserved,
21,4337,18319,nCKMeiQ-Dp8,UCb0KyqTm4bkjnZg_mND9hhg,development,2
21,4338,18322,Vo9425CZjIk,UCTlLpPddpcW0ee6y4z9stKA,development,5
21,4339,18324,jPIORYnjs60,UCRDDfbYPHX_GUJ4lcQYTc8A,development,4
21,4340,18325,aztsTEAlkHM,UCI9B6cvPkauAUvfV2CvKMMQ,test_reserved,
21,4341,18328,VzsyEOioG3w,UCRDDfbYPHX_GUJ4lcQYTc8A,development,4
21,4342,18329,uWmI0ABt8cI,UCfdBd-9WWZUv1h7d80Omy8g,test_reserved,
21,4343,18331,JJDsn9YXxpE,UCmrLu4r89ykOzmtmbAeEklA,development,3
21,4344,18336,sFmymp5HGM8,UCckltLEhFLv8Xz_lQhYfwmg,development,1
21,4345,18344,RpvgW97G374,UC3tvYy-s84yySG7V85jRDnA,development,4
21,4346,18348,EjBmD5rI0Co,UCapSewg41BjoMmTqRjJvXPg,development,3
21,4347,18349,F2GKsnl_W8w,UCh9qXeL8eP3Txra2908xksg,test_reserved,
21,4348,18355,VinsGg8enrs,UCE_uaeRZwW7roZqYO31iDWg,test_reserved,
21,4349,18356,qwYY_GRpDHA,UCcijXxFzSXgoM6q9cCtT9PA,test_reserved,
21,4350,18368,wNzDei5Jl9E,UC0MnP2Iso6enxaJTBZ3_nJw,development,1
21,4351,18375,6XoRz1OLmyQ,UCo2XpZV5hjoDx8qtqxgnv9A,development,1
21,4352,18376,UOAgrY-PR-0,UCYweMykEAI5aaRztqrJuuAg,development,5
21,4353,18377,riRys6GLrJo,UCy-3y3BEH8dFhPsNEnO74Vg,development,5
21,4354,18383,WkExGlisV7o,UCBp5IVBcxqhnaKSReF0nkQA,development,5
21,4355,18386,FeF8f6EsIU8,UCvLsvfgY-hbGDtOi2udm4Gg,development,2
21,4356,18387,egFzlr7LuRQ,UCckltLEhFLv8Xz_lQhYfwmg,development,1
21,4357,18397,6osupg3o710,UCRB8mrLCcwTPlJOMUy9MDUg,development,2
21,4358,18417,c2toXIDXmfU,UCe6HjoReyFQoc4Q9SAmNAHA,development,1
21,4359,18426,LcJWoK1zgjY,UCkD2Gixzde52jx1XspNvrBw,test_reserved,
21,4360,18435,gG4-3k4gc6M,UCI3Xc02tgvW28O-Rrou3LxQ,test_reserved,
21,4361,18439,8DldWtMZYHA,UCfuND8HywiC1G1T5s1t6ElA,development,5
21,4362,18442,AAAPWqRxzw8,UC7DAcUDu475b1grvKsSgARg,development,1
21,4363,18445,_fFDhQFUxBw,UCF11-Puqxb0jdeWNc7F_Fcw,development,1
21,4364,18447,grSIwL29rpw,UCn0XmAUFv6d2tofMFEesSNw,development,5
21,4365,18450,TxahI8C-yBc,UCMKVkE8hcrq8XVr_GftJ_sg,development,3
21,4366,18451,zqjupAEGtBg,UCQTcNhAZidy1i9wwmdgf2Lw,development,4
21,4367,18469,Ty00TU3fjIo,UCjiEydGyKdx_An0FP_MT2uA,development,5
21,4368,18472,54ML7filXzY,UCM3bQBUJ0PEbgfe9lAw_Y3Q,development,4
21,4369,18479,u1NXjAYYHHo,UCk0ZLeOPZVnRJn_s1x-8Idg,test_reserved,
21,4370,18484,bHzqIyNzPdM,UC1YGPDtctHGJWW0NrlQVklw,test_reserved,
21,4371,18503,5Arco1G1u1M,UCCK3OZi788Ok44K97WAhLKQ,development,2
21,4372,18507,NEJChYvYL8E,UCgnFSj7jQffD5V5m05j4dPw,development,5
21,4373,18511,AfzOkvqH2hw,UCcijXxFzSXgoM6q9cCtT9PA,test_reserved,
21,4374,18512,wCw6lk_GxDE,UCql-jEixeuMcyabHRYqr-Zw,development,3
21,4375,18514,WzXHdqDvO-Y,UCUpTRi5algSaZaSevhFT4sw,test_reserved,
21,4376,18516,0jmeR2G7tlI,UCgnFSj7jQffD5V5m05j4dPw,development,5
21,4377,18517,R04dvjFLjfY,UCAeBFsK2bmm5lkgy90uFiqw,development,4
21,4378,18521,4i3ninVGWug,UCbS_glb2N1NVTrDLVryRbng,development,4
21,4379,18523,6O6QdWLdQ9k,UCckltLEhFLv8Xz_lQhYfwmg,development,1
21,4380,18528,08MgI0NFUtY,UCckltLEhFLv8Xz_lQhYfwmg,development,1
21,4381,18530,TX8jUWwlLf4,UCOtYyt7W5PmPnwQjWWF_Z-Q,development,3
21,4382,18531,0Bm1_4ynCiQ,UCrvZv5Ph8ODU8frd7ZGZQYg,development,4
21,4383,18532,kYBIcZ44GL4,UC4Pb9SEsCb1EpsXVYAVVajw,development,2
21,4384,18541,OWZE1CL80Vc,UCAH7R88V7gz7RqJv78nNOzg,development,3
21,4385,18543,2aPXnfVTZP0,UCn0XmAUFv6d2tofMFEesSNw,development,5
21,4386,18548,67-mKMhpCdk,UCOHyRrRuD2zGCkpuCAlyOyA,test_reserved,
21,4387,18549,g7-wnFUEIjU,UCtIzUW426lTNR34-GGMQvrQ,development,3
21,4388,18552,exwXlOoRWa4,UCIKg0Ev6Vq2M7hU7bL_jHFQ,development,4
21,4389,18553,PncbvQvuH-o,UCQTcNhAZidy1i9wwmdgf2Lw,development,4
21,4390,18555,hfFaEFZ9zJE,UCiWYjQX0yeoEruopL_RR5yw,development,4
21,4391,18561,XL57i74bQ0k,UCCK3OZi788Ok44K97WAhLKQ,development,2
21,4392,18562,TpRUuJnGeag,UCckltLEhFLv8Xz_lQhYfwmg,development,1
21,4393,18570,drNRMKZhoo4,UCcijXxFzSXgoM6q9cCtT9PA,test_reserved,
21,4394,18576,b1iLUt1b1z8,UCekdpdajQ1JyGxUbmsN7nNA,development,1
21,4395,18577,dAjjRBPc11Y,UCFuygvMWDiyNyxxFe347H9w,development,5
21,4396,18579,M7L8HXz7bHE,UC4-OGkz_qi4h59w_HeqwYjg,development,4
21,4397,18584,Dn3if2DAV_E,UCMIOtMp-WuFS6f25y4Cwytg,test_reserved,
21,4398,18585,jYLl1_3wXsM,UCRDDfbYPHX_GUJ4lcQYTc8A,development,4
21,4399,18588,VjixjVwfXcE,UCbS_glb2N1NVTrDLVryRbng,development,4
21,4400,18590,Oejnuo69t6k,UCbVw-Yr6A7L4hPi8W6zsQlw,development,3
21,4401,18592,3VRE-efxhIA,UCXWZGzBJjw0VUPU3Em5gFlQ,development,5
21,4402,18594,uN5Niav3pLI,UClcIQJ6q-HsROoyWms8B8tg,development,2
21,4403,18596,SG4us1XYzOE,UCOtYyt7W5PmPnwQjWWF_Z-Q,development,3
21,4404,18608,GNe_tDPSDOI,UCcijXxFzSXgoM6q9cCtT9PA,test_reserved,
21,4405,18609,zgq_jJF6HE4,UCT83ymyAGm7Gnk_4ifxjxIA,development,4
21,4406,18617,xo9q3nbev-w,UCb4I3a5sSdVyXdBwQPG3sTw,development,3
21,4407,18620,d7VZMNqJDq4,UCUjrGH_aRUuOP-BGBAQyZOw,development,3
21,4408,18621,va-VnHvPaKc,UCT83ymyAGm7Gnk_4ifxjxIA,development,4
21,4409,18623,OG25FsdpNIE,UCoNaQS6wefjNVFkwvxrzAYw,development,4
21,4410,18624,7jscbEPsgjA,UCckltLEhFLv8Xz_lQhYfwmg,development,1
21,4411,18626,pTGC9FLnGfw,UCC-QxtkZPfDCczEeT3SEsYA,development,5
21,4412,18635,IlPWkLKi0qc,UCLNz9bgiJfM3ImTtYDOt8Ew,test_reserved,
21,4413,18638,uTXwBBCQ0Os,UCFJbuic3c-Tmr_-jNeUjQcg,development,5
21,4414,18654,W9_Tsoptkq4,UCvpO2ovuYdqZWHP0uIOOi1Q,development,3
21,4415,18658,33CU33tE7oc,UC24uwZklOoFhbiQq-kp2HYg,test_reserved,
21,4416,18665,ZKQPgMdIhP0,UCCbm1E52PV05ZLv6dtRB92Q,development,5
21,4417,18671,xToyRRZrAyM,UC2zxNWQM0kBCY5rXpeHaFQQ,development,4
21,4418,18675,6kVF1Cht8Jc,UCEieBVk2twUCVeoDDTeXo9Q,development,5
21,4419,18678,HBC0Z9su6Jw,UCcijXxFzSXgoM6q9cCtT9PA,test_reserved,
21,4420,18687,mnjQ2BHj-ZY,UClC6jQT87s0yKTxHls4BWSw,development,4
21,4421,18691,qbrvTv1iDiQ,UCK_mRBdCXMfDqOnnrP5_Ztg,development,3
21,4422,18694,wpTSP3dc5RA,UCPXSUKHTNc1_hnHuj-UiQWQ,test_reserved,
21,4423,18696,VipbWOwg4NM,UCbS_glb2N1NVTrDLVryRbng,development,4
21,4424,18701,zZPF00TXmxc,UCOtYyt7W5PmPnwQjWWF_Z-Q,development,3
21,4425,18702,a5uGyQ7obnM,UCr5BVR_ePEz_9V-KF5rSEmQ,development,2
21,4426,18705,NqvbQM6kqq4,UCOtYyt7W5PmPnwQjWWF_Z-Q,development,3
21,4427,18709,mJgXmQ1Xplw,UC5IM2uMULjHt-0aAfiG8E_A,development,5
21,4428,18711,9UdO3Rc7GLg,UCLuP7ROjaueiuNbzrvPqXSQ,development,2
21,4429,18714,OC6Vm2go-HM,UCwhdGDxSy0PPmGodAPd-pOA,development,5
21,4430,18719,jzyHOfm36Os,UCceS_252pdNUa5ztP_MW8rw,development,1
21,4431,18720,j9D56Tltnik,UCgnFSj7jQffD5V5m05j4dPw,development,5
21,4432,18724,k5wEhsgn18Y,UCizpLkljN7D18nKYOceGyGA,development,3
21,4433,18731,56VaV2jiiaQ,UCOtYyt7W5PmPnwQjWWF_Z-Q,development,3
21,4434,18732,h-X-W3Z6x6w,UC2oGrNhMUyWu5yzEJ_j1PMA,test_reserved,
21,4435,18733,Ls5HcgvgfHk,UCnT7Z6-yqjhM__jZbK_B3kw,development,4
21,4436,18734,CuY2H0kMie4,UCp3vt0JWTbhd15j9PSn3RnQ,development,3
21,4437,18744,6uj-LrlehiE,UCwWDpOw_z1LfBD1wKerDCsA,development,4
21,4438,18749,YcMhP1YbfZQ,UCckltLEhFLv8Xz_lQhYfwmg,development,1
21,4439,18754,m-YmXni4t8M,UCCK3OZi788Ok44K97WAhLKQ,development,2
21,4440,18764,CRGM_AyJCeA,UCBsrUim15y-s6PfMISCR38A,development,2
21,4441,18766,aehOArTyJI0,UCOtYyt7W5PmPnwQjWWF_Z-Q,development,3
21,4442,18768,VzQjxwodobU,UCofF1Whz-uMOt6JJAoHa9wQ,development,5
21,4443,18773,6SmXCUvWEIA,UCQTcNhAZidy1i9wwmdgf2Lw,development,4
21,4444,18778,ZL9NJAkr5NU,UCC-QxtkZPfDCczEeT3SEsYA,development,5
21,4445,18779,5c2J0UiYRUM,UC_nXwFpN2H4JNPa2pSaAUIA,development,4
21,4446,18780,SgYi3ahqBbQ,UCn0XmAUFv6d2tofMFEesSNw,development,5
21,4447,18785,7ZNi7qqiyDk,UCkagcQYGoYFuXsUg-ObSL6A,test_reserved,
21,4448,18789,5K_K3_UG8p8,UCgoCbMJ4JnH0q40GofKZxVg,development,2
21,4449,18791,18iEkMVT3nE,UCckltLEhFLv8Xz_lQhYfwmg,development,1
21,4450,18792,3_I-oK3jnfk,UCaESx7Bdghv_UICcG1hBkcg,development,5
21,4451,18796,eKnrbeBcGnY,UCCK3OZi788Ok44K97WAhLKQ,development,2
21,4452,18799,m2-X9e35deI,UCuRYDffIL9wpNlCdmLg4Hlw,development,3
21,4453,18801,b8uqtuTRxus,UC12K2QZlfWLq_8FmZfB23Yw,development,3
21,4454,18802,gNC_ZfiGurE,UCh9qXeL8eP3Txra2908xksg,test_reserved,
21,4455,18806,28jRLQ6slpo,UCLsRogzQ9bw2Efitidd0ikg,development,4
21,4456,18811,CIA88DW_-cg,UCAH7R88V7gz7RqJv78nNOzg,development,3
21,4457,18816,qXo8B1KO20Y,UCOtYyt7W5PmPnwQjWWF_Z-Q,development,3
21,4458,18819,VT5E1UIAkQQ,UCGUIJxToYLu79zr7YzpmZjg,development,2
21,4459,18822,3D_KpSN8ZQY,UCu_ocDeJ-wty_Y1IiittaBA,development,3
21,4460,18843,pZfx5m7haj0,UCWNxnJNkwZPyv3rJwWRlzZQ,development,1
21,4461,18845,K0Vxj5elEdE,UCcijXxFzSXgoM6q9cCtT9PA,test_reserved,
21,4462,18854,MZgjvhiwnJU,UCcijXxFzSXgoM6q9cCtT9PA,test_reserved,
21,4463,18864,9xIiz_L9BZM,UCbS_glb2N1NVTrDLVryRbng,development,4
21,4464,18866,u6q0SaBaenk,UCeA0YDYhED5x7n3udzVNlpA,development,1
21,4465,18867,c-W0WKzKyyc,UCLH6umJw5noeUxxDxZOR8ug,development,4
21,4466,18868,4zO1UDGFelo,UCcrsFwwoMvcXYpJ0XldIlVQ,development,3
21,4467,18869,hzaz8mT2TRY,UCM19g5ow7vLXDTYx_j9Z7VQ,development,3
21,4468,18876,otI_UDz5zgQ,UCoQOQFHBsBAhobpI8NradTA,development,1
21,4469,18877,ggrXZG_xMac,UCyaIoiqUyGoO7u6jIZm3h6Q,development,3
21,4470,18892,WwnkJ_QdZJ0,UCtOctcFy9iYftvrf1xlF8mw,development,2
21,4471,18894,JedvNuPOWOw,UC2sO_F_Ky4LIAUtSJYXqBDA,test_reserved,
21,4472,18898,AXcyzkTW9b4,UC62QgaEe8YqmCcxbeyxQg9w,development,1
21,4473,18901,y3w2wvyf170,UC-DEHYgvcA5bBD3cWo_vSuA,test_reserved,
21,4474,18903,1SlYJ-jQmoY,UCckltLEhFLv8Xz_lQhYfwmg,development,1
21,4475,18908,IP5SHhRoBFY,UCdgWTRipbTuQsIiiPb6fB-A,development,4
21,4476,18914,fugut6GKejA,UCRK13WgCsr2N6y9cbeEq39g,development,5
21,4477,18915,xsMuKmaLGGg,UCDoXItIw1akXVz4Gk_F8CDw,test_reserved,
21,4478,18917,VWkhiaBu1Xc,UCCK3OZi788Ok44K97WAhLKQ,development,2
21,4479,18919,_mc-EajNym4,UCckltLEhFLv8Xz_lQhYfwmg,development,1
21,4480,18925,b1e9fuTSrmg,UCcrsFwwoMvcXYpJ0XldIlVQ,development,3
21,4481,18927,pASd4H9_VSQ,UCT83ymyAGm7Gnk_4ifxjxIA,development,4
21,4482,18929,yOktZBh3mFc,UCCK3OZi788Ok44K97WAhLKQ,development,2
21,4483,18940,QYTK6x_jngY,UCckltLEhFLv8Xz_lQhYfwmg,development,1
21,4484,18943,xuDG3ahRt3Q,UCAgBGlUKoAQFXMUzshrWDgg,development,5
21,4485,18944,LXTrlWLD-G8,UClCjoJ0fs2RqaRTjukU1jQA,development,5
21,4486,18946,jec2f9oeAV8,UCdbUJ0gmqeVKpppYCgkLcXw,development,5
21,4487,18947,cSjMB_rKMGM,UCQIWzvLOlB4tu84TtOTJCGg,test_reserved,
21,4488,18948,Cj4AcUkFvYM,UC8U5Mgl9nbkm5vOJ0SMtQgA,test_reserved,
21,4489,18949,w657aJ_dJd8,UCC1CRsAX-lBtVVacMUzGm_A,development,1
21,4490,18950,87EPTqwAR-Y,UCc30sTBdN9LRSxEuHaXV_bQ,test_reserved,
21,4491,18954,oQyxjRdEZp8,UCCK3OZi788Ok44K97WAhLKQ,development,2
21,4492,18957,iKvrKbvaZsw,UCF11-Puqxb0jdeWNc7F_Fcw,development,1
21,4493,18963,Stoveoq53ds,UCdgWTRipbTuQsIiiPb6fB-A,development,4
21,4494,18974,ChVYkRoti6E,UCNp1MNb5StD8uY7CPTn4TLQ,development,1
21,4495,18980,-YpRcVZycYY,UCOtYyt7W5PmPnwQjWWF_Z-Q,development,3
21,4496,18984,njGgzwuNizw,UCCK3OZi788Ok44K97WAhLKQ,development,2
21,4497,18989,zhgcZ_TyrQk,UCCK3OZi788Ok44K97WAhLKQ,development,2
21,4498,18994,HUNx3wrmB-o,UCXm0FsS7PXy0w5HeOkYMi7Q,development,5
21,4499,18996,ll7JwWKOk4g,UCLA8Ovy_NPAwMWvr8IEDquw,development,4
21,4500,18998,fKXK5d37ZGo,UCceS_252pdNUa5ztP_MW8rw,development,1
21,4501,19002,KpoOLFXF6HQ,UCNPYfKcafveO1qA81WSW9CQ,development,5
21,4502,19006,i2nL5cDzieA,UCZNreSxdvd50nzMz5zkXg4w,test_reserved,
21,4503,19010,d8cHV7qgL20,UCZfQAl56Y6qStW8DECs2hGw,development,4
21,4504,19012,WRArf7kAyhM,UCCK3OZi788Ok44K97WAhLKQ,development,2
21,4505,19019,zuUnCkyYNho,UCAH7R88V7gz7RqJv78nNOzg,development,3
21,4506,19020,jvdZ3g6XDFM,UCckltLEhFLv8Xz_lQhYfwmg,development,1
21,4507,19021,f4agy-VgJvY,UCTlVnv2IrpdHPiB4PeaH6Lw,development,2
21,4508,19025,6g6AyXCsYFQ,UCfQfw--8dPGypR7sGcXJz0w,development,4
21,4509,19026,MjjgqJwg4wk,UCOtYyt7W5PmPnwQjWWF_Z-Q,development,3
21,4510,19034,cFV1GmxExd4,UCSfmHr5cQvlVKR2f6p8T01w,development,5
21,4511,19035,w3NVQwtbJ8M,UCcpu5rsbhRZrOQciyNw-trQ,development,5
21,4512,19039,kAlNmHppngQ,UCO-YacZb_Muitqu50KGaFig,development,1
21,4513,19043,cy-dbNaBy4A,UCM3bQBUJ0PEbgfe9lAw_Y3Q,development,4
21,4514,19045,YlNLTWRgvWI,UCOtYyt7W5PmPnwQjWWF_Z-Q,development,3
21,4515,19052,oVO_Gqgzo3Q,UCcijXxFzSXgoM6q9cCtT9PA,test_reserved,
21,4516,19056,1Co5zVQqH0Q,UCG4iJ9LgvBTfaTCqdtkmMIQ,development,3
21,4517,19057,Pw3dUYGy5To,UC1YGPDtctHGJWW0NrlQVklw,test_reserved,
21,4518,19058,ALCUPZ8PddE,UCckltLEhFLv8Xz_lQhYfwmg,development,1
21,4519,19064,ViXppuCmJHY,UCh-cPhwaVIJTFLMq0ZNf-hg,development,1
21,4520,19065,HAHNYLvJqik,UCPXSUKHTNc1_hnHuj-UiQWQ,test_reserved,
21,4521,19069,Sccvjz72gL4,UCQTcNhAZidy1i9wwmdgf2Lw,development,4
21,4522,19070,Wt8JrB3ud0Y,UCLuP7ROjaueiuNbzrvPqXSQ,development,2
21,4523,19071,zxoe180f2WI,UCqrqt9Egbp4Voh3iEUUoorw,test_reserved,
21,4524,19077,ds90xQtIcC8,UCckltLEhFLv8Xz_lQhYfwmg,development,1
21,4525,19078,gwvsS9fFimQ,UC95VofaZiQPFwRMaqPhLc0w,test_reserved,
21,4526,19079,dPjH-m6Xwbw,UCvZpRt_4T2NlC9111RxNBug,development,1
21,4527,19085,LQ6EMo4Rpco,UCM19g5ow7vLXDTYx_j9Z7VQ,development,3
21,4528,19088,TgEZjhmK6Eo,UCn0XmAUFv6d2tofMFEesSNw,development,5
21,4529,19089,R71YIrPPVXw,UCbS_glb2N1NVTrDLVryRbng,development,4
21,4530,19090,ZuROB-wXAW4,UCckltLEhFLv8Xz_lQhYfwmg,development,1
21,4531,19095,3eN8h-_xlJ4,UCOtYyt7W5PmPnwQjWWF_Z-Q,development,3
21,4532,19099,o1AuwFRDL1s,UCVOpVmhOSRwoq6B_i6ZZMYg,development,2
21,4533,19104,Y9cPdka8ciY,UCb40_0KiNkoXo5KAmV3WRlA,development,1
21,4534,19105,OvWcx_6ZyNQ,UCCK3OZi788Ok44K97WAhLKQ,development,2
21,4535,19110,hbfbDsJZEnI,UCJ44oEtQ4TUPUbVS6hLI9Hw,development,2
21,4536,19124,Bc-TaUGOqYU,UCw3UDSrbKod4Gk_rSpA5gqw,development,1
21,4537,19139,aFlClD2wMoM,UC8qBNfgWRK_WYYGSmmrfgPA,test_reserved,
21,4538,19144,JKXcdZ7XGHA,UCmwIKQQjwpjNT8OQ_VZuRfg,test_reserved,
21,4539,19151,w8dNmabkUnY,UC7jNYrQQr_GnMWLe6bGRi2A,development,4
21,4540,19153,N3J0AaQRv4U,UCOtYyt7W5PmPnwQjWWF_Z-Q,development,3
21,4541,19155,444cjqJUJwo,UCcrsFwwoMvcXYpJ0XldIlVQ,development,3
21,4542,19157,udcRCZoKVW0,UCHT6F9HJ9DtLUjTOH16yg6g,test_reserved,
21,4543,19168,TbiWWmP4Z40,UCXfgx23Lw81I4wsCNhdVBgw,development,2
21,4544,19172,aVd2LXrDjao,UC1YGPDtctHGJWW0NrlQVklw,test_reserved,
21,4545,19174,-RXOqbw__Wo,UCAH7R88V7gz7RqJv78nNOzg,development,3
21,4546,19175,gX6PQb15HHw,UCckltLEhFLv8Xz_lQhYfwmg,development,1
21,4547,19179,YAPbpJBlu94,UCckltLEhFLv8Xz_lQhYfwmg,development,1
21,4548,19183,GEDD3rqEF2k,UC5-n2dfksESEt3ATmM6Uujw,development,4
21,4549,19192,0_PmzXOdqdc,UC0A6PKKzwexBqhStrZ98lbw,development,4
21,4550,19193,6F4Xc8T1yKw,UC12Ujt77-UFGXPAalKwuXDg,development,1
21,4551,19194,8YdeAoVBpr4,UC4Pb9SEsCb1EpsXVYAVVajw,development,2
21,4552,19196,iTucTjPBOYE,UCbS_glb2N1NVTrDLVryRbng,development,4
21,4553,19202,JXzQn7jbqeI,UC_AuTY5qqpUUYFLSDQIbOsg,test_reserved,
21,4554,19204,NXrPF6xFmZQ,UCfJvQWJ4iUTng15ks3WtVow,development,1
21,4555,19208,umDmygAfIGQ,UCPRmXiMVjB_P7SCKFPqZXlQ,test_reserved,
21,4556,19213,aCBqP05P4BQ,UCsAPX_-Yu9O_3dJu0aUj_BA,test_reserved,
21,4557,19214,wUXDUp8J2WA,UCOtYyt7W5PmPnwQjWWF_Z-Q,development,3
21,4558,19219,fjz5ULheyKE,UCmqflTSJ6911aCrnaWIXxsA,development,2
21,4559,19220,tSXOMS0aSw4,UCCK3OZi788Ok44K97WAhLKQ,development,2
21,4560,19231,z_yHNUC0QbM,UCvZpRt_4T2NlC9111RxNBug,development,1
21,4561,19236,5ahllSrs_As,UCcijXxFzSXgoM6q9cCtT9PA,test_reserved,
21,4562,19243,pc902tHvtrs,UCBo33J_bzwgdK7Gzc_YPjLA,development,2
21,4563,19247,WmEpB42NuYc,UCA5xW2Ce7KT2AtxzDYDebCA,development,5
21,4564,19249,SbTi14rKnF8,UC6jQt9K_jqnBNtsRf7hXHsA,development,5
21,4565,19256,rjoQbzoABJ0,UCvZ8sPFxYngz2JN3DG93fOw,development,4
21,4566,19265,aZMobTIq8mo,UCLx0BJNc11RlbIR5JHH-qmw,development,3
21,4567,19267,lQDlUvTXfus,UCPXSUKHTNc1_hnHuj-UiQWQ,test_reserved,
21,4568,19269,zF22siZfKyQ,UC33e0vM5W6gm82W5WuoGB9A,development,1
21,4569,19270,ngcNVWsZg8Q,UCPXSUKHTNc1_hnHuj-UiQWQ,test_reserved,
21,4570,19273,P7SadkxXjac,UCUh8FFbl1BfRmzL9t4Fkykw,development,4
21,4571,19278,aWSs0PP2Oos,UCCK3OZi788Ok44K97WAhLKQ,development,2
21,4572,19284,zI-n10qFfOw,UCCK3OZi788Ok44K97WAhLKQ,development,2
21,4573,19290,EBz8jmY6b_E,UCvfwXFsI8J-iRMpG1SE8lgw,development,3
21,4574,19291,VjYvc59uFzQ,UCckltLEhFLv8Xz_lQhYfwmg,development,1
21,4575,19297,Q4qfU-1DlW8,UC_nFt7ialY-bZ-nUFwzY_hg,development,3
21,4576,19298,gltB6Ucf--Q,UC265AWt6bbPKJcmpQwhif2A,development,1
21,4577,19299,ipuS9E1Dp7U,UCsPfJqaUdMINzYqBCEjwknQ,development,2
21,4578,19303,bc_0n9u47bU,UCycXr279zf5T3LXlOV4z6Ug,development,5
21,4579,19304,Xr1BUChRFqc,UC2vkiMjVj6b_1hq0q3J5pyQ,development,2
21,4580,19306,ALgcsVRL5Hw,UCgnFSj7jQffD5V5m05j4dPw,development,5
21,4581,19312,0-Bc7AeWT8w,UC1YGPDtctHGJWW0NrlQVklw,test_reserved,
21,4582,19326,TyKT2IfmiQs,UConDLpzQN5uiqRMUD1yYKZQ,development,1
21,4583,19327,dm8e8gMb758,UCPXSUKHTNc1_hnHuj-UiQWQ,test_reserved,
21,4584,19329,jVgzXWNnnBA,UCc30sTBdN9LRSxEuHaXV_bQ,test_reserved,
21,4585,19331,AGvdjNfcd8o,UCdl01jabKqzbe0XoZmn1y9A,development,3
21,4586,19335,flGqIx1i51U,UCckltLEhFLv8Xz_lQhYfwmg,development,1
21,4587,19347,NFY49NRu0s4,UCcspHoBTj_aLhnJLwkMpWHQ,development,5
21,4588,19350,BL_IPot93LY,UCcijXxFzSXgoM6q9cCtT9PA,test_reserved,
21,4589,19351,1JRdkA4NrNc,UCgnFSj7jQffD5V5m05j4dPw,development,5
21,4590,19364,AIKKjbnNQ6o,UCXSus5Zss-0FP1quj0Mpndw,development,3
21,4591,19366,t0l44HxWZZk,UC7mhtAaF1ESJgCozpoS2lcQ,development,2
21,4592,19369,C3pVZHeVvlU,UClcIQJ6q-HsROoyWms8B8tg,development,2
21,4593,19374,lEwm9B8O9JY,UCRB8mrLCcwTPlJOMUy9MDUg,development,2
21,4594,19379,M16TA9Ei5Qg,UCFgCY_hRcewKGqE5LmaeT8Q,test_reserved,
21,4595,19380,KEa25TRtg_8,UCn0XmAUFv6d2tofMFEesSNw,development,5
21,4596,19402,7hYPVGByCyg,UCPXSUKHTNc1_hnHuj-UiQWQ,test_reserved,
21,4597,19404,SSURGxICmwo,UCZXcD8T3zClfNAlDwHCdg6w,development,1
21,4598,19417,37d8duN-Y-w,UCUh8FFbl1BfRmzL9t4Fkykw,development,4
21,4599,19421,x-FfwEdQV-4,UC6jQt9K_jqnBNtsRf7hXHsA,development,5
21,4600,19427,yUmMOSx54tY,UC6IHfZ-Rez2LR0PH01YxL7w,development,3
21,4601,19433,dvl8cl_TuNQ,UCh9qXeL8eP3Txra2908xksg,test_reserved,
21,4602,19435,Un2DK3fr7-U,UCnT7Z6-yqjhM__jZbK_B3kw,development,4
21,4603,19437,x2XGr9F92g0,UCaESx7Bdghv_UICcG1hBkcg,development,5
21,4604,19445,ebWnweSLIGM,UCgnFSj7jQffD5V5m05j4dPw,development,5
21,4605,19450,F9MUjgw4s_w,UCPZ5BVdQNI36_gBwBLhPUiQ,test_reserved,
21,4606,19452,8DJzA93Uy9c,UCVXCitEEweQox0oyIsJONrQ,development,3
21,4607,19454,1k0QQ9ygV0M,UC2sO_F_Ky4LIAUtSJYXqBDA,test_reserved,
21,4608,19455,SUBqC1P7_28,UC8qBNfgWRK_WYYGSmmrfgPA,test_reserved,
21,4609,19457,Z_iKKILT72Y,UCCK3OZi788Ok44K97WAhLKQ,development,2
21,4610,19458,dBzS35ZjYrU,UCRDDfbYPHX_GUJ4lcQYTc8A,development,4
21,4611,19462,Rvg1Gbd703I,UCOiMY00_ZLijPF6InrCl0TA,development,4
21,4612,19466,kV7ubNwN-Mw,UCizY5U-GpEdZXFsSbIUIogQ,development,3
21,4613,19468,_MAUXiE23AU,UCckltLEhFLv8Xz_lQhYfwmg,development,1
21,4614,19470,YfqH9_kgBM4,UC0ZcZzDZe8x6-olaRR5-wYw,development,4
21,4615,19472,uxZtPy_6Uzk,UC5R7F4Mw_ZV1c4tYe4UKLIg,development,1
21,4616,19473,CIwrnh1t5xg,UCjb7az4gRN12iu0MTUtqJ5Q,test_reserved,
21,4617,19476,CrIyAJ6biQw,UCCK3OZi788Ok44K97WAhLKQ,development,2
21,4618,19483,9dweB3vxO8Y,UCCK3OZi788Ok44K97WAhLKQ,development,2
21,4619,19485,B3IKIojKtG8,UCLx0BJNc11RlbIR5JHH-qmw,development,3
21,4620,19487,aMTg0LkBbeE,UCckltLEhFLv8Xz_lQhYfwmg,development,1
21,4621,19489,65za0owp2rQ,UCnRmorY-xMkotuJSykIMPsg,development,1
21,4622,19493,V35yYl-67Uo,UCfTCfcZwZ9U0jMO-6fVEYoQ,development,5
21,4623,19497,yi3hvCHbgyA,UCgnFSj7jQffD5V5m05j4dPw,development,5
21,4624,19498,2PZvBs3odNY,UCPXSUKHTNc1_hnHuj-UiQWQ,test_reserved,
21,4625,19513,OFSCJpxglwA,UCOtYyt7W5PmPnwQjWWF_Z-Q,development,3
21,4626,19516,OiLOzIeoPvQ,UC0554zf4RvVkxwt_tS4Wx_g,development,3
21,4627,19520,sUEXRL22zKg,UCn0XmAUFv6d2tofMFEesSNw,development,5
21,4628,19522,P1-9HjDqZ5U,UCOtYyt7W5PmPnwQjWWF_Z-Q,development,3
21,4629,19523,A9oNbiNPPek,UCckltLEhFLv8Xz_lQhYfwmg,development,1
21,4630,19526,KFiyr9rOn-M,UC0nMJ3QNryBHZpy1P3Wamwg,development,4
21,4631,19529,WbVcGdWAOi8,UCcijXxFzSXgoM6q9cCtT9PA,test_reserved,
21,4632,19530,w--WLKU2_30,UCRDDfbYPHX_GUJ4lcQYTc8A,development,4
21,4633,19531,w4N2nDyUGzE,UCCK3OZi788Ok44K97WAhLKQ,development,2
21,4634,19537,WLmQlwFJO3g,UC5_mCvFp3zgtxoX1W9yHHHQ,test_reserved,
21,4635,19544,HTs_IK0eCTY,UCmGMChEd9jBucufrWcpk3Ew,development,5
21,4636,19546,zbQL9hPuyRQ,UCCK3OZi788Ok44K97WAhLKQ,development,2
21,4637,19549,ayCksug8UrI,UCx7lEnwLHxO9yPjOotGb-bA,development,3
21,4638,19553,DmhkIGj5PYQ,UCsLoRcb3FvB-uK3F1_zqXbw,development,3
21,4639,19557,XL5hfzzM6g0,UCn0XmAUFv6d2tofMFEesSNw,development,5
21,4640,19558,dI-ErkYG370,UCQIWzvLOlB4tu84TtOTJCGg,test_reserved,
21,4641,19561,_OYLtBwDJZg,UCAH7R88V7gz7RqJv78nNOzg,development,3
21,4642,19568,HJzdxqFY9ks,UC8a89-tnN8wKeI1Xm4-5wqw,development,1
21,4643,19569,CL_0Q4wiRdg,UCckltLEhFLv8Xz_lQhYfwmg,development,1
21,4644,19571,C1PYBfk4kt4,UCJojbxGV0sfU1QPWhRxx4-A,test_reserved,
21,4645,19572,RbajFxdzK1g,UCckltLEhFLv8Xz_lQhYfwmg,development,1
21,4646,19575,n0niEJhTfRQ,UCckltLEhFLv8Xz_lQhYfwmg,development,1
21,4647,19578,mg3HfD9K5II,UCt_fUooMgak5Ev6yI08x8IA,development,3
21,4648,19579,lubfaJODJyY,UCcwCsuV7bOpTfqf2UvLfYmg,development,4
21,4649,19598,OFQFZWt1W1Q,UCA5xW2Ce7KT2AtxzDYDebCA,development,5
21,4650,19599,YSuRZt5a4X8,UC2PXUxzmQE8jNanGxwndSjw,development,1
21,4651,19603,au5XStg57hs,UCKuDeSAQOkDnBpiSa0gJN0A,test_reserved,
21,4652,19604,ztmnpGju0fM,UCc30sTBdN9LRSxEuHaXV_bQ,test_reserved,
21,4653,19606,sBdNGtvZYMg,UCnTnjJyH0gAaVrDWiVrCsSQ,development,5
21,4654,19609,wL_sJq7muwg,UCMayHG7j39d11Gh36vV7GnQ,development,5
21,4655,19617,305dy8veudk,UCrcATWZGF_p53r38i6VK0eA,development,5
21,4656,19622,qelVHu9uabc,UCAH7R88V7gz7RqJv78nNOzg,development,3
21,4657,19624,fC_mgcyd6h8,UCKoBVjh6j8amPM6tw6Lb-cA,development,3
21,4658,19625,Nbi1NkzrY2Y,UCPXSUKHTNc1_hnHuj-UiQWQ,test_reserved,
21,4659,19626,YicNOkkWTB0,UCZFZrF8lZizsW3io-ONv_Ig,development,4
21,4660,19632,Q1mMvOjsJ0Y,UCBsrUim15y-s6PfMISCR38A,development,2
21,4661,19635,uTzplBx6UsY,UC28E5W1CJPbQxAQl9tFfzTA,development,5
21,4662,19639,nMuNs6ApbdA,UCCK3OZi788Ok44K97WAhLKQ,development,2
21,4663,19640,R-wKgQTUVd4,UC4EtZkAiRfpNl1QRxWTuXaA,development,3
21,4664,19641,r0tl3uTuPwM,UC0duLcyQT9tghWHfexjuTxQ,development,2
21,4665,19650,WyZFXeLueTI,UCi7NA4jgRbTDZG50Gku70EQ,development,5
21,4666,19652,IsbxL_zt32o,UCbS_glb2N1NVTrDLVryRbng,development,4
21,4667,19660,l1oEytkZgrM,UCCK3OZi788Ok44K97WAhLKQ,development,2
21,4668,19662,av4XdgZ7n80,UC7ky7hEgAEMLo1lrDWJXlNw,development,2
21,4669,19664,DPPoAhZvOOk,UC0OQrrbVFEASTwszPPVOndA,development,4
21,4670,19665,pTfnd5v5aNI,UCTJKLzV1cnAyMf51rwISm7w,development,5
21,4671,19669,FR7CwyF6kZ8,UCjYAhUnrkBujtKI3j3LM2uA,development,3
21,4672,19675,JpFlWuMEthk,UCgnFSj7jQffD5V5m05j4dPw,development,5
21,4673,19677,Q94q2Udpdmg,UCacIRbbu-hgx4sRW6tZPRoQ,test_reserved,
21,4674,19680,9AW5K_pSVKg,UCsAPX_-Yu9O_3dJu0aUj_BA,test_reserved,
21,4675,19685,Yw0ZCxlecYg,UCCK3OZi788Ok44K97WAhLKQ,development,2
21,4676,19687,DAJbpthFvL4,UCjpGxXMEnHYxF_T9ZIeieqg,development,2
21,4677,19688,_ekEvQwjhkU,UC1YGPDtctHGJWW0NrlQVklw,test_reserved,
21,4678,19692,1fAwc8gVR88,UCbS_glb2N1NVTrDLVryRbng,development,4
21,4679,19696,SqUwoaOSosw,UCAH7R88V7gz7RqJv78nNOzg,development,3
21,4680,19698,gNQVj4kZ9iY,UCYweMykEAI5aaRztqrJuuAg,development,5
21,4681,19704,DUXUl-JFKro,UCc30sTBdN9LRSxEuHaXV_bQ,test_reserved,
21,4682,19708,uMEXeJnTAs4,UCckltLEhFLv8Xz_lQhYfwmg,development,1
21,4683,19711,nseIGh1dw7k,UCcijXxFzSXgoM6q9cCtT9PA,test_reserved,
21,4684,19713,Qv-G-xO7050,UCwRAPq0zLdVsb440xKGBx2w,test_reserved,
21,4685,19722,rlhHamVKcQ0,UCckltLEhFLv8Xz_lQhYfwmg,development,1
21,4686,19725,NXcRMIcyNTk,UCIahchcgnpQIfghjuVKyYWQ,development,4
21,4687,19726,LDFUeWXAFQo,UCTa7XGYF8a8jFVozt8rEIlw,development,5
21,4688,19727,2hEKO6gfJgE,UCCK3OZi788Ok44K97WAhLKQ,development,2
21,4689,19736,uvz68tkFXEM,UCQTcNhAZidy1i9wwmdgf2Lw,development,4
21,4690,19740,uNbT3Re5MHM,UC1YGPDtctHGJWW0NrlQVklw,test_reserved,
21,4691,19742,_13-ww9UHN4,UCA5xW2Ce7KT2AtxzDYDebCA,development,5
21,4692,19748,tRmORtO2mwk,UCSSdxN7FMswC7GFnvVON-eQ,development,5
21,4693,19759,H0TVTAp1CAo,UCOupsF9ZsNIg_NybXseZaQg,development,5
21,4694,19771,r40lztIlbRY,UC6jQt9K_jqnBNtsRf7hXHsA,development,5
21,4695,19774,Ii040gaii-E,UCckltLEhFLv8Xz_lQhYfwmg,development,1
21,4696,19778,3CSvB-Z4-jY,UCJsP6VDsHsorL2IgKOTdiEA,development,2
21,4697,19779,B-SWkRvihHE,UCbS_glb2N1NVTrDLVryRbng,development,4
21,4698,19790,HEiW_6qocXo,UCLR467wlkHhrQjVq-0bdKng,development,1
21,4699,19795,6aWIa-B6biU,UCckltLEhFLv8Xz_lQhYfwmg,development,1
21,4700,19796,hpMXQL6zcUk,UCm8I2aLYgPm_gdzw4SSkiGg,development,3
21,4701,19801,G-T76X4X1BE,UCfVmYgJP_bBt00lLtPGsbcQ,development,5
21,4702,19802,XvwS86RNH5M,UCYNv_RN_4R-wm_G69MDF4Ig,test_reserved,
21,4703,19803,kcKNYW7dMZg,UCckltLEhFLv8Xz_lQhYfwmg,development,1
21,4704,19805,EQgyN10zTlk,UCn0XmAUFv6d2tofMFEesSNw,development,5
21,4705,19807,gGpcp9SPZrY,UCgnFSj7jQffD5V5m05j4dPw,development,5
21,4706,19809,IZsqCmgGTpw,UCckltLEhFLv8Xz_lQhYfwmg,development,1
21,4707,19812,4MnxhGBQASg,UCsCQCWlu99DEzeCG3hdOR3g,development,1
21,4708,19819,hB3vt5vdpyI,UCbS_glb2N1NVTrDLVryRbng,development,4
21,4709,19828,j94YkQYv0y0,UCckltLEhFLv8Xz_lQhYfwmg,development,1
21,4710,19835,ELuAE3iMmIo,UCmLefvOWUhvzrk0ToJbK2AA,test_reserved,
21,4711,19836,Vv_esZss0so,UCVfnhhDIkkBJ_1QyzCqeVDg,development,5
21,4712,19841,5anCIS9Ei8c,UCOtYyt7W5PmPnwQjWWF_Z-Q,development,3
21,4713,19845,dEWGMNjaMdY,UCs_mHlm5_C82W5WCIJaSMbQ,development,3
21,4714,19847,LzsryyMUByo,UCuTgmLxqarTxuBU5ARMYUNQ,test_reserved,
21,4715,19856,Jk2BEEV21_0,UCckltLEhFLv8Xz_lQhYfwmg,development,1
21,4716,19857,8fMOD3scoww,UCEoAl837WtAzW_HMqEHPi5Q,development,2
21,4717,19865,t_Jb9Z2Yt1E,UCPXSUKHTNc1_hnHuj-UiQWQ,test_reserved,
21,4718,19873,LiPT4x8NSqs,UCCK3OZi788Ok44K97WAhLKQ,development,2
21,4719,19875,2q0JjdEPXQI,UCgnFSj7jQffD5V5m05j4dPw,development,5
21,4720,19877,VUplgqeFbyg,UCaIc6SgS90ud_RgMSC6hW_w,development,3
21,4721,19882,PPtiRbktI1M,UCaESx7Bdghv_UICcG1hBkcg,development,5
21,4722,19889,qLmYw_BXUS8,UCLwwxYXhMc1fCIAnaO8nYrQ,development,5
21,4723,19890,NSjirZyINfs,UCWNxnJNkwZPyv3rJwWRlzZQ,development,1
21,4724,19897,R6zkx4Ahgxk,UCBQ_5txpN9srcPmkpJytDvw,development,1
21,4725,19898,kjlJgANI59E,UCIKg0Ev6Vq2M7hU7bL_jHFQ,development,4
21,4726,19901,Mu_M1UcTRBM,UCVfnhhDIkkBJ_1QyzCqeVDg,development,5
21,4727,19902,iFd_4VbXYp8,UCCK3OZi788Ok44K97WAhLKQ,development,2
21,4728,19909,IYjcxQmruLU,UCCK3OZi788Ok44K97WAhLKQ,development,2
21,4729,19910,S4sC606qL2A,UCvC0uMBUgREW9u8JZ_ZnLSg,development,1
21,4730,19912,MSEYYv4KcG8,UCbS_glb2N1NVTrDLVryRbng,development,4
21,4731,19916,VDGVzMMTBUs,UC5-n2dfksESEt3ATmM6Uujw,development,4
21,4732,19917,j5jJGxUPKSk,UCbVw-Yr6A7L4hPi8W6zsQlw,development,3
21,4733,19921,5Rs1pZt_hHI,UC5uGexidH3WqbErqSX_EGJA,development,5
21,4734,19929,qNfAYhRaG30,UCcijXxFzSXgoM6q9cCtT9PA,test_reserved,
21,4735,19930,lirqWgoZWAg,UCckltLEhFLv8Xz_lQhYfwmg,development,1
21,4736,19932,pmJJDCkeVEg,UCmyEUjIqwiTwx6MFT19FD0g,development,2
21,4737,19937,ygpfCUUGA2o,UCDqFysWGVtduHRyawK8oJkw,development,1
21,4738,19946,XrdMnR1_tj4,UC8U5Mgl9nbkm5vOJ0SMtQgA,test_reserved,
21,4739,19949,i6YwKjvEg0g,UCbS_glb2N1NVTrDLVryRbng,development,4
21,4740,19957,MWymdL1H65Q,UCCK3OZi788Ok44K97WAhLKQ,development,2
21,4741,19959,yYU8WDwnKCQ,UCl5xacxsAhltNGtiMktd_Sg,development,5
21,4742,19960,1oCL039Fc-Q,UCcijXxFzSXgoM6q9cCtT9PA,test_reserved,
21,4743,19966,KUqY_5ABAoU,UCdl01jabKqzbe0XoZmn1y9A,development,3
21,4744,19968,1viYpH407bM,UCzeBunsQThQMJuN7ldtbeRA,development,1
21,4745,19969,dFHAz4p_SWI,UCF11-Puqxb0jdeWNc7F_Fcw,development,1
21,4746,19973,WjXkvjsVpiU,UCWOPf0r-xlLNlPHvJO9Gkuw,development,5
21,4747,19979,_1-kgVbMB1M,UCckltLEhFLv8Xz_lQhYfwmg,development,1
21,4748,19985,84khAx1VFME,UCzeBunsQThQMJuN7ldtbeRA,development,1
21,4749,19986,3lzWs9MoUvE,UCC4ytg6VTSI4EMTJoorjQtw,test_reserved,
21,4750,19988,PJ-zrJ8SZ3E,UC1hcl0aIr9KtXA-Kiq9itqw,test_reserved,
21,4751,19991,eLAJzon6Gmg,UC5fkr-uG2-yAEbwbJV-QIxg,development,3
21,4752,19994,A9AXj7VR324,UCoYoYVojg-QGFH7VyKMpB8w,development,2
21,4753,20000,-mV6NrzYgxA,UCMWnOdzJ0NRbLBoHkhKLZhw,development,4
21,4754,20001,j2cC-V5Wvio,UCfxrtRajRgkbSCct-w7jErQ,test_reserved,
21,4755,20002,qJA754C7xmU,UCckltLEhFLv8Xz_lQhYfwmg,development,1
21,4756,20007,DykBWtIiHSs,UCckltLEhFLv8Xz_lQhYfwmg,development,1
21,4757,20011,dTrmQOkofOI,UCckltLEhFLv8Xz_lQhYfwmg,development,1
21,4758,20013,CvTmu0bvUCM,UCyKNjZkJTmFuYSTx5HLPsPQ,development,2
21,4759,20025,NiKlP1kw0bo,UC6aSX46078fvOY9bY9ZUTYw,development,5
21,4760,20031,4e4WIb28eq8,UCbS_glb2N1NVTrDLVryRbng,development,4
21,4761,20034,Tbw7B_uewcs,UCDRvVQA5TYL0TFYjA6jcHag,test_reserved,
21,4762,20039,hS9ftmLNH3E,UC4VkNi2RZSJyqXsFaJYfsPg,development,4
21,4763,20040,CJNYDNZLB2E,UCfVmYgJP_bBt00lLtPGsbcQ,development,5
21,4764,20048,3N7OCnf9ZdU,UCql-jEixeuMcyabHRYqr-Zw,development,3
21,4765,20049,47RZkQ40dn0,UCbS_glb2N1NVTrDLVryRbng,development,4
21,4766,20051,a_XtN2-6_Bg,UCoPGkvh-1AoSzh23-ROXrpw,development,3
21,4767,20060,LqhmvaTyYk0,UCQkPhQ-6NhA1v7Tpsp6EnKQ,development,2
21,4768,20061,px8IKYK2gZk,UCaESx7Bdghv_UICcG1hBkcg,development,5
21,4769,20063,YvFiN0Uzpzk,UCgnFSj7jQffD5V5m05j4dPw,development,5
21,4770,20087,q11wEOHLjHI,UC0AQUZV55ALmw7y4w4UJRYQ,test_reserved,
21,4771,20098,n1Dc3CYgyCk,UC-GRFwciK7JiP8T4tl0pftQ,development,3
21,4772,20101,5ftRpmRsOp8,UCCK3OZi788Ok44K97WAhLKQ,development,2
21,4773,20106,n_mvm6kgua0,UCr5BVR_ePEz_9V-KF5rSEmQ,development,2
21,4774,20113,ReL3-AD4xBI,UCke4NBMcOwRbe9O1utY7b4g,test_reserved,
21,4775,20116,9tJGtSiWDHY,UCYweMykEAI5aaRztqrJuuAg,development,5
21,4776,20117,MBa9GP0qBE8,UCNcI0kxp_9BiBiLQUviN-hw,test_reserved,
21,4777,20120,9O5b8mn5T1w,UCbS_glb2N1NVTrDLVryRbng,development,4
21,4778,20121,KhH6w165euw,UCCK3OZi788Ok44K97WAhLKQ,development,2
21,4779,20124,llcPAHdJNA0,UCCK3OZi788Ok44K97WAhLKQ,development,2
21,4780,20134,BpuY2bDsuko,UCaIc6SgS90ud_RgMSC6hW_w,development,3
21,4781,20136,2xme00hamVk,UCNE9NOD2gYqalo9436sfW4Q,development,2
21,4782,20139,a5pFgMf4Zog,UCol1SzfebXhRo0ltxOJZ9cg,development,3
21,4783,20146,W_F9Vj_8uvk,UCCK3OZi788Ok44K97WAhLKQ,development,2
21,4784,20147,aeDrrrLnQfw,UC2oGrNhMUyWu5yzEJ_j1PMA,test_reserved,
21,4785,20148,pVJwiO3LYBQ,UCixHOFltSlDzQezAiDC--wg,test_reserved,
21,4786,20150,SzXB_Cpti-E,UCIKg0Ev6Vq2M7hU7bL_jHFQ,development,4
21,4787,20151,OouK6c2hYyM,UCgnFSj7jQffD5V5m05j4dPw,development,5
21,4788,20162,XITfHPfYqV0,UC8U5Mgl9nbkm5vOJ0SMtQgA,test_reserved,
21,4789,20176,p5KtNUeRuRk,UCdl01jabKqzbe0XoZmn1y9A,development,3
21,4790,20179,iVWwQWTCgBE,UCfVmYgJP_bBt00lLtPGsbcQ,development,5
21,4791,20185,YwHB_j2_Gak,UCCK3OZi788Ok44K97WAhLKQ,development,2
21,4792,20188,A_iL53pDNMo,UClcIQJ6q-HsROoyWms8B8tg,development,2
21,4793,20195,CrJaEk4d4WA,UC-GRFwciK7JiP8T4tl0pftQ,development,3
21,4794,20200,W3YZLA5-tMg,UCCK3OZi788Ok44K97WAhLKQ,development,2
21,4795,20201,9xlwkCvLz3Q,UC1YGPDtctHGJWW0NrlQVklw,test_reserved,
21,4796,20204,1Be0bIFwhaQ,UCcijXxFzSXgoM6q9cCtT9PA,test_reserved,
21,4797,20208,_YhpljTwbTs,UCu3jIK2NBSXc0_YaFqEuIrg,test_reserved,
21,4798,20210,IjFml3yBMr8,UCVd1jcy6wKFzfQ5E-Txtg-w,development,4
21,4799,20217,8OWLJHHJG_U,UCG0j1mTQov3RVBgLgh6wbKg,development,2
21,4800,20224,1KRc94-I9kc,UCCK3OZi788Ok44K97WAhLKQ,development,2
21,4801,20230,NyImex1AURk,UCol1SzfebXhRo0ltxOJZ9cg,development,3
21,4802,20237,alqlvHitVjI,UCVfnhhDIkkBJ_1QyzCqeVDg,development,5
21,4803,20239,KTyAWhDRiiI,UCPXSUKHTNc1_hnHuj-UiQWQ,test_reserved,
21,4804,20243,BrpP7ySpWYI,UC1YGPDtctHGJWW0NrlQVklw,test_reserved,
21,4805,20247,fU6a1WzguyI,UCcijXxFzSXgoM6q9cCtT9PA,test_reserved,
21,4806,20251,wRkvpsZG9NE,UCbS_glb2N1NVTrDLVryRbng,development,4
21,4807,20257,84U0IkoAww8,UCgnFSj7jQffD5V5m05j4dPw,development,5
21,4808,20263,e0FI2bdjppo,UCAH7R88V7gz7RqJv78nNOzg,development,3
21,4809,20267,YXdg40wCikE,UCA5xW2Ce7KT2AtxzDYDebCA,development,5
21,4810,20269,dDpnJq0N4D0,UCPXSUKHTNc1_hnHuj-UiQWQ,test_reserved,
21,4811,20275,oIrk33zA7K0,UCpRgfr4_Eax0HHa2rwkRQ2w,development,5
21,4812,20287,_Jyv1GyMMng,UC944GuW0gSM0srEsZSZRQEQ,test_reserved,
21,4813,20296,ARMK8hbZiGE,UCCK3OZi788Ok44K97WAhLKQ,development,2
21,4814,20297,PzRQn58Fmvo,UCdFAl3bZf7bi7A5HX7USKzg,development,2
21,4815,20299,ziUFlycUvjY,UCcg4tDKgPLIc_x3lhWdogLg,development,3
21,4816,20301,PjVMtjmgsVw,UCrVFS_0PdV7AwyTgR13IcVg,test_reserved,
21,4817,20304,JETFJj2vVdE,UC1YGPDtctHGJWW0NrlQVklw,test_reserved,
21,4818,20306,0FCUa8-7LnU,UCBsrUim15y-s6PfMISCR38A,development,2
21,4819,20309,SJnV-o6QiiI,UC9iEv8PqeHuC3ZVt0QqN-pQ,test_reserved,
21,4820,20310,4PDxgWFBTv0,UCDhV2dS5kewSaccFl9g66sw,development,3
21,4821,20315,KgDMdzGTsrU,UCPaa9NR1c6o7QW8kHYbR9Rg,development,2
21,4822,20319,quHTkrxDv_U,UCvr8FfbItix2xyxAqRpq2kw,development,3
21,4823,20322,HgY6f57WR34,UCV-q7cRK5yFYEFzWuoQOmQQ,development,5
21,4824,20336,n6XGXEIvW8c,UCyrW9aDENkU6G6URdVFwB9g,development,3
21,4825,20349,VFwVCkaLNWE,UC1YGPDtctHGJWW0NrlQVklw,test_reserved,
21,4826,20351,-NdSlomxfR8,UCAH7R88V7gz7RqJv78nNOzg,development,3
21,4827,20358,0sbd9AUjnvc,UCFT4DBU0rueVksywB2DKhXQ,development,5
21,4828,20359,Xtpze6KD-3k,UCaFC8Yo8pGEvX5hu5J6tGDg,development,1
21,4829,20360,WEbP5vi_pQ4,UClCjoJ0fs2RqaRTjukU1jQA,development,5
21,4830,20364,g_LJT7AJOd4,UCvivK4AwTrkPBnmrObTFxaQ,development,1
21,4831,20365,dnMCzV78QRI,UClCjoJ0fs2RqaRTjukU1jQA,development,5
21,4832,20374,y7Du8l5hPtc,UCGEeNPF0Cte1o-hjs6KLI2w,development,5
21,4833,20380,7rwuKa6iOho,UC0ZcZzDZe8x6-olaRR5-wYw,development,4
21,4834,20382,71rOKqx8nnQ,UCSSdxN7FMswC7GFnvVON-eQ,development,5
21,4835,20386,nouJmT-U3ok,UCKIAuvwMPOv0uVrGdGS2V7w,development,2
21,4836,20387,f2-oulsnJDc,UCzf5q2CCnb-vJes5m0YWI7w,development,1
21,4837,20389,Ek8d-ZB8d_E,UCcijXxFzSXgoM6q9cCtT9PA,test_reserved,
21,4838,20390,0UavPzNvVvs,UCnqTWrNbHl4SvL60MCE693Q,development,1
21,4839,20396,I0v7pb7toLk,UCMcbA7PGSiHNM1SqqTmKK9w,development,1
21,4840,20400,QzKBRzboXNE,UC1YGPDtctHGJWW0NrlQVklw,test_reserved,
21,4841,20406,kB1GA_RQsS8,UC7VHe11jBXRYLqf5T3AAHeQ,development,1
21,4842,20411,OelDlN4v2xc,UCckltLEhFLv8Xz_lQhYfwmg,development,1
21,4843,20412,0vgbVjNk-dw,UCckltLEhFLv8Xz_lQhYfwmg,development,1
21,4844,20418,gMKUKqONXps,UC5uGexidH3WqbErqSX_EGJA,development,5
21,4845,20428,nkqqGTXpRjc,UCahcA_PBZFfp0a0yY31khyg,development,5
21,4846,20431,QqDp9febznE,UCxyOEiDidNJQGoMJXjOVW7A,development,2
21,4847,20433,J05AaKQuEZs,UC2b5VAYjsOfepl9nAXgRmfQ,development,4
21,4848,20445,y4w48y8NG60,UCCK3OZi788Ok44K97WAhLKQ,development,2
21,4849,20453,uBMlnVMdEy0,UC8lKgUHo-2mSR5cRRXO9xow,development,3
21,4850,20468,EEIaw_Yg-f8,UC1YGPDtctHGJWW0NrlQVklw,test_reserved,
21,4851,20472,h8Zvm4wvRow,UCm6FpVN_cg2tGqHVDc9QpMg,development,2
21,4852,20480,Nb6iQMwR2lY,UCcbOsE5_4LEjtQi8X2PFxDw,development,3
21,4853,20486,CpIH1tyPiRs,UCaESx7Bdghv_UICcG1hBkcg,development,5
21,4854,20489,5FsnSW0JNyM,UCQTcNhAZidy1i9wwmdgf2Lw,development,4
21,4855,20495,gXXYnUPEmqY,UCAH7R88V7gz7RqJv78nNOzg,development,3
21,4856,20500,EPsZaryWdXU,UCcijXxFzSXgoM6q9cCtT9PA,test_reserved,
21,4857,20505,Ig2no5jUpks,UCXSus5Zss-0FP1quj0Mpndw,development,3
21,4858,20509,s26P9fb6vqE,UCAd1_DwT2iKc8s7rH6Af9lA,development,4
21,4859,20511,-rCsism0544,UC8lKgUHo-2mSR5cRRXO9xow,development,3
21,4860,20512,utmAs5u674s,UCckltLEhFLv8Xz_lQhYfwmg,development,1
21,4861,20532,qYC1h_kmYdI,UCP591ev4r952IF-hXQDnw_Q,development,1
21,4862,20533,lPji917U8ug,UCQTcNhAZidy1i9wwmdgf2Lw,development,4
21,4863,20536,ZiyEUNTtQWg,UCYEmdesrRlDICr6v6LnX5Bg,development,3
21,4864,20537,0u5OKGyKCGQ,UCqrqt9Egbp4Voh3iEUUoorw,test_reserved,
21,4865,20539,VD-yAv5uDxA,UCRB8mrLCcwTPlJOMUy9MDUg,development,2
21,4866,20543,8keCmbqe9JU,UCcijXxFzSXgoM6q9cCtT9PA,test_reserved,
21,4867,20556,NHvuUXZYm9A,UCFdCT7ZJCc9ax1yAqDCQPaA,development,1
21,4868,20559,PfjANaw3IpU,UCcMQKrccZ9c0_GNyXWo8jLg,development,3
21,4869,20561,bqcBnF_5olo,UCAqN1JjVJgOjk2zSdPMJMUw,development,1
21,4870,20562,otdbaa5LEvU,UCPfU0uygBGutjaaJU5PpEvg,development,2
21,4871,20565,ABK9K4oaujU,UCo-ddanTzDs59ea_IG5U52w,development,2
21,4872,20572,7OPJqCjFgN4,UC2b5VAYjsOfepl9nAXgRmfQ,development,4
21,4873,20577,zzmmxqgLUW4,UCvWHrsBBcxstDLGiSaPnoPA,development,1
21,4874,20578,7KjYpV-CKDM,UCckltLEhFLv8Xz_lQhYfwmg,development,1
21,4875,20592,9NlTBs2cukk,UCVqfoMNwM8SIpL6BMGTZbcA,development,1
21,4876,20595,4tA9PhXty9Y,UCpErRATj-Z4ux1lAtBhdfbg,development,5
21,4877,20596,lN72X3znf5o,UCCK3OZi788Ok44K97WAhLKQ,development,2
21,4878,20606,cBvlaTqBzMA,UCFTKhTLqZ7mfqPy0TG534sw,development,2
21,4879,20615,1O-qjAOB6HI,UCoYoYVojg-QGFH7VyKMpB8w,development,2
21,4880,20617,eXlUwXxqYZ0,UCckltLEhFLv8Xz_lQhYfwmg,development,1
21,4881,20626,j55_7BVCtlE,UCLx0BJNc11RlbIR5JHH-qmw,development,3
21,4882,20635,CVbLAUe4cSM,UC0MnP2Iso6enxaJTBZ3_nJw,development,1
21,4883,20636,fGsl-b2TYqc,UC0tV1b7IFEXFUUILF7mAcWw,development,2
21,4884,20637,WZE2GKQ1dsk,UCcijXxFzSXgoM6q9cCtT9PA,test_reserved,
21,4885,20638,P2cxW5Y8Kkk,UCYga1ycTsoZn6Y_xlrdw0iA,development,2
21,4886,20641,EFBZZbOPMmI,UCGSDCIUEvUtO5wzIFtc4AgQ,development,2
21,4887,20645,34V1oUJTeBE,UCMOzBNaskYXY_cN7IeJWQ9w,development,5
21,4888,20650,ZWeVbiWo6S0,UC9mVbiRT4STi4TmCNJ89O9w,development,3
21,4889,20651,pwrk8K-RWIc,UCaESx7Bdghv_UICcG1hBkcg,development,5
21,4890,20652,YxbK5eBxmZw,UCW5J0vbGISAYVK_Oz6m2Dqw,development,5
21,4891,20653,zKlH2xaSZrU,UClCjoJ0fs2RqaRTjukU1jQA,development,5
21,4892,20654,RZhzoY_RN9g,UC3tvYy-s84yySG7V85jRDnA,development,4
21,4893,20655,os7Ha51y5fs,UCOtYyt7W5PmPnwQjWWF_Z-Q,development,3
21,4894,20658,XmUX1D-TZ6E,UCckltLEhFLv8Xz_lQhYfwmg,development,1
21,4895,20659,QX2e9wiFbZA,UCdgWTRipbTuQsIiiPb6fB-A,development,4
21,4896,20660,qL4X0dOAOnE,UCckltLEhFLv8Xz_lQhYfwmg,development,1
21,4897,20671,lnNBYN_EFjw,UCLNz9bgiJfM3ImTtYDOt8Ew,test_reserved,
21,4898,20674,KlsdfdKrvvM,UC95VofaZiQPFwRMaqPhLc0w,test_reserved,
21,4899,20675,DsNZJ1TC8yE,UCkN6eq1DpDITLRKluvmNneA,development,5
21,4900,20676,nQPl8AFfupw,UCCK3OZi788Ok44K97WAhLKQ,development,2
21,4901,20677,jOQ_iL3qcJg,UCbS_glb2N1NVTrDLVryRbng,development,4
21,4902,20683,NePOwZSoyEw,UCOI_wHZTTvcGwvsmlCx4imQ,development,4
21,4903,20693,tAE67UkyhKw,UCgnFSj7jQffD5V5m05j4dPw,development,5
21,4904,20694,bHmkmucGZZk,UCcbOsE5_4LEjtQi8X2PFxDw,development,3
21,4905,20695,rL8omSNnim0,UCAGQUfHzdsgxJ1pq2XDS2TQ,development,2
21,4906,20697,PicVS7RAvWY,UC0ZcZzDZe8x6-olaRR5-wYw,development,4
21,4907,20706,OIUffqhES7I,UCckltLEhFLv8Xz_lQhYfwmg,development,1
21,4908,20710,KTjPFAaDzaQ,UCzO0Ody4SmI_XFRrXW848eA,test_reserved,
21,4909,20712,bVlLCi1uIBI,UCpfrIJXRqOTx2kPVsUytO4Q,development,5
21,4910,20716,SujR5XC4jR4,UCqrqt9Egbp4Voh3iEUUoorw,test_reserved,
21,4911,20722,gVeZOktfoOo,UCh9qXeL8eP3Txra2908xksg,test_reserved,
21,4912,20725,1pvU0luuROQ,UCpamW3WJjX0CgjWGsBxIm2w,development,5
21,4913,20726,hUnocpD3KDs,UC0tV1b7IFEXFUUILF7mAcWw,development,2
21,4914,20731,e9ZxikZnHlM,UClSIhhnuyF8fXtBTpOOTknA,development,2
21,4915,20732,t-g9tDkHUoQ,UCygAzvEJNqZmteflPb1bbGA,development,3
21,4916,20742,mTLKRKpueBw,UCth9R703obgHx665cpiNY9A,development,1
21,4917,20746,bPjQcSWWbkY,UCOgsOVUELkkv_irhET9kK_Q,development,1
21,4918,20748,By1-9fcWzeQ,UCislee3pDHW8zszfqOM73vA,test_reserved,
21,4919,20753,nrqhpiT7yco,UCSw_5fZrselH_au61zvIpJw,development,2
21,4920,20757,2iGGM8XAF3A,UC0l36s7dMwk1GYxmSHAib_A,development,2
21,4921,20758,wEGcn1pUmzI,UCuW9OiaVwvoOraW1Jcc3_uA,development,2
21,4922,20761,Rzd63ZLnd5A,UC2-G0rYWhRDRck575AitgHw,test_reserved,
21,4923,20764,0lF3JcM-5bM,UCA5xW2Ce7KT2AtxzDYDebCA,development,5
21,4924,20767,6xNmVRY679o,UCcijXxFzSXgoM6q9cCtT9PA,test_reserved,
21,4925,20773,Nf9RV9sKJQI,UCcg4tDKgPLIc_x3lhWdogLg,development,3
21,4926,20776,L6UjRkp_VuQ,UC0OQrrbVFEASTwszPPVOndA,development,4
21,4927,20778,lxxlgbT_U1I,UCdgWTRipbTuQsIiiPb6fB-A,development,4
21,4928,20780,N_AycoUceEA,UCE_uaeRZwW7roZqYO31iDWg,test_reserved,
21,4929,20781,972vRcSgNMA,UCQTcNhAZidy1i9wwmdgf2Lw,development,4
21,4930,20788,qXXG8dZd-v0,UCckltLEhFLv8Xz_lQhYfwmg,development,1
21,4931,20790,TCFXONyoll4,UCcg4tDKgPLIc_x3lhWdogLg,development,3
21,4932,20791,G4nezXV9U2c,UCCK3OZi788Ok44K97WAhLKQ,development,2
21,4933,20793,DNP_ZkQeYDY,UCM0S95h2dO5Jv9RXvvLoIew,development,2
21,4934,20805,NU7tkviEh4s,UCx7lEnwLHxO9yPjOotGb-bA,development,3
21,4935,20809,MBiFjI1Y-zs,UCBWG_GjopQPckewo1_IvhLQ,development,1
21,4936,20811,6Z9RJg7LUfw,UC38c_i9VoaIjDpp46l35d0w,development,4
21,4937,20815,p7c9N0TUgIg,UCHxf5NOZYmtmQEOkToogAiQ,development,4
21,4938,20817,Jo0aOsptras,UCckltLEhFLv8Xz_lQhYfwmg,development,1
21,4939,20828,fGF7sSglwK8,UCckltLEhFLv8Xz_lQhYfwmg,development,1
21,4940,20838,rVWP9LHwMyQ,UCbS_glb2N1NVTrDLVryRbng,development,4
21,4941,20843,YKi8G5bKkxo,UCLNz9bgiJfM3ImTtYDOt8Ew,test_reserved,
21,4942,20844,vgZhsc1oZb0,UCaESx7Bdghv_UICcG1hBkcg,development,5
21,4943,20850,9okMLUDTi_U,UCPXSUKHTNc1_hnHuj-UiQWQ,test_reserved,
21,4944,20852,UzJVSJgkaQQ,UCzeBunsQThQMJuN7ldtbeRA,development,1
21,4945,20855,HH5HBlksMP0,UC1bhjbLGPynjnaKIGs8np0A,development,2
21,4946,20856,TAjCaXOMmx4,UCjyASLgz5_yLQtK0fNCNNmg,development,5
21,4947,20860,m7LfRDG1U20,UCw6-MbidLyoWQlvb9FFz5xQ,development,3
21,4948,20862,KZwWtbNfhH4,UCqDMvUe1Zy9QzR-F6X7B5pw,development,3
21,4949,20870,qPTBfSXn-cE,UCQTcNhAZidy1i9wwmdgf2Lw,development,4
21,4950,20872,9UDo76Cc03E,UCjcNG-8w9cevWkScRr6Lp1Q,test_reserved,
21,4951,20875,Ev3PHRwZxMk,UC7mhtAaF1ESJgCozpoS2lcQ,development,2
21,4952,20876,suyOEZory2E,UCckltLEhFLv8Xz_lQhYfwmg,development,1
21,4953,20882,SMxD_vcSgo8,UCfctDMDRq0cS1N8ddyvLfAg,development,5
21,4954,20883,VIioAjlTtKE,UCm_cUbvQZt8A02HMU6vyguA,test_reserved,
21,4955,20892,8BK5QDbyHPs,UCwsNWoSlQUyeWgbVQYZtLOA,development,3
21,4956,20897,tkBkZmpUk5M,UCcijXxFzSXgoM6q9cCtT9PA,test_reserved,
21,4957,20902,XRXK5NiqfdA,UCy-3y3BEH8dFhPsNEnO74Vg,development,5
21,4958,20903,CRyRozxxu5c,UCcijXxFzSXgoM6q9cCtT9PA,test_reserved,
21,4959,20905,CHwXJF3ts8I,UCn0XmAUFv6d2tofMFEesSNw,development,5
21,4960,20909,0c9k65q7rdA,UCpRgfr4_Eax0HHa2rwkRQ2w,development,5
21,4961,20913,OrckE5L5VzU,UCgnFSj7jQffD5V5m05j4dPw,development,5
21,4962,20928,3bWnvikD0BU,UCCK3OZi788Ok44K97WAhLKQ,development,2
21,4963,20930,c2o-Yr8c24Y,UCV-q7cRK5yFYEFzWuoQOmQQ,development,5
21,4964,20935,I2jwT1ryME4,UCcijXxFzSXgoM6q9cCtT9PA,test_reserved,
21,4965,20947,Xdri0hwX8Fc,UCdFAl3bZf7bi7A5HX7USKzg,development,2
21,4966,20948,gwub5hxVjrc,UCDqy-V3qY-xtSmiRHlZIWWQ,development,5
21,4967,20950,iLND5b00o-U,UCs_mHlm5_C82W5WCIJaSMbQ,development,3
21,4968,20951,hrZcgFq-0ow,UCckltLEhFLv8Xz_lQhYfwmg,development,1
21,4969,20954,Dsli1vbvjgY,UCn0XmAUFv6d2tofMFEesSNw,development,5
21,4970,20955,eE6dmv3aXIM,UCAH7R88V7gz7RqJv78nNOzg,development,3
21,4971,20957,nS_rKJ2BSKQ,UCbR7juPwtP-bV_w0840ciYQ,development,4
21,4972,20967,f-4vsilghMw,UCAcPvtBwVq1vqSyPdhqD-UA,test_reserved,
21,4973,20974,2u7iL7bqq1g,UCXfgx23Lw81I4wsCNhdVBgw,development,2
21,4974,20978,ULMN4J_RJIo,UCaESx7Bdghv_UICcG1hBkcg,development,5
21,4975,20982,te3aDSWUoLw,UCdYKWxPPJG4GBg_YdB33vKQ,development,4
21,4976,20986,1l9wkUckDiU,UC_AuTY5qqpUUYFLSDQIbOsg,test_reserved,
21,4977,20988,Xrv0IKoy0i4,UC1sRGiTA976K6kLYAAvSoAQ,development,2
21,4978,20989,GwoqkrmXIts,UCckltLEhFLv8Xz_lQhYfwmg,development,1
21,4979,20993,IRmnZRGR1qQ,UCceS_252pdNUa5ztP_MW8rw,development,1
21,4980,20994,CsoqaM90PoQ,UCckltLEhFLv8Xz_lQhYfwmg,development,1
21,4981,21000,lMGgdtLYUVo,UCOtYyt7W5PmPnwQjWWF_Z-Q,development,3
21,4982,21003,RXC0s8MP6Ew,UCA9KuBy0Gx2lv4-qgvijeRg,development,4
21,4983,21006,T8xHQSKHzk4,UCjboX8rWtjAyU7dI2bd67KQ,test_reserved,
21,4984,21007,5qVks-MT7LY,UC8ZmvQOUKiu6SmICTXzjFnA,development,2
21,4985,21010,HD3hmhFWF5c,UCRDDfbYPHX_GUJ4lcQYTc8A,development,4
21,4986,21014,YstBoYqa_pU,UCV-q7cRK5yFYEFzWuoQOmQQ,development,5
21,4987,21017,qoeRmlMaRQE,UCZ6MS5ygBzz25PnSMaAw8PA,development,5
21,4988,21024,JCTZPRwDz5E,UCsCp9NfFhRhL6DvDjWtAweg,development,1
21,4989,21030,TQdLLbZpDV0,UCckltLEhFLv8Xz_lQhYfwmg,development,1
21,4990,21031,rYdkb_7YmqY,UCaESx7Bdghv_UICcG1hBkcg,development,5
21,4991,21034,EshiY2c9oPk,UCOiMY00_ZLijPF6InrCl0TA,development,4
21,4992,21036,S8yW-A7cs6Q,UCnqTWrNbHl4SvL60MCE693Q,development,1
21,4993,21037,ZV5CY9-QLKA,UCNE9NOD2gYqalo9436sfW4Q,development,2
21,4994,21041,0Jt4qiiD1mw,UCFJbuic3c-Tmr_-jNeUjQcg,development,5
21,4995,21042,lTmxAIF3Lrs,UCvsksEXBnVKBj0QiQ6cnTdw,development,2
21,4996,21045,JGXflmg2jrQ,UC2-G0rYWhRDRck575AitgHw,test_reserved,
21,4997,21048,4dTYldfTV6E,UCJmv3smPAGjWh4URe2nlhag,test_reserved,
21,4998,21051,kGpnaDswNPQ,UC324VVhYKykBv01GecF4aYg,development,5
21,4999,21054,wyHJE8XUWUE,UCmwIKQQjwpjNT8OQ_VZuRfg,test_reserved,
21,5000,21061,yNDxZnd9srE,UCu3jIK2NBSXc0_YaFqEuIrg,test_reserved,
21,5001,21063,IXSpoMUOkHY,UCvZpRt_4T2NlC9111RxNBug,development,1
21,5002,21066,7b8sIHm995E,UCcg4tDKgPLIc_x3lhWdogLg,development,3
21,5003,21068,TUBg_m3mi0M,UCh6ZuRqZK3TX9yt-ssydQ8g,development,5
21,5004,21070,zo0Xhgo8fBo,UCQTcNhAZidy1i9wwmdgf2Lw,development,4
21,5005,21073,nqMEsjcCi0w,UCEuz_HGv5er0LZsztjO4g5Q,test_reserved,
21,5006,21075,mTp_afMCXaw,UCMW_Sgzlaezz3MHg3BtgKbw,development,4
21,5007,21082,N-QV6v3qFHY,UC7-JGEBb4S3an5tS96rlHaQ,test_reserved,
21,5008,21089,fzuzG0Tl0H0,UCol1SzfebXhRo0ltxOJZ9cg,development,3
21,5009,21095,dZsFrfMS250,UCNUf8Lne0SorLxdjyiRKDNA,development,5
21,5010,21097,OvjiGAmtCgs,UC70c3TfvQLB9XPUPMiO3OVw,development,5
21,5011,21098,duROc4U9vv0,UCMQg72D9bcWjW-umvECrcAQ,test_reserved,
21,5012,21109,BTK1LLPKtRs,UCppteM1RMvecJaPP830FMxw,development,3
21,5013,21124,_dWLBtnarkE,UCmqflTSJ6911aCrnaWIXxsA,development,2
21,5014,21125,KiBiLNtpZAg,UCcbOsE5_4LEjtQi8X2PFxDw,development,3
21,5015,21154,xwVb98Aqshk,UCwzBYHwhBK4ygtJiIK8kLhw,development,1
21,5016,21160,eVXKjqkCgRM,UCOI_wHZTTvcGwvsmlCx4imQ,development,4
21,5017,21162,S059epbKvFg,UCcijXxFzSXgoM6q9cCtT9PA,test_reserved,
21,5018,21163,ToUCtMjczkU,UCG0j1mTQov3RVBgLgh6wbKg,development,2
21,5019,21170,lY2QRox69m0,UCrtXFLaJQUh6R8xjW6l5tMQ,development,5
21,5020,21174,NXZ7ZPUgFlU,UCPXSUKHTNc1_hnHuj-UiQWQ,test_reserved,
21,5021,21175,EXHpsFuzrxU,UCM2bvvJY1u3pRBq1DyUHK1A,test_reserved,
21,5022,21179,N6CFeURZNaw,UCZbnxyWoZa7XqECasHrR7Ww,development,5
21,5023,21182,CwwRS7Zq638,UCtIzUW426lTNR34-GGMQvrQ,development,3
21,5024,21188,x4ypdjDBPwk,UCidNC9-9DsHj3FmP5N42Lqw,test_reserved,
21,5025,21200,zSno6uy_I1U,UCfQfw--8dPGypR7sGcXJz0w,development,4
21,5026,21203,nU9S-xFSVy0,UCckltLEhFLv8Xz_lQhYfwmg,development,1
21,5027,21205,3bzAJsP6wTE,UCaIc6SgS90ud_RgMSC6hW_w,development,3
21,5028,21208,GZoXyQOMbfM,UCQTcNhAZidy1i9wwmdgf2Lw,development,4
21,5029,21209,FwkvZp3Wl9s,UC5BT1yMZC1MtgngCRMRZoLg,development,2
21,5030,21216,Vz_FlDw_EqE,UCgnFSj7jQffD5V5m05j4dPw,development,5
21,5031,21223,F3gzr7qmqL8,UCEoAl837WtAzW_HMqEHPi5Q,development,2
21,5032,21225,KRxJI7hDk5M,UCLwwxYXhMc1fCIAnaO8nYrQ,development,5
21,5033,21227,gh3p1dQVj5E,UCXWZGzBJjw0VUPU3Em5gFlQ,development,5
21,5034,21229,vUPfbYSLWwM,UCmJcA129LVCPCxgzQadLtsw,development,5
21,5035,21237,JwSw6yuwJPs,UCFGhJsc1ddSN8819LsMa90w,development,5
21,5036,21244,EXMlnhDSnDM,UCSfmHr5cQvlVKR2f6p8T01w,development,5
21,5037,21246,djlxTzBQddo,UCckltLEhFLv8Xz_lQhYfwmg,development,1
21,5038,21250,35reJpmen9g,UCckltLEhFLv8Xz_lQhYfwmg,development,1
21,5039,21252,6djKmfP2YBs,UCAH7R88V7gz7RqJv78nNOzg,development,3
21,5040,21254,asjkeBaCRmg,UCLN_RAmXWVC0JrVwqdcItBA,development,2
21,5041,21264,o9MHZ5PWLWs,UCckltLEhFLv8Xz_lQhYfwmg,development,1
21,5042,21276,KBxuQfotxxE,UCAgBGlUKoAQFXMUzshrWDgg,development,5
21,5043,21280,fP3n_I7ckJk,UCfQfw--8dPGypR7sGcXJz0w,development,4
21,5044,21285,6T2_5TCdH2c,UCckltLEhFLv8Xz_lQhYfwmg,development,1
21,5045,21293,heg_r1isQSE,UCvfwXFsI8J-iRMpG1SE8lgw,development,3
21,5046,21294,TCqfYY4B3RM,UCRDDfbYPHX_GUJ4lcQYTc8A,development,4
21,5047,21296,NMtUXGQit2M,UCh9qXeL8eP3Txra2908xksg,test_reserved,
21,5048,21300,FGxBkiddvXw,UCLNz9bgiJfM3ImTtYDOt8Ew,test_reserved,
21,5049,21302,x_KEKsgpen0,UCPXSUKHTNc1_hnHuj-UiQWQ,test_reserved,
21,5050,21307,S9SUxzljwsA,UCGjZJ0TN1PlJIEwJXKNlm6w,development,5
21,5051,21310,rW7OmEZ9z2Q,UC9iEv8PqeHuC3ZVt0QqN-pQ,test_reserved,
21,5052,21316,ZIomZw3EDE4,UCpfrIJXRqOTx2kPVsUytO4Q,development,5
21,5053,21319,KgETHR_MFkg,UCTmg1B8yhWyPTgGgPGGazMA,development,2
21,5054,21327,lB3nrBq2UAA,UCckltLEhFLv8Xz_lQhYfwmg,development,1
21,5055,21328,VKk_LHrLsz0,UCckltLEhFLv8Xz_lQhYfwmg,development,1
21,5056,21329,xrqdI73ofDw,UCdFAl3bZf7bi7A5HX7USKzg,development,2
21,5057,21332,kQKdBCzYsxo,UCcCp0B0bypJE4EJjwq8u2lQ,development,2
21,5058,21333,oU8ObMwG71A,UCqPFytj5oPGu7mRFRQ8hclQ,development,5
21,5059,21338,oxtAEm9Kouc,UCV-q7cRK5yFYEFzWuoQOmQQ,development,5
21,5060,21341,hhltFGjY71I,UCOtYyt7W5PmPnwQjWWF_Z-Q,development,3
21,5061,21345,wVZWDBKGNXc,UCzSJmu5JS43eHAs0Ajrq5_Q,development,1
21,5062,21348,_fPGZ7584zQ,UCm4WfjRuxfKL6neixClsh7Q,development,5
21,5063,21352,2NKC6GGK9YA,UCQTcNhAZidy1i9wwmdgf2Lw,development,4
21,5064,21354,Ikc8Obotfdc,UC265AWt6bbPKJcmpQwhif2A,development,1
21,5065,21357,LyHeTSKQE8M,UCMxeqmVKOqiqh7V_A3h4gfA,test_reserved,
21,5066,21359,4pc0sZzYZ_8,UCckltLEhFLv8Xz_lQhYfwmg,development,1
21,5067,21360,WfKfXD6yEyw,UCCK3OZi788Ok44K97WAhLKQ,development,2
21,5068,21361,s1oEayuDwhY,UCLsRogzQ9bw2Efitidd0ikg,development,4
21,5069,21362,-UHId3JeKP4,UCckltLEhFLv8Xz_lQhYfwmg,development,1
21,5070,21363,Bcp5UXTEod4,UCOtYyt7W5PmPnwQjWWF_Z-Q,development,3
21,5071,21365,cypQ-u8yFbw,UCPXSUKHTNc1_hnHuj-UiQWQ,test_reserved,
21,5072,21367,Jdt-jb1bueM,UCql-jEixeuMcyabHRYqr-Zw,development,3
21,5073,21373,99STk7aol54,UCLN_RAmXWVC0JrVwqdcItBA,development,2
21,5074,21375,3UPWdrZU1Ww,UClSIhhnuyF8fXtBTpOOTknA,development,2
21,5075,21376,4Nhlf7may4s,UCmTrMV3RUj_n8dO0Ff-wHOQ,development,4
21,5076,21379,naIgkfGiGws,UCAH7R88V7gz7RqJv78nNOzg,development,3
21,5077,21385,8et4QOqGqkg,UC3cLeuBcLQ2vwEbVfdlfXyg,development,1
21,5078,21388,WT58WI3sHKA,UCzQ15V_zn2VoGUZrMhXw4vA,development,2
21,5079,21389,pIIU05kQmuY,UC4Pb9SEsCb1EpsXVYAVVajw,development,2
21,5080,21390,ELP17aUTPD8,UCbS_glb2N1NVTrDLVryRbng,development,4
21,5081,21392,lmFNLeRMB_E,UCckltLEhFLv8Xz_lQhYfwmg,development,1
21,5082,21409,51rQftQpm_0,UC2oGrNhMUyWu5yzEJ_j1PMA,test_reserved,
21,5083,21431,Nz6XoOHQPoA,UCEuz_HGv5er0LZsztjO4g5Q,test_reserved,
21,5084,21433,2WtV9txX9Zg,UCVfnhhDIkkBJ_1QyzCqeVDg,development,5
21,5085,21434,rACzZLFYHIM,UC0ZcZzDZe8x6-olaRR5-wYw,development,4
21,5086,21436,j-PzvPXC2Bo,UCMaZtErMSOUyfCaiGgPlouA,development,1
21,5087,21441,0awD_qgF7nQ,UCJojbxGV0sfU1QPWhRxx4-A,test_reserved,
21,5088,21449,Kw6WZJ81XQk,UCf48pki8AqjBHuV80LcC7kA,development,5
21,5089,21451,Ki9QQA3hpQk,UCJc1hbJPvG5f2v8iSPG-3CA,development,1
21,5090,21457,VF0VX9N9HgI,UCu3jIK2NBSXc0_YaFqEuIrg,test_reserved,
21,5091,21459,_Crm-uZlmiE,UCf2Iar2LDcFaSCnVH1ZMUkA,development,3
21,5092,21462,Fnws8OvQs7w,UCbVw-Yr6A7L4hPi8W6zsQlw,development,3
21,5093,21465,Sc5dzg8Yxag,UCtGwzTmbkXWhYwuVZQa3kVQ,development,2
21,5094,21467,0UH6Zd-2AtQ,UCcijXxFzSXgoM6q9cCtT9PA,test_reserved,
21,5095,21483,-KAfWSwhxu4,UC3vuLv1EXDUxS_UKLPFJVSA,development,2
21,5096,21489,egR--3pLPSM,UCVWqZXv-sjeFu5jKbQ1cA-Q,test_reserved,
21,5097,21491,RoBLBfppiik,UCgooj1ufFuOk6GD2jq8CbdQ,development,1
21,5098,21494,fNP3MtrLJC4,UCAH7R88V7gz7RqJv78nNOzg,development,3
21,5099,21502,WK7WfKYNABw,UCbS_glb2N1NVTrDLVryRbng,development,4
21,5100,21506,PMvFipoqjxY,UC20RzbPn2zOX8-g15ld7nFw,development,1
21,5101,21508,gQMbvHydgTg,UCckltLEhFLv8Xz_lQhYfwmg,development,1
21,5102,21510,BBEsD2PLn9Q,UCrVFS_0PdV7AwyTgR13IcVg,test_reserved,
21,5103,21515,vrFEhJnYgeU,UCl5xacxsAhltNGtiMktd_Sg,development,5
21,5104,21519,E4hCOYg8AIE,UCPXSUKHTNc1_hnHuj-UiQWQ,test_reserved,
21,5105,21527,AgWGTjRI3kk,UCYweMykEAI5aaRztqrJuuAg,development,5
21,5106,21529,m92gJBO7h4o,UCOKg9DR3c0Aa3A9JCvNrzGQ,development,5
21,5107,21531,VFk5AVV4TqQ,UCVqfoMNwM8SIpL6BMGTZbcA,development,1
21,5108,21533,AeO52wSWNaM,UCckltLEhFLv8Xz_lQhYfwmg,development,1
21,5109,21537,v7TVbz3SHGY,UClW0c4nPwG9CPlkMHCwtKWg,development,4
21,5110,21545,0lkSAo-WbVA,UC6aSX46078fvOY9bY9ZUTYw,development,5
21,5111,21551,YUaQqTAKpXw,UCf48pki8AqjBHuV80LcC7kA,development,5
21,5112,21552,MJe4V1DlZqY,UCPfU0uygBGutjaaJU5PpEvg,development,2
21,5113,21553,4bRlZNtfwGs,UCV-q7cRK5yFYEFzWuoQOmQQ,development,5
21,5114,21554,flHKW-2cuzs,UCoPGkvh-1AoSzh23-ROXrpw,development,3
21,5115,21561,O-vRK763Caw,UCluOn_L83PxMntaWJdrn67A,development,4
21,5116,21562,hxDHnU5msis,UCgnFSj7jQffD5V5m05j4dPw,development,5
21,5117,21563,jbH64UdU2_Y,UCcrsFwwoMvcXYpJ0XldIlVQ,development,3
21,5118,21565,XVgyjs05xOA,UCjKSK3d5r0O78WGnMouSvDw,development,4
21,5119,21566,AX9nJq_-FG4,UCVjyzr_EOtJLtLF_3VKfrWQ,development,4
21,5120,21578,XPCCCEhfXfc,UCm6FpVN_cg2tGqHVDc9QpMg,development,2
21,5121,21580,0yty5c9BqLw,UCCK3OZi788Ok44K97WAhLKQ,development,2
21,5122,21582,i4Wk72ndTi8,UC0RxmX79uHOBvSKKYAQ7Axg,development,5
21,5123,21583,vJxrVvQKszs,UCbS_glb2N1NVTrDLVryRbng,development,4
21,5124,21588,8Mea7M7BhGk,UCOtYyt7W5PmPnwQjWWF_Z-Q,development,3
21,5125,21591,QAEzMgQ0OHs,UCEUE5XgDTMltZBgBmsfpXSQ,development,5
21,5126,21592,Kdp5sNnrY2I,UCl2s_wU_NKeue51sdiP1s0g,test_reserved,
21,5127,21593,JqfzlWXeyo0,UCE_G_4cy5SxO7kHwINqJLeQ,development,2
21,5128,21608,VafM6yojfAg,UCc30sTBdN9LRSxEuHaXV_bQ,test_reserved,
21,5129,21616,cYplso81R0k,UCa7tIPq6XgQs1KhuVoUrw5g,development,2
21,5130,21621,jch6zRWTt-M,UCckltLEhFLv8Xz_lQhYfwmg,development,1
21,5131,21623,sLbVxe_dtt8,UCTlLpPddpcW0ee6y4z9stKA,development,5
21,5132,21624,ncAey_YqV40,UCVXCitEEweQox0oyIsJONrQ,development,3
21,5133,21626,l2EEdQD00vk,UCckltLEhFLv8Xz_lQhYfwmg,development,1
21,5134,21630,NbCpGNSLMYg,UC2vkiMjVj6b_1hq0q3J5pyQ,development,2
21,5135,21632,rKE1nIIzv6E,UCbS_glb2N1NVTrDLVryRbng,development,4
21,5136,21643,C0kQDp1q_-M,UCcijXxFzSXgoM6q9cCtT9PA,test_reserved,
21,5137,21644,zONnZ840NR8,UCJeJFkRVgi7gT7ViTxuHHdg,development,1
21,5138,21645,Fxc1uO2Qx4w,UCOtYyt7W5PmPnwQjWWF_Z-Q,development,3
21,5139,21649,KSqIoeQcod8,UCkLQJFBnqzhJCAvqn99hRUg,development,2
21,5140,21650,HMOt0J0Z6B8,UC8lKgUHo-2mSR5cRRXO9xow,development,3
21,5141,21658,qKClc8Ywpfw,UCSSdxN7FMswC7GFnvVON-eQ,development,5
21,5142,21664,QrRLmQMAZfY,UCV_4W6LL-Iwh0UaT_B6exQg,development,3
21,5143,21665,S-uapyIAdB8,UCcijXxFzSXgoM6q9cCtT9PA,test_reserved,
21,5144,21667,6WyInIdt2P4,UCckltLEhFLv8Xz_lQhYfwmg,development,1
21,5145,21671,_LoiLym2H9U,UCCK3OZi788Ok44K97WAhLKQ,development,2
21,5146,21676,QL9GYoxvvnA,UC0l36s7dMwk1GYxmSHAib_A,development,2
21,5147,21677,8mzCvWYnhUg,UC4-OGkz_qi4h59w_HeqwYjg,development,4
21,5148,21679,zeCiJcEmAko,UCPXSUKHTNc1_hnHuj-UiQWQ,test_reserved,
21,5149,21685,NM2vRxWtnmE,UCzNxbzqN0to4GNb9otFuGJQ,development,4
21,5150,21686,L9XwXJmctG8,UCPJRtoh7x7vEw0-d59JwKiQ,test_reserved,
21,5151,21687,WU93-Qgcu-c,UC5-n2dfksESEt3ATmM6Uujw,development,4
21,5152,21698,UeJhYU1EQas,UCVWqZXv-sjeFu5jKbQ1cA-Q,test_reserved,
21,5153,21699,q1Jpkqtqpk4,UCGG2hIW0ZqagoM7__Gh2emw,test_reserved,
21,5154,21701,8AXevPurb18,UCV_4W6LL-Iwh0UaT_B6exQg,development,3
21,5155,21705,iak9eMLOZfg,UCqtfH9kOyFtU5vXMDQLQopQ,test_reserved,
21,5156,21707,1Zkl7taB1EM,UCQTcNhAZidy1i9wwmdgf2Lw,development,4
21,5157,21715,FQYzkF3IIRU,UCOtYyt7W5PmPnwQjWWF_Z-Q,development,3
21,5158,21716,NSFpH0Bj-rk,UC1nFPCnX9qu53XUsSEmjyNw,development,3
21,5159,21724,jj4rXaaiB9U,UCgnFSj7jQffD5V5m05j4dPw,development,5
21,5160,21731,qqot_868CNw,UCkagcQYGoYFuXsUg-ObSL6A,test_reserved,
21,5161,21735,tO0rXAlwFmI,UCckltLEhFLv8Xz_lQhYfwmg,development,1
21,5162,21737,tdk5yNiZ4To,UCbS_glb2N1NVTrDLVryRbng,development,4
21,5163,21738,8M-sG4yX5nQ,UC4N96R0hZhwEzNHw53_UGlA,development,4
21,5164,21739,zFFyXC1s0lo,UCoPGkvh-1AoSzh23-ROXrpw,development,3
21,5165,21743,FTYE4ESxSvI,UCA5xW2Ce7KT2AtxzDYDebCA,development,5
21,5166,21746,Q0ugDJiOFt8,UCuQ0Z6UmOOZ5JmsniU20Myw,test_reserved,
21,5167,21748,uGnol84dz8s,UCgnFSj7jQffD5V5m05j4dPw,development,5
21,5168,21749,jaSiSjb1Zwo,UCn6YTM3fvYdwCOHpdNJBOeg,development,4
21,5169,21752,x909k8Iw9To,UCr27vXsqJXYjFy-vepngPWg,development,5
21,5170,21754,JoUmZgjsGlI,UCgnFSj7jQffD5V5m05j4dPw,development,5
21,5171,21761,UP4e8Lc0TVQ,UC4VkNi2RZSJyqXsFaJYfsPg,development,4
21,5172,21763,ve3NZTOmH3w,UCgHlPm2GweC7f8JaynbQRQg,development,3
21,5173,21764,Tjjm2qNlpBk,UCqrqt9Egbp4Voh3iEUUoorw,test_reserved,
21,5174,21777,zq3ZuT9ujow,UCc30sTBdN9LRSxEuHaXV_bQ,test_reserved,
21,5175,21780,faDEmkvOsAs,UCLx0BJNc11RlbIR5JHH-qmw,development,3
21,5176,21788,L47sQkUSkxg,UCLuP7ROjaueiuNbzrvPqXSQ,development,2
21,5177,21789,Ido1Q2lsv2I,UCa3BMXA9qcVqMtfnq7d977w,development,5
21,5178,21793,qB74-dL4B3c,UCYEmdesrRlDICr6v6LnX5Bg,development,3
21,5179,21798,yvL6ZefPSQE,UCtIzUW426lTNR34-GGMQvrQ,development,3
21,5180,21799,z4_-kVym0K4,UC22LfvKY_7Ibkt5I5wFqwfg,development,1
21,5181,21815,SaT4D4qNy-w,UCp3vt0JWTbhd15j9PSn3RnQ,development,3
21,5182,21823,aTfLBRkRcXo,UC7usyPsAjJAsFozSyEnL6zA,development,1
21,5183,21828,Unm2o6NcxCo,UC1YGPDtctHGJWW0NrlQVklw,test_reserved,
21,5184,21829,-6vmSyxf9qA,UCaESx7Bdghv_UICcG1hBkcg,development,5
21,5185,21831,omQFdeDEGV4,UCrVFS_0PdV7AwyTgR13IcVg,test_reserved,
21,5186,21836,QPl_n63gQ0k,UCPdASwipemqGhpK-B-a12Ow,development,4
21,5187,21837,IkgHrOCamtk,UC8rcDufKZ3W6CtZU69CtMXg,development,3
21,5188,21838,t6ptb1dc87Q,UCgnFSj7jQffD5V5m05j4dPw,development,5
21,5189,21840,3oowmw0SJAo,UCq5SmrhSWmp89RR1JpO2z8Q,development,4
21,5190,21842,SrNs_vC9Nu4,UCx7lEnwLHxO9yPjOotGb-bA,development,3
21,5191,21847,C8ubMhTh8xY,UCE_G_4cy5SxO7kHwINqJLeQ,development,2
21,5192,21852,lXEbg0lrgcY,UCHT6F9HJ9DtLUjTOH16yg6g,test_reserved,
21,5193,21862,kuOVvgfnA4Q,UCOtYyt7W5PmPnwQjWWF_Z-Q,development,3
21,5194,21865,nfTs1znJ4Ls,UCY4bDDhY9fqt97qV4mVAiAw,development,4
21,5195,21875,2hSzkw27tGw,UCckltLEhFLv8Xz_lQhYfwmg,development,1
21,5196,21877,zEzlbCVG-Ic,UCNSnFwvrkdgy7yoDd3M9uYQ,development,1
21,5197,21881,P47EeK07f5k,UCCK3OZi788Ok44K97WAhLKQ,development,2
21,5198,21884,AYUn0OMCjiM,UCCXHDSRJKfNBLNJmIegx8Lw,test_reserved,
21,5199,21886,0AbvsLzUqBU,UCmKxhMStMwZZ1gdOg1YZQug,development,2
21,5200,21892,RMLyDCoExrQ,UCzyTz2So395JRTH79AlQS7Q,development,1
21,5201,21900,L8L9-JWeEAY,UCoPGkvh-1AoSzh23-ROXrpw,development,3
21,5202,21905,o1IqPL3qVHU,UCckltLEhFLv8Xz_lQhYfwmg,development,1
21,5203,21907,UJibzDWReHs,UC1hcl0aIr9KtXA-Kiq9itqw,test_reserved,
21,5204,21912,8CJwif2XbpM,UCezX9mPSzwm7xgy2HGwozfA,development,3
21,5205,21915,cCPa4hCjBBM,UCix7C1KG_SPtiMXommMExNg,development,4
21,5206,21916,IdSDuGdL02c,UCT83ymyAGm7Gnk_4ifxjxIA,development,4
21,5207,21917,P02fWjLG9Qs,UCRDDfbYPHX_GUJ4lcQYTc8A,development,4
21,5208,21921,xmxHK7_z-fA,UCbS_glb2N1NVTrDLVryRbng,development,4
21,5209,21925,YAqFgUbdPaA,UCCK3OZi788Ok44K97WAhLKQ,development,2
21,5210,21926,t4vQVSWj4Bc,UCErq12gvrb2Gm0x1cavQVAA,development,4
21,5211,21928,_Ptef2m8C6Y,UC2GNitBc9qBFZd0329eYOPg,test_reserved,
21,5212,21931,jLQ-tNjJQWk,UC_HxkWZCXAODLKg3ggawmDg,development,2
21,5213,21932,Wea67_twX1Q,UCSvq6flKvb-vwtaU5hfnQjA,development,5
21,5214,21933,X-APDNhtAz0,UCcijXxFzSXgoM6q9cCtT9PA,test_reserved,
21,5215,21943,HFp28I6JR7I,UCAH7R88V7gz7RqJv78nNOzg,development,3
21,5216,21945,epnadx2Nw0w,UCZfQAl56Y6qStW8DECs2hGw,development,4
21,5217,21946,ciGP9SpSzQU,UCALlP9-ExjCgzVht-m5zDsg,development,5
21,5218,21949,FkPZU1zlHM8,UC1YGPDtctHGJWW0NrlQVklw,test_reserved,
21,5219,21950,4024MvRl6L0,UCh9qXeL8eP3Txra2908xksg,test_reserved,
21,5220,21951,zfJswVQoe9o,UCMcaGpzjo0D-d6oSvcg8PtA,development,1
21,5221,21962,rffvntf25TQ,UCXFiIVHYqQmgpmIi7KChMkQ,development,2
21,5222,21963,Zc1BRbyE1RA,UCckltLEhFLv8Xz_lQhYfwmg,development,1
21,5223,21970,GHNCQski59A,UCc30sTBdN9LRSxEuHaXV_bQ,test_reserved,
21,5224,21972,OgNVHnny3N0,UCaESx7Bdghv_UICcG1hBkcg,development,5
21,5225,21973,btA2B16n-Es,UCcijXxFzSXgoM6q9cCtT9PA,test_reserved,
21,5226,21975,kAF9Pm4K-tw,UCQkPhQ-6NhA1v7Tpsp6EnKQ,development,2
21,5227,21978,OSPAf-8sXGc,UCfJxtusEDRdgxuIfeQR7r8A,test_reserved,
21,5228,21981,P5OSjlbwb_g,UCVBEe2FrVmZMGbcPX7mNxJw,development,3
21,5229,21990,XFwrnjOAdBM,UCx-fk6FBx2mJSWavjxw-zrw,development,4
21,5230,21991,EnHSFkq4Urk,UCcijXxFzSXgoM6q9cCtT9PA,test_reserved,
21,5231,21997,zP30bklNyto,UCn6YTM3fvYdwCOHpdNJBOeg,development,4
21,5232,21999,8NZR3rkZhTk,UCAMsRjG1ksFFUtr_RrDx6Ow,development,4
21,5233,22000,1drK26CEmr4,UCgnFSj7jQffD5V5m05j4dPw,development,5
21,5234,22001,1ZuZ6yrJtzI,UCRB8mrLCcwTPlJOMUy9MDUg,development,2
21,5235,22002,CN8tbEJtn4c,UCV_4W6LL-Iwh0UaT_B6exQg,development,3
21,5236,22007,iIJNIByqFtM,UC4RBCrw6cMvOXz4eNkIgbnA,development,1
21,5237,22012,5NSlzp8FTKI,UCjM-a_T7cY_nR7NbPpV_vvg,development,1
21,5238,22015,I1TDRIcWYjA,UCiBHV5AwzPEBhlIX3yR6-Ig,development,2
21,5239,22021,3o00F8D925k,UCmqflTSJ6911aCrnaWIXxsA,development,2
21,5240,22023,QPhz-MNcg64,UCmrLu4r89ykOzmtmbAeEklA,development,3
21,5241,22028,WVmqM3XxEIQ,UCckltLEhFLv8Xz_lQhYfwmg,development,1
21,5242,22043,EXQMHFgF2ao,UCbS_glb2N1NVTrDLVryRbng,development,4
21,5243,22046,8zwB8cPXLeY,UCmLefvOWUhvzrk0ToJbK2AA,test_reserved,
21,5244,22055,nQ4QPE8Ew7U,UCOtYyt7W5PmPnwQjWWF_Z-Q,development,3
21,5245,22057,J7BuwajL8PY,UCckltLEhFLv8Xz_lQhYfwmg,development,1
21,5246,22060,6FTelFmX1Tc,UCRDDfbYPHX_GUJ4lcQYTc8A,development,4
21,5247,22065,yUoHhKVHR48,UCRtAu8OVYVfuNZmTV-Ug0zA,development,3
21,5248,22068,CYfnFVjisuc,UCf2Iar2LDcFaSCnVH1ZMUkA,development,3
21,5249,22069,GczjVOpaPPI,UCnkon33rksDXo3qChhTs5Vw,development,4
21,5250,22070,CxihgEZ3X04,UCAH7R88V7gz7RqJv78nNOzg,development,3
21,5251,22071,REcMTOVSLX8,UCgnFSj7jQffD5V5m05j4dPw,development,5
21,5252,22073,aSPUoCkhot0,UCckltLEhFLv8Xz_lQhYfwmg,development,1
21,5253,22077,jdR2EAGhojE,UCrFbaY86Z23fi-CaEzjN5sQ,development,1
21,5254,22080,tucnCh-P-58,UCCK3OZi788Ok44K97WAhLKQ,development,2
21,5255,22086,Tf-K_cKRY5I,UC22LfvKY_7Ibkt5I5wFqwfg,development,1
21,5256,22090,I2_2m8WWtSQ,UCckltLEhFLv8Xz_lQhYfwmg,development,1
21,5257,22091,_wNbvzeOOkE,UCckltLEhFLv8Xz_lQhYfwmg,development,1
21,5258,22098,XrRozR7m05Y,UCcijXxFzSXgoM6q9cCtT9PA,test_reserved,
21,5259,22105,xbx6cvwuVxQ,UCckltLEhFLv8Xz_lQhYfwmg,development,1
21,5260,22108,-KSayrdCb7I,UCh9qXeL8eP3Txra2908xksg,test_reserved,
21,5261,22111,OQT00uToeUg,UCoPGkvh-1AoSzh23-ROXrpw,development,3
21,5262,22112,Q9s-qlVYcG4,UCmjo40eaWQS0jkW7UW24KSA,test_reserved,
21,5263,22124,MSI7EDrk4A4,UCCK3OZi788Ok44K97WAhLKQ,development,2
21,5264,22129,rCO8it7kK3U,UCcJpqRpi5w9OV11xtYgUSUQ,development,2
21,5265,22131,bFeaTj90EIw,UCx7lEnwLHxO9yPjOotGb-bA,development,3
21,5266,22147,TfJPJmOOkzs,UCUh8FFbl1BfRmzL9t4Fkykw,development,4
21,5267,22153,j8O-68ZGHGM,UCJZ9dEp2t5pGnc3oOmd2KFA,development,4
21,5268,22158,_JRGapqmvUo,UCAgBGlUKoAQFXMUzshrWDgg,development,5
21,5269,22164,HbOWqFpOqV0,UCLuP7ROjaueiuNbzrvPqXSQ,development,2
21,5270,22165,sVWBg5MAs50,UCbVw-Yr6A7L4hPi8W6zsQlw,development,3
21,5271,22166,caZnsVh-NzQ,UCi-dz1RuP-FhWvbKCDKOdNg,test_reserved,
21,5272,22168,xoVNwp_32yo,UCl5xacxsAhltNGtiMktd_Sg,development,5
21,5273,22169,qyMKKmLZQyc,UCCK3OZi788Ok44K97WAhLKQ,development,2
21,5274,22170,kC50NQbd8Vo,UCOiMY00_ZLijPF6InrCl0TA,development,4
21,5275,22171,JHwEWLYfpog,UCJtl0GhFcswuh8R_Y-jcLwA,development,5
21,5276,22176,II9_BK1BG0A,UCLNz9bgiJfM3ImTtYDOt8Ew,test_reserved,
21,5277,22180,AthZN-UwYHQ,UC4UaWbUUwVvCxWNqhb4f16Q,development,4
21,5278,22181,IUn4-xIkLEA,UCcijXxFzSXgoM6q9cCtT9PA,test_reserved,
21,5279,22182,GBLqz1TNZJk,UCgnFSj7jQffD5V5m05j4dPw,development,5
21,5280,22185,oqVROSEz2WI,UCJldNcTDOhcfgXJqAj-rN7A,development,3
21,5281,22191,B5UC2oPmm18,UCckltLEhFLv8Xz_lQhYfwmg,development,1
21,5282,22192,mvgjzh6o2Rk,UCckltLEhFLv8Xz_lQhYfwmg,development,1
21,5283,22193,DC0J1aMDpEo,UCqrqt9Egbp4Voh3iEUUoorw,test_reserved,
21,5284,22195,KQga_mEqLRc,UCh2Xwe7on2Oa2MBtk8zvEuw,test_reserved,
21,5285,22198,BbrTAgM-9_Q,UCqODKKfku8auksmekzE6X0Q,test_reserved,
21,5286,22200,HrecDfCfyTE,UCaIc6SgS90ud_RgMSC6hW_w,development,3
21,5287,22201,vcbTJfjqgc4,UCJeJFkRVgi7gT7ViTxuHHdg,development,1
21,5288,22203,ITkBIfKH_to,UCzEhObPYxgT503UVbNbCapA,development,4
21,5289,22206,dwfg3AiturQ,UCaESx7Bdghv_UICcG1hBkcg,development,5
21,5290,22213,HkhswFvy3M8,UCMd-Y13fuzRTpBKs1MlnjYw,development,5
21,5291,22230,DSy7zMxNqaw,UCOnTFYvFvGwd2N4_a8UMk5Q,development,4
21,5292,22235,oqbUu-Gov0A,UCckltLEhFLv8Xz_lQhYfwmg,development,1
21,5293,22243,w-QGjbamIK4,UC324VVhYKykBv01GecF4aYg,development,5
21,5294,22244,kW97LEjcAq4,UCvZ8sPFxYngz2JN3DG93fOw,development,4
21,5295,22247,YtjYWBoMAjE,UCOtYyt7W5PmPnwQjWWF_Z-Q,development,3
21,5296,22248,EPghlgH6nAk,UCpSJ86vrKvGmV63s0AzVhUg,development,1
21,5297,22263,i9mWtFksmCc,UCcbOsE5_4LEjtQi8X2PFxDw,development,3
21,5298,22264,WijLBUus3ro,UCckltLEhFLv8Xz_lQhYfwmg,development,1
21,5299,22265,VnMOcce3C7E,UCJA-NQ4MtcRIog66wziD8fA,development,2
21,5300,22267,eVhtLXvc6RE,UC7e8LFxir9MCfTAf2XQbfaA,development,4
21,5301,22268,GG9Dw52d_KI,UCGSDCIUEvUtO5wzIFtc4AgQ,development,2
21,5302,22279,LxoDz3F_VF0,UCCko_Xv9kKMFf5-hqd0NlJQ,test_reserved,
21,5303,22282,ErpAj4j0Y8Y,UCcspHoBTj_aLhnJLwkMpWHQ,development,5
21,5304,22286,FDmGVkfY_Dk,UCNbM4dl9kN5KDpmDdAW6zOg,test_reserved,
21,5305,22291,XkDLlNCjtko,UCx7lEnwLHxO9yPjOotGb-bA,development,3
21,5306,22292,2UKk73kCaxg,UCjboX8rWtjAyU7dI2bd67KQ,test_reserved,
21,5307,22295,bvd4kWxoYRo,UCjSPtKPtRTj4b-vaT5qB20g,development,2
21,5308,22299,5H34Z-GJgqQ,UCcijXxFzSXgoM6q9cCtT9PA,test_reserved,
21,5309,22301,RLp4lY950u0,UClhsn2Ru4_4s2IJ0KrCkQ3w,development,2
21,5310,22302,Z49pB4YN1-Y,UCcpvzu2fNDZyKkQ6tETbHLw,development,3
21,5311,22303,6LiShwcAPkM,UCleSED0EeFCUcstM9g9o4Gg,test_reserved,
21,5312,22304,XORF9DXkDzY,UCbS_glb2N1NVTrDLVryRbng,development,4
21,5313,22305,Zk9H1XLK3lQ,UCZ6MS5ygBzz25PnSMaAw8PA,development,5
21,5314,22306,Q1idETTk1mA,UCmqflTSJ6911aCrnaWIXxsA,development,2
21,5315,22311,v4fSxmO0reI,UCu7cGbQEMgGk8TD0ZYucM5g,development,5
21,5316,22325,JM3WhFKNl1g,UCAeBFsK2bmm5lkgy90uFiqw,development,4
21,5317,22327,ZVD7PYkg3-Y,UC1YGPDtctHGJWW0NrlQVklw,test_reserved,
21,5318,22328,YqwjpLB97oI,UCOPqjdQOIF6faslRMEruJmA,development,5
21,5319,22333,XlOCIfk2HhA,UCCXHDSRJKfNBLNJmIegx8Lw,test_reserved,
21,5320,22335,2ZshXXTwXZg,UCPXSUKHTNc1_hnHuj-UiQWQ,test_reserved,
21,5321,22336,x2RI5aKB244,UCckltLEhFLv8Xz_lQhYfwmg,development,1
21,5322,22344,qHiY0JB9fV8,UCckltLEhFLv8Xz_lQhYfwmg,development,1
21,5323,22346,bAWLSkxwtB0,UCcwCsuV7bOpTfqf2UvLfYmg,development,4
21,5324,22348,ZevBUTfDe2Q,UCr5BVR_ePEz_9V-KF5rSEmQ,development,2
21,5325,22352,_yxU4YiSqvk,UCT83ymyAGm7Gnk_4ifxjxIA,development,4
21,5326,22353,quqqf3pQ2pQ,UCqrqt9Egbp4Voh3iEUUoorw,test_reserved,
21,5327,22354,dQ2VQcvw7gE,UCR6bwkq2RbGG12zWqD9YRvw,test_reserved,
21,5328,22356,y6vnUyvB3aA,UCcijXxFzSXgoM6q9cCtT9PA,test_reserved,
21,5329,22359,i9IV2qPK7oA,UC80S9x_1mLIq3Q21dG-iy5A,development,1
21,5330,22367,q6Iw2zfqSEk,UCaI7IwVdrAcfhu3cp6x4T6Q,development,3
21,5331,22375,dyInEYbu2c8,UCPXSUKHTNc1_hnHuj-UiQWQ,test_reserved,
21,5332,22376,9e9wM6Zgb5Y,UCVwfluXqG3UUGOS9-nHqBdA,development,2
21,5333,22391,Ho_STJlwzlk,UCbS_glb2N1NVTrDLVryRbng,development,4
21,5334,22397,NQfKO3kK8r8,UCYVsFoYhtjrOzCgbaG-yiag,development,5
21,5335,22410,fju4icItuVs,UCnqTWrNbHl4SvL60MCE693Q,development,1
21,5336,22414,RvvVAwI2qpc,UC2vkiMjVj6b_1hq0q3J5pyQ,development,2
21,5337,22419,Y8Hx00_G8kQ,UCuTgmLxqarTxuBU5ARMYUNQ,test_reserved,
21,5338,22423,Wws6NCPNUQs,UCckltLEhFLv8Xz_lQhYfwmg,development,1
21,5339,22424,lMr00GfHQLc,UCCK3OZi788Ok44K97WAhLKQ,development,2
21,5340,22441,FWXllkmIE68,UCOtYyt7W5PmPnwQjWWF_Z-Q,development,3
21,5341,22445,8NAnjsr3jsQ,UCgnFSj7jQffD5V5m05j4dPw,development,5
21,5342,22451,0ZnaAfSSj_M,UCkOBWuInZXAP0DT3iAT5hYw,development,2
21,5343,22453,9CaH-NGsd9Y,UCcg4tDKgPLIc_x3lhWdogLg,development,3
21,5344,22459,Dmiy5Znt6L4,UCoQOQFHBsBAhobpI8NradTA,development,1
21,5345,22469,fF6tMxFHxTA,UCCK3OZi788Ok44K97WAhLKQ,development,2
21,5346,22470,ncNTT8IKIbI,UCGyG2Xkr4xR73xgQMXNi8_g,development,2
21,5347,22472,rt82hHOLgug,UClC6jQT87s0yKTxHls4BWSw,development,4
21,5348,22474,7yCHVpCV68k,UCckltLEhFLv8Xz_lQhYfwmg,development,1
21,5349,22476,Vsxfh4ktLlQ,UCgnFSj7jQffD5V5m05j4dPw,development,5
21,5350,22482,BB7wkG4pMew,UCMxeqmVKOqiqh7V_A3h4gfA,test_reserved,
21,5351,22488,U0rtci0zqYw,UChtQ7TCSKmvCIqonz1eto1w,development,2
21,5352,22491,pBKQprIx9N4,UCYweMykEAI5aaRztqrJuuAg,development,5
21,5353,22498,BJdMYclLvho,UCQTcNhAZidy1i9wwmdgf2Lw,development,4
21,5354,22501,-7Vq9yq7Zzs,UCCGEqESioRlas0CFwEZ1fww,development,2
21,5355,22503,eTHmTk90Aow,UCCbm1E52PV05ZLv6dtRB92Q,development,5
21,5356,22504,076CQrQKwM4,UCbS_glb2N1NVTrDLVryRbng,development,4
21,5357,22506,8jDHkuc447s,UCMxeqmVKOqiqh7V_A3h4gfA,test_reserved,
21,5358,22509,mUeHuBYqYE4,UC1YGPDtctHGJWW0NrlQVklw,test_reserved,
21,5359,22516,DcwSnw5yjis,UCCK3OZi788Ok44K97WAhLKQ,development,2
21,5360,22524,I3z5PYGnDjU,UCgdaUnUmkHDpYCU0w2pR7Rw,development,3
21,5361,22526,m_C1s7QPCB8,UCSmxZt63zt1f3kiBXnwVjNA,test_reserved,
21,5362,22533,5TVc4wMcNpE,UCVqfoMNwM8SIpL6BMGTZbcA,development,1
21,5363,22536,2bH5rrJI58c,UCm6FpVN_cg2tGqHVDc9QpMg,development,2
21,5364,22539,xlqJdrYET74,UC8qBNfgWRK_WYYGSmmrfgPA,test_reserved,
21,5365,22545,3YbW-64xgFA,UCQIWzvLOlB4tu84TtOTJCGg,test_reserved,
21,5366,22547,NrHas9SUEpk,UC8rcDufKZ3W6CtZU69CtMXg,development,3
21,5367,22554,2NHEgv0HZpA,UCckltLEhFLv8Xz_lQhYfwmg,development,1
21,5368,22558,Zu_h2W4PTAM,UCPXSUKHTNc1_hnHuj-UiQWQ,test_reserved,
21,5369,22563,7UTYmIVGE7M,UCqrqt9Egbp4Voh3iEUUoorw,test_reserved,
21,5370,22568,iZZh3xsWp64,UCQTcNhAZidy1i9wwmdgf2Lw,development,4
21,5371,22570,LRO4rkK2AO4,UCCK3OZi788Ok44K97WAhLKQ,development,2
21,5372,22572,v0fVgMy_AKw,UCOtYyt7W5PmPnwQjWWF_Z-Q,development,3
21,5373,22574,BGWQNmJrZ2Y,UCckltLEhFLv8Xz_lQhYfwmg,development,1
21,5374,22576,StsVm-81Z8U,UCPfU0uygBGutjaaJU5PpEvg,development,2
21,5375,22586,DaWO82yTGSY,UCckltLEhFLv8Xz_lQhYfwmg,development,1
21,5376,22588,7ssj1e0XfOg,UCmJcA129LVCPCxgzQadLtsw,development,5
21,5377,22591,6p7l9a09vCo,UC1hcl0aIr9KtXA-Kiq9itqw,test_reserved,
21,5378,22600,d9XVXbgwrJo,UCRDDfbYPHX_GUJ4lcQYTc8A,development,4
21,5379,22611,b7uxgOalogs,UCyH9u_WllbJZHZHeIBzjW2g,development,5
21,5380,22620,FxZcYo1MY5E,UC1VZI6Oj_Wu5kASJ6Su5g5A,development,1
21,5381,22621,czZfytqq8YI,UCKMhiMmqyu2uAl8T3LZiEjQ,development,3
21,5382,22623,HIJZouArfqY,UCwaUcCAOyzudilU2vsxtieg,development,3
21,5383,22635,B4LTCBERmlk,UC4VkNi2RZSJyqXsFaJYfsPg,development,4
21,5384,22642,VTx16RKItx4,UCckltLEhFLv8Xz_lQhYfwmg,development,1
21,5385,22643,1a9q696gDKU,UCKQw2OwROuqrhOuiqSttu6g,development,5
21,5386,22646,QhFUWC35HVE,UCaCnmd0sVADrw8228hCBnlA,development,3
21,5387,22647,m_QctXPNT3c,UCFjcr6UFdIYzdyD4sOjcUUA,development,2
21,5388,22650,beSFnNTpUjY,UCy-3y3BEH8dFhPsNEnO74Vg,development,5
21,5389,22652,eVE6k52s0sc,UC3y9Bg-xhlJnyTDmfVOHRxA,development,1
21,5390,22653,70pFiSc2AFQ,UCA2bFNmvfzZLOIAvPwNQgPQ,development,3
21,5391,22656,kFCbD59fcF0,UCldiq7Z0JJVSkGXVgfV2qtg,development,4
21,5392,22662,CxRaQleYdBc,UCWr_3S-gYx33CVRDXSYSDhA,development,1
21,5393,22666,0QeIapRG0DY,UCx7lEnwLHxO9yPjOotGb-bA,development,3
21,5394,22669,YkFG_aanLhI,UCRLApdXlS7QMsGzhodZkcWQ,test_reserved,
21,5395,22675,anXC4332-m8,UC22LfvKY_7Ibkt5I5wFqwfg,development,1
21,5396,22679,U-OXh-yFkrw,UC6IHfZ-Rez2LR0PH01YxL7w,development,3
21,5397,22683,qhfyuxFAnIY,UCM4Fg3P7qH2eM-CIyhfJFFA,development,5
21,5398,22684,E4prY5-69qk,UCdotiSNtLlS4qwDto9CdURA,development,2
21,5399,22685,DL0sLzDdDEk,UCw3UDSrbKod4Gk_rSpA5gqw,development,1
21,5400,22686,fK3_o39rR2A,UClSIhhnuyF8fXtBTpOOTknA,development,2
21,5401,22687,VL7LhQCgBxQ,UCCK3OZi788Ok44K97WAhLKQ,development,2
21,5402,22691,pMcCQjiiwnI,UCbR7juPwtP-bV_w0840ciYQ,development,4
21,5403,22700,-EjHiEQeIxs,UCYpuhzSdssW_GFUhl_od38w,development,5
21,5404,22704,MJDHKJWP1co,UC1YGPDtctHGJWW0NrlQVklw,test_reserved,
21,5405,22710,-humamXrGrI,UCckltLEhFLv8Xz_lQhYfwmg,development,1
21,5406,22714,ZgmW43n941M,UCcijXxFzSXgoM6q9cCtT9PA,test_reserved,
21,5407,22722,diGlD3HdjaE,UCm_cUbvQZt8A02HMU6vyguA,test_reserved,
21,5408,22724,-4cFry4mXNs,UCpamW3WJjX0CgjWGsBxIm2w,development,5
21,5409,22727,5ZYo03mE28s,UC5HK5iZs2UB55Bum9BBbajg,development,4
21,5410,22733,RCcu9wOzqfg,UCbR7juPwtP-bV_w0840ciYQ,development,4
21,5411,22736,2m3y_jXq9e8,UCaESx7Bdghv_UICcG1hBkcg,development,5
21,5412,22739,ZifIBmCeb74,UCOHyRrRuD2zGCkpuCAlyOyA,test_reserved,
21,5413,22741,ts66rZyH4Gk,UC5R7F4Mw_ZV1c4tYe4UKLIg,development,1
21,5414,22742,Rz9kTQq-Zak,UChJFPdvtzyTPxMAysD4FX-w,development,3
21,5415,22750,fGny9G2xAow,UCQTcNhAZidy1i9wwmdgf2Lw,development,4
21,5416,22754,VEy91uj-QJ4,UCckltLEhFLv8Xz_lQhYfwmg,development,1
21,5417,22757,Lcvv2isDHB0,UCOtYyt7W5PmPnwQjWWF_Z-Q,development,3
21,5418,22761,1WGrIFjZpj4,UCCK3OZi788Ok44K97WAhLKQ,development,2
21,5419,22762,FUAWDzgsuK8,UCckltLEhFLv8Xz_lQhYfwmg,development,1
21,5420,22773,H1AIk16XTzU,UCY8jtiRLqx1Sv5A0fWYGlNQ,development,2
21,5421,22776,7B2drzg-fzw,UCsLoRcb3FvB-uK3F1_zqXbw,development,3
21,5422,22781,znY4Hbqw2ec,UCbVw-Yr6A7L4hPi8W6zsQlw,development,3
21,5423,22789,PN5X2cXBdH8,UCqDbs3rlemiBZmhkh9gXXHg,development,5
21,5424,22799,wTlvPukFSTg,UCYk97F4sCu3hEWp6YEH-Dow,development,2
21,5425,22803,WnNlljX190k,UCPXSUKHTNc1_hnHuj-UiQWQ,test_reserved,
21,5426,22807,ITiX9PK7-Qs,UCV1NPkc2O0YZBtx_rhDkicw,development,3
21,5427,22808,EU4-KOJh1oc,UCtwlss6rr66DbEurYOJgu4w,development,2
21,5428,22819,qy_mcYOxnlA,UCOtYyt7W5PmPnwQjWWF_Z-Q,development,3
21,5429,22821,gbe0CO5Jr_M,UCPXSUKHTNc1_hnHuj-UiQWQ,test_reserved,
21,5430,22829,vMg70wUhww4,UCbS_glb2N1NVTrDLVryRbng,development,4
21,5431,22832,3vfec3Sp89s,UCkD2Gixzde52jx1XspNvrBw,test_reserved,
21,5432,22836,HqiBHbdX4Uk,UCckltLEhFLv8Xz_lQhYfwmg,development,1
21,5433,22843,q21I-TRTfQo,UCT83ymyAGm7Gnk_4ifxjxIA,development,4
21,5434,22844,oOYWOof7yUE,UCcijXxFzSXgoM6q9cCtT9PA,test_reserved,
21,5435,22849,XBp0Wjp92Ic,UCbS_glb2N1NVTrDLVryRbng,development,4
21,5436,22856,Z0x-hHZEqqg,UCqrqt9Egbp4Voh3iEUUoorw,test_reserved,
21,5437,22860,ckJ9rhPUBC8,UC22LfvKY_7Ibkt5I5wFqwfg,development,1
21,5438,22861,XoKPDPxoPco,UC4RBCrw6cMvOXz4eNkIgbnA,development,1
21,5439,22863,4RTZSAhlAps,UCvWHrsBBcxstDLGiSaPnoPA,development,1
21,5440,22864,k8rWukWq6mo,UCFJbuic3c-Tmr_-jNeUjQcg,development,5
21,5441,22865,qcX3r06fSH0,UCAH7R88V7gz7RqJv78nNOzg,development,3
21,5442,22867,Im-RFZVXUlI,UC1YGPDtctHGJWW0NrlQVklw,test_reserved,
21,5443,22871,9MT3F4Z_aRw,UC9ydRoXpQVhwb3sM7VY8xNg,development,1
21,5444,22874,WiNlKgLFxCw,UCbR7juPwtP-bV_w0840ciYQ,development,4
21,5445,22888,vIjEiphkcGg,UC324VVhYKykBv01GecF4aYg,development,5
21,5446,22899,B0MBHn7qoFI,UCckltLEhFLv8Xz_lQhYfwmg,development,1
21,5447,22904,1mwTCc0H6yA,UCFuP4DmMM9LZOMoa86vsZig,test_reserved,
21,5448,22914,9z-c4aksfbE,UCnT7Z6-yqjhM__jZbK_B3kw,development,4
21,5449,22915,QuhtgOpur6Q,UCOtYyt7W5PmPnwQjWWF_Z-Q,development,3
21,5450,22921,em0BqVtzTX8,UCM3bQBUJ0PEbgfe9lAw_Y3Q,development,4
21,5451,22937,tfw4F1uj7S0,UCNJq7z4rYDfvXvgWKt6KOvw,test_reserved,
21,5452,22947,F08B3Civ03A,UCOtYyt7W5PmPnwQjWWF_Z-Q,development,3
21,5453,22950,mhJNMcPrePU,UCwsNWoSlQUyeWgbVQYZtLOA,development,3
21,5454,22957,3XVyGZj2kD0,UClCjoJ0fs2RqaRTjukU1jQA,development,5
21,5455,22964,6RhlQ1WyrqA,UCqwhlppjhKODpv4ZHNChVMA,development,1
21,5456,22966,XMx3EotL5DU,UC0RWGQFXExJPSdMNf9VAiHg,development,4
21,5457,22975,VSodtiXDeuQ,UCA5xW2Ce7KT2AtxzDYDebCA,development,5
21,5458,22976,7ju31QX3PQ8,UC_d3UQ1v8KP1JNFOBmV63xA,development,2
21,5459,22980,bPCQfXXMzJU,UCm3mXl7hQbHVMxhKaOeEhYA,test_reserved,
21,5460,22982,axlBhlMyKbw,UCA5xW2Ce7KT2AtxzDYDebCA,development,5
21,5461,22985,RGvk4rrf_ok,UCpRgfr4_Eax0HHa2rwkRQ2w,development,5
21,5462,22987,mi7aHcIBZ8g,UCRDDfbYPHX_GUJ4lcQYTc8A,development,4
21,5463,22990,3Y69nMfM4cM,UCQTcNhAZidy1i9wwmdgf2Lw,development,4
21,5464,22993,LxY2Bbtzwk4,UC-InXGUDXmIVAZG7efBiU7A,development,4
21,5465,22999,u1RpbugmVZI,UC324VVhYKykBv01GecF4aYg,development,5
21,5466,23007,s14l9YFcJsw,UCRDDfbYPHX_GUJ4lcQYTc8A,development,4
21,5467,23008,wtdHb-jKq50,UCckltLEhFLv8Xz_lQhYfwmg,development,1
21,5468,23011,MsjQsg4XmpA,UCLNz9bgiJfM3ImTtYDOt8Ew,test_reserved,
21,5469,23020,OO90F5P2ya4,UCV_ZQVj5aMCX9OmyFT6rXLw,development,3
21,5470,23022,PYpnMcXAxLw,UCZhOI6uSPZKDNMpRHePdvow,development,5
21,5471,23024,V0QPhcX7_Sc,UCvMYO1Ywh_KVLYb67ruTQBQ,development,5
21,5472,23029,yeVH6073sgE,UCiBHV5AwzPEBhlIX3yR6-Ig,development,2
21,5473,23031,SApmfW7cfVo,UCCK3OZi788Ok44K97WAhLKQ,development,2
21,5474,23036,NXY0wRtzjM8,UClSIhhnuyF8fXtBTpOOTknA,development,2
21,5475,23037,m9s3cTQC05k,UCckltLEhFLv8Xz_lQhYfwmg,development,1
21,5476,23039,ysN28qehpnQ,UCE_HRkZMtXQvjnCrM0aSjCQ,test_reserved,
21,5477,23047,5xcj32F1jMY,UC6MkngMDyobFNaXOZR0ukyQ,development,5
21,5478,23048,1xSCwDwNzGY,UCx7lEnwLHxO9yPjOotGb-bA,development,3
21,5479,23049,OU_OwAPOmkw,UCfRW1ia4zPMtsbM7XiUrPQg,development,2
21,5480,23051,RTBNzUoIQh0,UCGSDCIUEvUtO5wzIFtc4AgQ,development,2
21,5481,23052,GZeq3mCsT-A,UCkOBWuInZXAP0DT3iAT5hYw,development,2
21,5482,23054,H3oW51SMCEA,UCCK3OZi788Ok44K97WAhLKQ,development,2
21,5483,23055,t9xyjhLFbBo,UCJc1hbJPvG5f2v8iSPG-3CA,development,1
21,5484,23060,DLWocrbt1vk,UCMxeqmVKOqiqh7V_A3h4gfA,test_reserved,
21,5485,23063,pcmh6SMXiqM,UCfuND8HywiC1G1T5s1t6ElA,development,5
21,5486,23075,jMx-LmvL0f8,UC-0Mao449ypwT0j6O4Dq1kA,development,5
21,5487,23083,Ou4wG6LE3L0,UCaESx7Bdghv_UICcG1hBkcg,development,5
21,5488,23084,ngbnZUaEMyk,UCMaZtErMSOUyfCaiGgPlouA,development,1
21,5489,23090,mYxmBzEhB94,UC4VkNi2RZSJyqXsFaJYfsPg,development,4
21,5490,23091,Dk0osRF9vYI,UCaESx7Bdghv_UICcG1hBkcg,development,5
21,5491,23093,RBDi9Bst-Mw,UCCK3OZi788Ok44K97WAhLKQ,development,2
21,5492,23095,RzNYUykHCpU,UCvZ8sPFxYngz2JN3DG93fOw,development,4
21,5493,23104,dIWW4386HAE,UCCQ3mUIQTv2Snhw5Os0Yo5Q,development,3
21,5494,23106,FMdqnukybvs,UCcijXxFzSXgoM6q9cCtT9PA,test_reserved,
21,5495,23112,rOXpC9u1HF0,UCCbm1E52PV05ZLv6dtRB92Q,development,5
21,5496,23118,W8Zyq85Cj9M,UCckltLEhFLv8Xz_lQhYfwmg,development,1
21,5497,23120,di1j0J7kC_E,UCckltLEhFLv8Xz_lQhYfwmg,development,1
21,5498,23133,QvZzXiGWofw,UCkzFXIie723z4vsYAMsMGsg,development,2
21,5499,23141,bniEsLvebqY,UCzNxbzqN0to4GNb9otFuGJQ,development,4
21,5500,23147,z2qXDyUrWro,UCOiMY00_ZLijPF6InrCl0TA,development,4
21,5501,23152,njGn9T2S9-E,UCcijXxFzSXgoM6q9cCtT9PA,test_reserved,
21,5502,23154,gULVIczqGR8,UCckltLEhFLv8Xz_lQhYfwmg,development,1
21,5503,23155,bbCFl_-wsME,UCbS_glb2N1NVTrDLVryRbng,development,4
21,5504,23156,NexMToaxYqA,UCckltLEhFLv8Xz_lQhYfwmg,development,1
21,5505,23158,TX_fAZEAYf4,UC5dezjl-rF4Sw6BRPM8Q6Zg,test_reserved,
21,5506,23164,TWb1Kf3sAg0,UCYmEcbCgb9yxZZJGH1rtn_Q,development,3
21,5507,23168,UrFGUSYCjLA,UCpamW3WJjX0CgjWGsBxIm2w,development,5
21,5508,23173,VSg3SBTzMAA,UCf2Iar2LDcFaSCnVH1ZMUkA,development,3
21,5509,23174,Y5lACnG-vdc,UCOtYyt7W5PmPnwQjWWF_Z-Q,development,3
21,5510,23179,KmhLuW6XE3M,UCmrLu4r89ykOzmtmbAeEklA,development,3
21,5511,23183,gSHELkfMwvQ,UCckltLEhFLv8Xz_lQhYfwmg,development,1
21,5512,23184,E9SnB4D15oE,UCIoyIVPZEfC2p0dQwAxGiEw,development,5
21,5513,23187,VJfYx1RhwXs,UCOtYyt7W5PmPnwQjWWF_Z-Q,development,3
21,5514,23188,AKCf2Zj3IqU,UCoQrhbL8EqaiWTywvgPlriA,development,2
21,5515,23189,3vM3rT9Rtyg,UCqrqt9Egbp4Voh3iEUUoorw,test_reserved,
21,5516,23196,211Ofrob_U8,UCAH7R88V7gz7RqJv78nNOzg,development,3
21,5517,23206,VNCameVcqSs,UCCK3OZi788Ok44K97WAhLKQ,development,2
21,5518,23207,Y8yC6xN-Ktg,UCCK3OZi788Ok44K97WAhLKQ,development,2
21,5519,23209,fRwUeIO9HfE,UCizY5U-GpEdZXFsSbIUIogQ,development,3
21,5520,23210,Db_ovPR9e-A,UC38c_i9VoaIjDpp46l35d0w,development,4
21,5521,23213,cGcS-DXDQaQ,UCh9qXeL8eP3Txra2908xksg,test_reserved,
21,5522,23217,CekqX_K-0Ww,UCckltLEhFLv8Xz_lQhYfwmg,development,1
21,5523,23219,PnUprrOz43o,UC5-n2dfksESEt3ATmM6Uujw,development,4
21,5524,23230,KgSqfBBNEaI,UCc30sTBdN9LRSxEuHaXV_bQ,test_reserved,
21,5525,23234,U8yM64AoVg4,UCOHyRrRuD2zGCkpuCAlyOyA,test_reserved,
21,5526,23238,DJXLWasB0xc,UCRDDfbYPHX_GUJ4lcQYTc8A,development,4
21,5527,23239,oA9yOrwBb_w,UCC3h0-vVIIjk_ccfyF4hqdQ,development,3
21,5528,23241,7XAwtNQ4gFo,UCibv4uktA5t3uLxrKtIRm1Q,test_reserved,
21,5529,23244,S2QQe3bvvi8,UCcijXxFzSXgoM6q9cCtT9PA,test_reserved,
21,5530,23245,YU_OHhZhU0k,UCCK3OZi788Ok44K97WAhLKQ,development,2
21,5531,23247,J7MnI6lm6OI,UCaIc6SgS90ud_RgMSC6hW_w,development,3
21,5532,23248,7KEl32u7Wwk,UC1CkcuwxCW_dIchuR0tTCJw,test_reserved,
21,5533,23254,0vXltST0BA4,UCoPGkvh-1AoSzh23-ROXrpw,development,3
21,5534,23255,FB8wKZ7U4nw,UC1YGPDtctHGJWW0NrlQVklw,test_reserved,
21,5535,23258,1iCWfC73Phg,UCVqfoMNwM8SIpL6BMGTZbcA,development,1
21,5536,23259,36JI4wmePYI,UCbS_glb2N1NVTrDLVryRbng,development,4
21,5537,23261,EI6XLBCmYrs,UCf2Iar2LDcFaSCnVH1ZMUkA,development,3
21,5538,23275,QS1vOBndliM,UC6aSX46078fvOY9bY9ZUTYw,development,5
21,5539,23282,SN1gF-q5Lpw,UCWtVXNcUkzqMmx0dQw2wh1Q,development,4
21,5540,23284,OWRStNTsXG0,UCMk3TZ_MvwlPbSYp_1FScrw,development,3
21,5541,23285,SxzDS0opTg8,UC8qBNfgWRK_WYYGSmmrfgPA,test_reserved,
21,5542,23287,Q-p8Njw_aFQ,UCG0j1mTQov3RVBgLgh6wbKg,development,2
21,5543,23297,yk0aX42fhAc,UCFuP4DmMM9LZOMoa86vsZig,test_reserved,
21,5544,23298,_ScS8vbZ11A,UClCjoJ0fs2RqaRTjukU1jQA,development,5
21,5545,23302,9YGOu-2J9kc,UCCK3OZi788Ok44K97WAhLKQ,development,2
21,5546,23304,L5kbZLmr0y0,UCLA8Ovy_NPAwMWvr8IEDquw,development,4
21,5547,23311,APSu517kb4w,UCckltLEhFLv8Xz_lQhYfwmg,development,1
21,5548,23312,vu1YTvwFN1o,UCDgCzQ_an_TmDOFLNj806pw,development,2
21,5549,23313,f8QvUt-pveI,UCgnFSj7jQffD5V5m05j4dPw,development,5
21,5550,23314,skX4r-rq7Ew,UCOHyRrRuD2zGCkpuCAlyOyA,test_reserved,
21,5551,23328,h8Qu1WbEH8c,UCOtYyt7W5PmPnwQjWWF_Z-Q,development,3
21,5552,23333,EBblJhgFOV8,UCbS_glb2N1NVTrDLVryRbng,development,4
21,5553,23337,Vr_jKe6Ng-U,UCrhkgHTUdZXbCd69TNuQuMg,development,2
21,5554,23339,Y9_lJ_RRKto,UClSIhhnuyF8fXtBTpOOTknA,development,2
21,5555,23342,x38srUb8VF8,UCDqy-V3qY-xtSmiRHlZIWWQ,development,5
21,5556,23344,rf9m4mBQF7s,UCfGkuimLRsrJLW0gjQ8eIGg,development,2
21,5557,23346,JNmfPzXmIC4,UCcijXxFzSXgoM6q9cCtT9PA,test_reserved,
21,5558,23349,5unbo--WPM0,UCPXSUKHTNc1_hnHuj-UiQWQ,test_reserved,
21,5559,23356,YvxciX7FEpM,UC9mVbiRT4STi4TmCNJ89O9w,development,3
21,5560,23360,L0a15aYYPC8,UCWwo8NBrDNOb5EEZadW3iWA,test_reserved,
21,5561,23362,68NBZdJJdws,UCPXSUKHTNc1_hnHuj-UiQWQ,test_reserved,
21,5562,23363,z0uz2sVFMxs,UCqrqt9Egbp4Voh3iEUUoorw,test_reserved,
21,5563,23367,8SLa_5IXIU0,UCAKAcMWVANp_qXgWKlXMCFA,development,3
21,5564,23373,cC8JAxIWOgA,UCRDDfbYPHX_GUJ4lcQYTc8A,development,4
21,5565,23377,WJlUEUAxyZE,UCOtYyt7W5PmPnwQjWWF_Z-Q,development,3
21,5566,23383,bEXdku8WQvU,UCrhUdMTs3SrW3N7MBx6MEdg,development,5
21,5567,23390,rkPZVmIf61w,UCiP6DUi_wjUMfc4bo0yIusQ,development,1
21,5568,23394,qDx0QpclSAw,UCckltLEhFLv8Xz_lQhYfwmg,development,1
21,5569,23395,GNWsfRXFTUo,UCnkon33rksDXo3qChhTs5Vw,development,4
21,5570,23397,a8LNKdjEd2o,UCHDqE_7jt4iCq-y1HAF-PUQ,test_reserved,
21,5571,23398,sTwytAO4onI,UCOlHu4DBJ6q8cE1oLW1bNJw,development,2
21,5572,23402,teoncaYFNs8,UC0nMJ3QNryBHZpy1P3Wamwg,development,4
21,5573,23405,X6xMd2bHFh0,UCckltLEhFLv8Xz_lQhYfwmg,development,1
21,5574,23409,_Svs9AdftJc,UCuW9OiaVwvoOraW1Jcc3_uA,development,2
21,5575,23410,TTCdk1cl_sg,UCdotiSNtLlS4qwDto9CdURA,development,2
21,5576,23419,SdUw6AjByAg,UC1k6-TBSzYvANKKu2zcSjcQ,development,2
21,5577,23426,VFq6faMsJew,UC94kX8sCqFj-3I4DgLGoQMg,development,4
21,5578,23433,8m6b-FMSCkI,UCbS_glb2N1NVTrDLVryRbng,development,4
21,5579,23445,4enPeG-BFhw,UCaIc6SgS90ud_RgMSC6hW_w,development,3
21,5580,23446,DPyyYYyfIOk,UCgnFSj7jQffD5V5m05j4dPw,development,5
21,5581,23448,Q-X8qxXLEmk,UCqPFytj5oPGu7mRFRQ8hclQ,development,5
21,5582,23451,vznQmODTSkY,UCCK3OZi788Ok44K97WAhLKQ,development,2
21,5583,23452,P1EUqQlNNMk,UCcgkjXIaOrsFR8GLFo3iwOw,test_reserved,
21,5584,23454,nHl3kYN1C-8,UCgm1AkjIpLGAoBDdCPx1tMQ,development,5
21,5585,23463,jJHnTjfQwmI,UCckltLEhFLv8Xz_lQhYfwmg,development,1
21,5586,23466,jiIaiZHADQs,UC-DEHYgvcA5bBD3cWo_vSuA,test_reserved,
21,5587,23475,aw70DKtrIhU,UCn0XmAUFv6d2tofMFEesSNw,development,5
21,5588,23477,bAVSZ0RBPeg,UCckltLEhFLv8Xz_lQhYfwmg,development,1
21,5589,23483,ft-YDxfxIvI,UCcbOsE5_4LEjtQi8X2PFxDw,development,3
21,5590,23485,nOX1-hYJHJg,UCckltLEhFLv8Xz_lQhYfwmg,development,1
21,5591,23492,PGQUUXMIQso,UC2b5VAYjsOfepl9nAXgRmfQ,development,4
21,5592,23495,bR4ssoRB4MU,UCl5xacxsAhltNGtiMktd_Sg,development,5
21,5593,23497,6U9gi_69QdM,UCrVFS_0PdV7AwyTgR13IcVg,test_reserved,
21,5594,23503,b2l7-bBSohI,UCQTcNhAZidy1i9wwmdgf2Lw,development,4
21,5595,23510,fWHPbpf8HhA,UCbS_glb2N1NVTrDLVryRbng,development,4
21,5596,23513,YyaMt1KEAyM,UCxTVnqDo0Gw2dfe5J3j-vbA,development,3
21,5597,23518,ak49llfaxmg,UCQTcNhAZidy1i9wwmdgf2Lw,development,4
21,5598,23542,RvW6hzgvl0s,UCjCsmSR5ZZa2pgcjviTHfCA,test_reserved,
21,5599,23546,rFKbTDxstEM,UCA5xW2Ce7KT2AtxzDYDebCA,development,5
21,5600,23554,cPPuc3n4Reo,UCPXSUKHTNc1_hnHuj-UiQWQ,test_reserved,
21,5601,23563,hOHf1YOmSWI,UCacIRbbu-hgx4sRW6tZPRoQ,test_reserved,
21,5602,23566,n4ikfBHE9tE,UCwsNWoSlQUyeWgbVQYZtLOA,development,3
21,5603,23572,Ywulsg6IXtM,UCyZS69UpW-wtQvZxnLtDx1A,development,4
21,5604,23574,WwC51wl4iw4,UCPXSUKHTNc1_hnHuj-UiQWQ,test_reserved,
21,5605,23576,BbH-ynM3aG8,UC1YGPDtctHGJWW0NrlQVklw,test_reserved,
21,5606,23586,x7OumqpAIEQ,UC2E7sjgxaME7k16_TQRR3cw,test_reserved,
21,5607,23590,GbbAm9DorA0,UCKvIAFnwVFiuITk3cl7UTxA,development,3
21,5608,23604,bwMT-zmw21w,UCckltLEhFLv8Xz_lQhYfwmg,development,1
21,5609,23606,576sp-AvEmM,UCLNz9bgiJfM3ImTtYDOt8Ew,test_reserved,
21,5610,23607,_srmuot4-OM,UCaESx7Bdghv_UICcG1hBkcg,development,5
21,5611,23614,Is7L7KlpKDw,UCprmDoTgvTMCbo8CInSLBIA,development,3
21,5612,23615,eqUnRdBghio,UCV1NPkc2O0YZBtx_rhDkicw,development,3
21,5613,23630,tvIh8MfFFtM,UCy-3y3BEH8dFhPsNEnO74Vg,development,5
21,5614,23634,rbtw6oS1hRk,UC0tV1b7IFEXFUUILF7mAcWw,development,2
21,5615,23635,vVPlgxSUxcU,UCSSdxN7FMswC7GFnvVON-eQ,development,5
21,5616,23637,gzATAQgEGRs,UC9mVbiRT4STi4TmCNJ89O9w,development,3
21,5617,23639,ukBCqd3dSBI,UCKZjHYC2CfZ0EZkkTWogsVA,development,4
21,5618,23640,YYpP-bLmYNc,UCckltLEhFLv8Xz_lQhYfwmg,development,1
21,5619,23646,WPet4qRNVS8,UCCK3OZi788Ok44K97WAhLKQ,development,2
21,5620,23652,SibdB3FBaQQ,UCE_uaeRZwW7roZqYO31iDWg,test_reserved,
21,5621,23657,PeKIZzSDx80,UCMd-Y13fuzRTpBKs1MlnjYw,development,5
21,5622,23659,_wofBSpDo7c,UC5-n2dfksESEt3ATmM6Uujw,development,4
21,5623,23665,GRh-F7h_GUo,UCl6jWvfKISYk4ZN0N3EDu5g,development,3
21,5624,23668,YbBBiPCyxHQ,UCbS_glb2N1NVTrDLVryRbng,development,4
21,5625,23669,Gb07v1qqPr0,UC5yW2uhi5gYssl3REs2QLLg,development,2
21,5626,23670,NtIvUlBfb64,UC5NJWHF4x-DWCWgNGQfMqmA,development,1
21,5627,23675,OCPkyKHxz7w,UCIQYzhtvJ9Ve8IlADFudn0g,development,3
21,5628,23692,58v0eoBexVY,UCbS_glb2N1NVTrDLVryRbng,development,4
21,5629,23695,p5Ch0Qmb-fY,UCckltLEhFLv8Xz_lQhYfwmg,development,1
21,5630,23697,gus-WkfbVMM,UCCK3OZi788Ok44K97WAhLKQ,development,2
21,5631,23698,-b2Gul0KSVw,UCOtYyt7W5PmPnwQjWWF_Z-Q,development,3
21,5632,23703,A6EeFVbMOXo,UCFGhJsc1ddSN8819LsMa90w,development,5
21,5633,23706,yPj5TygtMNk,UC8rcDufKZ3W6CtZU69CtMXg,development,3
21,5634,23713,rco7_-yQahQ,UCkagcQYGoYFuXsUg-ObSL6A,test_reserved,
21,5635,23714,c4UuKcNnxY4,UCQkPhQ-6NhA1v7Tpsp6EnKQ,development,2
21,5636,23716,1P52rNfQu30,UCRD6apgpGyWJY3F2fqpIYDg,development,1
21,5637,23721,xB33VgKLNdU,UC80S9x_1mLIq3Q21dG-iy5A,development,1
21,5638,23722,HstMl3VuZxE,UCbS_glb2N1NVTrDLVryRbng,development,4
21,5639,23724,7j3pvokxq6w,UCcijXxFzSXgoM6q9cCtT9PA,test_reserved,
21,5640,23731,MQ__JBA-XvY,UCAH7R88V7gz7RqJv78nNOzg,development,3
21,5641,23733,UDd1xEtG02M,UC12K2QZlfWLq_8FmZfB23Yw,development,3
21,5642,23736,8fO5ckyJs9o,UCzyTz2So395JRTH79AlQS7Q,development,1
21,5643,23741,cdXeAXvX3PE,UCOiMY00_ZLijPF6InrCl0TA,development,4
21,5644,23751,ZJw1nC3yelM,UCAH7R88V7gz7RqJv78nNOzg,development,3
21,5645,23759,TmU_ioP70pI,UCA5xW2Ce7KT2AtxzDYDebCA,development,5
21,5646,23762,hlw9OcBXhsQ,UCRtNR8eqB_eaxKgUcltpwXg,development,4
21,5647,23764,qZlMUVjS5CM,UCrhkgHTUdZXbCd69TNuQuMg,development,2
21,5648,23766,3xoAM7GOxYc,UCaESx7Bdghv_UICcG1hBkcg,development,5
21,5649,23767,vzffZgTX_Jo,UC2b5VAYjsOfepl9nAXgRmfQ,development,4
21,5650,23768,EHHDpkvT_DQ,UCiAYv_QAosB-49bJbu3NM3A,test_reserved,
21,5651,23769,KIXwPt2PHNM,UCLsRogzQ9bw2Efitidd0ikg,development,4
21,5652,23771,8WxsNmazwYE,UCOlMa7eBVngg14Qnu8eAXgA,development,1
21,5653,23776,lda0JEYqFFY,UC38c_i9VoaIjDpp46l35d0w,development,4
21,5654,23777,MXajSBR8AmA,UCTlVnv2IrpdHPiB4PeaH6Lw,development,2
21,5655,23780,krzpikkk7-0,UCkagcQYGoYFuXsUg-ObSL6A,test_reserved,
21,5656,23781,XVDsq-BrNG0,UCXn1a_JRiiunkEVS9tamdCA,development,4
21,5657,23784,58Fuali7rP8,UC20RzbPn2zOX8-g15ld7nFw,development,1
21,5658,23791,JscfRT42UBo,UCpoTebfTyQ_MnHRIIWpVQeA,development,5
21,5659,23800,HxLu0rk3oNc,UCf2Iar2LDcFaSCnVH1ZMUkA,development,3
21,5660,23803,jN31nFYU_lM,UCMayHG7j39d11Gh36vV7GnQ,development,5
21,5661,23808,euQOW31BfYY,UCCK3OZi788Ok44K97WAhLKQ,development,2
21,5662,23813,kLGRvx9n4TA,UCgnFSj7jQffD5V5m05j4dPw,development,5
21,5663,23814,Z-mV6tnkVFw,UC1lLkoi3_W_0-g4GI5bA90w,development,3
21,5664,23826,5PhgcwwAKo8,UCmwIKQQjwpjNT8OQ_VZuRfg,test_reserved,
21,5665,23828,JFc4J6A0eyk,UCCK3OZi788Ok44K97WAhLKQ,development,2
21,5666,23830,VZw5wJbjeY4,UCQTcNhAZidy1i9wwmdgf2Lw,development,4
21,5667,23841,HQ_8CXN4lj4,UCjYAhUnrkBujtKI3j3LM2uA,development,3
21,5668,23843,jDvEtVZF8Bc,UC944GuW0gSM0srEsZSZRQEQ,test_reserved,
21,5669,23846,2gNpspQtf-k,UCCK3OZi788Ok44K97WAhLKQ,development,2
21,5670,23851,AFBmJD43qcQ,UCcrsFwwoMvcXYpJ0XldIlVQ,development,3
21,5671,23852,TZ57u_47uOk,UC4Pb9SEsCb1EpsXVYAVVajw,development,2
21,5672,23854,YiKwdyvwq2k,UCNJq7z4rYDfvXvgWKt6KOvw,test_reserved,
21,5673,23859,7lPlvaatuTE,UCCK3OZi788Ok44K97WAhLKQ,development,2
21,5674,23861,1P9SpACbGF4,UCcg4tDKgPLIc_x3lhWdogLg,development,3
21,5675,23862,tJR1Z8avO9k,UCqrqt9Egbp4Voh3iEUUoorw,test_reserved,
21,5676,23870,4VapOGMxbf0,UC944GuW0gSM0srEsZSZRQEQ,test_reserved,
21,5677,23871,bFLu1nsszGo,UCsLoRcb3FvB-uK3F1_zqXbw,development,3
21,5678,23873,M8KINge8lxs,UCl5xacxsAhltNGtiMktd_Sg,development,5
21,5679,23874,SwqmKmQYGQ4,UCgnFSj7jQffD5V5m05j4dPw,development,5
21,5680,23875,jz7hTzEf_vM,UCPJRtoh7x7vEw0-d59JwKiQ,test_reserved,
21,5681,23881,OMWtrS41t9o,UCQxYcvX5hnGJvuTFzKng-Vg,test_reserved,
21,5682,23893,sUTPN7K8L4g,UCcijXxFzSXgoM6q9cCtT9PA,test_reserved,
21,5683,23897,2erzaqn4PoU,UCQTcNhAZidy1i9wwmdgf2Lw,development,4
21,5684,23898,rA2LgVgxnE0,UCckltLEhFLv8Xz_lQhYfwmg,development,1
21,5685,23906,oSx7_xoWMh0,UCLbLJNJZ4SAx_9vSEjRyN9w,test_reserved,
21,5686,23907,BAh5L5GWbtQ,UCxQQ7T5UMck1aKxzBmyt4rw,development,5
21,5687,23911,BBaVizbdr7U,UCp4rV_5KmCHG-_ub1r6B2Zg,development,5
21,5688,23918,cx3JIijMGis,UCcbOsE5_4LEjtQi8X2PFxDw,development,3
21,5689,23931,D7Aj0pWmqz8,UCCK3OZi788Ok44K97WAhLKQ,development,2
21,5690,23935,WVfgVuduqvM,UC4N96R0hZhwEzNHw53_UGlA,development,4
21,5691,23949,R3WX48des78,UCckltLEhFLv8Xz_lQhYfwmg,development,1
21,5692,23950,OPR9ARTqMMw,UCCK3OZi788Ok44K97WAhLKQ,development,2
21,5693,23952,nyQXGuesOgY,UCTGZsXT7xZXB-hBvdpusI9Q,development,4
21,5694,23953,0ifKMAcuZU0,UCOtYyt7W5PmPnwQjWWF_Z-Q,development,3
21,5695,23957,DVgmz3WKXxk,UCaESx7Bdghv_UICcG1hBkcg,development,5
21,5696,23959,7jHy2I_T3tY,UCckltLEhFLv8Xz_lQhYfwmg,development,1
21,5697,23960,gwmDqILqyNc,UCOHyRrRuD2zGCkpuCAlyOyA,test_reserved,
21,5698,23972,KkweMxzS5sw,UC5R7F4Mw_ZV1c4tYe4UKLIg,development,1
21,5699,23975,beHvFePML80,UCF1tNzAPwJ9ImgfuT-brCBw,development,4
21,5700,23976,LHvQKPVhNo0,UCbS_glb2N1NVTrDLVryRbng,development,4
21,5701,23977,TsY02dVeK8M,UCCK3OZi788Ok44K97WAhLKQ,development,2
21,5702,23984,TK64dhKisRk,UCMk3TZ_MvwlPbSYp_1FScrw,development,3
21,5703,23991,XrTRLL0O0FM,UCCK3OZi788Ok44K97WAhLKQ,development,2
21,5704,23992,qd1LSNoF6U4,UCTlLpPddpcW0ee6y4z9stKA,development,5
21,5705,23993,CQQC17n7goY,UCkOBWuInZXAP0DT3iAT5hYw,development,2
21,5706,24002,HBw12rB9egc,UCckltLEhFLv8Xz_lQhYfwmg,development,1
21,5707,24005,ULWCaeUAYHs,UCOtYyt7W5PmPnwQjWWF_Z-Q,development,3
21,5708,24007,eV_dCQsqbAY,UCBsrUim15y-s6PfMISCR38A,development,2
21,5709,24011,szQgd9dcvrA,UCrmzxiCDMV3hI56E9nYy-4A,development,4
21,5710,24015,ek_NjxDsU-c,UCLMx-A1FJ73GRtvWTQ0y9Gw,development,5
21,5711,24030,NNz3hSwcP0Y,UCYRuRw221bkMM9zHUS5_Y0w,development,2
21,5712,24032,JDgUAhWWEik,UCPJRtoh7x7vEw0-d59JwKiQ,test_reserved,
21,5713,24045,K793jQK9MoA,UCgnFSj7jQffD5V5m05j4dPw,development,5
21,5714,24051,D4zWn9epES0,UCV-q7cRK5yFYEFzWuoQOmQQ,development,5
21,5715,24055,Z4jqUtxZQMw,UCFuP4DmMM9LZOMoa86vsZig,test_reserved,
21,5716,24062,-LmD7Dm8eOw,UCRDDfbYPHX_GUJ4lcQYTc8A,development,4
21,5717,24067,5HfNKuzgTzE,UC77KElG2_PMASzuLRryMYDg,development,1
21,5718,24068,ahngbWNWa1w,UCckltLEhFLv8Xz_lQhYfwmg,development,1
21,5719,24071,FKHPPC3gBFQ,UCkzFXIie723z4vsYAMsMGsg,development,2
21,5720,24072,eoGL_Yd2bhk,UCKROiSW5K8o4GiJuK6Cp_hA,test_reserved,
21,5721,24077,VXH1186NZQo,UCckltLEhFLv8Xz_lQhYfwmg,development,1
21,5722,24078,wXzZdB5TWhw,UCAH7R88V7gz7RqJv78nNOzg,development,3
21,5723,24083,V7LezTf9qPk,UCB6jpWSG2GBgeUFfSrUgXew,development,3
21,5724,24086,vvuxIHwmHzM,UC-CcqBJrHwkO8SxwZpjcuSg,development,1
21,5725,24092,AyPzmb-vn-I,UCizY5U-GpEdZXFsSbIUIogQ,development,3
21,5726,24094,Ql-TigWlgrg,UCRDDfbYPHX_GUJ4lcQYTc8A,development,4
21,5727,24095,uVYOONp3lIA,UCOtYyt7W5PmPnwQjWWF_Z-Q,development,3
21,5728,24108,PfDCdAqMjok,UCckltLEhFLv8Xz_lQhYfwmg,development,1
21,5729,24110,1mfX2I6-E24,UCckltLEhFLv8Xz_lQhYfwmg,development,1
21,5730,24119,AcvzokEvk20,UCCK3OZi788Ok44K97WAhLKQ,development,2
21,5731,24124,saO6xhLsKdM,UCgnFSj7jQffD5V5m05j4dPw,development,5
21,5732,24128,OzbLktSd9_4,UCcbOsE5_4LEjtQi8X2PFxDw,development,3
21,5733,24129,ONF98JHaoiQ,UC-InXGUDXmIVAZG7efBiU7A,development,4
21,5734,24135,Kycevg9J0ak,UCbS_glb2N1NVTrDLVryRbng,development,4
21,5735,24136,wORG5hANZWo,UCzBxpFnzdrbKctaSNozTHpA,development,2
21,5736,24145,oSg3angUI88,UCckltLEhFLv8Xz_lQhYfwmg,development,1
21,5737,24151,Xhv-dffPZGI,UCaqKkC85KtIgXZK1edWABww,test_reserved,
21,5738,24156,Q6QeG8WwwIc,UCBUk51w4TcB2Joq2GOh7Peg,test_reserved,
21,5739,24170,JGh0GlEnGJs,UCJojbxGV0sfU1QPWhRxx4-A,test_reserved,
21,5740,24173,5EEYvY40eu8,UCCK3OZi788Ok44K97WAhLKQ,development,2
21,5741,24175,Laht22gzUDY,UC5-n2dfksESEt3ATmM6Uujw,development,4
21,5742,24183,xXEcxquQB54,UCbR7juPwtP-bV_w0840ciYQ,development,4
21,5743,24189,sO64ETHBF9k,UCckltLEhFLv8Xz_lQhYfwmg,development,1
21,5744,24191,LH-22oEueh8,UCafJV2dgvIHYxjKb4GJpV7w,development,4
21,5745,24192,Jet7UOeLE9U,UCaESx7Bdghv_UICcG1hBkcg,development,5
21,5746,24194,fVPRXoH5kB0,UCcijXxFzSXgoM6q9cCtT9PA,test_reserved,
21,5747,24195,tWoAU2RXXII,UCCK3OZi788Ok44K97WAhLKQ,development,2
21,5748,24201,BzYuZlP6bP8,UCMv53_1dj-WnV1KhRV4oB8g,development,3
21,5749,24216,TGFJSGlcKIQ,UCprmDoTgvTMCbo8CInSLBIA,development,3
21,5750,24218,xcnjjXw6Y3Q,UCprmDoTgvTMCbo8CInSLBIA,development,3
21,5751,24228,6pofhuzmk8s,UCnANUYmlChbeCOqyAE-Y80g,development,4
21,5752,24238,K7R0nrHNVJ8,UCckltLEhFLv8Xz_lQhYfwmg,development,1
21,5753,24240,nIj1f_9dVmk,UCOPqjdQOIF6faslRMEruJmA,development,5
21,5754,24243,ZB5zm_GDSMM,UCAKAcMWVANp_qXgWKlXMCFA,development,3
21,5755,24244,NyUO5IvArgo,UCQTcNhAZidy1i9wwmdgf2Lw,development,4
21,5756,24245,f0OXNbVzHqk,UCckltLEhFLv8Xz_lQhYfwmg,development,1
21,5757,24251,LrIBESjsMDg,UCn0XmAUFv6d2tofMFEesSNw,development,5
21,5758,24257,GAlx-ObiueA,UCA5xW2Ce7KT2AtxzDYDebCA,development,5
21,5759,24258,Iu75rK5clvM,UCgy5luu86OLBeugp27Tnddw,test_reserved,
21,5760,24261,iC7S4b5tg68,UCk9jF1m8XqLTOcixWkGb0jg,development,5
21,5761,24263,BfykFjCW4fI,UCq5Gm4jfNGRXvUTOw9d2Zzw,development,3
21,5762,24264,nUhyga82YUg,UCcMQKrccZ9c0_GNyXWo8jLg,development,3
21,5763,24267,3LfVdwlcnzI,UCcijXxFzSXgoM6q9cCtT9PA,test_reserved,
21,5764,24271,V04wRvaeU2s,UCCbm1E52PV05ZLv6dtRB92Q,development,5
21,5765,24278,HX3xJPdgnsA,UC6IHfZ-Rez2LR0PH01YxL7w,development,3
21,5766,24279,V7hMIUGi8ik,UCQTcNhAZidy1i9wwmdgf2Lw,development,4
21,5767,24281,BIJJ70A6s2s,UCckltLEhFLv8Xz_lQhYfwmg,development,1
21,5768,24288,2QxpTpOm9yg,UCQTcNhAZidy1i9wwmdgf2Lw,development,4
21,5769,24290,hOC1wB4r6T8,UC9iEv8PqeHuC3ZVt0QqN-pQ,test_reserved,
21,5770,24297,Gc3xCrk6ntw,UCrVFS_0PdV7AwyTgR13IcVg,test_reserved,
21,5771,24298,QqsaOReNWwc,UC8lKgUHo-2mSR5cRRXO9xow,development,3
21,5772,24299,m-U8yK6e3zw,UCckltLEhFLv8Xz_lQhYfwmg,development,1
21,5773,24303,KZ6yod5RTac,UCbCAIiyYUDoFFIzXS0HxYTA,development,2
21,5774,24310,uYoQCEXRFKI,UCE_HRkZMtXQvjnCrM0aSjCQ,test_reserved,
21,5775,24311,O57rTLccFWs,UCmGMChEd9jBucufrWcpk3Ew,development,5
21,5776,24321,5HgtTCzMh4I,UC1hcl0aIr9KtXA-Kiq9itqw,test_reserved,
21,5777,24323,aSMwU3jKyHc,UCl4MonVoWRx3HqAh3Efw2Jg,test_reserved,
21,5778,24324,CXLELbHy-7A,UC6jQt9K_jqnBNtsRf7hXHsA,development,5
21,5779,24325,mbjryHqtic4,UCckltLEhFLv8Xz_lQhYfwmg,development,1
21,5780,24327,ZFUCIsubo-M,UCw3UDSrbKod4Gk_rSpA5gqw,development,1
21,5781,24333,NwoRRsSk7jM,UC8yf9lgtn8Tjeb2HauaFgFg,development,3
21,5782,24342,lXHjPbPziiQ,UC-DEHYgvcA5bBD3cWo_vSuA,test_reserved,
21,5783,24343,gVOUh1UH6ek,UCCK3OZi788Ok44K97WAhLKQ,development,2
21,5784,24346,W--q4yLrAZg,UCg22fUwQQF-7Sf6-TIVIFrA,test_reserved,
21,5785,24350,S8q4WD0b-9Y,UCReF_78PPPdU7kKodNtBwMg,development,3
21,5786,24351,m7xVa46I64Q,UCypYfMZbKIxBlXqngCuvi0A,development,3
21,5787,24353,TG4O7Vj5iaU,UCckltLEhFLv8Xz_lQhYfwmg,development,1
21,5788,24368,VGJs_d219b0,UCQs4YsWvTrJMQANLv6uqAZw,development,4
21,5789,24371,GhLbD4zkQnk,UC3cLeuBcLQ2vwEbVfdlfXyg,development,1
21,5790,24378,sKM_6wUHIPw,UCDgCzQ_an_TmDOFLNj806pw,development,2
21,5791,24379,yUrdjnyNbPk,UCvsksEXBnVKBj0QiQ6cnTdw,development,2
21,5792,24381,iyaqpGdSAeo,UCqrqt9Egbp4Voh3iEUUoorw,test_reserved,
21,5793,24385,0t3GbFGdT7M,UCCK3OZi788Ok44K97WAhLKQ,development,2
21,5794,24387,GswatfbaiiM,UCbR7juPwtP-bV_w0840ciYQ,development,4
21,5795,24388,5A5J33j5Qq0,UCcijXxFzSXgoM6q9cCtT9PA,test_reserved,
21,5796,24393,6ADCO2ey19U,UCwm5-5k4apHsjjy6g8j6tQg,development,5
21,5797,24395,yObbszVzSis,UC-neEp_sbgC09Nx78RvXpAw,development,1
21,5798,24396,Hw-395HevvY,UCcijXxFzSXgoM6q9cCtT9PA,test_reserved,
21,5799,24402,Ud7t4erc9-I,UCaESx7Bdghv_UICcG1hBkcg,development,5
21,5800,24410,7EvrmUtG1ao,UCbS_glb2N1NVTrDLVryRbng,development,4
21,5801,24412,UtZT2yATC54,UCZXcD8T3zClfNAlDwHCdg6w,development,1
21,5802,24420,BrUg0QYweOQ,UCaESx7Bdghv_UICcG1hBkcg,development,5
21,5803,24422,-ZKYe-b7-yI,UCJ44oEtQ4TUPUbVS6hLI9Hw,development,2
21,5804,24425,7SvgMgc1Jxc,UCckltLEhFLv8Xz_lQhYfwmg,development,1
21,5805,24429,dw0dMWp-amw,UCckltLEhFLv8Xz_lQhYfwmg,development,1
21,5806,24433,Zf0o3ICQLkM,UCN2EppENLvG8D2y7CQ8iLQw,development,1
21,5807,24435,y2x2sdf5ZgI,UCcijXxFzSXgoM6q9cCtT9PA,test_reserved,
21,5808,24437,PxWjF60zSBg,UCCK3OZi788Ok44K97WAhLKQ,development,2
21,5809,24440,5znrVk74tAY,UCXfgx23Lw81I4wsCNhdVBgw,development,2
21,5810,24441,xEQkAVzAHX0,UCr27vXsqJXYjFy-vepngPWg,development,5
21,5811,24445,K9R_7hhQJ_s,UCgnFSj7jQffD5V5m05j4dPw,development,5
21,5812,24452,30PdPrc6x4M,UCoPGkvh-1AoSzh23-ROXrpw,development,3
21,5813,24458,qEhuTXb1NEE,UCOtYyt7W5PmPnwQjWWF_Z-Q,development,3
21,5814,24460,38f_WRUBTAk,UCaESx7Bdghv_UICcG1hBkcg,development,5
21,5815,24462,rtOjTYlxjao,UCLNz9bgiJfM3ImTtYDOt8Ew,test_reserved,
21,5816,24467,aDaUU7BuISo,UCLsRogzQ9bw2Efitidd0ikg,development,4
21,5817,24469,C6J3SLCxsac,UCAKAcMWVANp_qXgWKlXMCFA,development,3
21,5818,24471,sYlxsU55sUY,UCskNFH2e4ptFTkgeVmFPNhA,test_reserved,
21,5819,24479,nJksJu0bieI,UCvZ8sPFxYngz2JN3DG93fOw,development,4
21,5820,24482,xy6GD4ZhfOw,UCQTcNhAZidy1i9wwmdgf2Lw,development,4
21,5821,24483,StQES1rkK5w,UCcwCsuV7bOpTfqf2UvLfYmg,development,4
21,5822,24487,EMU7SDplJBg,UC-InXGUDXmIVAZG7efBiU7A,development,4
21,5823,24491,unsVBemnG8M,UCcrsFwwoMvcXYpJ0XldIlVQ,development,3
21,5824,24493,1bXE88MH31s,UCckltLEhFLv8Xz_lQhYfwmg,development,1
21,5825,24495,9HT12iQ7Y1c,UCNbM4dl9kN5KDpmDdAW6zOg,test_reserved,
21,5826,24499,zmPnBPf1Mew,UCBo33J_bzwgdK7Gzc_YPjLA,development,2
21,5827,24506,CHAWMIPQcsc,UCQTcNhAZidy1i9wwmdgf2Lw,development,4
21,5828,24507,DONoud25nQc,UCckltLEhFLv8Xz_lQhYfwmg,development,1
21,5829,24508,sRhc-zma6uE,UCCK3OZi788Ok44K97WAhLKQ,development,2
21,5830,24513,ajYPTBLiYYw,UCcijXxFzSXgoM6q9cCtT9PA,test_reserved,
21,5831,24514,B11aQak21S0,UCckltLEhFLv8Xz_lQhYfwmg,development,1
21,5832,24517,2DTDtoC1UTw,UCF0uUUUTf2kzN8lz20-iksg,test_reserved,
21,5833,24519,bLgTJrahgQQ,UC-0Mao449ypwT0j6O4Dq1kA,development,5
21,5834,24522,xz0m169i_XQ,UCUzsesaP5G628WVuqEckF8w,development,1
21,5835,24524,99du0X5C2WM,UCgnFSj7jQffD5V5m05j4dPw,development,5
21,5836,24531,NsPdiVWWOwM,UCQTcNhAZidy1i9wwmdgf2Lw,development,4
21,5837,24532,cLkipsnDyfY,UCn0XmAUFv6d2tofMFEesSNw,development,5
21,5838,24533,vvvEJ9STEng,UCCK3OZi788Ok44K97WAhLKQ,development,2
21,5839,24541,r41D1w9Vy00,UCOtYyt7W5PmPnwQjWWF_Z-Q,development,3
21,5840,24543,KvZPRKL2lyc,UCckltLEhFLv8Xz_lQhYfwmg,development,1
21,5841,24544,Zhk-C1LJAio,UCaq1Ca_iVYr-PwiZHwF-QKQ,development,4
21,5842,24545,dZuQjh58uNk,UC8ZmvQOUKiu6SmICTXzjFnA,development,2
21,5843,24549,WzOKpveCEjQ,UCJkx-61Ysti3AzfwmdgtyKg,test_reserved,
21,5844,24550,n4qVeAZWIlY,UCckltLEhFLv8Xz_lQhYfwmg,development,1
21,5845,24552,VXStsfDZnyU,UCYKyUJ4cVLcnU6rUyJvOupg,test_reserved,
21,5846,24555,pP4BV4eF7k4,UCgnFSj7jQffD5V5m05j4dPw,development,5
21,5847,24562,Y_87TQdH-mY,UCFNhBN3enTlGFtr-apfIaDw,development,3
21,5848,24570,S9j0DHz1nMI,UCcbOsE5_4LEjtQi8X2PFxDw,development,3
21,5849,24574,QpY7WJxEVXQ,UC26VRuzyIws063aBlfjPuug,test_reserved,
21,5850,24580,iqoEYaklsOw,UCDqy-V3qY-xtSmiRHlZIWWQ,development,5
21,5851,24582,fQlXs0BUbmk,UC0fnN8-CgXOlHLjGc78e-0g,test_reserved,
21,5852,24583,_B-smZYajog,UCCK3OZi788Ok44K97WAhLKQ,development,2
21,5853,24586,C1t6JN9-igk,UCckltLEhFLv8Xz_lQhYfwmg,development,1
21,5854,24588,xLStI98HQtE,UC1YGPDtctHGJWW0NrlQVklw,test_reserved,
21,5855,24592,9N-BCXZ7jsE,UCPfU0uygBGutjaaJU5PpEvg,development,2
21,5856,24599,powqSiaxwEw,UCTlLpPddpcW0ee6y4z9stKA,development,5
21,5857,24601,CFA6Xrj4GFc,UCuTgmLxqarTxuBU5ARMYUNQ,test_reserved,
21,5858,24602,TgLbbpQn_2I,UC8lKgUHo-2mSR5cRRXO9xow,development,3
21,5859,24604,flkf2utS7E4,UCDqFysWGVtduHRyawK8oJkw,development,1
21,5860,24616,LuA0sGh_5oY,UC3tvYy-s84yySG7V85jRDnA,development,4
21,5861,24620,s_otu94QFG8,UCcijXxFzSXgoM6q9cCtT9PA,test_reserved,
21,5862,24625,vemj3ihdJZo,UCRB8mrLCcwTPlJOMUy9MDUg,development,2
21,5863,24628,ysIylelij9Y,UCcbOsE5_4LEjtQi8X2PFxDw,development,3
21,5864,24634,GNPfHrXohj4,UChlvAvH3N7Xd29DuAJgv0Mg,development,1
21,5865,24635,puG0JS3yahQ,UCXSus5Zss-0FP1quj0Mpndw,development,3
21,5866,24648,oeeHITiLAw0,UCXm0FsS7PXy0w5HeOkYMi7Q,development,5
21,5867,24650,qM8GQn71p-I,UCOtYyt7W5PmPnwQjWWF_Z-Q,development,3
21,5868,24652,40gtNpjf6Oo,UCcijXxFzSXgoM6q9cCtT9PA,test_reserved,
21,5869,24654,k6kmm9tJwpk,UCe13xXtdfx_n0_z1qeXV6_g,development,5
21,5870,24656,TISKQHaM4lY,UCAgBGlUKoAQFXMUzshrWDgg,development,5
21,5871,24663,wzvSUlK2tuQ,UCCK3OZi788Ok44K97WAhLKQ,development,2
21,5872,24664,nxQu3Ojv2Vw,UCgnFSj7jQffD5V5m05j4dPw,development,5
21,5873,24666,E578dlAwsJk,UCk0ZLeOPZVnRJn_s1x-8Idg,test_reserved,
21,5874,24675,Z98Nbtm5vLM,UCP0FKFuz9j2Dp-QDr-Dv_0g,development,4
21,5875,24677,ps2MwV-jGPc,UC8rcDufKZ3W6CtZU69CtMXg,development,3
21,5876,24683,L7JF6nc76as,UCnT7Z6-yqjhM__jZbK_B3kw,development,4
21,5877,24685,1r7WWIYUg9c,UCqrqt9Egbp4Voh3iEUUoorw,test_reserved,
21,5878,24686,cbK5OSG-yBY,UCrWDxd_eJ3NM1Z-e1jDsjUA,test_reserved,
21,5879,24688,6kdmSny5AX0,UCcijXxFzSXgoM6q9cCtT9PA,test_reserved,
21,5880,24696,-9hTdKshzQM,UCCK3OZi788Ok44K97WAhLKQ,development,2
21,5881,24702,w9-VC4F3t5c,UCP4Z7-uWZYIQBclex8M086A,development,3
21,5882,24704,QSUVBVJvnr8,UCl2s_wU_NKeue51sdiP1s0g,test_reserved,
21,5883,24709,DiesFHP_xgQ,UCcijXxFzSXgoM6q9cCtT9PA,test_reserved,
21,5884,24711,SgVaPTpuHGc,UCmqflTSJ6911aCrnaWIXxsA,development,2
21,5885,24713,d7VFPIGuFXA,UCf2Iar2LDcFaSCnVH1ZMUkA,development,3
21,5886,24714,38xcuT6Tcg4,UCckltLEhFLv8Xz_lQhYfwmg,development,1
21,5887,24715,xY3UgLL8Rdo,UCAH7R88V7gz7RqJv78nNOzg,development,3
21,5888,24716,omj-B9lr_F0,UCIQYzhtvJ9Ve8IlADFudn0g,development,3
21,5889,24722,DP9tqR71UEw,UCbS_glb2N1NVTrDLVryRbng,development,4
21,5890,24724,naLBmE6-RQQ,UCOtYyt7W5PmPnwQjWWF_Z-Q,development,3
21,5891,24727,0boiH6PAgVE,UCUJlhgu2VRWkB1YPI_jjctA,development,4
21,5892,24729,7-gjk0Xx68o,UC9iEv8PqeHuC3ZVt0QqN-pQ,test_reserved,
21,5893,24733,xjLvm5t_urQ,UCcijXxFzSXgoM6q9cCtT9PA,test_reserved,
21,5894,24739,deg9ZzE-V1w,UCOtYyt7W5PmPnwQjWWF_Z-Q,development,3
21,5895,24744,qvE7u8HpQkw,UCQTcNhAZidy1i9wwmdgf2Lw,development,4
21,5896,24746,95cfQeJmh8w,UCpSJ86vrKvGmV63s0AzVhUg,development,1
21,5897,24753,9CcD9Ek3Ido,UCPXSUKHTNc1_hnHuj-UiQWQ,test_reserved,
21,5898,24755,x5XDRuXd2-g,UCPXSUKHTNc1_hnHuj-UiQWQ,test_reserved,
21,5899,24757,0x2UFlvz5eI,UCCK3OZi788Ok44K97WAhLKQ,development,2
21,5900,24758,c1J24h8huTQ,UCn6YTM3fvYdwCOHpdNJBOeg,development,4
21,5901,24762,vz58-YWlpUk,UC12Ujt77-UFGXPAalKwuXDg,development,1
21,5902,24767,9dA4ZJFCrBU,UCOtYyt7W5PmPnwQjWWF_Z-Q,development,3
21,5903,24768,KQyo_0Q77Cw,UC4VkNi2RZSJyqXsFaJYfsPg,development,4
21,5904,24774,7CW525FhTwA,UCm3mXl7hQbHVMxhKaOeEhYA,test_reserved,
21,5905,24779,mmA5kLB5Kx0,UCckltLEhFLv8Xz_lQhYfwmg,development,1
21,5906,24783,UQ_iRvf99Lw,UC5-n2dfksESEt3ATmM6Uujw,development,4
21,5907,24791,zHZ7jo7weR0,UCPdASwipemqGhpK-B-a12Ow,development,4
21,5908,24793,1QCASS8UUNE,UCOgsOVUELkkv_irhET9kK_Q,development,1
21,5909,24813,1vBcCkhIEtY,UCxyOEiDidNJQGoMJXjOVW7A,development,2
21,5910,24827,q0QHN5QRyNs,UCVwfluXqG3UUGOS9-nHqBdA,development,2
21,5911,24836,Q-Z91FPkNwc,UC9_3iaIIixGPLSEeMoUSA8A,development,5
21,5912,24838,mgo8QWeFRuw,UCYmEcbCgb9yxZZJGH1rtn_Q,development,3
21,5913,24839,IdbPmeN_XOQ,UCMxeqmVKOqiqh7V_A3h4gfA,test_reserved,
21,5914,24847,vwnf3MYPaK8,UChlTbGDLAEo8WN_qZLavi7Q,development,2
21,5915,24848,7BRxShQPrtA,UCAH7R88V7gz7RqJv78nNOzg,development,3
21,5916,24850,VGHNFcp8Pcs,UClcIQJ6q-HsROoyWms8B8tg,development,2
21,5917,24855,kFMhcfGhETY,UCCK3OZi788Ok44K97WAhLKQ,development,2
21,5918,24864,jBfWcepE5DI,UCMKVkE8hcrq8XVr_GftJ_sg,development,3
21,5919,24866,6M34JmPiUhA,UCkagcQYGoYFuXsUg-ObSL6A,test_reserved,
21,5920,24869,i9EHwM-nNVs,UClSIhhnuyF8fXtBTpOOTknA,development,2
21,5921,24875,TTUk5eTopqI,UCaESx7Bdghv_UICcG1hBkcg,development,5
21,5922,24882,XmKAjKivZG8,UCoQrhbL8EqaiWTywvgPlriA,development,2
21,5923,24895,xRyyhyXK0eU,UCQTcNhAZidy1i9wwmdgf2Lw,development,4
21,5924,24896,vaqyI2qGtrg,UC61hH_E3HUjIweuWm20wuDg,development,5
21,5925,24903,bVnv4kq-K9s,UCckltLEhFLv8Xz_lQhYfwmg,development,1
21,5926,24907,ZLWvZaZV97c,UCOtYyt7W5PmPnwQjWWF_Z-Q,development,3
21,5927,24923,CnZR64Xl9Bw,UCcy3exSBk-B1tfIAxHnxgzw,development,4
21,5928,24929,KgrFs5ZO-xs,UCcwCsuV7bOpTfqf2UvLfYmg,development,4
21,5929,24930,R5KCcTNDxdU,UCt1uMmva5HBK0qu1hTGGvzA,development,5
21,5930,24938,TClnusFjehc,UCbS_glb2N1NVTrDLVryRbng,development,4
21,5931,24939,t0D8K-V3KqI,UChdRlRaJpIhRYoHvXwFxRKA,test_reserved,
21,5932,24942,yebpovW1Z6M,UCG0j1mTQov3RVBgLgh6wbKg,development,2
21,5933,24949,44ZyH6xqiSg,UCKMHxntbjMQxwezTaVdDtFA,test_reserved,
21,5934,24954,B-gRox4qzDU,UCRB8mrLCcwTPlJOMUy9MDUg,development,2
21,5935,24966,siQ_Qz-9KGM,UCckltLEhFLv8Xz_lQhYfwmg,development,1
21,5936,24972,ZCmgBLsTACI,UC8ZmvQOUKiu6SmICTXzjFnA,development,2
21,5937,24975,l_UpowVwVUw,UCuGDIseJA12zshqpeL19yDg,development,1
21,5938,24979,A4vYhi-PHXg,UCPXSUKHTNc1_hnHuj-UiQWQ,test_reserved,
21,5939,24982,QV-7A-jXBZA,UC6HwmLhWyPIiVHDvJO5EZPw,test_reserved,
21,5940,24983,UuIJrjG4Oag,UC1YGPDtctHGJWW0NrlQVklw,test_reserved,
21,5941,24989,UJNo692JAEs,UCaESx7Bdghv_UICcG1hBkcg,development,5
21,5942,24993,iXtZj1MnCbI,UCaN5X0a_Su-1Dpb-VsEkUjA,development,1
21,5943,24998,hIEoGy7OS84,UCAH7R88V7gz7RqJv78nNOzg,development,3
21,5944,25000,D9ltm7WjcJ4,UCLA8Ovy_NPAwMWvr8IEDquw,development,4
21,5945,25002,dUUPmFJCSZo,UCcrsFwwoMvcXYpJ0XldIlVQ,development,3
21,5946,25007,ud3vK0x2H5U,UCmqflTSJ6911aCrnaWIXxsA,development,2
21,5947,25008,xU4ui4iNASc,UCgooj1ufFuOk6GD2jq8CbdQ,development,1
21,5948,25015,3sXwRwGY0dM,UCpfrIJXRqOTx2kPVsUytO4Q,development,5
21,5949,25016,aanLkUjqidU,UCckltLEhFLv8Xz_lQhYfwmg,development,1
21,5950,25017,XSm56Mb5yMQ,UCi4eOuqIacCVIiKfEgGh4FQ,development,4
21,5951,25024,XNXi8XwZRrQ,UCG0j1mTQov3RVBgLgh6wbKg,development,2
21,5952,25026,zYzCEU-K4EE,UCOtYyt7W5PmPnwQjWWF_Z-Q,development,3
21,5953,25031,k85O_zYmJQU,UC5mNdm6_f2fv50Hzsg7qW1g,development,2
21,5954,25038,FfsO0lmM9wA,UC8lKgUHo-2mSR5cRRXO9xow,development,3
21,5955,25040,v1nqP9w1_bU,UC33e0vM5W6gm82W5WuoGB9A,development,1
21,5956,25042,w7gLnEKoCf8,UCckltLEhFLv8Xz_lQhYfwmg,development,1
21,5957,25044,4-T-pRc3y9k,UCQTcNhAZidy1i9wwmdgf2Lw,development,4
21,5958,25045,DDEROwQZijU,UCUzsesaP5G628WVuqEckF8w,development,1
21,5959,25049,CnJl084_Vno,UCkagcQYGoYFuXsUg-ObSL6A,test_reserved,
21,5960,25051,c-lP-ZLZ6BQ,UCMxeqmVKOqiqh7V_A3h4gfA,test_reserved,
21,5961,25052,YftUC4L-IPQ,UC7e8LFxir9MCfTAf2XQbfaA,development,4
21,5962,25054,ww36MaqNF24,UCnANUYmlChbeCOqyAE-Y80g,development,4
21,5963,25056,NDFbbpF4icc,UCn0XmAUFv6d2tofMFEesSNw,development,5
21,5964,25060,U8Ful7UDt9g,UCweDTnElSgujDbt3yoNTx4g,development,2
21,5965,25063,BCFE_dT7-H4,UC0ZcZzDZe8x6-olaRR5-wYw,development,4
21,5966,25068,ho6RaNXeksc,UCCK3OZi788Ok44K97WAhLKQ,development,2
21,5967,25069,oujqCEUpXho,UCn6YTM3fvYdwCOHpdNJBOeg,development,4
21,5968,25070,vVHO2-n4LWQ,UCckltLEhFLv8Xz_lQhYfwmg,development,1
21,5969,25074,IWkLEbcfxNg,UCp3vt0JWTbhd15j9PSn3RnQ,development,3
21,5970,25079,-yBFMHo3cqo,UCGUIJxToYLu79zr7YzpmZjg,development,2
21,5971,25088,le6DXAnsRoY,UCcspHoBTj_aLhnJLwkMpWHQ,development,5
21,5972,25091,x9DidNhEynE,UCaESx7Bdghv_UICcG1hBkcg,development,5
21,5973,25101,cdkk2ZLxKjw,UCAH7R88V7gz7RqJv78nNOzg,development,3
21,5974,25103,hWokwEmePB8,UCM19g5ow7vLXDTYx_j9Z7VQ,development,3
21,5975,25104,14QHyqI2kfA,UCRDDfbYPHX_GUJ4lcQYTc8A,development,4
21,5976,25111,Lpzo1oyekzI,UCBf296-OhUNfaDbtcYQ4RQQ,development,2
21,5977,25120,FsMjiYtAtF8,UCs3r_67R1GGZGzjhM4rR2xA,test_reserved,
21,5978,25130,goLMF7MPl48,UCCK3OZi788Ok44K97WAhLKQ,development,2
21,5979,25131,eiUVo3IESgQ,UCckltLEhFLv8Xz_lQhYfwmg,development,1
21,5980,25134,0Y3zHNley0c,UClC6jQT87s0yKTxHls4BWSw,development,4
21,5981,25140,VsHt8b8JLsA,UCE_G_4cy5SxO7kHwINqJLeQ,development,2
21,5982,25144,M7SO_-1mKMU,UCcijXxFzSXgoM6q9cCtT9PA,test_reserved,
21,5983,25146,aHYr65C_k3g,UCV1NPkc2O0YZBtx_rhDkicw,development,3
21,5984,25157,XCvn8M3Xk-U,UCUYXSaH7gW9DGZHItFsvJ_A,development,4
21,5985,25163,_gRIdrlNR24,UCAH7R88V7gz7RqJv78nNOzg,development,3
21,5986,25166,DJ4ckKgdDVo,UCjX5zm1l8VZfEzAVMHKJSAg,development,4
21,5987,25167,9pSLkzj86SU,UCaESx7Bdghv_UICcG1hBkcg,development,5
21,5988,25177,8YYkZd9exfQ,UCQIWzvLOlB4tu84TtOTJCGg,test_reserved,
21,5989,25180,dEv1PeWvLqE,UCbS_glb2N1NVTrDLVryRbng,development,4
21,5990,25182,6yimTdnRMP8,UC-yc8jrjmaMFVsXdLccngbQ,development,1
21,5991,25184,wwXYbXfCS2s,UCckltLEhFLv8Xz_lQhYfwmg,development,1
21,5992,25194,UN09h9w8oIE,UChGzTiaWdSF6cC985Q8SdlA,development,2
21,5993,25200,o5-X6XBHgBo,UCN2EppENLvG8D2y7CQ8iLQw,development,1
21,5994,25201,7LH8HNwBxJg,UCXm0FsS7PXy0w5HeOkYMi7Q,development,5
21,5995,25205,dbZJrVhWtDw,UCpfrIJXRqOTx2kPVsUytO4Q,development,5
21,5996,25206,q8wMFUZBsZk,UCHT6F9HJ9DtLUjTOH16yg6g,test_reserved,
21,5997,25211,reryxOfoajU,UCuW9OiaVwvoOraW1Jcc3_uA,development,2
21,5998,25212,igdxyyr22r0,UCT83ymyAGm7Gnk_4ifxjxIA,development,4
21,5999,25215,M6ZzZqW3Rt4,UCQTcNhAZidy1i9wwmdgf2Lw,development,4
21,6000,25237,FGxnBg4rwMc,UCK4dpeglRT8ZE3fBKFXEnZA,development,2
21,6001,25238,WfZJy6oUxD8,UC3Wr3B8vZyMuPK1XExr5Npg,development,4
21,6002,25240,ckDxcGMPRZA,UCTlVnv2IrpdHPiB4PeaH6Lw,development,2
21,6003,25242,z6iVDKv43Ow,UCgnFSj7jQffD5V5m05j4dPw,development,5
21,6004,25243,owryOtETkp8,UCckltLEhFLv8Xz_lQhYfwmg,development,1
21,6005,25245,LLz-OoACfic,UC-ejlaSTmf6HaRBE4DDR77Q,development,4
21,6006,25253,tviHlawhWTU,UCh6ZuRqZK3TX9yt-ssydQ8g,development,5
21,6007,25256,4-UV0aPazkc,UCpVkgJOvuIjXDBI0Kf2VdoQ,development,3
21,6008,25257,4slQKwfHpmM,UC-GRFwciK7JiP8T4tl0pftQ,development,3
21,6009,25260,4ox32r0CkXQ,UCJeJFkRVgi7gT7ViTxuHHdg,development,1
21,6010,25261,8KUskxZ5Po8,UCcijXxFzSXgoM6q9cCtT9PA,test_reserved,
21,6011,25263,1vI1hbLBtZM,UCNEf722QEvvmyGaT0HsKxRQ,development,4
21,6012,25267,IyL1LQULYbw,UCbS_glb2N1NVTrDLVryRbng,development,4
21,6013,25270,xH84w2S8VW0,UCQTcNhAZidy1i9wwmdgf2Lw,development,4
21,6014,25279,M92MY4rC_3M,UCckltLEhFLv8Xz_lQhYfwmg,development,1
21,6015,25283,ZtDIed3LflA,UCVd1jcy6wKFzfQ5E-Txtg-w,development,4
21,6016,25284,ZbWm1rrCiyE,UCb8mB3DVTSichd8oZ1HQRwg,development,3
21,6017,25286,cjBfsEpqmvw,UCf2Iar2LDcFaSCnVH1ZMUkA,development,3
21,6018,25296,kJ_osTsgsfE,UCCK3OZi788Ok44K97WAhLKQ,development,2
21,6019,25304,zoQt21sHcHI,UCiitqGvliLalpXfO191ha0w,development,4
21,6020,25319,qvoCdMr8HeA,UCAH7R88V7gz7RqJv78nNOzg,development,3
21,6021,25321,sU4Q95XUHb8,UCkagcQYGoYFuXsUg-ObSL6A,test_reserved,
21,6022,25322,0EthwNZbVu8,UCamSAN6IFdxTRTbfSSrkiDw,development,2
21,6023,25331,aRR-hL_AC18,UCt_fUooMgak5Ev6yI08x8IA,development,3
21,6024,25332,81wTx7BfPcU,UCCbm1E52PV05ZLv6dtRB92Q,development,5
21,6025,25340,sytRnzULUpE,UCvcVb1fcd-asMSL6-CeOgNw,development,4
21,6026,25356,_UZNQzcDgWE,UCbS_glb2N1NVTrDLVryRbng,development,4
21,6027,25357,jxa2Adk-14s,UCPXSUKHTNc1_hnHuj-UiQWQ,test_reserved,
21,6028,25358,zh2vMQnESBw,UC1CkcuwxCW_dIchuR0tTCJw,test_reserved,
21,6029,25361,RocpdviPGEU,UCjm7vbOwssao7Bhm9wX3-bw,development,5
21,6030,25366,vbHMFRefnMw,UCckltLEhFLv8Xz_lQhYfwmg,development,1
21,6031,25368,361X9k7c_go,UCCbm1E52PV05ZLv6dtRB92Q,development,5
21,6032,25370,ioQa7H9EllU,UCcijXxFzSXgoM6q9cCtT9PA,test_reserved,
21,6033,25371,b8VuM3o5PKo,UCECl9CQ_kgWaX5h1SH2PKEQ,development,1
21,6034,25377,-bxsgjQ-tNE,UCA5xW2Ce7KT2AtxzDYDebCA,development,5
21,6035,25385,mOdREzzozMg,UCZG9GCS1vbvb_BF5Sh43abw,test_reserved,
21,6036,25394,kmSVMaAJX_U,UC0tV1b7IFEXFUUILF7mAcWw,development,2
21,6037,25395,xSfBye2mU34,UCGUIJxToYLu79zr7YzpmZjg,development,2
21,6038,25398,bppc35lsRAM,UCjpGxXMEnHYxF_T9ZIeieqg,development,2
21,6039,25400,cXqn8FAMDG8,UC1hcl0aIr9KtXA-Kiq9itqw,test_reserved,
21,6040,25403,cTiqHvNSHPA,UCf2Iar2LDcFaSCnVH1ZMUkA,development,3
21,6041,25405,nhPlDjqe_Ug,UCTlVnv2IrpdHPiB4PeaH6Lw,development,2
21,6042,25411,KF1olHD7ZKc,UCYk97F4sCu3hEWp6YEH-Dow,development,2
21,6043,25418,wru0VPWExBE,UCcijXxFzSXgoM6q9cCtT9PA,test_reserved,
21,6044,25420,J_T8S6HEYyQ,UCPXSUKHTNc1_hnHuj-UiQWQ,test_reserved,
21,6045,25423,PfP2Tju_A_Y,UCRDDfbYPHX_GUJ4lcQYTc8A,development,4
21,6046,25431,ss2j5IeOh50,UC5Q9lmEDB_pWZdzzLI07eVg,development,5
21,6047,25432,EuliU8pby8E,UCw48Rkx5LeKzVbSfb9Cukhg,development,3
21,6048,25435,rcQFJVNEv1Y,UCYu4WywARv9NAIuV-kF8Fmg,development,2
21,6049,25436,hC1a9wcv7Ag,UC0ZcZzDZe8x6-olaRR5-wYw,development,4
21,6050,25444,BwqEJLVwyn0,UCckltLEhFLv8Xz_lQhYfwmg,development,1
21,6051,25445,gkOGBYP28mA,UCAH7R88V7gz7RqJv78nNOzg,development,3
21,6052,25453,eseifwb2bzk,UC1EfB-hzsPEx1Vjw8e_4Bsg,test_reserved,
21,6053,25454,54thnsh0tA8,UCsAYQL3fa-MtbeWv2aM5ntQ,test_reserved,
21,6054,25457,rbRZQk15Ikk,UCB1peLqwO8xdVLp_v3qjDmQ,development,3
21,6055,25468,0c4_Wcp6OrY,UCyi6JOQo9U7L6IwgmyZcROg,development,1
21,6056,25479,qWk9FtR-WlU,UCcwCsuV7bOpTfqf2UvLfYmg,development,4
21,6057,25481,tYnpX8u-wzI,UCgnFSj7jQffD5V5m05j4dPw,development,5
21,6058,25486,bbFtvBMubqs,UCh2Xwe7on2Oa2MBtk8zvEuw,test_reserved,
21,6059,25487,PCFqQMqn_T8,UCaESx7Bdghv_UICcG1hBkcg,development,5
21,6060,25488,3x98ZpiAvt4,UC7e8LFxir9MCfTAf2XQbfaA,development,4
21,6061,25489,nvQwPD6Gx_E,UCbkMFGQ_RWIf0OiYeOpf6Ng,development,5
21,6062,25491,yI4GguA95r4,UCckltLEhFLv8Xz_lQhYfwmg,development,1
21,6063,25503,kfFAdgEPb-8,UCuN1HN5RXX2D6ZcEkopILeg,development,1
21,6064,25507,9Dl0T5GJujU,UCaESx7Bdghv_UICcG1hBkcg,development,5
21,6065,25510,_h-b-v81WhI,UCCK3OZi788Ok44K97WAhLKQ,development,2
21,6066,25512,slwh0qj38Lw,UC1YGPDtctHGJWW0NrlQVklw,test_reserved,
21,6067,25518,xpCcVcxbrU4,UC1YGPDtctHGJWW0NrlQVklw,test_reserved,
21,6068,25532,-hYeT2GV6v0,UC8U5Mgl9nbkm5vOJ0SMtQgA,test_reserved,
21,6069,25541,P9yj1mIxHpI,UCvLsvfgY-hbGDtOi2udm4Gg,development,2
21,6070,25544,Nm_TdHJC3EQ,UCzNxbzqN0to4GNb9otFuGJQ,development,4
21,6071,25551,tA8-95cZQ4k,UC1YGPDtctHGJWW0NrlQVklw,test_reserved,
21,6072,25553,AULyEcBHf40,UCCK3OZi788Ok44K97WAhLKQ,development,2
21,6073,25554,hhQK0hb2AYc,UCCK3OZi788Ok44K97WAhLKQ,development,2
21,6074,25557,IOPbZZn3W-o,UC8lKgUHo-2mSR5cRRXO9xow,development,3
21,6075,25560,w1ufCDy8RVA,UCOtYyt7W5PmPnwQjWWF_Z-Q,development,3
21,6076,25568,SgoOZWXMHxU,UCcg4tDKgPLIc_x3lhWdogLg,development,3
21,6077,25569,KHuv4cn0kU8,UCDyQcvr-Lu0rbfEMECgwUFg,development,2
21,6078,25570,3lKv3eVQhHE,UCckltLEhFLv8Xz_lQhYfwmg,development,1
21,6079,25580,7ZmNZr0uRfs,UCNwjSgTmUs7fIhd_6AdPlEA,test_reserved,
21,6080,25586,ym4F68ZFy1k,UC8kC4R1-G80cwxWLr6jvmtw,test_reserved,
21,6081,25588,fcI7wj8WOpg,UCoNaQS6wefjNVFkwvxrzAYw,development,4
21,6082,25589,zlr8duXMwoQ,UCyH9u_WllbJZHZHeIBzjW2g,development,5
21,6083,25594,XrjPdgbVF_o,UCiSjgMdwgt_wYFGu2QpVtPg,test_reserved,
21,6084,25595,uhLCf33y77s,UCd-gmzevnJBe9jHuNDMrI0w,development,1
21,6085,25596,qBYAHZ2NbPk,UCckltLEhFLv8Xz_lQhYfwmg,development,1
21,6086,25598,v63jPHOaOFY,UCoe7M9QIuCkZ3R0JEqIIBAA,test_reserved,
21,6087,25602,3ihl_KKBQNc,UCbS_glb2N1NVTrDLVryRbng,development,4
21,6088,25605,Q5LhOqFF2fE,UC1YGPDtctHGJWW0NrlQVklw,test_reserved,
21,6089,25613,gCxCwyF3wds,UC8qBNfgWRK_WYYGSmmrfgPA,test_reserved,
21,6090,25615,IFe8STfa-LI,UCckltLEhFLv8Xz_lQhYfwmg,development,1
21,6091,25618,_0idPNXoyCU,UCcCp0B0bypJE4EJjwq8u2lQ,development,2
21,6092,25619,3Qi4MMxhXGg,UCAH7R88V7gz7RqJv78nNOzg,development,3
21,6093,25620,yq5nxp5Crco,UCpfrIJXRqOTx2kPVsUytO4Q,development,5
21,6094,25649,mQBnXoYB_7o,UCn0XmAUFv6d2tofMFEesSNw,development,5
21,6095,25654,4vVYVqIqBGM,UCcijXxFzSXgoM6q9cCtT9PA,test_reserved,
21,6096,25656,NAksTRx_SD0,UC0QrPhl7LB3tfSN3Fls2o0g,development,5
21,6097,25659,1aMUtykLMk4,UC1YGPDtctHGJWW0NrlQVklw,test_reserved,
21,6098,25663,o_5LIamztc8,UCCK3OZi788Ok44K97WAhLKQ,development,2
21,6099,25670,pMhVUS_cINk,UCPXSUKHTNc1_hnHuj-UiQWQ,test_reserved,
21,6100,25676,x5qxpSTCyUY,UCgnFSj7jQffD5V5m05j4dPw,development,5
21,6101,25685,cXUM62drUew,UCckltLEhFLv8Xz_lQhYfwmg,development,1
21,6102,25690,5ZA0Wk35jHE,UCl4MonVoWRx3HqAh3Efw2Jg,test_reserved,
21,6103,25691,29Nzb0UR6iI,UCYweMykEAI5aaRztqrJuuAg,development,5
21,6104,25694,z6i-32idyDc,UCv66-sCavJbr1nmAA1brPQQ,development,4
21,6105,25696,MwZYlVqoenY,UCaESx7Bdghv_UICcG1hBkcg,development,5
21,6106,25708,gya3fZDoG0o,UCbS_glb2N1NVTrDLVryRbng,development,4
21,6107,25713,EpfFRAHTH8s,UCbS_glb2N1NVTrDLVryRbng,development,4
21,6108,25718,oiIeP5g70Hk,UCAKbFSucxr0iLZDDkEp3gGw,test_reserved,
21,6109,25727,Sa4hx47P2fE,UCHxf5NOZYmtmQEOkToogAiQ,development,4
21,6110,25728,fOLWfxFaqGQ,UCFJbuic3c-Tmr_-jNeUjQcg,development,5
21,6111,25733,PvxE0S7KOd8,UCG0j1mTQov3RVBgLgh6wbKg,development,2
21,6112,25735,iTa2DWbU480,UChXmjfSOi6m-kumt5Ri_4Nw,development,2
21,6113,25737,8o2OW6rz4Ck,UC0MnP2Iso6enxaJTBZ3_nJw,development,1
21,6114,25738,O_dm_DCMftE,UCql-jEixeuMcyabHRYqr-Zw,development,3
21,6115,25743,u4qcMeBI4cs,UCaESx7Bdghv_UICcG1hBkcg,development,5
21,6116,25744,uASn7pA1z_Y,UCFGhJsc1ddSN8819LsMa90w,development,5
21,6117,25750,DCDEdzHisXI,UCN2EppENLvG8D2y7CQ8iLQw,development,1
21,6118,25751,JhCJCT1bc6I,UC_nTuqFK2NuOeVU2YQ7Z6Xg,test_reserved,
21,6119,25753,AY3VQlevxsw,UCMayHG7j39d11Gh36vV7GnQ,development,5
21,6120,25760,IcClU7B2ilw,UCh1YbG4SC-R5fBxZgMMuRww,test_reserved,
21,6121,25774,RsK6HC-ZBPQ,UCCK3OZi788Ok44K97WAhLKQ,development,2
21,6122,25776,gHyMHJ6tXfo,UCbkMFGQ_RWIf0OiYeOpf6Ng,development,5
21,6123,25778,qi766nK76II,UCh9qXeL8eP3Txra2908xksg,test_reserved,
21,6124,25788,NsCckqvidHY,UCckltLEhFLv8Xz_lQhYfwmg,development,1
21,6125,25799,o1kvJJds09w,UCcijXxFzSXgoM6q9cCtT9PA,test_reserved,
21,6126,25802,hQWAC4CJ-G8,UCAKAcMWVANp_qXgWKlXMCFA,development,3
21,6127,25803,-xM-R0kesZY,UCPXSUKHTNc1_hnHuj-UiQWQ,test_reserved,
21,6128,25805,o2a2q02Gl6w,UC4Pb9SEsCb1EpsXVYAVVajw,development,2
21,6129,25807,z-nja1aJw4o,UCckltLEhFLv8Xz_lQhYfwmg,development,1
21,6130,25809,SQ3HUYgwHdA,UCcwCsuV7bOpTfqf2UvLfYmg,development,4
21,6131,25815,2tyvh-2m82Q,UCmqflTSJ6911aCrnaWIXxsA,development,2
21,6132,25826,tRs-k6xXL6s,UCp9rkCYFssr2Tqk2OU8N6Uw,development,2
21,6133,25829,2a8VPLNxAPY,UCs8-XMlV1sdA56cHlQAgzdg,test_reserved,
21,6134,25839,TlQZFnOgS9E,UCgnFSj7jQffD5V5m05j4dPw,development,5
21,6135,25840,iJ0agmO2wgE,UC9iEv8PqeHuC3ZVt0QqN-pQ,test_reserved,
21,6136,25843,Rx52JqbEA5Y,UCu3jIK2NBSXc0_YaFqEuIrg,test_reserved,
21,6137,25846,RWesTVvlu_4,UCckltLEhFLv8Xz_lQhYfwmg,development,1
21,6138,25848,xK-xYMeUm1A,UCgnFSj7jQffD5V5m05j4dPw,development,5
21,6139,25856,_67ymTs4kwY,UCzyTz2So395JRTH79AlQS7Q,development,1
21,6140,25861,UxUyuc4JbjU,UC8lKgUHo-2mSR5cRRXO9xow,development,3
21,6141,25863,SuGmqK_mqtA,UCOtYyt7W5PmPnwQjWWF_Z-Q,development,3
21,6142,25864,oJfbSHCVop8,UCCK3OZi788Ok44K97WAhLKQ,development,2
21,6143,25872,YUz8wHFqiN0,UCPJRtoh7x7vEw0-d59JwKiQ,test_reserved,
21,6144,25874,Vgo-1UfQWpo,UCkagcQYGoYFuXsUg-ObSL6A,test_reserved,
21,6145,25876,Ngu-h6g1rEs,UCrVkiG6Tt5y-yNjFOOGdb3Q,development,1
21,6146,25877,lni6ne2m4eU,UCaqKkC85KtIgXZK1edWABww,test_reserved,
21,6147,25878,h6jRYAoQQnQ,UC9SgyReu4QufMUTFhZYYEMw,development,1
21,6148,25882,Ee1tM2sNLyY,UCT83ymyAGm7Gnk_4ifxjxIA,development,4
21,6149,25889,c8GMl2WTDA4,UC2b5VAYjsOfepl9nAXgRmfQ,development,4
21,6150,25891,U1J8vlEC96I,UCjboX8rWtjAyU7dI2bd67KQ,test_reserved,
21,6151,25895,i5YVsijq5eA,UCOtYyt7W5PmPnwQjWWF_Z-Q,development,3
21,6152,25900,jlVdm3teY-8,UCOiMY00_ZLijPF6InrCl0TA,development,4
21,6153,25901,c3rHqtf54KU,UC0tV1b7IFEXFUUILF7mAcWw,development,2
21,6154,25904,14_4R1e6wQo,UCckltLEhFLv8Xz_lQhYfwmg,development,1
21,6155,25908,BnP3AuCEaMk,UCCK3OZi788Ok44K97WAhLKQ,development,2
21,6156,25909,Wv2lQrGKuFg,UCOtYyt7W5PmPnwQjWWF_Z-Q,development,3
21,6157,25910,xmuAeOSTnxs,UCCK3OZi788Ok44K97WAhLKQ,development,2
21,6158,25917,9djkM0rdS_8,UCW5J0vbGISAYVK_Oz6m2Dqw,development,5
21,6159,25919,_rqdC9wphDk,UCcijXxFzSXgoM6q9cCtT9PA,test_reserved,
21,6160,25921,IqCqb-LUUXQ,UC5-n2dfksESEt3ATmM6Uujw,development,4
21,6161,25927,zfV_BIzeo0Y,UCckltLEhFLv8Xz_lQhYfwmg,development,1
21,6162,25934,f1ogYyOexos,UCuN1HN5RXX2D6ZcEkopILeg,development,1
21,6163,25939,lkssrlaKV0w,UCcrsFwwoMvcXYpJ0XldIlVQ,development,3
21,6164,25942,nsdFCiDE4bM,UCcM0vptubHl1E-H1r_3T53w,development,5
21,6165,25946,rwSijVtceYg,UCAH7R88V7gz7RqJv78nNOzg,development,3
21,6166,25951,Bv_0RWTfhV0,UCCK3OZi788Ok44K97WAhLKQ,development,2
21,6167,25952,TqmS1ZoXbYQ,UC38c_i9VoaIjDpp46l35d0w,development,4
21,6168,25954,aX_iO_BiPh4,UCOtYyt7W5PmPnwQjWWF_Z-Q,development,3
21,6169,25955,5_0lUTaXpyg,UCm0pv4lhxFrDmiR8o8jfBLw,development,1
21,6170,25958,6jLhVIqU9zA,UCsU0TSt6Jm_yLlTkZS-FvUw,test_reserved,
21,6171,25960,tP91qe3lozE,UCCK3OZi788Ok44K97WAhLKQ,development,2
21,6172,25966,aFi18o0-CTQ,UCgnFSj7jQffD5V5m05j4dPw,development,5
21,6173,25972,2RJKYGlUe5c,UCckltLEhFLv8Xz_lQhYfwmg,development,1
21,6174,25973,FOBaJf7002E,UCCK3OZi788Ok44K97WAhLKQ,development,2
21,6175,25979,N_rEg8qVMVc,UCaESx7Bdghv_UICcG1hBkcg,development,5
21,6176,25992,EkiVlBnX8kY,UC6_QBGzvw98NQApyx4J8CeA,development,3
21,6177,25996,hGxzNZtLcBA,UCRaLvUrrj_901Anrljs1F2g,development,3
21,6178,26000,o6Cj3-zuMAs,UCdgWTRipbTuQsIiiPb6fB-A,development,4
21,6179,26002,05NV3T-bgXM,UCOPqjdQOIF6faslRMEruJmA,development,5
21,6180,26004,fSlZTzlD_eQ,UCWwo8NBrDNOb5EEZadW3iWA,test_reserved,
21,6181,26007,xZO4-HNiOr8,UCUzsesaP5G628WVuqEckF8w,development,1
21,6182,26013,mxl_dty--DA,UCAH7R88V7gz7RqJv78nNOzg,development,3
21,6183,26017,WtPEFwoBDi8,UCcbOsE5_4LEjtQi8X2PFxDw,development,3
21,6184,26024,gJOlXHXuNHE,UCckltLEhFLv8Xz_lQhYfwmg,development,1
21,6185,26027,u8G_izG2PzY,UCTlVnv2IrpdHPiB4PeaH6Lw,development,2
21,6186,26030,43pUZU59ASw,UCcijXxFzSXgoM6q9cCtT9PA,test_reserved,
21,6187,26039,1gPoynu4dno,UCKvIAFnwVFiuITk3cl7UTxA,development,3
21,6188,26045,SoKX-UaxAcM,UCaIc6SgS90ud_RgMSC6hW_w,development,3
21,6189,26046,FPPq3Tns1h4,UCrVkiG6Tt5y-yNjFOOGdb3Q,development,1
21,6190,26048,oIx99OeUlNA,UCbS_glb2N1NVTrDLVryRbng,development,4
21,6191,26051,M2V6k3J0yvM,UC6jQt9K_jqnBNtsRf7hXHsA,development,5
21,6192,26052,sXDPQfY7Qy8,UCxlfXLzyelcreS9x0plDj3g,development,2
21,6193,26059,qKz0pC5UV_s,UCGuZrn4CWph7RZNvkgsmLFA,development,1
21,6194,26063,VGW-q1_MbMw,UC4N96R0hZhwEzNHw53_UGlA,development,4
21,6195,26068,wZn-gsLfSl8,UCckltLEhFLv8Xz_lQhYfwmg,development,1
21,6196,26071,O1PurYimgIQ,UCUzy2Hm-doo9o4bSfXG_CVQ,development,1
21,6197,26074,yzKd3Tj85eQ,UC2b5VAYjsOfepl9nAXgRmfQ,development,4
21,6198,26081,5GnIS9QfN80,UCckltLEhFLv8Xz_lQhYfwmg,development,1
21,6199,26084,vP0zz8JhfIg,UCP-yI2ffacN8bZyBatqWcbA,development,2
21,6200,26086,_ZIgkjC2T90,UC_K3CNn5jlFvgCx7cpKiCYA,development,1
21,6201,26087,4fUo1XW84vA,UCV1NPkc2O0YZBtx_rhDkicw,development,3
21,6202,26090,654Mv-lIp6Y,UCCK3OZi788Ok44K97WAhLKQ,development,2
21,6203,26093,Ic7TgENGbhk,UCqDbs3rlemiBZmhkh9gXXHg,development,5
21,6204,26096,nY8lpF9z3Y4,UC5uGexidH3WqbErqSX_EGJA,development,5
21,6205,26098,xWKW-eft3Cc,UC8qBNfgWRK_WYYGSmmrfgPA,test_reserved,
21,6206,26100,F6jyBYEDoP8,UCKvIAFnwVFiuITk3cl7UTxA,development,3
21,6207,26102,Q1YUZ9cAi9I,UCqrqt9Egbp4Voh3iEUUoorw,test_reserved,
21,6208,26103,y65R5MuilXU,UC8lKgUHo-2mSR5cRRXO9xow,development,3
21,6209,26105,_-tCm2kHIZU,UCbS_glb2N1NVTrDLVryRbng,development,4
21,6210,26106,Zrzet5Bsv3U,UC8ZmvQOUKiu6SmICTXzjFnA,development,2
21,6211,26114,A11899zsVno,UCCK3OZi788Ok44K97WAhLKQ,development,2
21,6212,26116,JStaiiPzEP0,UCOtYyt7W5PmPnwQjWWF_Z-Q,development,3
21,6213,26121,utofWdYg-G4,UCcijXxFzSXgoM6q9cCtT9PA,test_reserved,
21,6214,26126,fp1H9agxVaQ,UCLuP7ROjaueiuNbzrvPqXSQ,development,2
21,6215,26138,hMtmWQ4Nzy8,UCckltLEhFLv8Xz_lQhYfwmg,development,1
21,6216,26139,XCKtks8_hbk,UCRDDfbYPHX_GUJ4lcQYTc8A,development,4
21,6217,26140,FnuIBSYFy2o,UCoNaQS6wefjNVFkwvxrzAYw,development,4
21,6218,26143,9bHU0DYTuUw,UCOtYyt7W5PmPnwQjWWF_Z-Q,development,3
21,6219,26144,-RrfdC0pTeY,UCskNFH2e4ptFTkgeVmFPNhA,test_reserved,
21,6220,26145,Qpc0QtDlORM,UCCK3OZi788Ok44K97WAhLKQ,development,2
21,6221,26146,7d3h-WHSIF4,UCckltLEhFLv8Xz_lQhYfwmg,development,1
21,6222,26148,uBRmR_QakA0,UCmbLoRYee0f4Bi4J1Ct8vRQ,development,3
21,6223,26149,TpGvZ4-1-JA,UCjX5zm1l8VZfEzAVMHKJSAg,development,4
21,6224,26150,PY_R_pG3jUQ,UCckltLEhFLv8Xz_lQhYfwmg,development,1
21,6225,26151,niDkj0QqwrI,UC2oGrNhMUyWu5yzEJ_j1PMA,test_reserved,
21,6226,26152,t_PbPfWJvf8,UC5bP8uSDBQGh4Qn_g5QrWnw,development,5
21,6227,26154,XFGHPcWqKtk,UCckltLEhFLv8Xz_lQhYfwmg,development,1
21,6228,26157,w8_apZyyGzw,UCQsNlLN15ybNA4kdtwe-OBA,development,4
21,6229,26158,ypt-JSFFnhk,UCMNH2Ier7nMPyxto_zko8AA,development,2
21,6230,26165,hFixmnbT1Eg,UCTlVnv2IrpdHPiB4PeaH6Lw,development,2
21,6231,26174,a0qhzt8mj7c,UCn0XmAUFv6d2tofMFEesSNw,development,5
21,6232,26176,rmvbb75nvnA,UCyrW9aDENkU6G6URdVFwB9g,development,3
21,6233,26177,-wSQAbWtZoI,UCDAkUKRB1pkb-s3Gqv7FZ7A,development,4
21,6234,26179,Q0F74npGejc,UCh1YbG4SC-R5fBxZgMMuRww,test_reserved,
21,6235,26181,vQPOF3leJI0,UCgnFSj7jQffD5V5m05j4dPw,development,5
21,6236,26183,djOW25dypRA,UCwIAJtNJEsDReDFDt7fevpA,development,2
21,6237,26201,2ENzbeSq3nQ,UCckltLEhFLv8Xz_lQhYfwmg,development,1
21,6238,26206,bh5qaCc6VsU,UCckltLEhFLv8Xz_lQhYfwmg,development,1
21,6239,26207,Cs99KBmwfAU,UCOtYyt7W5PmPnwQjWWF_Z-Q,development,3
21,6240,26221,F0dIINRTHPQ,UCoYoYVojg-QGFH7VyKMpB8w,development,2
21,6241,26225,iVPbUzIBRaM,UCieUj92znWxr02AWNviTElQ,test_reserved,
21,6242,26228,HASQIb49Ugs,UCtIzUW426lTNR34-GGMQvrQ,development,3
21,6243,26234,4UxyBF_s4FI,UC8U5Mgl9nbkm5vOJ0SMtQgA,test_reserved,
21,6244,26252,liPvPeNx9ww,UCKQw2OwROuqrhOuiqSttu6g,development,5
21,6245,26254,Uf09i_pqdp8,UCaESx7Bdghv_UICcG1hBkcg,development,5
21,6246,26260,MW6S8QcduT8,UC6MkngMDyobFNaXOZR0ukyQ,development,5
21,6247,26265,wxk3b3Ecbp0,UCsvrW9k0uqrFMEXuF0HDgJQ,development,2
21,6248,26270,mkjkefUHZ4o,UC8MegDkaJsqK63fwbOjBLzw,development,2
21,6249,26271,KgiXDKooaVw,UCmKxhMStMwZZ1gdOg1YZQug,development,2
21,6250,26278,Y1dOZIuMyK8,UCckltLEhFLv8Xz_lQhYfwmg,development,1
21,6251,26284,td4tPIMOF_E,UCmGMChEd9jBucufrWcpk3Ew,development,5
21,6252,26289,hKc3m4RG7SI,UCbR7juPwtP-bV_w0840ciYQ,development,4
21,6253,26292,g1Kjj9OlKOA,UChoLplNa4k4Yao2jFreT50w,development,1
21,6254,26293,RZ15Fx7v80A,UCV-q7cRK5yFYEFzWuoQOmQQ,development,5
21,6255,26306,K-qAMWaTlMs,UCbR7juPwtP-bV_w0840ciYQ,development,4
21,6256,26313,8L1LVYdif9I,UCOtYyt7W5PmPnwQjWWF_Z-Q,development,3
21,6257,26316,zsGsX02mcv4,UCmrLu4r89ykOzmtmbAeEklA,development,3
21,6258,26318,NmWf-YHQlR4,UCOHyRrRuD2zGCkpuCAlyOyA,test_reserved,
21,6259,26321,1u9czNDr1eo,UCQTcNhAZidy1i9wwmdgf2Lw,development,4
21,6260,26327,aTEyi410_Zg,UCckltLEhFLv8Xz_lQhYfwmg,development,1
21,6261,26329,nsLnHjzansY,UCol1SzfebXhRo0ltxOJZ9cg,development,3
21,6262,26333,DTm8OcI6VWY,UCN2EppENLvG8D2y7CQ8iLQw,development,1
21,6263,26334,pvUjCrh0HCg,UCckltLEhFLv8Xz_lQhYfwmg,development,1
21,6264,26338,-ShrngOy0Bo,UCckltLEhFLv8Xz_lQhYfwmg,development,1
21,6265,26355,8A9jSdOfqHo,UCBR9iW2qo_7LP9_9u3A2ZeQ,development,3
21,6266,26366,LM_St8DIJ14,UCAeBFsK2bmm5lkgy90uFiqw,development,4
21,6267,26373,vlz0XB3BT7g,UCaESx7Bdghv_UICcG1hBkcg,development,5
21,6268,26379,oX4nsOJxpAQ,UCskNFH2e4ptFTkgeVmFPNhA,test_reserved,
21,6269,26385,jmlOjVKa4sY,UCkLQJFBnqzhJCAvqn99hRUg,development,2
21,6270,26393,xseAA917Tpg,UC_K3CNn5jlFvgCx7cpKiCYA,development,1
21,6271,26395,xrpiDhe4Gac,UC4Pb9SEsCb1EpsXVYAVVajw,development,2
21,6272,26397,WuiaaS7xSkc,UCUzy2Hm-doo9o4bSfXG_CVQ,development,1
21,6273,26409,wo8p-_d4AwI,UCKd4c6Ke8GsuUWf2BnOI4WA,development,3
21,6274,26410,mEd2Xo3bNaU,UCckltLEhFLv8Xz_lQhYfwmg,development,1
21,6275,26411,AWy-8TKXkdw,UCyaIoiqUyGoO7u6jIZm3h6Q,development,3
21,6276,26413,ouKEye-1g-Y,UCp-a8fY5TcP-oH8GdmGZN5A,development,5
21,6277,26414,OkWsyGT95uE,UCLNz9bgiJfM3ImTtYDOt8Ew,test_reserved,
21,6278,26417,BTr3pHmWgKA,UCiLbj6E-dvR3tDLKigo2juQ,development,4
21,6279,26421,oW5-gwCk4To,UC9SgyReu4QufMUTFhZYYEMw,development,1
21,6280,26425,M1zLMxJI5Yw,UCT83ymyAGm7Gnk_4ifxjxIA,development,4
21,6281,26454,i79Xd6Oe2T8,UC695Emm21OPSYGkvHK4aNnQ,development,2
21,6282,26463,Q1c-ZGvKLzE,UCGwkKsyd1fbH5eDBEvOIfmw,test_reserved,
21,6283,26464,Zp3fIU5aI3Y,UC0-UFP1d6OeVtl2VXYSquIA,development,3
21,6284,26466,GWD-1KIIYUk,UCaIc6SgS90ud_RgMSC6hW_w,development,3
21,6285,26469,ggXaxk6mt4I,UCVXCitEEweQox0oyIsJONrQ,development,3
21,6286,26477,RxMEQ6J14Mc,UCPXSUKHTNc1_hnHuj-UiQWQ,test_reserved,
21,6287,26479,5-cO9-Pj4wo,UCgwh9BV2dh6VFO7MxL36iNw,development,3
21,6288,26482,ZHiEAVdvdJw,UCCK3OZi788Ok44K97WAhLKQ,development,2
21,6289,26483,TxVGugzK1zs,UCcbOsE5_4LEjtQi8X2PFxDw,development,3
21,6290,26488,vOBnD8OnRYk,UCP4Z7-uWZYIQBclex8M086A,development,3
21,6291,26489,QEYZUBAtA3M,UC-InXGUDXmIVAZG7efBiU7A,development,4
21,6292,26502,e3q78ubqBLw,UCf2Iar2LDcFaSCnVH1ZMUkA,development,3
21,6293,26514,dAGMmrssma8,UCQTcNhAZidy1i9wwmdgf2Lw,development,4
21,6294,26517,9vPLrTF3o4E,UCOHyRrRuD2zGCkpuCAlyOyA,test_reserved,
21,6295,26519,iKGXZ7N1SZA,UC1YGPDtctHGJWW0NrlQVklw,test_reserved,
21,6296,26523,qupRza5rt10,UCcolMq4s8q_GHPWeQNidprA,development,4
21,6297,26526,VX0m6_pHUO4,UCMxeqmVKOqiqh7V_A3h4gfA,test_reserved,
21,6298,26527,JWk1792XxV4,UCaESx7Bdghv_UICcG1hBkcg,development,5
21,6299,26529,XqEFi2ouFi4,UCckltLEhFLv8Xz_lQhYfwmg,development,1
21,6300,26533,QouQjmYLsfc,UCE_G_4cy5SxO7kHwINqJLeQ,development,2
21,6301,26536,W_-HtR1IfVc,UCCK3OZi788Ok44K97WAhLKQ,development,2
21,6302,26540,0y4D-mYTYlk,UCbXOp0vy6lljqmeaY6k4PjA,development,2
21,6303,26546,bI-VQITVyVU,UClKD6E6fDdor11ySgDxrjIQ,development,4
21,6304,26548,Tt-uwMdUQHY,UC3tvYy-s84yySG7V85jRDnA,development,4
21,6305,26554,7ppg_cMmzYg,UCdotiSNtLlS4qwDto9CdURA,development,2
21,6306,26555,eQUTK7MsARc,UCf2Iar2LDcFaSCnVH1ZMUkA,development,3
21,6307,26556,NjU0rKU4B7E,UCl5xacxsAhltNGtiMktd_Sg,development,5
21,6308,26557,lh8Ark6bBQI,UC2RlY2LHoGOoaU8qRI9sZ9g,development,1
21,6309,26562,RtG-IwK-3e8,UCPXSUKHTNc1_hnHuj-UiQWQ,test_reserved,
21,6310,26572,5Y0H09bFpsg,UCcbOsE5_4LEjtQi8X2PFxDw,development,3
21,6311,26576,lz8QllyuGtA,UCXFiIVHYqQmgpmIi7KChMkQ,development,2
21,6312,26579,Kte_zkZh3NA,UCpamW3WJjX0CgjWGsBxIm2w,development,5
21,6313,26582,AWeJeepRiTc,UCGG2hIW0ZqagoM7__Gh2emw,test_reserved,
21,6314,26585,iqHTPJShiug,UCI9B6cvPkauAUvfV2CvKMMQ,test_reserved,
21,6315,26590,TFMwVFAJI18,UCbS_glb2N1NVTrDLVryRbng,development,4
21,6316,26593,FS4C-YMPJhQ,UCc30sTBdN9LRSxEuHaXV_bQ,test_reserved,
21,6317,26597,ZUnmlGt_X1Q,UCyrW9aDENkU6G6URdVFwB9g,development,3
21,6318,26599,WDws2zvPmKY,UCn0XmAUFv6d2tofMFEesSNw,development,5
21,6319,26605,1RMyZQvkw4o,UCzdhdIwGTQNUTWVXdqyNCoQ,development,3
21,6320,26629,ADfsq7pwbbE,UCgdaUnUmkHDpYCU0w2pR7Rw,development,3
21,6321,26631,LArM7rb9UP0,UCpErRATj-Z4ux1lAtBhdfbg,development,5
21,6322,26633,XIXxS3wrWus,UCs7S1q9lLPbNFfKxj_2cLpA,development,4
21,6323,26634,3clKB5B0E0Y,UCG0j1mTQov3RVBgLgh6wbKg,development,2
21,6324,26645,3XT-ZceM5qs,UCpfrIJXRqOTx2kPVsUytO4Q,development,5
21,6325,26648,MjZHc7ezEl4,UCy-3y3BEH8dFhPsNEnO74Vg,development,5
21,6326,26649,JQ-w6dt-cGI,UCVqfoMNwM8SIpL6BMGTZbcA,development,1
21,6327,26653,BECocjFYBbk,UCbS_glb2N1NVTrDLVryRbng,development,4
21,6328,26656,OyugfQ7p9xw,UCckltLEhFLv8Xz_lQhYfwmg,development,1
21,6329,26657,CUdW6jp_-8Q,UCHT6F9HJ9DtLUjTOH16yg6g,test_reserved,
21,6330,26659,3h2dFF-Ys9M,UCp3JwFW1xiUY4QwLqSsbNyw,development,4
21,6331,26666,b2gI0N8KJO4,UCcijXxFzSXgoM6q9cCtT9PA,test_reserved,
21,6332,26673,ovKiWx9WRNM,UCenKxrud5MMWf6GCANWZ7tA,development,1
21,6333,26683,lY6ecOO8LvY,UCq_7vQg_7NcbDTzVP9qxmgg,test_reserved,
21,6334,26688,85yVqn2IyGM,UCcbOsE5_4LEjtQi8X2PFxDw,development,3
21,6335,26693,VM_CLJ7iW_M,UCckltLEhFLv8Xz_lQhYfwmg,development,1
21,6336,26694,l2ElHUyAZxs,UCckltLEhFLv8Xz_lQhYfwmg,development,1
21,6337,26698,KF2Vuq-xhzo,UCQTcNhAZidy1i9wwmdgf2Lw,development,4
21,6338,26699,QCb58mE5cJI,UCckltLEhFLv8Xz_lQhYfwmg,development,1
21,6339,26702,nmptAdXjJ0U,UCckltLEhFLv8Xz_lQhYfwmg,development,1
21,6340,26704,jL6EQMRnpzA,UCtIzUW426lTNR34-GGMQvrQ,development,3
21,6341,26706,O3LUU9Ky5tQ,UCqrqt9Egbp4Voh3iEUUoorw,test_reserved,
21,6342,26710,ptgxCxGcJNU,UCJeJFkRVgi7gT7ViTxuHHdg,development,1
21,6343,26712,1bHE8zZg_Lk,UCIKg0Ev6Vq2M7hU7bL_jHFQ,development,4
21,6344,26716,pNrakOElVRM,UCoPGkvh-1AoSzh23-ROXrpw,development,3
21,6345,26724,L1FfP_j2ct4,UCbS_glb2N1NVTrDLVryRbng,development,4
21,6346,26731,PX1FqaP59b4,UCu7cGbQEMgGk8TD0ZYucM5g,development,5
21,6347,26733,1grKzKlKokw,UCYweMykEAI5aaRztqrJuuAg,development,5
21,6348,26741,O-bHc_zYbHY,UCA5xW2Ce7KT2AtxzDYDebCA,development,5
21,6349,26742,rU38euTby6w,UCqrqt9Egbp4Voh3iEUUoorw,test_reserved,
21,6350,26749,Tyg3Ui9jLD0,UCRHYFnWL0aYTQ9qmvfZnUxg,test_reserved,
21,6351,26758,ZVjCerZaWSM,UCckltLEhFLv8Xz_lQhYfwmg,development,1
21,6352,26759,7GtFKX77rm4,UCfctDMDRq0cS1N8ddyvLfAg,development,5
21,6353,26761,uTvdT4NoHoM,UC1hcl0aIr9KtXA-Kiq9itqw,test_reserved,
21,6354,26766,KaV1IgfzcRA,UCbS_glb2N1NVTrDLVryRbng,development,4
21,6355,26767,AaPZan0Qt7o,UC8lKgUHo-2mSR5cRRXO9xow,development,3
21,6356,26768,YtDOUsPI9EU,UCocTGar6qlhml1oAUBWMQTg,test_reserved,
21,6357,26770,BIcLPlp2V5M,UCDqFysWGVtduHRyawK8oJkw,development,1
21,6358,26771,AERlyD3ko0c,UCkl2iKEW9ltlrBOjzCNJgzw,development,4
21,6359,26780,rzy3nvNkl0k,UCcijXxFzSXgoM6q9cCtT9PA,test_reserved,
21,6360,26782,hUwbP9Fjl9E,UCckltLEhFLv8Xz_lQhYfwmg,development,1
21,6361,26789,g8gOL3GUx00,UCXfgx23Lw81I4wsCNhdVBgw,development,2
21,6362,26793,cp2d6U3zLxE,UCOp3P1MmN128UC1gp7WG2lA,development,2
21,6363,26795,X9azOfYhKTQ,UC1YGPDtctHGJWW0NrlQVklw,test_reserved,
21,6364,26801,iduekZfVYCk,UCmGMChEd9jBucufrWcpk3Ew,development,5
21,6365,26808,EMsd22Wp1Lo,UCiPqzkmX93ta8vFwMVS81oQ,development,4
21,6366,26809,wty_qNeAaEw,UCqDMvUe1Zy9QzR-F6X7B5pw,development,3
21,6367,26810,mf9ytuR-Ous,UCgkHqu3n1qAHqd7aL1RE8Ew,development,4
21,6368,26812,-sXnO6nbKY8,UCPXSUKHTNc1_hnHuj-UiQWQ,test_reserved,
21,6369,26815,AdeJKRF7SR8,UCcrsFwwoMvcXYpJ0XldIlVQ,development,3
21,6370,26816,C9sS0dOJ7wo,UCDhV2dS5kewSaccFl9g66sw,development,3
21,6371,26820,c0APryVlYAk,UCCK3OZi788Ok44K97WAhLKQ,development,2
21,6372,26822,AjNKVPN96xk,UCRDDfbYPHX_GUJ4lcQYTc8A,development,4
21,6373,26824,lDR1lj9lmO4,UCkojdaAh7raYGOgVn4k1fLw,development,5
21,6374,26826,2ssCklIULLg,UC2oGrNhMUyWu5yzEJ_j1PMA,test_reserved,
21,6375,26828,raBKzpQyTMw,UC8lKgUHo-2mSR5cRRXO9xow,development,3
21,6376,26835,hTsdNRYbS3Y,UCCK3OZi788Ok44K97WAhLKQ,development,2
21,6377,26841,Anvl2mwE9Mg,UCbS_glb2N1NVTrDLVryRbng,development,4
21,6378,26842,_wkJBWwnfKU,UCjm7vbOwssao7Bhm9wX3-bw,development,5
21,6379,26844,QeTWFQkCZpQ,UC324VVhYKykBv01GecF4aYg,development,5
21,6380,26848,kYlA8rvmI5s,UClSIhhnuyF8fXtBTpOOTknA,development,2
21,6381,26856,fsK4h1W7Ke4,UCgnFSj7jQffD5V5m05j4dPw,development,5
21,6382,26859,OhaEHVxnfqc,UCYweMykEAI5aaRztqrJuuAg,development,5
21,6383,26861,_qFyBhWugNA,UCOtYyt7W5PmPnwQjWWF_Z-Q,development,3
21,6384,26868,cqp0F0SlNoE,UC6aSX46078fvOY9bY9ZUTYw,development,5
21,6385,26871,vlTJYWzO3ss,UCcijXxFzSXgoM6q9cCtT9PA,test_reserved,
21,6386,26872,jLkLYX_F2zI,UCLNz9bgiJfM3ImTtYDOt8Ew,test_reserved,
21,6387,26877,2X7mxj7F1D8,UCbS_glb2N1NVTrDLVryRbng,development,4
21,6388,26880,t_6C_wbmPm0,UCxyOEiDidNJQGoMJXjOVW7A,development,2
21,6389,26882,dMdFy6H3ZaY,UCc30sTBdN9LRSxEuHaXV_bQ,test_reserved,
21,6390,26884,nJNPWjhdGb4,UCCK3OZi788Ok44K97WAhLKQ,development,2
21,6391,26892,U_xilyQujwg,UCV-q7cRK5yFYEFzWuoQOmQQ,development,5
21,6392,26903,JMCL7-Z_DbA,UCbS_glb2N1NVTrDLVryRbng,development,4
21,6393,26909,H3onizMyNQo,UCcolMq4s8q_GHPWeQNidprA,development,4
21,6394,26910,DCa4dpSzmL4,UCjKSK3d5r0O78WGnMouSvDw,development,4
21,6395,26913,JPMnczySLpo,UCRDDfbYPHX_GUJ4lcQYTc8A,development,4
21,6396,26914,09Qey-rF2S4,UCckltLEhFLv8Xz_lQhYfwmg,development,1
21,6397,26931,CUr9y3NZsnI,UCdZRFHIhq7TpUNSLXRlt7rQ,test_reserved,
21,6398,26935,f0rfqKWJSTs,UCLsRogzQ9bw2Efitidd0ikg,development,4
21,6399,26937,h8NRrzo6ud0,UCCK3OZi788Ok44K97WAhLKQ,development,2
21,6400,26940,gJDNcYOsOr0,UCt1uMmva5HBK0qu1hTGGvzA,development,5
21,6401,26944,GnEJQR4KHaw,UCMd-Y13fuzRTpBKs1MlnjYw,development,5
21,6402,26946,01dmbFgyAWY,UCCK3OZi788Ok44K97WAhLKQ,development,2
21,6403,26952,eEJa7IAmO8E,UCPF69AP3W-ngo3QLFWKqx8w,development,2
21,6404,26953,qm41oFpXJ1E,UCaESx7Bdghv_UICcG1hBkcg,development,5
21,6405,26954,bxCxLbZptH0,UCcy3exSBk-B1tfIAxHnxgzw,development,4
21,6406,26960,JERSVZ_9H_c,UCbS_glb2N1NVTrDLVryRbng,development,4
21,6407,26966,egaIliUFfxM,UCPXSUKHTNc1_hnHuj-UiQWQ,test_reserved,
21,6408,26973,rN6nq3bhRzU,UC6TYUtPYJLIcKIf03AtMvIg,development,1
21,6409,26974,9e9-JwRkiuk,UC0nMJ3QNryBHZpy1P3Wamwg,development,4
21,6410,26983,UFlKDK7e3Yc,UCf2Iar2LDcFaSCnVH1ZMUkA,development,3
21,6411,26985,eLRE-icMlrs,UC0554zf4RvVkxwt_tS4Wx_g,development,3
21,6412,26988,PNHKz5t6FX8,UCbS_glb2N1NVTrDLVryRbng,development,4
21,6413,26990,02cf1YCM8mg,UCA5xW2Ce7KT2AtxzDYDebCA,development,5
21,6414,26995,pYHzKRv3hEs,UCKQw2OwROuqrhOuiqSttu6g,development,5
21,6415,26998,aVGvuI9gZj4,UCjYAhUnrkBujtKI3j3LM2uA,development,3
21,6416,27006,fqS0oCObXpk,UCol1SzfebXhRo0ltxOJZ9cg,development,3
21,6417,27022,Se3hk8izrr8,UC0tV1b7IFEXFUUILF7mAcWw,development,2
21,6418,27026,MjCQK5GSWx4,UCcijXxFzSXgoM6q9cCtT9PA,test_reserved,
21,6419,27029,U86L3eaRVdA,UCXsMY_hrFVDw_OnHmvwtx1w,development,2
21,6420,27036,B04yef-_uzA,UCrtXFLaJQUh6R8xjW6l5tMQ,development,5
21,6421,27040,qxaTjfVv24A,UCbS_glb2N1NVTrDLVryRbng,development,4
21,6422,27044,He_fb6oKcAQ,UCCbm1E52PV05ZLv6dtRB92Q,development,5
21,6423,27052,WZX8V6rNIAQ,UCFiYb7cX7DVgkb0fsyt3pyQ,development,1
21,6424,27054,yciycMUivCU,UCZQmoW-xsgVqtTjupYvu3aQ,development,2
21,6425,27062,FkbZtO33b-0,UCA5xW2Ce7KT2AtxzDYDebCA,development,5
21,6426,27063,2-rj5RKZAsQ,UCq0hVW_G5kWt2ocLhbjOtGg,development,2
21,6427,27064,FTK_6Dk4ZgI,UCQga5Hpkev0t-LW7F56C8mQ,test_reserved,
21,6428,27066,uCBUxDl95PM,UCgnFSj7jQffD5V5m05j4dPw,development,5
21,6429,27068,4F280HIiW6A,UCtEz7PSfmMS8lL1tzI3k9ZA,development,1
21,6430,27072,fIpqRVOxZsA,UC2sO_F_Ky4LIAUtSJYXqBDA,test_reserved,
21,6431,27079,MUEq3uyosL0,UCGSDCIUEvUtO5wzIFtc4AgQ,development,2
21,6432,27080,6v78EmnH32w,UCkagcQYGoYFuXsUg-ObSL6A,test_reserved,
21,6433,27081,xI2xXENfrqI,UCbVw-Yr6A7L4hPi8W6zsQlw,development,3
21,6434,27083,HyKsfZHnfvw,UCQTcNhAZidy1i9wwmdgf2Lw,development,4
21,6435,27088,hZR9vJp_3K0,UCPJRtoh7x7vEw0-d59JwKiQ,test_reserved,
21,6436,27092,njL2Lp8IR3w,UCAz-peNBHr6_KTtl0sPBavg,development,5
21,6437,27097,pkSsppPGj0g,UCqrqt9Egbp4Voh3iEUUoorw,test_reserved,
21,6438,27103,hgictIS8YTU,UCckltLEhFLv8Xz_lQhYfwmg,development,1
21,6439,27109,fu03K3exqgE,UCaESx7Bdghv_UICcG1hBkcg,development,5
21,6440,27113,PcLWlSdRAuQ,UCQTcNhAZidy1i9wwmdgf2Lw,development,4
21,6441,27114,1ttkvLTqSiM,UC8lKgUHo-2mSR5cRRXO9xow,development,3
21,6442,27117,7AXlYm8lGP4,UCceS_252pdNUa5ztP_MW8rw,development,1
21,6443,27124,gHArqARB9_c,UCCK3OZi788Ok44K97WAhLKQ,development,2
21,6444,27126,Yh3YtsTPQkY,UCCK3OZi788Ok44K97WAhLKQ,development,2
21,6445,27130,Rf0RcCKw-Y8,UCckltLEhFLv8Xz_lQhYfwmg,development,1
21,6446,27132,cnMihFwUs1w,UCn0XmAUFv6d2tofMFEesSNw,development,5
21,6447,27136,RxvlHygGzZw,UCbS_glb2N1NVTrDLVryRbng,development,4
21,6448,27140,Oi0Ho5C04_s,UCckltLEhFLv8Xz_lQhYfwmg,development,1
21,6449,27144,TW0UOc0GzVM,UCIahchcgnpQIfghjuVKyYWQ,development,4
21,6450,27154,IaKph34Bl1w,UCCK3OZi788Ok44K97WAhLKQ,development,2
21,6451,27157,VImf557AzE8,UCbS_glb2N1NVTrDLVryRbng,development,4
21,6452,27167,ApHTyyAMRZM,UCP0FKFuz9j2Dp-QDr-Dv_0g,development,4
21,6453,27170,lFcP1pMt2HM,UCn0XmAUFv6d2tofMFEesSNw,development,5
21,6454,27171,Obw6_vm_TPc,UC61hH_E3HUjIweuWm20wuDg,development,5
21,6455,27179,hkgfU9YRZ0A,UCcijXxFzSXgoM6q9cCtT9PA,test_reserved,
21,6456,27184,XWDodCgYmwE,UCckltLEhFLv8Xz_lQhYfwmg,development,1
21,6457,27185,_FsbCModrjQ,UCvMYO1Ywh_KVLYb67ruTQBQ,development,5
21,6458,27187,nfFkj-Xjgvk,UCrhfPfnrGA6aLHO6qxvM7_Q,development,3
21,6459,27188,2egmXjYHUQ4,UCaESx7Bdghv_UICcG1hBkcg,development,5
21,6460,27191,h14qcf-Dk08,UCCK3OZi788Ok44K97WAhLKQ,development,2
21,6461,27192,WmcQ5APeTyU,UC_hR1wSDcKjBRTlKtp6LK1A,development,3
21,6462,27199,xgNDdPcEzx8,UCckltLEhFLv8Xz_lQhYfwmg,development,1
21,6463,27202,5RdkyaDbaS8,UCAqSq3iNGYSbw9mSFzVIANQ,test_reserved,
21,6464,27203,Dq52EgzaQ64,UCckltLEhFLv8Xz_lQhYfwmg,development,1
21,6465,27210,KysOcYNtXRI,UCbS_glb2N1NVTrDLVryRbng,development,4
21,6466,27211,kxKrGL-Sr0M,UCAH7R88V7gz7RqJv78nNOzg,development,3
21,6467,27216,AQGisfQ5pIo,UCh9qXeL8eP3Txra2908xksg,test_reserved,
21,6468,27221,4iwi03spMug,UCgnFSj7jQffD5V5m05j4dPw,development,5
21,6469,27223,Hks9PMY5_sg,UCaESx7Bdghv_UICcG1hBkcg,development,5
21,6470,27235,TuraZ6c_bkU,UCLNz9bgiJfM3ImTtYDOt8Ew,test_reserved,
21,6471,27250,jvGKZwURsfA,UCbS_glb2N1NVTrDLVryRbng,development,4
21,6472,27263,_zFAJIXVGX8,UCFuP4DmMM9LZOMoa86vsZig,test_reserved,
21,6473,27268,72z1Hk0066M,UCrVFS_0PdV7AwyTgR13IcVg,test_reserved,
21,6474,27269,wuUOBHTgc-Y,UCckltLEhFLv8Xz_lQhYfwmg,development,1
21,6475,27275,OJtZ3wzQX1A,UCckltLEhFLv8Xz_lQhYfwmg,development,1
21,6476,27278,TOcqrToJgRY,UCckltLEhFLv8Xz_lQhYfwmg,development,1
21,6477,27282,8fxGtZqXvPs,UCiAYv_QAosB-49bJbu3NM3A,test_reserved,
21,6478,27283,H0KCIUKUQQs,UCA5xW2Ce7KT2AtxzDYDebCA,development,5
21,6479,27287,qE7EdDVdO6Y,UCcijXxFzSXgoM6q9cCtT9PA,test_reserved,
21,6480,27293,rq7STgqgMLU,UCSfmHr5cQvlVKR2f6p8T01w,development,5
21,6481,27297,0DukxeSSXrs,UCCK3OZi788Ok44K97WAhLKQ,development,2
21,6482,27309,A3Ksnjuv24M,UCDqy-V3qY-xtSmiRHlZIWWQ,development,5
21,6483,27310,GQSw8EiOCcc,UCFjcr6UFdIYzdyD4sOjcUUA,development,2
21,6484,27312,Ro4LjH2y9p0,UCsAPX_-Yu9O_3dJu0aUj_BA,test_reserved,
21,6485,27316,fxCOMNfZs1Q,UCmqflTSJ6911aCrnaWIXxsA,development,2
21,6486,27317,Kbs8_EW0u0k,UCfCzC_zJomF_Ace4T2wKb6Q,development,5
21,6487,27319,FEBOE8MMCdk,UCQTcNhAZidy1i9wwmdgf2Lw,development,4
21,6488,27322,NL1QLIvGBd0,UC8ZmvQOUKiu6SmICTXzjFnA,development,2
21,6489,27328,n94t2WbXXAQ,UCk0ZLeOPZVnRJn_s1x-8Idg,test_reserved,
21,6490,27334,7DswowI4cm8,UCceS_252pdNUa5ztP_MW8rw,development,1
21,6491,27335,JTOeA_BU2kA,UCaESx7Bdghv_UICcG1hBkcg,development,5
21,6492,27342,_9tzNCAgL0U,UCLNz9bgiJfM3ImTtYDOt8Ew,test_reserved,
21,6493,27349,xKoI-blnGz8,UCNcI0kxp_9BiBiLQUviN-hw,test_reserved,
21,6494,27355,4SlkN9XnLcA,UCckltLEhFLv8Xz_lQhYfwmg,development,1
21,6495,27356,eS22tuBlOw8,UCckltLEhFLv8Xz_lQhYfwmg,development,1
21,6496,27357,bRtvc88zSVY,UCtGrWulB6ohN4my07gWxj_Q,test_reserved,
21,6497,27359,02Fks9HjNBg,UCc30sTBdN9LRSxEuHaXV_bQ,test_reserved,
21,6498,27362,mGWSLeS05jE,UC4Pb9SEsCb1EpsXVYAVVajw,development,2
21,6499,27363,WQhYyZmE6gs,UCPXSUKHTNc1_hnHuj-UiQWQ,test_reserved,
21,6500,27366,5XwGQhUZU78,UC0OQrrbVFEASTwszPPVOndA,development,4
21,6501,27368,pqjZFD5188w,UCckltLEhFLv8Xz_lQhYfwmg,development,1
21,6502,27369,6GE2jjzU7es,UCaESx7Bdghv_UICcG1hBkcg,development,5
21,6503,27373,BqRHJ7Ouyr8,UC8rcDufKZ3W6CtZU69CtMXg,development,3
21,6504,27375,3Qa-O8aCzbc,UCPXSUKHTNc1_hnHuj-UiQWQ,test_reserved,
21,6505,27390,rmmIb5mk-ro,UCu_ocDeJ-wty_Y1IiittaBA,development,3
21,6506,27396,GwV-VNCzzrE,UCXm0FsS7PXy0w5HeOkYMi7Q,development,5
21,6507,27397,lTZVbYawIzw,UCjYAhUnrkBujtKI3j3LM2uA,development,3
21,6508,27401,pRYwK6xQH6k,UCkC-yhK-WnPNaNslH_LbBWQ,development,3
21,6509,27410,ea1E1knW5No,UCOtYyt7W5PmPnwQjWWF_Z-Q,development,3
21,6510,27422,TucThRPwXS0,UCGlI1v_t-7O1vxbAxg1qVEQ,development,2
21,6511,27426,1V2bVNQRZhU,UCCK3OZi788Ok44K97WAhLKQ,development,2
21,6512,27428,uCegZZ8eykY,UCcijXxFzSXgoM6q9cCtT9PA,test_reserved,
21,6513,27431,o-QZ10Rzano,UCl5xacxsAhltNGtiMktd_Sg,development,5
21,6514,27434,nn2LkFmX3Tc,UCckltLEhFLv8Xz_lQhYfwmg,development,1
21,6515,27441,bWW7MEi95wc,UCCK3OZi788Ok44K97WAhLKQ,development,2
21,6516,27442,XW-9Pc7DmH8,UCh2Xwe7on2Oa2MBtk8zvEuw,test_reserved,
21,6517,27443,NsxTSyFW7IU,UCI0NA6CosjGPgy1NLlnIt7Q,development,1
21,6518,27449,jE_mUyxO9Ew,UCCK3OZi788Ok44K97WAhLKQ,development,2
21,6519,27451,frSzgTO0ImA,UCA5xW2Ce7KT2AtxzDYDebCA,development,5
21,6520,27454,rTzTc0MB6fo,UCprmDoTgvTMCbo8CInSLBIA,development,3
21,6521,27456,mvpqK4okVas,UC2q8im1fqNqwN0xEtlGwi1Q,development,5
21,6522,27458,iWM9mKK4aZA,UCckltLEhFLv8Xz_lQhYfwmg,development,1
21,6523,27461,gR4RFagSBWM,UCc30sTBdN9LRSxEuHaXV_bQ,test_reserved,
21,6524,27465,WmXeutZZrxg,UC0tV1b7IFEXFUUILF7mAcWw,development,2
21,6525,27467,AAPXAW9gElE,UCmKxhMStMwZZ1gdOg1YZQug,development,2
21,6526,27470,prriIE1fcQo,UCKkRSuLQBs2oErUCgivn8mw,development,4
21,6527,27474,_esNnjl48z8,UC6IHfZ-Rez2LR0PH01YxL7w,development,3
21,6528,27480,5Ee0yqslM7E,UC3C6rQHX8pkjSyOm-620k3w,development,2
21,6529,27483,ZTntmPUb1VM,UC-neEp_sbgC09Nx78RvXpAw,development,1
21,6530,27496,9H3_fpjZ_pQ,UCcijXxFzSXgoM6q9cCtT9PA,test_reserved,
21,6531,27501,ZgwGllngNIA,UCOtYyt7W5PmPnwQjWWF_Z-Q,development,3
21,6532,27513,Zpzr86l87Mw,UCDRvVQA5TYL0TFYjA6jcHag,test_reserved,
21,6533,27516,DiEBtiJqrLE,UCl4Y73ZM9g5mP5W489jHp3w,development,1
21,6534,27518,EsPem40Neus,UC7-JGEBb4S3an5tS96rlHaQ,test_reserved,
21,6535,27525,8KzHmQf6knA,UCQg4GlEXe5iV3ttODlnp0tA,development,5
21,6536,27531,JjqMCUWKnHo,UCEieBVk2twUCVeoDDTeXo9Q,development,5
21,6537,27534,o2XzqiTGOvg,UClcIQJ6q-HsROoyWms8B8tg,development,2
21,6538,27539,W3MUzw1zusM,UCk0ZLeOPZVnRJn_s1x-8Idg,test_reserved,
21,6539,27543,DFbvZRz_-5g,UCgnFSj7jQffD5V5m05j4dPw,development,5
21,6540,27552,aRZxN_9GPIE,UCQgP7Qg3su6gQj2nj-dGbWA,development,3
21,6541,27558,GDzHAeo9bJ8,UCYB7HJ5mt61PSDByUrF3IJg,development,2
21,6542,27561,BtC2oBwDrCg,UCckltLEhFLv8Xz_lQhYfwmg,development,1
21,6543,27562,aOsOPcRljXk,UCckltLEhFLv8Xz_lQhYfwmg,development,1
21,6544,27563,70HVwxV9fSE,UCql-jEixeuMcyabHRYqr-Zw,development,3
21,6545,27570,eWFy0jbdsOI,UCCK3OZi788Ok44K97WAhLKQ,development,2
21,6546,27573,IqremxxqXyY,UC1_uLITLP5agSh27SaB1C_A,development,5
21,6547,27576,4nuy0BbIxsA,UCCK3OZi788Ok44K97WAhLKQ,development,2
21,6548,27577,99tLaaTxGiA,UCg22fUwQQF-7Sf6-TIVIFrA,test_reserved,
21,6549,27582,HSIn4SLF4-0,UCLuP7ROjaueiuNbzrvPqXSQ,development,2
21,6550,27583,sHGVxsMBT6s,UCCK3OZi788Ok44K97WAhLKQ,development,2
21,6551,27585,xNH9b-OOgu8,UC1hcl0aIr9KtXA-Kiq9itqw,test_reserved,
21,6552,27591,v1MvEELzoqo,UC0fnN8-CgXOlHLjGc78e-0g,test_reserved,
21,6553,27595,qo2e-bQvTu4,UCtIzUW426lTNR34-GGMQvrQ,development,3
21,6554,27601,a4IOCLvvPKI,UCAH7R88V7gz7RqJv78nNOzg,development,3
21,6555,27602,_bsuCBM3M0A,UCOtYyt7W5PmPnwQjWWF_Z-Q,development,3
21,6556,27606,drQ2iNUi6vE,UCIoyIVPZEfC2p0dQwAxGiEw,development,5
21,6557,27607,aDBDSKSqGdw,UCMk3TZ_MvwlPbSYp_1FScrw,development,3
21,6558,27609,fyioNQXfbwM,UCAeBFsK2bmm5lkgy90uFiqw,development,4
21,6559,27610,DgsaQBcaawE,UCckltLEhFLv8Xz_lQhYfwmg,development,1
21,6560,27611,48yHgsLUbv0,UCy8ao-puUtb-1Y0L6xSItOQ,test_reserved,
21,6561,27615,mni1C0PwnS4,UCK71gEn4lLLToHx50jwMyNg,development,5
21,6562,27622,JLWkEBDtlz0,UCckltLEhFLv8Xz_lQhYfwmg,development,1
21,6563,27625,AQQ4jw7vJhc,UC5-n2dfksESEt3ATmM6Uujw,development,4
21,6564,27633,mrjfO8GtAFg,UCOlHu4DBJ6q8cE1oLW1bNJw,development,2
21,6565,27635,OttT1w9_aq8,UCckltLEhFLv8Xz_lQhYfwmg,development,1
21,6566,27637,03qr2A9rufU,UC0ZcZzDZe8x6-olaRR5-wYw,development,4
21,6567,27642,ieAFLOZi_wY,UCVfnhhDIkkBJ_1QyzCqeVDg,development,5
21,6568,27648,DWY7572xUxk,UC8lKgUHo-2mSR5cRRXO9xow,development,3
21,6569,27649,QNkPBhkY_j0,UC1YGPDtctHGJWW0NrlQVklw,test_reserved,
21,6570,27652,UjGxAmMz9Pw,UCckltLEhFLv8Xz_lQhYfwmg,development,1
21,6571,27655,vKAbramZczU,UCXfgx23Lw81I4wsCNhdVBgw,development,2
21,6572,27656,m1rH9YiZyHs,UCcwCsuV7bOpTfqf2UvLfYmg,development,4
21,6573,27661,4bSj0LDlKoo,UC0CROf1UG-cDCU55axb5pvA,development,4
21,6574,27663,eihT2jJT_hE,UCFbTlfl5V-q1nF9P-OnzkqA,development,1
21,6575,27666,WUWSyp1Ch5k,UCM3bQBUJ0PEbgfe9lAw_Y3Q,development,4
21,6576,27667,-8UaHUJSXgY,UCFGhJsc1ddSN8819LsMa90w,development,5
21,6577,27673,TO-gdLWlss4,UCKdCJ4H-bWf48svKYdaFZhQ,development,4
21,6578,27677,MGx1LwbQAv8,UCCK3OZi788Ok44K97WAhLKQ,development,2
21,6579,27688,ocbvQFA17Bo,UClSIhhnuyF8fXtBTpOOTknA,development,2
21,6580,27693,109fU2BZT0k,UC3uZVJgOSasbfV7xIFY9xjQ,development,4
21,6581,27698,lpO8iA4-Q-8,UCTlLpPddpcW0ee6y4z9stKA,development,5
21,6582,27704,2qhnn01NTnc,UCpP5Y5ssB2iicCuWrpVpR3A,development,3
21,6583,27705,ekGX518Essw,UCcijXxFzSXgoM6q9cCtT9PA,test_reserved,
21,6584,27711,ZEjmKKm1F3s,UCckltLEhFLv8Xz_lQhYfwmg,development,1
21,6585,27718,OR6r2YS8gtQ,UCoYoYVojg-QGFH7VyKMpB8w,development,2
21,6586,27731,EHBsxShM2SA,UCcijXxFzSXgoM6q9cCtT9PA,test_reserved,
21,6587,27732,ZDDPd81DA7Y,UCckltLEhFLv8Xz_lQhYfwmg,development,1
21,6588,27743,UP7KzJtD8yI,UC4VkNi2RZSJyqXsFaJYfsPg,development,4
21,6589,27745,UQdlTOSwAos,UC3C6rQHX8pkjSyOm-620k3w,development,2
21,6590,27748,4wRiBD4tDqk,UCckltLEhFLv8Xz_lQhYfwmg,development,1
21,6591,27754,gUbeCiZlHvM,UCAH7R88V7gz7RqJv78nNOzg,development,3
21,6592,27763,w4FmG6ZsXOM,UC1YGPDtctHGJWW0NrlQVklw,test_reserved,
21,6593,27767,Op2iVxpnUkc,UC9SgyReu4QufMUTFhZYYEMw,development,1
21,6594,27770,Kcgui4k1sIc,UCc30sTBdN9LRSxEuHaXV_bQ,test_reserved,
21,6595,27772,T52GJaYq3Gk,UCNJtTSS_YJoKcDVmGdtXddg,test_reserved,
21,6596,27784,Cj7J49jDyYw,UCAH7R88V7gz7RqJv78nNOzg,development,3
21,6597,27787,pKQui6qBUkQ,UCidNC9-9DsHj3FmP5N42Lqw,test_reserved,
21,6598,27788,M-lcPhRkADQ,UCZw-8vhDi8SvEjHgHI4WTMw,development,3
21,6599,27799,81t2_IrlDmA,UC7di5zivMKpYOmhyhZ2nVvg,test_reserved,
21,6600,27823,_7RIlxmEDnY,UCOtYyt7W5PmPnwQjWWF_Z-Q,development,3
21,6601,27828,OaNKoESr1W4,UCcgkjXIaOrsFR8GLFo3iwOw,test_reserved,
21,6602,27830,OKWtHdzTJdo,UCOtYyt7W5PmPnwQjWWF_Z-Q,development,3
21,6603,27833,ZQHuWAUbDyY,UCs_mHlm5_C82W5WCIJaSMbQ,development,3
21,6604,27840,gYV66hmYLO0,UCoz7UhbfPFJyljIIV2saR7A,test_reserved,
21,6605,27847,Wg6Q1qJmFLM,UCckltLEhFLv8Xz_lQhYfwmg,development,1
21,6606,27851,EYbaJVUxflI,UCcbOsE5_4LEjtQi8X2PFxDw,development,3
21,6607,27864,a5ASKq60O2Y,UCXRnXDVoCjqUN_sOJweAXyQ,development,4
21,6608,27871,h1-iQUMJvbs,UCgy5luu86OLBeugp27Tnddw,test_reserved,
21,6609,27874,bMW1L7N00-Y,UCcijXxFzSXgoM6q9cCtT9PA,test_reserved,
21,6610,27879,TPi1T5rUOBA,UCckltLEhFLv8Xz_lQhYfwmg,development,1
21,6611,27882,eJYbVc9T5fM,UCCK3OZi788Ok44K97WAhLKQ,development,2
21,6612,27883,7qC1eeEgRgU,UCjX5zm1l8VZfEzAVMHKJSAg,development,4
21,6613,27887,LHy32QLwSxQ,UCiBHV5AwzPEBhlIX3yR6-Ig,development,2
21,6614,27900,--h6qB0Q6dc,UCCK3OZi788Ok44K97WAhLKQ,development,2
21,6615,27905,9TAPrIhiubk,UCOgsOVUELkkv_irhET9kK_Q,development,1
21,6616,27916,9LIRqrXouRo,UCql-jEixeuMcyabHRYqr-Zw,development,3
21,6617,27919,yppTXiFkAWk,UCbS_glb2N1NVTrDLVryRbng,development,4
21,6618,27924,f6rLKeaaX0o,UCZpPfCxvP6T9rCkDX3tQfOw,test_reserved,
21,6619,27928,qmqEWJV1EOA,UC6MkngMDyobFNaXOZR0ukyQ,development,5
21,6620,27932,vRTLRxs2fn8,UCCbm1E52PV05ZLv6dtRB92Q,development,5
21,6621,27935,PCu2yNxuZVQ,UCgnFSj7jQffD5V5m05j4dPw,development,5
21,6622,27937,6w4ZrztOSm8,UCcspHoBTj_aLhnJLwkMpWHQ,development,5
21,6623,27943,qNwCuRFNKyg,UCAH7R88V7gz7RqJv78nNOzg,development,3
21,6624,27944,SuBhEVSVxWI,UCh9qXeL8eP3Txra2908xksg,test_reserved,
21,6625,27945,4bvxG1L78D4,UCRN8vYHIjLnALfaBCtXfKsQ,development,4
21,6626,27953,52mrDY7BHmM,UCyH9u_WllbJZHZHeIBzjW2g,development,5
21,6627,27955,T1urvbzFVjk,UCgnFSj7jQffD5V5m05j4dPw,development,5
21,6628,27956,H50QNpLWTjo,UCckltLEhFLv8Xz_lQhYfwmg,development,1
21,6629,27957,yPizPmCZxh8,UCOtYyt7W5PmPnwQjWWF_Z-Q,development,3
21,6630,27961,a0qQEC0bzS4,UC38c_i9VoaIjDpp46l35d0w,development,4
21,6631,27967,ws2LFr0PofU,UCdKv25zohj7fZeW5xPNBNFg,development,1
21,6632,27968,JVxFTCToQl0,UCVfnhhDIkkBJ_1QyzCqeVDg,development,5
21,6633,27970,vTCvAKcGibk,UCCbm1E52PV05ZLv6dtRB92Q,development,5
21,6634,27971,hHwAytqxdOQ,UCGlI1v_t-7O1vxbAxg1qVEQ,development,2
21,6635,27979,YDYq9-z_FSg,UCvcVb1fcd-asMSL6-CeOgNw,development,4
21,6636,27982,6D3y__LrKuM,UCLNz9bgiJfM3ImTtYDOt8Ew,test_reserved,
21,6637,27987,fz4UtR96I4c,UCMkW7S3IszN1L9u1bLw23rQ,development,2
21,6638,27990,Xo-bzPMxMVM,UCcrsFwwoMvcXYpJ0XldIlVQ,development,3
21,6639,28000,Ya1CGwrXBTs,UCPdASwipemqGhpK-B-a12Ow,development,4
21,6640,28002,kpJXjlK9Uqs,UCVwEHCzHFsn8_5LhjMFqSiA,development,1
21,6641,28005,qKmUor69Mzg,UC5uGexidH3WqbErqSX_EGJA,development,5
21,6642,28009,zBrwIVLIHXI,UCckltLEhFLv8Xz_lQhYfwmg,development,1
21,6643,28013,ClrR-OAIfUc,UC5dezjl-rF4Sw6BRPM8Q6Zg,test_reserved,
21,6644,28014,R9rUHqZx4vc,UCnr80VoNl3YxI4rL1zkJQOA,development,1
21,6645,28019,NkHct8sj9OE,UCRDDfbYPHX_GUJ4lcQYTc8A,development,4
21,6646,28020,-oyS889TfIk,UCAd1_DwT2iKc8s7rH6Af9lA,development,4
21,6647,28031,IRH9_XQN1WM,UCPfU0uygBGutjaaJU5PpEvg,development,2
21,6648,28032,jNXATqARi6g,UCRjMnDOSBcoYlWHFLcHJAKA,development,4
21,6649,28034,G6H6mc-vcqk,UCbS_glb2N1NVTrDLVryRbng,development,4
21,6650,28037,4V0c6wpGB2Q,UCBf296-OhUNfaDbtcYQ4RQQ,development,2
21,6651,28045,Lv5aKhHtbWo,UCh2Xwe7on2Oa2MBtk8zvEuw,test_reserved,
21,6652,28047,1rKTiY7SvEc,UCYmEcbCgb9yxZZJGH1rtn_Q,development,3
21,6653,28054,W9yOc6biTRQ,UCvr8FfbItix2xyxAqRpq2kw,development,3
21,6654,28058,vDJVeYo1Ke4,UCAH7R88V7gz7RqJv78nNOzg,development,3
21,6655,28060,8tMkh5YeKn0,UCy8ao-puUtb-1Y0L6xSItOQ,test_reserved,
21,6656,28061,HBFzvi-036I,UCgXtlvhFq4vzq8IKUBBTKYw,development,2
21,6657,28062,GxTA69MybIc,UCE_uaeRZwW7roZqYO31iDWg,test_reserved,
21,6658,28067,zfeiZXjkVGs,UCoz7UhbfPFJyljIIV2saR7A,test_reserved,
21,6659,28069,SZIZqaPE_Zw,UC1YGPDtctHGJWW0NrlQVklw,test_reserved,
21,6660,28080,MnC6EU9Kz0M,UCXJm14vFoWrYud1ZXCiHj3A,development,3
21,6661,28081,zBGr-HdreJ4,UCcijXxFzSXgoM6q9cCtT9PA,test_reserved,
21,6662,28085,msqzvoo_JS4,UCaqKkC85KtIgXZK1edWABww,test_reserved,
21,6663,28086,6sZ4zErcnJc,UCth9R703obgHx665cpiNY9A,development,1
21,6664,28090,yMgRDexrVGc,UCckltLEhFLv8Xz_lQhYfwmg,development,1
21,6665,28091,zyeb26fug9o,UCK71gEn4lLLToHx50jwMyNg,development,5
21,6666,28093,g-ojAlEjhxM,UCgnFSj7jQffD5V5m05j4dPw,development,5
21,6667,28096,TUBTNShAyRo,UCcrsFwwoMvcXYpJ0XldIlVQ,development,3
21,6668,28100,D12hKeALwWw,UCQTcNhAZidy1i9wwmdgf2Lw,development,4
21,6669,28111,lDvzC3j-sPc,UCcwCsuV7bOpTfqf2UvLfYmg,development,4
21,6670,28115,SFQyE3HHXZ8,UCud27Gl7WPKF4KmdOWKXIPg,test_reserved,
21,6671,28117,Jyh8YBVwHpE,UC2OHGMQqFUgru1lonCqNRfQ,development,4
21,6672,28118,62fCAzcPyRY,UCYf829WTg8Cpx_a-cPtgSQQ,development,1
21,6673,28120,-KMmNl7Y3oY,UCP4Z7-uWZYIQBclex8M086A,development,3
21,6674,28121,AP0B1E_55_0,UCRDDfbYPHX_GUJ4lcQYTc8A,development,4
21,6675,28126,VigxBn-Z-Yk,UClSIhhnuyF8fXtBTpOOTknA,development,2
21,6676,28128,VfhTgwvFVPE,UCdgWTRipbTuQsIiiPb6fB-A,development,4
21,6677,28129,QgYJ4EOQ4x4,UCckltLEhFLv8Xz_lQhYfwmg,development,1
21,6678,28137,7_n0hFrbb_0,UCMxeqmVKOqiqh7V_A3h4gfA,test_reserved,
21,6679,28139,IHT1TvSAvTc,UC8ADWM4kdxtzzoDH3JI5hSg,test_reserved,
21,6680,28146,4j7p-IHFTWU,UCV-q7cRK5yFYEFzWuoQOmQQ,development,5
21,6681,28148,PkVOIqq5Daw,UC58y6NhWQ_IkAUJdYqtmtQg,development,2
21,6682,28153,Tfz4yGcEuJM,UCDoXItIw1akXVz4Gk_F8CDw,test_reserved,
21,6683,28162,K6GsF84XkpI,UCgnFSj7jQffD5V5m05j4dPw,development,5
21,6684,28180,Fe9Vx5YojiA,UCbS_glb2N1NVTrDLVryRbng,development,4
21,6685,28188,RdIHTLHwpls,UCmXAwL-fDi78R-vghmFXyJQ,development,1
21,6686,28206,GqfRC5SHMs0,UCaESx7Bdghv_UICcG1hBkcg,development,5
21,6687,28212,_0tFdHEpVsY,UCCK3OZi788Ok44K97WAhLKQ,development,2
21,6688,28214,DHS32dL0s10,UCVfnhhDIkkBJ_1QyzCqeVDg,development,5
21,6689,28220,Ui1xKwc55I8,UCIKg0Ev6Vq2M7hU7bL_jHFQ,development,4
21,6690,28221,Nr4jw4zj2jA,UCu84Sz4SPM1Ceu-1youdCBw,development,1
21,6691,28222,3k55gFV6UJI,UCCK3OZi788Ok44K97WAhLKQ,development,2
21,6692,28227,yPs8dOdSQkg,UCbVw-Yr6A7L4hPi8W6zsQlw,development,3
21,6693,28228,MDAbkQO6ObQ,UCiR8kH7EvdjJGp41a9KIfsQ,development,5
21,6694,28231,pVD0snO263Y,UCcwCsuV7bOpTfqf2UvLfYmg,development,4
21,6695,28233,rVjBO5VoRVw,UCcijXxFzSXgoM6q9cCtT9PA,test_reserved,
21,6696,28235,VooEwz8pWUI,UCnUUUzbxmwVVkz9Sg2PePsw,development,4
21,6697,28240,X6kpi0vaSiY,UCM3bQBUJ0PEbgfe9lAw_Y3Q,development,4
21,6698,28242,fi3lExxbZ-E,UC4Pb9SEsCb1EpsXVYAVVajw,development,2
21,6699,28248,4VOh6O7HgCc,UCPfU0uygBGutjaaJU5PpEvg,development,2
21,6700,28252,epXk55ok39Y,UC1hcl0aIr9KtXA-Kiq9itqw,test_reserved,
21,6701,28253,kOs0uEfqiKs,UCjboX8rWtjAyU7dI2bd67KQ,test_reserved,
21,6702,28259,igxoBv7DHY0,UC-TPAJpit-cnGUG-zWliKFw,development,4
21,6703,28268,0vrFIFw-g4I,UCg22fUwQQF-7Sf6-TIVIFrA,test_reserved,
21,6704,28269,2x0PqE8fJGM,UC2sO_F_Ky4LIAUtSJYXqBDA,test_reserved,
21,6705,28270,qPzPyz-2f2A,UCc30sTBdN9LRSxEuHaXV_bQ,test_reserved,
21,6706,28272,Y-skWugyoBg,UCvMYO1Ywh_KVLYb67ruTQBQ,development,5
21,6707,28273,Fy0Z78JSu6U,UCFuP4DmMM9LZOMoa86vsZig,test_reserved,
21,6708,28276,3KOb-v-wZ74,UCckltLEhFLv8Xz_lQhYfwmg,development,1
21,6709,28280,Okr82D6CUYQ,UCQxYcvX5hnGJvuTFzKng-Vg,test_reserved,
21,6710,28281,F-Ut2oTBY5A,UCol1SzfebXhRo0ltxOJZ9cg,development,3
21,6711,28283,WbJQOqcTn34,UC3cLeuBcLQ2vwEbVfdlfXyg,development,1
21,6712,28289,UfLABXNxzzA,UCT83ymyAGm7Gnk_4ifxjxIA,development,4
21,6713,28296,IJAIw6TX1Uk,UCCK3OZi788Ok44K97WAhLKQ,development,2
21,6714,28299,Xrmh508s44g,UCeLsnnibnzDaSpMZMPJcvAw,development,4
21,6715,28300,4KymES0By2A,UCNEf722QEvvmyGaT0HsKxRQ,development,4
21,6716,28302,52lUxSn4dw8,UCieUj92znWxr02AWNviTElQ,test_reserved,
21,6717,28306,1PE80yzt0Dk,UCjcNG-8w9cevWkScRr6Lp1Q,test_reserved,
21,6718,28307,6TT0IKI0Dpk,UCPfU0uygBGutjaaJU5PpEvg,development,2
21,6719,28311,6JRM3Ff7-0I,UCAH7R88V7gz7RqJv78nNOzg,development,3
21,6720,28321,0PevEuUpwkY,UC1hcl0aIr9KtXA-Kiq9itqw,test_reserved,
21,6721,28327,WRof6-K2v1A,UCZG9GCS1vbvb_BF5Sh43abw,test_reserved,
21,6722,28334,OKp25mi5T2s,UCiBHV5AwzPEBhlIX3yR6-Ig,development,2
21,6723,28335,k78J9W7jCWo,UCCK3OZi788Ok44K97WAhLKQ,development,2
21,6724,28336,o1DMaiTDfAY,UC2b5VAYjsOfepl9nAXgRmfQ,development,4
21,6725,28337,FCDD6D4Qln8,UCx7lEnwLHxO9yPjOotGb-bA,development,3
21,6726,28339,H35zdBU3wjo,UCbS_glb2N1NVTrDLVryRbng,development,4
21,6727,28348,UCImD0x0SkU,UCoE8YTn0TN5LYS9e-lUifjw,development,3
21,6728,28349,3ItZTBwaaR0,UCu3jIK2NBSXc0_YaFqEuIrg,test_reserved,
21,6729,28351,l8N6A1GHN6Y,UCwhdGDxSy0PPmGodAPd-pOA,development,5
21,6730,28352,Ho7ZTrRGGdg,UCcolMq4s8q_GHPWeQNidprA,development,4
21,6731,28356,Q7E_8WHXROc,UC6MkngMDyobFNaXOZR0ukyQ,development,5
21,6732,28369,KsEh2M0rT7Q,UCI9B6cvPkauAUvfV2CvKMMQ,test_reserved,
21,6733,28370,9uud0ZjQxeI,UCth9R703obgHx665cpiNY9A,development,1
21,6734,28371,AOBEnxooWEk,UCjKSK3d5r0O78WGnMouSvDw,development,4
21,6735,28373,FOb_hp5JeBs,UCXm0FsS7PXy0w5HeOkYMi7Q,development,5
21,6736,28389,qnB0nv85Nps,UCQIWzvLOlB4tu84TtOTJCGg,test_reserved,
21,6737,28395,7G1UjRuf3pg,UC12K2QZlfWLq_8FmZfB23Yw,development,3
21,6738,28396,3m7Ylk4MeMo,UCRDDfbYPHX_GUJ4lcQYTc8A,development,4
21,6739,28403,b80zPthXKXI,UCmrLu4r89ykOzmtmbAeEklA,development,3
21,6740,28409,jNYqJngPw5c,UCaIc6SgS90ud_RgMSC6hW_w,development,3
21,6741,28410,Ce3pFWkJ8SY,UCCK3OZi788Ok44K97WAhLKQ,development,2
21,6742,28416,GZFTzBQlXRQ,UC1YGPDtctHGJWW0NrlQVklw,test_reserved,
21,6743,28428,2acCdhENuSM,UCI9B6cvPkauAUvfV2CvKMMQ,test_reserved,
21,6744,28429,XyPPGMUsnJ0,UCgnFSj7jQffD5V5m05j4dPw,development,5
21,6745,28433,EQ-hInT9ySo,UCewWZeJ0g9cHU61e_jN_bZg,development,3
21,6746,28435,NjzXzyZBddg,UCiAYv_QAosB-49bJbu3NM3A,test_reserved,
21,6747,28439,HihObpx9Y5w,UCv_ITTZCPsT6y9BPmGT6EyA,test_reserved,
21,6748,28441,ugQMxtTmUT0,UCFYP9-HfFF-Pg7DibBsCAlQ,development,2
21,6749,28448,KTdwGNeTSac,UCCK3OZi788Ok44K97WAhLKQ,development,2
21,6750,28450,n-AtSlP0xko,UC0ZcZzDZe8x6-olaRR5-wYw,development,4
21,6751,28456,e6psjDloexs,UCyPg9kElyyS90TlxbykLtEw,development,2
21,6752,28457,cZAmxCeMzfE,UCm8I2aLYgPm_gdzw4SSkiGg,development,3
21,6753,28465,qPVu9g8dTg4,UCT83ymyAGm7Gnk_4ifxjxIA,development,4
21,6754,28467,l4kCLmjb-lY,UCrVFS_0PdV7AwyTgR13IcVg,test_reserved,
21,6755,28468,y-Rkl4FFbPM,UCAz-peNBHr6_KTtl0sPBavg,development,5
21,6756,28481,TtgAIZYXuJI,UC5p0VT3GMM-PEYL_gulNSnA,development,5
21,6757,28485,0N4EFXY94lU,UCiAYv_QAosB-49bJbu3NM3A,test_reserved,
21,6758,28487,XYC37zHQmfY,UCA5xW2Ce7KT2AtxzDYDebCA,development,5
21,6759,28501,AoDOMNtI2GE,UCAH7R88V7gz7RqJv78nNOzg,development,3
21,6760,28503,hnuBMPSCWSU,UCjKSK3d5r0O78WGnMouSvDw,development,4
21,6761,28507,OmOqEfMTGG4,UClfffHYKuZqi1DFcb77Tn4A,development,2
21,6762,28513,7ENE7mxvPew,UCRB8mrLCcwTPlJOMUy9MDUg,development,2
21,6763,28519,xN9G7OgbKKY,UCieUj92znWxr02AWNviTElQ,test_reserved,
21,6764,28527,NRJPzgtB4Sk,UCCK3OZi788Ok44K97WAhLKQ,development,2
21,6765,28528,oDuYVrPXM_g,UCQTcNhAZidy1i9wwmdgf2Lw,development,4
21,6766,28535,Ff1Ps1r6_FU,UCCK3OZi788Ok44K97WAhLKQ,development,2
21,6767,28537,a9jwF4S45Mw,UCVNgjnq_n7i_8GJOca0DIeQ,development,2
21,6768,28548,OUWDezMxPxY,UCcwCsuV7bOpTfqf2UvLfYmg,development,4
21,6769,28555,CwOOpn-uh2U,UCgnFSj7jQffD5V5m05j4dPw,development,5
21,6770,28559,Lp13ZtrCu0Y,UCKvIAFnwVFiuITk3cl7UTxA,development,3
21,6771,28561,8j4TaDPQqVY,UCjSmyQpggeFqeyvJoZzruxA,development,4
21,6772,28564,hiTm9oWo3bk,UCgnFSj7jQffD5V5m05j4dPw,development,5
21,6773,28567,xj_TwIKTM50,UCm8I2aLYgPm_gdzw4SSkiGg,development,3
21,6774,28572,mpYEiLWD4iY,UC_AuTY5qqpUUYFLSDQIbOsg,test_reserved,
21,6775,28576,ToqK1W-bRZM,UCiZjKOKJbOGuV5JyTUglUIg,development,5
21,6776,28584,oCxjZkdj8SU,UClKD6E6fDdor11ySgDxrjIQ,development,4
21,6777,28586,4EfBRCV8mWE,UCkagcQYGoYFuXsUg-ObSL6A,test_reserved,
21,6778,28600,gZeyusxwS1s,UC-GRFwciK7JiP8T4tl0pftQ,development,3
21,6779,28609,ujylX1FYfYQ,UCe13xXtdfx_n0_z1qeXV6_g,development,5
21,6780,28622,JjKpR3i-yjM,UCK_mRBdCXMfDqOnnrP5_Ztg,development,3
21,6781,28626,QB0hAJAQIbQ,UCV_4W6LL-Iwh0UaT_B6exQg,development,3
21,6782,28630,m2PCsJ3WwAI,UCckltLEhFLv8Xz_lQhYfwmg,development,1
21,6783,28633,-hF6KFYT1i8,UCLwwxYXhMc1fCIAnaO8nYrQ,development,5
21,6784,28635,15Nho0IrhlA,UCckltLEhFLv8Xz_lQhYfwmg,development,1
21,6785,28657,kWXU-N1s6i0,UCNEf722QEvvmyGaT0HsKxRQ,development,4
21,6786,28659,Mhs3G9jm7YU,UC8eF9J7-ycJX1BGzk9Dm0tw,test_reserved,
21,6787,28661,CvtxDaaP7Lc,UCwsNWoSlQUyeWgbVQYZtLOA,development,3
21,6788,28662,CuJazrep0G4,UCaIc6SgS90ud_RgMSC6hW_w,development,3
21,6789,28665,Uu71PTSat70,UCoPGkvh-1AoSzh23-ROXrpw,development,3
21,6790,28673,Lu5Yqjb_pr0,UCoZJaxWPeeGKZ6ShK5EsIkA,development,1
21,6791,28677,pSvC-uYwZVA,UCAGQUfHzdsgxJ1pq2XDS2TQ,development,2
21,6792,28690,kNTe2FNoUEQ,UC_Urg845xBIOarYXBx_Ko2w,development,5
21,6793,28693,5-X0aUDkoZ8,UC3Tc2fr9_zSVZe-ikKOsQHA,development,1
21,6794,28698,_5SPh8Qn0_E,UCPJRtoh7x7vEw0-d59JwKiQ,test_reserved,
21,6795,28703,EAClPODRA50,UCDqFysWGVtduHRyawK8oJkw,development,1
21,6796,28709,domdjZ6ggjA,UCIKg0Ev6Vq2M7hU7bL_jHFQ,development,4
21,6797,28715,W24lgnYAMno,UCV-q7cRK5yFYEFzWuoQOmQQ,development,5
21,6798,28716,pnveeZIEqXo,UCvZ8sPFxYngz2JN3DG93fOw,development,4
21,6799,28720,2LdSYfzwRIA,UCsDDVBdzvMMZaQtF8vaC9bg,test_reserved,
21,6800,28724,50FjWfRY-ts,UCjYAhUnrkBujtKI3j3LM2uA,development,3
21,6801,28725,Fa90ljiTwws,UCckltLEhFLv8Xz_lQhYfwmg,development,1
21,6802,28726,fDMtfjaTy4s,UC324VVhYKykBv01GecF4aYg,development,5
21,6803,28731,mg9Y5RRhS0Y,UCckltLEhFLv8Xz_lQhYfwmg,development,1
21,6804,28733,JG05w0YR1nk,UCv_ITTZCPsT6y9BPmGT6EyA,test_reserved,
21,6805,28735,j0JNvjBjUvI,UCrWDxd_eJ3NM1Z-e1jDsjUA,test_reserved,
21,6806,28740,RGLcdABif7E,UC1YGPDtctHGJWW0NrlQVklw,test_reserved,
21,6807,28743,eTDKLgRoB8E,UCRePDO2sKo0VkW33MrPJCkw,development,2
21,6808,28744,c3X0RqPMAJI,UCVU09OJkBIHZTGb-acbajoQ,development,4
21,6809,28745,q57fY5NLZ-A,UCgnFSj7jQffD5V5m05j4dPw,development,5
21,6810,28746,KqW7G9bt0hk,UCAGQUfHzdsgxJ1pq2XDS2TQ,development,2
21,6811,28754,iGEHwE6eBxk,UC_hR1wSDcKjBRTlKtp6LK1A,development,3
21,6812,28760,Fm8TfJAb750,UCx7lEnwLHxO9yPjOotGb-bA,development,3
21,6813,28770,puhGfsc90BY,UCcijXxFzSXgoM6q9cCtT9PA,test_reserved,
21,6814,28774,_ArNIyB3saw,UCGUIJxToYLu79zr7YzpmZjg,development,2
21,6815,28775,qFVJtRboMjU,UCckltLEhFLv8Xz_lQhYfwmg,development,1
21,6816,28779,FqSnb7QD8XE,UC2hNsnLO5nL_YgnaZkKsbPA,test_reserved,
21,6817,28782,EJMwEu4WTPw,UC4UaWbUUwVvCxWNqhb4f16Q,development,4
21,6818,28783,MJf1IMtjx2c,UCUz70SsT1TZzlwEqvSCpJRA,development,3
21,6819,28797,yctOpgU-i0o,UCWLLcchNMCl8I5cGAMQYdpA,test_reserved,
21,6820,28800,m8XIHrLbtIY,UCbS_glb2N1NVTrDLVryRbng,development,4
21,6821,28802,DB6tNa-6lpA,UCmwIKQQjwpjNT8OQ_VZuRfg,test_reserved,
21,6822,28810,eG5QS8w4qnU,UCMcaGpzjo0D-d6oSvcg8PtA,development,1
21,6823,28816,GvymrvgPL_s,UC9SgyReu4QufMUTFhZYYEMw,development,1
21,6824,28821,EOzH1psSYBg,UCLA8Ovy_NPAwMWvr8IEDquw,development,4
21,6825,28824,NYop-qiVFsw,UClCjoJ0fs2RqaRTjukU1jQA,development,5
21,6826,28825,6qo6R27J88c,UCJc1hbJPvG5f2v8iSPG-3CA,development,1
21,6827,28826,fC2hcK8WkUs,UCPXSUKHTNc1_hnHuj-UiQWQ,test_reserved,
21,6828,28829,6WuLSu_MjkQ,UCkC-yhK-WnPNaNslH_LbBWQ,development,3
21,6829,28839,OBNxYkCDnlI,UCCK3OZi788Ok44K97WAhLKQ,development,2
21,6830,28847,XABbmVF23rU,UCOtYyt7W5PmPnwQjWWF_Z-Q,development,3
21,6831,28848,uCUzS46-G5g,UCaESx7Bdghv_UICcG1hBkcg,development,5
21,6832,28861,qFAI4jtA-FI,UCcijXxFzSXgoM6q9cCtT9PA,test_reserved,
21,6833,28865,ggxzvjD659M,UCL2-XMQvlfS7wzgqIxiCwYg,development,2
21,6834,28867,DvfYvKZwH-s,UCQIWzvLOlB4tu84TtOTJCGg,test_reserved,
21,6835,28869,TzmHvjMHVAw,UCCK3OZi788Ok44K97WAhLKQ,development,2
21,6836,28872,wJbgaKcjKuI,UCVfnhhDIkkBJ_1QyzCqeVDg,development,5
21,6837,28878,IJmTZeLyrvc,UCVvuH-YYM2O2MF6TDoHPvFA,development,3
21,6838,28883,39pDNl_8hY8,UCckltLEhFLv8Xz_lQhYfwmg,development,1
21,6839,28884,FUQR0p_3-iw,UCafJV2dgvIHYxjKb4GJpV7w,development,4
21,6840,28885,z6Trq035ltg,UC8eF9J7-ycJX1BGzk9Dm0tw,test_reserved,
21,6841,28890,h7kbV3HD5eg,UCIoyIVPZEfC2p0dQwAxGiEw,development,5
21,6842,28894,iYfEBJrJZzg,UCOiMY00_ZLijPF6InrCl0TA,development,4
21,6843,28895,9J-s9wqd1AI,UC2b5VAYjsOfepl9nAXgRmfQ,development,4
21,6844,28899,uO4-Z4kms_0,UCRDDfbYPHX_GUJ4lcQYTc8A,development,4
21,6845,28901,y-ytGJ8ZvC0,UCckltLEhFLv8Xz_lQhYfwmg,development,1
21,6846,28917,UASTKEJ5jo8,UCVfnhhDIkkBJ_1QyzCqeVDg,development,5
21,6847,28920,nN1xvRpZ-Ao,UCckltLEhFLv8Xz_lQhYfwmg,development,1
21,6848,28933,GIsGBjzivQE,UCRDDfbYPHX_GUJ4lcQYTc8A,development,4
21,6849,28938,3GUcfv_XqnM,UCqrqt9Egbp4Voh3iEUUoorw,test_reserved,
21,6850,28940,0DMxGKasn98,UCPJRtoh7x7vEw0-d59JwKiQ,test_reserved,
21,6851,28948,YbCmFfAae20,UCr3kif7GbFlAtIQlyuw_W7Q,development,2
21,6852,28951,9nTj8nZDPPk,UCBf296-OhUNfaDbtcYQ4RQQ,development,2
21,6853,28952,h38eBycElHs,UCOtYyt7W5PmPnwQjWWF_Z-Q,development,3
21,6854,28954,3rNK-03L0H4,UCsAPX_-Yu9O_3dJu0aUj_BA,test_reserved,
21,6855,28964,0HoLvN3VcIQ,UCBf296-OhUNfaDbtcYQ4RQQ,development,2
21,6856,28969,MCIUYHmEubo,UCckltLEhFLv8Xz_lQhYfwmg,development,1
21,6857,28972,ySASUx-0Ddc,UC3cLeuBcLQ2vwEbVfdlfXyg,development,1
21,6858,28973,LhOugbxCquI,UCRDDfbYPHX_GUJ4lcQYTc8A,development,4
21,6859,28974,sISNy49j3Ak,UCOI_wHZTTvcGwvsmlCx4imQ,development,4
21,6860,28977,a0_vt37HiOM,UCOtYyt7W5PmPnwQjWWF_Z-Q,development,3
21,6861,28981,eSOyYHivJZk,UC8rcDufKZ3W6CtZU69CtMXg,development,3
21,6862,28986,mcylJJjyZbo,UCAH7R88V7gz7RqJv78nNOzg,development,3
21,6863,28989,DZh7L2Qr8rg,UCT83ymyAGm7Gnk_4ifxjxIA,development,4
21,6864,28997,wZotVYSmCKQ,UCCK3OZi788Ok44K97WAhLKQ,development,2
21,6865,28998,WPQdMWPKEl8,UCckltLEhFLv8Xz_lQhYfwmg,development,1
21,6866,29004,CwnDsOD7KtM,UCFJbuic3c-Tmr_-jNeUjQcg,development,5
21,6867,29008,aRNz3ql3qw8,UCckltLEhFLv8Xz_lQhYfwmg,development,1
21,6868,29027,oF7vmIsHz3s,UCmqflTSJ6911aCrnaWIXxsA,development,2
21,6869,29028,bA3jO40AGNI,UC0tV1b7IFEXFUUILF7mAcWw,development,2
21,6870,29030,5NC6sO6vtn0,UCFjcr6UFdIYzdyD4sOjcUUA,development,2
21,6871,29034,b2EtwZ3ZFwo,UC0nMJ3QNryBHZpy1P3Wamwg,development,4
21,6872,29037,pLco589zbX8,UCcbOsE5_4LEjtQi8X2PFxDw,development,3
21,6873,29038,RWhlwosdXeM,UCAH7R88V7gz7RqJv78nNOzg,development,3
21,6874,29042,EheqUCJ3mBY,UCV-q7cRK5yFYEFzWuoQOmQQ,development,5
21,6875,29044,FyDAa5Bqqiw,UCZhOI6uSPZKDNMpRHePdvow,development,5
21,6876,29046,icYC3yETkAI,UCcg4tDKgPLIc_x3lhWdogLg,development,3
21,6877,29048,qeHClxgFIYk,UCPdASwipemqGhpK-B-a12Ow,development,4
21,6878,29051,m8IwnYL6ASA,UCckltLEhFLv8Xz_lQhYfwmg,development,1
21,6879,29054,XBprCyHfKHo,UCESCGo0Fo0IO63sunkVeXwg,development,5
21,6880,29059,91U9-cmLxNg,UC12K2QZlfWLq_8FmZfB23Yw,development,3
21,6881,29064,aTOIv0tFyqs,UCEm59e_lj_y6oP5Bm7l7r3w,development,1
21,6882,29065,UtDiMrEh8_s,UCckltLEhFLv8Xz_lQhYfwmg,development,1
21,6883,29072,nITT3hIVrfQ,UCOtYyt7W5PmPnwQjWWF_Z-Q,development,3
21,6884,29073,BylXb1GQmVE,UCYga1ycTsoZn6Y_xlrdw0iA,development,2
21,6885,29076,wkfB5B22sHs,UCkagcQYGoYFuXsUg-ObSL6A,test_reserved,
21,6886,29079,7cLnVAzNjS4,UCVfnhhDIkkBJ_1QyzCqeVDg,development,5
21,6887,29081,tzz9znWZ7AA,UC-QzvI-llqe5kiZl-Amrd8Q,development,4
21,6888,29084,Ro9zcCIe2zY,UCHQfFg_epoUK0htwmiUyzEQ,development,1
21,6889,29093,07ukpugI_NA,UCKROiSW5K8o4GiJuK6Cp_hA,test_reserved,
21,6890,29100,92B3IATYSwU,UCSfmHr5cQvlVKR2f6p8T01w,development,5
21,6891,29101,QsOKPbdMcfQ,UCpfrIJXRqOTx2kPVsUytO4Q,development,5
21,6892,29106,G91-Wltdw6g,UC_hR1wSDcKjBRTlKtp6LK1A,development,3
21,6893,29110,2Ci_i3xZrvc,UCgFwEPjesVPealYxDA59G4w,development,2
21,6894,29116,89BrzhkQMfo,UCkagcQYGoYFuXsUg-ObSL6A,test_reserved,
21,6895,29118,YzwDNTqP-54,UCfdBd-9WWZUv1h7d80Omy8g,test_reserved,
21,6896,29120,698ZY3kzfG8,UCOtYyt7W5PmPnwQjWWF_Z-Q,development,3
21,6897,29122,qmijwR66HvE,UCY4bDDhY9fqt97qV4mVAiAw,development,4
21,6898,29126,lZDKg7eWYvg,UCOtYyt7W5PmPnwQjWWF_Z-Q,development,3
21,6899,29135,BA0U3v1mYsI,UC0ZcZzDZe8x6-olaRR5-wYw,development,4
21,6900,29137,-rt5Ck_dF5E,UCGFNllXvOqqUhRSJtqADdWA,development,4
21,6901,29139,65dp_-nbxw8,UCkM9Dn8ZcDf8U2566xTIjAg,test_reserved,
21,6902,29146,F1qFdhG0qjs,UClcIQJ6q-HsROoyWms8B8tg,development,2
21,6903,29165,HUNzoazfLUY,UC4VkNi2RZSJyqXsFaJYfsPg,development,4
21,6904,29166,JnC9gOItAQY,UC-0Mao449ypwT0j6O4Dq1kA,development,5
21,6905,29171,LowZzRQ7MnY,UCaESx7Bdghv_UICcG1hBkcg,development,5
21,6906,29173,L0R6bRb-bzI,UCDoXItIw1akXVz4Gk_F8CDw,test_reserved,
21,6907,29174,WK02ZIUrEMM,UCo0T1_6STiZRrmhrTY78BGg,test_reserved,
21,6908,29175,Uz3uptTPUTM,UCkagcQYGoYFuXsUg-ObSL6A,test_reserved,
21,6909,29182,DWayv5ViEhM,UCcspHoBTj_aLhnJLwkMpWHQ,development,5
21,6910,29184,bsshYtRYi6o,UCOtYyt7W5PmPnwQjWWF_Z-Q,development,3
21,6911,29185,g1jWrw7C0eo,UCC-QxtkZPfDCczEeT3SEsYA,development,5
21,6912,29190,5myQ7Bypsv0,UCa3BMXA9qcVqMtfnq7d977w,development,5
21,6913,29202,LLf6hdqmu0g,UCgnFSj7jQffD5V5m05j4dPw,development,5
21,6914,29205,pm9k58luTSg,UCaqKkC85KtIgXZK1edWABww,test_reserved,
21,6915,29206,p01-xCaTGsY,UCgnFSj7jQffD5V5m05j4dPw,development,5
21,6916,29207,uZTI4Z1NqLQ,UC0nMJ3QNryBHZpy1P3Wamwg,development,4
21,6917,29223,ou48b3s4x38,UCCK3OZi788Ok44K97WAhLKQ,development,2
21,6918,29228,TwPmfCIZcLE,UCgnFSj7jQffD5V5m05j4dPw,development,5
21,6919,29232,sZNTyZ_raSE,UCxPYVvthidICJb75llNXktg,development,1
21,6920,29238,OiotbmA6jPA,UCCK3OZi788Ok44K97WAhLKQ,development,2
21,6921,29243,dr0hdOnf8U8,UCckltLEhFLv8Xz_lQhYfwmg,development,1
21,6922,29246,vZQrN5EV588,UCCK3OZi788Ok44K97WAhLKQ,development,2
21,6923,29247,O6AtLdiKctw,UCbS_glb2N1NVTrDLVryRbng,development,4
21,6924,29253,KxLx3OeABHk,UCaESx7Bdghv_UICcG1hBkcg,development,5
21,6925,29256,boj7hMXDMRw,UCjKSK3d5r0O78WGnMouSvDw,development,4
21,6926,29267,6hDJETwBZj0,UCPXSUKHTNc1_hnHuj-UiQWQ,test_reserved,
21,6927,29276,HefjSsvBJCQ,UCgnFSj7jQffD5V5m05j4dPw,development,5
21,6928,29277,rO83nZYVVao,UCRB8mrLCcwTPlJOMUy9MDUg,development,2
21,6929,29278,YT_SBJu1mdE,UCPXSUKHTNc1_hnHuj-UiQWQ,test_reserved,
21,6930,29280,7ujTmQlkR_M,UCRJcNfmSJ0jOwKw270tEkAw,test_reserved,
21,6931,29283,DHub1LzP9Q8,UCc30sTBdN9LRSxEuHaXV_bQ,test_reserved,
21,6932,29292,tcBIA4nO42c,UCOtYyt7W5PmPnwQjWWF_Z-Q,development,3
21,6933,29294,VuNBi1BasZA,UCAhUXZ4qG4Lr6-Ar2SBTu7Q,development,4
21,6934,29295,w5waKyjkXOc,UCO_66skZM2AyW8lgXawoPiw,development,2
21,6935,29300,SPEzdBi-_eQ,UCZpPfCxvP6T9rCkDX3tQfOw,test_reserved,
21,6936,29304,vo-X5gj4U2M,UC_OVGNPj6MFL1nZOU05HIZA,test_reserved,
21,6937,29305,Xe3OkNf2Qg4,UCCbm1E52PV05ZLv6dtRB92Q,development,5
21,6938,29308,JfjokUgf0YE,UCN2EppENLvG8D2y7CQ8iLQw,development,1
21,6939,29310,b-O0Ri3gZJ8,UCAgBGlUKoAQFXMUzshrWDgg,development,5
21,6940,29311,63amJRGvLfE,UC0tV1b7IFEXFUUILF7mAcWw,development,2
21,6941,29312,BASzF7lYXAQ,UCJ2VUk1Xl_9Z1gkND1h_wGA,development,1
21,6942,29315,MTGTK9WaIGE,UCPfU0uygBGutjaaJU5PpEvg,development,2
21,6943,29323,TPtXxPgOcII,UCRDDfbYPHX_GUJ4lcQYTc8A,development,4
21,6944,29326,RzEI8_b0WIM,UCOKg9DR3c0Aa3A9JCvNrzGQ,development,5
21,6945,29329,ayY-mmFyQOg,UCcbOsE5_4LEjtQi8X2PFxDw,development,3
21,6946,29337,KwewKywpfxM,UCaESx7Bdghv_UICcG1hBkcg,development,5
21,6947,29338,NvMXOxWiXmY,UCCK3OZi788Ok44K97WAhLKQ,development,2
21,6948,29344,pzzE6erBq2U,UCluOn_L83PxMntaWJdrn67A,development,4
21,6949,29350,QCMU7GTLaWM,UCBsrUim15y-s6PfMISCR38A,development,2
21,6950,29351,mKK6ZJq0ZgA,UC95VofaZiQPFwRMaqPhLc0w,test_reserved,
21,6951,29352,gZmcoQ2ZxDY,UCckltLEhFLv8Xz_lQhYfwmg,development,1
21,6952,29361,2L1zNvNIB3o,UCCK3OZi788Ok44K97WAhLKQ,development,2
21,6953,29362,spdGBUcfU3U,UCfctDMDRq0cS1N8ddyvLfAg,development,5
21,6954,29364,XAA8Lhg6GgY,UCKdCJ4H-bWf48svKYdaFZhQ,development,4
21,6955,29367,Snu11xgXoxE,UCqODKKfku8auksmekzE6X0Q,test_reserved,
21,6956,29368,WUykPBsGNhE,UCQTcNhAZidy1i9wwmdgf2Lw,development,4
21,6957,29370,keCLrtgANY8,UCacIRbbu-hgx4sRW6tZPRoQ,test_reserved,
21,6958,29376,nJnyoAHUqdo,UCRDDfbYPHX_GUJ4lcQYTc8A,development,4
21,6959,29381,kfwnnDTMhlw,UCbS_glb2N1NVTrDLVryRbng,development,4
21,6960,29382,MrO9qVqeigc,UC4iQrvOdsgpHwbrvNrCJUkA,development,1
21,6961,29396,gsPWV65x3N4,UCCK3OZi788Ok44K97WAhLKQ,development,2
21,6962,29397,SuTGUgCJ6q8,UCOtYyt7W5PmPnwQjWWF_Z-Q,development,3
21,6963,29398,jAnio4oZAFw,UCkagcQYGoYFuXsUg-ObSL6A,test_reserved,
21,6964,29399,6xoDtnXYQNU,UCckltLEhFLv8Xz_lQhYfwmg,development,1
21,6965,29401,EmtZVSTcxv8,UCaimrRf9hNFf1jMilmLlGEQ,development,3
21,6966,29403,lSp1LgIi4K8,UCckltLEhFLv8Xz_lQhYfwmg,development,1
21,6967,29411,PBw1nHrHo-M,UCXm0FsS7PXy0w5HeOkYMi7Q,development,5
21,6968,29414,FgdU9eNRP70,UC265AWt6bbPKJcmpQwhif2A,development,1
21,6969,29416,kn5rvwp9yvk,UCe56iYfYNY-Dlsg4kMWQ-Hg,test_reserved,
21,6970,29420,w50jNYtTWm0,UC6kLehpqRT0Wm8eBMMSbH2Q,test_reserved,
21,6971,29425,QEYS8sutlfU,UCAKbFSucxr0iLZDDkEp3gGw,test_reserved,
21,6972,29426,FrfVRMmPFAM,UChJNuZT3z0C73igXBiFS24w,development,3
21,6973,29428,o3HtmdJot5U,UCs7S1q9lLPbNFfKxj_2cLpA,development,4
21,6974,29430,PtG4d-ulGos,UCPaa9NR1c6o7QW8kHYbR9Rg,development,2
21,6975,29433,MPV9PozPlb8,UCckltLEhFLv8Xz_lQhYfwmg,development,1
21,6976,29436,fIo00IjvrDA,UCckltLEhFLv8Xz_lQhYfwmg,development,1
21,6977,29438,rJ4oP_XymOs,UCPXSUKHTNc1_hnHuj-UiQWQ,test_reserved,
21,6978,29443,rqapJbmh-yU,UC0ZcZzDZe8x6-olaRR5-wYw,development,4
21,6979,29451,3HTXJwaUulE,UCh9qXeL8eP3Txra2908xksg,test_reserved,
21,6980,29457,YwLkhQtFXXY,UCIKg0Ev6Vq2M7hU7bL_jHFQ,development,4
21,6981,29459,EVEzPx0aQdY,UCOtYyt7W5PmPnwQjWWF_Z-Q,development,3
21,6982,29461,2I_w6mB1gx8,UChoLplNa4k4Yao2jFreT50w,development,1
21,6983,29468,_Q0sv7_z29s,UC2_iwCecXLNqTWv-_QcffRw,development,1
21,6984,29469,YGqLA6qa0FY,UCckltLEhFLv8Xz_lQhYfwmg,development,1
21,6985,29476,uz4HK1mVxcY,UCM2bvvJY1u3pRBq1DyUHK1A,test_reserved,
21,6986,29484,naD91nW5JOI,UCdZRFHIhq7TpUNSLXRlt7rQ,test_reserved,
21,6987,29486,sEZDzB9SqlI,UC-budHy3MfX1QRQPT3GTu1w,test_reserved,
21,6988,29491,gtb_IumoIUU,UCdgWTRipbTuQsIiiPb6fB-A,development,4
21,6989,29496,RuHBmy-6tPE,UC2sO_F_Ky4LIAUtSJYXqBDA,test_reserved,
21,6990,29498,yUny8F4fi10,UCRDDfbYPHX_GUJ4lcQYTc8A,development,4
21,6991,29499,oGZ_0DDjJvo,UC5_mCvFp3zgtxoX1W9yHHHQ,test_reserved,
21,6992,29511,z4dfxZLsekw,UC4UaWbUUwVvCxWNqhb4f16Q,development,4
21,6993,29515,Ix4ndAcFOF0,UCRK13WgCsr2N6y9cbeEq39g,development,5
21,6994,29516,60pW9eb0dDo,UCg49edhvr3zKvWJz01MV8Mw,development,1
21,6995,29521,Mxzzo_ZPRY4,UC7-JGEBb4S3an5tS96rlHaQ,test_reserved,
21,6996,29522,gGH_AcV_qzw,UCrVFS_0PdV7AwyTgR13IcVg,test_reserved,
21,6997,29524,Y_ouMCw_gPw,UC3tvYy-s84yySG7V85jRDnA,development,4
21,6998,29531,QDasPJZlxK4,UC2RlY2LHoGOoaU8qRI9sZ9g,development,1
21,6999,29532,ijYukYOX2i4,UCVXCitEEweQox0oyIsJONrQ,development,3
21,7000,29538,XBYkmQAjqXc,UCqrqt9Egbp4Voh3iEUUoorw,test_reserved,
21,7001,29540,dAkmAnyRDr4,UCRDDfbYPHX_GUJ4lcQYTc8A,development,4
21,7002,29545,uiK92xph8e8,UCckltLEhFLv8Xz_lQhYfwmg,development,1
21,7003,29550,zPM0pJfYBXw,UCcbOsE5_4LEjtQi8X2PFxDw,development,3
21,7004,29556,RAXIQn6gAHg,UCqrqt9Egbp4Voh3iEUUoorw,test_reserved,
21,7005,29568,SmfqN2krJnU,UCPfU0uygBGutjaaJU5PpEvg,development,2
21,7006,29582,1FBoSBGqcoo,UCCK3OZi788Ok44K97WAhLKQ,development,2
21,7007,29584,nYSMPCKbC6Y,UCckltLEhFLv8Xz_lQhYfwmg,development,1
21,7008,29585,eqXVdLeqfqA,UClCjoJ0fs2RqaRTjukU1jQA,development,5
21,7009,29586,3HcJ6cHHM6U,UC4iQrvOdsgpHwbrvNrCJUkA,development,1
21,7010,29593,mMfOTtne8fU,UCOtYyt7W5PmPnwQjWWF_Z-Q,development,3
21,7011,29595,zauceTZdOCw,UCkagcQYGoYFuXsUg-ObSL6A,test_reserved,
21,7012,29598,n2_Cf0Zsf0Y,UCcijXxFzSXgoM6q9cCtT9PA,test_reserved,
21,7013,29599,UKbeRN_1O7Q,UCCK3OZi788Ok44K97WAhLKQ,development,2
21,7014,29601,IV2F-SZzmsM,UCR6bwkq2RbGG12zWqD9YRvw,test_reserved,
21,7015,29609,y9fOBjBw6_o,UCG0j1mTQov3RVBgLgh6wbKg,development,2
21,7016,29610,C4morYIqxbM,UCiV6sjv_GpWbwsuCh6YyZgw,development,4
21,7017,29615,AC2eSw9KJKg,UCAH7R88V7gz7RqJv78nNOzg,development,3
21,7018,29617,-uQueJsNsO4,UCCK3OZi788Ok44K97WAhLKQ,development,2
21,7019,29621,hmYRJ8mGgx0,UC6jQt9K_jqnBNtsRf7hXHsA,development,5
21,7020,29626,p9Ft56xxLYg,UCXqd1fHoinkTGW9zY1eILMQ,test_reserved,
21,7021,29631,z-TN5JjK_4U,UCDm4BW0Q5d-zASSuRyvPGXw,development,3
21,7022,29634,HRlWvnsVuYA,UC1YGPDtctHGJWW0NrlQVklw,test_reserved,
21,7023,29639,YkbXxTOTKkc,UCUnPyz9Zu480oqfO9n_RDiA,development,1
21,7024,29647,NsL-8L_jxvA,UCqDbs3rlemiBZmhkh9gXXHg,development,5
21,7025,29655,0dClFpvSG1g,UCrcATWZGF_p53r38i6VK0eA,development,5
21,7026,29656,QjTRMm8WPAo,UCOtYyt7W5PmPnwQjWWF_Z-Q,development,3
21,7027,29665,2oZBWFRLvOo,UCn0XmAUFv6d2tofMFEesSNw,development,5
21,7028,29666,rpaOre5K0SE,UCFGhJsc1ddSN8819LsMa90w,development,5
21,7029,29670,D6iAZZdKOmU,UC80S9x_1mLIq3Q21dG-iy5A,development,1
21,7030,29673,mUWqZYeg3lk,UCCK3OZi788Ok44K97WAhLKQ,development,2
21,7031,29701,kW1kyBC0jBs,UCm6FpVN_cg2tGqHVDc9QpMg,development,2
21,7032,29704,f60JPR3n0Dc,UCMd-Y13fuzRTpBKs1MlnjYw,development,5
21,7033,29714,fAqnFZ-_F0Y,UCRDDfbYPHX_GUJ4lcQYTc8A,development,4
21,7034,29726,XbiQp-59pCU,UCQTcNhAZidy1i9wwmdgf2Lw,development,4
21,7035,29730,Auws6xt3Eq0,UCckltLEhFLv8Xz_lQhYfwmg,development,1
21,7036,29732,vJrBe8f2djg,UCuN1HN5RXX2D6ZcEkopILeg,development,1
21,7037,29735,9wZOpa8KJu8,UCoPGkvh-1AoSzh23-ROXrpw,development,3
21,7038,29737,PLB9cLiYKaE,UC6jQt9K_jqnBNtsRf7hXHsA,development,5
21,7039,29739,hf_W3VDWtbg,UCMEXwFurMItX0u1yit-UrAw,test_reserved,
21,7040,29743,Ks7He806A1o,UC58y6NhWQ_IkAUJdYqtmtQg,development,2
21,7041,29745,_4HOww_lK88,UCMw--nUMJjK2GNrLXdsnDzg,development,2
21,7042,29746,er9qpCOBzDE,UCRDDfbYPHX_GUJ4lcQYTc8A,development,4
21,7043,29747,8Vlm8-7QbdY,UCgnFSj7jQffD5V5m05j4dPw,development,5
21,7044,29748,TWYs4cf6K9w,UCLsRogzQ9bw2Efitidd0ikg,development,4
21,7045,29749,_nKML8VgFcM,UCaESx7Bdghv_UICcG1hBkcg,development,5
21,7046,29754,EjET2Qm7zaY,UCmKxhMStMwZZ1gdOg1YZQug,development,2
21,7047,29760,QUA4CFu6-PI,UCxlfXLzyelcreS9x0plDj3g,development,2
21,7048,29762,lyTviw6oFGg,UCg22fUwQQF-7Sf6-TIVIFrA,test_reserved,
21,7049,29773,uKuqOo-ig94,UCReF_78PPPdU7kKodNtBwMg,development,3
21,7050,29780,LrX6ZsNYttw,UClSIhhnuyF8fXtBTpOOTknA,development,2
21,7051,29786,J-g9LbdFYaU,UCckltLEhFLv8Xz_lQhYfwmg,development,1
21,7052,29792,wU_ybUzmMgc,UCC-QxtkZPfDCczEeT3SEsYA,development,5
21,7053,29801,06C7GvcN7ZM,UCcijXxFzSXgoM6q9cCtT9PA,test_reserved,
21,7054,29803,3hWrlmwLN8k,UCckltLEhFLv8Xz_lQhYfwmg,development,1
21,7055,29815,5XLhPdH1Y6M,UCckltLEhFLv8Xz_lQhYfwmg,development,1
21,7056,29820,ZrCVnlkpxS0,UCvLsvfgY-hbGDtOi2udm4Gg,development,2
21,7057,29827,ZgfTkwfrLVA,UCPXSUKHTNc1_hnHuj-UiQWQ,test_reserved,
21,7058,29831,ePB_o7RB22Q,UCqrqt9Egbp4Voh3iEUUoorw,test_reserved,
21,7059,29839,2ruVJ6N4zb4,UC8rcDufKZ3W6CtZU69CtMXg,development,3
21,7060,29843,1eoU7WEZBaQ,UCnoGtpm7tySa-2IGpic9RdQ,development,1
21,7061,29848,ZRdvNI14bLg,UClfffHYKuZqi1DFcb77Tn4A,development,2
21,7062,29851,4nCZEiYnsM8,UCckltLEhFLv8Xz_lQhYfwmg,development,1
21,7063,29854,KxtNF3HKBOc,UCOtYyt7W5PmPnwQjWWF_Z-Q,development,3
21,7064,29855,QvZXGSWNiWk,UCOtYyt7W5PmPnwQjWWF_Z-Q,development,3
21,7065,29857,o3e9XWPswHE,UCL1vzWEQ3lWQBrxYZo_SZOw,development,2
21,7066,29859,uzneTiBlztY,UCvr8FfbItix2xyxAqRpq2kw,development,3
21,7067,29863,M3sgXgcYzj0,UCcijXxFzSXgoM6q9cCtT9PA,test_reserved,
21,7068,29864,y9RmGs5Cih0,UCCK3OZi788Ok44K97WAhLKQ,development,2
21,7069,29865,6esrgLkyEN0,UCMxeqmVKOqiqh7V_A3h4gfA,test_reserved,
21,7070,29866,pEn2lgQHix4,UCckltLEhFLv8Xz_lQhYfwmg,development,1
21,7071,29868,clodi_1m3-E,UCJecxLpq6S85RIxob7xA8zQ,test_reserved,
21,7072,29869,nyEaj1k_Z0o,UCuTgmLxqarTxuBU5ARMYUNQ,test_reserved,
21,7073,29877,RisJ4tccojw,UCcijXxFzSXgoM6q9cCtT9PA,test_reserved,
21,7074,29883,MBa4uzeTSe0,UCZNreSxdvd50nzMz5zkXg4w,test_reserved,
21,7075,29892,9BzK53NNIOw,UCoQrhbL8EqaiWTywvgPlriA,development,2
21,7076,29894,qV3tvv8Aht4,UCLwwxYXhMc1fCIAnaO8nYrQ,development,5
21,7077,29896,Hn9PCGj4AM0,UCAH7R88V7gz7RqJv78nNOzg,development,3
21,7078,29900,nqcPMd5GkyY,UCM3bQBUJ0PEbgfe9lAw_Y3Q,development,4
21,7079,29905,nFMSIyWBOo4,UCRD6apgpGyWJY3F2fqpIYDg,development,1
21,7080,29911,82kXPfC0jow,UCrJA25R_KDe3dM1sLZK7gCQ,development,3
21,7081,29913,w9gxrL7XrdI,UCPXSUKHTNc1_hnHuj-UiQWQ,test_reserved,
21,7082,29914,OH6gJbqtd9g,UCV_4W6LL-Iwh0UaT_B6exQg,development,3
21,7083,29918,_8D3CASdmTA,UC8lKgUHo-2mSR5cRRXO9xow,development,3
21,7084,29921,wL-Be13eGV4,UCqrqt9Egbp4Voh3iEUUoorw,test_reserved,
21,7085,29922,UJwLzCJ8X6M,UC2b5VAYjsOfepl9nAXgRmfQ,development,4
21,7086,29923,Q63xQTiZsc8,UCfCzC_zJomF_Ace4T2wKb6Q,development,5
21,7087,29934,cciA5n0L284,UCF11-Puqxb0jdeWNc7F_Fcw,development,1
21,7088,29936,Ufhtp1DI_5Q,UCxm3qT6MukO0l_vlfjy_ziw,development,2
21,7089,29937,efD4RC-Llfo,UCwt4zdWrmnBpglCHb1ArREA,development,2
21,7090,29943,kZuyLWbKv_4,UCckltLEhFLv8Xz_lQhYfwmg,development,1
21,7091,29946,WJV-x410ULw,UCCK3OZi788Ok44K97WAhLKQ,development,2
21,7092,29948,KlWHH0QlNgQ,UC-GRFwciK7JiP8T4tl0pftQ,development,3
21,7093,29952,3J0hiHA76Ig,UCiAYv_QAosB-49bJbu3NM3A,test_reserved,
21,7094,29954,vUsP8md3_Eo,UCRDDfbYPHX_GUJ4lcQYTc8A,development,4
21,7095,29960,jLt3Alw1msA,UCCK3OZi788Ok44K97WAhLKQ,development,2
21,7096,29966,rlD109RnIRQ,UCpA0sSPTCBVrQFx0y7k00xQ,development,5
21,7097,29968,f3ffy0IDtmc,UCgnFSj7jQffD5V5m05j4dPw,development,5
21,7098,29971,HRwbQWfg1vA,UCRsGjvRKg2tYc7f_nSDEXtw,development,2
21,7099,29972,HiWe95n1ym0,UCdb5bYQ1fAheVgf_04zBEwQ,development,5
21,7100,29975,ZqUlO3NLFw0,UCmqflTSJ6911aCrnaWIXxsA,development,2
21,7101,29977,XaPs0ZlrdfY,UCsCp9NfFhRhL6DvDjWtAweg,development,1
21,7102,29979,6TWT1S6UOtg,UCbS_glb2N1NVTrDLVryRbng,development,4
21,7103,29980,bqGZ0tZfyCQ,UCv-DEx07c4SSKn55MiB-Wzg,development,3
21,7104,29990,je1eLBpBz9g,UCLNz9bgiJfM3ImTtYDOt8Ew,test_reserved,
21,7105,29995,hTCMGwdEPNQ,UC95VofaZiQPFwRMaqPhLc0w,test_reserved,
21,7106,29997,3V5OOkPZt-o,UCCK3OZi788Ok44K97WAhLKQ,development,2
21,7107,30002,qjsRb7Gh0BA,UCVXCitEEweQox0oyIsJONrQ,development,3
21,7108,30007,L_b7EpzRwtA,UCCK3OZi788Ok44K97WAhLKQ,development,2
21,7109,30008,cA4yBipKis4,UCckltLEhFLv8Xz_lQhYfwmg,development,1
21,7110,30019,oWCO6ePucC4,UC2b5VAYjsOfepl9nAXgRmfQ,development,4
21,7111,30022,79DQlGFjIbs,UCU57IJhYK4v_XCOo4khbBxA,development,3
21,7112,30030,1AP_VaU22xk,UCCbm1E52PV05ZLv6dtRB92Q,development,5
21,7113,30035,9JM-LJD9kHo,UCQkPhQ-6NhA1v7Tpsp6EnKQ,development,2
21,7114,30040,AdpAhs9ZkFI,UCmrLu4r89ykOzmtmbAeEklA,development,3
21,7115,30046,Sp6vSkGPtSk,UCwaUcCAOyzudilU2vsxtieg,development,3
21,7116,30047,bpzek_313oY,UCRDDfbYPHX_GUJ4lcQYTc8A,development,4
21,7117,30049,i7Veehdl-zo,UC2sO_F_Ky4LIAUtSJYXqBDA,test_reserved,
21,7118,30056,RwuyoCwej9w,UCskNFH2e4ptFTkgeVmFPNhA,test_reserved,
21,7119,30065,0ZkK8kX-VzI,UCaESx7Bdghv_UICcG1hBkcg,development,5
21,7120,30068,gLf_lxaGiN4,UCaI7IwVdrAcfhu3cp6x4T6Q,development,3
21,7121,30070,SnpIoFs90zo,UCRDDfbYPHX_GUJ4lcQYTc8A,development,4
21,7122,30071,UgfIIecY5pA,UCmwIKQQjwpjNT8OQ_VZuRfg,test_reserved,
21,7123,30077,GdCjnEHfk4U,UC1GXX9hisqTO3S7ZHhoepXw,development,1
21,7124,30081,Pn5JNuwGkCc,UC4eGpfS24gqdLVjR0S4Wgow,development,5
21,7125,30082,kPlbLvhL_K8,UCvoMClO68wGoV5Fvu0KRiqA,development,2
21,7126,30089,ewApflCSccI,UCcijXxFzSXgoM6q9cCtT9PA,test_reserved,
21,7127,30096,4R8hznOcLHc,UCRHYFnWL0aYTQ9qmvfZnUxg,test_reserved,
21,7128,30108,0TWxpWKcuqA,UCgnFSj7jQffD5V5m05j4dPw,development,5
21,7129,30110,jiPBlWFAo4w,UCQTcNhAZidy1i9wwmdgf2Lw,development,4
21,7130,30113,OamWreMGnLw,UCbpY0fXgMhJZYNm-AQA6kjw,development,3
21,7131,30114,ZypVDsIbLrI,UCF11-Puqxb0jdeWNc7F_Fcw,development,1
21,7132,30117,gHP6buQjBhE,UCLy64UBR8cH9BPUuf1sM6DQ,development,3
21,7133,30125,kMI6ypzplC8,UCckltLEhFLv8Xz_lQhYfwmg,development,1
21,7134,30126,DTQ8-t91MnE,UCckltLEhFLv8Xz_lQhYfwmg,development,1
21,7135,30127,OsVOy3PaUMI,UCSw_5fZrselH_au61zvIpJw,development,2
21,7136,30134,Uo5pQ_Q28p8,UCYga1ycTsoZn6Y_xlrdw0iA,development,2
21,7137,30142,Jz1rOPrNdo4,UCQTcNhAZidy1i9wwmdgf2Lw,development,4
21,7138,30147,VEAqokTInJk,UC_oQPOpRefuPENfsJ404nmA,development,1
21,7139,30150,WBMqBKUDHcY,UCckltLEhFLv8Xz_lQhYfwmg,development,1
21,7140,30152,LTwVbnxl8mI,UCqrqt9Egbp4Voh3iEUUoorw,test_reserved,
21,7141,30158,XQk-t2DMyxQ,UClcIQJ6q-HsROoyWms8B8tg,development,2
21,7142,30159,o_DBD2Q9DW8,UCrvZv5Ph8ODU8frd7ZGZQYg,development,4
21,7143,30169,JooQ86POlcE,UCyrW9aDENkU6G6URdVFwB9g,development,3
21,7144,30171,VRi3_2Hl2AE,UCckltLEhFLv8Xz_lQhYfwmg,development,1
21,7145,30172,EeNs9pus220,UCIi-sp4cticvdmHAodPeyvw,development,1
21,7146,30173,dwImw-MNwXg,UCLuP7ROjaueiuNbzrvPqXSQ,development,2
21,7147,30175,KBqhN5UZzYY,UCQIWzvLOlB4tu84TtOTJCGg,test_reserved,
21,7148,30177,4Kv3qyp1nFM,UCjKSK3d5r0O78WGnMouSvDw,development,4
21,7149,30181,2mKgnAoHZyM,UCC-QxtkZPfDCczEeT3SEsYA,development,5
21,7150,30182,Z7eKLZer1k0,UCAKbFSucxr0iLZDDkEp3gGw,test_reserved,
21,7151,30184,nEu_VzDitw0,UCpP5Y5ssB2iicCuWrpVpR3A,development,3
21,7152,30186,4D-YdT9eeB4,UCCK3OZi788Ok44K97WAhLKQ,development,2
21,7153,30194,uvaubjKQBz0,UCaIc6SgS90ud_RgMSC6hW_w,development,3
21,7154,30203,6Yd4jAbEp5o,UC2lV_3vC0_qIrT6pwY7L2bw,development,1
21,7155,30219,FHGmEVluWak,UC4Pb9SEsCb1EpsXVYAVVajw,development,2
21,7156,30225,tRrsg1Hq-L8,UC1YGPDtctHGJWW0NrlQVklw,test_reserved,
21,7157,30226,S_fecNz6a6s,UCSvq6flKvb-vwtaU5hfnQjA,development,5
21,7158,30228,YQDC2vhvfR0,UCpRgfr4_Eax0HHa2rwkRQ2w,development,5
21,7159,30232,u6um3e0xKXs,UCcijXxFzSXgoM6q9cCtT9PA,test_reserved,
21,7160,30235,L52xbhh7ssI,UCbS_glb2N1NVTrDLVryRbng,development,4
21,7161,30240,5m6keCbU8ew,UCmGMChEd9jBucufrWcpk3Ew,development,5
21,7162,30246,WDkWWQE0i1I,UCCK3OZi788Ok44K97WAhLKQ,development,2
21,7163,30249,1_fUWqRitBY,UCNW0wUIg3FDgHuLq8cRGQrQ,development,4
21,7164,30256,7Rg9ENVKu1w,UCq0hVW_G5kWt2ocLhbjOtGg,development,2
21,7165,30261,RUQAU-U_Wi8,UCCK3OZi788Ok44K97WAhLKQ,development,2
21,7166,30262,ThCqLVIwXjE,UCJhdo2Kg29_EZwNPvlhzIFg,development,5
21,7167,30263,cF3lfxGNoJc,UCjYAhUnrkBujtKI3j3LM2uA,development,3
21,7168,30265,7RRlSnUBlH4,UC4Tu0ezWjyVMBD7lyX3EOdQ,development,5
21,7169,30266,5Myo10NmU7M,UCGRcGg4t8Q3iMit9hbQg7WA,development,3
21,7170,30275,L6evMWeQ1Yk,UCVU09OJkBIHZTGb-acbajoQ,development,4
21,7171,30276,axg5dJEgfc8,UCCK3OZi788Ok44K97WAhLKQ,development,2
21,7172,30278,smRbeykB1go,UCfCzC_zJomF_Ace4T2wKb6Q,development,5
21,7173,30279,OU-SbucuE54,UCcijXxFzSXgoM6q9cCtT9PA,test_reserved,
21,7174,30282,7wtfLs4dnmU,UCUa0a5l56H0xre3SljFYRgw,development,4
21,7175,30285,zvMkwgSp3HA,UCPXSUKHTNc1_hnHuj-UiQWQ,test_reserved,
21,7176,30286,9EvrETCAJ3w,UCyrW9aDENkU6G6URdVFwB9g,development,3
21,7177,30294,2klR7K4ErBE,UCs3r_67R1GGZGzjhM4rR2xA,test_reserved,
21,7178,30296,jOCpX9hd5rs,UCrVFS_0PdV7AwyTgR13IcVg,test_reserved,
21,7179,30298,ryKPBkL8PNM,UCMW_Sgzlaezz3MHg3BtgKbw,development,4
21,7180,30314,ZiD79rJzPcY,UCV_4W6LL-Iwh0UaT_B6exQg,development,3
21,7181,30318,h5-dL5KMVr0,UCCK3OZi788Ok44K97WAhLKQ,development,2
21,7182,30319,JdTWeDHZjA0,UC_AuTY5qqpUUYFLSDQIbOsg,test_reserved,
21,7183,30322,yhSIfWi3I9I,UCKd4c6Ke8GsuUWf2BnOI4WA,development,3
21,7184,30324,Gxz0338zFs0,UCCK3OZi788Ok44K97WAhLKQ,development,2
21,7185,30327,yPzthuxy5Y8,UC0Ixpv316Cz0tAqp900J-qg,development,5
21,7186,30328,xkCuKtljLQg,UCgnFSj7jQffD5V5m05j4dPw,development,5
21,7187,30329,TUhwNsGNK9Y,UCXJm14vFoWrYud1ZXCiHj3A,development,3
21,7188,30334,jRQSaBrDdQA,UCqrqt9Egbp4Voh3iEUUoorw,test_reserved,
21,7189,30354,L0KgyMP-Oak,UCs_mHlm5_C82W5WCIJaSMbQ,development,3
21,7190,30360,R_dhTDgfTGo,UCgnFSj7jQffD5V5m05j4dPw,development,5
21,7191,30365,j_d3n2ZwTDo,UCkC-yhK-WnPNaNslH_LbBWQ,development,3
21,7192,30369,cZsvO0oEpCk,UCjYAhUnrkBujtKI3j3LM2uA,development,3
21,7193,30384,b6HH2nD7_os,UCm8I2aLYgPm_gdzw4SSkiGg,development,3
21,7194,30386,WyadvdI-75A,UCpRF7T1Y81YktioApy8jP9A,development,2
21,7195,30393,P2F9QjExFcg,UCckltLEhFLv8Xz_lQhYfwmg,development,1
21,7196,30396,tn2tOWScymU,UCOgsOVUELkkv_irhET9kK_Q,development,1
21,7197,30398,cfNqPFqDU6Q,UCckltLEhFLv8Xz_lQhYfwmg,development,1
21,7198,30399,xXUrYWaEPU4,UCgooj1ufFuOk6GD2jq8CbdQ,development,1
21,7199,30400,PQdld_bFFAE,UCiBHV5AwzPEBhlIX3yR6-Ig,development,2
21,7200,30402,oyQR_dXKzCg,UCbR7juPwtP-bV_w0840ciYQ,development,4
21,7201,30411,ajT7lFHWymk,UC1hcl0aIr9KtXA-Kiq9itqw,test_reserved,
21,7202,30414,Rqnw_ZJS6jQ,UC8lKgUHo-2mSR5cRRXO9xow,development,3
21,7203,30419,mkQgf6EWaVM,UCCK3OZi788Ok44K97WAhLKQ,development,2
21,7204,30421,aLZytNHYBxY,UCCK3OZi788Ok44K97WAhLKQ,development,2
21,7205,30432,bVb9cmhfQmE,UCRB8mrLCcwTPlJOMUy9MDUg,development,2
21,7206,30444,csTxOTfZYVs,UCcijXxFzSXgoM6q9cCtT9PA,test_reserved,
21,7207,30445,So1ECGTj8Yk,UCckltLEhFLv8Xz_lQhYfwmg,development,1
21,7208,30451,Z3PhAr4f4mw,UCpfrIJXRqOTx2kPVsUytO4Q,development,5
21,7209,30452,QE-8ImehNis,UCd6LnMF8BMnKY4Anwovreug,development,5
21,7210,30456,DkDaSFguySg,UCPDu6ISzY5LT0DM2fQn_wCA,development,2
21,7211,30457,bXgL2qWX5H4,UCxAkK6_mU-y8NownflBHl7A,development,2
21,7212,30458,J8JUQooQ9kI,UCq3WWAoJj0DOQC3G7ri1cug,development,3
21,7213,30462,ZYWOLDHB_Ks,UC-GRFwciK7JiP8T4tl0pftQ,development,3
21,7214,30475,K0l2Hxj4LZ8,UCsU0TSt6Jm_yLlTkZS-FvUw,test_reserved,
21,7215,30484,cWiEDAhmmDo,UCbS_glb2N1NVTrDLVryRbng,development,4
21,7216,30485,puKcMJ-xtlo,UCc30sTBdN9LRSxEuHaXV_bQ,test_reserved,
21,7217,30487,UzrG7e_mVBU,UCceS_252pdNUa5ztP_MW8rw,development,1
21,7218,30488,DRZpdws8LXs,UCqrqt9Egbp4Voh3iEUUoorw,test_reserved,
21,7219,30490,62UUe0AuhpQ,UCaESx7Bdghv_UICcG1hBkcg,development,5
21,7220,30499,03hYL3XtBRA,UC6jQt9K_jqnBNtsRf7hXHsA,development,5
21,7221,30508,PDuHQgPX3oI,UCgdaUnUmkHDpYCU0w2pR7Rw,development,3
21,7222,30510,dOYxKonuLb0,UCGRcGg4t8Q3iMit9hbQg7WA,development,3
21,7223,30515,KypZ72SOB8Y,UC324VVhYKykBv01GecF4aYg,development,5
21,7224,30530,2tjSKV1hwcg,UCckltLEhFLv8Xz_lQhYfwmg,development,1
21,7225,30539,zh6rBQ3Q9lY,UC8rcDufKZ3W6CtZU69CtMXg,development,3
21,7226,30541,oUDJCxmG4eI,UCckltLEhFLv8Xz_lQhYfwmg,development,1
21,7227,30544,60kGjCWZdW4,UCsPfJqaUdMINzYqBCEjwknQ,development,2
21,7228,30546,wurP_CQdCHU,UCCxWuiv11xqdA6Vi3HkaXuw,test_reserved,
21,7229,30549,ydPn0NQEdNc,UCckltLEhFLv8Xz_lQhYfwmg,development,1
21,7230,30550,krC9xOyGvM8,UC58y6NhWQ_IkAUJdYqtmtQg,development,2
21,7231,30552,Mndr15NN1x0,UCckltLEhFLv8Xz_lQhYfwmg,development,1
21,7232,30554,rTMsTJ6SS_0,UCaESx7Bdghv_UICcG1hBkcg,development,5
21,7233,30561,yIFXhCkvwxw,UCPXSUKHTNc1_hnHuj-UiQWQ,test_reserved,
21,7234,30565,CTne8djG77I,UCcijXxFzSXgoM6q9cCtT9PA,test_reserved,
21,7235,30569,zxpPXMO4BN4,UCooc3hx6GoWIk0isF45yppA,development,2
21,7236,30573,tsIZ2g8yvwU,UCckltLEhFLv8Xz_lQhYfwmg,development,1
21,7237,30578,EO_Q4IFTC7E,UCT83ymyAGm7Gnk_4ifxjxIA,development,4
21,7238,30581,ykOYJvriprY,UC2GNitBc9qBFZd0329eYOPg,test_reserved,
21,7239,30583,lX-ViR0riiU,UCW5J0vbGISAYVK_Oz6m2Dqw,development,5
21,7240,30584,JdShIZTFQdw,UCckltLEhFLv8Xz_lQhYfwmg,development,1
21,7241,30601,LvvG1hV5emQ,UCgnFSj7jQffD5V5m05j4dPw,development,5
21,7242,30614,MdO4QjASAyw,UCoYoYVojg-QGFH7VyKMpB8w,development,2
21,7243,30615,QtWKzVj4yYA,UCcijXxFzSXgoM6q9cCtT9PA,test_reserved,
21,7244,30619,XkGj-nvVSBU,UCgnFSj7jQffD5V5m05j4dPw,development,5
21,7245,30627,xFCQw78WjgQ,UCckltLEhFLv8Xz_lQhYfwmg,development,1
21,7246,30628,4ek2Au-lQqk,UCfdBd-9WWZUv1h7d80Omy8g,test_reserved,
21,7247,30632,v1jMt2Uq94U,UCbr3MNcISUfftpZYqf0PiIw,development,3
21,7248,30633,fsfKK9UMEXU,UCl8Yel7dn0_zNl2O6bUP2tQ,development,3
21,7249,30635,PXEyV2MUyH0,UCTN68Ja0PcelkTQW8KX3y2A,test_reserved,
21,7250,30638,rw3UAyktAe0,UCckltLEhFLv8Xz_lQhYfwmg,development,1
21,7251,30642,dWgDLePWH34,UCbS_glb2N1NVTrDLVryRbng,development,4
21,7252,30643,HtljRUHlVtg,UCaESx7Bdghv_UICcG1hBkcg,development,5
21,7253,30644,kLiJLaKUXN8,UC5ZNkdIVKL-M3KrNaCEzveg,development,4
21,7254,30658,zdF9PByNg6Q,UCQkPhQ-6NhA1v7Tpsp6EnKQ,development,2
21,7255,30659,g1i85FzSZm8,UCALssg4U8BjdtR-DX43o-mQ,test_reserved,
21,7256,30660,dVFkl2R0jPI,UCQTcNhAZidy1i9wwmdgf2Lw,development,4
21,7257,30661,6Vsah12GfOk,UC24uwZklOoFhbiQq-kp2HYg,test_reserved,
21,7258,30662,YXkddSrO5IE,UC2sO_F_Ky4LIAUtSJYXqBDA,test_reserved,
21,7259,30667,qs0OK8PS730,UCY4bDDhY9fqt97qV4mVAiAw,development,4
21,7260,30668,icaolXWbV60,UCJhdo2Kg29_EZwNPvlhzIFg,development,5
21,7261,30670,Cix-mpGSALQ,UCMk3TZ_MvwlPbSYp_1FScrw,development,3
21,7262,30674,_W4nnRwlDrA,UCOtYyt7W5PmPnwQjWWF_Z-Q,development,3
21,7263,30676,UfwgcQjcv6U,UC62QgaEe8YqmCcxbeyxQg9w,development,1
21,7264,30680,3qCza6ik_f4,UCCK3OZi788Ok44K97WAhLKQ,development,2
21,7265,30682,iGNi5wDt5k8,UCTnkg8PLlPCBZdJ8ec7jO1A,development,1
21,7266,30690,a6t2x8A9JCw,UCofF1Whz-uMOt6JJAoHa9wQ,development,5
21,7267,30691,BnlDvtlyeeo,UCZXcD8T3zClfNAlDwHCdg6w,development,1
21,7268,30692,z48C6Y9aFkc,UCx-fk6FBx2mJSWavjxw-zrw,development,4
21,7269,30696,t-atTHDEjtc,UCql-jEixeuMcyabHRYqr-Zw,development,3
21,7270,30705,HGh-6G67Hhw,UCCK3OZi788Ok44K97WAhLKQ,development,2
21,7271,30707,h53S7rV9LiM,UCVU09OJkBIHZTGb-acbajoQ,development,4
21,7272,30710,c6alg82uVUs,UCckltLEhFLv8Xz_lQhYfwmg,development,1
21,7273,30718,ARVh1GWyWJw,UCZhOI6uSPZKDNMpRHePdvow,development,5
21,7274,30723,YlpwspWwaPQ,UCPfU0uygBGutjaaJU5PpEvg,development,2
21,7275,30725,hluTf3V_7Hg,UC_d3UQ1v8KP1JNFOBmV63xA,development,2
21,7276,30727,7ndWrnbGapU,UCCK3OZi788Ok44K97WAhLKQ,development,2
21,7277,30731,r6HQ8VVw8b0,UCt1uMmva5HBK0qu1hTGGvzA,development,5
21,7278,30734,wOFb4WPhEYM,UCckltLEhFLv8Xz_lQhYfwmg,development,1
21,7279,30745,W0bal_OQB0Q,UCCV84bEXdXJd1HSHhqUhoIA,development,1
21,7280,30758,3BLZm1y8TLc,UCT83ymyAGm7Gnk_4ifxjxIA,development,4
21,7281,30771,wZOd7cV8d34,UCbS_glb2N1NVTrDLVryRbng,development,4
21,7282,30780,-TaHZWNMdRA,UCbj5TVwioQCK3qtYYEzD3kA,development,5
21,7283,30782,IF69fEjP0xg,UCR6bwkq2RbGG12zWqD9YRvw,test_reserved,
21,7284,30786,65rGAbS-SLY,UCgnFSj7jQffD5V5m05j4dPw,development,5
21,7285,30795,AtVZxCeb7H4,UCaIc6SgS90ud_RgMSC6hW_w,development,3
21,7286,30798,hoEEOpMsYgs,UClSIhhnuyF8fXtBTpOOTknA,development,2
21,7287,30803,zqQgwgq0Rd8,UC2oGrNhMUyWu5yzEJ_j1PMA,test_reserved,
21,7288,30806,9_ef5n47WK8,UCSmxZt63zt1f3kiBXnwVjNA,test_reserved,
21,7289,30813,ZDO2rR6gQCo,UCOChhrxHx8lLASkitfBu3-A,test_reserved,
21,7290,30814,TVVBPzjIhAI,UCU8CLxgXCxmDmYKNi_gS0WA,test_reserved,
21,7291,30817,ick4mgyixOI,UC8rcDufKZ3W6CtZU69CtMXg,development,3
21,7292,30825,zhF4vM793g4,UCESCGo0Fo0IO63sunkVeXwg,development,5
21,7293,30826,P5ZBH7KpApo,UCqrqt9Egbp4Voh3iEUUoorw,test_reserved,
21,7294,30830,oNQt5oagQhw,UCBWG_GjopQPckewo1_IvhLQ,development,1
21,7295,30836,-orklUOseZE,UCLuP7ROjaueiuNbzrvPqXSQ,development,2
21,7296,30844,76wAyoSL3E8,UCMxeqmVKOqiqh7V_A3h4gfA,test_reserved,
21,7297,30845,2RFgaXmysVA,UCRyHK0HPW8OQtTqtRLqCMlw,development,3
21,7298,30854,Q64frlBvKLU,UC1YGPDtctHGJWW0NrlQVklw,test_reserved,
21,7299,30857,H7cDMWbBhkM,UCP4Z7-uWZYIQBclex8M086A,development,3
21,7300,30860,ggIinUKv5_k,UCOtYyt7W5PmPnwQjWWF_Z-Q,development,3
21,7301,30861,zqafqNz_bJ0,UCO_66skZM2AyW8lgXawoPiw,development,2
21,7302,30869,1sTHq3Rqxt4,UCRDDfbYPHX_GUJ4lcQYTc8A,development,4
21,7303,30870,C2HKRoAcg1w,UCCK3OZi788Ok44K97WAhLKQ,development,2
21,7304,30875,E-EvNqLqa-w,UCM3bQBUJ0PEbgfe9lAw_Y3Q,development,4
21,7305,30881,8l2f6cWkhTk,UCkN6eq1DpDITLRKluvmNneA,development,5
21,7306,30886,Qx0_Ji4NQNk,UCs_mHlm5_C82W5WCIJaSMbQ,development,3
21,7307,30887,6FFRu7PFu3Q,UClKD6E6fDdor11ySgDxrjIQ,development,4
21,7308,30888,_WLwLI7QT3s,UCuQ0Z6UmOOZ5JmsniU20Myw,test_reserved,
21,7309,30889,Eq7KqVTDbRQ,UCPJRtoh7x7vEw0-d59JwKiQ,test_reserved,
21,7310,30892,PzmDgsICAo0,UCQxYcvX5hnGJvuTFzKng-Vg,test_reserved,
21,7311,30904,T5w-TSDWB3A,UCLWofMl6ouENOuxQwYUPhJg,test_reserved,
21,7312,30906,TojNJTgGTxc,UCRDDfbYPHX_GUJ4lcQYTc8A,development,4
21,7313,30913,In6i-b_3gUQ,UCmyEUjIqwiTwx6MFT19FD0g,development,2
21,7314,30916,mDacQRbQ00Q,UC1hcl0aIr9KtXA-Kiq9itqw,test_reserved,
21,7315,30921,v1ldo6e08zM,UCGe9vzavXCSu7GBIgoPebeQ,development,1
21,7316,30924,mW_MVr1w0rM,UCYk97F4sCu3hEWp6YEH-Dow,development,2
21,7317,30927,fuKlKdYm7XM,UCLNz9bgiJfM3ImTtYDOt8Ew,test_reserved,
21,7318,30930,Ub04f4I065A,UCIoyIVPZEfC2p0dQwAxGiEw,development,5
21,7319,30934,4EN_AaYVDCA,UCCK3OZi788Ok44K97WAhLKQ,development,2
21,7320,30935,8yRcVMy0Up0,UCIoyIVPZEfC2p0dQwAxGiEw,development,5
21,7321,30937,wy9BShgc89k,UCl5xacxsAhltNGtiMktd_Sg,development,5
21,7322,30940,nFTkgshUhlQ,UCckltLEhFLv8Xz_lQhYfwmg,development,1
21,7323,30942,ZGPREdXnHn8,UCyatESKDOtYoUqC3zXhREzw,test_reserved,
21,7324,30944,EPSL0yvvuos,UCOHyRrRuD2zGCkpuCAlyOyA,test_reserved,
21,7325,30945,OXWlw5htK38,UCn0XmAUFv6d2tofMFEesSNw,development,5
21,7326,30953,7cGT5pqdymo,UCPXSUKHTNc1_hnHuj-UiQWQ,test_reserved,
21,7327,30977,gmZeCNdQT7k,UCbS_glb2N1NVTrDLVryRbng,development,4
21,7328,30981,GJOsvpt3PXY,UCXm0FsS7PXy0w5HeOkYMi7Q,development,5
21,7329,30983,9gDOY4s5gTI,UCNFDDKoTezuSWbIjjHA76xQ,development,3
21,7330,30984,W4K8ECp9zjY,UCJkx-61Ysti3AzfwmdgtyKg,test_reserved,
21,7331,30986,9Dvt6QYOa1Q,UCcrsFwwoMvcXYpJ0XldIlVQ,development,3
21,7332,30993,k4fhWEQv0e4,UCbR7juPwtP-bV_w0840ciYQ,development,4
21,7333,30999,GuoG6_nfNNw,UCSSdxN7FMswC7GFnvVON-eQ,development,5
21,7334,31002,AlBqfuiWohk,UClWSTWnXSIOK34ySODMm8Ew,development,4
21,7335,31006,yt8BH0eL2FM,UCcijXxFzSXgoM6q9cCtT9PA,test_reserved,
21,7336,31008,FNnWXr8hP_4,UC2_iwCecXLNqTWv-_QcffRw,development,1
21,7337,31013,CUeCj9VYtDE,UC9mVbiRT4STi4TmCNJ89O9w,development,3
21,7338,31014,SHgsUUem63A,UCgnFSj7jQffD5V5m05j4dPw,development,5
21,7339,31018,n-VQ-3A9n8o,UC0RxmX79uHOBvSKKYAQ7Axg,development,5
21,7340,31022,Y4Uj5ZB9HJ4,UCcrsFwwoMvcXYpJ0XldIlVQ,development,3
21,7341,31025,a7mdQt3FRSU,UCBsrUim15y-s6PfMISCR38A,development,2
21,7342,31030,qhr608Qw7KY,UChsvddGPTnFP1915_GTb3KQ,development,2
21,7343,31033,nQZPXO_Bj-s,UCaszdCPv2DolWB2zmTDYPEA,development,5
21,7344,31035,N0hgmWvmMoQ,UCofF1Whz-uMOt6JJAoHa9wQ,development,5
21,7345,31036,mnqeEx_Q-1Q,UCDqy-V3qY-xtSmiRHlZIWWQ,development,5
21,7346,31038,9KY3u1GfNy8,UCF06B6cH6Rf9UVYc5v4WAwg,development,3
21,7347,31052,G0CudZtIi2E,UCrhkgHTUdZXbCd69TNuQuMg,development,2
21,7348,31063,gVCFJ34vmqY,UCrVFS_0PdV7AwyTgR13IcVg,test_reserved,
21,7349,31064,QOFK-z7olVA,UCxiyiEedLTjSyzUlAqYbIRw,development,4
21,7350,31071,ojcdcslD5tg,UCKd4c6Ke8GsuUWf2BnOI4WA,development,3
21,7351,31072,F-n0nnY5h-s,UCCK3OZi788Ok44K97WAhLKQ,development,2
21,7352,31073,9AKr9bdOc1w,UCCK3OZi788Ok44K97WAhLKQ,development,2
21,7353,31074,CP0tpYsEMiA,UCRDDfbYPHX_GUJ4lcQYTc8A,development,4
21,7354,31075,XmGl8V65c9M,UCjzTnRl0ujdKwTh7KHxYCKg,development,4
21,7355,31083,Q24ghKrQ7fs,UCl5xacxsAhltNGtiMktd_Sg,development,5
21,7356,31095,pY6koSvLjj8,UCLcEIlORlJiHx_UlCwF943g,development,2
21,7357,31097,M3fJlvKH9mM,UCckltLEhFLv8Xz_lQhYfwmg,development,1
21,7358,31104,yFKJKVQemhw,UCDi0aVaBQ1KlA5WoHAbt0zw,development,4
21,7359,31108,qyMaDl0b7_4,UC7yvlRxy_mqtwPMyZ8H5Zkw,development,4
21,7360,31110,T0ORMgwBbVk,UCckltLEhFLv8Xz_lQhYfwmg,development,1
21,7361,31116,4Iw_nUtehn4,UCc30sTBdN9LRSxEuHaXV_bQ,test_reserved,
21,7362,31127,zXSWXLdleZQ,UCPXSUKHTNc1_hnHuj-UiQWQ,test_reserved,
21,7363,31129,HJuyH934WaY,UCHxf5NOZYmtmQEOkToogAiQ,development,4
21,7364,31136,SPQ212IwAhI,UCGyG2Xkr4xR73xgQMXNi8_g,development,2
21,7365,31138,GcqcJESUmOI,UCbS_glb2N1NVTrDLVryRbng,development,4
21,7366,31139,mtuy2RvjpZ4,UC2sO_F_Ky4LIAUtSJYXqBDA,test_reserved,
21,7367,31140,5NSNej8T5Fc,UCgoCbMJ4JnH0q40GofKZxVg,development,2
21,7368,31141,_8XXQuX8M90,UC_Urg845xBIOarYXBx_Ko2w,development,5
21,7369,31147,3iQczpjc8Ro,UCwH5wSFcuXiR_qYFMbl6S7A,development,1
21,7370,31149,74kqIR75uVA,UCCK3OZi788Ok44K97WAhLKQ,development,2
21,7371,31150,nnJBNnLStSM,UCm8I2aLYgPm_gdzw4SSkiGg,development,3
21,7372,31163,LAo2REa0vuQ,UCckltLEhFLv8Xz_lQhYfwmg,development,1
21,7373,31168,NlebARPCmCE,UCcijXxFzSXgoM6q9cCtT9PA,test_reserved,
21,7374,31173,F3fttuI87WU,UCckltLEhFLv8Xz_lQhYfwmg,development,1
21,7375,31183,mrkmdKZJ7Ss,UC2sO_F_Ky4LIAUtSJYXqBDA,test_reserved,
21,7376,31184,T0DzCdUdDOY,UC1hcl0aIr9KtXA-Kiq9itqw,test_reserved,
21,7377,31190,grFD8M1oybU,UCM2aWgUf3p5baPX6kx14uBw,development,5
21,7378,31192,rhw1bpZIE7M,UCZfQAl56Y6qStW8DECs2hGw,development,4
21,7379,31201,DUBPXSOVNyg,UCcijXxFzSXgoM6q9cCtT9PA,test_reserved,
21,7380,31205,O3VMXjejji4,UCyaIoiqUyGoO7u6jIZm3h6Q,development,3
21,7381,31218,ZROJTq1or0c,UCcrsFwwoMvcXYpJ0XldIlVQ,development,3
21,7382,31222,uNtKlQqvLq0,UCckltLEhFLv8Xz_lQhYfwmg,development,1
21,7383,31226,QZ8vb9-bQqA,UCu3jIK2NBSXc0_YaFqEuIrg,test_reserved,
21,7384,31228,Jf88XeEqVwc,UCpfrIJXRqOTx2kPVsUytO4Q,development,5
21,7385,31229,KJ909-6EnQU,UCW_dWq1AfuNLqbZuoc6_Clg,test_reserved,
21,7386,31230,AqYzTrRZgyc,UCckltLEhFLv8Xz_lQhYfwmg,development,1
21,7387,31237,ACSOh1xE9wA,UCcijXxFzSXgoM6q9cCtT9PA,test_reserved,
21,7388,31238,wol0qD6HBj4,UCc30sTBdN9LRSxEuHaXV_bQ,test_reserved,
21,7389,31245,tjd7JNrGmBs,UCjYAhUnrkBujtKI3j3LM2uA,development,3
21,7390,31257,jQdTSqwRmHw,UCqsAQeEdyCt0pLd-mREutNg,development,5
21,7391,31258,PEGoMpQCzWw,UCCK3OZi788Ok44K97WAhLKQ,development,2
21,7392,31267,jsLu9CgaE4c,UCCK3OZi788Ok44K97WAhLKQ,development,2
21,7393,31272,4gQbmbDAeMc,UCrBzMpy0C8kRGCfjRG-F__A,development,2
21,7394,31275,9tkaV7CN4Q4,UCjYAhUnrkBujtKI3j3LM2uA,development,3
21,7395,31278,INbXwksNVBU,UCYmEcbCgb9yxZZJGH1rtn_Q,development,3
21,7396,31281,p2ypShUOJTo,UCcijXxFzSXgoM6q9cCtT9PA,test_reserved,
21,7397,31287,2cCg22vXh98,UCmwIKQQjwpjNT8OQ_VZuRfg,test_reserved,
21,7398,31289,mo6slTqlTV4,UCRDDfbYPHX_GUJ4lcQYTc8A,development,4
21,7399,31296,Xp2NqZQ2BmA,UCrcATWZGF_p53r38i6VK0eA,development,5
21,7400,31302,_tmbq4h68Gg,UC7mhtAaF1ESJgCozpoS2lcQ,development,2
21,7401,31306,1rAZqULRfEg,UCcijXxFzSXgoM6q9cCtT9PA,test_reserved,
21,7402,31312,h_d6ZlRoD0I,UCV-q7cRK5yFYEFzWuoQOmQQ,development,5
21,7403,31313,BscD8czRj2w,UCCK3OZi788Ok44K97WAhLKQ,development,2
21,7404,31317,aWXdvXCsSOQ,UCcijXxFzSXgoM6q9cCtT9PA,test_reserved,
21,7405,31328,SDz1K6PMEyk,UCRDDfbYPHX_GUJ4lcQYTc8A,development,4
21,7406,31329,3F-E8ZN7Noc,UCGnnbsbqbCc7KxSIAbC_d2A,test_reserved,
21,7407,31331,-tM-PP8i1RQ,UC8lKgUHo-2mSR5cRRXO9xow,development,3
21,7408,31334,NzZF3gkumWw,UCckltLEhFLv8Xz_lQhYfwmg,development,1
21,7409,31336,mV0BuLXhN94,UCjKSK3d5r0O78WGnMouSvDw,development,4
21,7410,31337,RLmIotu24uU,UCcHpVAqt_Cn4jJ9vtXP6Vnw,test_reserved,
21,7411,31342,pdrIJYMUAKU,UC2q8im1fqNqwN0xEtlGwi1Q,development,5
21,7412,31354,9DaJmdbP1vc,UC4RBCrw6cMvOXz4eNkIgbnA,development,1
21,7413,31363,TkbU-ZwQpAY,UCMn4yJDLV2bPWGc5ZOucU1A,development,5
21,7414,31364,KRnRtR1_2Fg,UCFuP4DmMM9LZOMoa86vsZig,test_reserved,
21,7415,31365,TWxXzYU0F_U,UCMEXwFurMItX0u1yit-UrAw,test_reserved,
21,7416,31366,bClRoliwYMY,UCCK3OZi788Ok44K97WAhLKQ,development,2
21,7417,31372,NWEWAw8tZWs,UCuW9OiaVwvoOraW1Jcc3_uA,development,2
21,7418,31374,866bmyH9pNA,UCQgP7Qg3su6gQj2nj-dGbWA,development,3
21,7419,31375,GpoCPrNM4Yo,UCA5xW2Ce7KT2AtxzDYDebCA,development,5
21,7420,31385,ihnKTuWbPR4,UC1YGPDtctHGJWW0NrlQVklw,test_reserved,
21,7421,31386,1vqM9vgfA2s,UCdFAl3bZf7bi7A5HX7USKzg,development,2
21,7422,31393,WgBnqwm_zyI,UCn0XmAUFv6d2tofMFEesSNw,development,5
21,7423,31399,xyZSqXtGL9I,UCygAzvEJNqZmteflPb1bbGA,development,3
21,7424,31401,n9TK2QMZcXE,UCckltLEhFLv8Xz_lQhYfwmg,development,1
21,7425,31404,zAKO0slAcsw,UCgnFSj7jQffD5V5m05j4dPw,development,5
21,7426,31409,ZAvwPSucmLk,UCg17nAWKuBa0V1XkluzYbaQ,development,1
21,7427,31411,3JU1wvq2Qp4,UC1YGPDtctHGJWW0NrlQVklw,test_reserved,
21,7428,31413,OE0TLxECa60,UCE_HRkZMtXQvjnCrM0aSjCQ,test_reserved,
21,7429,31418,nlEwRMmRlmo,UCcijXxFzSXgoM6q9cCtT9PA,test_reserved,
21,7430,31421,Goou0B9Ah0s,UCf48pki8AqjBHuV80LcC7kA,development,5
21,7431,31424,D0ZUlC7Fa3w,UCaESx7Bdghv_UICcG1hBkcg,development,5
21,7432,31443,uI-jjVL0FSw,UCOHyRrRuD2zGCkpuCAlyOyA,test_reserved,
21,7433,31450,iW--1umCAU0,UCCK3OZi788Ok44K97WAhLKQ,development,2
21,7434,31453,kTmuu-VxbQU,UCckltLEhFLv8Xz_lQhYfwmg,development,1
21,7435,31455,sDFtmO78uMc,UCMW_Sgzlaezz3MHg3BtgKbw,development,4
21,7436,31456,2ygVJWorbXw,UCmKxhMStMwZZ1gdOg1YZQug,development,2
21,7437,31462,NFCVj0pAzts,UClCjoJ0fs2RqaRTjukU1jQA,development,5
21,7438,31463,9kJjCEBM4fs,UCaESx7Bdghv_UICcG1hBkcg,development,5
21,7439,31471,Hg9J261hLgY,UCckltLEhFLv8Xz_lQhYfwmg,development,1
21,7440,31473,ch5k5aZdlPg,UCrLvbl-59ugBtbyBYyicZnw,development,4
21,7441,31477,UyXDTfO8XjA,UCaIc6SgS90ud_RgMSC6hW_w,development,3
21,7442,31481,8cmJ8rqfpLw,UCAH7R88V7gz7RqJv78nNOzg,development,3
21,7443,31490,E0T_znh-wS0,UCgnFSj7jQffD5V5m05j4dPw,development,5
21,7444,31495,URVgLYboQQY,UCCK3OZi788Ok44K97WAhLKQ,development,2
21,7445,31496,4rcCsr9xf10,UCceS_252pdNUa5ztP_MW8rw,development,1
21,7446,31500,JEGCJ0seWJU,UCckltLEhFLv8Xz_lQhYfwmg,development,1
21,7447,31507,88lFxj5KE2M,UCfbPqthcdo_1_KHyU4kMiRg,development,5
21,7448,31508,OXQjfUu9qfM,UCBkEIYKUPw_d06rAFuJfTVQ,development,4
21,7449,31509,ORA7VlcwyXI,UCc30sTBdN9LRSxEuHaXV_bQ,test_reserved,
21,7450,31522,rmz0-PXMhAo,UCA5xW2Ce7KT2AtxzDYDebCA,development,5
21,7451,31530,xL0cTSJIlXU,UCckltLEhFLv8Xz_lQhYfwmg,development,1
21,7452,31531,zY5iUp2GQhM,UCVfnhhDIkkBJ_1QyzCqeVDg,development,5
21,7453,31532,rL3u8mmzLgE,UCyatESKDOtYoUqC3zXhREzw,test_reserved,
21,7454,31533,hw2wjehfoD0,UCbS_glb2N1NVTrDLVryRbng,development,4
21,7455,31550,X0d2_T3_Epw,UCOtYyt7W5PmPnwQjWWF_Z-Q,development,3
21,7456,31552,5OZx6FyZ3qk,UCCK3OZi788Ok44K97WAhLKQ,development,2
21,7457,31555,cFOCPB3Rr6k,UCXJm14vFoWrYud1ZXCiHj3A,development,3
21,7458,31556,DFV5QNUjBy8,UCjm7vbOwssao7Bhm9wX3-bw,development,5
21,7459,31560,ZvMg2VlqA6U,UCWO2tL69FZ9ckckHcAa18Ug,development,5
21,7460,31562,whvnOCyEGh4,UCAH7R88V7gz7RqJv78nNOzg,development,3
21,7461,31570,SbezWz9ouBg,UCZ6MS5ygBzz25PnSMaAw8PA,development,5
21,7462,31579,B6EcHTDHl0U,UCnqTWrNbHl4SvL60MCE693Q,development,1
21,7463,31580,TW_-kZi6-O4,UC9y7Wh-inBLM44vBwc9MGJg,test_reserved,
21,7464,31581,Pzch3yqycgw,UC8MegDkaJsqK63fwbOjBLzw,development,2
21,7465,31590,SNJ_wPlwfjM,UCckltLEhFLv8Xz_lQhYfwmg,development,1
21,7466,31593,OeBImR4wDDo,UCMQg72D9bcWjW-umvECrcAQ,test_reserved,
21,7467,31595,eHj9pSNUzbo,UCrLvbl-59ugBtbyBYyicZnw,development,4
21,7468,31596,XXcq3YIUixI,UCrVFS_0PdV7AwyTgR13IcVg,test_reserved,
21,7469,31597,FJpxJ8imJFs,UCBf296-OhUNfaDbtcYQ4RQQ,development,2
21,7470,31599,-TsmznpZWcU,UCx2s_sJ7YeYd078zbmEVwug,test_reserved,
21,7471,31604,M5VSB2DqcQ4,UCy-3y3BEH8dFhPsNEnO74Vg,development,5
21,7472,31607,6fHQpfup-_o,UCskNFH2e4ptFTkgeVmFPNhA,test_reserved,
21,7473,31613,yayefRv1V0g,UCOtYyt7W5PmPnwQjWWF_Z-Q,development,3
21,7474,31614,2G1TS8PMjig,UC7di5zivMKpYOmhyhZ2nVvg,test_reserved,
21,7475,31628,ok59KqW9UEM,UCYOW-Xetp4-pPn4V1h2ySGg,development,1
21,7476,31631,3HlK4o-RXOs,UCCK3OZi788Ok44K97WAhLKQ,development,2
21,7477,31634,SUAZGGqYxSM,UCuQ0Z6UmOOZ5JmsniU20Myw,test_reserved,
21,7478,31635,Wd0oGSrEVmw,UCZNreSxdvd50nzMz5zkXg4w,test_reserved,
21,7479,31636,sOAnJ-16kyE,UCfgEc6wWBbVbj8ZNQLltioA,development,2
21,7480,31638,ExtZxWRhaQw,UCckltLEhFLv8Xz_lQhYfwmg,development,1
21,7481,31644,XsQrfWBoUnE,UCckltLEhFLv8Xz_lQhYfwmg,development,1
21,7482,31664,QCmIzeESCLs,UCtZyfc8g7BwrOuPcZz08lTQ,development,2
21,7483,31674,ghdTEA361jI,UCfJxtusEDRdgxuIfeQR7r8A,test_reserved,
21,7484,31678,v7Q5w2sfvT0,UCPXSUKHTNc1_hnHuj-UiQWQ,test_reserved,
21,7485,31683,8hQk6kd507w,UCgnFSj7jQffD5V5m05j4dPw,development,5
21,7486,31684,cEIks8LMniY,UCuTgmLxqarTxuBU5ARMYUNQ,test_reserved,
21,7487,31689,iSZZ9dKFoEQ,UCgnFSj7jQffD5V5m05j4dPw,development,5
21,7488,31693,DRItosJg-7s,UCol1SzfebXhRo0ltxOJZ9cg,development,3
21,7489,31695,S9m5Lppb8RE,UCJojbxGV0sfU1QPWhRxx4-A,test_reserved,
21,7490,31698,gt5oKYwDh3c,UCOtYyt7W5PmPnwQjWWF_Z-Q,development,3
21,7491,31711,pon7_qHz5dw,UCaIc6SgS90ud_RgMSC6hW_w,development,3
21,7492,31712,Jr293QIXbE0,UC8rcDufKZ3W6CtZU69CtMXg,development,3
21,7493,31713,AJ_YnhE2lJQ,UCckltLEhFLv8Xz_lQhYfwmg,development,1
21,7494,31719,TXJ5LlIzWA0,UCckltLEhFLv8Xz_lQhYfwmg,development,1
21,7495,31720,d2vEXLJUD6Y,UCIPnCyTWcKHe-C-_mtG0GmA,development,4
21,7496,31723,TMl5p2FCU7o,UC28E5W1CJPbQxAQl9tFfzTA,development,5
21,7497,31728,8g5s4Dge3pg,UCaESx7Bdghv_UICcG1hBkcg,development,5
21,7498,31730,NLkOqDhOXCk,UC0tV1b7IFEXFUUILF7mAcWw,development,2
21,7499,31734,zo4RDkWxYx8,UCQTcNhAZidy1i9wwmdgf2Lw,development,4
21,7500,31742,9IUddttUwhA,UCaESx7Bdghv_UICcG1hBkcg,development,5
21,7501,31743,0u932PVID7A,UCcijXxFzSXgoM6q9cCtT9PA,test_reserved,
21,7502,31758,3GuMYlrHuhE,UCRDDfbYPHX_GUJ4lcQYTc8A,development,4
21,7503,31767,40Lc6IAHXBg,UCCK3OZi788Ok44K97WAhLKQ,development,2
21,7504,31768,ERNn6OkODis,UCbR7juPwtP-bV_w0840ciYQ,development,4
21,7505,31770,4WsTa8bzh_s,UCBkEIYKUPw_d06rAFuJfTVQ,development,4
21,7506,31771,NcHWmV3X6ig,UC5bP8uSDBQGh4Qn_g5QrWnw,development,5
21,7507,31772,MDtZcpZFPjs,UCbS_glb2N1NVTrDLVryRbng,development,4
21,7508,31782,-r-PvoIAvKM,UCckltLEhFLv8Xz_lQhYfwmg,development,1
21,7509,31787,4-4vvYC_i7U,UCcrsFwwoMvcXYpJ0XldIlVQ,development,3
21,7510,31790,-4BAM_dqjfE,UCUz70SsT1TZzlwEqvSCpJRA,development,3
21,7511,31791,gbrGWJXR_1U,UCZbnxyWoZa7XqECasHrR7Ww,development,5
21,7512,31799,PBMTWj_DnOA,UCYga1ycTsoZn6Y_xlrdw0iA,development,2
21,7513,31804,m678ezWsWTM,UCXDs97xqSkkV9WSXMtYvCEw,development,4
21,7514,31808,-x556i11RcU,UC1YGPDtctHGJWW0NrlQVklw,test_reserved,
21,7515,31812,nFytH4MHS6A,UCckltLEhFLv8Xz_lQhYfwmg,development,1
21,7516,31815,nmjfPZxMdWE,UCckltLEhFLv8Xz_lQhYfwmg,development,1
21,7517,31816,MifRvsIJbsQ,UC0tV1b7IFEXFUUILF7mAcWw,development,2
21,7518,31821,jrY9FNl3Hmw,UCckltLEhFLv8Xz_lQhYfwmg,development,1
21,7519,31831,3YVsoVWg5Jw,UCCK3OZi788Ok44K97WAhLKQ,development,2
21,7520,31832,iJWZbZR8njc,UCUmkuHIy9TcUhd10BCEVpIg,development,4
21,7521,31843,C3i3J8Q6aPo,UC6jQt9K_jqnBNtsRf7hXHsA,development,5
21,7522,31847,LYAa9BergRE,UCckltLEhFLv8Xz_lQhYfwmg,development,1
21,7523,31849,TtYHVfPPm8s,UCAMsRjG1ksFFUtr_RrDx6Ow,development,4
21,7524,31853,5bzxBFtPkW4,UCA5xW2Ce7KT2AtxzDYDebCA,development,5
21,7525,31856,_vONA9DjZFY,UCVfnhhDIkkBJ_1QyzCqeVDg,development,5
21,7526,31857,VYqZNYyxvJc,UCIoyIVPZEfC2p0dQwAxGiEw,development,5
21,7527,31870,UfU2EQKc2PE,UCiAYv_QAosB-49bJbu3NM3A,test_reserved,
21,7528,31872,RT7jc1qbvu0,UCxAkK6_mU-y8NownflBHl7A,development,2
21,7529,31873,FYUImGcy5Ic,UCRDDfbYPHX_GUJ4lcQYTc8A,development,4
21,7530,31879,X5QE2xoDV-0,UCU04vPeqcfzTF8opDsHbTTQ,development,1
21,7531,31887,pQZH7fuVs_g,UCtIzUW426lTNR34-GGMQvrQ,development,3
21,7532,31891,ASssmxXF41Q,UCckltLEhFLv8Xz_lQhYfwmg,development,1
21,7533,31893,j42khJJET88,UC4VkNi2RZSJyqXsFaJYfsPg,development,4
21,7534,31894,yJpjFUEx_Lk,UCwkyfeMvDrg0wjacet-bcCA,development,5
21,7535,31901,QOL8gawQ1WQ,UCbS_glb2N1NVTrDLVryRbng,development,4
21,7536,31909,i9Mv3_kvmu8,UCIahchcgnpQIfghjuVKyYWQ,development,4
21,7537,31912,3vyRR3zueE8,UCn6YTM3fvYdwCOHpdNJBOeg,development,4
21,7538,31915,ksHcrPEUWoM,UCy-3y3BEH8dFhPsNEnO74Vg,development,5
21,7539,31916,k6gbvMkTM_w,UCr5BVR_ePEz_9V-KF5rSEmQ,development,2
21,7540,31921,jvxNdVkUPo0,UCAH7R88V7gz7RqJv78nNOzg,development,3
21,7541,31931,ivPvt9Aqkb4,UCVfnhhDIkkBJ_1QyzCqeVDg,development,5
21,7542,31937,kG7CPmKrgNI,UCIKg0Ev6Vq2M7hU7bL_jHFQ,development,4
21,7543,31940,Bukw3T-wyco,UCsbPUu0F_qqCmDFVjiRva1Q,development,1
21,7544,31942,8wcbXdvFsR4,UCJA-NQ4MtcRIog66wziD8fA,development,2
21,7545,31970,mHIycZ2L_n0,UC4zvRArzwIHBnQY6FkDGMCA,development,5
21,7546,31972,ku6jItjx76w,UCXm0FsS7PXy0w5HeOkYMi7Q,development,5
21,7547,31974,f8v_VdKDyyE,UC0ZcZzDZe8x6-olaRR5-wYw,development,4
21,7548,31978,8aLSVIZIAUo,UCtz2Mog_5r1EtauBQ7veK1g,development,5
21,7549,31979,eUc4HszjBHU,UC55ZUgpS4-bUNhFtuDt4jqQ,test_reserved,
21,7550,31980,tyt0lRbyCSw,UCWeoS76MnqF8RxP-5EiQQCw,development,2
21,7551,31982,XUCMkQ2-UoQ,UCckltLEhFLv8Xz_lQhYfwmg,development,1
21,7552,31984,q2BUhmDUJ2U,UCqrqt9Egbp4Voh3iEUUoorw,test_reserved,
21,7553,31986,Lw00K6KpQcs,UC4Tu0ezWjyVMBD7lyX3EOdQ,development,5
21,7554,31987,nflH7Ghig4w,UCi4eOuqIacCVIiKfEgGh4FQ,development,4
21,7555,31991,M5XsMuOqT5c,UC4Tu0ezWjyVMBD7lyX3EOdQ,development,5
21,7556,32002,jfsCpMNM16Q,UCCK3OZi788Ok44K97WAhLKQ,development,2
21,7557,32006,tdw9HbmSQjk,UCwbOjMYW_wWRq9yw3V6OyQA,development,3
21,7558,32011,zhVGKeX9cLI,UC6MkngMDyobFNaXOZR0ukyQ,development,5
21,7559,32013,_kdv4DHoL9Y,UCag44-HADW04gc6h5u5jrcw,development,2
21,7560,32014,InjpYOpX33A,UCEvTQbWPmEx-dzZq1yV-AWA,development,5
21,7561,32017,TvRB9B7TicE,UCZNreSxdvd50nzMz5zkXg4w,test_reserved,
21,7562,32018,6UOawEAws0I,UCqrqt9Egbp4Voh3iEUUoorw,test_reserved,
21,7563,32019,FDOFiMYwWp0,UCckltLEhFLv8Xz_lQhYfwmg,development,1
21,7564,32024,1wXTFqBRPSg,UCZ15AWyHjVSCJeO23w2XeFQ,development,1
21,7565,32026,eeCxE54o_Kk,UCgnFSj7jQffD5V5m05j4dPw,development,5
21,7566,32027,xDiXyi1qAn0,UCgnFSj7jQffD5V5m05j4dPw,development,5
21,7567,32029,xH9ciNoISgE,UCUzsesaP5G628WVuqEckF8w,development,1
21,7568,32032,mPvE1neMiW0,UCckltLEhFLv8Xz_lQhYfwmg,development,1
21,7569,32041,BZrpyj6bTTk,UCJc1hbJPvG5f2v8iSPG-3CA,development,1
21,7570,32043,S1a11cz2ruQ,UCWiGjTcC95PYGw4dyZGWNNw,test_reserved,
21,7571,32045,N_MwbsZiet8,UCq5SmrhSWmp89RR1JpO2z8Q,development,4
21,7572,32047,KhBV5b3CtSU,UCrVFS_0PdV7AwyTgR13IcVg,test_reserved,
21,7573,32053,spQcmxU-GUY,UC6XsnLgVVzNkjTCpRVJ6u3w,development,2
21,7574,32055,hm4h-Kt6CVk,UCvRkl4sHIgChIFxeTlbwAGQ,development,2
21,7575,32059,O_T6rmo6eqk,UCQTcNhAZidy1i9wwmdgf2Lw,development,4
21,7576,32065,nasBZer_Pu4,UCaESx7Bdghv_UICcG1hBkcg,development,5
21,7577,32071,z_hajN0itkE,UCNSnFwvrkdgy7yoDd3M9uYQ,development,1
21,7578,32072,vpwVjj-L288,UCl4MonVoWRx3HqAh3Efw2Jg,test_reserved,
21,7579,32077,VHb532dR5Go,UCVBEe2FrVmZMGbcPX7mNxJw,development,3
21,7580,32082,IvU2ElXrS1k,UC7SpeEKCvhjtxa4VX2sHA1Q,development,1
21,7581,32087,xTBsUNEm0BU,UCrVFS_0PdV7AwyTgR13IcVg,test_reserved,
21,7582,32088,MuZOyxraDb4,UC4VkNi2RZSJyqXsFaJYfsPg,development,4
21,7583,32102,HN6wOL0ZiBw,UCAH7R88V7gz7RqJv78nNOzg,development,3
21,7584,32107,k7_JTWXhHE0,UCA5xW2Ce7KT2AtxzDYDebCA,development,5
21,7585,32113,z29VyihBm6c,UCckltLEhFLv8Xz_lQhYfwmg,development,1
21,7586,32114,uSwN3GlZk-M,UCLNz9bgiJfM3ImTtYDOt8Ew,test_reserved,
21,7587,32118,-vtiWW84fd0,UCvZ8sPFxYngz2JN3DG93fOw,development,4
21,7588,32122,q4Bi_9BGya4,UCcijXxFzSXgoM6q9cCtT9PA,test_reserved,
21,7589,32123,_ujzOFpqJiU,UCckltLEhFLv8Xz_lQhYfwmg,development,1
21,7590,32127,O8iia5Ox9_Y,UCWwo8NBrDNOb5EEZadW3iWA,test_reserved,
21,7591,32128,YTX8hF-6SRU,UC-0Mao449ypwT0j6O4Dq1kA,development,5
21,7592,32130,FcJl6Up5gMM,UCDuvyLq1ewXk3iNCrt_aF7A,development,5
21,7593,32132,BfVYupix1sE,UCoPGkvh-1AoSzh23-ROXrpw,development,3
21,7594,32137,njrRMDihSkI,UCgy5luu86OLBeugp27Tnddw,test_reserved,
21,7595,32138,eNd3FIx_TNw,UCCK3OZi788Ok44K97WAhLKQ,development,2
21,7596,32142,1nCSeR212gM,UCOHyRrRuD2zGCkpuCAlyOyA,test_reserved,
21,7597,32144,5lDospGtrcs,UCckltLEhFLv8Xz_lQhYfwmg,development,1
21,7598,32159,PEDdlo6wqkY,UCPaLywDTxz4X0KMks4GOTfQ,development,5
21,7599,32163,_m0UiXAmhG4,UCPfU0uygBGutjaaJU5PpEvg,development,2
21,7600,32165,sJnAM_LQJVk,UCCK3OZi788Ok44K97WAhLKQ,development,2
21,7601,32176,rcnbEN5_r9c,UCKBotsXrIQ4ZQlGGh-LuttQ,development,3
21,7602,32177,2v-sShgSWuo,UC1YGPDtctHGJWW0NrlQVklw,test_reserved,
21,7603,32180,oRGMXbuIZ4Q,UC1hcl0aIr9KtXA-Kiq9itqw,test_reserved,
21,7604,32183,BWVnImvMK-E,UCUWsih24MIJm0hrkWmhJkmA,development,4
21,7605,32184,kHQ6KVZrJCQ,UCc30sTBdN9LRSxEuHaXV_bQ,test_reserved,
21,7606,32197,4yckvg-XnOM,UCOtYyt7W5PmPnwQjWWF_Z-Q,development,3
21,7607,32198,mHOXkKbZCy0,UCAgBGlUKoAQFXMUzshrWDgg,development,5
21,7608,32202,4rj-HwniE3M,UCPXSUKHTNc1_hnHuj-UiQWQ,test_reserved,
21,7609,32204,ivx67ReRd5k,UCGa1_vxtCaUijKxNt0DB7aQ,development,4
21,7610,32217,1ySFvXDytuA,UC7-JGEBb4S3an5tS96rlHaQ,test_reserved,
21,7611,32218,NjGRf9tDZzg,UCckltLEhFLv8Xz_lQhYfwmg,development,1
21,7612,32222,Fk1xkRmsAnQ,UC6jQt9K_jqnBNtsRf7hXHsA,development,5
21,7613,32225,ColkLwBBqZs,UC3tvYy-s84yySG7V85jRDnA,development,4
21,7614,32229,84Q6NlA_b7I,UCCK3OZi788Ok44K97WAhLKQ,development,2
21,7615,32237,NqVwSxifnEo,UCq_8SrZXG-EB1qG8h539mcA,test_reserved,
21,7616,32239,TP-MMptCcq0,UCZpPfCxvP6T9rCkDX3tQfOw,test_reserved,
21,7617,32251,bStxU6kzGj8,UC324VVhYKykBv01GecF4aYg,development,5
21,7618,32252,20i_6NLUEZ4,UCB6jpWSG2GBgeUFfSrUgXew,development,3
21,7619,32253,962GaZUgoHI,UCf2Iar2LDcFaSCnVH1ZMUkA,development,3
21,7620,32257,ddBwSuDS8lM,UCLuP7ROjaueiuNbzrvPqXSQ,development,2
21,7621,32262,lYw5-O_8enA,UCgnFSj7jQffD5V5m05j4dPw,development,5
21,7622,32267,QsCy6GxLMk4,UCckltLEhFLv8Xz_lQhYfwmg,development,1
21,7623,32279,HA4pzUDGwII,UCOtYyt7W5PmPnwQjWWF_Z-Q,development,3
21,7624,32288,aULC3hEPWWQ,UCPXSUKHTNc1_hnHuj-UiQWQ,test_reserved,
21,7625,32289,R60iPLquldc,UCcijXxFzSXgoM6q9cCtT9PA,test_reserved,
21,7626,32298,vNxL64b4sY0,UCcrsFwwoMvcXYpJ0XldIlVQ,development,3
21,7627,32303,LwUdU1I9Ulc,UCmrLu4r89ykOzmtmbAeEklA,development,3
21,7628,32305,WcyZAreQJJo,UCkagcQYGoYFuXsUg-ObSL6A,test_reserved,
21,7629,32308,DcjA8TOnAMA,UCOtYyt7W5PmPnwQjWWF_Z-Q,development,3
21,7630,32310,BLqjzqVvfUY,UCKHgO2j1mqI5vFxJioRSPMQ,development,2
21,7631,32318,mP7C_2Fj5mg,UCOtYyt7W5PmPnwQjWWF_Z-Q,development,3
21,7632,32320,Xrfy_1izupQ,UC8byti_nmRGuF52xaPb2QIA,development,3
21,7633,32331,z-yFdmpD30A,UC7XC7hODhgmVGY8QnNS76tQ,development,1
21,7634,32337,ik-CahCawhk,UCCK3OZi788Ok44K97WAhLKQ,development,2
21,7635,32338,btwJCjhACkg,UCp_BOe2cFg9HH0FGsi9JZJg,test_reserved,
21,7636,32340,Rnl_JLHtSNk,UC_0KqdgCMvhbpYcp9JaqQRg,development,4
21,7637,32341,kVLVRTtOzeI,UCjSPtKPtRTj4b-vaT5qB20g,development,2
21,7638,32346,Cz8dg-PU2_s,UC38c_i9VoaIjDpp46l35d0w,development,4
21,7639,32352,69R4x4ILy2Y,UCmKxhMStMwZZ1gdOg1YZQug,development,2
21,7640,32354,NpA1QSpCDTE,UCOtYyt7W5PmPnwQjWWF_Z-Q,development,3
21,7641,32360,c_CwlIOA4yM,UCM3bQBUJ0PEbgfe9lAw_Y3Q,development,4
21,7642,32367,jeOWIZujbA0,UCckltLEhFLv8Xz_lQhYfwmg,development,1
21,7643,32372,443_dSsMxLU,UCUWsih24MIJm0hrkWmhJkmA,development,4
21,7644,32382,o8Og4VY1D_8,UCyatESKDOtYoUqC3zXhREzw,test_reserved,
21,7645,32383,CUiT1dWjxK4,UCGSDCIUEvUtO5wzIFtc4AgQ,development,2
21,7646,32384,UamJ0tnx528,UCUh8FFbl1BfRmzL9t4Fkykw,development,4
21,7647,32388,Afh_UASDelA,UCOtYyt7W5PmPnwQjWWF_Z-Q,development,3
21,7648,32390,ZY0ZdAedc_w,UChlTbGDLAEo8WN_qZLavi7Q,development,2
21,7649,32408,8XN_zGdkCNQ,UCEItJuaZGCe0BlGzRKruP0A,development,5
21,7650,32410,bd97cV95g8I,UCcijXxFzSXgoM6q9cCtT9PA,test_reserved,
21,7651,32427,6saV8HkizVo,UC7SpeEKCvhjtxa4VX2sHA1Q,development,1
21,7652,32433,_VbCKBSi4qo,UCCK3OZi788Ok44K97WAhLKQ,development,2
21,7653,32439,C1KT60imRkQ,UC265AWt6bbPKJcmpQwhif2A,development,1
21,7654,32449,PQ7tUkUNok4,UCV_4W6LL-Iwh0UaT_B6exQg,development,3
21,7655,32458,VMWyA6Cp4Rc,UCPXSUKHTNc1_hnHuj-UiQWQ,test_reserved,
21,7656,32462,ocqgShRRp0s,UCckltLEhFLv8Xz_lQhYfwmg,development,1
21,7657,32463,EQUW8s_DDX8,UCgnFSj7jQffD5V5m05j4dPw,development,5
21,7658,32467,RawV8U_jNy8,UCcCp0B0bypJE4EJjwq8u2lQ,development,2
21,7659,32469,CrYCln2QWfg,UCQTcNhAZidy1i9wwmdgf2Lw,development,4
21,7660,32471,bsYDkKR1kn8,UCCK3OZi788Ok44K97WAhLKQ,development,2
21,7661,32473,D09hvpcmSBU,UCQTcNhAZidy1i9wwmdgf2Lw,development,4
21,7662,32474,G9BCpUbpeIw,UCDAkUKRB1pkb-s3Gqv7FZ7A,development,4
21,7663,32482,0CjWq3KDrEQ,UCkagcQYGoYFuXsUg-ObSL6A,test_reserved,
21,7664,32483,NhYpDDtjDqc,UCCK3OZi788Ok44K97WAhLKQ,development,2
21,7665,32484,ccWwTg4COLg,UCes373iqg3EYZrnuhDWkfeA,development,1
21,7666,32485,7l98JJ26NPE,UC8MegDkaJsqK63fwbOjBLzw,development,2
21,7667,32490,tDurhm3jTbM,UCLA8Ovy_NPAwMWvr8IEDquw,development,4
21,7668,32493,a2Znjz66uaU,UCCK3OZi788Ok44K97WAhLKQ,development,2
21,7669,32497,yXOcoKh9R8k,UCMayHG7j39d11Gh36vV7GnQ,development,5
21,7670,32508,KzM1Y2C8Z0k,UCV-q7cRK5yFYEFzWuoQOmQQ,development,5
21,7671,32514,bmz_WJTERes,UC4hd4Gkr9VXuyMUvWNn1lEw,development,4
21,7672,32515,KkAzIm26MOU,UCckltLEhFLv8Xz_lQhYfwmg,development,1
21,7673,32524,sSFj1P1ii74,UCiSjgMdwgt_wYFGu2QpVtPg,test_reserved,
21,7674,32530,ZZxC7y4M4A8,UCAH7R88V7gz7RqJv78nNOzg,development,3
21,7675,32531,itvmW_PFHBA,UCaESx7Bdghv_UICcG1hBkcg,development,5
21,7676,32536,qinPU1MyJ_w,UC5p0VT3GMM-PEYL_gulNSnA,development,5
21,7677,32538,1_gODT8o-ZE,UChYAVLUGSFt5-62dOhDPyYA,development,3
21,7678,32539,6f7ajDrMuFQ,UCbMHnNSRPIKCbUKLjCKIbJQ,development,5
21,7679,32541,8VJqNK4F6uQ,UCiPqzkmX93ta8vFwMVS81oQ,development,4
21,7680,32542,K29RQTceUyU,UCOtYyt7W5PmPnwQjWWF_Z-Q,development,3
21,7681,32545,7fsxwk0Xqpo,UCaESx7Bdghv_UICcG1hBkcg,development,5
21,7682,32549,EH3TDXnTzEg,UCMQg72D9bcWjW-umvECrcAQ,test_reserved,
21,7683,32556,DlqZcTGGULM,UC1Er_ypK-cdGjc78OT6D6sQ,development,2
21,7684,32557,I02LjEQsULE,UCcijXxFzSXgoM6q9cCtT9PA,test_reserved,
21,7685,32559,2BTtpIPQOqI,UCRLApdXlS7QMsGzhodZkcWQ,test_reserved,
21,7686,32562,2bYNU_M95rc,UCa3BMXA9qcVqMtfnq7d977w,development,5
21,7687,32563,3Qds6ua1m8E,UCVOZ_y2K3fnUOmuMtnxLk1Q,development,2
21,7688,32570,pvz_JIU9uUc,UCcijXxFzSXgoM6q9cCtT9PA,test_reserved,
21,7689,32573,jmyVmNfPgIM,UCzSJmu5JS43eHAs0Ajrq5_Q,development,1
21,7690,32582,SDws_NThSfE,UCyaXn4baYP2PVJtegGVRDiw,development,1
21,7691,32583,2GExuURYoEo,UCMxeqmVKOqiqh7V_A3h4gfA,test_reserved,
21,7692,32586,D8oTX99mv5A,UCpfrIJXRqOTx2kPVsUytO4Q,development,5
21,7693,32587,f2uiXw7KVuc,UCdgWTRipbTuQsIiiPb6fB-A,development,4
21,7694,32589,KPMPS03NicM,UC-GRFwciK7JiP8T4tl0pftQ,development,3
21,7695,32591,CXu0gEmhX-Y,UCkagcQYGoYFuXsUg-ObSL6A,test_reserved,
21,7696,32600,zcRuOswZuew,UCvRkl4sHIgChIFxeTlbwAGQ,development,2
21,7697,32601,bZ9a9SOGYaw,UCckltLEhFLv8Xz_lQhYfwmg,development,1
21,7698,32602,HhcbBplx0Mo,UCOtYyt7W5PmPnwQjWWF_Z-Q,development,3
21,7699,32615,CN7hdrADPUs,UCmqflTSJ6911aCrnaWIXxsA,development,2
21,7700,32616,4skDAtPCSA8,UC7e8LFxir9MCfTAf2XQbfaA,development,4
21,7701,32622,88-HnERPYds,UCmAZwdFQyvTnrAVx5IqILgg,development,4
21,7702,32626,cvljZc_oGIY,UCLsRogzQ9bw2Efitidd0ikg,development,4
21,7703,32631,lLOUMWlqpEY,UC6aSX46078fvOY9bY9ZUTYw,development,5
21,7704,32635,AJzY3XJCz6g,UCenKxrud5MMWf6GCANWZ7tA,development,1
21,7705,32637,EoC8VR12M-c,UCQTcNhAZidy1i9wwmdgf2Lw,development,4
21,7706,32639,DHntBzOhNFQ,UCXfgx23Lw81I4wsCNhdVBgw,development,2
21,7707,32640,TwxOdQjJJXk,UCLR467wlkHhrQjVq-0bdKng,development,1
21,7708,32649,_MdpA-QtSwY,UCn0XmAUFv6d2tofMFEesSNw,development,5
21,7709,32656,0oFxh_8M3gw,UC6aSX46078fvOY9bY9ZUTYw,development,5
21,7710,32666,Bs_UBelOKyI,UCUz70SsT1TZzlwEqvSCpJRA,development,3
21,7711,32669,MeJpcHjtjeY,UCacIRbbu-hgx4sRW6tZPRoQ,test_reserved,
21,7712,32671,OiSH_DAVYkY,UCckltLEhFLv8Xz_lQhYfwmg,development,1
21,7713,32672,fTYVu4QVu8Y,UC0ZcZzDZe8x6-olaRR5-wYw,development,4
21,7714,32680,y_patGxVqHg,UCaESx7Bdghv_UICcG1hBkcg,development,5
21,7715,32683,G2s4Vc5IOQI,UCMKVkE8hcrq8XVr_GftJ_sg,development,3
21,7716,32686,u2MLLG6nFjw,UChwjz-THeefGm2mSbYB37Wg,development,2
21,7717,32692,tADy6dXKBFE,UC4Pb9SEsCb1EpsXVYAVVajw,development,2
21,7718,32697,Mnqnk1yfjIw,UC1YGPDtctHGJWW0NrlQVklw,test_reserved,
21,7719,32713,Ord3mhsut_k,UCRB8mrLCcwTPlJOMUy9MDUg,development,2
21,7720,32715,KcsTzsOAdhs,UCCK3OZi788Ok44K97WAhLKQ,development,2
21,7721,32717,TgGaswwdWNs,UCCK3OZi788Ok44K97WAhLKQ,development,2
21,7722,32718,bSiIiyoy5GY,UCbS_glb2N1NVTrDLVryRbng,development,4
21,7723,32723,JUwqNwjnfBw,UCckltLEhFLv8Xz_lQhYfwmg,development,1
21,7724,32724,R9IaEziuRi4,UCOtYyt7W5PmPnwQjWWF_Z-Q,development,3
21,7725,32729,DYxJCjoWd2A,UCckltLEhFLv8Xz_lQhYfwmg,development,1
21,7726,32736,dV38xtCggp0,UCT83ymyAGm7Gnk_4ifxjxIA,development,4
21,7727,32739,OmvD_DxAHOU,UCs57QVT92ixgjqY9DqTb_tA,development,5
21,7728,32741,e8dD8msY6TU,UCwiN6Snw81BVefYrjh3TJWw,test_reserved,
21,7729,32743,j7gnTOo64I0,UCnRozrOdQHOjmgfOobDZyUg,development,2
21,7730,32746,miFX91tPw5I,UC5HK5iZs2UB55Bum9BBbajg,development,4
21,7731,32754,t5TwGGdufOQ,UC1YGPDtctHGJWW0NrlQVklw,test_reserved,
21,7732,32755,RCblzDCRYS4,UCkM9Dn8ZcDf8U2566xTIjAg,test_reserved,
21,7733,32766,5I88Ki4Yd9k,UCAKAcMWVANp_qXgWKlXMCFA,development,3
21,7734,32767,Poc9g9LinzY,UCqrqt9Egbp4Voh3iEUUoorw,test_reserved,
21,7735,32771,pSHxldpy29I,UCckltLEhFLv8Xz_lQhYfwmg,development,1
21,7736,32776,ONyrLU4O25Y,UCOtYyt7W5PmPnwQjWWF_Z-Q,development,3
21,7737,32777,5UBT4OHhlxY,UCvZpRt_4T2NlC9111RxNBug,development,1
21,7738,32790,7hXNMiPfMvs,UCTO9f5qKoCLHF21OLaROdEA,development,4
21,7739,32794,vAkAe6Y90LE,UCZ-RBSr_ZD-jWWDgZmFyZyw,development,1
21,7740,32808,vA2ENMY4Acg,UC6TYUtPYJLIcKIf03AtMvIg,development,1
21,7741,32811,ZTgu7YgG3L0,UCAeBFsK2bmm5lkgy90uFiqw,development,4
21,7742,32818,SpQgpOZgCtg,UCJc1hbJPvG5f2v8iSPG-3CA,development,1
21,7743,32820,zhKTMSE4yvo,UCN5KMxQbOwIrbmJmsR4ojhA,development,5
21,7744,32822,RmBFKzPp7eM,UCpRnLw-i6ep13w_vh9M9k-g,test_reserved,
21,7745,32823,ahE2O-KtKEM,UC6MkngMDyobFNaXOZR0ukyQ,development,5
21,7746,32826,XhfxpWHN8RQ,UCkagcQYGoYFuXsUg-ObSL6A,test_reserved,
21,7747,32828,DC_V6XfLZVY,UCCK3OZi788Ok44K97WAhLKQ,development,2
21,7748,32830,a7dDNqphWMo,UCckltLEhFLv8Xz_lQhYfwmg,development,1
21,7749,32832,NhxX_pjmcc0,UCWwo8NBrDNOb5EEZadW3iWA,test_reserved,
21,7750,32839,Uv-O1nQg3nc,UCckltLEhFLv8Xz_lQhYfwmg,development,1
21,7751,32841,hzj-vfQPUsQ,UC8rcDufKZ3W6CtZU69CtMXg,development,3
21,7752,32843,7ycnDHD1nbs,UCgdaUnUmkHDpYCU0w2pR7Rw,development,3
21,7753,32844,d5KeuP_fw7w,UCYf829WTg8Cpx_a-cPtgSQQ,development,1
21,7754,32845,2o4SeqQMWj4,UCckltLEhFLv8Xz_lQhYfwmg,development,1
21,7755,32846,K1jNwnXihBg,UCOmviBpngMg-QGJatzw7hxg,development,5
21,7756,32847,nGunJni4TIw,UCbVw-Yr6A7L4hPi8W6zsQlw,development,3
21,7757,32850,T4PWavXiXik,UC7GLQ-HMUqx3GItKwS_5QIQ,test_reserved,
21,7758,32853,oKX1bDN1MKc,UCBunbKYZkKZubTPRQm68VaA,test_reserved,
21,7759,32864,ouHB1I5FL6w,UCM0S95h2dO5Jv9RXvvLoIew,development,2
21,7760,32867,6cmTLO8pvtU,UCvfwXFsI8J-iRMpG1SE8lgw,development,3
21,7761,32881,6jqvZNilqZA,UC265AWt6bbPKJcmpQwhif2A,development,1
21,7762,32886,g8Jzrp_X6WE,UCqrqt9Egbp4Voh3iEUUoorw,test_reserved,
21,7763,32887,Te3-lH31mSk,UCg_igEV3g4WozGAMxCMUuzQ,development,1
21,7764,32889,ouj-6_FeWF0,UCU57IJhYK4v_XCOo4khbBxA,development,3
21,7765,32891,415MncXXMUc,UCKHgO2j1mqI5vFxJioRSPMQ,development,2
21,7766,32895,ExnZrL1wIIk,UCaszdCPv2DolWB2zmTDYPEA,development,5
21,7767,32898,am3q1fXNCSE,UCm8I2aLYgPm_gdzw4SSkiGg,development,3
21,7768,32905,u_deaqeGtUg,UCcwCsuV7bOpTfqf2UvLfYmg,development,4
21,7769,32913,ZBc0ePoVOFM,UCuQ0Z6UmOOZ5JmsniU20Myw,test_reserved,
21,7770,32915,Wg_ShD4a-VI,UCKdCJ4H-bWf48svKYdaFZhQ,development,4
21,7771,32920,wvukyUCMZjY,UCbW0JAZef8g-ayzIBXicqnA,development,1
21,7772,32923,x4nrJf-wTUg,UCCK3OZi788Ok44K97WAhLKQ,development,2
21,7773,32934,ZSxc8rc12WY,UCRa20D4xOQHhrjQI_73FjhQ,test_reserved,
21,7774,32936,vNop7NxaLwg,UCcrsFwwoMvcXYpJ0XldIlVQ,development,3
21,7775,32937,nNAbzfQHpEY,UCwkyfeMvDrg0wjacet-bcCA,development,5
21,7776,32938,9Yq7G4gO4dE,UCPXSUKHTNc1_hnHuj-UiQWQ,test_reserved,
21,7777,32942,oossXPlLnrk,UCHT6F9HJ9DtLUjTOH16yg6g,test_reserved,
21,7778,32948,rkLBRVkC5hs,UCJeJFkRVgi7gT7ViTxuHHdg,development,1
21,7779,32949,mFGIv8UNbGU,UCgy5luu86OLBeugp27Tnddw,test_reserved,
21,7780,32950,tAPjXNNuz4M,UCQkPhQ-6NhA1v7Tpsp6EnKQ,development,2
21,7781,32951,n7H4g0qCNRI,UCl5xacxsAhltNGtiMktd_Sg,development,5
21,7782,32953,n6-xtQ8bY3Q,UC1YGPDtctHGJWW0NrlQVklw,test_reserved,
21,7783,32955,S63nHRVW_tE,UCkC-yhK-WnPNaNslH_LbBWQ,development,3
21,7784,32959,hpcTcAHTgbw,UCl2s_wU_NKeue51sdiP1s0g,test_reserved,
21,7785,32961,NV97ocVALjw,UCqtFS_Ap7Qh2y8cfE_20C0A,development,2
21,7786,32962,4CD9j6X8KVM,UCRDDfbYPHX_GUJ4lcQYTc8A,development,4
21,7787,32984,igTZF_HpfJI,UCAH7R88V7gz7RqJv78nNOzg,development,3
21,7788,32986,RwfCctc-nsc,UCAH7R88V7gz7RqJv78nNOzg,development,3
21,7789,32988,VgETR1xWZTI,UCNbM4dl9kN5KDpmDdAW6zOg,test_reserved,
21,7790,32993,A3zR6DO_VKU,UCDAkUKRB1pkb-s3Gqv7FZ7A,development,4
21,7791,33007,rMUWqKiFEog,UCPXSUKHTNc1_hnHuj-UiQWQ,test_reserved,
21,7792,33008,vMPIWjw1u8o,UC9SgyReu4QufMUTFhZYYEMw,development,1
21,7793,33012,knq3eEIcwSg,UCpSJ86vrKvGmV63s0AzVhUg,development,1
21,7794,33020,JvE1uiuheLk,UC265AWt6bbPKJcmpQwhif2A,development,1
21,7795,33024,n9mIYyzxexk,UCaESx7Bdghv_UICcG1hBkcg,development,5
21,7796,33029,9acNYjePIHw,UCgnFSj7jQffD5V5m05j4dPw,development,5
21,7797,33031,Oxh87k_sif0,UC0ZcZzDZe8x6-olaRR5-wYw,development,4
21,7798,33038,ipc3xgTU8Po,UC6IHfZ-Rez2LR0PH01YxL7w,development,3
21,7799,33049,nxwHrTU-FoQ,UCHrjPef58odmjGI-2rfIjZw,development,3
21,7800,33052,eYrdpuwZp5I,UCaESx7Bdghv_UICcG1hBkcg,development,5
21,7801,33061,fmw2rBqLIAA,UCql-jEixeuMcyabHRYqr-Zw,development,3
21,7802,33063,gbHYCcrZxXM,UCbS_glb2N1NVTrDLVryRbng,development,4
21,7803,33069,QiKwFy0k3rg,UC79_e04SJ3BzHpEdbmmaiVg,test_reserved,
21,7804,33071,KdRlfRhOEyw,UCbS_glb2N1NVTrDLVryRbng,development,4
21,7805,33073,wuZWSuU4A90,UCCK3OZi788Ok44K97WAhLKQ,development,2
21,7806,33074,h-6Eub4StHI,UCA5xW2Ce7KT2AtxzDYDebCA,development,5
21,7807,33075,8zXU0VkgGtU,UCcijXxFzSXgoM6q9cCtT9PA,test_reserved,
21,7808,33077,uFHQ3nUWhAk,UCOtYyt7W5PmPnwQjWWF_Z-Q,development,3
21,7809,33079,j3bGO6yOURQ,UCM19g5ow7vLXDTYx_j9Z7VQ,development,3
21,7810,33080,ccVUpINDxjs,UCPXSUKHTNc1_hnHuj-UiQWQ,test_reserved,
21,7811,33081,f6w2Z89kJKg,UCm8I2aLYgPm_gdzw4SSkiGg,development,3
21,7812,33090,2JB19Kp8xNU,UC0ZcZzDZe8x6-olaRR5-wYw,development,4
21,7813,33094,Lu48nJLDpq8,UCl5xacxsAhltNGtiMktd_Sg,development,5
21,7814,33095,7hzH1ENd92Y,UCcijXxFzSXgoM6q9cCtT9PA,test_reserved,
21,7815,33098,BvO8SxQW2EQ,UCIi-sp4cticvdmHAodPeyvw,development,1
21,7816,33099,BonTc2D18pM,UC8rcDufKZ3W6CtZU69CtMXg,development,3
21,7817,33104,oo6eDMDKVnw,UCgnFSj7jQffD5V5m05j4dPw,development,5
21,7818,33107,3WEfHB8RCTg,UCckltLEhFLv8Xz_lQhYfwmg,development,1
21,7819,33108,eHqQqjo_c9E,UCP4Z7-uWZYIQBclex8M086A,development,3
21,7820,33117,dWkqGybzcIs,UCckltLEhFLv8Xz_lQhYfwmg,development,1
21,7821,33119,Li14nipIv04,UCVT0oyk43r5fTjf6NBwnzmg,development,3
21,7822,33134,m2-fp-DYjmY,UCpfrIJXRqOTx2kPVsUytO4Q,development,5
21,7823,33136,S4jNKNVPr0M,UCJkx-61Ysti3AzfwmdgtyKg,test_reserved,
21,7824,33137,A_RLrTzB70g,UCcijXxFzSXgoM6q9cCtT9PA,test_reserved,
21,7825,33144,_gGV5JvTIR4,UCVmBgx4kaIsOtMR1jK9AeAg,development,3
21,7826,33145,jOE9ITzFbR0,UC3tvYy-s84yySG7V85jRDnA,development,4
21,7827,33146,_SQUeLm02Jg,UCCK3OZi788Ok44K97WAhLKQ,development,2
21,7828,33147,qj7KSAZvgjY,UCMxeqmVKOqiqh7V_A3h4gfA,test_reserved,
21,7829,33150,xcCEjlrSmBc,UCckltLEhFLv8Xz_lQhYfwmg,development,1
21,7830,33152,oLdkQMA0YBE,UCdFAl3bZf7bi7A5HX7USKzg,development,2
21,7831,33154,fipAjsb2L2U,UCqrqt9Egbp4Voh3iEUUoorw,test_reserved,
21,7832,33158,7rXVLXkaYTw,UCmGMChEd9jBucufrWcpk3Ew,development,5
21,7833,33161,I-RrPZWguXY,UCgooj1ufFuOk6GD2jq8CbdQ,development,1
21,7834,33164,wqIGvSMtw14,UCckltLEhFLv8Xz_lQhYfwmg,development,1
21,7835,33165,jlxIA0VV7IU,UCaESx7Bdghv_UICcG1hBkcg,development,5
21,7836,33166,DbiXSyCG3p4,UCK5iLQ5REdVC528f8tyicsQ,test_reserved,
21,7837,33174,_m2GPROmFrg,UCCK3OZi788Ok44K97WAhLKQ,development,2
21,7838,33182,Jp2WupS2HZc,UCf2Iar2LDcFaSCnVH1ZMUkA,development,3
21,7839,33183,SJdVkoPJWsU,UCcwCsuV7bOpTfqf2UvLfYmg,development,4
21,7840,33187,68C0RV8EJBo,UCwRAPq0zLdVsb440xKGBx2w,test_reserved,
21,7841,33197,tuqSYmZBCO4,UCmLefvOWUhvzrk0ToJbK2AA,test_reserved,
21,7842,33199,JjvqgNIQzek,UC265AWt6bbPKJcmpQwhif2A,development,1
21,7843,33204,6f2PEoa39jE,UCmwIKQQjwpjNT8OQ_VZuRfg,test_reserved,
21,7844,33205,EejbW6B2xE0,UCuEwrmIOrOpKWtoy2GjgHkw,development,5
21,7845,33209,yE4-ksysp2Y,UC0BvqvVDn_LtckO6kLIl8BQ,development,3
21,7846,33211,GxXoL53eQqE,UCcijXxFzSXgoM6q9cCtT9PA,test_reserved,
21,7847,33216,Qixxaqng-Fw,UCckltLEhFLv8Xz_lQhYfwmg,development,1
21,7848,33217,pOE4SyEpzIs,UCckltLEhFLv8Xz_lQhYfwmg,development,1
21,7849,33220,OpDIukQ_7zE,UCckltLEhFLv8Xz_lQhYfwmg,development,1
21,7850,33225,kxslh6ly6l8,UCl5xacxsAhltNGtiMktd_Sg,development,5
21,7851,33226,wz9OZjTYzE0,UCPZ5BVdQNI36_gBwBLhPUiQ,test_reserved,
21,7852,33230,4xBtkquve8U,UCyaXn4baYP2PVJtegGVRDiw,development,1
21,7853,33236,SVm0cckW0FY,UCckltLEhFLv8Xz_lQhYfwmg,development,1
21,7854,33248,fwiJrwAkqpU,UCbS_glb2N1NVTrDLVryRbng,development,4
21,7855,33253,GS9-xwSDnnY,UCnT7Z6-yqjhM__jZbK_B3kw,development,4
21,7856,33264,L4LNedgAca8,UC33WYr7nngdWtU8Sb6mf7aA,development,4
21,7857,33266,RUtNOpRiBwI,UCC1CRsAX-lBtVVacMUzGm_A,development,1
21,7858,33267,39YCMtF3_TM,UC8a89-tnN8wKeI1Xm4-5wqw,development,1
21,7859,33278,y1cy5HUm7as,UCMKVkE8hcrq8XVr_GftJ_sg,development,3
21,7860,33280,afsf0TF4sCk,UCZ-RBSr_ZD-jWWDgZmFyZyw,development,1
21,7861,33289,vqIF3t4CqhI,UCr5BVR_ePEz_9V-KF5rSEmQ,development,2
21,7862,33291,e88L3y4MVNA,UCtZyfc8g7BwrOuPcZz08lTQ,development,2
21,7863,33295,8ckUUyaDMV4,UCckltLEhFLv8Xz_lQhYfwmg,development,1
21,7864,33296,jDDKx2g0r3s,UCRDDfbYPHX_GUJ4lcQYTc8A,development,4
21,7865,33299,iarwwKdY3Sw,UCcijXxFzSXgoM6q9cCtT9PA,test_reserved,
21,7866,33303,xmkiN97mB5A,UCckltLEhFLv8Xz_lQhYfwmg,development,1
21,7867,33304,VQjcrhjH89o,UCYk97F4sCu3hEWp6YEH-Dow,development,2
21,7868,33307,qWNh6fgy_f0,UC1YGPDtctHGJWW0NrlQVklw,test_reserved,
21,7869,33323,GcI_0H5UTI4,UCO1V4cx38VioEk7rA_zNhYQ,development,1
21,7870,33326,YzwoZHni1hs,UCRDDfbYPHX_GUJ4lcQYTc8A,development,4
21,7871,33327,CtagSo-Ydtw,UCc30sTBdN9LRSxEuHaXV_bQ,test_reserved,
21,7872,33336,6uIeDwlEFJQ,UC8rcDufKZ3W6CtZU69CtMXg,development,3
21,7873,33344,9eFXNdeGg3w,UCK71gEn4lLLToHx50jwMyNg,development,5
21,7874,33345,wWZnfrS7iRk,UCckltLEhFLv8Xz_lQhYfwmg,development,1
21,7875,33358,g0Ry3k2gwXA,UCfctDMDRq0cS1N8ddyvLfAg,development,5
21,7876,33360,ZOdvgbmfppM,UCNckXAcrwqCXYVLJrnCuQFA,development,1
21,7877,33361,QNHGH3tUBt4,UCbS_glb2N1NVTrDLVryRbng,development,4
21,7878,33362,X8CqbYqvGZA,UCx2bxQGDuQgYPJPYFmIthnA,development,4
21,7879,33363,U3IPwTmOuE4,UCDqy-V3qY-xtSmiRHlZIWWQ,development,5
21,7880,33368,q9EZcDmDauo,UCG0j1mTQov3RVBgLgh6wbKg,development,2
21,7881,33370,llsNqsJ5E9M,UCCXHDSRJKfNBLNJmIegx8Lw,test_reserved,
21,7882,33372,lI_GFYgSILk,UCAH7R88V7gz7RqJv78nNOzg,development,3
21,7883,33374,b9GkUlrF1Uk,UCEuz_HGv5er0LZsztjO4g5Q,test_reserved,
21,7884,33377,LJN6ZTIA2GM,UCcwCsuV7bOpTfqf2UvLfYmg,development,4
21,7885,33380,QVDoT0riGQI,UCbXOp0vy6lljqmeaY6k4PjA,development,2
21,7886,33381,zjznmbz286Q,UCYweMykEAI5aaRztqrJuuAg,development,5
21,7887,33384,VJG06_oiGXM,UCckltLEhFLv8Xz_lQhYfwmg,development,1
21,7888,33388,mVkdGCBnqjg,UC3Wr3B8vZyMuPK1XExr5Npg,development,4
21,7889,33394,uxLnywNIgNc,UCTOTiK1a37iiSQJXbe149Cg,test_reserved,
21,7890,33395,FKMT99I5NJ8,UCmrLu4r89ykOzmtmbAeEklA,development,3
21,7891,33403,pFyPUhh6ngY,UC2_iwCecXLNqTWv-_QcffRw,development,1
21,7892,33410,o7oBI1F2Tnk,UC1UXGTUVCRr_viauBj_T5sQ,development,5
21,7893,33412,734tu0pHhEY,UCckltLEhFLv8Xz_lQhYfwmg,development,1
21,7894,33416,5heQShPSPRA,UC0ZcZzDZe8x6-olaRR5-wYw,development,4
21,7895,33433,K6CC51eRU9U,UCUYXSaH7gW9DGZHItFsvJ_A,development,4
21,7896,33435,eBuLfEAYFP0,UCbS_glb2N1NVTrDLVryRbng,development,4
21,7897,33437,Rw5fYhuFfxk,UC12Go-EQ4E8Rjcj3nzVlzIA,development,3
21,7898,33438,Uq9UTq1uJqI,UCtIzUW426lTNR34-GGMQvrQ,development,3
21,7899,33440,0PXpHIFjQy8,UC324VVhYKykBv01GecF4aYg,development,5
21,7900,33441,i3clQ4tzTGU,UC-4FUBrbjpCCoNGqHh6X5og,development,4
21,7901,33442,xUm1c0qPpho,UC1YGPDtctHGJWW0NrlQVklw,test_reserved,
21,7902,33445,m2F8eHOuJbs,UCu2FGHwwB3OKeDtjsVETgLA,test_reserved,
21,7903,33446,XgaSYo0Fjuc,UCoz7UhbfPFJyljIIV2saR7A,test_reserved,
21,7904,33447,7gwqW_RTnR4,UC0tV1b7IFEXFUUILF7mAcWw,development,2
21,7905,33450,atOyY4YfNfc,UCckltLEhFLv8Xz_lQhYfwmg,development,1
21,7906,33453,1QAGwWnqZqQ,UCbXOp0vy6lljqmeaY6k4PjA,development,2
21,7907,33461,vg8qOXgiu1M,UCckltLEhFLv8Xz_lQhYfwmg,development,1
21,7908,33465,282-2iOjd58,UCDqy-V3qY-xtSmiRHlZIWWQ,development,5
21,7909,33466,WwNu9PJrbAQ,UCPXSUKHTNc1_hnHuj-UiQWQ,test_reserved,
21,7910,33468,-8kel7V4qe8,UCiP6DUi_wjUMfc4bo0yIusQ,development,1
21,7911,33469,Q2Vw_SDMtkY,UCdZRFHIhq7TpUNSLXRlt7rQ,test_reserved,
21,7912,33473,O0d29LUw5xQ,UCNegsuGc742ezJnIYrzKgBQ,development,5
21,7913,33475,ksQukQjJnIk,UCNckXAcrwqCXYVLJrnCuQFA,development,1
21,7914,33476,-toXG6IKtB4,UCZ6MS5ygBzz25PnSMaAw8PA,development,5
21,7915,33477,zAn2OnqxhDE,UCn6YTM3fvYdwCOHpdNJBOeg,development,4
21,7916,33478,3XGnURAJ71E,UC2v4JoyE3CHejL5sNbBdTqA,development,5
21,7917,33484,OeScdY9BK1c,UCwsNWoSlQUyeWgbVQYZtLOA,development,3
21,7918,33495,jPlwfXj5k90,UC0ZcZzDZe8x6-olaRR5-wYw,development,4
21,7919,33496,_2V2IxXjoI4,UCCK3OZi788Ok44K97WAhLKQ,development,2
21,7920,33498,YirvTFfxNIE,UCs_mHlm5_C82W5WCIJaSMbQ,development,3
21,7921,33501,wiXVOIlxb-U,UCOtYyt7W5PmPnwQjWWF_Z-Q,development,3
21,7922,33502,a6_iG4UNBf0,UCbS_glb2N1NVTrDLVryRbng,development,4
21,7923,33507,EdjGXxHYWVg,UCCK3OZi788Ok44K97WAhLKQ,development,2
21,7924,33508,w_B0Xxwt4E8,UCgooj1ufFuOk6GD2jq8CbdQ,development,1
21,7925,33511,Qjs2iqM1B50,UC-GRFwciK7JiP8T4tl0pftQ,development,3
21,7926,33513,vu-Mg48IYdY,UCmqflTSJ6911aCrnaWIXxsA,development,2
21,7927,33516,Dp39lR_rH3g,UCiAYv_QAosB-49bJbu3NM3A,test_reserved,
21,7928,33519,69KGu05x9qI,UCZhOI6uSPZKDNMpRHePdvow,development,5
21,7929,33521,d53nkwrNdTQ,UCVfnhhDIkkBJ_1QyzCqeVDg,development,5
21,7930,33522,n6c4IDKNbEM,UCKkRSuLQBs2oErUCgivn8mw,development,4
21,7931,33524,E359E7FiOl4,UCEQrXk9S_wxT6fz7Iy7PI5Q,development,1
21,7932,33530,w083oiEQ9vQ,UCcg4tDKgPLIc_x3lhWdogLg,development,3
21,7933,33534,Ol237dLCKvo,UCckltLEhFLv8Xz_lQhYfwmg,development,1
21,7934,33536,VRxp6osvxFo,UCmKxhMStMwZZ1gdOg1YZQug,development,2
21,7935,33541,IDR6rY-DxsI,UCCQ3mUIQTv2Snhw5Os0Yo5Q,development,3
21,7936,33542,Rr4BGxGKzpY,UC5-n2dfksESEt3ATmM6Uujw,development,4
21,7937,33546,KyZs37VPtpQ,UCckltLEhFLv8Xz_lQhYfwmg,development,1
21,7938,33550,gsWU3WXd0aQ,UCQTcNhAZidy1i9wwmdgf2Lw,development,4
21,7939,33551,zdzZX0HyZCo,UCWBGcCHKv85MuFwgax4oc9w,development,2
21,7940,33552,aW1OHAqcDuE,UCTlVnv2IrpdHPiB4PeaH6Lw,development,2
21,7941,33554,lroFmAOztIQ,UC0tV1b7IFEXFUUILF7mAcWw,development,2
21,7942,33555,27GWETTMAig,UCqrqt9Egbp4Voh3iEUUoorw,test_reserved,
21,7943,33557,LwGPQ84_ab8,UCKA7SQOUkD1_z5lr016Q70w,development,1
21,7944,33566,IPxEdk1x-r0,UCCK3OZi788Ok44K97WAhLKQ,development,2
21,7945,33569,DB64KjV0hFs,UCAeBFsK2bmm5lkgy90uFiqw,development,4
21,7946,33573,eWhlT0NYee0,UCtmKeT1zqxvWPGCR0I-6hiQ,test_reserved,
21,7947,33582,Hf8BlKyMdzQ,UC8rcDufKZ3W6CtZU69CtMXg,development,3
21,7948,33583,sBkGQ1Uez7w,UCskNFH2e4ptFTkgeVmFPNhA,test_reserved,
21,7949,33588,6-tXas6pu3A,UCQTcNhAZidy1i9wwmdgf2Lw,development,4
21,7950,33593,q_HmC-8fpIk,UCol1SzfebXhRo0ltxOJZ9cg,development,3
21,7951,33595,7BfAsZjDbN8,UCPXSUKHTNc1_hnHuj-UiQWQ,test_reserved,
21,7952,33598,9hqPaytXSXs,UCckltLEhFLv8Xz_lQhYfwmg,development,1
21,7953,33600,i-wGALrX2qY,UCbS_glb2N1NVTrDLVryRbng,development,4
21,7954,33608,RVD7c7mDIAQ,UCAz-peNBHr6_KTtl0sPBavg,development,5
21,7955,33611,uthaNIgz3kk,UCOtYyt7W5PmPnwQjWWF_Z-Q,development,3
21,7956,33612,6VANi8D4xdI,UCxPYVvthidICJb75llNXktg,development,1
21,7957,33614,btP4mz4PLwM,UCMKVkE8hcrq8XVr_GftJ_sg,development,3
21,7958,33617,ZmuP-o95nzI,UCu3jIK2NBSXc0_YaFqEuIrg,test_reserved,
21,7959,33620,daJlXialYvw,UC91DBjbGDIfxhi-R0rWQkaQ,development,5
21,7960,33627,83RBblM0KFM,UCckltLEhFLv8Xz_lQhYfwmg,development,1
21,7961,33634,ozcLw9st3mg,UCRDDfbYPHX_GUJ4lcQYTc8A,development,4
21,7962,33647,Ds7A-5lHsAA,UCcrsFwwoMvcXYpJ0XldIlVQ,development,3
21,7963,33652,HlZIJsaa7-w,UCaESx7Bdghv_UICcG1hBkcg,development,5
21,7964,33654,oq8fN6IUMsY,UCUYXSaH7gW9DGZHItFsvJ_A,development,4
21,7965,33657,qoq3_KBRAAY,UCyaIoiqUyGoO7u6jIZm3h6Q,development,3
21,7966,33659,bnqD9ZBLf1c,UCuTgmLxqarTxuBU5ARMYUNQ,test_reserved,
21,7967,33671,jNT7HTzDDrk,UC1hcl0aIr9KtXA-Kiq9itqw,test_reserved,
21,7968,33675,KaObKv-J8mI,UClUhXcSQ8t0mvGY6PhwHRPw,development,5
21,7969,33676,vK6AMzBGJGY,UCqrqt9Egbp4Voh3iEUUoorw,test_reserved,
21,7970,33691,kK1Pbd_oyjw,UCbR7juPwtP-bV_w0840ciYQ,development,4
21,7971,33701,-lE3y6RlpAU,UCTlVnv2IrpdHPiB4PeaH6Lw,development,2
21,7972,33705,bcN6FcYeOxA,UCGOZzcgKkmC3_azdWQFubIQ,development,5
21,7973,33707,RayQUczm9hM,UCn0XmAUFv6d2tofMFEesSNw,development,5
21,7974,33708,J90TQKxmDx8,UCeA0YDYhED5x7n3udzVNlpA,development,1
21,7975,33711,MHuZNoH8wJk,UCcg4tDKgPLIc_x3lhWdogLg,development,3
21,7976,33713,3VgCB22nJJ0,UCbS_glb2N1NVTrDLVryRbng,development,4
21,7977,33716,U72jLt7goPw,UCbS_glb2N1NVTrDLVryRbng,development,4
21,7978,33726,Hk8C9q6I4H8,UCn0XmAUFv6d2tofMFEesSNw,development,5
21,7979,33730,lDapyoIF_gc,UC324VVhYKykBv01GecF4aYg,development,5
21,7980,33731,Mm2DLjdi3CI,UCCK3OZi788Ok44K97WAhLKQ,development,2
21,7981,33738,o2lXYp5Z8s4,UC8MegDkaJsqK63fwbOjBLzw,development,2
21,7982,33744,G7jbKS0jPLo,UCCK3OZi788Ok44K97WAhLKQ,development,2
21,7983,33747,Ko1nk1iTg1Y,UCM3bQBUJ0PEbgfe9lAw_Y3Q,development,4
21,7984,33755,oNAp-Xd3HtU,UCl2s_wU_NKeue51sdiP1s0g,test_reserved,
21,7985,33760,xhWBpiE6i6w,UCoNaQS6wefjNVFkwvxrzAYw,development,4
21,7986,33762,15VN9TYiqwM,UCSkEzdQcGt4IexzoQhQO81w,development,3
21,7987,33764,p2fpjZ1UTOY,UCNckXAcrwqCXYVLJrnCuQFA,development,1
21,7988,33766,lGdkQmh0xcA,UCuFZRnnDPMiwvyJVHhNP6og,development,5
21,7989,33774,MalWn9CybXk,UCB3pmaew5i2Sp9LJe03BU8g,development,5
21,7990,33779,2xCMdl7VRLw,UC0tV1b7IFEXFUUILF7mAcWw,development,2
21,7991,33784,soIGE3pXK0k,UCsU0TSt6Jm_yLlTkZS-FvUw,test_reserved,
21,7992,33790,8qyavrwE__M,UCdotiSNtLlS4qwDto9CdURA,development,2
21,7993,33794,JVfyOWt9knc,UCbS_glb2N1NVTrDLVryRbng,development,4
21,7994,33819,J-AMN__FyUk,UCckltLEhFLv8Xz_lQhYfwmg,development,1
21,7995,33821,v2qJfvoNRt4,UCu3jIK2NBSXc0_YaFqEuIrg,test_reserved,
21,7996,33824,5iT_5_N0lYI,UCgnFSj7jQffD5V5m05j4dPw,development,5
21,7997,33825,sPag08ff9h0,UCAH7R88V7gz7RqJv78nNOzg,development,3
21,7998,33830,itGkI3fRmPw,UC71UUwCRqrYXgtTFZnFkUsQ,development,4
21,7999,33832,T6JfX0sf5q4,UCGwNjr4N0uUvqD8MopqsfyA,development,5
21,8000,33845,rsOpu7HbVH0,UCJA-NQ4MtcRIog66wziD8fA,development,2
21,8001,33846,tWIqMLwsMOc,UC2GNitBc9qBFZd0329eYOPg,test_reserved,
21,8002,33848,O8DokpWoXbM,UCAz-peNBHr6_KTtl0sPBavg,development,5
21,8003,33850,J5xtE7ZWjAg,UCA4N4qep0RLPt94J_4SC8pw,development,2
21,8004,33852,-n0sBC2-glk,UCZG9GCS1vbvb_BF5Sh43abw,test_reserved,
21,8005,33861,C03ggn64AwA,UCRDDfbYPHX_GUJ4lcQYTc8A,development,4
21,8006,33864,h1R84wMJnXM,UCReF_78PPPdU7kKodNtBwMg,development,3
21,8007,33870,-J0ZZzHO9CM,UCaESx7Bdghv_UICcG1hBkcg,development,5
21,8008,33871,-HD9z9uDBZE,UCOtYyt7W5PmPnwQjWWF_Z-Q,development,3
21,8009,33873,u4L_QGMKGsE,UCgoCbMJ4JnH0q40GofKZxVg,development,2
21,8010,33875,Z8xzF5PlfTI,UCNnL7JQhtBvNZWn9Cg13i2Q,development,2
21,8011,33877,tx_HoggHd6Q,UCVfnhhDIkkBJ_1QyzCqeVDg,development,5
21,8012,33884,owSQIU49tcM,UCCK3OZi788Ok44K97WAhLKQ,development,2
21,8013,33891,HXAENgf62KA,UC6aSX46078fvOY9bY9ZUTYw,development,5
21,8014,33913,0v_EUauj5fg,UCgnFSj7jQffD5V5m05j4dPw,development,5
21,8015,33915,GeUdKFYU9mU,UCckltLEhFLv8Xz_lQhYfwmg,development,1
21,8016,33919,QzWtdWUXg3k,UCbRbdFTihZZCq8r5-bQa0sA,development,2
21,8017,33920,WJlgBomlO54,UCckltLEhFLv8Xz_lQhYfwmg,development,1
21,8018,33925,Xo8bwzAFhSw,UCc8W1zUTmtNqXIhOHxPIAuw,development,5
21,8019,33937,XyhxdDpDDc0,UCCK3OZi788Ok44K97WAhLKQ,development,2
21,8020,33938,sxt4-Ey3e1A,UCHT6F9HJ9DtLUjTOH16yg6g,test_reserved,
21,8021,33939,RDOgvfrLZPc,UCCK3OZi788Ok44K97WAhLKQ,development,2
21,8022,33940,BOo2vHQSAuk,UCBsrUim15y-s6PfMISCR38A,development,2
21,8023,33945,TiaSZrhEqgM,UC9iEv8PqeHuC3ZVt0QqN-pQ,test_reserved,
21,8024,33952,PcXsZw3w46A,UCckltLEhFLv8Xz_lQhYfwmg,development,1
21,8025,33953,Qy3xOU8Rjr0,UCO-YacZb_Muitqu50KGaFig,development,1
21,8026,33954,RyLFyemA5G8,UCn0XmAUFv6d2tofMFEesSNw,development,5
21,8027,33956,VyQEdLGf_6E,UCQTcNhAZidy1i9wwmdgf2Lw,development,4
21,8028,33957,YA6wq-0WAJc,UCCK3OZi788Ok44K97WAhLKQ,development,2
21,8029,33958,eLVU13vEl-o,UCA5xW2Ce7KT2AtxzDYDebCA,development,5
21,8030,33960,vDNlU7QYpD4,UCckltLEhFLv8Xz_lQhYfwmg,development,1
21,8031,33962,yCLAjVLaWbc,UCdgWTRipbTuQsIiiPb6fB-A,development,4
21,8032,33963,0gF2V51fRKs,UCnqTWrNbHl4SvL60MCE693Q,development,1
21,8033,33966,0zLmWgmjG2Y,UCckltLEhFLv8Xz_lQhYfwmg,development,1
21,8034,33967,3AElOMXk5lo,UCzNxbzqN0to4GNb9otFuGJQ,development,4
21,8035,33971,4bwwttm7e2o,UCgnFSj7jQffD5V5m05j4dPw,development,5
21,8036,33975,UAOH2hBf0iU,UCOtYyt7W5PmPnwQjWWF_Z-Q,development,3
21,8037,33980,UVf5Q8zQueQ,UC5-n2dfksESEt3ATmM6Uujw,development,4
21,8038,33982,h4GoXvFrxwo,UCiAYv_QAosB-49bJbu3NM3A,test_reserved,
21,8039,33987,TrJCZktnuOc,UCa79Dm6QBH4i8PAmTrfQPXQ,development,4
21,8040,33988,zHovQDaujOA,UCcrsFwwoMvcXYpJ0XldIlVQ,development,3
21,8041,33991,ZjyB-lo-qg8,UCTlVnv2IrpdHPiB4PeaH6Lw,development,2
21,8042,33994,9AWV_pJrJ7s,UC2sO_F_Ky4LIAUtSJYXqBDA,test_reserved,
21,8043,34003,7babOIxmCqw,UCCK3OZi788Ok44K97WAhLKQ,development,2
21,8044,34006,gStORAYmvlY,UCcpu5rsbhRZrOQciyNw-trQ,development,5
21,8045,34008,XRp6BgHI848,UCix7C1KG_SPtiMXommMExNg,development,4
21,8046,34010,iliHvdQfqCY,UCOlHu4DBJ6q8cE1oLW1bNJw,development,2
21,8047,34017,xuSWILX0nQk,UCKHgO2j1mqI5vFxJioRSPMQ,development,2
21,8048,34018,_nzbT5bIfrU,UCbS_glb2N1NVTrDLVryRbng,development,4
21,8049,34019,iePIbZfgOYM,UC0tV1b7IFEXFUUILF7mAcWw,development,2
21,8050,34027,bp9NGrhPrNw,UCCK3OZi788Ok44K97WAhLKQ,development,2
21,8051,34030,a-eoip31tMk,UCCK3OZi788Ok44K97WAhLKQ,development,2
21,8052,34033,Wm01y17dfTw,UCvcVb1fcd-asMSL6-CeOgNw,development,4
21,8053,34034,Q-x23zkDySw,UCZv4N9cT2yGAbOgEGZ_cseQ,development,4
21,8054,34038,CYZSfMQRnB8,UC2sO_F_Ky4LIAUtSJYXqBDA,test_reserved,
21,8055,34039,a-sztxcQJ3M,UCa-j6Qg6SoOJY2fIisy3YRA,development,3
21,8056,34046,mpinrMsO8VI,UCcrsFwwoMvcXYpJ0XldIlVQ,development,3
21,8057,34048,INKQB99NC_E,UCUz70SsT1TZzlwEqvSCpJRA,development,3
21,8058,34049,GSACWQDJ72k,UCPXSUKHTNc1_hnHuj-UiQWQ,test_reserved,
21,8059,34051,G8I9BGra8vw,UCAH7R88V7gz7RqJv78nNOzg,development,3
21,8060,34058,LZJXyB0_Fbo,UCckltLEhFLv8Xz_lQhYfwmg,development,1
21,8061,34063,H9ToPPXU1e0,UCIKg0Ev6Vq2M7hU7bL_jHFQ,development,4
21,8062,34066,MhIynMEKxh8,UCt85p_UTIuhPLZBuZbfciNQ,development,1
21,8063,34067,8igRmLoaE78,UCCK3OZi788Ok44K97WAhLKQ,development,2
21,8064,34071,i4DeBhabstM,UCLA8Ovy_NPAwMWvr8IEDquw,development,4
21,8065,34078,b5Qq2BUpdBk,UCYNtjJyosDXPToT3MdOzf1w,test_reserved,
21,8066,34081,_TsM3VoPo5Y,UCA5xW2Ce7KT2AtxzDYDebCA,development,5
21,8067,34088,n1AXvGRFD48,UCJdECtKPBRctVQG_5ZH4QhQ,development,5
21,8068,34091,UW-cXtqwWkU,UCcijXxFzSXgoM6q9cCtT9PA,test_reserved,
21,8069,34095,ByroIr6k6Wg,UCCK3OZi788Ok44K97WAhLKQ,development,2
21,8070,34096,EAy_QO2nacQ,UC-GRFwciK7JiP8T4tl0pftQ,development,3
21,8071,34097,8Ro4GBDmMk8,UCPXSUKHTNc1_hnHuj-UiQWQ,test_reserved,
21,8072,34106,Hnqhn-kucjo,UCBsrUim15y-s6PfMISCR38A,development,2
21,8073,34110,TMa_WLe0fuY,UCol1SzfebXhRo0ltxOJZ9cg,development,3
21,8074,34124,hiFN4bic65s,UC-GRFwciK7JiP8T4tl0pftQ,development,3
21,8075,34135,XIOSQx_sDL8,UC12K2QZlfWLq_8FmZfB23Yw,development,3
21,8076,34140,_ePnTdE6z7c,UC6jQt9K_jqnBNtsRf7hXHsA,development,5
21,8077,34143,M43eF_dJ71Q,UCQNgAoq_8JvzI5buAqhgL_A,development,3
21,8078,34152,jvMU5ifHOVY,UCcwCsuV7bOpTfqf2UvLfYmg,development,4
21,8079,34160,zZcDqVIgIC4,UCkD2Gixzde52jx1XspNvrBw,test_reserved,
21,8080,34163,IMoYyefLBrk,UCKIAuvwMPOv0uVrGdGS2V7w,development,2
21,8081,34165,-yEKvpwHrC8,UC0duLcyQT9tghWHfexjuTxQ,development,2
21,8082,34168,ccp2T7FCkO0,UC8qBNfgWRK_WYYGSmmrfgPA,test_reserved,
21,8083,34177,hMgDLZyKXTs,UCRHYFnWL0aYTQ9qmvfZnUxg,test_reserved,
21,8084,34179,6qMOAbpXPSk,UCctwRj5yOB7cFYPc8z_rZSw,development,4
21,8085,34181,JtTufs3FgVQ,UCgnFSj7jQffD5V5m05j4dPw,development,5
21,8086,34186,3G828okC254,UCIKg0Ev6Vq2M7hU7bL_jHFQ,development,4
21,8087,34191,mS0mQk--S-4,UCjm7vbOwssao7Bhm9wX3-bw,development,5
21,8088,34195,rNS2BygrTsA,UCaESx7Bdghv_UICcG1hBkcg,development,5
21,8089,34198,YyE_qh7U0PE,UC2b5VAYjsOfepl9nAXgRmfQ,development,4
21,8090,34201,Fac2rm3vB98,UCVjyzr_EOtJLtLF_3VKfrWQ,development,4
21,8091,34203,tXAjuSPQyGM,UC8lKgUHo-2mSR5cRRXO9xow,development,3
21,8092,34206,XWqgJqy-wQs,UCsCp9NfFhRhL6DvDjWtAweg,development,1
21,8093,34207,QroNdXRrPwc,UCZw-8vhDi8SvEjHgHI4WTMw,development,3
21,8094,34214,N3s67rq2tOs,UCQTcNhAZidy1i9wwmdgf2Lw,development,4
21,8095,34220,WbWP5dKq7uc,UCaESx7Bdghv_UICcG1hBkcg,development,5
21,8096,34221,XELbutDTXyc,UC2RlY2LHoGOoaU8qRI9sZ9g,development,1
21,8097,34222,NRSgR6AX55Q,UCrbE4N-InR83YqBZtOmGKug,development,1
21,8098,34223,wHCdkK81Puk,UCz5VldG-q50ldO8dU7qio4g,development,5
21,8099,34228,D9Epzg7gPo0,UCaCnmd0sVADrw8228hCBnlA,development,3
21,8100,34229,2JFrWYT8PaM,UCckltLEhFLv8Xz_lQhYfwmg,development,1
21,8101,34230,gUYQciL0_gA,UCZ-RBSr_ZD-jWWDgZmFyZyw,development,1
21,8102,34232,27Mcd8Cxgfw,UCQxYcvX5hnGJvuTFzKng-Vg,test_reserved,
21,8103,34235,EtwLtzyPLV0,UC0tV1b7IFEXFUUILF7mAcWw,development,2
21,8104,34239,CE3ErfKrAms,UCnT7Z6-yqjhM__jZbK_B3kw,development,4
21,8105,34250,j--xFAIbUXY,UCOtYyt7W5PmPnwQjWWF_Z-Q,development,3
21,8106,34254,7D3vAj0Gr2M,UCf48pki8AqjBHuV80LcC7kA,development,5
21,8107,34262,VQjKB5xwgPM,UCpLKG1DOxI_wscj2qOP9MHg,test_reserved,
21,8108,34263,4kNtZ7urbww,UCf2Iar2LDcFaSCnVH1ZMUkA,development,3
21,8109,34268,Mpfgv8BjMnQ,UCzO0Ody4SmI_XFRrXW848eA,test_reserved,
21,8110,34279,gNklvh_IKq8,UCzTvNyQqdAOigD6ZzhNKyPQ,development,2
21,8111,34281,D7spphoXk7U,UCjYAhUnrkBujtKI3j3LM2uA,development,3
21,8112,34284,MLZc_4Z_WDo,UCIKg0Ev6Vq2M7hU7bL_jHFQ,development,4
21,8113,34286,dL_uDJbTlFo,UCcwCsuV7bOpTfqf2UvLfYmg,development,4
21,8114,34287,x_dOFfxF9gs,UCR_X7zQO_e7lB2BhlxtfIoA,development,4
21,8115,34292,wr01QCRj6qk,UCAH7R88V7gz7RqJv78nNOzg,development,3
21,8116,34295,I1FVHOdGRZk,UCmLefvOWUhvzrk0ToJbK2AA,test_reserved,
21,8117,34296,4TTwMmx76uA,UC9SgyReu4QufMUTFhZYYEMw,development,1
21,8118,34301,aLIl1EJKs5A,UCBYHzLIry8B-rCsqd1okLKQ,development,1
21,8119,34302,vEjNk3a0NNk,UCV_4W6LL-Iwh0UaT_B6exQg,development,3
21,8120,34310,_zjrnReK0J4,UCQ4H3usLeUebgaFF7Rt53MQ,development,5
21,8121,34317,mUJ01FfhNkE,UCHVmUdL6kxwbEJFUayYD0bw,development,5
21,8122,34318,-PtVyNC7hYg,UCEItJuaZGCe0BlGzRKruP0A,development,5
21,8123,34321,RwOqRSnVt6k,UCPXSUKHTNc1_hnHuj-UiQWQ,test_reserved,
21,8124,34324,te6YaTIn8Ac,UCckltLEhFLv8Xz_lQhYfwmg,development,1
21,8125,34325,K5FdgMpXqq8,UCOtYyt7W5PmPnwQjWWF_Z-Q,development,3
21,8126,34326,g6UCFtKTKSI,UCckltLEhFLv8Xz_lQhYfwmg,development,1
21,8127,34327,nEMSBtfHwv0,UCP0FKFuz9j2Dp-QDr-Dv_0g,development,4
21,8128,34332,bypkCwATqIY,UCcijXxFzSXgoM6q9cCtT9PA,test_reserved,
21,8129,34337,GIfQf-4fmPc,UCsbPUu0F_qqCmDFVjiRva1Q,development,1
21,8130,34340,8tPf2nZZeGs,UCVHWB3mjlo3zxsMPhjgtZig,development,3
21,8131,34345,etm-Jw17WOA,UCbR7juPwtP-bV_w0840ciYQ,development,4
21,8132,34351,v9FZ5YuMYow,UCYweMykEAI5aaRztqrJuuAg,development,5
21,8133,34353,lW5ZRu_7-ag,UCh9qXeL8eP3Txra2908xksg,test_reserved,
21,8134,34357,Li07Qw7ruUw,UCsDDVBdzvMMZaQtF8vaC9bg,test_reserved,
21,8135,34366,otyLzCbr5Ms,UCcijXxFzSXgoM6q9cCtT9PA,test_reserved,
21,8136,34371,hb0jFvH2lug,UCEUE5XgDTMltZBgBmsfpXSQ,development,5
21,8137,34374,5YdJVX8l190,UCekdpdajQ1JyGxUbmsN7nNA,development,1
21,8138,34391,ScMUsTy4c5Q,UCLA8Ovy_NPAwMWvr8IEDquw,development,4
21,8139,34411,IynI9pdAtGc,UCqrqt9Egbp4Voh3iEUUoorw,test_reserved,
21,8140,34415,bwoQj4GmDRg,UCPXSUKHTNc1_hnHuj-UiQWQ,test_reserved,
21,8141,34420,lM6PyBmbn2w,UCh9qXeL8eP3Txra2908xksg,test_reserved,
21,8142,34425,Yn9bFs_RZ1o,UCgnFSj7jQffD5V5m05j4dPw,development,5
21,8143,34427,uHPF-QA_nqU,UCbS_glb2N1NVTrDLVryRbng,development,4
21,8144,34432,rbceaBE7Zfk,UConDLpzQN5uiqRMUD1yYKZQ,development,1
21,8145,34439,FDmc9QyDoBQ,UCq3WWAoJj0DOQC3G7ri1cug,development,3
21,8146,34442,Pxmfd6jAIu4,UCCK3OZi788Ok44K97WAhLKQ,development,2
21,8147,34446,XBR7LcdtFvg,UCNE9NOD2gYqalo9436sfW4Q,development,2
21,8148,34450,oKaLsxW4mFs,UCMkW7S3IszN1L9u1bLw23rQ,development,2
21,8149,34456,_is-dZBn4Jo,UCW5J0vbGISAYVK_Oz6m2Dqw,development,5
21,8150,34457,ajGawFkRQjM,UC2BFTMAwgAYbgKZMcpDazcg,test_reserved,
21,8151,34463,pmOezeQ4TJ8,UC5Q9lmEDB_pWZdzzLI07eVg,development,5
21,8152,34468,8N00HS4ZHVw,UCDm4BW0Q5d-zASSuRyvPGXw,development,3
21,8153,34471,tKV0ysn8syk,UC6jQt9K_jqnBNtsRf7hXHsA,development,5
21,8154,34474,Tdw7TKC_LE8,UCQkPhQ-6NhA1v7Tpsp6EnKQ,development,2
21,8155,34478,vZShTiem-iI,UCekdpdajQ1JyGxUbmsN7nNA,development,1
21,8156,34491,SQvO8zQ0cF0,UCtj_Jtf4f9c5PSI7Go1_EEQ,test_reserved,
21,8157,34492,o4i_FDYuHpk,UCXDs97xqSkkV9WSXMtYvCEw,development,4
21,8158,34512,-MuSOseGAgQ,UCLR467wlkHhrQjVq-0bdKng,development,1
21,8159,34516,qaVvxLPZ6v8,UCAH7R88V7gz7RqJv78nNOzg,development,3
21,8160,34517,ZeBWkORpn1Q,UCr5BVR_ePEz_9V-KF5rSEmQ,development,2
21,8161,34518,FqNiIAVevjA,UCCK3OZi788Ok44K97WAhLKQ,development,2
21,8162,34524,7yrfsKzt8nQ,UCgnFSj7jQffD5V5m05j4dPw,development,5
21,8163,34532,aeIxMOHbcHI,UCbS_glb2N1NVTrDLVryRbng,development,4
21,8164,34533,sJPjkJneP8s,UC0AQUZV55ALmw7y4w4UJRYQ,test_reserved,
21,8165,34534,CASretdhsQ8,UCkD2Gixzde52jx1XspNvrBw,test_reserved,
21,8166,34536,J_bY4ubV50A,UCA5xW2Ce7KT2AtxzDYDebCA,development,5
21,8167,34537,x__lVZU6soI,UCNE9NOD2gYqalo9436sfW4Q,development,2
21,8168,34542,QFb521aCjZA,UCyH9u_WllbJZHZHeIBzjW2g,development,5
21,8169,34544,DnFVrXNe-dQ,UCQNgAoq_8JvzI5buAqhgL_A,development,3
21,8170,34547,TjOQJWR8zYA,UCSquzAJZ72PTgZECfAEyYrQ,development,5
21,8171,34550,xA8KwuEeV6g,UCjYAhUnrkBujtKI3j3LM2uA,development,3
21,8172,34552,EOjCWsPPjj0,UClSIhhnuyF8fXtBTpOOTknA,development,2
21,8173,34560,0ZC9yTi2kjY,UCkC-yhK-WnPNaNslH_LbBWQ,development,3
21,8174,34569,Jz6PNpk-PRc,UCAOAqdh0wJ6lmzO8j33v8fQ,development,1
21,8175,34595,q2llv5Ajlo0,UCqrqt9Egbp4Voh3iEUUoorw,test_reserved,
21,8176,34601,Kkpyrz3riz4,UCbslldG51NumaG5QqgYSdtg,development,4
21,8177,34602,Vu8tWU9uJ8U,UCIoyIVPZEfC2p0dQwAxGiEw,development,5
21,8178,34607,Acs8nYCYAko,UC0nMJ3QNryBHZpy1P3Wamwg,development,4
21,8179,34616,pge-_nMq3Lo,UCbS_glb2N1NVTrDLVryRbng,development,4
21,8180,34617,h6M4X_waAj4,UCBsrUim15y-s6PfMISCR38A,development,2
21,8181,34624,zTOSa9AyOvs,UCLj8c-AqbSmkSPLG44lT0lw,development,2
21,8182,34629,ehpKJWYr8Ww,UCCK3OZi788Ok44K97WAhLKQ,development,2
21,8183,34632,n8Db8LxWz3c,UCbS_glb2N1NVTrDLVryRbng,development,4
21,8184,34634,6jW8AI731Rk,UC7mhtAaF1ESJgCozpoS2lcQ,development,2
21,8185,34637,3YlW4AhjHQI,UCR6bwkq2RbGG12zWqD9YRvw,test_reserved,
21,8186,34638,O-oW7Wn0RrI,UCCK3OZi788Ok44K97WAhLKQ,development,2
21,8187,34644,U6Np-5TL5XU,UCUh8FFbl1BfRmzL9t4Fkykw,development,4
21,8188,34646,e1lR83a76Hg,UC5-n2dfksESEt3ATmM6Uujw,development,4
21,8189,34661,uUHYFsCcTMU,UCIKg0Ev6Vq2M7hU7bL_jHFQ,development,4
21,8190,34664,N6nTuLKRce0,UCQTcNhAZidy1i9wwmdgf2Lw,development,4
21,8191,34670,SnupPh0nMDQ,UC38c_i9VoaIjDpp46l35d0w,development,4
21,8192,34675,_OqlGD3jgVk,UC0554zf4RvVkxwt_tS4Wx_g,development,3
21,8193,34678,BlUDZFkNhgk,UCgy5luu86OLBeugp27Tnddw,test_reserved,
21,8194,34683,kbEuxlGOogQ,UCaESx7Bdghv_UICcG1hBkcg,development,5
21,8195,34686,YExu92rJcxk,UCn0XmAUFv6d2tofMFEesSNw,development,5
21,8196,34687,ebLlgSCv-38,UC8lKgUHo-2mSR5cRRXO9xow,development,3
21,8197,34688,P1-pz9Xm-ws,UCDY_htT4nVRXSAIQVydbtyQ,development,5
21,8198,34689,x4-Y_AaiyLs,UC8rcDufKZ3W6CtZU69CtMXg,development,3
21,8199,34695,e0kxxjjbacQ,UCckltLEhFLv8Xz_lQhYfwmg,development,1
21,8200,34698,LK-nB_Qxlgs,UCLNz9bgiJfM3ImTtYDOt8Ew,test_reserved,
21,8201,34703,ioWzH1Hf6Bo,UCXRnXDVoCjqUN_sOJweAXyQ,development,4
21,8202,34708,qCj-jZuNjtk,UCaESx7Bdghv_UICcG1hBkcg,development,5
21,8203,34721,bPuK6ZeFg-M,UCAH7R88V7gz7RqJv78nNOzg,development,3
21,8204,34728,MMTXeDVNMuA,UCCK3OZi788Ok44K97WAhLKQ,development,2
21,8205,34733,2H0MRNlj5cY,UCF0uUUUTf2kzN8lz20-iksg,test_reserved,
21,8206,34738,Uldsue3INeo,UCFMs1HBWP1bIv9Ojp06ZIRw,development,4
21,8207,34740,xZl-p5Zxz2o,UCsAPX_-Yu9O_3dJu0aUj_BA,test_reserved,
21,8208,34745,Ls2fCl1yZn0,UCckltLEhFLv8Xz_lQhYfwmg,development,1
21,8209,34746,ICuUR8ylAA0,UCnRmorY-xMkotuJSykIMPsg,development,1
21,8210,34754,Sff5-aPhQEI,UCENS_6Qg6S2puMeyPFlwTig,development,2
21,8211,34757,kCRt2M8xNTc,UCCbm1E52PV05ZLv6dtRB92Q,development,5
21,8212,34760,u5lNntG8Yc8,UCXfgx23Lw81I4wsCNhdVBgw,development,2
21,8213,34761,bUM0ih6cnMY,UCu3jIK2NBSXc0_YaFqEuIrg,test_reserved,
21,8214,34768,K1wymJDskOE,UC0RxmX79uHOBvSKKYAQ7Axg,development,5
21,8215,34771,nRfKEnyCqpg,UCckltLEhFLv8Xz_lQhYfwmg,development,1
21,8216,34776,Au3Y07i9bGA,UCOtYyt7W5PmPnwQjWWF_Z-Q,development,3
21,8217,34780,zQxYJ3cZuLk,UCM3bQBUJ0PEbgfe9lAw_Y3Q,development,4
21,8218,34784,Zwe5djmmmvo,UCOtYyt7W5PmPnwQjWWF_Z-Q,development,3
21,8219,34785,dRVQQzO1NIE,UCafJV2dgvIHYxjKb4GJpV7w,development,4
21,8220,34788,Vy7riToke9w,UCckltLEhFLv8Xz_lQhYfwmg,development,1
21,8221,34795,O2Z1nu6ApGM,UCCK3OZi788Ok44K97WAhLKQ,development,2
21,8222,34797,Ove2TvNOZfI,UCRyHK0HPW8OQtTqtRLqCMlw,development,3
21,8223,34804,DlOkmwAgJ7U,UC6MkngMDyobFNaXOZR0ukyQ,development,5
21,8224,34806,yRd-45HzhKQ,UCq0hVW_G5kWt2ocLhbjOtGg,development,2
21,8225,34808,LzitN50boMQ,UCaszdCPv2DolWB2zmTDYPEA,development,5
21,8226,34813,fCCrnTtDIgE,UCXm0FsS7PXy0w5HeOkYMi7Q,development,5
21,8227,34815,G-v5ujaXf6Q,UCckltLEhFLv8Xz_lQhYfwmg,development,1
21,8228,34816,aZEOj0DHFnE,UCypYfMZbKIxBlXqngCuvi0A,development,3
21,8229,34824,jYt4ZvaY_ew,UClSIhhnuyF8fXtBTpOOTknA,development,2
21,8230,34826,QJhxJzqswuI,UCCK3OZi788Ok44K97WAhLKQ,development,2
21,8231,34829,bzwjMiHUyWM,UCQkPhQ-6NhA1v7Tpsp6EnKQ,development,2
21,8232,34835,VmjYcK-8ygo,UCCK3OZi788Ok44K97WAhLKQ,development,2
21,8233,34839,yqI5jGpXUKA,UCbVw-Yr6A7L4hPi8W6zsQlw,development,3
21,8234,34843,rkCbc-A9Z-8,UCcijXxFzSXgoM6q9cCtT9PA,test_reserved,
21,8235,34844,FanO4QlOzlw,UCAH7R88V7gz7RqJv78nNOzg,development,3
21,8236,34845,0wgdctihfzE,UCOtYyt7W5PmPnwQjWWF_Z-Q,development,3
21,8237,34849,iQ28pC4dDwE,UCUATRdkuL0zxxmXWXBySgWw,test_reserved,
21,8238,34861,lT4WT43VTcU,UCuQ0Z6UmOOZ5JmsniU20Myw,test_reserved,
21,8239,34866,wqh6lOFbbd4,UCnqTWrNbHl4SvL60MCE693Q,development,1
21,8240,34875,Gdb82HMnCd4,UCckltLEhFLv8Xz_lQhYfwmg,development,1
21,8241,34882,-jPOXCNKAjA,UCFT4DBU0rueVksywB2DKhXQ,development,5
21,8242,34885,IG21XVA9VLE,UCUz70SsT1TZzlwEqvSCpJRA,development,3
21,8243,34887,U7ljg-NmqN0,UCCK3OZi788Ok44K97WAhLKQ,development,2
21,8244,34891,VBEV2Qd6z5Y,UCVXCitEEweQox0oyIsJONrQ,development,3
21,8245,34896,wKa-xhNLHaM,UCCK3OZi788Ok44K97WAhLKQ,development,2
21,8246,34899,ECV46XWj7Ig,UCb4I3a5sSdVyXdBwQPG3sTw,development,3
21,8247,34902,62MrXFsTtag,UCRUyTXpT4JzSSaUyjfclOKA,development,1
21,8248,34903,sTjgtksVF6U,UCgnFSj7jQffD5V5m05j4dPw,development,5
21,8249,34906,jux0i_wGXaE,UC9SnUR9ewkPk9h45L0uY6SQ,test_reserved,
21,8250,34908,F9yvCLkr2vI,UCbS_glb2N1NVTrDLVryRbng,development,4
21,8251,34909,ntt6Xkg3FDg,UCr5BVR_ePEz_9V-KF5rSEmQ,development,2
21,8252,34913,j8BHi2SVQwA,UCgnFSj7jQffD5V5m05j4dPw,development,5
21,8253,34916,c1Ugbth94fk,UCckltLEhFLv8Xz_lQhYfwmg,development,1
21,8254,34917,THPYgblp9nM,UCQTcNhAZidy1i9wwmdgf2Lw,development,4
21,8255,34937,shkSpWGZf5I,UCckltLEhFLv8Xz_lQhYfwmg,development,1
21,8256,34939,TDaAnzpevXw,UCtGwzTmbkXWhYwuVZQa3kVQ,development,2
21,8257,34940,BuYYr3xNVDg,UCckltLEhFLv8Xz_lQhYfwmg,development,1
21,8258,34943,C1aJuTZf3as,UCnkon33rksDXo3qChhTs5Vw,development,4
21,8259,34950,97PpC0PVRPQ,UCKoBVjh6j8amPM6tw6Lb-cA,development,3
21,8260,34956,NG7HUhguBFw,UC5-n2dfksESEt3ATmM6Uujw,development,4
21,8261,34958,IYtvOP4hGjw,UCOtYyt7W5PmPnwQjWWF_Z-Q,development,3
21,8262,34961,EWIjp3tIJWI,UCt1uMmva5HBK0qu1hTGGvzA,development,5
21,8263,34963,PAe80U1iS_s,UC1YGPDtctHGJWW0NrlQVklw,test_reserved,
21,8264,34967,hGN-fcf5j68,UCBYHzLIry8B-rCsqd1okLKQ,development,1
21,8265,34972,bH5QmJN1Jak,UCckltLEhFLv8Xz_lQhYfwmg,development,1
21,8266,34974,a58fLm9cUVM,UCyaXn4baYP2PVJtegGVRDiw,development,1
21,8267,34976,_3-v_GnZqsk,UCckltLEhFLv8Xz_lQhYfwmg,development,1
21,8268,34978,izn2GTpoISk,UC5yW2uhi5gYssl3REs2QLLg,development,2
21,8269,34986,IOAOImit7Uk,UCa7tIPq6XgQs1KhuVoUrw5g,development,2
21,8270,34987,EYDRpC_EMMI,UC0-UFP1d6OeVtl2VXYSquIA,development,3
21,8271,34990,9xUtWML8qVQ,UCmqflTSJ6911aCrnaWIXxsA,development,2
21,8272,34995,jW2BUNX0u4o,UCx7lEnwLHxO9yPjOotGb-bA,development,3
21,8273,35010,VclCd6eTsxQ,UCBkEIYKUPw_d06rAFuJfTVQ,development,4
21,8274,35017,Mbs8wPxjQqY,UCAd1_DwT2iKc8s7rH6Af9lA,development,4
21,8275,35024,Bf5-D-IJ8c4,UCBz-ihRqwVORpkc4GxvaaPA,development,3
21,8276,35026,kAAZJV0O4QI,UCckltLEhFLv8Xz_lQhYfwmg,development,1
21,8277,35029,Un_clDalwSo,UCcgkjXIaOrsFR8GLFo3iwOw,test_reserved,
21,8278,35048,Yk2n66Q6hnQ,UCZFZrF8lZizsW3io-ONv_Ig,development,4
21,8279,35059,LiqYabgKtpc,UCCK3OZi788Ok44K97WAhLKQ,development,2
21,8280,35069,8iY-hZktOAI,UCT83ymyAGm7Gnk_4ifxjxIA,development,4
21,8281,35075,Zvw948GakiQ,UCckltLEhFLv8Xz_lQhYfwmg,development,1
21,8282,35076,M4sEcoSZTR4,UC71UUwCRqrYXgtTFZnFkUsQ,development,4
21,8283,35078,RGCei6gRYuQ,UC1YGPDtctHGJWW0NrlQVklw,test_reserved,
21,8284,35080,R_ZkZsZ1_Bo,UCOtYyt7W5PmPnwQjWWF_Z-Q,development,3
21,8285,35081,TBuey6AA5x0,UC3yN9e-0s6ilBpfVlj2IWoA,development,1
21,8286,35083,a0cp49iAOP8,UCAH7R88V7gz7RqJv78nNOzg,development,3
21,8287,35086,luHQo69EBNs,UCckltLEhFLv8Xz_lQhYfwmg,development,1
21,8288,35091,krjgS6VftMs,UCBsrUim15y-s6PfMISCR38A,development,2
21,8289,35093,6wfFKX9KEKs,UCbS_glb2N1NVTrDLVryRbng,development,4
21,8290,35102,9BQH-t16o3s,UCgnFSj7jQffD5V5m05j4dPw,development,5
21,8291,35112,hiYVwwuwNKY,UCckltLEhFLv8Xz_lQhYfwmg,development,1
21,8292,35117,ZtwcMwtsXYM,UCOtYyt7W5PmPnwQjWWF_Z-Q,development,3
21,8293,35124,EGlvwKDwsW4,UCqrqt9Egbp4Voh3iEUUoorw,test_reserved,
21,8294,35135,6qmctZKzc_k,UCgnFSj7jQffD5V5m05j4dPw,development,5
21,8295,35138,eCjYB4nz5mk,UCkEC1Cni_4S08XLUPk4e40Q,development,3
21,8296,35141,e-AUM3VT2A0,UC_Urg845xBIOarYXBx_Ko2w,development,5
21,8297,35145,MPzbvi8ZxLk,UCh9qXeL8eP3Txra2908xksg,test_reserved,
21,8298,35151,hnGsJtT1C5o,UCWLLcchNMCl8I5cGAMQYdpA,test_reserved,
21,8299,35152,kGSi-7eaMkk,UCn0XmAUFv6d2tofMFEesSNw,development,5
21,8300,35154,qT8lDFXm5vQ,UCBf296-OhUNfaDbtcYQ4RQQ,development,2
21,8301,35159,ODTvtrtwKAU,UCxPYVvthidICJb75llNXktg,development,1
21,8302,35164,KpqStafDx8Y,UCbS_glb2N1NVTrDLVryRbng,development,4
21,8303,35172,2UlRHDxoLA0,UCeregcA7V24wo3vGVVsitfA,development,1
21,8304,35173,epvm7cXCihM,UCAH7R88V7gz7RqJv78nNOzg,development,3
21,8305,35178,HYlcdyzKw14,UCcspHoBTj_aLhnJLwkMpWHQ,development,5
21,8306,35188,TIHSOZpwm8c,UCMayHG7j39d11Gh36vV7GnQ,development,5
21,8307,35190,0ixEcPxUbQg,UCOtYyt7W5PmPnwQjWWF_Z-Q,development,3
21,8308,35194,9fNjPKdvYNQ,UCFjPN4qKreAn3tB36QMYiRA,development,2
21,8309,35195,kOZKzfgduyA,UCAH7R88V7gz7RqJv78nNOzg,development,3
21,8310,35197,CbnagAQTJTg,UC1YGPDtctHGJWW0NrlQVklw,test_reserved,
21,8311,35199,oeVeLeSQx-0,UC4Pb9SEsCb1EpsXVYAVVajw,development,2
21,8312,35203,ovevpe72JI4,UCx-fk6FBx2mJSWavjxw-zrw,development,4
21,8313,35204,-y7JK_4p0M8,UCAH7R88V7gz7RqJv78nNOzg,development,3
21,8314,35206,U-inigmw-Kw,UCcijXxFzSXgoM6q9cCtT9PA,test_reserved,
21,8315,35208,CYxP6I22AOU,UC265AWt6bbPKJcmpQwhif2A,development,1
21,8316,35210,leid4XQhaaI,UCiV6sjv_GpWbwsuCh6YyZgw,development,4
21,8317,35216,J0uGZN4aAlk,UCpErRATj-Z4ux1lAtBhdfbg,development,5
21,8318,35219,0HYrwD8Su6c,UC2Amu02bFnMs-XglUunh44w,development,3
21,8319,35223,jnq721yv5Fc,UCCK3OZi788Ok44K97WAhLKQ,development,2
21,8320,35227,gY7wuE3XvbI,UCc30sTBdN9LRSxEuHaXV_bQ,test_reserved,
21,8321,35229,qp060dfn3FQ,UCf2Iar2LDcFaSCnVH1ZMUkA,development,3
21,8322,35234,Vo_qKHu52is,UCn0XmAUFv6d2tofMFEesSNw,development,5
21,8323,35237,wh5-JUT93Lw,UCCK3OZi788Ok44K97WAhLKQ,development,2
21,8324,35248,9Q-1SP0e4wQ,UCmrLu4r89ykOzmtmbAeEklA,development,3
21,8325,35251,aeuuRVyoU2c,UCM3bQBUJ0PEbgfe9lAw_Y3Q,development,4
21,8326,35254,U4MmCJDlbTw,UCRB8mrLCcwTPlJOMUy9MDUg,development,2
21,8327,35257,4fWtobr5Bms,UCA2bFNmvfzZLOIAvPwNQgPQ,development,3
21,8328,35262,q5g1ImsqDBI,UCOtYyt7W5PmPnwQjWWF_Z-Q,development,3
21,8329,35265,szkvKtKvKmc,UC0l36s7dMwk1GYxmSHAib_A,development,2
21,8330,35271,TReWHJcXkdw,UCaESx7Bdghv_UICcG1hBkcg,development,5
21,8331,35273,76Axe_Rct5A,UCM3bQBUJ0PEbgfe9lAw_Y3Q,development,4
21,8332,35274,da677KseoRw,UChtQ7TCSKmvCIqonz1eto1w,development,2
21,8333,35276,v_D39H1FgLA,UCS5U8OTQXzQXMET3NcRguWQ,development,4
21,8334,35279,ufNjc76dNl8,UCk0ZLeOPZVnRJn_s1x-8Idg,test_reserved,
21,8335,35280,zjujyQxX9Oc,UCbS_glb2N1NVTrDLVryRbng,development,4
21,8336,35285,UtV5XKc24ww,UC0ZcZzDZe8x6-olaRR5-wYw,development,4
21,8337,35286,1CrsWtjvq3Y,UCmKxhMStMwZZ1gdOg1YZQug,development,2
21,8338,35287,cV9uihfGqAY,UCNbM4dl9kN5KDpmDdAW6zOg,test_reserved,
21,8339,35288,JbyCNoTnEsU,UCf2Iar2LDcFaSCnVH1ZMUkA,development,3
21,8340,35291,I0Y9KN-6pcA,UCB1idQ8BfDjvfKV79TLhL5w,development,2
21,8341,35292,6qEgVniw7C4,UCBsrUim15y-s6PfMISCR38A,development,2
21,8342,35293,whnq7xvhR_w,UCLA8Ovy_NPAwMWvr8IEDquw,development,4
21,8343,35296,A8m8YWBJR6s,UCgdaUnUmkHDpYCU0w2pR7Rw,development,3
21,8344,35297,ezBqOLKjDAI,UCcspHoBTj_aLhnJLwkMpWHQ,development,5
21,8345,35305,rkMctH44hO8,UCol1SzfebXhRo0ltxOJZ9cg,development,3
21,8346,35315,lzsVkekpRfM,UCqDMvUe1Zy9QzR-F6X7B5pw,development,3
21,8347,35323,jetrF0Kopa0,UCg73cJ6NtsIh10VgkHs9L1w,development,5
21,8348,35325,xDsy6gFahX8,UCIKg0Ev6Vq2M7hU7bL_jHFQ,development,4
21,8349,35328,rF8YA24-Ryo,UC80558lSi8_Fj0NHoSt895g,test_reserved,
21,8350,35330,hVpXyjngfDw,UCvRkl4sHIgChIFxeTlbwAGQ,development,2
21,8351,35331,EFgAn8AMbZc,UCx2bxQGDuQgYPJPYFmIthnA,development,4
21,8352,35338,MgDl0Hr3YXw,UCJ44oEtQ4TUPUbVS6hLI9Hw,development,2
21,8353,35339,iNFrgNTmwM4,UC0tV1b7IFEXFUUILF7mAcWw,development,2
21,8354,35343,X-q5enLHtS0,UCu3jIK2NBSXc0_YaFqEuIrg,test_reserved,
21,8355,35345,3MmuWto5af0,UC7-JGEBb4S3an5tS96rlHaQ,test_reserved,
21,8356,35361,LlrByGXd5Fo,UCCK3OZi788Ok44K97WAhLKQ,development,2
21,8357,35365,JGGjie19yLQ,UCsFJW4hPOuBZS486UwG2dPQ,development,4
21,8358,35368,wqWwFi2-h4Q,UCCK3OZi788Ok44K97WAhLKQ,development,2
21,8359,35371,uhNp5jB_4s8,UC_hR1wSDcKjBRTlKtp6LK1A,development,3
21,8360,35373,jJiLYSK1uWA,UCbR7juPwtP-bV_w0840ciYQ,development,4
21,8361,35378,lihIjEQeCOs,UCckltLEhFLv8Xz_lQhYfwmg,development,1
21,8362,35379,drY3vJpIb6U,UC26VRuzyIws063aBlfjPuug,test_reserved,
21,8363,35385,115E5sAIctY,UCckltLEhFLv8Xz_lQhYfwmg,development,1
21,8364,35386,3asXLiTFA2Q,UCAH7R88V7gz7RqJv78nNOzg,development,3
21,8365,35388,VhD9753_4RA,UCBf296-OhUNfaDbtcYQ4RQQ,development,2
21,8366,35392,6aUBi6Dl5P0,UCol1SzfebXhRo0ltxOJZ9cg,development,3
21,8367,35395,MztY5mDxyk8,UCOtYyt7W5PmPnwQjWWF_Z-Q,development,3
21,8368,35397,Y75PrXBKrjc,UCWwo8NBrDNOb5EEZadW3iWA,test_reserved,
21,8369,35398,PQbrA0Rsv-k,UC1YGPDtctHGJWW0NrlQVklw,test_reserved,
21,8370,35405,14tjz5pHkQQ,UCbS_glb2N1NVTrDLVryRbng,development,4
21,8371,35406,e71DAss8G9s,UCckltLEhFLv8Xz_lQhYfwmg,development,1
21,8372,35411,uIN1V8FOqN8,UCvLsvfgY-hbGDtOi2udm4Gg,development,2
21,8373,35413,iGt0or8o32A,UCoYoYVojg-QGFH7VyKMpB8w,development,2
21,8374,35418,hgJztB4QeTg,UCHT6F9HJ9DtLUjTOH16yg6g,test_reserved,
21,8375,35419,7dYzwzNqAdk,UCCK3OZi788Ok44K97WAhLKQ,development,2
21,8376,35422,pyZSkK78w5g,UCCK3OZi788Ok44K97WAhLKQ,development,2
21,8377,35427,308ElNS06e4,UCOtYyt7W5PmPnwQjWWF_Z-Q,development,3
21,8378,35431,0JJbUdIhsac,UCs_mHlm5_C82W5WCIJaSMbQ,development,3
21,8379,35433,QXEY2nHkj5o,UC5-n2dfksESEt3ATmM6Uujw,development,4
21,8380,35437,6n5nhHmqnHc,UCoPGkvh-1AoSzh23-ROXrpw,development,3
21,8381,35443,-Mhp8gC2V0w,UCCK3OZi788Ok44K97WAhLKQ,development,2
21,8382,35444,AU6U5cFogbc,UC8lKgUHo-2mSR5cRRXO9xow,development,3
21,8383,35446,BHIB5ZO1STQ,UC2Amu02bFnMs-XglUunh44w,development,3
21,8384,35448,megiJZwx3-o,UC2sO_F_Ky4LIAUtSJYXqBDA,test_reserved,
21,8385,35460,NhANt12jSc8,UCxQQ7T5UMck1aKxzBmyt4rw,development,5
21,8386,35463,s9_aEk8bZc4,UCq3WWAoJj0DOQC3G7ri1cug,development,3
21,8387,35465,4cQp7ikLBbw,UCwhdGDxSy0PPmGodAPd-pOA,development,5
21,8388,35474,S6Tv1NCkNZ0,UCLNz9bgiJfM3ImTtYDOt8Ew,test_reserved,
21,8389,35475,ulYfMa_n5bc,UCU698FK0A1JkE2VADC4fQlA,development,3
21,8390,35482,piBpM74xM8k,UC8qBNfgWRK_WYYGSmmrfgPA,test_reserved,
21,8391,35486,G3UiqHpraSQ,UCRK13WgCsr2N6y9cbeEq39g,development,5
21,8392,35488,t3BmyF0AfG0,UCPXSUKHTNc1_hnHuj-UiQWQ,test_reserved,
21,8393,35492,9FqAlS_B_M4,UCQTcNhAZidy1i9wwmdgf2Lw,development,4
21,8394,35494,MpCu-De2SmU,UCp_BOe2cFg9HH0FGsi9JZJg,test_reserved,
21,8395,35497,orzIjwfTIT8,UCluX2aszbegi4QBNHFQP63A,development,3
21,8396,35501,zg2J5QSQKyU,UCjKSK3d5r0O78WGnMouSvDw,development,4
21,8397,35513,eBIKUYhHJm4,UCbS_glb2N1NVTrDLVryRbng,development,4
21,8398,35514,0zbmila5d4c,UCcijXxFzSXgoM6q9cCtT9PA,test_reserved,
21,8399,35516,uv4eS_2lxDs,UCWBGcCHKv85MuFwgax4oc9w,development,2
21,8400,35521,g1p8mTf2S3s,UCk0ZLeOPZVnRJn_s1x-8Idg,test_reserved,
21,8401,35522,_75AGlwApko,UCrVFS_0PdV7AwyTgR13IcVg,test_reserved,
21,8402,35525,7yi50F3sfzs,UCOk9zSvzL_G02l8-5o2J0aw,test_reserved,
21,8403,35526,BtqOCIbBjRQ,UCJ0_2tSsPFH0Eh1qbH6otaQ,development,1
21,8404,35528,X02Q2PuSSJc,UCckltLEhFLv8Xz_lQhYfwmg,development,1
21,8405,35538,vy88lXXxrQA,UCCQ3mUIQTv2Snhw5Os0Yo5Q,development,3
21,8406,35541,djgFMzTDIks,UCVfnhhDIkkBJ_1QyzCqeVDg,development,5
21,8407,35546,z-vkJXk-NLA,UCQTcNhAZidy1i9wwmdgf2Lw,development,4
21,8408,35547,dQd1lBowq9E,UCckltLEhFLv8Xz_lQhYfwmg,development,1
21,8409,35551,EuPrlqX1S_k,UCcg4tDKgPLIc_x3lhWdogLg,development,3
21,8410,35552,77o7PB9U_OE,UC58y6NhWQ_IkAUJdYqtmtQg,development,2
21,8411,35554,J817oJh1vdQ,UCpP5Y5ssB2iicCuWrpVpR3A,development,3
21,8412,35556,c4QeBy1cBxY,UCOtYyt7W5PmPnwQjWWF_Z-Q,development,3
21,8413,35559,-4nn71FFsR0,UCMphFrWXgK3WDn8kjtyxy5A,development,4
21,8414,35560,O_KtFctQYlA,UCT83ymyAGm7Gnk_4ifxjxIA,development,4
21,8415,35563,mUuZW0PLwnA,UC-DEHYgvcA5bBD3cWo_vSuA,test_reserved,
21,8416,35567,M4OEjSoHluM,UC1hcl0aIr9KtXA-Kiq9itqw,test_reserved,
21,8417,35569,dANQt8whxtg,UCZw-8vhDi8SvEjHgHI4WTMw,development,3
21,8418,35570,aRp5a5hLqlI,UCbS_glb2N1NVTrDLVryRbng,development,4
21,8419,35572,hLLtxZEw74A,UC8lKgUHo-2mSR5cRRXO9xow,development,3
21,8420,35581,COy-FkEZVcg,UCn39xNZ42C93DHXbbRH2mgA,development,1
21,8421,35582,YRW-5MsOPWM,UC2sO_F_Ky4LIAUtSJYXqBDA,test_reserved,
21,8422,35584,Pk967KAOTkI,UCh9qXeL8eP3Txra2908xksg,test_reserved,
21,8423,35589,lAQW0kOR7uM,UCRDDfbYPHX_GUJ4lcQYTc8A,development,4
21,8424,35599,T1BbOtTBTJ0,UCgnFSj7jQffD5V5m05j4dPw,development,5
21,8425,35602,xuzljLGpFMg,UC1hcl0aIr9KtXA-Kiq9itqw,test_reserved,
21,8426,35607,ud4gEIJSwB0,UCckltLEhFLv8Xz_lQhYfwmg,development,1
21,8427,35615,HcIQci6Z31g,UCaqKkC85KtIgXZK1edWABww,test_reserved,
21,8428,35618,w0bfPlbNOVE,UCckltLEhFLv8Xz_lQhYfwmg,development,1
21,8429,35619,6oTNJjTomSk,UCOtYyt7W5PmPnwQjWWF_Z-Q,development,3
21,8430,35622,zmZQOfmBP_k,UCKEKf35apTUvSLs-c1DCekw,development,1
21,8431,35627,i6o2ZRReOyI,UCWiGjTcC95PYGw4dyZGWNNw,test_reserved,
21,8432,35632,9fjJIWMDeXU,UCc30sTBdN9LRSxEuHaXV_bQ,test_reserved,
21,8433,35633,xFeu8NwgKqU,UCckltLEhFLv8Xz_lQhYfwmg,development,1
21,8434,35635,MApd5CKvSes,UCaESx7Bdghv_UICcG1hBkcg,development,5
21,8435,35639,bQCmW8_v33I,UCzNxbzqN0to4GNb9otFuGJQ,development,4
21,8436,35641,0R4KwfE60xw,UCaESx7Bdghv_UICcG1hBkcg,development,5
21,8437,35646,qAP9nXmiEYc,UC324VVhYKykBv01GecF4aYg,development,5
21,8438,35650,Bzxd5ZHsbDI,UCQTcNhAZidy1i9wwmdgf2Lw,development,4
21,8439,35655,_bN2yLdOezQ,UCcJpqRpi5w9OV11xtYgUSUQ,development,2
21,8440,35656,lWiD04cdRm8,UC7SpeEKCvhjtxa4VX2sHA1Q,development,1
21,8441,35657,DnFCtACjAN8,UCOtYyt7W5PmPnwQjWWF_Z-Q,development,3
21,8442,35658,djVDwLqMh-o,UCwnRMnxUyJ5iGZkE1nADVvw,development,1
21,8443,35660,6hQjPlboTi0,UCoPGkvh-1AoSzh23-ROXrpw,development,3
21,8444,35661,qZHSF1Lgq3g,UCRB8mrLCcwTPlJOMUy9MDUg,development,2
21,8445,35662,cMVGAAXVfmA,UCZXcD8T3zClfNAlDwHCdg6w,development,1
21,8446,35667,NjomVoUVjr8,UCmAZwdFQyvTnrAVx5IqILgg,development,4
21,8447,35669,cOUKt5PeQZg,UCNi9ygXyC_Tyeae5F_WEIPQ,development,3
21,8448,35670,ayB2d0W_t1Y,UCCK3OZi788Ok44K97WAhLKQ,development,2
21,8449,35673,ajSp2PcEoaY,UC324VVhYKykBv01GecF4aYg,development,5
21,8450,35675,LeGY1yFCK8Q,UCckltLEhFLv8Xz_lQhYfwmg,development,1
21,8451,35676,uo4gZcZXWfg,UCCK3OZi788Ok44K97WAhLKQ,development,2
21,8452,35678,T_jqrjP0yCc,UCI9B6cvPkauAUvfV2CvKMMQ,test_reserved,
21,8453,35680,fJehvkMtRbU,UC8qBNfgWRK_WYYGSmmrfgPA,test_reserved,
21,8454,35681,hTWaBRqBN9o,UCDAkUKRB1pkb-s3Gqv7FZ7A,development,4
21,8455,35682,XrvgN4L5q4I,UCEUSUxrhCt4n0Pp9WB7q7-w,test_reserved,
21,8456,35683,fqq3SIp4yEA,UCix7C1KG_SPtiMXommMExNg,development,4
21,8457,35685,Eygfz9g5J18,UCaI7IwVdrAcfhu3cp6x4T6Q,development,3
21,8458,35690,WJIjVmFa5Eg,UCCK3OZi788Ok44K97WAhLKQ,development,2
21,8459,35696,k0WG_s2yzrU,UCMxeqmVKOqiqh7V_A3h4gfA,test_reserved,
21,8460,35697,G_gI91KfloA,UCmLefvOWUhvzrk0ToJbK2AA,test_reserved,
21,8461,35698,WxAoqkriLnc,UCPXSUKHTNc1_hnHuj-UiQWQ,test_reserved,
21,8462,35700,KNUi4C2BoXM,UCILFY0DK2vcnnnTAgWrX-xw,test_reserved,
21,8463,35703,BfXlXpCaLmg,UCcg4tDKgPLIc_x3lhWdogLg,development,3
21,8464,35705,FO7_7DYswsg,UCBf296-OhUNfaDbtcYQ4RQQ,development,2
21,8465,35724,HZj8foP805w,UCcijXxFzSXgoM6q9cCtT9PA,test_reserved,
21,8466,35726,aBc9oBwSR5M,UCcijXxFzSXgoM6q9cCtT9PA,test_reserved,
21,8467,35731,6ONmxKUDniM,UCjm7vbOwssao7Bhm9wX3-bw,development,5
21,8468,35732,yrbc7TmvUDI,UCixHOFltSlDzQezAiDC--wg,test_reserved,
21,8469,35733,a5FsaotvWRw,UCcijXxFzSXgoM6q9cCtT9PA,test_reserved,
21,8470,35737,qzaXnfqv7Hc,UCa79Dm6QBH4i8PAmTrfQPXQ,development,4
21,8471,35738,xySDn5W5JGY,UCPXSUKHTNc1_hnHuj-UiQWQ,test_reserved,
21,8472,35739,edQj-U4540k,UCOtYyt7W5PmPnwQjWWF_Z-Q,development,3
21,8473,35742,jn0rLqx2vi4,UCXm0FsS7PXy0w5HeOkYMi7Q,development,5
21,8474,35745,EL89BVuKL7s,UCcijXxFzSXgoM6q9cCtT9PA,test_reserved,
21,8475,35751,id46grR9fDo,UCah2xR5R0nYaI4YrArPcSCg,development,4
21,8476,35759,aSr0FcHqOv4,UCXm0FsS7PXy0w5HeOkYMi7Q,development,5
21,8477,35760,k2MpHR0o_hY,UCCK3OZi788Ok44K97WAhLKQ,development,2
21,8478,35761,zRdIolJ0Tig,UCcijXxFzSXgoM6q9cCtT9PA,test_reserved,
21,8479,35764,ZoXZ5teRcf8,UCc30sTBdN9LRSxEuHaXV_bQ,test_reserved,
21,8480,35765,miLLpF2zGTg,UCcijXxFzSXgoM6q9cCtT9PA,test_reserved,
21,8481,35768,VKs4XnryB58,UCcspHoBTj_aLhnJLwkMpWHQ,development,5
21,8482,35769,qd-HfPj9vc0,UCRDDfbYPHX_GUJ4lcQYTc8A,development,4
21,8483,35771,yT5yv5uV72U,UCqfovLfBicKkRKSoQOiQDtA,development,4
21,8484,35775,GHYNlFsZAYU,UCA5xW2Ce7KT2AtxzDYDebCA,development,5
21,8485,35778,OykJ3RSxVR4,UCckltLEhFLv8Xz_lQhYfwmg,development,1
21,8486,35784,1SwHbuNjWEs,UC94kX8sCqFj-3I4DgLGoQMg,development,4
21,8487,35785,dCPwPIzL23M,UCgnFSj7jQffD5V5m05j4dPw,development,5
21,8488,35787,2hBtDJ3f07Y,UCpamW3WJjX0CgjWGsBxIm2w,development,5
21,8489,35792,7zQTdt8ra6I,UCc30sTBdN9LRSxEuHaXV_bQ,test_reserved,
21,8490,35796,RS2t02C08o0,UCgnFSj7jQffD5V5m05j4dPw,development,5
21,8491,35798,FWIlrTU22ZY,UCV_4W6LL-Iwh0UaT_B6exQg,development,3
21,8492,35801,b5eaSNDwTDY,UCAGQUfHzdsgxJ1pq2XDS2TQ,development,2
21,8493,35802,C7-AnjJdwlU,UCXfgx23Lw81I4wsCNhdVBgw,development,2
21,8494,35803,izIQd30ppX4,UCckltLEhFLv8Xz_lQhYfwmg,development,1
21,8495,35804,5XCBrjPpDnQ,UCRDDfbYPHX_GUJ4lcQYTc8A,development,4
21,8496,35806,Fm1bQpdLndA,UCB-bp711WZ_Byu1zwfmxJDg,development,3
21,8497,35819,AOQsCxk8IBY,UCiBHV5AwzPEBhlIX3yR6-Ig,development,2
21,8498,35820,SzwjgBRFw24,UCckltLEhFLv8Xz_lQhYfwmg,development,1
21,8499,35829,QEo0UgN90J4,UC26VRuzyIws063aBlfjPuug,test_reserved,
21,8500,35831,fP-TYsDUcZA,UCoE6G13zYV3X5klMONxrQwQ,test_reserved,
21,8501,35833,F8oIgo6THbI,UCmrLu4r89ykOzmtmbAeEklA,development,3
21,8502,35837,-3z9Ko6vsjI,UCOtYyt7W5PmPnwQjWWF_Z-Q,development,3
21,8503,35839,UazqIWrgwkA,UCgnFSj7jQffD5V5m05j4dPw,development,5
21,8504,35840,zXpjXBN99HA,UCbR7juPwtP-bV_w0840ciYQ,development,4
21,8505,35847,vfYailAW6GE,UCckltLEhFLv8Xz_lQhYfwmg,development,1
21,8506,35859,ZHswl7hOvZQ,UC6aSX46078fvOY9bY9ZUTYw,development,5
21,8507,35863,j1aaCASX4j8,UClBC9kT7SSFliwTgLQ7Ms4g,development,4
21,8508,35873,t1P-m_5gh80,UCSw_5fZrselH_au61zvIpJw,development,2
21,8509,35879,lz6cdOQJjjg,UCiP6DUi_wjUMfc4bo0yIusQ,development,1
21,8510,35900,rirSVBThTxs,UCJojbxGV0sfU1QPWhRxx4-A,test_reserved,
21,8511,35907,IAdz24a5WOw,UCC-QxtkZPfDCczEeT3SEsYA,development,5
21,8512,35909,3ThB0tMKTdk,UCOChhrxHx8lLASkitfBu3-A,test_reserved,
21,8513,35912,cHH0DWcdMoo,UC8rcDufKZ3W6CtZU69CtMXg,development,3
21,8514,35919,S9gPYZvcBcU,UCckltLEhFLv8Xz_lQhYfwmg,development,1
21,8515,35926,L3BEoDUMuHk,UC8qBNfgWRK_WYYGSmmrfgPA,test_reserved,
21,8516,35931,Yx3R-nuH_wU,UCqrqt9Egbp4Voh3iEUUoorw,test_reserved,
21,8517,35933,1TCAnlKoX0c,UCckltLEhFLv8Xz_lQhYfwmg,development,1
21,8518,35936,B6D-NDN_Bjc,UCCK3OZi788Ok44K97WAhLKQ,development,2
21,8519,35940,hkr-fjPSEv0,UCrVFS_0PdV7AwyTgR13IcVg,test_reserved,
21,8520,35942,hrP-bLmuXdw,UCJc1hbJPvG5f2v8iSPG-3CA,development,1
21,8521,35943,L_Vt3u6qZJY,UCxTVnqDo0Gw2dfe5J3j-vbA,development,3
21,8522,35947,KxUsF5sUX7A,UClSIhhnuyF8fXtBTpOOTknA,development,2
21,8523,35950,dPYYhU0GyUU,UCm8I2aLYgPm_gdzw4SSkiGg,development,3
21,8524,35954,D6iu8jJD5TI,UCVqfoMNwM8SIpL6BMGTZbcA,development,1
21,8525,35959,Et061t9VwpQ,UCckltLEhFLv8Xz_lQhYfwmg,development,1
21,8526,35961,_PuZk8B3tt4,UCY8MMMOhm6-om2MX97fFnpQ,development,1
21,8527,35977,RJjtZS533Gc,UCn0XmAUFv6d2tofMFEesSNw,development,5
21,8528,35982,pnUUp3Lluak,UCckltLEhFLv8Xz_lQhYfwmg,development,1
21,8529,35987,DIRsEcrh_xY,UCu-3suV6l3eSFmgWE4EDYig,development,2
21,8530,35990,qrmw4CcDgQo,UCRHYFnWL0aYTQ9qmvfZnUxg,test_reserved,
21,8531,35994,W91Ix7rrWOw,UCbS_glb2N1NVTrDLVryRbng,development,4
21,8532,35996,AkH7cF10k80,UCCK3OZi788Ok44K97WAhLKQ,development,2
21,8533,35999,dDuKJheozc8,UCYweMykEAI5aaRztqrJuuAg,development,5
21,8534,36000,GrqVWz1XcBQ,UCCK3OZi788Ok44K97WAhLKQ,development,2
21,8535,36010,shlIpVfrW68,UCAH7R88V7gz7RqJv78nNOzg,development,3
21,8536,36012,x4tcHybBrs4,UCW5J0vbGISAYVK_Oz6m2Dqw,development,5
21,8537,36014,NHdirxTIyAk,UCmGMChEd9jBucufrWcpk3Ew,development,5
21,8538,36021,gbt3TlUTpLI,UCA5xW2Ce7KT2AtxzDYDebCA,development,5
21,8539,36029,qiiuHFNnetU,UCCK3OZi788Ok44K97WAhLKQ,development,2
21,8540,36030,SLXSMrZlEkU,UCLNz9bgiJfM3ImTtYDOt8Ew,test_reserved,
21,8541,36052,QquR40pyNH0,UCPfU0uygBGutjaaJU5PpEvg,development,2
21,8542,36053,zT72dxwrFuc,UCNPYfKcafveO1qA81WSW9CQ,development,5
21,8543,36054,ktgaEI1G3NE,UCc30sTBdN9LRSxEuHaXV_bQ,test_reserved,
21,8544,36057,o1vY9DbVCwA,UCgoCbMJ4JnH0q40GofKZxVg,development,2
21,8545,36061,sH1Vx4EFJ8o,UCOtYyt7W5PmPnwQjWWF_Z-Q,development,3
21,8546,36066,u2jn8qvOJYk,UCCK3OZi788Ok44K97WAhLKQ,development,2
21,8547,36070,oF-LKWK9yhY,UCbR7juPwtP-bV_w0840ciYQ,development,4
21,8548,36082,b4Qj8-1l-2c,UCes373iqg3EYZrnuhDWkfeA,development,1
21,8549,36085,rb_ecmPBYeI,UCcijXxFzSXgoM6q9cCtT9PA,test_reserved,
21,8550,36093,c7MvB7JhRNs,UCc30sTBdN9LRSxEuHaXV_bQ,test_reserved,
21,8551,36098,mJS2Oy3bago,UCckltLEhFLv8Xz_lQhYfwmg,development,1
21,8552,36101,GutOJDJ_8JI,UCVd1jcy6wKFzfQ5E-Txtg-w,development,4
21,8553,36107,adGEQYNh0XY,UCckltLEhFLv8Xz_lQhYfwmg,development,1
21,8554,36110,6XQoMc6kZiA,UCaimrRf9hNFf1jMilmLlGEQ,development,3
21,8555,36112,ykm_TF_ixIM,UCfQfw--8dPGypR7sGcXJz0w,development,4
21,8556,36115,YJ-CKAVPw-E,UCxyOEiDidNJQGoMJXjOVW7A,development,2
21,8557,36117,FqMyJ5JEdh0,UCQTcNhAZidy1i9wwmdgf2Lw,development,4
21,8558,36119,jwk9XvgqoTg,UCcijXxFzSXgoM6q9cCtT9PA,test_reserved,
21,8559,36120,IUFwr9E39do,UCPdASwipemqGhpK-B-a12Ow,development,4
21,8560,36125,_GQD6fycj8w,UCOtYyt7W5PmPnwQjWWF_Z-Q,development,3
21,8561,36128,YZsj6k7jVNY,UCx4GT61AI2dyy3FVFZ3s9Hw,development,1
21,8562,36129,gPN6cGv7pNc,UCjKSK3d5r0O78WGnMouSvDw,development,4
21,8563,36132,61hbAygzXC8,UCXn1a_JRiiunkEVS9tamdCA,development,4
21,8564,36133,xfWqEUHdAwE,UC55ZUgpS4-bUNhFtuDt4jqQ,test_reserved,
21,8565,36135,E8q6K2iKXj0,UCCK3OZi788Ok44K97WAhLKQ,development,2
21,8566,36143,XPF9qJKqgrQ,UCmqflTSJ6911aCrnaWIXxsA,development,2
21,8567,36144,3Nyv3AE7EXY,UCckltLEhFLv8Xz_lQhYfwmg,development,1
21,8568,36154,dC5Yq1k5DxE,UC-DEHYgvcA5bBD3cWo_vSuA,test_reserved,
21,8569,36164,A4cZADvOHk8,UCPXSUKHTNc1_hnHuj-UiQWQ,test_reserved,
21,8570,36169,MeBG4VVx8PE,UCix7C1KG_SPtiMXommMExNg,development,4
21,8571,36170,1d0pzTb6E_Y,UC4UaWbUUwVvCxWNqhb4f16Q,development,4
21,8572,36180,ekHwbMEUtLg,UCGUIJxToYLu79zr7YzpmZjg,development,2
21,8573,36186,b1mX_kjIYDI,UCckltLEhFLv8Xz_lQhYfwmg,development,1
21,8574,36194,VsUqoYb5Dr8,UCCK3OZi788Ok44K97WAhLKQ,development,2
21,8575,36196,g4Bb3eTt_m0,UCkagcQYGoYFuXsUg-ObSL6A,test_reserved,
21,8576,36200,k3McaT_YJCM,UClSIhhnuyF8fXtBTpOOTknA,development,2
21,8577,36212,4yjsEAL1xKQ,UC1YGPDtctHGJWW0NrlQVklw,test_reserved,
21,8578,36215,M81fckDXlio,UCtIzUW426lTNR34-GGMQvrQ,development,3
21,8579,36219,MeyPhmr2itI,UCoUtpHt61tmeSpaznNoqr3g,development,5
21,8580,36220,pW_kFkmVGyo,UCTlVnv2IrpdHPiB4PeaH6Lw,development,2
21,8581,36221,RxCtYiUIWZg,UCEuz_HGv5er0LZsztjO4g5Q,test_reserved,
21,8582,36222,Q7aFuwIRl_Q,UCL6CPo74VXtsNZokcnIkzmQ,development,3
21,8583,36230,x6GpP36TdIY,UCFYP9-HfFF-Pg7DibBsCAlQ,development,2
21,8584,36232,ldguRkaGa38,UCV1NPkc2O0YZBtx_rhDkicw,development,3
21,8585,36237,bd9X7waP4uI,UCCK3OZi788Ok44K97WAhLKQ,development,2
21,8586,36238,4P9TQLJgt_8,UC9iEv8PqeHuC3ZVt0QqN-pQ,test_reserved,
21,8587,36241,7lOxswsvGD4,UCqK8Pziw5w_zNPAzQS4lXaA,development,1
21,8588,36247,b6VVgybSqm8,UCT83ymyAGm7Gnk_4ifxjxIA,development,4
21,8589,36250,xgS0eoEJjkI,UCcijXxFzSXgoM6q9cCtT9PA,test_reserved,
21,8590,36256,8ToyXGSTMzE,UCOtYyt7W5PmPnwQjWWF_Z-Q,development,3
21,8591,36258,YS2SRKuZANs,UCceS_252pdNUa5ztP_MW8rw,development,1
21,8592,36261,laWlBxaMHGg,UCMayHG7j39d11Gh36vV7GnQ,development,5
21,8593,36267,N74JMVId438,UCtIzUW426lTNR34-GGMQvrQ,development,3
21,8594,36282,8_rWshoyVR0,UC-0Mao449ypwT0j6O4Dq1kA,development,5
21,8595,36284,vOL_7ZkcsIU,UCCK3OZi788Ok44K97WAhLKQ,development,2
21,8596,36285,TQV3xSOS4bg,UCcijXxFzSXgoM6q9cCtT9PA,test_reserved,
21,8597,36290,cBJtbZQBGBg,UCfQzTP1jc7JXj8hYtG31osw,development,2
21,8598,36292,yzBwJ5F0T1E,UCcrsFwwoMvcXYpJ0XldIlVQ,development,3
21,8599,36296,BAJ6xD85Rjw,UCCK3OZi788Ok44K97WAhLKQ,development,2
21,8600,36310,qHv1gH6jq6c,UCb6RrPJLl-GpO7qfVA1Z0VQ,development,3
21,8601,36315,JrunQZtOs4Q,UC0ZcZzDZe8x6-olaRR5-wYw,development,4
21,8602,36318,zvY_jJgbx94,UCix7C1KG_SPtiMXommMExNg,development,4
21,8603,36322,e9mz4Z4043k,UCA4N4qep0RLPt94J_4SC8pw,development,2
21,8604,36323,vl7aEjllinE,UCCbm1E52PV05ZLv6dtRB92Q,development,5
21,8605,36324,qc-FqeX8cM0,UC8rcDufKZ3W6CtZU69CtMXg,development,3
21,8606,36330,-wdwlDUbutg,UCc30sTBdN9LRSxEuHaXV_bQ,test_reserved,
21,8607,36332,kt44SZu7RF4,UCMxeqmVKOqiqh7V_A3h4gfA,test_reserved,
21,8608,36337,R7wEtmI1W3k,UCbVw-Yr6A7L4hPi8W6zsQlw,development,3
21,8609,36341,MIilkinNK3c,UC6yh7ac2hUGUbrZl_IXwoug,development,1
21,8610,36342,a2KqweJydmQ,UCbS_glb2N1NVTrDLVryRbng,development,4
21,8611,36347,eJCoPFvlwok,UCfVmYgJP_bBt00lLtPGsbcQ,development,5
21,8612,36348,swv0fIkEgpE,UCqd4MOSPOwMbyQFsC_zBdOw,development,3
21,8613,36349,tj0pRlQ7H9s,UCV1NPkc2O0YZBtx_rhDkicw,development,3
21,8614,36358,T4Q3CPZcx2o,UC_nTuqFK2NuOeVU2YQ7Z6Xg,test_reserved,
21,8615,36361,QiTP0NnszXo,UCNSnFwvrkdgy7yoDd3M9uYQ,development,1
21,8616,36362,182vORlBtOY,UCckltLEhFLv8Xz_lQhYfwmg,development,1
21,8617,36365,AFKZJBQWiCA,UCMayHG7j39d11Gh36vV7GnQ,development,5
21,8618,36374,sUGKHguMe6A,UCYk97F4sCu3hEWp6YEH-Dow,development,2
21,8619,36375,ScuqTMPZcxY,UCXRnXDVoCjqUN_sOJweAXyQ,development,4
21,8620,36379,bZUORVjZpaA,UCx7lEnwLHxO9yPjOotGb-bA,development,3
21,8621,36382,eophfKzg7f8,UCIoyIVPZEfC2p0dQwAxGiEw,development,5
21,8622,36388,0o8s9jY-3Sk,UCw6-MbidLyoWQlvb9FFz5xQ,development,3
21,8623,36392,q-MjvZ7wtsA,UCQTcNhAZidy1i9wwmdgf2Lw,development,4
21,8624,36395,zL2M4Yw-2Rc,UCOtYyt7W5PmPnwQjWWF_Z-Q,development,3
21,8625,36396,hEmEnP2jG-4,UC5-n2dfksESEt3ATmM6Uujw,development,4
21,8626,36397,V03SJ-HmuE0,UC12Ujt77-UFGXPAalKwuXDg,development,1
21,8627,36404,tQltqiOhXac,UCPXSUKHTNc1_hnHuj-UiQWQ,test_reserved,
21,8628,36405,nCZoWnc8AXg,UCcrsFwwoMvcXYpJ0XldIlVQ,development,3
21,8629,36407,VwWj5oQAzBA,UCE_G_4cy5SxO7kHwINqJLeQ,development,2
21,8630,36411,3uBIr7pIj84,UCQkPhQ-6NhA1v7Tpsp6EnKQ,development,2
21,8631,36417,QNKiuhhs-nA,UCkagcQYGoYFuXsUg-ObSL6A,test_reserved,
21,8632,36420,JOJGZK8z5jo,UC8lKgUHo-2mSR5cRRXO9xow,development,3
21,8633,36433,Ia1mU5fXkSU,UC_0KqdgCMvhbpYcp9JaqQRg,development,4
21,8634,36439,8FL79PESkdo,UCzyTz2So395JRTH79AlQS7Q,development,1
21,8635,36440,-LSRUAMAsy4,UCjKSK3d5r0O78WGnMouSvDw,development,4
21,8636,36443,zmwnz8WAhc8,UCWBGcCHKv85MuFwgax4oc9w,development,2
21,8637,36446,OH-tA9Srf0M,UCRDDfbYPHX_GUJ4lcQYTc8A,development,4
21,8638,36447,vXN-zC1-xNg,UCckltLEhFLv8Xz_lQhYfwmg,development,1
21,8639,36450,3PBTbPFuCGE,UC1sLZ1wqSN1YFrlp92y5yyA,test_reserved,
21,8640,36451,c70NpT4mWfo,UC55ZUgpS4-bUNhFtuDt4jqQ,test_reserved,
21,8641,36460,o9uq9yIGyi0,UC2vkiMjVj6b_1hq0q3J5pyQ,development,2
21,8642,36463,0tpaIMiQ4Lo,UCrLvbl-59ugBtbyBYyicZnw,development,4
21,8643,36465,WnJGltEk9_4,UCYweMykEAI5aaRztqrJuuAg,development,5
21,8644,36466,qHs9EhYYHxk,UCrmzxiCDMV3hI56E9nYy-4A,development,4
21,8645,36470,1P-Ghy3ibLg,UC0tV1b7IFEXFUUILF7mAcWw,development,2
21,8646,36472,dtUiOGMQGnY,UCvRkl4sHIgChIFxeTlbwAGQ,development,2
21,8647,36475,Ybu-UXpxtV8,UClSIhhnuyF8fXtBTpOOTknA,development,2
21,8648,36480,PuFMhDMvMMw,UCzNxbzqN0to4GNb9otFuGJQ,development,4
21,8649,36481,E8ML0tKpOIg,UCgnFSj7jQffD5V5m05j4dPw,development,5
21,8650,36489,-w-FUY0l6oA,UCOtYyt7W5PmPnwQjWWF_Z-Q,development,3
21,8651,36498,Wbl8I2Xeh6I,UCDyVn80GuHYMgkKe3nVJXAw,development,1
21,8652,36501,gLJoTtojgxM,UCckltLEhFLv8Xz_lQhYfwmg,development,1
21,8653,36503,oOAj2-p447I,UCM19g5ow7vLXDTYx_j9Z7VQ,development,3
21,8654,36505,URBzhTWbRPw,UC0RWGQFXExJPSdMNf9VAiHg,development,4
21,8655,36506,nTTT5XsRcrE,UCK1KrPXgXaam1S6fF8rRQSg,test_reserved,
21,8656,36508,14T-gHl8d_k,UCix7C1KG_SPtiMXommMExNg,development,4
21,8657,36512,QyovkDpY2L0,UC8qBNfgWRK_WYYGSmmrfgPA,test_reserved,
21,8658,36514,NnyZ7MoR95U,UCfVmYgJP_bBt00lLtPGsbcQ,development,5
21,8659,36518,ssD83m0Ria8,UCF11-Puqxb0jdeWNc7F_Fcw,development,1
21,8660,36520,FHQbo9kBD-M,UCIKg0Ev6Vq2M7hU7bL_jHFQ,development,4
21,8661,36521,hSRhx-RsK40,UCCK3OZi788Ok44K97WAhLKQ,development,2
21,8662,36524,MX2WTH3rH_4,UCdgWTRipbTuQsIiiPb6fB-A,development,4
21,8663,36526,NDfGVL43CzQ,UClSIhhnuyF8fXtBTpOOTknA,development,2
21,8664,36529,xvV_hacTtCk,UCZfQAl56Y6qStW8DECs2hGw,development,4
21,8665,36532,M2AlJqOdwZ0,UCDhV2dS5kewSaccFl9g66sw,development,3
21,8666,36533,bPvI7ne4yZo,UCbRbdFTihZZCq8r5-bQa0sA,development,2
21,8667,36544,zG6LEYzRjVU,UCcijXxFzSXgoM6q9cCtT9PA,test_reserved,
21,8668,36545,sujaSNs9KRQ,UCuW9OiaVwvoOraW1Jcc3_uA,development,2
21,8669,36548,VbaKPySPi58,UC8qBNfgWRK_WYYGSmmrfgPA,test_reserved,
21,8670,36554,WPf4p38JuIY,UCCK3OZi788Ok44K97WAhLKQ,development,2
21,8671,36561,7RX6OEx7eoQ,UCP2YhISU6q8pOw8fbS4NjTg,development,4
21,8672,36562,xHgrDMNDR4k,UCoPGkvh-1AoSzh23-ROXrpw,development,3
21,8673,36565,gkeG4uaq-mA,UCOtYyt7W5PmPnwQjWWF_Z-Q,development,3
21,8674,36567,1es460fKrrc,UCkXjFNkQdPUGCXGvwqAx7og,development,2
21,8675,36568,I5fa1KkOJ_Q,UCOHyRrRuD2zGCkpuCAlyOyA,test_reserved,
21,8676,36569,axElPmY5l50,UCckltLEhFLv8Xz_lQhYfwmg,development,1
21,8677,36573,Pv3l_U249MI,UC9y7Wh-inBLM44vBwc9MGJg,test_reserved,
21,8678,36574,iXKcODDMrmE,UC_R5RnT7O66G791kXv-9_vg,development,2
21,8679,36580,DQDsGN_RtA0,UCvsksEXBnVKBj0QiQ6cnTdw,development,2
21,8680,36582,lxwMx6iWIuA,UCF1tNzAPwJ9ImgfuT-brCBw,development,4
21,8681,36583,K5qGqK0FGvY,UCmGMChEd9jBucufrWcpk3Ew,development,5
21,8682,36584,vj24I3qgAOc,UCcg4tDKgPLIc_x3lhWdogLg,development,3
21,8683,36586,A0tLCJAJw-U,UCVOZ_y2K3fnUOmuMtnxLk1Q,development,2
21,8684,36588,KUJhK1hUWHE,UCbS_glb2N1NVTrDLVryRbng,development,4
21,8685,36589,pFR0O6W1obo,UCqrqt9Egbp4Voh3iEUUoorw,test_reserved,
21,8686,36595,V91NJffi8FQ,UCckltLEhFLv8Xz_lQhYfwmg,development,1
21,8687,36596,921Vy0XNyKM,UCpP5Y5ssB2iicCuWrpVpR3A,development,3
21,8688,36598,axPOvQWiZ8c,UCckltLEhFLv8Xz_lQhYfwmg,development,1
21,8689,36604,zygpZCnFO9c,UCckltLEhFLv8Xz_lQhYfwmg,development,1
21,8690,36605,d_Qt-e62OsE,UCFuP4DmMM9LZOMoa86vsZig,test_reserved,
21,8691,36609,lQGbkgw4vJw,UCFuP4DmMM9LZOMoa86vsZig,test_reserved,
21,8692,36610,4rizpS-TKQU,UCCK3OZi788Ok44K97WAhLKQ,development,2
21,8693,36611,D6DWfRwRIuI,UCCK3OZi788Ok44K97WAhLKQ,development,2
21,8694,36612,WIbYwYX7rZg,UCgnFSj7jQffD5V5m05j4dPw,development,5
21,8695,36615,QWQFgBE4JE0,UChtQ7TCSKmvCIqonz1eto1w,development,2
21,8696,36616,rhK8FEh9Das,UC5mNdm6_f2fv50Hzsg7qW1g,development,2
21,8697,36621,l-vQ_evQ-7w,UCOHyRrRuD2zGCkpuCAlyOyA,test_reserved,
21,8698,36625,wxk401zlC6E,UCT5hbklvvx8zBkc26IzPQHg,development,4
21,8699,36628,VvZ8GuimotM,UCckltLEhFLv8Xz_lQhYfwmg,development,1
21,8700,36629,YuEOq6ESTVA,UCRDDfbYPHX_GUJ4lcQYTc8A,development,4
21,8701,36633,B6Y50vLR4P0,UCckltLEhFLv8Xz_lQhYfwmg,development,1
21,8702,36636,eQDBCCUpDk8,UCJ2VUk1Xl_9Z1gkND1h_wGA,development,1
21,8703,36640,IXzFHnwSIhI,UCz4AovJf6gmXyGIgRO9ouUw,development,5
21,8704,36647,pSRlHrmW2Vo,UCrmzxiCDMV3hI56E9nYy-4A,development,4
21,8705,36652,Tkpc_0Uqqq8,UCqrqt9Egbp4Voh3iEUUoorw,test_reserved,
21,8706,36667,OOEY0U7pgGI,UCckltLEhFLv8Xz_lQhYfwmg,development,1
21,8707,36668,K2DbQgAJluU,UCc30sTBdN9LRSxEuHaXV_bQ,test_reserved,
21,8708,36674,iclZ_ude4oA,UCeixuk-NkKqLJfZKcK2fQig,development,2
21,8709,36682,xntHimBXuR8,UCkzFXIie723z4vsYAMsMGsg,development,2
21,8710,36683,-6l1HibZVaA,UCcijXxFzSXgoM6q9cCtT9PA,test_reserved,
21,8711,36684,c9o8PSDpHkU,UCM3bQBUJ0PEbgfe9lAw_Y3Q,development,4
21,8712,36685,w5mVAksNWYY,UC1hcl0aIr9KtXA-Kiq9itqw,test_reserved,
21,8713,36694,7EM6bp4dHho,UCsGsDaPTOt6VXRPF2FyAJ4g,development,5
21,8714,36695,EVLZvljZVHw,UCKIAuvwMPOv0uVrGdGS2V7w,development,2
21,8715,36699,q2wEhGEaIsk,UC4Pb9SEsCb1EpsXVYAVVajw,development,2
21,8716,36708,Rn6zwsRW7v0,UCAH7R88V7gz7RqJv78nNOzg,development,3
21,8717,36714,-NHPJdPT55g,UCgnFSj7jQffD5V5m05j4dPw,development,5
21,8718,36718,k1WZt2fyeJE,UCPXSUKHTNc1_hnHuj-UiQWQ,test_reserved,
21,8719,36719,aQ4TwQp_vEo,UC0RX5hQE6UpHTjfub4NZSPg,test_reserved,
21,8720,36728,H9ey7HqTR0A,UC22LfvKY_7Ibkt5I5wFqwfg,development,1
21,8721,36733,-1zknxHBiLg,UCcijXxFzSXgoM6q9cCtT9PA,test_reserved,
21,8722,36735,_dASpKfwsVk,UCgnFSj7jQffD5V5m05j4dPw,development,5
21,8723,36736,8pfCuvJ1YKk,UCqrqt9Egbp4Voh3iEUUoorw,test_reserved,
21,8724,36741,-FaDebg-FuU,UC1YGPDtctHGJWW0NrlQVklw,test_reserved,
21,8725,36742,e99d1t-ku4k,UCbR7juPwtP-bV_w0840ciYQ,development,4
21,8726,36747,bpa43LBGZuk,UC3Wr3B8vZyMuPK1XExr5Npg,development,4
21,8727,36752,ApMhpaHDVuY,UCLNz9bgiJfM3ImTtYDOt8Ew,test_reserved,
21,8728,36761,d5I-KaWs8NE,UCckltLEhFLv8Xz_lQhYfwmg,development,1
21,8729,36762,MfS610aehdg,UCOtYyt7W5PmPnwQjWWF_Z-Q,development,3
21,8730,36764,q9mTeDVJ0Y4,UCT83ymyAGm7Gnk_4ifxjxIA,development,4
21,8731,36766,nj5LgUrPRyw,UCPXSUKHTNc1_hnHuj-UiQWQ,test_reserved,
21,8732,36770,ph8XULMelKk,UCCK3OZi788Ok44K97WAhLKQ,development,2
21,8733,36773,3YWWxhU0diU,UCPdASwipemqGhpK-B-a12Ow,development,4
21,8734,36775,53ZQY9x-eyE,UCKZjHYC2CfZ0EZkkTWogsVA,development,4
21,8735,36776,2eYLB3s4bnk,UCaESx7Bdghv_UICcG1hBkcg,development,5
21,8736,36777,GsRt6DG-T-g,UCcijXxFzSXgoM6q9cCtT9PA,test_reserved,
21,8737,36778,53kQSQB0Ccs,UCN3Buj32nQOlbBjWmj1Eoqw,development,3
21,8738,36780,lu05puMLxhw,UCckltLEhFLv8Xz_lQhYfwmg,development,1
21,8739,36782,bsATTDd-dfE,UCckltLEhFLv8Xz_lQhYfwmg,development,1
21,8740,36788,v7mdhozeIEQ,UCPfU0uygBGutjaaJU5PpEvg,development,2
21,8741,36792,KHxzfC2qej0,UCPfU0uygBGutjaaJU5PpEvg,development,2
21,8742,36796,Iqxesljic1A,UCiP6DUi_wjUMfc4bo0yIusQ,development,1
21,8743,36798,AvYfDDMhxKI,UCPXSUKHTNc1_hnHuj-UiQWQ,test_reserved,
21,8744,36799,Ey_lv8_6JDM,UCckltLEhFLv8Xz_lQhYfwmg,development,1
21,8745,36807,zj2VezGZlMg,UCckltLEhFLv8Xz_lQhYfwmg,development,1
21,8746,36814,Nv5AqHkBZiQ,UCIoyIVPZEfC2p0dQwAxGiEw,development,5
21,8747,36821,rqjmdYLefGQ,UCkC-yhK-WnPNaNslH_LbBWQ,development,3
21,8748,36824,Q8GygbYPljg,UCG0j1mTQov3RVBgLgh6wbKg,development,2
21,8749,36825,KsVm06TnwzA,UCbR7juPwtP-bV_w0840ciYQ,development,4
21,8750,36827,kju6VmFDQGI,UCP0FKFuz9j2Dp-QDr-Dv_0g,development,4
21,8751,36829,sgVU5Te2TkY,UCckltLEhFLv8Xz_lQhYfwmg,development,1
21,8752,36831,-e6LJ78skss,UCcijXxFzSXgoM6q9cCtT9PA,test_reserved,
21,8753,36838,VFHngNvhlEg,UC8lKgUHo-2mSR5cRRXO9xow,development,3
21,8754,36841,OEpSZnsGje0,UCowiYUdbNsL9qVmpY9Z0jLQ,development,4
21,8755,36845,R4idVpqpKLw,UCCK3OZi788Ok44K97WAhLKQ,development,2
21,8756,36848,zybFX-bzTjA,UCxPYVvthidICJb75llNXktg,development,1
21,8757,36850,ZCvfq5L9p08,UC7lMOYGM4RHBvV8TR5zYmvQ,test_reserved,
21,8758,36855,7odGpq8Nm-Q,UCLuP7ROjaueiuNbzrvPqXSQ,development,2
21,8759,36856,DlbjgPyFcV0,UCOtYyt7W5PmPnwQjWWF_Z-Q,development,3
21,8760,36857,M_LuNCDhkvk,UCCK3OZi788Ok44K97WAhLKQ,development,2
21,8761,36861,F0yhaYdK39E,UCPXSUKHTNc1_hnHuj-UiQWQ,test_reserved,
21,8762,36864,kE554kK4rzw,UCNE9NOD2gYqalo9436sfW4Q,development,2
21,8763,36886,uuQDrFbdevs,UCkagcQYGoYFuXsUg-ObSL6A,test_reserved,
21,8764,36890,VmDfXXvudxY,UCHtKFAn73LJU4wB_w54wNCw,development,4
21,8765,36891,-bwrMDOfy9k,UCCK3OZi788Ok44K97WAhLKQ,development,2
21,8766,36896,AERuPZF7IzE,UCkM9Dn8ZcDf8U2566xTIjAg,test_reserved,
21,8767,36900,ZvTBECAxu1k,UCckltLEhFLv8Xz_lQhYfwmg,development,1
21,8768,36911,r47Kf_FA7EM,UCM3bQBUJ0PEbgfe9lAw_Y3Q,development,4
21,8769,36919,0T1yY7W-Cs0,UCU61_hys4AeiR3wSoZ_cxHg,development,3
21,8770,36922,1p3pDjhcods,UC87goh34oNbvOH468hyfQVg,development,5
21,8771,36926,CjlvlYrq7sc,UCOtYyt7W5PmPnwQjWWF_Z-Q,development,3
21,8772,36927,f1o-2wWm3D8,UCckltLEhFLv8Xz_lQhYfwmg,development,1
21,8773,36928,A8C39zpgr0M,UC0AQUZV55ALmw7y4w4UJRYQ,test_reserved,
21,8774,36931,L7JM2ClkdNg,UC0OQrrbVFEASTwszPPVOndA,development,4
21,8775,36933,NZeyE3VKg8E,UCOHyRrRuD2zGCkpuCAlyOyA,test_reserved,
21,8776,36935,usJDkPWFnLo,UCOtYyt7W5PmPnwQjWWF_Z-Q,development,3
21,8777,36944,jtwYkmjAJQs,UCV-q7cRK5yFYEFzWuoQOmQQ,development,5
21,8778,36946,19C0qwBGOKg,UCCK3OZi788Ok44K97WAhLKQ,development,2
21,8779,36948,JteAFp5PHw4,UCtnFdFtN_fDK-xHkgGtgloA,development,4
21,8780,36960,vMoSXXOIkQY,UCckltLEhFLv8Xz_lQhYfwmg,development,1
21,8781,36962,WYuMZ-xlEGo,UCo7jGFwywOdtesciwW-POqg,development,3
21,8782,36966,sG3zlcIh0Ec,UCOtYyt7W5PmPnwQjWWF_Z-Q,development,3
21,8783,36973,2g5HYuVoZP0,UC_oQPOpRefuPENfsJ404nmA,development,1
21,8784,36987,ccsG0v4nITY,UCcijXxFzSXgoM6q9cCtT9PA,test_reserved,
21,8785,36988,k8SujPmtKOs,UCOgsOVUELkkv_irhET9kK_Q,development,1
21,8786,36993,Ujtc76boa50,UCag44-HADW04gc6h5u5jrcw,development,2
21,8787,36994,TAtI58PkYbs,UCCK3OZi788Ok44K97WAhLKQ,development,2
21,8788,36995,0P0vJHRZUA0,UCaESx7Bdghv_UICcG1hBkcg,development,5
21,8789,36996,5Nv7Xh324Sk,UCnRg3w-mhthPX-3Wa1cAKDQ,development,3
21,8790,37008,8kMWiLHGBlc,UCf48pki8AqjBHuV80LcC7kA,development,5
21,8791,37009,X3FTDFTmc0Y,UCM1XR4yUmryIdI5um99YlKw,development,1
21,8792,37016,iwFopFOwdwM,UC4SAVyQ3jqaM1WSO4unz-hw,development,2
21,8793,37023,lHGuGl50ToQ,UCZpPfCxvP6T9rCkDX3tQfOw,test_reserved,
21,8794,37025,8t_SDL5q6NE,UCsPfJqaUdMINzYqBCEjwknQ,development,2
21,8795,37026,by6PUJugWTI,UCgnFSj7jQffD5V5m05j4dPw,development,5
21,8796,37029,uWpNNFv5EuY,UCpErRATj-Z4ux1lAtBhdfbg,development,5
21,8797,37030,_Om7ke8LUUc,UCgwh9BV2dh6VFO7MxL36iNw,development,3
21,8798,37033,PCbNcvEq9DA,UCCK3OZi788Ok44K97WAhLKQ,development,2
21,8799,37046,8agNHK_FVrw,UCizpLkljN7D18nKYOceGyGA,development,3
21,8800,37051,FOYm68u3qnc,UCAH7R88V7gz7RqJv78nNOzg,development,3
21,8801,37053,aR3LMjlixmU,UCRDDfbYPHX_GUJ4lcQYTc8A,development,4
21,8802,37057,c79sNIERgIs,UCCK3OZi788Ok44K97WAhLKQ,development,2
21,8803,37070,itHEEaMKcKQ,UCTrnwXaiRohA_UbIZ1_7sjQ,test_reserved,
21,8804,37073,iFcvVa79wjQ,UCngczh0dnYWq0eCB2gi5JqA,development,2
21,8805,37075,jwYtY58VLA4,UCbS_glb2N1NVTrDLVryRbng,development,4
21,8806,37077,fGFzwxESEds,UCQTcNhAZidy1i9wwmdgf2Lw,development,4
21,8807,37080,-jHKw9ISIBI,UCOtYyt7W5PmPnwQjWWF_Z-Q,development,3
21,8808,37081,OFLCzXQ4MgE,UCsbPUu0F_qqCmDFVjiRva1Q,development,1
21,8809,37083,PwDnPo1nIqk,UCQTcNhAZidy1i9wwmdgf2Lw,development,4
21,8810,37085,UDHGxdnilTs,UC80S9x_1mLIq3Q21dG-iy5A,development,1
21,8811,37088,-FNMDrxaqR4,UCJeJFkRVgi7gT7ViTxuHHdg,development,1
21,8812,37089,iezmty_sPGo,UCqShCHSDvCBKDN_GAsnLJmQ,development,4
21,8813,37101,toc9immecQY,UC7mhtAaF1ESJgCozpoS2lcQ,development,2
21,8814,37103,o2Y57cnmlNk,UCIi-sp4cticvdmHAodPeyvw,development,1
21,8815,37111,0s_l8s_Mr7A,UCZNreSxdvd50nzMz5zkXg4w,test_reserved,
21,8816,37113,p-PSjerClRI,UCCK3OZi788Ok44K97WAhLKQ,development,2
21,8817,37115,hS1w0hwupLE,UClSIhhnuyF8fXtBTpOOTknA,development,2
21,8818,37116,jvc-5LuZtB0,UCoZJaxWPeeGKZ6ShK5EsIkA,development,1
21,8819,37118,2-J4_cjOJik,UCOtYyt7W5PmPnwQjWWF_Z-Q,development,3
21,8820,37128,hisNdNbKsB4,UCu_ocDeJ-wty_Y1IiittaBA,development,3
21,8821,37129,2ge4gtFqFWY,UCoPGkvh-1AoSzh23-ROXrpw,development,3
21,8822,37136,Lr7Cj2pij5M,UCwH5wSFcuXiR_qYFMbl6S7A,development,1
21,8823,37145,LaFSi92X0nk,UCCK3OZi788Ok44K97WAhLKQ,development,2
21,8824,37146,ajR9EdoXdfU,UCA5xW2Ce7KT2AtxzDYDebCA,development,5
21,8825,37155,gIzY7j57qT8,UCCK3OZi788Ok44K97WAhLKQ,development,2
21,8826,37160,RKUhBOF9wtk,UCldiq7Z0JJVSkGXVgfV2qtg,development,4
21,8827,37162,wzTkj8ZpPyM,UCNbM4dl9kN5KDpmDdAW6zOg,test_reserved,
21,8828,37164,aVHCYXX-Ci8,UCckltLEhFLv8Xz_lQhYfwmg,development,1
21,8829,37165,Sx52Be1rvls,UCCK3OZi788Ok44K97WAhLKQ,development,2
21,8830,37170,fG3uJO_2iBU,UCf2Iar2LDcFaSCnVH1ZMUkA,development,3
21,8831,37173,DpJzvi5YCAQ,UCh2Xwe7on2Oa2MBtk8zvEuw,test_reserved,
21,8832,37175,dzHyDxykXH4,UCe13xXtdfx_n0_z1qeXV6_g,development,5
21,8833,37181,v9Zn66G1vHg,UCOtYyt7W5PmPnwQjWWF_Z-Q,development,3
21,8834,37184,nYpyuoADInc,UCQTcNhAZidy1i9wwmdgf2Lw,development,4
21,8835,37188,9wGHbZf-Zv8,UCCK3OZi788Ok44K97WAhLKQ,development,2
21,8836,37192,Uj0-y3Z0oOk,UC-GRFwciK7JiP8T4tl0pftQ,development,3
21,8837,37194,8dwapTYIL30,UCr5BVR_ePEz_9V-KF5rSEmQ,development,2
21,8838,37197,ekU8YaWR7iU,UCE_uaeRZwW7roZqYO31iDWg,test_reserved,
21,8839,37202,mB1IDkxYiVk,UCPfU0uygBGutjaaJU5PpEvg,development,2
21,8840,37203,WiRG3uTxeFM,UCzdwVqqrY_z1DJkpLfdMHag,development,1
21,8841,37205,QPOxmKs9sKA,UCCK3OZi788Ok44K97WAhLKQ,development,2
21,8842,37206,I89NIAgZaB8,UCCK3OZi788Ok44K97WAhLKQ,development,2
21,8843,37209,q27QPMjVZFA,UCc0sUeYh6uLZ055Meox_G5w,development,4
21,8844,37211,npdKOK4-qmU,UCcijXxFzSXgoM6q9cCtT9PA,test_reserved,
21,8845,37213,VUZDWMoizTU,UCBf296-OhUNfaDbtcYQ4RQQ,development,2
21,8846,37216,vItR3MM4kdE,UCCK3OZi788Ok44K97WAhLKQ,development,2
21,8847,37218,pP_o28bV2zE,UCHT6F9HJ9DtLUjTOH16yg6g,test_reserved,
21,8848,37236,lCoWFJkqI0U,UCbS_glb2N1NVTrDLVryRbng,development,4
21,8849,37237,5fOylrmpBLQ,UCGSDCIUEvUtO5wzIFtc4AgQ,development,2
21,8850,37249,w8Gg2B8w9cQ,UCIi-sp4cticvdmHAodPeyvw,development,1
21,8851,37252,6wVwrqnvP_s,UCOtYyt7W5PmPnwQjWWF_Z-Q,development,3
21,8852,37253,EmWc_M0DDpA,UC8qBNfgWRK_WYYGSmmrfgPA,test_reserved,
21,8853,37260,_UnbzJb4gYM,UCPAbeKHjE4HpRXqo4AXJzVQ,development,4
21,8854,37261,GbK12I36Imo,UCI9B6cvPkauAUvfV2CvKMMQ,test_reserved,
21,8855,37267,CtkbdgIkzy0,UC4RBCrw6cMvOXz4eNkIgbnA,development,1
21,8856,37273,-4t_KPY8Ki0,UCckltLEhFLv8Xz_lQhYfwmg,development,1
21,8857,37277,Zn26axD83uY,UCOtYyt7W5PmPnwQjWWF_Z-Q,development,3
21,8858,37289,VDNT0MOojvA,UCckltLEhFLv8Xz_lQhYfwmg,development,1
21,8859,37290,_ad7RpuhkdA,UCqrqt9Egbp4Voh3iEUUoorw,test_reserved,
21,8860,37292,C5pKtIxhBP0,UCh9qXeL8eP3Txra2908xksg,test_reserved,
21,8861,37300,hQT2UEsk_Ow,UCVXCitEEweQox0oyIsJONrQ,development,3
21,8862,37306,GSXCAt8ZxsM,UCiLbj6E-dvR3tDLKigo2juQ,development,4
21,8863,37318,BaPgzWCV_rg,UCmqflTSJ6911aCrnaWIXxsA,development,2
21,8864,37319,X2bt_59nOSY,UC2b5VAYjsOfepl9nAXgRmfQ,development,4
21,8865,37320,NcRV_zAa8yM,UCuTgmLxqarTxuBU5ARMYUNQ,test_reserved,
21,8866,37327,HR1uoGfRSH0,UCbS_glb2N1NVTrDLVryRbng,development,4
21,8867,37328,0JeyWVSg6CA,UCckltLEhFLv8Xz_lQhYfwmg,development,1
21,8868,37332,XnQllJVEp4U,UC7y523uvfJhftdgPfC6NHPA,development,3
21,8869,37338,cHhJw1Rpsho,UCOtYyt7W5PmPnwQjWWF_Z-Q,development,3
21,8870,37341,P0OcY2jDrEM,UCgnFSj7jQffD5V5m05j4dPw,development,5
21,8871,37350,5hZNyUF4WjU,UCgnFSj7jQffD5V5m05j4dPw,development,5
21,8872,37351,FQ9z2F8mI6c,UCckltLEhFLv8Xz_lQhYfwmg,development,1
21,8873,37360,1ExG1ApXThM,UC8qBNfgWRK_WYYGSmmrfgPA,test_reserved,
21,8874,37362,QrfjZnI9ZKQ,UCJeJFkRVgi7gT7ViTxuHHdg,development,1
21,8875,37363,GxpAIvnkrbg,UCaESx7Bdghv_UICcG1hBkcg,development,5
21,8876,37364,cYS898HtevQ,UCaESx7Bdghv_UICcG1hBkcg,development,5
21,8877,37375,Ngm9sk2qmm0,UCPfU0uygBGutjaaJU5PpEvg,development,2
21,8878,37376,4ZKpO65pjG0,UC8lKgUHo-2mSR5cRRXO9xow,development,3
21,8879,37379,DLCl2MMwZzk,UCiPqzkmX93ta8vFwMVS81oQ,development,4
21,8880,37383,bnaKMLwZAoc,UCBWG_GjopQPckewo1_IvhLQ,development,1
21,8881,37385,t2Ssl0zyJPg,UCXJm14vFoWrYud1ZXCiHj3A,development,3
21,8882,37389,Q4eISsgyR7o,UCcbOsE5_4LEjtQi8X2PFxDw,development,3
21,8883,37404,3q1UWo1mTC4,UCbR7juPwtP-bV_w0840ciYQ,development,4
21,8884,37405,WVaBKbEvgHw,UCCK3OZi788Ok44K97WAhLKQ,development,2
21,8885,37406,VVYfdExDKeU,UCMxeqmVKOqiqh7V_A3h4gfA,test_reserved,
21,8886,37409,XngxLVvS1cI,UCaIc6SgS90ud_RgMSC6hW_w,development,3
21,8887,37416,U9nSzq8ZRzo,UCLNz9bgiJfM3ImTtYDOt8Ew,test_reserved,
21,8888,37417,rGPZtG_pDqw,UCN5KMxQbOwIrbmJmsR4ojhA,development,5
21,8889,37420,bPp9E3PO2ns,UC5-n2dfksESEt3ATmM6Uujw,development,4
21,8890,37423,zmy3S6DCRjk,UCPXSUKHTNc1_hnHuj-UiQWQ,test_reserved,
21,8891,37428,GxHAjuHG_Iw,UCCK3OZi788Ok44K97WAhLKQ,development,2
21,8892,37430,xu2RqZ9bOe4,UC6IHfZ-Rez2LR0PH01YxL7w,development,3
21,8893,37434,NTaL5GQsYf4,UCQTcNhAZidy1i9wwmdgf2Lw,development,4
21,8894,37436,s6_zOo2rrtw,UCE_HRkZMtXQvjnCrM0aSjCQ,test_reserved,
21,8895,37441,OR71TFBFl1M,UCcrsFwwoMvcXYpJ0XldIlVQ,development,3
21,8896,37443,WP-FMtr-PoA,UCcijXxFzSXgoM6q9cCtT9PA,test_reserved,
21,8897,37450,LVKRUNO17Z4,UCiPqzkmX93ta8vFwMVS81oQ,development,4
21,8898,37453,Twz-vj6iUns,UCXSus5Zss-0FP1quj0Mpndw,development,3
21,8899,37454,mV3klYj0Ig0,UCckltLEhFLv8Xz_lQhYfwmg,development,1
21,8900,37455,FPsuKlJWOHk,UCXfgx23Lw81I4wsCNhdVBgw,development,2
21,8901,37456,SbBIEe_YwZM,UCbS_glb2N1NVTrDLVryRbng,development,4
21,8902,37465,8Yj4LTIdGKc,UCgy5luu86OLBeugp27Tnddw,test_reserved,
21,8903,37466,bYEG6pOIdt0,UCV-q7cRK5yFYEFzWuoQOmQQ,development,5
21,8904,37470,qPYzUvDtSKo,UCfctDMDRq0cS1N8ddyvLfAg,development,5
21,8905,37473,gfoAvWUz_4Q,UCOtYyt7W5PmPnwQjWWF_Z-Q,development,3
21,8906,37477,WTkwnch_jsw,UC26VRuzyIws063aBlfjPuug,test_reserved,
21,8907,37481,ZONEiInSvgE,UCCK3OZi788Ok44K97WAhLKQ,development,2
21,8908,37484,HjmyRM5ai7s,UCPVi34cCAfFZjs6gTlcfZJw,development,4
21,8909,37486,95nV9aZbEbY,UCBf296-OhUNfaDbtcYQ4RQQ,development,2
21,8910,37490,zeQ8Fs5lEMY,UCVfnhhDIkkBJ_1QyzCqeVDg,development,5
21,8911,37493,yTzDlI2ApAk,UCSfmHr5cQvlVKR2f6p8T01w,development,5
21,8912,37500,xVYzr0Hv5Do,UCCK3OZi788Ok44K97WAhLKQ,development,2
21,8913,37506,ktNa7qo9gK8,UC6IHfZ-Rez2LR0PH01YxL7w,development,3
21,8914,37510,6de7PIYMcMw,UCPXSUKHTNc1_hnHuj-UiQWQ,test_reserved,
21,8915,37511,bAsBIRgbjJU,UCQTcNhAZidy1i9wwmdgf2Lw,development,4
21,8916,37514,_layyKpwsyk,UCiJfplrc7idtWYpDsI325yQ,development,5
21,8917,37515,sdYmlnEhGQA,UC1YGPDtctHGJWW0NrlQVklw,test_reserved,
21,8918,37518,AaOsKUM-004,UCbS_glb2N1NVTrDLVryRbng,development,4
21,8919,37520,SRuk_a8Ow1g,UCmAZwdFQyvTnrAVx5IqILgg,development,4
21,8920,37523,jAXXMMLq4_E,UC324VVhYKykBv01GecF4aYg,development,5
21,8921,37524,EpIMX1hc0rA,UCrcATWZGF_p53r38i6VK0eA,development,5
21,8922,37526,z6yZqPWRWRg,UCRDDfbYPHX_GUJ4lcQYTc8A,development,4
21,8923,37527,sAyuruu1Khk,UCOtYyt7W5PmPnwQjWWF_Z-Q,development,3
21,8924,37553,ul5FzzcnqXI,UCCK3OZi788Ok44K97WAhLKQ,development,2
21,8925,37554,iPPllaSAlf0,UCbS_glb2N1NVTrDLVryRbng,development,4
21,8926,37555,OS8j1ejszXs,UC1YGPDtctHGJWW0NrlQVklw,test_reserved,
21,8927,37558,XmYqivse1fQ,UCgnkk8P4G9yQFuRl0dEO1HQ,development,2
21,8928,37573,hhGrnGI0Z7M,UCMd-Y13fuzRTpBKs1MlnjYw,development,5
21,8929,37574,B0tTevMxbk4,UCCbm1E52PV05ZLv6dtRB92Q,development,5
21,8930,37575,xRWxmsyttzM,UCmqflTSJ6911aCrnaWIXxsA,development,2
21,8931,37576,EYZr2PcTL_o,UCkagcQYGoYFuXsUg-ObSL6A,test_reserved,
21,8932,37580,vR9lRCS_DVc,UCMEXwFurMItX0u1yit-UrAw,test_reserved,
21,8933,37585,gJE1pLSolR0,UC22LfvKY_7Ibkt5I5wFqwfg,development,1
21,8934,37587,sQdSimSSAKM,UCKdCJ4H-bWf48svKYdaFZhQ,development,4
21,8935,37588,ZofZ9nxF7EM,UCckltLEhFLv8Xz_lQhYfwmg,development,1
21,8936,37597,iz3YEHJ1ozU,UCckltLEhFLv8Xz_lQhYfwmg,development,1
21,8937,37598,nqpZhfclljk,UC0554zf4RvVkxwt_tS4Wx_g,development,3
21,8938,37615,PxKh0-Cz4XY,UCPXSUKHTNc1_hnHuj-UiQWQ,test_reserved,
21,8939,37616,rYbuJGC8hK8,UCQfhtH9WEOzRuv9yObnJtVA,development,4
21,8940,37623,7U2XMBA4fFM,UCgnFSj7jQffD5V5m05j4dPw,development,5
21,8941,37631,6opkJCIvX80,UCqrqt9Egbp4Voh3iEUUoorw,test_reserved,
21,8942,37633,lpehN0EAgPw,UCVz1bXiY1pz6Fz_Osm0YYBA,development,4
21,8943,37634,I2__MU9MFaY,UCXn1a_JRiiunkEVS9tamdCA,development,4
21,8944,37641,Z2mVZG_zd20,UCqrqt9Egbp4Voh3iEUUoorw,test_reserved,
21,8945,37648,p0in9NnLWvo,UC7jNYrQQr_GnMWLe6bGRi2A,development,4
21,8946,37650,7iBUMyso6yk,UCckltLEhFLv8Xz_lQhYfwmg,development,1
21,8947,37656,LXiDaeNNC_A,UCckltLEhFLv8Xz_lQhYfwmg,development,1
21,8948,37658,xZhDYntKZnk,UCn1WQT3G332mV9zanKj1s7g,development,3
21,8949,37661,wh6RDJoC9GY,UC8U5Mgl9nbkm5vOJ0SMtQgA,test_reserved,
21,8950,37662,ceg0fY7Zd2w,UCdl01jabKqzbe0XoZmn1y9A,development,3
21,8951,37666,BxBqAp681YU,UCckltLEhFLv8Xz_lQhYfwmg,development,1
21,8952,37669,cHfcsqPCqDM,UC1dfhQyj962rwYPVLi3OHLg,test_reserved,
21,8953,37671,Z2e3lku0JQI,UCWBGcCHKv85MuFwgax4oc9w,development,2
21,8954,37673,50M3Ac4Vd_Y,UCGyG2Xkr4xR73xgQMXNi8_g,development,2
21,8955,37674,1rThCgrSV9Y,UCckltLEhFLv8Xz_lQhYfwmg,development,1
21,8956,37675,kAbMYweCdxE,UCYweMykEAI5aaRztqrJuuAg,development,5
21,8957,37679,4zUibW4Oy7Y,UCn0XmAUFv6d2tofMFEesSNw,development,5
21,8958,37680,iEF87bFPKcY,UC6jQt9K_jqnBNtsRf7hXHsA,development,5
21,8959,37686,uBAEj55j0KA,UC4EtZkAiRfpNl1QRxWTuXaA,development,3
21,8960,37688,MDBRkvW3xPw,UCZpPfCxvP6T9rCkDX3tQfOw,test_reserved,
21,8961,37690,wEc5Q19mLwM,UCzf5q2CCnb-vJes5m0YWI7w,development,1
21,8962,37692,qR06ALu7a9I,UC1YGPDtctHGJWW0NrlQVklw,test_reserved,
21,8963,37699,pTVAtZBiSr4,UCsLoRcb3FvB-uK3F1_zqXbw,development,3
21,8964,37704,wpqz0GwHTYY,UCd8gfzUAJZasd7wtit-fhBQ,development,1
21,8965,37708,Hs0h5k-GQI0,UC0BAorC0bVj4GwSER21KmkQ,development,2
21,8966,37719,QCc6sWL3dC0,UCbS_glb2N1NVTrDLVryRbng,development,4
21,8967,37724,lqLfEkD5jbk,UCo1_q30sNhMQIeSL2hQ8OyQ,development,1
21,8968,37727,9ftmDgZJhqs,UCLNz9bgiJfM3ImTtYDOt8Ew,test_reserved,
21,8969,37736,r-GvYY2xNdI,UCckltLEhFLv8Xz_lQhYfwmg,development,1
21,8970,37738,eygng9frz_E,UCf2Iar2LDcFaSCnVH1ZMUkA,development,3
21,8971,37740,DMHT6e7X1OY,UCCK3OZi788Ok44K97WAhLKQ,development,2
21,8972,37746,vOwJd1Un3f4,UCcMQKrccZ9c0_GNyXWo8jLg,development,3
21,8973,37750,7Ofj_lJzkLA,UC8rcDufKZ3W6CtZU69CtMXg,development,3
21,8974,37754,K2UdpmDOVSA,UCKkRSuLQBs2oErUCgivn8mw,development,4
21,8975,37755,ug6qADAG0sE,UCcHpVAqt_Cn4jJ9vtXP6Vnw,test_reserved,
21,8976,37758,zOVz7Lp4MK4,UCypYfMZbKIxBlXqngCuvi0A,development,3
21,8977,37762,YNZSUz0sJTU,UCQTcNhAZidy1i9wwmdgf2Lw,development,4
21,8978,37768,xWqLKE7KBSA,UCuTgmLxqarTxuBU5ARMYUNQ,test_reserved,
21,8979,37770,hG8twh-Jw7A,UCcgkjXIaOrsFR8GLFo3iwOw,test_reserved,
21,8980,37776,hRcd6D1ewa0,UCctwRj5yOB7cFYPc8z_rZSw,development,4
21,8981,37788,hp7ZlJlSzks,UCm8I2aLYgPm_gdzw4SSkiGg,development,3
21,8982,37790,tgqZa3QSRQc,UCU698FK0A1JkE2VADC4fQlA,development,3
21,8983,37792,zG-2ZZki-9I,UCCK3OZi788Ok44K97WAhLKQ,development,2
21,8984,37793,DamiFoYWB0A,UCDAkUKRB1pkb-s3Gqv7FZ7A,development,4
21,8985,37800,UW9x2GLc06k,UCbS_glb2N1NVTrDLVryRbng,development,4
21,8986,37802,jZ0zfVZv-_A,UCrVFS_0PdV7AwyTgR13IcVg,test_reserved,
21,8987,37805,yDmBT8hC_Yw,UCgnFSj7jQffD5V5m05j4dPw,development,5
21,8988,37814,LySlNk53dX4,UCpKHQzqFn8VhNKQVCNp2M1g,development,5
21,8989,37819,QT_3YH_gjaE,UCO6ZBVarQJ19F-Tus6FqoiQ,development,1
21,8990,37830,jT8XSZuy9mA,UC0Ixpv316Cz0tAqp900J-qg,development,5
21,8991,37837,3MWDaQbklvU,UCEItJuaZGCe0BlGzRKruP0A,development,5
21,8992,37840,6lmmrYp9r-0,UCM3bQBUJ0PEbgfe9lAw_Y3Q,development,4
21,8993,37848,vn79xFPvaKs,UCbS_glb2N1NVTrDLVryRbng,development,4
21,8994,37852,2hJ0E1hnr_Q,UCbXOp0vy6lljqmeaY6k4PjA,development,2
21,8995,37854,-ku4R6MX1XI,UCM3bQBUJ0PEbgfe9lAw_Y3Q,development,4
21,8996,37857,EwLxnkosPoQ,UC1CkcuwxCW_dIchuR0tTCJw,test_reserved,
21,8997,37858,72phUqNlBsU,UCl2s_wU_NKeue51sdiP1s0g,test_reserved,
21,8998,37871,7Fp6dV62Ygc,UCgnFSj7jQffD5V5m05j4dPw,development,5
21,8999,37872,7HrJq67g4cs,UCrVFS_0PdV7AwyTgR13IcVg,test_reserved,
21,9000,37877,_15MaKLV2L0,UCaESx7Bdghv_UICcG1hBkcg,development,5
21,9001,37881,jW7YNgcNejA,UCkC-yhK-WnPNaNslH_LbBWQ,development,3
21,9002,37882,JQNKOBwQN7U,UCckltLEhFLv8Xz_lQhYfwmg,development,1
21,9003,37884,Ng_JWSyFKGE,UCZpPfCxvP6T9rCkDX3tQfOw,test_reserved,
21,9004,37886,QqV2oOczTUA,UCGN3TM5lZQ1DAvMwI1LIc8Q,development,4
21,9005,37887,ipG6VziuWkM,UC1YGPDtctHGJWW0NrlQVklw,test_reserved,
21,9006,37888,BYRHiyH1hUo,UCrtXFLaJQUh6R8xjW6l5tMQ,development,5
21,9007,37894,YaP5j2JIGl0,UCc30sTBdN9LRSxEuHaXV_bQ,test_reserved,
21,9008,37895,IL6jWi_Psc0,UCkagcQYGoYFuXsUg-ObSL6A,test_reserved,
21,9009,37897,8hIn6s5MwEE,UCbRbdFTihZZCq8r5-bQa0sA,development,2
21,9010,37904,iuc6zpNMHXc,UCaESx7Bdghv_UICcG1hBkcg,development,5
21,9011,37907,giB5gLVdCkY,UCsDDVBdzvMMZaQtF8vaC9bg,test_reserved,
21,9012,37914,lLb4GI0Fdr0,UCw3UDSrbKod4Gk_rSpA5gqw,development,1
21,9013,37917,NJcf6KhsIBQ,UCQTcNhAZidy1i9wwmdgf2Lw,development,4
21,9014,37920,JC6nm6b-egg,UCXfgx23Lw81I4wsCNhdVBgw,development,2
21,9015,37922,3q5ZTFXb_eM,UCg22fUwQQF-7Sf6-TIVIFrA,test_reserved,
21,9016,37929,uiAK9_pyWdE,UCcbOsE5_4LEjtQi8X2PFxDw,development,3
21,9017,37941,ueRDoWxKP8Y,UC7-JGEBb4S3an5tS96rlHaQ,test_reserved,
21,9018,37943,iY33vPLf4PQ,UCcijXxFzSXgoM6q9cCtT9PA,test_reserved,
21,9019,37944,OpodI1O1E7c,UCypYfMZbKIxBlXqngCuvi0A,development,3
21,9020,37945,ORY_f4LR0bk,UCckltLEhFLv8Xz_lQhYfwmg,development,1
21,9021,37946,U15Zb3BkWGg,UCckltLEhFLv8Xz_lQhYfwmg,development,1
21,9022,37948,A05d98yt5zA,UCQIWzvLOlB4tu84TtOTJCGg,test_reserved,
21,9023,37953,3hJjgPIKfko,UCoz7UhbfPFJyljIIV2saR7A,test_reserved,
21,9024,37966,8JQOqFnSvRQ,UCAKAcMWVANp_qXgWKlXMCFA,development,3
21,9025,37967,RtBdz9Jb8Gc,UCbVw-Yr6A7L4hPi8W6zsQlw,development,3
21,9026,37968,BQWWQRszvak,UCBkEIYKUPw_d06rAFuJfTVQ,development,4
21,9027,37974,lbV8maX43FQ,UCrHp7_wVE4B6jcUNMwBXZRw,development,1
21,9028,37982,-ACHWeAe-j0,UCVU09OJkBIHZTGb-acbajoQ,development,4
21,9029,37985,c4SNc6wJwW4,UCE_uaeRZwW7roZqYO31iDWg,test_reserved,
21,9030,37992,WHx-7XxmopE,UC1jH-Ct7PP3SYtSy9zD64yA,development,4
21,9031,37993,4W7wC8hvVQc,UCAH7R88V7gz7RqJv78nNOzg,development,3
21,9032,37994,sN7pvRghkCU,UCvLsvfgY-hbGDtOi2udm4Gg,development,2
21,9033,38000,t38WoAPIdTU,UCskNFH2e4ptFTkgeVmFPNhA,test_reserved,
21,9034,38001,swEHC8xtfjg,UC9SgyReu4QufMUTFhZYYEMw,development,1
21,9035,38010,DySU70xq6qc,UCDqFysWGVtduHRyawK8oJkw,development,1
21,9036,38012,Aa4o09ijWRE,UCckltLEhFLv8Xz_lQhYfwmg,development,1
21,9037,38013,5Dyd4blpAtw,UCJc1hbJPvG5f2v8iSPG-3CA,development,1
21,9038,38015,A-6BQKMOido,UCJc1hbJPvG5f2v8iSPG-3CA,development,1
21,9039,38026,2os26vhiQ74,UCNwjSgTmUs7fIhd_6AdPlEA,test_reserved,
21,9040,38029,1MBu-xGt0_g,UCoNaQS6wefjNVFkwvxrzAYw,development,4
21,9041,38037,duiGO2_DHaI,UCeG8nrxBu_9Ij5DikfOCntA,development,2
21,9042,38043,Zvu6zHQDmI0,UCVXCitEEweQox0oyIsJONrQ,development,3
21,9043,38059,2y9f6UNQjJw,UCckltLEhFLv8Xz_lQhYfwmg,development,1
21,9044,38068,KE0EYyhWNpE,UCnqTWrNbHl4SvL60MCE693Q,development,1
21,9045,38072,cYEh8KL4Lmc,UC3W16VfuU392bL3zrOdVGfQ,development,3
21,9046,38076,5hq8bLIyEUU,UCRHYFnWL0aYTQ9qmvfZnUxg,test_reserved,
21,9047,38084,8hsxdM7Os4o,UCckltLEhFLv8Xz_lQhYfwmg,development,1
21,9048,38086,ChTmwdOFPjM,UCCK3OZi788Ok44K97WAhLKQ,development,2
21,9049,38092,kWrZMVNO898,UCAKAcMWVANp_qXgWKlXMCFA,development,3
21,9050,38100,c2fjnM-xgu4,UCckltLEhFLv8Xz_lQhYfwmg,development,1
21,9051,38104,uGZGm3OtjyE,UCckltLEhFLv8Xz_lQhYfwmg,development,1
21,9052,38116,h2BjeyAQymA,UCu3jIK2NBSXc0_YaFqEuIrg,test_reserved,
21,9053,38117,FExbKZy2i0U,UCMd-Y13fuzRTpBKs1MlnjYw,development,5
21,9054,38125,qaoX2bCxnNU,UCCK3OZi788Ok44K97WAhLKQ,development,2
21,9055,38126,EWmEc7OKDfU,UCO_66skZM2AyW8lgXawoPiw,development,2
21,9056,38129,9UUm3L6XR-4,UCOHyRrRuD2zGCkpuCAlyOyA,test_reserved,
21,9057,38138,k3ohJ1FP3c8,UCph0cqPKKY1KejnSrN6LELg,development,1
21,9058,38142,TL9rViLk-1g,UCaESx7Bdghv_UICcG1hBkcg,development,5
21,9059,38144,33uBVtJ3mxk,UCOtYyt7W5PmPnwQjWWF_Z-Q,development,3
21,9060,38152,lLSSzcX1agI,UCix7C1KG_SPtiMXommMExNg,development,4
21,9061,38158,N_Td51oXpSA,UCCK3OZi788Ok44K97WAhLKQ,development,2
21,9062,38163,yaObk6eTC88,UCaESx7Bdghv_UICcG1hBkcg,development,5
21,9063,38165,PcTknDNqeBg,UCdotiSNtLlS4qwDto9CdURA,development,2
21,9064,38170,CxNQ4CEwhh8,UCe6HjoReyFQoc4Q9SAmNAHA,development,1
21,9065,38172,pyur-PFJYxs,UCcijXxFzSXgoM6q9cCtT9PA,test_reserved,
21,9066,38176,infgduOV6vw,UChlvAvH3N7Xd29DuAJgv0Mg,development,1
21,9067,38182,VHscWooKU6Q,UCG0j1mTQov3RVBgLgh6wbKg,development,2
21,9068,38185,KPRgA5_w9EM,UCrmzxiCDMV3hI56E9nYy-4A,development,4
21,9069,38189,MBcjx_ejHzc,UCgm1AkjIpLGAoBDdCPx1tMQ,development,5
21,9070,38192,bTxzX1C9Qeo,UCgnFSj7jQffD5V5m05j4dPw,development,5
21,9071,38194,ANApOS_JAQ8,UCbS_glb2N1NVTrDLVryRbng,development,4
21,9072,38195,TsrwF1tetAc,UCmqflTSJ6911aCrnaWIXxsA,development,2
21,9073,38201,vnFtPaNEETk,UC2E7sjgxaME7k16_TQRR3cw,test_reserved,
21,9074,38205,Cz_2yiEF7BU,UCGwkKsyd1fbH5eDBEvOIfmw,test_reserved,
21,9075,38210,7zYctrlNAgE,UC3tvYy-s84yySG7V85jRDnA,development,4
21,9076,38211,lqn6L9zGWLw,UCckltLEhFLv8Xz_lQhYfwmg,development,1
21,9077,38215,EuTjnPSIFSY,UCCQ3mUIQTv2Snhw5Os0Yo5Q,development,3
21,9078,38217,YrfrNcyVKmA,UCY8-WqzL7Mo6WHYyn2IHCUQ,development,5
21,9079,38221,XjmSipt7rrw,UCKvIAFnwVFiuITk3cl7UTxA,development,3
21,9080,38227,4zbZq8FlVww,UCcspHoBTj_aLhnJLwkMpWHQ,development,5
21,9081,38234,MVFLI2tIais,UCckltLEhFLv8Xz_lQhYfwmg,development,1
21,9082,38238,2La0imkLWlY,UCCK3OZi788Ok44K97WAhLKQ,development,2
21,9083,38240,gTRj0nZNLbA,UCcbOsE5_4LEjtQi8X2PFxDw,development,3
21,9084,38241,Gbw0Xx-l_nk,UCBsrUim15y-s6PfMISCR38A,development,2
21,9085,38243,Lltac8Z0waw,UCag44-HADW04gc6h5u5jrcw,development,2
21,9086,38244,EiGvSubk870,UCAH7R88V7gz7RqJv78nNOzg,development,3
21,9087,38253,RTdZgmgZN6E,UCwkyfeMvDrg0wjacet-bcCA,development,5
21,9088,38254,WSSjqN3p1pk,UCCK3OZi788Ok44K97WAhLKQ,development,2
21,9089,38257,9I931jqZ_xQ,UC0nMJ3QNryBHZpy1P3Wamwg,development,4
21,9090,38260,LsIQIBIbcFQ,UC2sO_F_Ky4LIAUtSJYXqBDA,test_reserved,
21,9091,38261,CkPpGnE2uAM,UC1YGPDtctHGJWW0NrlQVklw,test_reserved,
21,9092,38266,5ssHUm6Pdvw,UCVfnhhDIkkBJ_1QyzCqeVDg,development,5
21,9093,38268,XhqVMcYupsw,UC12o-t-pJ8mNgID0l6szDgw,development,4
21,9094,38276,bfAzN--4RP4,UCOtYyt7W5PmPnwQjWWF_Z-Q,development,3
21,9095,38282,_xDeqPYFzgc,UCckltLEhFLv8Xz_lQhYfwmg,development,1
21,9096,38283,tMf0hlmNMg8,UCq5SmrhSWmp89RR1JpO2z8Q,development,4
21,9097,38298,UbAv-vuj4Fg,UCbS_glb2N1NVTrDLVryRbng,development,4
21,9098,38304,GPzFc1ZKP3o,UCsvrW9k0uqrFMEXuF0HDgJQ,development,2
21,9099,38308,87OhVENEo9Q,UCCK3OZi788Ok44K97WAhLKQ,development,2
21,9100,38310,rbiQJcClX94,UCjyASLgz5_yLQtK0fNCNNmg,development,5
21,9101,38313,n1TYBOl2FlY,UCl4aG8npoRPiiPPr5S2-Lgw,test_reserved,
21,9102,38314,ZU929nt8DVw,UCckltLEhFLv8Xz_lQhYfwmg,development,1
21,9103,38315,PvUA6B13b-k,UCckltLEhFLv8Xz_lQhYfwmg,development,1
21,9104,38319,I8YbbIlNpQM,UCgnFSj7jQffD5V5m05j4dPw,development,5
21,9105,38320,f8cktsmx97U,UCNJq7z4rYDfvXvgWKt6KOvw,test_reserved,
21,9106,38323,rsg1olN6QJY,UCCK3OZi788Ok44K97WAhLKQ,development,2
21,9107,38328,APIb2LDhhPI,UCWO2tL69FZ9ckckHcAa18Ug,development,5
21,9108,38329,7iJIhkTebco,UCluX2aszbegi4QBNHFQP63A,development,3
21,9109,38331,lejPd5t60oI,UC6TYUtPYJLIcKIf03AtMvIg,development,1
21,9110,38334,EXt_bGK1SmY,UCowiYUdbNsL9qVmpY9Z0jLQ,development,4
21,9111,38340,FJvsha4OAa8,UCj1dU6sfWVtm1AeD1yT7iFQ,test_reserved,
21,9112,38342,NR3gPwG1xpU,UCckltLEhFLv8Xz_lQhYfwmg,development,1
21,9113,38353,La8TnbRTAk4,UCwkyfeMvDrg0wjacet-bcCA,development,5
21,9114,38359,ImwHWjME4XI,UCYga1ycTsoZn6Y_xlrdw0iA,development,2
21,9115,38361,nYMIoA-8raE,UCCK3OZi788Ok44K97WAhLKQ,development,2
21,9116,38362,EywqA-IlJlA,UCRgzOFCjZZSDAe5ktzmZ6jA,development,3
21,9117,38364,DijLkZ9xxtw,UC12Ujt77-UFGXPAalKwuXDg,development,1
21,9118,38366,tVvxAs2PgzI,UC1YGPDtctHGJWW0NrlQVklw,test_reserved,
21,9119,38367,Gjr15FmKyIk,UCYpuhzSdssW_GFUhl_od38w,development,5
21,9120,38368,vCQGlRt7-4Q,UCwnRMnxUyJ5iGZkE1nADVvw,development,1
21,9121,38376,X5VZyWSrLpA,UC0fnN8-CgXOlHLjGc78e-0g,test_reserved,
21,9122,38380,heYab8ipTew,UCgnFSj7jQffD5V5m05j4dPw,development,5
21,9123,38382,CValCqCUFSU,UCCK3OZi788Ok44K97WAhLKQ,development,2
21,9124,38385,Bih1K17sfss,UCjYAhUnrkBujtKI3j3LM2uA,development,3
21,9125,38389,Cr5ZzwCe8m4,UCp3vt0JWTbhd15j9PSn3RnQ,development,3
21,9126,38390,SF8qW3aVqV8,UC6jQt9K_jqnBNtsRf7hXHsA,development,5
21,9127,38396,o1-lT6lh45o,UC8qBNfgWRK_WYYGSmmrfgPA,test_reserved,
21,9128,38397,FeyIs14JyNY,UCckltLEhFLv8Xz_lQhYfwmg,development,1
21,9129,38398,ECVea4xd6gM,UCckltLEhFLv8Xz_lQhYfwmg,development,1
21,9130,38399,egMbkMncSFk,UC8rcDufKZ3W6CtZU69CtMXg,development,3
21,9131,38401,dYbK-MAvR3M,UCFdCT7ZJCc9ax1yAqDCQPaA,development,1
21,9132,38402,o6gm8UAPKVQ,UCxlfXLzyelcreS9x0plDj3g,development,2
21,9133,38408,iXlACyazFvo,UCRnlAD7oJTGIgNVBzWfxTfg,development,2
21,9134,38409,K56qtIi6XvM,UCprmDoTgvTMCbo8CInSLBIA,development,3
21,9135,38411,SNxHuHsoELA,UCcijXxFzSXgoM6q9cCtT9PA,test_reserved,
21,9136,38412,7SP5hjPLyBE,UCmjo40eaWQS0jkW7UW24KSA,test_reserved,
21,9137,38427,e4-LyKEH4b0,UCBYHzLIry8B-rCsqd1okLKQ,development,1
21,9138,38429,8Z7kMY1-bVQ,UCugVFGfh3zg9byrq3VKB_fw,development,5
21,9139,38430,fbO58y2etZM,UC6MkngMDyobFNaXOZR0ukyQ,development,5
21,9140,38431,SGG27mioAV0,UCkNlyDd1Khxu8TaKAayoa4w,test_reserved,
21,9141,38432,fbA_z4c6KhY,UCA5xW2Ce7KT2AtxzDYDebCA,development,5
21,9142,38433,bIaoe61sPqY,UC7ky7hEgAEMLo1lrDWJXlNw,development,2
21,9143,38446,X2myzbiJrT0,UCBkEIYKUPw_d06rAFuJfTVQ,development,4
21,9144,38449,2IbUMhP3c_Y,UCM4-TLxH9bFDlsjc6BlbsIA,development,2
21,9145,38452,kAIrnn2CYZU,UCcbOsE5_4LEjtQi8X2PFxDw,development,3
21,9146,38453,E1R0D1TA9Z8,UCc1Zs92Xb56Us_XAb2OU7rQ,development,2
21,9147,38456,TW9RYYT6F88,UCfTCfcZwZ9U0jMO-6fVEYoQ,development,5
21,9148,38461,7ZbmwgYruEA,UCckltLEhFLv8Xz_lQhYfwmg,development,1
21,9149,38464,Au3UGIMtx4A,UCckltLEhFLv8Xz_lQhYfwmg,development,1
21,9150,38465,5SKpvICyvnU,UC8MegDkaJsqK63fwbOjBLzw,development,2
21,9151,38467,2TFJi-FqnDI,UC3tvYy-s84yySG7V85jRDnA,development,4
21,9152,38470,5uWnTedGakM,UCckltLEhFLv8Xz_lQhYfwmg,development,1
21,9153,38471,WvLhfTd_wTg,UCVHWB3mjlo3zxsMPhjgtZig,development,3
21,9154,38488,bha2rMU8f_A,UCYW8XY-RkpQi6wqNSypzfXQ,test_reserved,
21,9155,38489,ZMgKuehXDhE,UCAH7R88V7gz7RqJv78nNOzg,development,3
21,9156,38494,fcnNYltXa7s,UCckltLEhFLv8Xz_lQhYfwmg,development,1
21,9157,38497,9eNbQ35nDn8,UCLuP7ROjaueiuNbzrvPqXSQ,development,2
21,9158,38504,We3PSyWJoV4,UC_hR1wSDcKjBRTlKtp6LK1A,development,3
21,9159,38506,tnF268QHOHw,UCwIAJtNJEsDReDFDt7fevpA,development,2
21,9160,38508,3gsPfTgxNfk,UCsAPX_-Yu9O_3dJu0aUj_BA,test_reserved,
21,9161,38517,EQ5g06804Ak,UCbS_glb2N1NVTrDLVryRbng,development,4
21,9162,38518,U4g85QkVPYI,UCckltLEhFLv8Xz_lQhYfwmg,development,1
21,9163,38519,_I2m5KwQDNQ,UClSIhhnuyF8fXtBTpOOTknA,development,2
21,9164,38524,VU_gyCgjXI8,UCieUj92znWxr02AWNviTElQ,test_reserved,
21,9165,38526,aRXH15FqJ_k,UC5BT1yMZC1MtgngCRMRZoLg,development,2
21,9166,38530,cqctuMYh_cA,UC1hcl0aIr9KtXA-Kiq9itqw,test_reserved,
21,9167,38533,3XlOeD_4yCs,UCBsrUim15y-s6PfMISCR38A,development,2
21,9168,38534,4jPtvaMUT1E,UCckltLEhFLv8Xz_lQhYfwmg,development,1
21,9169,38535,IbgXlwSwhP8,UCOPqjdQOIF6faslRMEruJmA,development,5
21,9170,38545,S9-OwXz8PFc,UCn0XmAUFv6d2tofMFEesSNw,development,5
21,9171,38547,Lx-vQSWnMek,UCcrsFwwoMvcXYpJ0XldIlVQ,development,3
21,9172,38550,W4G4PIlu3nY,UCcspHoBTj_aLhnJLwkMpWHQ,development,5
21,9173,38553,oQI-_jSabq8,UCsCp9NfFhRhL6DvDjWtAweg,development,1
21,9174,38556,pWfLYi5uYzM,UCCK3OZi788Ok44K97WAhLKQ,development,2
21,9175,38561,Z53_Z9FEkVs,UCrmzxiCDMV3hI56E9nYy-4A,development,4
21,9176,38566,CG1ZRsx3gr4,UCckltLEhFLv8Xz_lQhYfwmg,development,1
21,9177,38571,3ShYzQfB8M4,UCRtDKbi59vMpicSLFT0J5mg,development,5
21,9178,38572,9dGsA_UTHSI,UCu3jIK2NBSXc0_YaFqEuIrg,test_reserved,
21,9179,38574,UV_BWz-VlO0,UC-GRFwciK7JiP8T4tl0pftQ,development,3
21,9180,38576,F73eH5HjXLc,UCcijXxFzSXgoM6q9cCtT9PA,test_reserved,
21,9181,38577,Q6zUoOiNhhQ,UCCK3OZi788Ok44K97WAhLKQ,development,2
21,9182,38581,rBq07dqE5Wc,UCcijXxFzSXgoM6q9cCtT9PA,test_reserved,
21,9183,38583,YSxWTGvUS98,UCCK3OZi788Ok44K97WAhLKQ,development,2
21,9184,38595,8eotwYUQVUg,UCCK3OZi788Ok44K97WAhLKQ,development,2
21,9185,38596,MqnV9Y8Tbyg,UCOtYyt7W5PmPnwQjWWF_Z-Q,development,3
21,9186,38598,go7v6khs0bw,UCsCp9NfFhRhL6DvDjWtAweg,development,1
21,9187,38601,xEpXM3972zI,UCaIc6SgS90ud_RgMSC6hW_w,development,3
21,9188,38603,TaYFuYrOX3I,UCRK13WgCsr2N6y9cbeEq39g,development,5
21,9189,38604,-0Bngi3YQIw,UCgnFSj7jQffD5V5m05j4dPw,development,5
21,9190,38612,DfpFkE3q31Q,UCiR8kH7EvdjJGp41a9KIfsQ,development,5
21,9191,38613,oDzTkUg3sOo,UC6jQt9K_jqnBNtsRf7hXHsA,development,5
21,9192,38619,bL8DxDy-HzY,UCzyTz2So395JRTH79AlQS7Q,development,1
21,9193,38624,8CJRWh8aZX8,UCJhdo2Kg29_EZwNPvlhzIFg,development,5
21,9194,38632,SEZDrptQleY,UCckltLEhFLv8Xz_lQhYfwmg,development,1
21,9195,38639,6f7nzr3QgtQ,UCa7tIPq6XgQs1KhuVoUrw5g,development,2
21,9196,38643,MilSgU4mWiE,UCaESx7Bdghv_UICcG1hBkcg,development,5
21,9197,38648,VbW8LV7U-bE,UCaESx7Bdghv_UICcG1hBkcg,development,5
21,9198,38649,PxTqiS7IF2k,UCR2_AL0apUWNpZSgrCKtnPQ,test_reserved,
21,9199,38653,t9kGbjy4IZs,UC2b5VAYjsOfepl9nAXgRmfQ,development,4
21,9200,38655,WqydF1xK184,UCgnFSj7jQffD5V5m05j4dPw,development,5
21,9201,38657,lLmdn_9-4H0,UCvMYO1Ywh_KVLYb67ruTQBQ,development,5
21,9202,38659,dLqAkDTY4T8,UCVWqZXv-sjeFu5jKbQ1cA-Q,test_reserved,
21,9203,38660,sBuQAwkpSP8,UCA5xW2Ce7KT2AtxzDYDebCA,development,5
21,9204,38665,XpxKOHpI7kk,UC324VVhYKykBv01GecF4aYg,development,5
21,9205,38668,48Ga-EU8Q84,UC_oQPOpRefuPENfsJ404nmA,development,1
21,9206,38673,d3aWrK5xT7g,UCckltLEhFLv8Xz_lQhYfwmg,development,1
21,9207,38675,WgAE3ctsq6U,UCwsNWoSlQUyeWgbVQYZtLOA,development,3
21,9208,38677,bOxp3D0SeFc,UCLuP7ROjaueiuNbzrvPqXSQ,development,2
21,9209,38680,WIwDhalmwMc,UCi7NA4jgRbTDZG50Gku70EQ,development,5
21,9210,38683,St2iSr7AUi4,UCaI7IwVdrAcfhu3cp6x4T6Q,development,3
21,9211,38689,_Snkw0erMpA,UCt1uMmva5HBK0qu1hTGGvzA,development,5
21,9212,38690,iZFWOhYi6eY,UCEUE5XgDTMltZBgBmsfpXSQ,development,5
21,9213,38692,pvXE6W6LObg,UCVXCitEEweQox0oyIsJONrQ,development,3
21,9214,38697,VwnkYd2Ply8,UCnOdVtDQL3J0U-v2EVT7Gsg,development,5
21,9215,38706,KozYhFfYJzE,UC-InXGUDXmIVAZG7efBiU7A,development,4
21,9216,38711,QfqOJ0IYsYk,UCoV9dlug2YWQ9BHzJTJrTrA,development,4
21,9217,38720,ZusOas0uG2c,UCUa0a5l56H0xre3SljFYRgw,development,4
21,9218,38724,reQS7hxYm6k,UCUC1pfBWXr1hrdeJ5XpxUVA,development,5
21,9219,38728,lVu9ozoY87g,UC8lKgUHo-2mSR5cRRXO9xow,development,3
21,9220,38730,M-vUV6QIFvY,UCaESx7Bdghv_UICcG1hBkcg,development,5
21,9221,38731,HG_1HlBTd7c,UCBkEIYKUPw_d06rAFuJfTVQ,development,4
21,9222,38735,jNH04Z2Zv90,UCVn5hauS6c3z1MPIfagPsWw,development,2
21,9223,38736,17lYmza0hso,UCcijXxFzSXgoM6q9cCtT9PA,test_reserved,
21,9224,38740,YcGlOaDrJzM,UCckltLEhFLv8Xz_lQhYfwmg,development,1
21,9225,38741,qbFDFDHAOZY,UC1YGPDtctHGJWW0NrlQVklw,test_reserved,
21,9226,38742,6oBVTQv1koo,UCj-1PF5mW8s0Y4wg08M4inQ,development,5
21,9227,38752,j6W_nuj2Tro,UCdgWTRipbTuQsIiiPb6fB-A,development,4
21,9228,38754,qSDKFEo7VG8,UCCK3OZi788Ok44K97WAhLKQ,development,2
21,9229,38756,mPQ6aXPeT0c,UCA5xW2Ce7KT2AtxzDYDebCA,development,5
21,9230,38768,Cyo01TEPqnQ,UCPfU0uygBGutjaaJU5PpEvg,development,2
21,9231,38769,7xn4V38OZ-Q,UCidNC9-9DsHj3FmP5N42Lqw,test_reserved,
21,9232,38779,cwiQJpmC9Hw,UCrhkgHTUdZXbCd69TNuQuMg,development,2
21,9233,38781,N2x73dfqUc0,UCMcaGpzjo0D-d6oSvcg8PtA,development,1
21,9234,38782,YVbkt3Efbi4,UCcijXxFzSXgoM6q9cCtT9PA,test_reserved,
21,9235,38795,tXLnB72Zn8A,UCbS_glb2N1NVTrDLVryRbng,development,4
21,9236,38797,QnPBZxTdDEU,UCYga1ycTsoZn6Y_xlrdw0iA,development,2
21,9237,38801,8vgf6pwPDOU,UCckltLEhFLv8Xz_lQhYfwmg,development,1
21,9238,38822,jRQYEFpTDII,UC2sO_F_Ky4LIAUtSJYXqBDA,test_reserved,
21,9239,38823,IKBAM9gw6r0,UCcrsFwwoMvcXYpJ0XldIlVQ,development,3
21,9240,38824,0Gp9l2yQV4Y,UCOtYyt7W5PmPnwQjWWF_Z-Q,development,3
21,9241,38831,hs5vIB38y5Q,UCRtNR8eqB_eaxKgUcltpwXg,development,4
21,9242,38841,jp1upLkeeoU,UCxyOEiDidNJQGoMJXjOVW7A,development,2
21,9243,38854,d6TXW1OlLNY,UC1hcl0aIr9KtXA-Kiq9itqw,test_reserved,
21,9244,38860,W9AlPq6BnMU,UCCEcX65K49gfceGQLm9qJLA,development,5
21,9245,38863,0dSAwtbzV2Y,UCtIzUW426lTNR34-GGMQvrQ,development,3
21,9246,38867,IGllUoSErWs,UCA5xW2Ce7KT2AtxzDYDebCA,development,5
21,9247,38868,BOcbv6bXkUM,UC-GRFwciK7JiP8T4tl0pftQ,development,3
21,9248,38869,v6GY6J5vVtY,UCJc1hbJPvG5f2v8iSPG-3CA,development,1
21,9249,38876,gADd8yg2RWM,UCPJRtoh7x7vEw0-d59JwKiQ,test_reserved,
21,9250,38883,DtPcTGfYuEg,UCCK3OZi788Ok44K97WAhLKQ,development,2
21,9251,38887,mC3duPnsZxc,UCcsxQFWrFBlECkKlr4MhpQQ,test_reserved,
21,9252,38889,5ZbkmEkuvLc,UCdgWTRipbTuQsIiiPb6fB-A,development,4
21,9253,38893,JEMNJD0yG5Q,UCckltLEhFLv8Xz_lQhYfwmg,development,1
21,9254,38902,DyGPo7q3cZ4,UCckltLEhFLv8Xz_lQhYfwmg,development,1
21,9255,38903,OoaGmj5V-5g,UCaESx7Bdghv_UICcG1hBkcg,development,5
21,9256,38904,QADJ6uqeBDc,UCr5BVR_ePEz_9V-KF5rSEmQ,development,2
21,9257,38908,9_N_NKcpanQ,UCwm1pjpLVd7r9wdp-s_Swvw,test_reserved,
21,9258,38917,XL1sShkBB08,UCckltLEhFLv8Xz_lQhYfwmg,development,1
21,9259,38918,hMIeevnU5jA,UCPXSUKHTNc1_hnHuj-UiQWQ,test_reserved,
21,9260,38920,ZQ3MhVAj9QI,UCsAPX_-Yu9O_3dJu0aUj_BA,test_reserved,
21,9261,38921,tnwUARggYFw,UCbR7juPwtP-bV_w0840ciYQ,development,4
21,9262,38922,YmTG-I3hCWA,UCrcATWZGF_p53r38i6VK0eA,development,5
21,9263,38925,xSXza01_mxk,UCaqKkC85KtIgXZK1edWABww,test_reserved,
21,9264,38929,CFkkr8gMkeA,UC0QrPhl7LB3tfSN3Fls2o0g,development,5
21,9265,38931,eHVLK8vethc,UCcg4tDKgPLIc_x3lhWdogLg,development,3
21,9266,38933,7RvO8iPZrDs,UCcijXxFzSXgoM6q9cCtT9PA,test_reserved,
21,9267,38947,WhKCaiVXYVE,UC5BT1yMZC1MtgngCRMRZoLg,development,2
21,9268,38951,TBh0Q1a1gvo,UCCK3OZi788Ok44K97WAhLKQ,development,2
21,9269,38953,AQlKOyPlKVU,UCc30sTBdN9LRSxEuHaXV_bQ,test_reserved,
21,9270,38955,ShLAdbCHyOA,UCh1YbG4SC-R5fBxZgMMuRww,test_reserved,
21,9271,38960,OmKYEcQIk6g,UCgnFSj7jQffD5V5m05j4dPw,development,5
21,9272,38972,_McstjyDY4g,UCqxwy8GKh91iGrcZ7dgVuCQ,test_reserved,
21,9273,38973,tC6ZBlS8PSE,UCN5KMxQbOwIrbmJmsR4ojhA,development,5
21,9274,38979,8IJOnzvycrk,UCbS_glb2N1NVTrDLVryRbng,development,4
21,9275,38982,c1g8KGkYo3Q,UCh2Xwe7on2Oa2MBtk8zvEuw,test_reserved,
21,9276,38986,suixPOqwLdk,UCbS_glb2N1NVTrDLVryRbng,development,4
21,9277,38987,rIP1sOkM0WY,UCbS_glb2N1NVTrDLVryRbng,development,4
21,9278,38989,1GBqqUCwrKM,UC1YGPDtctHGJWW0NrlQVklw,test_reserved,
21,9279,38990,jar4ECPq8FU,UCaIc6SgS90ud_RgMSC6hW_w,development,3
21,9280,38991,krFajkJNNx0,UCR6bwkq2RbGG12zWqD9YRvw,test_reserved,
21,9281,39002,jVjFd31stNE,UCTa7XGYF8a8jFVozt8rEIlw,development,5
21,9282,39003,1hYRhrCBbWM,UCCK3OZi788Ok44K97WAhLKQ,development,2
21,9283,39007,bo2C-T3th7U,UCHT6F9HJ9DtLUjTOH16yg6g,test_reserved,
21,9284,39013,VkwtDkFi9YE,UCckltLEhFLv8Xz_lQhYfwmg,development,1
21,9285,39014,ObDzCE7s-iM,UCkK-FOO4FY_7QmxtDa4MLiA,development,4
21,9286,39016,tuhcWIGhVa0,UCsCp9NfFhRhL6DvDjWtAweg,development,1
21,9287,39017,JxVZMvee0HA,UCckltLEhFLv8Xz_lQhYfwmg,development,1
21,9288,39018,FG2bnaSEEg4,UCYOW-Xetp4-pPn4V1h2ySGg,development,1
21,9289,39025,LCjpE5u1JhY,UC0tV1b7IFEXFUUILF7mAcWw,development,2
21,9290,39035,siAOrDJRHHI,UC1YGPDtctHGJWW0NrlQVklw,test_reserved,
21,9291,39040,qxadA0pxzM4,UCPXSUKHTNc1_hnHuj-UiQWQ,test_reserved,
21,9292,39041,ozlRgVdYKNE,UCuN1HN5RXX2D6ZcEkopILeg,development,1
21,9293,39044,9WgY1NIEluI,UCgnFSj7jQffD5V5m05j4dPw,development,5
21,9294,39047,7wMz_IoESAI,UCG0j1mTQov3RVBgLgh6wbKg,development,2
21,9295,39049,T2RB-uNUV2c,UCCK3OZi788Ok44K97WAhLKQ,development,2
21,9296,39055,9TFRQl4EIkU,UCpen4pxB9xwzERVXhpiBIBg,development,4
21,9297,39056,sR-1dbQfSR8,UCOtYyt7W5PmPnwQjWWF_Z-Q,development,3
21,9298,39059,lQDNJHAuGR0,UC4RBCrw6cMvOXz4eNkIgbnA,development,1
21,9299,39060,EFiGRZXdWeU,UCOtYyt7W5PmPnwQjWWF_Z-Q,development,3
21,9300,39061,NIVG2J429yg,UCoUtpHt61tmeSpaznNoqr3g,development,5
21,9301,39063,he-a9dzcsPk,UCCbm1E52PV05ZLv6dtRB92Q,development,5
21,9302,39064,y7XvKMtXdT0,UCcrsFwwoMvcXYpJ0XldIlVQ,development,3
21,9303,39067,PGoTi6JuGLM,UCUz70SsT1TZzlwEqvSCpJRA,development,3
21,9304,39071,Nfnr6Sjvh5E,UCgnFSj7jQffD5V5m05j4dPw,development,5
21,9305,39073,MrEreEIJg5U,UCn0XmAUFv6d2tofMFEesSNw,development,5
21,9306,39074,6UtRZWEOYD4,UCAH7R88V7gz7RqJv78nNOzg,development,3
21,9307,39082,x1Cj2Bao7U4,UCS7TOzC8cRTnUklI6cch2zA,development,1
21,9308,39085,94E-L8yUf2I,UCnqTWrNbHl4SvL60MCE693Q,development,1
21,9309,39088,QrGnJawtQ24,UCAH7R88V7gz7RqJv78nNOzg,development,3
21,9310,39090,-8jYcm27E_A,UCckltLEhFLv8Xz_lQhYfwmg,development,1
21,9311,39091,y27UBuwwA5c,UCCK3OZi788Ok44K97WAhLKQ,development,2
21,9312,39097,Gwh4hDlJG6c,UC9SnUR9ewkPk9h45L0uY6SQ,test_reserved,
21,9313,39098,ta_qyVx4UMI,UCbS_glb2N1NVTrDLVryRbng,development,4
21,9314,39099,slaIJkcnBVE,UCrLvbl-59ugBtbyBYyicZnw,development,4
21,9315,39105,GzQ4-JlpAGU,UCiPqzkmX93ta8vFwMVS81oQ,development,4
21,9316,39108,niRQLmnKoFc,UCql-jEixeuMcyabHRYqr-Zw,development,3
21,9317,39110,J5xiszMhflA,UCckltLEhFLv8Xz_lQhYfwmg,development,1
21,9318,39112,rI9_o_vEY3Y,UCafJV2dgvIHYxjKb4GJpV7w,development,4
21,9319,39113,stbwnzK2DXM,UCckltLEhFLv8Xz_lQhYfwmg,development,1
21,9320,39121,4902FmDroOw,UCckltLEhFLv8Xz_lQhYfwmg,development,1
21,9321,39127,PA_QuPIoXbA,UCckltLEhFLv8Xz_lQhYfwmg,development,1
21,9322,39130,7ObrIcGVEsA,UCgHlPm2GweC7f8JaynbQRQg,development,3
21,9323,39131,yrwB1qfN0GY,UCaqKkC85KtIgXZK1edWABww,test_reserved,
21,9324,39138,KLaPhZFwIyo,UCDqFysWGVtduHRyawK8oJkw,development,1
21,9325,39139,GmuKQZ1GR8M,UCbS_glb2N1NVTrDLVryRbng,development,4
21,9326,39144,sc3Lz8EZARc,UCiOEgWwAKbfrVb795hqQc9A,test_reserved,
21,9327,39160,rkllxY9fCcE,UCXLyL2Fg5DZouTYsYtRT0WQ,development,2
21,9328,39161,o8li7asDlIA,UCW5J0vbGISAYVK_Oz6m2Dqw,development,5
21,9329,39179,88Y1NEK6zUQ,UCRB8mrLCcwTPlJOMUy9MDUg,development,2
21,9330,39181,yhepUPNqTO8,UCckltLEhFLv8Xz_lQhYfwmg,development,1
21,9331,39184,lXUlgF8unpg,UCAH7R88V7gz7RqJv78nNOzg,development,3
21,9332,39187,pVR3SPKa2rE,UCDO8zlJiV9ZgaMMK2DyX1Dw,development,3
21,9333,39190,IEOjPouCf2Y,UCsAPX_-Yu9O_3dJu0aUj_BA,test_reserved,
21,9334,39197,_-0o5d-OS4s,UCxQQ7T5UMck1aKxzBmyt4rw,development,5
21,9335,39199,WXiINsa8qaM,UCol1SzfebXhRo0ltxOJZ9cg,development,3
21,9336,39204,LHPO8abvgN8,UCsDDVBdzvMMZaQtF8vaC9bg,test_reserved,
21,9337,39206,qN7gOuZhwpo,UCcwCsuV7bOpTfqf2UvLfYmg,development,4
21,9338,39209,URphgvbK1rE,UCJmv3smPAGjWh4URe2nlhag,test_reserved,
21,9339,39213,uzzNCh1qN3M,UC1hcl0aIr9KtXA-Kiq9itqw,test_reserved,
21,9340,39219,DGvQoUZzwOw,UCc30sTBdN9LRSxEuHaXV_bQ,test_reserved,
21,9341,39220,pUZA-jVLh10,UC5-n2dfksESEt3ATmM6Uujw,development,4
21,9342,39223,8UNa8PYSaPY,UCDhV2dS5kewSaccFl9g66sw,development,3
21,9343,39230,HoGSuHwydV4,UCaESx7Bdghv_UICcG1hBkcg,development,5
21,9344,39233,UGffmN3V3Wo,UC0fnN8-CgXOlHLjGc78e-0g,test_reserved,
21,9345,39235,UFNWLrVND7g,UCBkEIYKUPw_d06rAFuJfTVQ,development,4
21,9346,39238,4GRGtTpNPs0,UCeA0YDYhED5x7n3udzVNlpA,development,1
21,9347,39247,aTNoifyN91U,UCckltLEhFLv8Xz_lQhYfwmg,development,1
21,9348,39251,O3FvRQFqTRA,UCLNz9bgiJfM3ImTtYDOt8Ew,test_reserved,
21,9349,39254,BMk3YBan-6E,UCVfnhhDIkkBJ_1QyzCqeVDg,development,5
21,9350,39259,rTo9oje_Xjc,UC1YGPDtctHGJWW0NrlQVklw,test_reserved,
21,9351,39262,YxEdPKj3RjE,UCCK3OZi788Ok44K97WAhLKQ,development,2
21,9352,39263,hV9tRiXARWs,UCgnFSj7jQffD5V5m05j4dPw,development,5
21,9353,39265,BiMAYtp4SSA,UCMxeqmVKOqiqh7V_A3h4gfA,test_reserved,
21,9354,39271,CcEIAW7hRT0,UCkzFXIie723z4vsYAMsMGsg,development,2
21,9355,39276,SIppm__bwdE,UCckltLEhFLv8Xz_lQhYfwmg,development,1
21,9356,39290,z4CJ-lRdcDQ,UCs_mHlm5_C82W5WCIJaSMbQ,development,3
21,9357,39301,v_GI10qYUEw,UCbS_glb2N1NVTrDLVryRbng,development,4
21,9358,39306,YZfFkWeydzA,UC8rcDufKZ3W6CtZU69CtMXg,development,3
21,9359,39309,rkFPO4RdbZM,UC4Pb9SEsCb1EpsXVYAVVajw,development,2
21,9360,39315,dZak5UfzmSY,UCckltLEhFLv8Xz_lQhYfwmg,development,1
21,9361,39323,SJXMXv-J4LQ,UCckltLEhFLv8Xz_lQhYfwmg,development,1
21,9362,39330,w8cjVQbYhdI,UCwdsAMEnZFdaEiFHWTvYH3Q,test_reserved,
21,9363,39332,5m4x2jg-KHs,UCckltLEhFLv8Xz_lQhYfwmg,development,1
21,9364,39337,P1UtCthk-Zc,UCrhkgHTUdZXbCd69TNuQuMg,development,2
21,9365,39338,fNbKkjF98Tk,UCs_mHlm5_C82W5WCIJaSMbQ,development,3
21,9366,39344,XhNAr_CJ7IE,UCg49edhvr3zKvWJz01MV8Mw,development,1
21,9367,39345,xVeVp0lZdZo,UC0uW127NmbWG0g-BnTltSHw,test_reserved,
21,9368,39348,qgICJBDQW2Q,UCcwCsuV7bOpTfqf2UvLfYmg,development,4
21,9369,39350,VG1mI66aVps,UCkagcQYGoYFuXsUg-ObSL6A,test_reserved,
21,9370,39351,KvBbGvyk15U,UCtj_Jtf4f9c5PSI7Go1_EEQ,test_reserved,
21,9371,39354,LnpxmZbNROg,UCacIRbbu-hgx4sRW6tZPRoQ,test_reserved,
21,9372,39358,M3coJpjLe08,UCCK3OZi788Ok44K97WAhLKQ,development,2
21,9373,39360,P5TaYYYgWTc,UCl5xacxsAhltNGtiMktd_Sg,development,5
21,9374,39361,b5O_QkHyVZQ,UClSIhhnuyF8fXtBTpOOTknA,development,2
21,9375,39370,TwEznbaAXjY,UCcMQKrccZ9c0_GNyXWo8jLg,development,3
21,9376,39372,UhUGncKBKWQ,UCcijXxFzSXgoM6q9cCtT9PA,test_reserved,
21,9377,39375,zoz6p1PiHqU,UCcspHoBTj_aLhnJLwkMpWHQ,development,5
21,9378,39382,0fMZJ0he_Lc,UCAH7R88V7gz7RqJv78nNOzg,development,3
21,9379,39389,rSBWIaY5p-g,UCmjo40eaWQS0jkW7UW24KSA,test_reserved,
21,9380,39394,lZGboO_pU0o,UCAKbFSucxr0iLZDDkEp3gGw,test_reserved,
21,9381,39395,lkJ3pPxpqDg,UCckltLEhFLv8Xz_lQhYfwmg,development,1
21,9382,39401,yxDi3qpmZAM,UCMkW7S3IszN1L9u1bLw23rQ,development,2
21,9383,39405,HGlLOiJ4Iso,UCoNaQS6wefjNVFkwvxrzAYw,development,4
21,9384,39411,gr8mLBm7Ev8,UCr5BVR_ePEz_9V-KF5rSEmQ,development,2
21,9385,39414,V-DgfGseShY,UCjm7vbOwssao7Bhm9wX3-bw,development,5
21,9386,39415,8ezj2RpIEt0,UCOtYyt7W5PmPnwQjWWF_Z-Q,development,3
21,9387,39418,cSwSKl_ERhQ,UCM3bQBUJ0PEbgfe9lAw_Y3Q,development,4
21,9388,39419,nDT3vj5W1hw,UCCK3OZi788Ok44K97WAhLKQ,development,2
21,9389,39427,AU2k-MlCvmA,UCCK3OZi788Ok44K97WAhLKQ,development,2
21,9390,39432,zdpcMI3kXLI,UCU698FK0A1JkE2VADC4fQlA,development,3
21,9391,39433,C94sTkSpegk,UCM19g5ow7vLXDTYx_j9Z7VQ,development,3
21,9392,39434,axjH82MPZdI,UCXfgx23Lw81I4wsCNhdVBgw,development,2
21,9393,39440,kWrhrUEqwuk,UCCK3OZi788Ok44K97WAhLKQ,development,2
21,9394,39447,lAdCmbGnm0w,UCMW_Sgzlaezz3MHg3BtgKbw,development,4
21,9395,39456,KGJYSViGRLk,UCjKSK3d5r0O78WGnMouSvDw,development,4
21,9396,39463,rjlcDBU2U_w,UCCK3OZi788Ok44K97WAhLKQ,development,2
21,9397,39474,rrbqD6GsmSs,UCIQYzhtvJ9Ve8IlADFudn0g,development,3
21,9398,39475,22qvSQksiWw,UCmrLu4r89ykOzmtmbAeEklA,development,3
21,9399,39478,mncWz4m0j8A,UCVHWB3mjlo3zxsMPhjgtZig,development,3
21,9400,39480,r5QGs2FyJj4,UCZG9GCS1vbvb_BF5Sh43abw,test_reserved,
21,9401,39484,ixUy-CZEdyk,UCs_mHlm5_C82W5WCIJaSMbQ,development,3
21,9402,39487,An7M1yEKS84,UCckltLEhFLv8Xz_lQhYfwmg,development,1
21,9403,39488,tRR5HdQ8PSE,UCVU09OJkBIHZTGb-acbajoQ,development,4
21,9404,39499,MeNUGBGZyMc,UCcijXxFzSXgoM6q9cCtT9PA,test_reserved,
21,9405,39506,mT7ZP8RS4ss,UCwrJnrHM2qRjjiSVk1nlx4Q,development,4
21,9406,39510,YzrjLCxosos,UCckltLEhFLv8Xz_lQhYfwmg,development,1
21,9407,39514,fpVLDVQrkkE,UCzNxbzqN0to4GNb9otFuGJQ,development,4
21,9408,39528,gHcjfoiM3G4,UCRePDO2sKo0VkW33MrPJCkw,development,2
21,9409,39533,enBsUDhHfF8,UCPAbeKHjE4HpRXqo4AXJzVQ,development,4
21,9410,39535,pOE4ekw_ueU,UCVfnhhDIkkBJ_1QyzCqeVDg,development,5
21,9411,39537,BEy2C6vRv4U,UClSIhhnuyF8fXtBTpOOTknA,development,2
21,9412,39543,QuhW2IEIu0Q,UCnqTWrNbHl4SvL60MCE693Q,development,1
21,9413,39544,9dYbQ3hpbuw,UC1YGPDtctHGJWW0NrlQVklw,test_reserved,
21,9414,39549,mOB4UC1cZ80,UCfxrtRajRgkbSCct-w7jErQ,test_reserved,
21,9415,39553,A7tokkciy-c,UCZhOI6uSPZKDNMpRHePdvow,development,5
21,9416,39557,TqWhesWHpVU,UCOtYyt7W5PmPnwQjWWF_Z-Q,development,3
21,9417,39565,N8Q14ERMV1k,UCckltLEhFLv8Xz_lQhYfwmg,development,1
21,9418,39569,2Da9JKY95sc,UCckltLEhFLv8Xz_lQhYfwmg,development,1
21,9419,39570,Q63LzIqsocs,UCQNgAoq_8JvzI5buAqhgL_A,development,3
21,9420,39571,WWqf7QDHWQE,UCaoUDHP-lpKY06Y3axFEmew,test_reserved,
21,9421,39572,pF9Wnrd3GEU,UCFuP4DmMM9LZOMoa86vsZig,test_reserved,
21,9422,39573,638N-mmOsjw,UCc30sTBdN9LRSxEuHaXV_bQ,test_reserved,
21,9423,39574,JZQD26-E0Po,UC8rcDufKZ3W6CtZU69CtMXg,development,3
21,9424,39581,qKfQ6Ruh5sI,UCIoyIVPZEfC2p0dQwAxGiEw,development,5
21,9425,39586,dWWdlZ0egwI,UCYga1ycTsoZn6Y_xlrdw0iA,development,2
21,9426,39596,S0oI9cM6TSY,UCx7lEnwLHxO9yPjOotGb-bA,development,3
21,9427,39597,KnXEQC97NeE,UCOtYyt7W5PmPnwQjWWF_Z-Q,development,3
21,9428,39603,LYcomUQCZaE,UCylhkgEGRNcr-hWRfx8KxzA,development,1
21,9429,39604,TKauCh5CZ3A,UCbgjuk1jkUr_xe4tNGv35Qg,test_reserved,
21,9430,39608,xvzhs-YF0II,UCgnFSj7jQffD5V5m05j4dPw,development,5
21,9431,39614,wIU8uu2M5DA,UCAH7R88V7gz7RqJv78nNOzg,development,3
21,9432,39617,wPtwM21gg7E,UCecL5RXqIzb3N6zO0FaCN9Q,test_reserved,
21,9433,39618,AHJZYG_Yi7I,UCIzJ8MT1NFOo3Q-VJlNDlQQ,development,2
21,9434,39619,LP3oYjYM-is,UCLuP7ROjaueiuNbzrvPqXSQ,development,2
21,9435,39625,FLsiIiUMBf8,UCJA-NQ4MtcRIog66wziD8fA,development,2
21,9436,39626,WfRRsD0GkU4,UCMKVkE8hcrq8XVr_GftJ_sg,development,3
21,9437,39631,brAg28IysqY,UCOtYyt7W5PmPnwQjWWF_Z-Q,development,3
21,9438,39634,D9-hQwEnGKY,UCKvIAFnwVFiuITk3cl7UTxA,development,3
21,9439,39636,4WmJVq5nK8w,UCCK3OZi788Ok44K97WAhLKQ,development,2
21,9440,39637,r965W5-jIkU,UC0ZcZzDZe8x6-olaRR5-wYw,development,4
21,9441,39643,33Yl6v9lLlg,UCvyalhna2_BckncYWdeqcwQ,development,2
21,9442,39647,16UTrxU7o2k,UCcijXxFzSXgoM6q9cCtT9PA,test_reserved,
21,9443,39648,7eajNsj9PN4,UCsCp9NfFhRhL6DvDjWtAweg,development,1
21,9444,39653,ugMkB_7Blyk,UCcijXxFzSXgoM6q9cCtT9PA,test_reserved,
21,9445,39654,aD7q46ZhilA,UCckltLEhFLv8Xz_lQhYfwmg,development,1
21,9446,39659,WnIE1B8dIuo,UChwjz-THeefGm2mSbYB37Wg,development,2
21,9447,39661,xkRUmXj99_Y,UCm6FpVN_cg2tGqHVDc9QpMg,development,2
21,9448,39663,veF5M6XKl9E,UCgnFSj7jQffD5V5m05j4dPw,development,5
21,9449,39665,ObKqGKUNZOc,UCgnFSj7jQffD5V5m05j4dPw,development,5
21,9450,39666,7WqaEyJHpD4,UC1YGPDtctHGJWW0NrlQVklw,test_reserved,
21,9451,39670,3Pf4fn-rB-A,UCpamW3WJjX0CgjWGsBxIm2w,development,5
21,9452,39678,hqzUMG7d79A,UC4oZv7iatCbhEp6ehMMbhAg,development,1
21,9453,39679,phFWmqIDjv4,UCCK3OZi788Ok44K97WAhLKQ,development,2
21,9454,39680,qg_wmcTzq0k,UCwt4zdWrmnBpglCHb1ArREA,development,2
21,9455,39681,9gXAjUbwoCc,UCHhk9EHspPZejY9PnR1PLVg,development,2
21,9456,39685,XnHNJiRe2yY,UC1YGPDtctHGJWW0NrlQVklw,test_reserved,
21,9457,39689,r0260aUWSRE,UCOtYyt7W5PmPnwQjWWF_Z-Q,development,3
21,9458,39691,UxbukUXAXzk,UCCXHDSRJKfNBLNJmIegx8Lw,test_reserved,
21,9459,39699,R9CHxiXJHOs,UC1YGPDtctHGJWW0NrlQVklw,test_reserved,
21,9460,39711,TUv7H-rnaSY,UCmKxhMStMwZZ1gdOg1YZQug,development,2
21,9461,39715,5MnyhfKtdz4,UClSIhhnuyF8fXtBTpOOTknA,development,2
21,9462,39716,duadWpt5l_k,UCckltLEhFLv8Xz_lQhYfwmg,development,1
21,9463,39718,knKDJ_UD1cQ,UCx7lEnwLHxO9yPjOotGb-bA,development,3
21,9464,39720,r0di2Z259e8,UCOtYyt7W5PmPnwQjWWF_Z-Q,development,3
21,9465,39725,jCZlXm8bqiQ,UCMxeqmVKOqiqh7V_A3h4gfA,test_reserved,
21,9466,39726,b4vmgFyCJGI,UCpoFVjuq1ALkaLXUCpn_GuA,development,2
21,9467,39727,4sCr0c1yyQo,UCcCp0B0bypJE4EJjwq8u2lQ,development,2
21,9468,39729,HkO7T5rveTM,UCAGQUfHzdsgxJ1pq2XDS2TQ,development,2
21,9469,39731,ocvfd0WW9jo,UCcijXxFzSXgoM6q9cCtT9PA,test_reserved,
21,9470,39738,0DeOR9wG5gs,UCs_mHlm5_C82W5WCIJaSMbQ,development,3
21,9471,39743,lXnDlrAy_No,UC9_3iaIIixGPLSEeMoUSA8A,development,5
21,9472,39744,aBh4Gy6-k-s,UC7lMOYGM4RHBvV8TR5zYmvQ,test_reserved,
21,9473,39750,qLa-MbHFKfs,UCckltLEhFLv8Xz_lQhYfwmg,development,1
21,9474,39756,HELBC6uzNbE,UCjm7vbOwssao7Bhm9wX3-bw,development,5
21,9475,39757,-KHD1_dvtXw,UCbS_glb2N1NVTrDLVryRbng,development,4
21,9476,39761,cUyEqw_6Jzc,UCkagcQYGoYFuXsUg-ObSL6A,test_reserved,
21,9477,39771,sZ4gfkfzJBY,UCYweMykEAI5aaRztqrJuuAg,development,5
21,9478,39781,4P7wJAU3YCw,UCckltLEhFLv8Xz_lQhYfwmg,development,1
21,9479,39795,HEhNVg26aLQ,UCDhV2dS5kewSaccFl9g66sw,development,3
21,9480,39806,4Y-eCpHR8rI,UCRB8mrLCcwTPlJOMUy9MDUg,development,2
21,9481,39807,Tnp3tratzvw,UCOtYyt7W5PmPnwQjWWF_Z-Q,development,3
21,9482,39808,RVBczAaUNRk,UC0ZcZzDZe8x6-olaRR5-wYw,development,4
21,9483,39815,vJRyORrXyL8,UCafJV2dgvIHYxjKb4GJpV7w,development,4
21,9484,39816,-CXo8fP4Ros,UCnE2cj4yDP2PWWzKpBiNZ3w,development,4
21,9485,39825,FtOdmBB5_uU,UC_hR1wSDcKjBRTlKtp6LK1A,development,3
21,9486,39827,NPx1O0ETuMI,UCn0XmAUFv6d2tofMFEesSNw,development,5
21,9487,39829,fFwAm1akxvg,UCfVmYgJP_bBt00lLtPGsbcQ,development,5
21,9488,39830,biJ1eZ7cYyE,UCA4N4qep0RLPt94J_4SC8pw,development,2
21,9489,39850,zpDg1XvGuUU,UCaCnmd0sVADrw8228hCBnlA,development,3
21,9490,39852,w5pcJcDnYtg,UCZWXOdFyxE0frP_uXHN_BJw,test_reserved,
21,9491,39855,Lgd3AL1YPRw,UCidNC9-9DsHj3FmP5N42Lqw,test_reserved,
21,9492,39861,plBNSJ_c5Bw,UCzNxbzqN0to4GNb9otFuGJQ,development,4
21,9493,39865,8ShW3r8bIsM,UCu3jIK2NBSXc0_YaFqEuIrg,test_reserved,
21,9494,39871,o-BMIlbg7YM,UCgnFSj7jQffD5V5m05j4dPw,development,5
21,9495,39872,zFmQ_eXm12k,UCLA8Ovy_NPAwMWvr8IEDquw,development,4
21,9496,39876,tGFqY8euuNA,UCnT7Z6-yqjhM__jZbK_B3kw,development,4
21,9497,39878,1xBHISZiRHA,UCTlVnv2IrpdHPiB4PeaH6Lw,development,2
21,9498,39881,dnj8GPtFr8Q,UC1YGPDtctHGJWW0NrlQVklw,test_reserved,
21,9499,39885,9VJh_kq0r4Y,UCcijXxFzSXgoM6q9cCtT9PA,test_reserved,
21,9500,39889,HrVe6FDETqc,UC4UaWbUUwVvCxWNqhb4f16Q,development,4
21,9501,39893,K-P-r2foBAs,UCCK3OZi788Ok44K97WAhLKQ,development,2
21,9502,39897,_Yp5xxkaD-E,UCx2bxQGDuQgYPJPYFmIthnA,development,4
21,9503,39898,sAQwrometu8,UCrVFS_0PdV7AwyTgR13IcVg,test_reserved,
21,9504,39901,sP1E42Hbjpg,UCMEXwFurMItX0u1yit-UrAw,test_reserved,
21,9505,39905,4EG632Y9G8o,UCwUzrshKoIdDpdBLeyidDaQ,development,5
21,9506,39906,f4CiC7CDTOo,UCZWXOdFyxE0frP_uXHN_BJw,test_reserved,
21,9507,39909,vdHXe-cs6PM,UCcijXxFzSXgoM6q9cCtT9PA,test_reserved,
21,9508,39912,orWQXRPuXCM,UCn0XmAUFv6d2tofMFEesSNw,development,5
21,9509,39916,B61gZdgnK8c,UCKQw2OwROuqrhOuiqSttu6g,development,5
21,9510,39920,wh9EcPqTq7c,UCLwShsDcrXwLEINVFaa1msw,development,4
21,9511,39924,wMUuv_EEWwA,UCckltLEhFLv8Xz_lQhYfwmg,development,1
21,9512,39931,nc4KOGbVia0,UCAH7R88V7gz7RqJv78nNOzg,development,3
21,9513,39932,R6ISkmjY_Ww,UC8lKgUHo-2mSR5cRRXO9xow,development,3
21,9514,39939,yeqLpHwlydM,UC7usyPsAjJAsFozSyEnL6zA,development,1
21,9515,39941,mldh4A1PvxU,UCaESx7Bdghv_UICcG1hBkcg,development,5
21,9516,39947,fVT3vXMUFkM,UC_nFt7ialY-bZ-nUFwzY_hg,development,3
21,9517,39950,yV26mSRXcHE,UC8U5Mgl9nbkm5vOJ0SMtQgA,test_reserved,
21,9518,39952,z6lWhidvelU,UCbVw-Yr6A7L4hPi8W6zsQlw,development,3
21,9519,39955,3KxflKuiASo,UCckltLEhFLv8Xz_lQhYfwmg,development,1
21,9520,39956,XzheYp-FoFQ,UCBsrUim15y-s6PfMISCR38A,development,2
21,9521,39958,EsryecwExuE,UCfgEc6wWBbVbj8ZNQLltioA,development,2
21,9522,39959,4yPLWij_nGY,UCb6RrPJLl-GpO7qfVA1Z0VQ,development,3
21,9523,39962,7F8Zoq0nEI4,UCbS_glb2N1NVTrDLVryRbng,development,4
21,9524,39967,g3VTKCeA5aY,UCRB8mrLCcwTPlJOMUy9MDUg,development,2
21,9525,39976,AXrp1ksu6sQ,UCckltLEhFLv8Xz_lQhYfwmg,development,1
21,9526,39979,1FPC7qzVhCg,UCckltLEhFLv8Xz_lQhYfwmg,development,1
21,9527,39980,WEPiAx9FsZs,UC4VkNi2RZSJyqXsFaJYfsPg,development,4
21,9528,39984,iEIVvBWKpWc,UCq3WWAoJj0DOQC3G7ri1cug,development,3
21,9529,39994,BVh_LjUrwJg,UCS5U8OTQXzQXMET3NcRguWQ,development,4
21,9530,39999,89yst3jouMM,UCmrLu4r89ykOzmtmbAeEklA,development,3
21,9531,40001,O6a3UrCd3Bk,UCYweMykEAI5aaRztqrJuuAg,development,5
21,9532,40002,5u2byktufMw,UCcijXxFzSXgoM6q9cCtT9PA,test_reserved,
21,9533,40003,0-H5wS3ZxCM,UC3tvYy-s84yySG7V85jRDnA,development,4
21,9534,40010,2B88uxZHXMY,UC_Yt4EUT5dtwOxMm6sheYrQ,development,2
21,9535,40011,DpP6-eithgs,UCCK3OZi788Ok44K97WAhLKQ,development,2
21,9536,40014,j0Fvc2Mr_Ug,UCjX5zm1l8VZfEzAVMHKJSAg,development,4
21,9537,40015,uFCIWq1G4jw,UCRB8mrLCcwTPlJOMUy9MDUg,development,2
21,9538,40017,TVXHDUY2CM4,UCckltLEhFLv8Xz_lQhYfwmg,development,1
21,9539,40027,z7S2-Hgyrt4,UCRtDKbi59vMpicSLFT0J5mg,development,5
21,9540,40029,Igo8tywJmB4,UCCK3OZi788Ok44K97WAhLKQ,development,2
21,9541,40032,D7NZAVTle5Y,UCckltLEhFLv8Xz_lQhYfwmg,development,1
21,9542,40042,tcznPpd90WU,UC1hcl0aIr9KtXA-Kiq9itqw,test_reserved,
21,9543,40046,RqsM6xAaaww,UChdRlRaJpIhRYoHvXwFxRKA,test_reserved,
21,9544,40053,2i33SxVEIK0,UC_OVGNPj6MFL1nZOU05HIZA,test_reserved,
21,9545,40055,5LWJD-QgFzo,UCaESx7Bdghv_UICcG1hBkcg,development,5
21,9546,40058,KYZ2-tNQnzA,UCdotiSNtLlS4qwDto9CdURA,development,2
21,9547,40062,hXJNemJeXV0,UCOtYyt7W5PmPnwQjWWF_Z-Q,development,3
21,9548,40069,wYRG1SDHd78,UCrhkgHTUdZXbCd69TNuQuMg,development,2
21,9549,40072,xB8btDmVaUQ,UCZfQAl56Y6qStW8DECs2hGw,development,4
21,9550,40077,YpBnKFWtFbA,UCVjyzr_EOtJLtLF_3VKfrWQ,development,4
21,9551,40079,3AfdCgjeRAQ,UCiBHV5AwzPEBhlIX3yR6-Ig,development,2
21,9552,40082,kku3zlJCR70,UCOtYyt7W5PmPnwQjWWF_Z-Q,development,3
21,9553,40083,Jlh0VERN8cc,UCOtYyt7W5PmPnwQjWWF_Z-Q,development,3
21,9554,40085,8ojD9B9G4Fs,UCCK3OZi788Ok44K97WAhLKQ,development,2
21,9555,40089,aT30pvB00S4,UCrYItZrCXaq1dZ-6ArlCc6A,development,3
21,9556,40090,PLA4Rzz2Feo,UCLNz9bgiJfM3ImTtYDOt8Ew,test_reserved,
21,9557,40091,dYqKBg0KHVU,UCcolMq4s8q_GHPWeQNidprA,development,4
21,9558,40093,FN0uu1-Mr6o,UCyrW9aDENkU6G6URdVFwB9g,development,3
21,9559,40096,zrJdYoNCUSo,UCc30sTBdN9LRSxEuHaXV_bQ,test_reserved,
21,9560,40098,q09np8YFl8Y,UCf48pki8AqjBHuV80LcC7kA,development,5
21,9561,40104,RJ1n8SMtAgw,UCFgCY_hRcewKGqE5LmaeT8Q,test_reserved,
21,9562,40105,n_-NEFXdnNw,UC_hR1wSDcKjBRTlKtp6LK1A,development,3
21,9563,40114,I1fsvCPb7UU,UCcijXxFzSXgoM6q9cCtT9PA,test_reserved,
21,9564,40115,8xrMDe_SxAs,UCbR7juPwtP-bV_w0840ciYQ,development,4
21,9565,40124,bavP7YeKHkw,UCLA8Ovy_NPAwMWvr8IEDquw,development,4
21,9566,40132,pETjD5ToYlc,UCnSX8rOTbJ0BnrcziyjzM6A,development,3
21,9567,40134,tU29gNY0KfI,UCq0hVW_G5kWt2ocLhbjOtGg,development,2
21,9568,40138,3m6Hl7B90zQ,UCPXSUKHTNc1_hnHuj-UiQWQ,test_reserved,
21,9569,40145,M5DNh5_mv2U,UCcg4tDKgPLIc_x3lhWdogLg,development,3
21,9570,40151,Z1WjKFc_fko,UCMQg72D9bcWjW-umvECrcAQ,test_reserved,
21,9571,40153,-xWxnnNctfY,UCKpVunhV9C8UyXZ-5GtsH7A,development,5
21,9572,40155,2RyGoNS2oPQ,UCuTgmLxqarTxuBU5ARMYUNQ,test_reserved,
21,9573,40159,GIhM40yPnkA,UC-budHy3MfX1QRQPT3GTu1w,test_reserved,
21,9574,40162,GlUrfaU7EfM,UCI9B6cvPkauAUvfV2CvKMMQ,test_reserved,
21,9575,40165,R_A8-TIKLbE,UC944GuW0gSM0srEsZSZRQEQ,test_reserved,
21,9576,40174,9Sh5ZC9l9E0,UCCK3OZi788Ok44K97WAhLKQ,development,2
21,9577,40176,8IvJRXgm3Fw,UCCK3OZi788Ok44K97WAhLKQ,development,2
21,9578,40181,kaZi3NC5Hmc,UCU04vPeqcfzTF8opDsHbTTQ,development,1
21,9579,40186,9Yh8XiObzmM,UCCK3OZi788Ok44K97WAhLKQ,development,2
21,9580,40188,0pXzShS_5rw,UCPfU0uygBGutjaaJU5PpEvg,development,2
21,9581,40189,dQ2Mm0tSZ4Q,UCMkW7S3IszN1L9u1bLw23rQ,development,2
21,9582,40193,_N9dGzofczw,UCCK3OZi788Ok44K97WAhLKQ,development,2
21,9583,40196,-3TFlTiBTyM,UCPXSUKHTNc1_hnHuj-UiQWQ,test_reserved,
21,9584,40199,S94a-Rb25I8,UCYk97F4sCu3hEWp6YEH-Dow,development,2
21,9585,40200,MTadBP6SkAE,UCUxrelp7FHiIj9SNfzWdh_A,development,5
21,9586,40206,isu80Kkd7hQ,UC-0Mao449ypwT0j6O4Dq1kA,development,5
21,9587,40215,qyXQFzHDbFo,UCcrsFwwoMvcXYpJ0XldIlVQ,development,3
21,9588,40216,NeU7WQ_awFg,UCt1uMmva5HBK0qu1hTGGvzA,development,5
21,9589,40221,mVfbt1EgyqE,UCVXCitEEweQox0oyIsJONrQ,development,3
21,9590,40224,Quvr2_cf_OA,UCn6YTM3fvYdwCOHpdNJBOeg,development,4
21,9591,40226,DN7ZI--Xdkg,UCckltLEhFLv8Xz_lQhYfwmg,development,1
21,9592,40233,PhySRRDwkGY,UCkagcQYGoYFuXsUg-ObSL6A,test_reserved,
21,9593,40236,Xn_m-Jgvqko,UCVwEHCzHFsn8_5LhjMFqSiA,development,1
21,9594,40237,nK3u5xkfXX4,UCqDbs3rlemiBZmhkh9gXXHg,development,5
21,9595,40240,uif3mODTc8w,UCB-bp711WZ_Byu1zwfmxJDg,development,3
21,9596,40248,C3IH94bddLk,UCa7tIPq6XgQs1KhuVoUrw5g,development,2
21,9597,40252,Kh0fYTzqX_o,UCYweMykEAI5aaRztqrJuuAg,development,5
21,9598,40268,ogM0Rcx_3Kk,UCgdaUnUmkHDpYCU0w2pR7Rw,development,3
21,9599,40269,mQBEgQILlfk,UCs8-XMlV1sdA56cHlQAgzdg,test_reserved,
21,9600,40279,k_sdlQ9GkZo,UCj66yJ6BRcAD83A7KhIl9lw,development,4
21,9601,40282,nJb1WnN70WA,UCsAPX_-Yu9O_3dJu0aUj_BA,test_reserved,
21,9602,40299,yAiVxKcVcTw,UC5dezjl-rF4Sw6BRPM8Q6Zg,test_reserved,
21,9603,40308,frBwVEizkCI,UCsFyUNMk46NlYGwa7l9m4gQ,test_reserved,
21,9604,40324,6lAZkBX5QRg,UCCK3OZi788Ok44K97WAhLKQ,development,2
21,9605,40326,AKhNTGOYwec,UCkU6swX2r3IiYoAUbVnNq3w,development,3
21,9606,40331,slweAzS1H-Q,UCYweMykEAI5aaRztqrJuuAg,development,5
21,9607,40338,ge08PYWu9HY,UCHrjPef58odmjGI-2rfIjZw,development,3
21,9608,40339,HbgM43J4LOo,UClSIhhnuyF8fXtBTpOOTknA,development,2
21,9609,40343,mBVdXewX0tA,UCvbxIKWQmX355KaGtSqLXKQ,development,5
21,9610,40348,xJgZlEqaAFk,UCoz7UhbfPFJyljIIV2saR7A,test_reserved,
21,9611,40349,KVkj0i9GLbU,UCOtYyt7W5PmPnwQjWWF_Z-Q,development,3
21,9612,40351,Utp2ti2WYdM,UClcIQJ6q-HsROoyWms8B8tg,development,2
21,9613,40356,dWfVCIkeqfk,UCcbOsE5_4LEjtQi8X2PFxDw,development,3
21,9614,40371,48VjA-yTEmE,UCGiUl_50PVio16C4MHClDVQ,development,2
21,9615,40372,uxfT9_qxCMs,UCYf829WTg8Cpx_a-cPtgSQQ,development,1
21,9616,40376,c-PK8iIL--Y,UCYweMykEAI5aaRztqrJuuAg,development,5
21,9617,40378,noRd7SexJSQ,UC22LfvKY_7Ibkt5I5wFqwfg,development,1
21,9618,40384,5uz4QkWN-AI,UCMayHG7j39d11Gh36vV7GnQ,development,5
21,9619,40390,tW3yJyJR_tE,UCckltLEhFLv8Xz_lQhYfwmg,development,1
21,9620,40408,9yd43dGiJvw,UCP4Z7-uWZYIQBclex8M086A,development,3
21,9621,40417,iyigQoOAqIE,UCgnFSj7jQffD5V5m05j4dPw,development,5
21,9622,40419,WQvCE430MSw,UCOtYyt7W5PmPnwQjWWF_Z-Q,development,3
21,9623,40420,t6nkB5JCIZ0,UCk16AZqObhsEu7fUjwroGaA,test_reserved,
21,9624,40421,sf7Dd71uBtI,UC-InXGUDXmIVAZG7efBiU7A,development,4
21,9625,40429,L91xWhwvA0E,UCcbOsE5_4LEjtQi8X2PFxDw,development,3
21,9626,40437,wMfKj8tUmis,UC4Pb9SEsCb1EpsXVYAVVajw,development,2
21,9627,40439,rPA4HhOUSuc,UCbR7juPwtP-bV_w0840ciYQ,development,4
21,9628,40440,T2Sfp3VBDHg,UCewWZeJ0g9cHU61e_jN_bZg,development,3
21,9629,40441,bAZtRzzw9WE,UCOPqjdQOIF6faslRMEruJmA,development,5
21,9630,40443,xBG37XN9NCA,UCDqy-V3qY-xtSmiRHlZIWWQ,development,5
21,9631,40444,4Jj8Gh9exNE,UCn0XmAUFv6d2tofMFEesSNw,development,5
21,9632,40450,lDAK7-eMLjU,UCLA8Ovy_NPAwMWvr8IEDquw,development,4
21,9633,40458,HyyO3Gue2Ds,UCckltLEhFLv8Xz_lQhYfwmg,development,1
21,9634,40459,rfYghnMUB3w,UCOtYyt7W5PmPnwQjWWF_Z-Q,development,3
21,9635,40463,AyFqt2d_UKQ,UCAH7R88V7gz7RqJv78nNOzg,development,3
21,9636,40468,VsV4RR_wq1A,UCpRnLw-i6ep13w_vh9M9k-g,test_reserved,
21,9637,40475,p1wJV_YifAw,UCRDDfbYPHX_GUJ4lcQYTc8A,development,4
21,9638,40493,V8GoQU0GcQU,UC9y7Wh-inBLM44vBwc9MGJg,test_reserved,
21,9639,40494,xVuYhKel5XE,UCckltLEhFLv8Xz_lQhYfwmg,development,1
21,9640,40496,cvOZeZvuVOA,UCix7C1KG_SPtiMXommMExNg,development,4
21,9641,40497,asyqvhfwROY,UCckltLEhFLv8Xz_lQhYfwmg,development,1
21,9642,40512,YjEqJV-8E-0,UCbS_glb2N1NVTrDLVryRbng,development,4
21,9643,40520,2x-MVKLEs0U,UC8qBNfgWRK_WYYGSmmrfgPA,test_reserved,
21,9644,40527,AaCBrVe5BkQ,UCb1rYLZ2YkUo7T2TmhncgHA,test_reserved,
21,9645,40528,2ofaMnSGobw,UC0ZcZzDZe8x6-olaRR5-wYw,development,4
21,9646,40529,28TGOb8mhL8,UCnT7Z6-yqjhM__jZbK_B3kw,development,4
21,9647,40530,puxqqcHHVQU,UC0STeXkzhq7-03GiyxuhnZQ,development,5
21,9648,40532,_GiRZbIXU68,UCcijXxFzSXgoM6q9cCtT9PA,test_reserved,
21,9649,40534,NuzxIgx8O8U,UC62QgaEe8YqmCcxbeyxQg9w,development,1
21,9650,40538,xI1ZCww66eU,UCtpFElVQJM8YgaMTwnEsU4g,test_reserved,
21,9651,40542,655BnoPDDD8,UCoZJaxWPeeGKZ6ShK5EsIkA,development,1
21,9652,40547,LVc3-b8tN1Y,UCGnnbsbqbCc7KxSIAbC_d2A,test_reserved,
21,9653,40553,RvG4u8-QxrE,UC4EtZkAiRfpNl1QRxWTuXaA,development,3
21,9654,40556,82HQY-HgKmI,UCbR7juPwtP-bV_w0840ciYQ,development,4
21,9655,40562,jnhfZ0SD9Fw,UCQTcNhAZidy1i9wwmdgf2Lw,development,4
21,9656,40564,G5fyeOMY7Ew,UCCK3OZi788Ok44K97WAhLKQ,development,2
21,9657,40582,teuxlioCneM,UC8rcDufKZ3W6CtZU69CtMXg,development,3
21,9658,40584,NiOgY2DauaM,UCkC-yhK-WnPNaNslH_LbBWQ,development,3
21,9659,40588,w32w77SD8dw,UC7mhtAaF1ESJgCozpoS2lcQ,development,2
21,9660,40598,nlhqqNFUyW4,UCrVFS_0PdV7AwyTgR13IcVg,test_reserved,
21,9661,40605,cXKtFenHzz4,UCXfgx23Lw81I4wsCNhdVBgw,development,2
21,9662,40607,ctV4rHu5Wto,UCn0XmAUFv6d2tofMFEesSNw,development,5
21,9663,40609,JF5kUr-znO0,UC4Tu0ezWjyVMBD7lyX3EOdQ,development,5
21,9664,40619,F6FIGwqgbiA,UCQkPhQ-6NhA1v7Tpsp6EnKQ,development,2
21,9665,40622,p_OHEwNk3UA,UCPfU0uygBGutjaaJU5PpEvg,development,2
21,9666,40628,upAJfNVYW14,UCckltLEhFLv8Xz_lQhYfwmg,development,1
21,9667,40631,z7CAPCPVZ9s,UCOk9zSvzL_G02l8-5o2J0aw,test_reserved,
21,9668,40633,9hRQRq51fwg,UCOtYyt7W5PmPnwQjWWF_Z-Q,development,3
21,9669,40634,MFqUpN813CM,UCdgWTRipbTuQsIiiPb6fB-A,development,4
21,9670,40636,gC9VnwRAFfo,UCVGqS9lzSbwuJhMbyzwTL6w,test_reserved,
21,9671,40638,_bV4nJRDrBE,UCqrqt9Egbp4Voh3iEUUoorw,test_reserved,
21,9672,40641,UIFebJlV9hs,UCaIc6SgS90ud_RgMSC6hW_w,development,3
21,9673,40642,PD63ynKzRp4,UCQIWzvLOlB4tu84TtOTJCGg,test_reserved,
21,9674,40643,jMWebs376nU,UC2b5VAYjsOfepl9nAXgRmfQ,development,4
21,9675,40650,Ui7klVUAnAs,UCq0hVW_G5kWt2ocLhbjOtGg,development,2
21,9676,40651,PbisdrrmFmU,UC324VVhYKykBv01GecF4aYg,development,5
21,9677,40665,FD60fIgP5gc,UCWrJW5qgCKGpYAxyMCp5Hxg,test_reserved,
21,9678,40669,N8Znp9FaEaQ,UChlvAvH3N7Xd29DuAJgv0Mg,development,1
21,9679,40673,RcHMoID2pAU,UCaESx7Bdghv_UICcG1hBkcg,development,5
21,9680,40679,Tz44mhbLl6Y,UCrhkgHTUdZXbCd69TNuQuMg,development,2
21,9681,40682,pnGVjV-Hy_w,UCRK13WgCsr2N6y9cbeEq39g,development,5
21,9682,40685,GT7Pjy7QLUE,UCCK3OZi788Ok44K97WAhLKQ,development,2
21,9683,40687,wEvnW2Fvwzc,UCRDDfbYPHX_GUJ4lcQYTc8A,development,4
21,9684,40697,dYY0ytTwiII,UCFuP4DmMM9LZOMoa86vsZig,test_reserved,
21,9685,40699,vXqXZZv2lfA,UClCjoJ0fs2RqaRTjukU1jQA,development,5
21,9686,40701,8HRCyS_Srlo,UCBsrUim15y-s6PfMISCR38A,development,2
21,9687,40703,Loa1HEF9WL8,UClRNtb47OA2TokvvxKsx7JQ,development,2
21,9688,40712,DfuJA_aI0Lc,UClSIhhnuyF8fXtBTpOOTknA,development,2
21,9689,40714,65edi4GxOo0,UCql-jEixeuMcyabHRYqr-Zw,development,3
21,9690,40717,n07fmSmBOLg,UCLsRogzQ9bw2Efitidd0ikg,development,4
21,9691,40724,24eLamx2k6w,UCRDDfbYPHX_GUJ4lcQYTc8A,development,4
21,9692,40733,UX_hs806BiI,UCckltLEhFLv8Xz_lQhYfwmg,development,1
21,9693,40739,ze5noUrBp6E,UCckltLEhFLv8Xz_lQhYfwmg,development,1
21,9694,40747,LN8z8nmKGqY,UCCK3OZi788Ok44K97WAhLKQ,development,2
21,9695,40749,u5ielDKM6wM,UCckltLEhFLv8Xz_lQhYfwmg,development,1
21,9696,40760,cNDp0nLCwtk,UCckltLEhFLv8Xz_lQhYfwmg,development,1
21,9697,40767,a6bVKWucR5A,UCjKSK3d5r0O78WGnMouSvDw,development,4
21,9698,40769,tkh6yQ6OtDM,UClSIhhnuyF8fXtBTpOOTknA,development,2
21,9699,40771,h196ytx_cjU,UCbS_glb2N1NVTrDLVryRbng,development,4
21,9700,40775,rW2_6smlIWc,UCwt4zdWrmnBpglCHb1ArREA,development,2
21,9701,40776,QzV8sTPpujE,UCcspHoBTj_aLhnJLwkMpWHQ,development,5
21,9702,40779,zFlKoQZQfwc,UC5-n2dfksESEt3ATmM6Uujw,development,4
21,9703,40782,9H32zG0-Pz0,UCqrqt9Egbp4Voh3iEUUoorw,test_reserved,
21,9704,40792,ZYOOLw4s804,UCQTcNhAZidy1i9wwmdgf2Lw,development,4
21,9705,40793,WC6oslG-cx0,UCcijXxFzSXgoM6q9cCtT9PA,test_reserved,
21,9706,40802,qsrHoxf6j9Y,UCBf296-OhUNfaDbtcYQ4RQQ,development,2
21,9707,40805,HNd1ZmueCFg,UCckltLEhFLv8Xz_lQhYfwmg,development,1
21,9708,40806,WCMb2qxF-c8,UCmqflTSJ6911aCrnaWIXxsA,development,2
21,9709,40807,iWx1PtAi92I,UCsbPUu0F_qqCmDFVjiRva1Q,development,1
21,9710,40808,wV7oPoFxmCk,UC-GRFwciK7JiP8T4tl0pftQ,development,3
21,9711,40815,ZKMT2ZF4nl4,UCbS_glb2N1NVTrDLVryRbng,development,4
21,9712,40823,rUyC9K5tnzw,UCyaIoiqUyGoO7u6jIZm3h6Q,development,3
21,9713,40827,hr5KBZSstnk,UCOtYyt7W5PmPnwQjWWF_Z-Q,development,3
21,9714,40833,0y4QMBOtk2Y,UClC6jQT87s0yKTxHls4BWSw,development,4
21,9715,40843,vpQn4FX9Nu4,UCVBEe2FrVmZMGbcPX7mNxJw,development,3
21,9716,40845,dJPBYiXK_p4,UCOtYyt7W5PmPnwQjWWF_Z-Q,development,3
21,9717,40852,Lqz8gIrFcTA,UCe4u6O2d_KzB3Y6Ln08mnqQ,development,2
21,9718,40855,-YdNLsbKClM,UCc30sTBdN9LRSxEuHaXV_bQ,test_reserved,
21,9719,40857,H-qSbSEfsLs,UCzXVxRmgawPeuyYCcbhBdUw,test_reserved,
21,9720,40876,4tbPVnROGGY,UCckltLEhFLv8Xz_lQhYfwmg,development,1
21,9721,40891,mniqQTV5crM,UCckltLEhFLv8Xz_lQhYfwmg,development,1
21,9722,40902,cNj5lp8QpJU,UC-GRFwciK7JiP8T4tl0pftQ,development,3
21,9723,40903,NzKnHJ0A-BE,UCGUIJxToYLu79zr7YzpmZjg,development,2
21,9724,40904,hcGto-CWxsI,UCr5BVR_ePEz_9V-KF5rSEmQ,development,2
21,9725,40910,luFFGFEEv8A,UCMxeqmVKOqiqh7V_A3h4gfA,test_reserved,
21,9726,40934,eNPHlwrrTBQ,UCMcaGpzjo0D-d6oSvcg8PtA,development,1
21,9727,40936,XXqW_SANHBA,UCPueJmiUPtofKLh_sbSFcqA,test_reserved,
21,9728,40939,0z_0L8ioWVk,UCJSEB46QCTeX7g4pZ6mg-9Q,development,4
21,9729,40941,tg1isHK8QPM,UCOtYyt7W5PmPnwQjWWF_Z-Q,development,3
21,9730,40947,EPn8nERMbvU,UCDuvyLq1ewXk3iNCrt_aF7A,development,5
21,9731,40956,__8OiiSZkP4,UCCK3OZi788Ok44K97WAhLKQ,development,2
21,9732,40961,eZwpQSHcUgs,UC1YGPDtctHGJWW0NrlQVklw,test_reserved,
21,9733,40972,6rjI8IHDPLo,UC9SnUR9ewkPk9h45L0uY6SQ,test_reserved,
21,9734,40973,Fem-kgijHVk,UCI9B6cvPkauAUvfV2CvKMMQ,test_reserved,
21,9735,40974,b2R6aIqrjAU,UC-budHy3MfX1QRQPT3GTu1w,test_reserved,
21,9736,40975,DUDtPGqvIwA,UCkagcQYGoYFuXsUg-ObSL6A,test_reserved,
21,9737,40980,iDY0IMhALc0,UCckltLEhFLv8Xz_lQhYfwmg,development,1
21,9738,40982,eUT6hpWrjYY,UCQIWzvLOlB4tu84TtOTJCGg,test_reserved,
21,9739,40989,fo3yjCuJdGo,UCcMQKrccZ9c0_GNyXWo8jLg,development,3
21,9740,40990,lYkncPphLRQ,UCFGhJsc1ddSN8819LsMa90w,development,5
21,9741,40991,xu24Xcu4Kqc,UCHT6F9HJ9DtLUjTOH16yg6g,test_reserved,
21,9742,40998,9hdhiVdCMdY,UCV_4W6LL-Iwh0UaT_B6exQg,development,3
21,9743,41005,5HCQWM0z45Y,UCYweMykEAI5aaRztqrJuuAg,development,5
21,9744,41009,BHs44l6P-Ys,UCmrLu4r89ykOzmtmbAeEklA,development,3
21,9745,41010,rGUHOgNLVho,UCz6Dm0Aqqb0bHFH58zVovVA,development,4
21,9746,41019,YTtKmx6C4Vw,UCn6YTM3fvYdwCOHpdNJBOeg,development,4
21,9747,41025,1M0DFnJmVCY,UCAKAcMWVANp_qXgWKlXMCFA,development,3
21,9748,41026,H22yE10dkFQ,UCzyTz2So395JRTH79AlQS7Q,development,1
21,9749,41033,rcdwUUtMHU0,UCfQfw--8dPGypR7sGcXJz0w,development,4
21,9750,41035,Dr_k3DERxss,UC7yvlRxy_mqtwPMyZ8H5Zkw,development,4
21,9751,41036,ORR92E-eml8,UC4N96R0hZhwEzNHw53_UGlA,development,4
21,9752,41040,87o-jSlT8Qs,UCckltLEhFLv8Xz_lQhYfwmg,development,1
21,9753,41047,yi2XbPRlTeQ,UCVqfoMNwM8SIpL6BMGTZbcA,development,1
21,9754,41053,IZ1UPb8usVQ,UC1_yLH0zggKIv1M8vjKOiKQ,development,4
21,9755,41058,dL3m6S6nWVo,UCPXSUKHTNc1_hnHuj-UiQWQ,test_reserved,
21,9756,41063,yfgyAauMVWo,UC3tvYy-s84yySG7V85jRDnA,development,4
21,9757,41066,jR27PrW7BBs,UC0tV1b7IFEXFUUILF7mAcWw,development,2
21,9758,41078,okcgLEwc07E,UCbS_glb2N1NVTrDLVryRbng,development,4
21,9759,41081,s-ySVUhdBQs,UCCK3OZi788Ok44K97WAhLKQ,development,2
21,9760,41082,QNm3uBFzvEY,UC0ZcZzDZe8x6-olaRR5-wYw,development,4
21,9761,41083,OUuo3YkLpM4,UCESCGo0Fo0IO63sunkVeXwg,development,5
21,9762,41088,JD-i4Wd5B44,UCMxeqmVKOqiqh7V_A3h4gfA,test_reserved,
21,9763,41092,dpA0_9zOp8g,UCCK3OZi788Ok44K97WAhLKQ,development,2
21,9764,41093,LzcurIIqJ7c,UCjYAhUnrkBujtKI3j3LM2uA,development,3
21,9765,41094,fEONeaEWlA4,UCckltLEhFLv8Xz_lQhYfwmg,development,1
21,9766,41095,_NCt7C0Jlk4,UCXm0FsS7PXy0w5HeOkYMi7Q,development,5
21,9767,41100,9lWdkEzFxoA,UCcijXxFzSXgoM6q9cCtT9PA,test_reserved,
21,9768,41102,M0NPIZkWsLY,UCckltLEhFLv8Xz_lQhYfwmg,development,1
21,9769,41103,2J0jg4wb1ec,UCjm3xnBye4keJCmF2raTl3w,test_reserved,
21,9770,41105,ItfCSfnzuCU,UCnT7Z6-yqjhM__jZbK_B3kw,development,4
21,9771,41111,-j1Ls2MzWEg,UC324VVhYKykBv01GecF4aYg,development,5
21,9772,41116,E5znzJ_HMdo,UCQxYcvX5hnGJvuTFzKng-Vg,test_reserved,
21,9773,41117,TX-Zq8ZaOfs,UCh9qXeL8eP3Txra2908xksg,test_reserved,
21,9774,41122,MI-yMn6tQe0,UCo2XpZV5hjoDx8qtqxgnv9A,development,1
21,9775,41126,wlkqi1I2sKk,UCctwRj5yOB7cFYPc8z_rZSw,development,4
21,9776,41133,XL3HlX9kRns,UCckltLEhFLv8Xz_lQhYfwmg,development,1
21,9777,41138,_685mGmnbd8,UCSw_5fZrselH_au61zvIpJw,development,2
21,9778,41151,ew9hBza3owc,UCoPGkvh-1AoSzh23-ROXrpw,development,3
21,9779,41162,zjdG3Pv1WJ4,UCyatESKDOtYoUqC3zXhREzw,test_reserved,
21,9780,41170,iKYdCdoX0qY,UCCK3OZi788Ok44K97WAhLKQ,development,2
21,9781,41172,arG0xmCeoZE,UCCK3OZi788Ok44K97WAhLKQ,development,2
21,9782,41174,oT3rdD-bSEg,UC8lKgUHo-2mSR5cRRXO9xow,development,3
21,9783,41175,nHnN5QWcoto,UCAH7R88V7gz7RqJv78nNOzg,development,3
21,9784,41177,ZWzxwMgWuKg,UC0tV1b7IFEXFUUILF7mAcWw,development,2
21,9785,41181,OkvtCfTeBEQ,UCL-TetUXLuL3nvjmvruroeQ,development,1
21,9786,41184,AZyVgTkPaMc,UCckltLEhFLv8Xz_lQhYfwmg,development,1
21,9787,41185,hGs3hJdV1hg,UCEUE5XgDTMltZBgBmsfpXSQ,development,5
21,9788,41189,dkb89F8E9ro,UCA5xW2Ce7KT2AtxzDYDebCA,development,5
21,9789,41197,5yK4SXkXquQ,UCPby3xVR_13sYz7yDLBVYqw,test_reserved,
21,9790,41198,SBoSLmk2mvc,UCckltLEhFLv8Xz_lQhYfwmg,development,1
21,9791,41201,e_UeWm1cw9Q,UCFGhJsc1ddSN8819LsMa90w,development,5
21,9792,41210,fVzpNXp8--E,UCCK3OZi788Ok44K97WAhLKQ,development,2
21,9793,41215,RXhGp5GuiIw,UCaESx7Bdghv_UICcG1hBkcg,development,5
21,9794,41224,alsv3jpanu8,UCckltLEhFLv8Xz_lQhYfwmg,development,1
21,9795,41230,ss6fRuYF6sI,UCrhkgHTUdZXbCd69TNuQuMg,development,2
21,9796,41232,giLRDSwGTfU,UCCbm1E52PV05ZLv6dtRB92Q,development,5
21,9797,41240,LLLmgReBfJE,UCCK3OZi788Ok44K97WAhLKQ,development,2
21,9798,41241,HCvubHbQcN8,UClSIhhnuyF8fXtBTpOOTknA,development,2
21,9799,41244,4oFZffsTVtc,UCd-gmzevnJBe9jHuNDMrI0w,development,1
21,9800,41248,O5oCCtHE5go,UCRDDfbYPHX_GUJ4lcQYTc8A,development,4
21,9801,41256,qMXYklwOgqw,UCeixuk-NkKqLJfZKcK2fQig,development,2
21,9802,41258,qRRVIJpZ_JI,UCbS_glb2N1NVTrDLVryRbng,development,4
21,9803,41259,SFhYT_PHPMI,UCCK3OZi788Ok44K97WAhLKQ,development,2
21,9804,41264,Ltk0hVHoLiI,UCckltLEhFLv8Xz_lQhYfwmg,development,1
21,9805,41269,aS71nv9tqR0,UCAH7R88V7gz7RqJv78nNOzg,development,3
21,9806,41273,tX2oTeldCGo,UCckltLEhFLv8Xz_lQhYfwmg,development,1
21,9807,41275,qPF5RUbrI8g,UCJmv3smPAGjWh4URe2nlhag,test_reserved,
21,9808,41278,UbWoZZlvJFw,UCckltLEhFLv8Xz_lQhYfwmg,development,1
21,9809,41279,4zJNVCBHb_M,UCCK3OZi788Ok44K97WAhLKQ,development,2
21,9810,41281,0ku5WwqST0g,UCbS_glb2N1NVTrDLVryRbng,development,4
21,9811,41282,o4bNVEJ12gU,UCUzy2Hm-doo9o4bSfXG_CVQ,development,1
21,9812,41284,boRgRRmg8GQ,UC8lKgUHo-2mSR5cRRXO9xow,development,3
21,9813,41290,XKRmsIzj8jw,UCDhV2dS5kewSaccFl9g66sw,development,3
21,9814,41291,zjckKVLqPYM,UC6jQt9K_jqnBNtsRf7hXHsA,development,5
21,9815,41295,c-bOIyc43CA,UCdgWTRipbTuQsIiiPb6fB-A,development,4
21,9816,41296,JOKYdAEgdv0,UCRK13WgCsr2N6y9cbeEq39g,development,5
21,9817,41297,HzXaG-rW5kA,UCf2Iar2LDcFaSCnVH1ZMUkA,development,3
21,9818,41304,ZsmAVD5bu-g,UCpfrIJXRqOTx2kPVsUytO4Q,development,5
21,9819,41305,Y7EAFkuv5yQ,UCOtYyt7W5PmPnwQjWWF_Z-Q,development,3
21,9820,41307,wvNmVI2jhA0,UCaqKkC85KtIgXZK1edWABww,test_reserved,
21,9821,41309,UZ22Z_NUcFM,UCckltLEhFLv8Xz_lQhYfwmg,development,1
21,9822,41313,TsdLI5-gmQA,UCYga1ycTsoZn6Y_xlrdw0iA,development,2
21,9823,41316,isoL6Ro68xI,UCiSjgMdwgt_wYFGu2QpVtPg,test_reserved,
21,9824,41317,xOS26Pax_n4,UCyrW9aDENkU6G6URdVFwB9g,development,3
21,9825,41318,yHjRBfZjHqU,UCx7lEnwLHxO9yPjOotGb-bA,development,3
21,9826,41322,9Y0MwVtyTVs,UCckltLEhFLv8Xz_lQhYfwmg,development,1
21,9827,41325,21gyq86NW44,UChcZLMu9ldVC7IUvh33BUgg,development,3
21,9828,41328,j7Rl-BqZ-Ec,UCbS_glb2N1NVTrDLVryRbng,development,4
21,9829,41336,u26K4ioKPr0,UCbS_glb2N1NVTrDLVryRbng,development,4
21,9830,41337,cxd3S8eeDe0,UCfQfw--8dPGypR7sGcXJz0w,development,4
21,9831,41339,ZcFbA35kvjI,UC4Pb9SEsCb1EpsXVYAVVajw,development,2
21,9832,41341,uwwj9-NEOIw,UCPXSUKHTNc1_hnHuj-UiQWQ,test_reserved,
21,9833,41345,yTtavCjXRlc,UCbI5YpdPKTd7FRoIuZ_uulw,development,4
21,9834,41346,TjFA7xR8NDU,UCckltLEhFLv8Xz_lQhYfwmg,development,1
21,9835,41348,9xU4pijtLUo,UCRDDfbYPHX_GUJ4lcQYTc8A,development,4
21,9836,41355,XMvblrliKrM,UCCK3OZi788Ok44K97WAhLKQ,development,2
21,9837,41358,ZEekIOE2opg,UCj1dU6sfWVtm1AeD1yT7iFQ,test_reserved,
21,9838,41361,fVl9S0KokCw,UClNX00LvziLlfJ_trtu8llQ,development,1
21,9839,41362,pTjUZLX-wz0,UCCK3OZi788Ok44K97WAhLKQ,development,2
21,9840,41376,0jaHv0jm4K8,UC1YGPDtctHGJWW0NrlQVklw,test_reserved,
21,9841,41382,qBXycJHOtxU,UCwsNWoSlQUyeWgbVQYZtLOA,development,3
21,9842,41384,HCFNUVO7u9o,UCCbm1E52PV05ZLv6dtRB92Q,development,5
21,9843,41387,IvPd5qcT5WM,UCcspHoBTj_aLhnJLwkMpWHQ,development,5
21,9844,41390,-DHQcjdp1d8,UCgnFSj7jQffD5V5m05j4dPw,development,5
21,9845,41391,5LCDELYsp24,UCbS_glb2N1NVTrDLVryRbng,development,4
21,9846,41398,b73T1M9XXCY,UCXFiIVHYqQmgpmIi7KChMkQ,development,2
21,9847,41401,k3Y779-O1mw,UC1sLZ1wqSN1YFrlp92y5yyA,test_reserved,
21,9848,41410,z8pw9IM91Is,UCqrqt9Egbp4Voh3iEUUoorw,test_reserved,
21,9849,41413,f1ZNvFRKLO8,UCtZO2c3i1PrtwyeaxaIYHKA,development,4
21,9850,41416,IrOzZQMMs28,UCCK3OZi788Ok44K97WAhLKQ,development,2
21,9851,41418,-R8Y3aVdqzg,UC7yvlRxy_mqtwPMyZ8H5Zkw,development,4
21,9852,41419,bgVjZj5vQYQ,UCckltLEhFLv8Xz_lQhYfwmg,development,1
21,9853,41422,wAEUTinbd0Q,UCgnFSj7jQffD5V5m05j4dPw,development,5
21,9854,41430,N3oEUi3gaMI,UC22LfvKY_7Ibkt5I5wFqwfg,development,1
21,9855,41432,hZa5I_eFAnc,UCckltLEhFLv8Xz_lQhYfwmg,development,1
21,9856,41433,SRWH-kGlweI,UCCbm1E52PV05ZLv6dtRB92Q,development,5
21,9857,41447,BSl2GvMHM7c,UCZd-LloJJ-8SyTOcqzTw7NQ,development,3
21,9858,41448,Tp2cHrQWbEg,UC1YGPDtctHGJWW0NrlQVklw,test_reserved,
21,9859,41461,xjPvQTZDmTA,UCcspHoBTj_aLhnJLwkMpWHQ,development,5
21,9860,41463,9WA6uBm-tJ0,UCjm7vbOwssao7Bhm9wX3-bw,development,5
21,9861,41478,vhhA57_d-Co,UCckltLEhFLv8Xz_lQhYfwmg,development,1
21,9862,41481,Ox3O9PPv6EI,UCdgWTRipbTuQsIiiPb6fB-A,development,4
21,9863,41491,8ebVgecwMGo,UCPjYaNGIiD3klmxBM6eY7xQ,test_reserved,
21,9864,41495,aADdR4ZUs0M,UCCK3OZi788Ok44K97WAhLKQ,development,2
21,9865,41499,zUxCdeka2uc,UCYk97F4sCu3hEWp6YEH-Dow,development,2
21,9866,41501,YkxTcx6dfNA,UCvRkl4sHIgChIFxeTlbwAGQ,development,2
21,9867,41502,b0xEUBCT0Eg,UCV-q7cRK5yFYEFzWuoQOmQQ,development,5
21,9868,41503,cXQSI9bP3EY,UCpftu_0oOhBDWOt3efcK7Zg,development,5
21,9869,41507,PETwAZg3rko,UCthO6nJNU23u2xA1ZsYAh_g,development,4
21,9870,41509,h96Gr_k89cM,UCA5xW2Ce7KT2AtxzDYDebCA,development,5
21,9871,41513,AO8Vr5SLi4Y,UCr27vXsqJXYjFy-vepngPWg,development,5
21,9872,41516,OejB-6kicWA,UC8qBNfgWRK_WYYGSmmrfgPA,test_reserved,
21,9873,41543,O-APXonXMf8,UCcrsFwwoMvcXYpJ0XldIlVQ,development,3
21,9874,41547,NVkmvwMypkY,UCA4N4qep0RLPt94J_4SC8pw,development,2
21,9875,41548,mYSOjGum5PI,UCNbM4dl9kN5KDpmDdAW6zOg,test_reserved,
21,9876,41551,s29kZ2FljFQ,UCix7C1KG_SPtiMXommMExNg,development,4
21,9877,41566,KrrF0DOexBc,UCfj7Lqw8oDFeCNUd6JIqHkw,test_reserved,
21,9878,41569,PlMjOUX6CHU,UCCK3OZi788Ok44K97WAhLKQ,development,2
21,9879,41590,XmL8EC8H-6U,UCckltLEhFLv8Xz_lQhYfwmg,development,1
21,9880,41600,krrPhXNq7I8,UCaIc6SgS90ud_RgMSC6hW_w,development,3
21,9881,41602,FPeK_2ftRj0,UCbS_glb2N1NVTrDLVryRbng,development,4
21,9882,41610,vedAnjsKp_Q,UCgnFSj7jQffD5V5m05j4dPw,development,5
21,9883,41612,XjliOcVkk8k,UC-GRFwciK7JiP8T4tl0pftQ,development,3
21,9884,41614,6i5iZ5JUUqg,UCoNaQS6wefjNVFkwvxrzAYw,development,4
21,9885,41618,EeCkVtqQ6uI,UCckltLEhFLv8Xz_lQhYfwmg,development,1
21,9886,41622,DKhvq1vzE6E,UCCK3OZi788Ok44K97WAhLKQ,development,2
21,9887,41639,GqSBkr9wElI,UC8rcDufKZ3W6CtZU69CtMXg,development,3
21,9888,41642,mC6sOmKxILA,UCYFEWdq-XSGk-8RZGpJ3nbA,development,1
21,9889,41644,4JM_yxjEtOg,UC5-n2dfksESEt3ATmM6Uujw,development,4
21,9890,41661,FLprS5cqAE4,UCckltLEhFLv8Xz_lQhYfwmg,development,1
21,9891,41664,Q8GsqqMYtKk,UCoYoYVojg-QGFH7VyKMpB8w,development,2
21,9892,41673,F818bk2bS3Q,UCQTcNhAZidy1i9wwmdgf2Lw,development,4
21,9893,41676,_Ypxut9pl4s,UCUz70SsT1TZzlwEqvSCpJRA,development,3
21,9894,41677,_KwfYP5byeY,UCcijXxFzSXgoM6q9cCtT9PA,test_reserved,
21,9895,41678,dOl_3Y-81rA,UCjYAhUnrkBujtKI3j3LM2uA,development,3
21,9896,41680,-9FmnwglHAM,UCOtYyt7W5PmPnwQjWWF_Z-Q,development,3
21,9897,41687,qTGODpKNwp8,UCxQQ7T5UMck1aKxzBmyt4rw,development,5
21,9898,41689,e8gWTG1Zlj4,UCPXSUKHTNc1_hnHuj-UiQWQ,test_reserved,
21,9899,41695,ffgQymhs4o4,UCdgWTRipbTuQsIiiPb6fB-A,development,4
21,9900,41697,6PHHPRyGcYQ,UCuTgmLxqarTxuBU5ARMYUNQ,test_reserved,
21,9901,41709,sO4LK2DSRj8,UCcg4tDKgPLIc_x3lhWdogLg,development,3
21,9902,41714,QkFfp-OnjVg,UCgnFSj7jQffD5V5m05j4dPw,development,5
21,9903,41716,uoAv5b7KqQM,UClKD6E6fDdor11ySgDxrjIQ,development,4
21,9904,41722,BlOQjeF1-qQ,UCPXSUKHTNc1_hnHuj-UiQWQ,test_reserved,
21,9905,41725,KHnsxwrAWY4,UC8rcDufKZ3W6CtZU69CtMXg,development,3
21,9906,41728,i0RUhiQUdvY,UCaESx7Bdghv_UICcG1hBkcg,development,5
21,9907,41730,knbRmXTdjWk,UCckltLEhFLv8Xz_lQhYfwmg,development,1
21,9908,41733,B7UKr726U9Q,UCrmzxiCDMV3hI56E9nYy-4A,development,4
21,9909,41740,24Alyb4jTIc,UC1CkcuwxCW_dIchuR0tTCJw,test_reserved,
21,9910,41754,Jb0RIobCbSU,UCjYAhUnrkBujtKI3j3LM2uA,development,3
21,9911,41756,8IIJWd9q98Y,UCbS_glb2N1NVTrDLVryRbng,development,4
21,9912,41764,yEkG9WtbODQ,UCAH7R88V7gz7RqJv78nNOzg,development,3
21,9913,41767,-oAIfzbfxtE,UClKD6E6fDdor11ySgDxrjIQ,development,4
21,9914,41776,O5jt5r8BTvw,UCdgWTRipbTuQsIiiPb6fB-A,development,4
21,9915,41779,z3jiBaHP-64,UCI3sRzrfKcpm_MKTYmo9lZg,development,5
21,9916,41782,_uHbI9iZYjE,UCgnFSj7jQffD5V5m05j4dPw,development,5
21,9917,41789,XgXb8haPBpM,UCckltLEhFLv8Xz_lQhYfwmg,development,1
21,9918,41791,yLbvtuRIItk,UCCK3OZi788Ok44K97WAhLKQ,development,2
21,9919,41797,2h7t6j7LsIs,UCyrW9aDENkU6G6URdVFwB9g,development,3
21,9920,41805,r1jm1xrpNyQ,UCAH7R88V7gz7RqJv78nNOzg,development,3
21,9921,41806,fhcuQQT7vOw,UCqrqt9Egbp4Voh3iEUUoorw,test_reserved,
21,9922,41808,Xk82sEcPqkQ,UCRDDfbYPHX_GUJ4lcQYTc8A,development,4
21,9923,41811,wq7DEdO4oxU,UCTt-pC0wjGVwhhNWFEOsDMQ,development,2
21,9924,41820,0IJ_OV6XIdk,UC2sO_F_Ky4LIAUtSJYXqBDA,test_reserved,
21,9925,41823,2t5QTUqIqJY,UCOtYyt7W5PmPnwQjWWF_Z-Q,development,3
21,9926,41832,Z4akuGgTfdU,UCckltLEhFLv8Xz_lQhYfwmg,development,1
21,9927,41833,mgEpWIKI3sU,UCe13xXtdfx_n0_z1qeXV6_g,development,5
21,9928,41840,T-JNzk8B5kc,UCckltLEhFLv8Xz_lQhYfwmg,development,1
21,9929,41844,L5gkxbbOwsE,UCgnFSj7jQffD5V5m05j4dPw,development,5
21,9930,41845,Bgzj5badjeI,UC8rcDufKZ3W6CtZU69CtMXg,development,3
21,9931,41849,yCiKI8kOjV0,UC0ZcZzDZe8x6-olaRR5-wYw,development,4
21,9932,41857,ZdrHOfXGGN0,UC9WC9lfrR4XNDTn1AiBDinQ,development,4
21,9933,41865,CEa1X3nt7k0,UC-DEHYgvcA5bBD3cWo_vSuA,test_reserved,
21,9934,41879,Y48UVnS27Sg,UCaESx7Bdghv_UICcG1hBkcg,development,5
21,9935,41882,idBBbdc8mMk,UCV_4W6LL-Iwh0UaT_B6exQg,development,3
21,9936,41891,Q4oZccanz-c,UCBsrUim15y-s6PfMISCR38A,development,2
21,9937,41903,xUu99-k1Wr0,UCRDDfbYPHX_GUJ4lcQYTc8A,development,4
21,9938,41908,GT_hVEZtXg8,UCAyWzuNB_xRTMEBRnD7tKzA,development,4
21,9939,41910,7QEulzhobNY,UCgnFSj7jQffD5V5m05j4dPw,development,5
21,9940,41914,--vTiYzdhBU,UC-InXGUDXmIVAZG7efBiU7A,development,4
21,9941,41917,FWMBeuN_hSY,UC2lV_3vC0_qIrT6pwY7L2bw,development,1
21,9942,41929,jzk1cvmhPdg,UCMd-Y13fuzRTpBKs1MlnjYw,development,5
21,9943,41934,By4AZ5oC-Ng,UCTO9f5qKoCLHF21OLaROdEA,development,4
21,9944,41935,rHCck0N71XQ,UCgnFSj7jQffD5V5m05j4dPw,development,5
21,9945,41936,6RaYnKBIjFw,UC8rcDufKZ3W6CtZU69CtMXg,development,3
21,9946,41938,eRvVA50zUf0,UCAH7R88V7gz7RqJv78nNOzg,development,3
21,9947,41939,aRU7yi06VNU,UC-dHEjWS4CibzGtijQC6cOg,development,5
21,9948,41941,MmXa4dSjo74,UCrhkgHTUdZXbCd69TNuQuMg,development,2
21,9949,41942,DyJS6IjGMuY,UCaESx7Bdghv_UICcG1hBkcg,development,5
21,9950,41953,U8zx508tQnI,UCckltLEhFLv8Xz_lQhYfwmg,development,1
21,9951,41956,FFK_-z89nT4,UCCK3OZi788Ok44K97WAhLKQ,development,2
21,9952,41959,ci6ZqOpyRV0,UCOtYyt7W5PmPnwQjWWF_Z-Q,development,3
21,9953,41969,DIQEDA9x53E,UCAeBFsK2bmm5lkgy90uFiqw,development,4
21,9954,41971,fKDwb9KVG0w,UCM3bQBUJ0PEbgfe9lAw_Y3Q,development,4
21,9955,41975,mxubYqEgx9c,UCCK3OZi788Ok44K97WAhLKQ,development,2
21,9956,41984,d311ONCocWM,UCOtYyt7W5PmPnwQjWWF_Z-Q,development,3
21,9957,41986,o1OEn3b5ELI,UCfbPqthcdo_1_KHyU4kMiRg,development,5
21,9958,41987,Q6B5F8oaObw,UCQN2cRMiB1BkljRswBN802g,test_reserved,
21,9959,41995,YF3fZkhZ9qA,UCgnFSj7jQffD5V5m05j4dPw,development,5
21,9960,41997,e-j9xbgAqqU,UCcijXxFzSXgoM6q9cCtT9PA,test_reserved,
21,9961,41998,GpWfmyRQ514,UCckltLEhFLv8Xz_lQhYfwmg,development,1
21,9962,42001,ays5RGG9ic8,UCRDDfbYPHX_GUJ4lcQYTc8A,development,4
21,9963,42002,X96r3GAGbw8,UCocTGar6qlhml1oAUBWMQTg,test_reserved,
21,9964,42005,l2ogLkkbuiE,UCRDDfbYPHX_GUJ4lcQYTc8A,development,4
21,9965,42011,xuuQpw8apbs,UC-GRFwciK7JiP8T4tl0pftQ,development,3
21,9966,42012,AzwTWSy1I58,UCbS_glb2N1NVTrDLVryRbng,development,4
21,9967,42013,qn08-6mUpbE,UCcrsFwwoMvcXYpJ0XldIlVQ,development,3
21,9968,42015,_aAmdniswgs,UCLNz9bgiJfM3ImTtYDOt8Ew,test_reserved,
21,9969,42016,uyMQPUL483g,UCoPGkvh-1AoSzh23-ROXrpw,development,3
21,9970,42017,NgO9mByNzoA,UC80S9x_1mLIq3Q21dG-iy5A,development,1
21,9971,42026,WgHPClmprvU,UCaESx7Bdghv_UICcG1hBkcg,development,5
21,9972,42027,XfEo_NRq96U,UC1YGPDtctHGJWW0NrlQVklw,test_reserved,
21,9973,42029,CfXodwUe3_s,UChhmvfskCK4IaaoJ4Bj84Kg,test_reserved,
21,9974,42032,m1GtXEEmP8o,UC95VofaZiQPFwRMaqPhLc0w,test_reserved,
21,9975,42038,oS_LKNqfsg0,UCcijXxFzSXgoM6q9cCtT9PA,test_reserved,
21,9976,42045,3CuijSYfyew,UCA5xW2Ce7KT2AtxzDYDebCA,development,5
21,9977,42051,eVYoK5DhDSw,UCcwCsuV7bOpTfqf2UvLfYmg,development,4
21,9978,42055,yTvO7u_NMPQ,UCBYHzLIry8B-rCsqd1okLKQ,development,1
21,9979,42063,vg12QhPfad4,UCiBHV5AwzPEBhlIX3yR6-Ig,development,2
21,9980,42064,5kjzAXMbC8U,UCTmg1B8yhWyPTgGgPGGazMA,development,2
21,9981,42066,mZtsrUZx16g,UCE_uaeRZwW7roZqYO31iDWg,test_reserved,
21,9982,42075,xlu6LX1d3sg,UCrhkgHTUdZXbCd69TNuQuMg,development,2
21,9983,42079,y52i8GAYc3U,UCCK3OZi788Ok44K97WAhLKQ,development,2
21,9984,42087,F0wKCD2hK18,UCHhk9EHspPZejY9PnR1PLVg,development,2
21,9985,42096,biTuHddlaNg,UCOtYyt7W5PmPnwQjWWF_Z-Q,development,3
21,9986,42097,BFzmK6CQ6hk,UCOtYyt7W5PmPnwQjWWF_Z-Q,development,3
21,9987,42099,9ygdN2lB-N0,UCckltLEhFLv8Xz_lQhYfwmg,development,1
21,9988,42104,BrhtrlRa-pQ,UCCK3OZi788Ok44K97WAhLKQ,development,2
21,9989,42107,qQs4xshjGlA,UCckltLEhFLv8Xz_lQhYfwmg,development,1
21,9990,42109,nyUdx964KCE,UC1YGPDtctHGJWW0NrlQVklw,test_reserved,
21,9991,42112,tOxE-NPUICg,UCOk9zSvzL_G02l8-5o2J0aw,test_reserved,
21,9992,42113,ieJSn8aei14,UCqrqt9Egbp4Voh3iEUUoorw,test_reserved,
21,9993,42114,xok9umDlzTM,UCc30sTBdN9LRSxEuHaXV_bQ,test_reserved,
21,9994,42123,ofHFQ_TNfhQ,UCCK3OZi788Ok44K97WAhLKQ,development,2
21,9995,42128,dXbfLtye4mY,UCkOBWuInZXAP0DT3iAT5hYw,development,2
21,9996,42141,aMXBFi93UME,UCZpPfCxvP6T9rCkDX3tQfOw,test_reserved,
21,9997,42145,tCYKcHx89mU,UCOtYyt7W5PmPnwQjWWF_Z-Q,development,3
21,9998,42147,-hazDMtCtFw,UC1YGPDtctHGJWW0NrlQVklw,test_reserved,
21,9999,42153,cjGS2LVEezo,UCCK3OZi788Ok44K97WAhLKQ,development,2
21,10000,42159,Qeej0Kzan88,UCgnFSj7jQffD5V5m05j4dPw,development,5
21,10001,42160,sskZAsiYzjg,UCoPGkvh-1AoSzh23-ROXrpw,development,3
21,10002,42166,f09bhAhPQQs,UCckltLEhFLv8Xz_lQhYfwmg,development,1
21,10003,42170,dzACipFjbE8,UC2sO_F_Ky4LIAUtSJYXqBDA,test_reserved,
21,10004,42177,ZjGF1HZtbb8,UCIoyIVPZEfC2p0dQwAxGiEw,development,5
21,10005,42178,VAgHZlmjocw,UCYNtjJyosDXPToT3MdOzf1w,test_reserved,
21,10006,42179,gBQx93IriSk,UC8ZRk92Ov4Mj3dXpxVkgQww,development,5
21,10007,42185,pIoxxOjH51A,UCjKhWkJIwsMHxh2XG1WrbFQ,development,5
21,10008,42188,dsgGMo8WE5g,UCzO0Ody4SmI_XFRrXW848eA,test_reserved,
21,10009,42192,PBwovaX-ixc,UCOtYyt7W5PmPnwQjWWF_Z-Q,development,3
21,10010,42194,pdyze-zLUos,UC_K3CNn5jlFvgCx7cpKiCYA,development,1
21,10011,42199,28-_p9hu9R4,UCGSDCIUEvUtO5wzIFtc4AgQ,development,2
21,10012,42200,xAsuun_vEQ4,UCFdCT7ZJCc9ax1yAqDCQPaA,development,1
21,10013,42207,GEUY0EmbtAE,UCxlfXLzyelcreS9x0plDj3g,development,2
21,10014,42212,fSI-F9fvC8o,UCOtYyt7W5PmPnwQjWWF_Z-Q,development,3
21,10015,42215,O_I9t3YMOec,UCOhlt0l_vucCrUDphPAJnbw,development,1
21,10016,42222,-Bov950I0o4,UCGwkKsyd1fbH5eDBEvOIfmw,test_reserved,
21,10017,42223,eErtXjj7UNc,UCNckXAcrwqCXYVLJrnCuQFA,development,1
21,10018,42227,KfY4bqTv2Z0,UCRyHK0HPW8OQtTqtRLqCMlw,development,3
21,10019,42233,Nvgpz7_Rr3s,UC7SpeEKCvhjtxa4VX2sHA1Q,development,1
21,10020,42234,DQ07VCRkaDI,UCAH7R88V7gz7RqJv78nNOzg,development,3
21,10021,42249,Q5t2xE2tABc,UCafJV2dgvIHYxjKb4GJpV7w,development,4
21,10022,42251,XSPzOaZzzPA,UCZfQAl56Y6qStW8DECs2hGw,development,4
21,10023,42252,WkNZxC1P9J8,UCCK3OZi788Ok44K97WAhLKQ,development,2
21,10024,42263,702aohLSUNo,UC8lKgUHo-2mSR5cRRXO9xow,development,3
21,10025,42265,asND1yg37Z4,UC69csWmeK-LePWo8JJ9BoqQ,development,3
21,10026,42266,ta1ysfUEm1w,UCAgBGlUKoAQFXMUzshrWDgg,development,5
21,10027,42267,ptaYIE-sxmQ,UCcijXxFzSXgoM6q9cCtT9PA,test_reserved,
21,10028,42270,wcC3FXpuZxE,UCewWZeJ0g9cHU61e_jN_bZg,development,3
21,10029,42277,3ZleP9qlZIs,UCamSAN6IFdxTRTbfSSrkiDw,development,2
21,10030,42287,j3OWtaFhSTs,UCf2Iar2LDcFaSCnVH1ZMUkA,development,3
21,10031,42294,rXqNdXNKRGQ,UCckltLEhFLv8Xz_lQhYfwmg,development,1
21,10032,42297,KlvEa1jSLNU,UCnT7Z6-yqjhM__jZbK_B3kw,development,4
21,10033,42300,j65peLVPFtg,UCbS_glb2N1NVTrDLVryRbng,development,4
21,10034,42304,sEoi5c5XQsQ,UCckltLEhFLv8Xz_lQhYfwmg,development,1
21,10035,42306,Q12gIBRLV5E,UCYweMykEAI5aaRztqrJuuAg,development,5
21,10036,42315,p9U-S5YLpw8,UC6jQt9K_jqnBNtsRf7hXHsA,development,5
21,10037,42316,t8OTtrQ9LgU,UCCK3OZi788Ok44K97WAhLKQ,development,2
21,10038,42320,5vJnrmi0wMI,UC4UaWbUUwVvCxWNqhb4f16Q,development,4
21,10039,42322,UxV1ez26gQs,UCsDDVBdzvMMZaQtF8vaC9bg,test_reserved,
21,10040,42325,BZFvtrOifEY,UCsPfJqaUdMINzYqBCEjwknQ,development,2
21,10041,42326,a-n_jAzzCrQ,UCCbm1E52PV05ZLv6dtRB92Q,development,5
21,10042,42335,cCg3XszS7pg,UCaIc6SgS90ud_RgMSC6hW_w,development,3
21,10043,42337,zH6HvmNBDZQ,UCCK3OZi788Ok44K97WAhLKQ,development,2
21,10044,42342,XLLXfknjYyg,UCcijXxFzSXgoM6q9cCtT9PA,test_reserved,
21,10045,42345,eip6fL_DuJU,UCRDDfbYPHX_GUJ4lcQYTc8A,development,4
21,10046,42358,LsGLfECCt9g,UC6jQt9K_jqnBNtsRf7hXHsA,development,5
21,10047,42363,97NJcIiqcP4,UCckltLEhFLv8Xz_lQhYfwmg,development,1
21,10048,42364,K8FZqFrGWao,UCnMFUg-Toi1mIknvElW9mUQ,test_reserved,
21,10049,42365,JEG5GLvtLQk,UCV-q7cRK5yFYEFzWuoQOmQQ,development,5
21,10050,42367,4ddF_PDDP2M,UCRD6apgpGyWJY3F2fqpIYDg,development,1
21,10051,42369,xT1cTi1DKVU,UCGwkKsyd1fbH5eDBEvOIfmw,test_reserved,
21,10052,42373,XdwgGsN0-po,UCS4etFvWLvhVowAmj4dn45g,development,3
21,10053,42382,5hD3JpFkNao,UCCK3OZi788Ok44K97WAhLKQ,development,2
21,10054,42383,rmB9Jap0_dg,UCbR7juPwtP-bV_w0840ciYQ,development,4
21,10055,42386,cmPaxPtoOmo,UC0iSfPvj_cAYrAUkdRI4TNw,development,3
21,10056,42387,DXKnEnSbJdQ,UCckltLEhFLv8Xz_lQhYfwmg,development,1
21,10057,42389,5TIeG22R_kU,UCBkEIYKUPw_d06rAFuJfTVQ,development,4
21,10058,42393,Ao-vREQltZg,UCYk97F4sCu3hEWp6YEH-Dow,development,2
21,10059,42394,HlO21f3hmYo,UCbS_glb2N1NVTrDLVryRbng,development,4
21,10060,42396,XPDgNq8pg8k,UCckltLEhFLv8Xz_lQhYfwmg,development,1
21,10061,42404,sXYeBiKtvok,UC-InXGUDXmIVAZG7efBiU7A,development,4
21,10062,42405,McoDAZPojL8,UCckltLEhFLv8Xz_lQhYfwmg,development,1
21,10063,42406,0fAbaAdj0ME,UCpfrIJXRqOTx2kPVsUytO4Q,development,5
21,10064,42407,QPgpcRWcYSo,UCgnFSj7jQffD5V5m05j4dPw,development,5
21,10065,42410,-2Kf2PTaVUQ,UCqrqt9Egbp4Voh3iEUUoorw,test_reserved,
21,10066,42414,F63SLq_Ez7w,UCckltLEhFLv8Xz_lQhYfwmg,development,1
21,10067,42423,AzhL6--u9I8,UCCK3OZi788Ok44K97WAhLKQ,development,2
21,10068,42427,t2YFP9YXte8,UC8qBNfgWRK_WYYGSmmrfgPA,test_reserved,
21,10069,42428,r58A1KWPHzQ,UCckltLEhFLv8Xz_lQhYfwmg,development,1
21,10070,42437,KQ0XdvoX0Lc,UCofF1Whz-uMOt6JJAoHa9wQ,development,5
21,10071,42442,bQ8nN4_ZEnE,UCrVFS_0PdV7AwyTgR13IcVg,test_reserved,
21,10072,42447,np-EhYWHItw,UCWiGjTcC95PYGw4dyZGWNNw,test_reserved,
21,10073,42460,ftSPkIGoKHc,UCrhkgHTUdZXbCd69TNuQuMg,development,2
21,10074,42464,J5VZdZ6nnFQ,UCV_4W6LL-Iwh0UaT_B6exQg,development,3
21,10075,42467,dXdZBqqMPNs,UCFNhBN3enTlGFtr-apfIaDw,development,3
21,10076,42468,PyLtqtqPDEo,UCol1SzfebXhRo0ltxOJZ9cg,development,3
21,10077,42471,k0KAg7BBfrU,UCLNz9bgiJfM3ImTtYDOt8Ew,test_reserved,
21,10078,42476,r8XiUrE_Z0w,UCkagcQYGoYFuXsUg-ObSL6A,test_reserved,
21,10079,42482,o88W-wllzuo,UCzeBunsQThQMJuN7ldtbeRA,development,1
21,10080,42483,MD-1Czwl6Lg,UCfQfw--8dPGypR7sGcXJz0w,development,4
21,10081,42484,ePgVCCGGb6Y,UCgQqfBHSBi2HscWGdF8CsJg,test_reserved,
21,10082,42486,L4AhAh6evS4,UCwsNWoSlQUyeWgbVQYZtLOA,development,3
21,10083,42488,CjoZDd6pZYc,UCsAPX_-Yu9O_3dJu0aUj_BA,test_reserved,
21,10084,42492,OVH0gwSEkDE,UCnT7Z6-yqjhM__jZbK_B3kw,development,4
21,10085,42496,43yKGgaooHA,UCV1NPkc2O0YZBtx_rhDkicw,development,3
21,10086,42497,Mg7yyB1meqk,UCtOctcFy9iYftvrf1xlF8mw,development,2
21,10087,42511,4GEIX0EzNtk,UCDuvyLq1ewXk3iNCrt_aF7A,development,5
21,10088,42514,57p73kEXJAY,UCpSJ86vrKvGmV63s0AzVhUg,development,1
21,10089,42531,uK2yualbb2w,UCpRgfr4_Eax0HHa2rwkRQ2w,development,5
21,10090,42532,-u6gE1uXQM8,UCV_4W6LL-Iwh0UaT_B6exQg,development,3
21,10091,42533,vvIqyzZnShE,UCzeBunsQThQMJuN7ldtbeRA,development,1
21,10092,42546,WP8QAMJ2Plc,UClCjoJ0fs2RqaRTjukU1jQA,development,5
21,10093,42547,dbF39Yl7mUE,UCGyG2Xkr4xR73xgQMXNi8_g,development,2
21,10094,42563,feZTp1iIV_0,UCCK3OZi788Ok44K97WAhLKQ,development,2
21,10095,42564,2Zu7EBKCLTA,UCiAYv_QAosB-49bJbu3NM3A,test_reserved,
21,10096,42569,FKE4a00G1vI,UCRDDfbYPHX_GUJ4lcQYTc8A,development,4
21,10097,42578,wKg33AWBsk4,UCckltLEhFLv8Xz_lQhYfwmg,development,1
21,10098,42579,pntmIj5Fvb8,UCKvIAFnwVFiuITk3cl7UTxA,development,3
21,10099,42583,62pLesdtGc4,UCaESx7Bdghv_UICcG1hBkcg,development,5
21,10100,42590,bNMNm0OlIXI,UCQTcNhAZidy1i9wwmdgf2Lw,development,4
21,10101,42593,lobbP6pGsRs,UCFGhJsc1ddSN8819LsMa90w,development,5
21,10102,42596,22oehxltNP8,UCgooj1ufFuOk6GD2jq8CbdQ,development,1
21,10103,42598,wm6OI9eaiIY,UCckltLEhFLv8Xz_lQhYfwmg,development,1
21,10104,42601,0LTH0rYIFAI,UCOtYyt7W5PmPnwQjWWF_Z-Q,development,3
21,10105,42602,vU2baq3Go8U,UC8rcDufKZ3W6CtZU69CtMXg,development,3
21,10106,42608,XdYKtPtt6Gg,UC6jQt9K_jqnBNtsRf7hXHsA,development,5
21,10107,42610,vRw4NNTdtuo,UCaESx7Bdghv_UICcG1hBkcg,development,5
21,10108,42615,FJJ2BIdve3s,UCgnFSj7jQffD5V5m05j4dPw,development,5
21,10109,42619,CLe5qQQpop8,UCg22fUwQQF-7Sf6-TIVIFrA,test_reserved,
21,10110,42628,UC5kxZ4YfNw,UCBkEIYKUPw_d06rAFuJfTVQ,development,4
21,10111,42634,MqKXzbchpsg,UCt6_uKUFzWP7jLJZR9WpEoA,development,2
21,10112,42635,te62n5QEIEs,UC0tV1b7IFEXFUUILF7mAcWw,development,2
21,10113,42636,ZSAj4Js6Z60,UCCK3OZi788Ok44K97WAhLKQ,development,2
21,10114,42640,51eYFok735c,UCn0XmAUFv6d2tofMFEesSNw,development,5
21,10115,42648,UfV7La7YZ-o,UC8rcDufKZ3W6CtZU69CtMXg,development,3
21,10116,42655,0XzLve1rTtg,UCDxSSI3_n3bkFKzaJMO5veQ,development,3
21,10117,42661,Id_ylHgLVEA,UCKkRSuLQBs2oErUCgivn8mw,development,4
21,10118,42663,IdHGKRPY2X0,UCckltLEhFLv8Xz_lQhYfwmg,development,1
21,10119,42666,-jJIGII0P1Q,UCCK3OZi788Ok44K97WAhLKQ,development,2
21,10120,42667,kqY3LsQhMgg,UCcspHoBTj_aLhnJLwkMpWHQ,development,5
21,10121,42668,YR2QZqVIVlY,UC0nMJ3QNryBHZpy1P3Wamwg,development,4
21,10122,42672,xhp87zeJS_Q,UCZbELqSq-v0admOH04dE2tg,test_reserved,
21,10123,42673,2I61ziiOxs4,UCOtYyt7W5PmPnwQjWWF_Z-Q,development,3
21,10124,42674,uiRkafe-1Zo,UCT83ymyAGm7Gnk_4ifxjxIA,development,4
21,10125,42677,NfLf2xPG3dI,UCcijXxFzSXgoM6q9cCtT9PA,test_reserved,
21,10126,42687,xpUWkkt9_ng,UCCK3OZi788Ok44K97WAhLKQ,development,2
21,10127,42698,bWozaFHrfJI,UC5lT7mnrszE3L2UdcpnFVhw,test_reserved,
21,10128,42704,Pxa0beDrsy0,UCckltLEhFLv8Xz_lQhYfwmg,development,1
21,10129,42710,dUQZYVNSTOc,UCrFbaY86Z23fi-CaEzjN5sQ,development,1
21,10130,42712,t713EY5XkWg,UCXJm14vFoWrYud1ZXCiHj3A,development,3
21,10131,42714,OPgKajsvhgo,UCaESx7Bdghv_UICcG1hBkcg,development,5
21,10132,42716,nWuOwZlCKgg,UC8lKgUHo-2mSR5cRRXO9xow,development,3
21,10133,42723,5d8E_V3tDG4,UCAH7R88V7gz7RqJv78nNOzg,development,3
21,10134,42725,6vYVkaQfNZU,UCcwCsuV7bOpTfqf2UvLfYmg,development,4
21,10135,42735,I5nD1L77uX8,UCaESx7Bdghv_UICcG1hBkcg,development,5
21,10136,42736,qKjF1EZWGRM,UCCK3OZi788Ok44K97WAhLKQ,development,2
21,10137,42740,KdAq8zyrIc0,UC9SnUR9ewkPk9h45L0uY6SQ,test_reserved,
21,10138,42743,sFdEk0WJ_H8,UC1YGPDtctHGJWW0NrlQVklw,test_reserved,
21,10139,42748,Y0dFj3CgUs0,UCpP5Y5ssB2iicCuWrpVpR3A,development,3
21,10140,42750,Y2w8wpdSGuY,UCpoTebfTyQ_MnHRIIWpVQeA,development,5
21,10141,42752,EVaylgwVGVA,UC8lKgUHo-2mSR5cRRXO9xow,development,3
21,10142,42759,MKLulCj7-6U,UCckltLEhFLv8Xz_lQhYfwmg,development,1
21,10143,42760,UohDEMyuhps,UCsAPX_-Yu9O_3dJu0aUj_BA,test_reserved,
21,10144,42761,vtZ-ek_VrAg,UCBUk51w4TcB2Joq2GOh7Peg,test_reserved,
21,10145,42771,guGdfC1RiW0,UC8rcDufKZ3W6CtZU69CtMXg,development,3
21,10146,42776,tGte2MDtH_k,UCqrqt9Egbp4Voh3iEUUoorw,test_reserved,
21,10147,42782,fwipkipI2KM,UCUh8FFbl1BfRmzL9t4Fkykw,development,4
21,10148,42783,GHYYoGTulP0,UCPAbeKHjE4HpRXqo4AXJzVQ,development,4
21,10149,42787,e6qnwTCQ7mc,UCVqfoMNwM8SIpL6BMGTZbcA,development,1
21,10150,42802,yO2CUjfqXRs,UCckltLEhFLv8Xz_lQhYfwmg,development,1
21,10151,42805,qYjUvR8ztqI,UCaESx7Bdghv_UICcG1hBkcg,development,5
21,10152,42812,PdmsedUe250,UC7lMOYGM4RHBvV8TR5zYmvQ,test_reserved,
21,10153,42813,I-Bj_PLXj4M,UC5aaFB81qNsqcSKP5adSeqA,test_reserved,
21,10154,42820,LwLn6xtWEKw,UCdgWTRipbTuQsIiiPb6fB-A,development,4
21,10155,42823,kkS6RfHpJ90,UCQTcNhAZidy1i9wwmdgf2Lw,development,4
21,10156,42829,ZglTGdjGySU,UCAH7R88V7gz7RqJv78nNOzg,development,3
21,10157,42840,5ima2bD3lAA,UCbS_glb2N1NVTrDLVryRbng,development,4
21,10158,42846,n7LPc_bdv-s,UCOtYyt7W5PmPnwQjWWF_Z-Q,development,3
21,10159,42852,_sDUV8bzYuY,UCckltLEhFLv8Xz_lQhYfwmg,development,1
21,10160,42854,cpunwGyxC9o,UCM4-TLxH9bFDlsjc6BlbsIA,development,2
21,10161,42859,upA_luZhujA,UCoPGkvh-1AoSzh23-ROXrpw,development,3
21,10162,42871,WddpohZ8rU8,UCbS_glb2N1NVTrDLVryRbng,development,4
21,10163,42876,4EBWn61hMxI,UC4Pb9SEsCb1EpsXVYAVVajw,development,2
21,10164,42887,EUdP-R9RzBk,UCc30sTBdN9LRSxEuHaXV_bQ,test_reserved,
21,10165,42891,GCO6LOAhj4Q,UCqrqt9Egbp4Voh3iEUUoorw,test_reserved,
21,10166,42893,_zh2F7WwVFQ,UCh2Xwe7on2Oa2MBtk8zvEuw,test_reserved,
21,10167,42904,F5Aao6NP6YA,UCFdCT7ZJCc9ax1yAqDCQPaA,development,1
21,10168,42908,lDAxiU7Ikvs,UCmrLu4r89ykOzmtmbAeEklA,development,3
21,10169,42911,iqmlzuNOJ3k,UCpfrIJXRqOTx2kPVsUytO4Q,development,5
21,10170,42920,b72shJhPpRo,UCckltLEhFLv8Xz_lQhYfwmg,development,1
21,10171,42930,XfeFH9U2frs,UCM3bQBUJ0PEbgfe9lAw_Y3Q,development,4
21,10172,42936,6jjX4prsmWM,UC2_iwCecXLNqTWv-_QcffRw,development,1
21,10173,42939,h4dExlCbLg4,UCuN1HN5RXX2D6ZcEkopILeg,development,1
21,10174,42940,l-ZLg2uIY7U,UCgnFSj7jQffD5V5m05j4dPw,development,5
21,10175,42941,yKOlVIVBLoU,UCkzFXIie723z4vsYAMsMGsg,development,2
21,10176,42943,1HimuTuUG3g,UC8qBNfgWRK_WYYGSmmrfgPA,test_reserved,
21,10177,42948,qKDXMFLESWg,UCckltLEhFLv8Xz_lQhYfwmg,development,1
21,10178,42959,waTp20T7ps0,UCEieBVk2twUCVeoDDTeXo9Q,development,5
21,10179,42960,ZpBVFR25aag,UCwt4zdWrmnBpglCHb1ArREA,development,2
21,10180,42969,BTl4fqyEAz0,UCbS_glb2N1NVTrDLVryRbng,development,4
21,10181,42970,FmPSCI6443s,UCckltLEhFLv8Xz_lQhYfwmg,development,1
21,10182,42975,uenOJc9GBvg,UCbS_glb2N1NVTrDLVryRbng,development,4
21,10183,42980,KRqDOQorhVA,UCZFZrF8lZizsW3io-ONv_Ig,development,4
21,10184,42986,56_wFXFszX8,UCT83ymyAGm7Gnk_4ifxjxIA,development,4
21,10185,42987,AGbUSzua5ys,UCJeJFkRVgi7gT7ViTxuHHdg,development,1
21,10186,42994,_p7gw_zoK2s,UCT83ymyAGm7Gnk_4ifxjxIA,development,4
21,10187,42996,IBin0TCtr_g,UCcbOsE5_4LEjtQi8X2PFxDw,development,3
21,10188,42999,um5reUVG7EY,UCCbm1E52PV05ZLv6dtRB92Q,development,5
21,10189,43001,eZzPJUnkll0,UCOHyRrRuD2zGCkpuCAlyOyA,test_reserved,
21,10190,43002,PCtVr78VsrI,UCoNaQS6wefjNVFkwvxrzAYw,development,4
21,10191,43010,2wXCElmbtX0,UCAH7R88V7gz7RqJv78nNOzg,development,3
21,10192,43013,GNFg247v72I,UCdgWTRipbTuQsIiiPb6fB-A,development,4
21,10193,43014,vCnnc6vn4UE,UCBkEIYKUPw_d06rAFuJfTVQ,development,4
21,10194,43015,3qE0mIs-HzQ,UCbS_glb2N1NVTrDLVryRbng,development,4
21,10195,43017,kSoiJnGL_Ew,UCu_uRk4D5klE6p_SBLVOWaQ,test_reserved,
21,10196,43021,WzfvG5M-mdc,UC0tV1b7IFEXFUUILF7mAcWw,development,2
21,10197,43034,a6s8XfC64Zc,UCVfnhhDIkkBJ_1QyzCqeVDg,development,5
21,10198,43039,TP_TM9v-x6s,UCM4-TLxH9bFDlsjc6BlbsIA,development,2
21,10199,43041,hOwBfFhk9qM,UCiBHV5AwzPEBhlIX3yR6-Ig,development,2
21,10200,43044,16sr5mDFCsM,UCjYAhUnrkBujtKI3j3LM2uA,development,3
21,10201,43046,wFzL7IfYY6A,UCaESx7Bdghv_UICcG1hBkcg,development,5
21,10202,43047,GBGXt7nSztg,UCckltLEhFLv8Xz_lQhYfwmg,development,1
21,10203,43055,No4ljT-Ud88,UCm8I2aLYgPm_gdzw4SSkiGg,development,3
21,10204,43057,HOOzmTsV_LM,UCwxxAGOZW9DXSl48-DgogIA,test_reserved,
21,10205,43061,uhkRDpdy81U,UCl5xacxsAhltNGtiMktd_Sg,development,5
21,10206,43062,UjTR-Q8aKeY,UC7mhtAaF1ESJgCozpoS2lcQ,development,2
21,10207,43066,I7yoWROSyIs,UCOtYyt7W5PmPnwQjWWF_Z-Q,development,3
21,10208,43067,0WrCjP4cYwc,UCa3BMXA9qcVqMtfnq7d977w,development,5
21,10209,43070,tt5mNxfx4Sc,UC6jQt9K_jqnBNtsRf7hXHsA,development,5
21,10210,43078,MYxR1-0Y75c,UCckltLEhFLv8Xz_lQhYfwmg,development,1
21,10211,43090,DLqy6MEGJLw,UCbR7juPwtP-bV_w0840ciYQ,development,4
21,10212,43091,nIJEwTTbrLA,UCOtYyt7W5PmPnwQjWWF_Z-Q,development,3
21,10213,43094,kkYK9PcacV8,UCJsP6VDsHsorL2IgKOTdiEA,development,2
21,10214,43098,EvYNGDx0EB4,UC5-n2dfksESEt3ATmM6Uujw,development,4
21,10215,43121,bIYOqafjeZA,UCcijXxFzSXgoM6q9cCtT9PA,test_reserved,
21,10216,43123,8i271l0AGTc,UCLNz9bgiJfM3ImTtYDOt8Ew,test_reserved,
21,10217,43130,bf9b4_n4vmo,UCn0XmAUFv6d2tofMFEesSNw,development,5
21,10218,43137,xx_3nQssGlg,UCgnFSj7jQffD5V5m05j4dPw,development,5
21,10219,43142,CwlQT_6CQUM,UCgnFSj7jQffD5V5m05j4dPw,development,5
21,10220,43152,DuWm8tv4wCU,UCjm7vbOwssao7Bhm9wX3-bw,development,5
21,10221,43159,FKlyMmL5XW0,UCgnkk8P4G9yQFuRl0dEO1HQ,development,2
21,10222,43160,0OUu9jWdvCQ,UC0uW127NmbWG0g-BnTltSHw,test_reserved,
21,10223,43166,rDJC4ckkDpI,UCMEXwFurMItX0u1yit-UrAw,test_reserved,
21,10224,43167,UMIbnwHPAsA,UCmqflTSJ6911aCrnaWIXxsA,development,2
21,10225,43171,F_V-IBhclyo,UCOHyRrRuD2zGCkpuCAlyOyA,test_reserved,
21,10226,43173,DyqyySrLCP4,UC4eGpfS24gqdLVjR0S4Wgow,development,5
21,10227,43176,toS0V1mT_vY,UCPXSUKHTNc1_hnHuj-UiQWQ,test_reserved,
21,10228,43179,2nqvubpXsVg,UCOHyRrRuD2zGCkpuCAlyOyA,test_reserved,
21,10229,43183,0TtjcUa8MIQ,UCB1peLqwO8xdVLp_v3qjDmQ,development,3
21,10230,43189,wYQi-4N0Ms0,UCCbm1E52PV05ZLv6dtRB92Q,development,5
21,10231,43190,2TPt37T_i9U,UCyaIoiqUyGoO7u6jIZm3h6Q,development,3
21,10232,43198,EWlvjqF7P0c,UCWr_3S-gYx33CVRDXSYSDhA,development,1
21,10233,43213,cSLVjqy_VOA,UCCK3OZi788Ok44K97WAhLKQ,development,2
21,10234,43226,RODIME8pQBE,UC95VofaZiQPFwRMaqPhLc0w,test_reserved,
21,10235,43230,UOBHK7c-4SY,UCldiq7Z0JJVSkGXVgfV2qtg,development,4
21,10236,43231,upq2F_q34mw,UCLNz9bgiJfM3ImTtYDOt8Ew,test_reserved,
21,10237,43232,GpKOpH9Hzjo,UCCbm1E52PV05ZLv6dtRB92Q,development,5
21,10238,43234,DBUDnJ3i7HM,UCCK3OZi788Ok44K97WAhLKQ,development,2
21,10239,43237,aO-jQTw8avY,UCcijXxFzSXgoM6q9cCtT9PA,test_reserved,
21,10240,43256,7zVE5o-3Mj8,UCckltLEhFLv8Xz_lQhYfwmg,development,1
21,10241,43259,R4jzh_5jP78,UCisTAKWxkhLiv8NSl_K77Hg,development,2
21,10242,43261,coiLj-1kEhU,UCaESx7Bdghv_UICcG1hBkcg,development,5
21,10243,43262,SAKA0r6E_1o,UCDuvyLq1ewXk3iNCrt_aF7A,development,5
21,10244,43265,M0toSjwBdB4,UCbS_glb2N1NVTrDLVryRbng,development,4
21,10245,43267,VuiXdtMLQsw,UC0OQrrbVFEASTwszPPVOndA,development,4
21,10246,43270,ieF3lT7IBgE,UC12Go-EQ4E8Rjcj3nzVlzIA,development,3
21,10247,43272,wK-NWoEn3rM,UCK71gEn4lLLToHx50jwMyNg,development,5
21,10248,43275,Mu9suXyKYTM,UC0PdkCm3QlHJ8HdH4JeNirA,test_reserved,
21,10249,43278,9xic4IjsF3Y,UCol1SzfebXhRo0ltxOJZ9cg,development,3
21,10250,43282,bptHKXSyJOY,UCy3DJWVPCZ1ke602YJZ9PSg,development,5
21,10251,43289,kMypnqHmEvg,UCbr3MNcISUfftpZYqf0PiIw,development,3
21,10252,43291,73z_xDnlC6o,UCMOD1ShoA5OvsNadcW91XxA,development,4
21,10253,43292,IYnSx2qPoc8,UCbR7juPwtP-bV_w0840ciYQ,development,4
21,10254,43298,qiGqYV5e2jk,UCZ8OO-3lypeUeAHeGSHwDUQ,development,4
21,10255,43303,msTU5KmO-N0,UCmqflTSJ6911aCrnaWIXxsA,development,2
21,10256,43307,tkV1t40X7rc,UCFuP4DmMM9LZOMoa86vsZig,test_reserved,
21,10257,43311,GZVjQgLjoIs,UCIQYzhtvJ9Ve8IlADFudn0g,development,3
21,10258,43315,NPmgriZEIhY,UCgnFSj7jQffD5V5m05j4dPw,development,5
21,10259,43320,WL8ZGgk9SIs,UCQTcNhAZidy1i9wwmdgf2Lw,development,4
21,10260,43323,OXFt39gVQok,UCcg4tDKgPLIc_x3lhWdogLg,development,3
21,10261,43324,dCmDXg9LDdk,UCdl01jabKqzbe0XoZmn1y9A,development,3
21,10262,43325,u22msvcqWVc,UCCK3OZi788Ok44K97WAhLKQ,development,2
21,10263,43329,sORED3dkjpk,UCr5BVR_ePEz_9V-KF5rSEmQ,development,2
21,10264,43331,EAX97ChRUxE,UCM3bQBUJ0PEbgfe9lAw_Y3Q,development,4
21,10265,43332,fVjQZ2-VaNw,UCcgkjXIaOrsFR8GLFo3iwOw,test_reserved,
21,10266,43335,5Hv5llSem38,UC4Pb9SEsCb1EpsXVYAVVajw,development,2
21,10267,43341,ybWjEb0tfP0,UCOHyRrRuD2zGCkpuCAlyOyA,test_reserved,
21,10268,43347,x3QHK9UnZ1o,UCCK3OZi788Ok44K97WAhLKQ,development,2
21,10269,43354,mbgfmjZRCwI,UC1sRGiTA976K6kLYAAvSoAQ,development,2
21,10270,43357,3rW037O_Xu4,UCckltLEhFLv8Xz_lQhYfwmg,development,1
21,10271,43362,RRa2Oi7zDZQ,UCckltLEhFLv8Xz_lQhYfwmg,development,1
21,10272,43368,wZUGcQVBIco,UCPXSUKHTNc1_hnHuj-UiQWQ,test_reserved,
21,10273,43369,hW_jvrkOpeU,UCD2X28mF5ZqSA2gncomAtAA,development,4
21,10274,43371,sQ-kbkSMZhA,UCoz7UhbfPFJyljIIV2saR7A,test_reserved,
21,10275,43381,ctGTbidvf7k,UC3uZVJgOSasbfV7xIFY9xjQ,development,4
21,10276,43391,bJTlSFWpPQY,UCUh8FFbl1BfRmzL9t4Fkykw,development,4
21,10277,43392,uJ-eYw2bxa0,UCcrsFwwoMvcXYpJ0XldIlVQ,development,3
21,10278,43400,j8PTIbEB4mE,UCtj_Jtf4f9c5PSI7Go1_EEQ,test_reserved,
21,10279,43401,pHNntzJ3E2Y,UCCK3OZi788Ok44K97WAhLKQ,development,2
21,10280,43402,19bNALCAh0g,UChn_3fE8-wRZdCp_-bD7MUA,development,5
21,10281,43403,maI12ZCcBYw,UCckltLEhFLv8Xz_lQhYfwmg,development,1
21,10282,43404,69dqAJ5asgU,UCn0XmAUFv6d2tofMFEesSNw,development,5
21,10283,43415,rv9_lfok5Kg,UC9ydRoXpQVhwb3sM7VY8xNg,development,1
21,10284,43426,YDQh5QrtoZE,UCcijXxFzSXgoM6q9cCtT9PA,test_reserved,
21,10285,43427,NkeDHCEji0E,UCFQ8ZKx2ZgNWyYG7xFGRfoQ,test_reserved,
21,10286,43439,4eZblNEG7Ek,UCbS_glb2N1NVTrDLVryRbng,development,4
21,10287,43441,OrfIDQzHFWE,UCaESx7Bdghv_UICcG1hBkcg,development,5
21,10288,43448,7mtP_1gM-Pc,UCckltLEhFLv8Xz_lQhYfwmg,development,1
21,10289,43450,AUO3hPvqReE,UCCK3OZi788Ok44K97WAhLKQ,development,2
21,10290,43457,MQdRsnQ48Yc,UCcijXxFzSXgoM6q9cCtT9PA,test_reserved,
21,10291,43458,VdSoo265Y0Y,UCgnFSj7jQffD5V5m05j4dPw,development,5
21,10292,43463,Xgm8DV2JT_4,UCpKHQzqFn8VhNKQVCNp2M1g,development,5
21,10293,43467,TtPz_vn-_Mg,UCgnFSj7jQffD5V5m05j4dPw,development,5
21,10294,43475,wLxXjhFh4lM,UCRDDfbYPHX_GUJ4lcQYTc8A,development,4
21,10295,43479,K80LL4dFLQc,UC0554zf4RvVkxwt_tS4Wx_g,development,3
21,10296,43481,YGG8m4XHEk0,UCF11-Puqxb0jdeWNc7F_Fcw,development,1
21,10297,43483,wA4gV9RwNHY,UC0ZcZzDZe8x6-olaRR5-wYw,development,4
21,10298,43487,sorys56hKbI,UCckltLEhFLv8Xz_lQhYfwmg,development,1
21,10299,43490,1RG0cQR_0zE,UCpfrIJXRqOTx2kPVsUytO4Q,development,5
21,10300,43491,njMXhPWJzdg,UCc30sTBdN9LRSxEuHaXV_bQ,test_reserved,
21,10301,43493,OUC96BPh1Mk,UChJNuZT3z0C73igXBiFS24w,development,3
21,10302,43496,5YJrG60aVA4,UCIoyIVPZEfC2p0dQwAxGiEw,development,5
21,10303,43497,Si2-4V-Vcqs,UCaESx7Bdghv_UICcG1hBkcg,development,5
21,10304,43498,g89tLOf4Z_4,UCgnFSj7jQffD5V5m05j4dPw,development,5
21,10305,43499,kh6FdJ71qTU,UC-budHy3MfX1QRQPT3GTu1w,test_reserved,
21,10306,43508,9B9491siWzg,UC2CLg0-XiunjO_Q6gFV_SGQ,development,5
21,10307,43511,r16SdqyD38Y,UCN5KMxQbOwIrbmJmsR4ojhA,development,5
21,10308,43512,bvOyAEGT00o,UCLx0BJNc11RlbIR5JHH-qmw,development,3
21,10309,43513,Px259sw_cTQ,UC2_iwCecXLNqTWv-_QcffRw,development,1
21,10310,43522,VLzQGud_QQo,UCfuND8HywiC1G1T5s1t6ElA,development,5
21,10311,43527,7PakOh6f7Xw,UCXFiIVHYqQmgpmIi7KChMkQ,development,2
21,10312,43529,tE2sizHr8ZM,UCckltLEhFLv8Xz_lQhYfwmg,development,1
21,10313,43534,Utvr0sY07D4,UCcbOsE5_4LEjtQi8X2PFxDw,development,3
21,10314,43542,tEb8oXVpScQ,UCckltLEhFLv8Xz_lQhYfwmg,development,1
21,10315,43556,JPrW563Bi0E,UCOtYyt7W5PmPnwQjWWF_Z-Q,development,3
21,10316,43560,SsxecW0Hjnc,UCrmzxiCDMV3hI56E9nYy-4A,development,4
21,10317,43571,dE2ZxmXdIoY,UCCK3OZi788Ok44K97WAhLKQ,development,2
21,10318,43582,Wmkx-A0KBXU,UC324VVhYKykBv01GecF4aYg,development,5
21,10319,43583,CpSB5fNhhdQ,UCAH7R88V7gz7RqJv78nNOzg,development,3
21,10320,43585,bEeiClcS3po,UCOiMY00_ZLijPF6InrCl0TA,development,4
21,10321,43589,IpCk-LDLWt8,UCFGhJsc1ddSN8819LsMa90w,development,5
21,10322,43606,ghohGOv3Z78,UCMayHG7j39d11Gh36vV7GnQ,development,5
21,10323,43614,40vMtY5sP5A,UCYweMykEAI5aaRztqrJuuAg,development,5
21,10324,43617,9o7FD7tRYPI,UClC6jQT87s0yKTxHls4BWSw,development,4
21,10325,43618,wm-mHeSdSxE,UCaESx7Bdghv_UICcG1hBkcg,development,5
21,10326,43623,do__IsNzKLo,UC_0KqdgCMvhbpYcp9JaqQRg,development,4
21,10327,43625,S94Ee0bTOWo,UCAH7R88V7gz7RqJv78nNOzg,development,3
21,10328,43627,44MSAqhYo3s,UCbS_glb2N1NVTrDLVryRbng,development,4
21,10329,43631,1H6ecnoacm8,UCAH7R88V7gz7RqJv78nNOzg,development,3
21,10330,43632,zmMZUpenl98,UC1c0hRdhLh7vtMLIYMyOnYw,development,3
21,10331,43638,_UuoD4MAy94,UCcijXxFzSXgoM6q9cCtT9PA,test_reserved,
21,10332,44075,zpthxpnuN_Q,UC5yW2uhi5gYssl3REs2QLLg,development,2
21,10333,44085,4ym73Qnmu-4,UCCK3OZi788Ok44K97WAhLKQ,development,2
21,10334,44088,mkGJ6S0mCyo,UCn0XmAUFv6d2tofMFEesSNw,development,5
21,10335,44091,mEwrzXNXPho,UCaESx7Bdghv_UICcG1hBkcg,development,5
21,10336,44095,IlNsw3hYjV0,UCPXSUKHTNc1_hnHuj-UiQWQ,test_reserved,
21,10337,44102,NrNkeeTsWPE,UCbS_glb2N1NVTrDLVryRbng,development,4
21,10338,44115,0YVA7NSQvl0,UCCK3OZi788Ok44K97WAhLKQ,development,2
21,10339,44128,sLkU-Dcpg24,UCgnFSj7jQffD5V5m05j4dPw,development,5
21,10340,44137,7cboFr2PNlo,UCckltLEhFLv8Xz_lQhYfwmg,development,1
21,10341,44139,D3uEdW-1tzk,UCUBN8f1H_gd7aulxB-Ik4tA,development,1
21,10342,44144,-VUCO-eHrGg,UCbj5TVwioQCK3qtYYEzD3kA,development,5
21,10343,44150,SPSrC7dFEIE,UCOtYyt7W5PmPnwQjWWF_Z-Q,development,3
21,10344,44151,dGnVJfp4PEY,UC0fnN8-CgXOlHLjGc78e-0g,test_reserved,
21,10345,44152,xv2PYKEk3Fs,UCCK3OZi788Ok44K97WAhLKQ,development,2
21,10346,44153,uweVO6hCr7o,UCctwRj5yOB7cFYPc8z_rZSw,development,4
21,10347,44157,GFbiWCCcbRo,UC0tV1b7IFEXFUUILF7mAcWw,development,2
21,10348,44158,0VE41WpH7hU,UCM3bQBUJ0PEbgfe9lAw_Y3Q,development,4
21,10349,44159,M0u2SzUG1kE,UCcbOsE5_4LEjtQi8X2PFxDw,development,3
21,10350,44161,o1uk5Zl0dAs,UCOtYyt7W5PmPnwQjWWF_Z-Q,development,3
21,10351,44165,Tfue7UiUtnM,UCe4g8BqxCBVICI2OTCLdedg,test_reserved,
21,10352,44174,4WN83WqP57o,UCaESx7Bdghv_UICcG1hBkcg,development,5
21,10353,44180,o1HFz7anoaw,UC8qBNfgWRK_WYYGSmmrfgPA,test_reserved,
21,10354,44185,FvYEXfZiM1k,UC8qBNfgWRK_WYYGSmmrfgPA,test_reserved,
21,10355,44194,ghKy0LOZQWE,UCm6FpVN_cg2tGqHVDc9QpMg,development,2
21,10356,44203,HT2zjdJa_GU,UChJNuZT3z0C73igXBiFS24w,development,3
21,10357,44204,6Xu6tfoPnK0,UCJA-NQ4MtcRIog66wziD8fA,development,2
21,10358,44212,KAYuWj3Z2hY,UC0UN7hnzgIxDgG582qgy4cw,development,5
21,10359,44232,mApZyj8urL4,UC2b5VAYjsOfepl9nAXgRmfQ,development,4
21,10360,44236,gxUsCLtM9bM,UC1YGPDtctHGJWW0NrlQVklw,test_reserved,
21,10361,44249,SKV-D01YYbo,UCmqflTSJ6911aCrnaWIXxsA,development,2
21,10362,44255,7rTiXD519I0,UCoPGkvh-1AoSzh23-ROXrpw,development,3
21,10363,44256,rCtUX4o8Hy0,UCf2Iar2LDcFaSCnVH1ZMUkA,development,3
21,10364,44264,LI5_j9E62iw,UCEZ0iXPxt8AW4l8G-vYrDbQ,development,5
21,10365,44269,Ngp4CbzSZsY,UCCK3OZi788Ok44K97WAhLKQ,development,2
21,10366,44273,Lj9rhzgdfMM,UCfdBd-9WWZUv1h7d80Omy8g,test_reserved,
21,10367,44276,FOEW3-TdETc,UCCK3OZi788Ok44K97WAhLKQ,development,2
21,10368,44304,U8jfAkJTbm0,UC6jQt9K_jqnBNtsRf7hXHsA,development,5
21,10369,44307,X1c97-MDe2E,UCVmBgx4kaIsOtMR1jK9AeAg,development,3
21,10370,44313,iWGKUPwh-1A,UCgnFSj7jQffD5V5m05j4dPw,development,5
21,10371,44314,Row5BUrbyRs,UCCK3OZi788Ok44K97WAhLKQ,development,2
21,10372,44329,whqETfMTNxg,UCP0FKFuz9j2Dp-QDr-Dv_0g,development,4
21,10373,44338,iHYHAUu9OPM,UCgnFSj7jQffD5V5m05j4dPw,development,5
21,10374,44340,R5IlokWBuus,UCewWZeJ0g9cHU61e_jN_bZg,development,3
21,10375,44344,SExOy6m2_Fs,UCeixuk-NkKqLJfZKcK2fQig,development,2
21,10376,44351,aFqVL4yaIKc,UCC1CRsAX-lBtVVacMUzGm_A,development,1
21,10377,44355,X6JNxQGqHik,UCckltLEhFLv8Xz_lQhYfwmg,development,1
21,10378,44356,IEyxfwxxohk,UCckltLEhFLv8Xz_lQhYfwmg,development,1
21,10379,44380,dBl7LIlMJqY,UCh9qXeL8eP3Txra2908xksg,test_reserved,
21,10380,44384,a3wOzOj9nXE,UCNJq7z4rYDfvXvgWKt6KOvw,test_reserved,
21,10381,44387,gMl_RdDrc-Q,UCAH7R88V7gz7RqJv78nNOzg,development,3
21,10382,44389,B2B93UljUEM,UCsU0TSt6Jm_yLlTkZS-FvUw,test_reserved,
21,10383,44403,Ao9V9guS7e4,UCpfrIJXRqOTx2kPVsUytO4Q,development,5
21,10384,44407,jnIhB76KO8E,UCCK3OZi788Ok44K97WAhLKQ,development,2
21,10385,44410,Nerjhix_v5w,UCpRnLw-i6ep13w_vh9M9k-g,test_reserved,
21,10386,44413,OHQm8VhwpAA,UCtsqmkwg-BebjNZEg6ofAcA,test_reserved,
21,10387,44418,vVBn1apjpvQ,UC1YGPDtctHGJWW0NrlQVklw,test_reserved,
21,10388,44422,PmyN5UV-JT4,UCKaLeMeUVY1gsBK2nh_PeSg,development,2
21,10389,44423,gGKEdnitobE,UCWrJW5qgCKGpYAxyMCp5Hxg,test_reserved,
21,10390,44426,ulcNyrfMAhw,UCcbOsE5_4LEjtQi8X2PFxDw,development,3
21,10391,44434,IkPXr0YzCx0,UC5R7F4Mw_ZV1c4tYe4UKLIg,development,1
21,10392,44438,QoI8RZYPuWA,UCbS_glb2N1NVTrDLVryRbng,development,4
21,10393,44439,XCrAHa6hRq8,UCCK3OZi788Ok44K97WAhLKQ,development,2
21,10394,44448,gwOtbzwAOjo,UCZfQAl56Y6qStW8DECs2hGw,development,4
21,10395,44456,XcdAX2BqIOc,UCqrqt9Egbp4Voh3iEUUoorw,test_reserved,
21,10396,44462,lV97PFOwlvE,UCgnFSj7jQffD5V5m05j4dPw,development,5
21,10397,44464,xZlPR7uGIHg,UCFGhJsc1ddSN8819LsMa90w,development,5
21,10398,44465,J2utuM4_VQw,UCLNz9bgiJfM3ImTtYDOt8Ew,test_reserved,
21,10399,44473,XeY4ph6h2zo,UCcwCsuV7bOpTfqf2UvLfYmg,development,4
21,10400,44480,1BEqRfMWb1Q,UCCK3OZi788Ok44K97WAhLKQ,development,2
21,10401,44482,kF92UHGDfak,UC8a89-tnN8wKeI1Xm4-5wqw,development,1
21,10402,44492,9k6Zxdq2mGw,UCCK3OZi788Ok44K97WAhLKQ,development,2
21,10403,44493,_NzHZwunopM,UCCK3OZi788Ok44K97WAhLKQ,development,2
21,10404,44507,HVtEaKGX6pU,UC9iEv8PqeHuC3ZVt0QqN-pQ,test_reserved,
21,10405,44520,ffXRFpvVCww,UCGiUl_50PVio16C4MHClDVQ,development,2
21,10406,44522,uUaIiUg03mo,UCc30sTBdN9LRSxEuHaXV_bQ,test_reserved,
21,10407,44527,AYzUVuBAE9I,UCbS_glb2N1NVTrDLVryRbng,development,4
21,10408,44530,hSKVnnbceNM,UCVBEe2FrVmZMGbcPX7mNxJw,development,3
21,10409,44531,6m9d7FWeics,UCDC7wunTby0IhT6j_HLoi5A,development,5
21,10410,44535,L_igyj17czA,UCckltLEhFLv8Xz_lQhYfwmg,development,1
21,10411,44536,bumn8wSKnlk,UCCK3OZi788Ok44K97WAhLKQ,development,2
21,10412,44544,FcmTyRY2eew,UCKkRSuLQBs2oErUCgivn8mw,development,4
21,10413,44550,Z_sch9zrgnM,UCFuygvMWDiyNyxxFe347H9w,development,5
21,10414,44552,OflTdMjGZxA,UCRDDfbYPHX_GUJ4lcQYTc8A,development,4
21,10415,44553,NsMB8HugTeY,UChwjz-THeefGm2mSbYB37Wg,development,2
21,10416,44558,GXUcr5zLVLQ,UCqrqt9Egbp4Voh3iEUUoorw,test_reserved,
21,10417,44566,cGceWSqZtSU,UCQTcNhAZidy1i9wwmdgf2Lw,development,4
21,10418,44567,aS-IOr6TQik,UCvLsvfgY-hbGDtOi2udm4Gg,development,2
21,10419,44569,qy7H5c2nvdI,UCt1uMmva5HBK0qu1hTGGvzA,development,5
21,10420,44591,kjTC5vmLBh4,UCgnFSj7jQffD5V5m05j4dPw,development,5
21,10421,44592,DpkLjcfWYEk,UCcwCsuV7bOpTfqf2UvLfYmg,development,4
21,10422,44596,UKo69isQDP8,UCMcaGpzjo0D-d6oSvcg8PtA,development,1
21,10423,44599,3yjB2Gto7yo,UCaxBlBmzR1DJYmTaPax2gPQ,test_reserved,
21,10424,44602,93TwFyuNz3w,UCdB6k3Q_dkVJ77cV9tVWzcQ,development,2
21,10425,44604,Nu7T6gF7hsg,UCf2Iar2LDcFaSCnVH1ZMUkA,development,3
21,10426,44605,dezyxuxhO8s,UCBcNJsb71t6NLUgnliI4UBQ,development,4
21,10427,44608,WMxj7vZdARI,UCfG1KjPgXr137xDf4RJMtCg,development,3
21,10428,44611,fcrotaqsNpk,UCVjyzr_EOtJLtLF_3VKfrWQ,development,4
21,10429,44615,RHs_OeSyoM0,UCB6tVmll-6XbKyS3fq8P4MA,test_reserved,
21,10430,44616,ImjEjusu_Ig,UC8rcDufKZ3W6CtZU69CtMXg,development,3
21,10431,44621,WgOg0KS9JAY,UCXSus5Zss-0FP1quj0Mpndw,development,3
21,10432,44627,FQFG4lZCAGQ,UCbS_glb2N1NVTrDLVryRbng,development,4
21,10433,44631,_P48OY-lnus,UCF0T1yveWR0SkQ-k8RNf9sw,test_reserved,
21,10434,44636,s6zxXgwSJLo,UCmwIKQQjwpjNT8OQ_VZuRfg,test_reserved,
21,10435,44637,irea_s2SQ80,UCUz70SsT1TZzlwEqvSCpJRA,development,3
21,10436,44639,lnGUKNrddy4,UCkD2Gixzde52jx1XspNvrBw,test_reserved,
21,10437,44642,JipQyQDzCHQ,UCn0XmAUFv6d2tofMFEesSNw,development,5
21,10438,44647,c05aCu1krv8,UCbS_glb2N1NVTrDLVryRbng,development,4
21,10439,44653,oTPUTfNpjnQ,UCcijXxFzSXgoM6q9cCtT9PA,test_reserved,
21,10440,44668,UY63WPKeE7k,UCmqflTSJ6911aCrnaWIXxsA,development,2
21,10441,44676,1IBY0R3WMfs,UCI3Xc02tgvW28O-Rrou3LxQ,test_reserved,
21,10442,44679,uDY61WpriZ4,UCckltLEhFLv8Xz_lQhYfwmg,development,1
21,10443,44682,U4iY8y5ANeo,UCwnRMnxUyJ5iGZkE1nADVvw,development,1
21,10444,44685,Ia3_gSRFjHw,UCf2Iar2LDcFaSCnVH1ZMUkA,development,3
21,10445,44688,E_wmXsQp72w,UC8ADWM4kdxtzzoDH3JI5hSg,test_reserved,
21,10446,44689,3foDiNer3HI,UCckltLEhFLv8Xz_lQhYfwmg,development,1
21,10447,44691,WTGiXQ8aFfU,UCbR7juPwtP-bV_w0840ciYQ,development,4
21,10448,44692,8U3iF3yJ-xo,UC5Q9lmEDB_pWZdzzLI07eVg,development,5
21,10449,44696,XuH_qj0TVUY,UCbS_glb2N1NVTrDLVryRbng,development,4
21,10450,44708,eGnA2o_Y74k,UCZfQAl56Y6qStW8DECs2hGw,development,4
21,10451,44711,TyKdc_2WyeU,UCCK3OZi788Ok44K97WAhLKQ,development,2
21,10452,44715,ceEuSKDzCpo,UCcrsFwwoMvcXYpJ0XldIlVQ,development,3
21,10453,44717,sn8H-3sUTr8,UConDLpzQN5uiqRMUD1yYKZQ,development,1
21,10454,44724,pnWfEjG1lkc,UCvZ8sPFxYngz2JN3DG93fOw,development,4
21,10455,44725,_zg6SZ_Dv1o,UCrVFS_0PdV7AwyTgR13IcVg,test_reserved,
21,10456,44729,JpqObYYcBTA,UCOtYyt7W5PmPnwQjWWF_Z-Q,development,3
21,10457,44730,blvoT6eZkEs,UCTlVnv2IrpdHPiB4PeaH6Lw,development,2
21,10458,44732,YxjpuAwyQN4,UCxPYVvthidICJb75llNXktg,development,1
21,10459,44733,M9M_B_pZuDA,UC3tvYy-s84yySG7V85jRDnA,development,4
21,10460,44734,CENf-Vtkme4,UCbS_glb2N1NVTrDLVryRbng,development,4
21,10461,44735,Fh8TEIkoLw4,UCckltLEhFLv8Xz_lQhYfwmg,development,1
21,10462,44739,O0FX2uqNHq4,UCAH7R88V7gz7RqJv78nNOzg,development,3
21,10463,44748,DTCuRAXl3hA,UC7DAcUDu475b1grvKsSgARg,development,1
21,10464,44756,oK_AI5B-fGA,UCCbm1E52PV05ZLv6dtRB92Q,development,5
21,10465,44760,NcsUnO0ih8A,UCMxeqmVKOqiqh7V_A3h4gfA,test_reserved,
21,10466,44771,lHUy_537rq4,UC6jQt9K_jqnBNtsRf7hXHsA,development,5
21,10467,44775,BHaALN1drq0,UCoPGkvh-1AoSzh23-ROXrpw,development,3
21,10468,44783,nv1hJ0pSgkI,UCcbOsE5_4LEjtQi8X2PFxDw,development,3
21,10469,44786,tsHhVhRThdE,UCPXSUKHTNc1_hnHuj-UiQWQ,test_reserved,
21,10470,44789,Zzgkk1v5Zy8,UCckltLEhFLv8Xz_lQhYfwmg,development,1
21,10471,44794,SKudbZUhWHQ,UCQTcNhAZidy1i9wwmdgf2Lw,development,4
21,10472,44798,gyRc8_jTlSk,UCOHyRrRuD2zGCkpuCAlyOyA,test_reserved,
21,10473,44805,U-cdyn9KSM0,UCqDMvUe1Zy9QzR-F6X7B5pw,development,3
21,10474,44806,FU-PwlrwRx8,UCCbm1E52PV05ZLv6dtRB92Q,development,5
21,10475,44807,omfpTocl724,UCfVmYgJP_bBt00lLtPGsbcQ,development,5
21,10476,44812,UxtntuLY5Fw,UC1hcl0aIr9KtXA-Kiq9itqw,test_reserved,
21,10477,44818,RnbC0iQAo48,UCckltLEhFLv8Xz_lQhYfwmg,development,1
21,10478,44819,KxOohWe1Eng,UCnGPmAcR-LCVm_TPxQ633Xw,development,3
21,10479,44825,4IVFpiV_8RI,UCvfwXFsI8J-iRMpG1SE8lgw,development,3
21,10480,44828,abmawusU9_Q,UC1hcl0aIr9KtXA-Kiq9itqw,test_reserved,
21,10481,44829,trHgUiWIBkQ,UCA5xW2Ce7KT2AtxzDYDebCA,development,5
21,10482,44833,VNxRE3Mp3Rs,UCM7ch9Kl6FTIdWThXOg-Rxw,development,1
21,10483,44835,2wW_SWk7q-E,UCOtYyt7W5PmPnwQjWWF_Z-Q,development,3
21,10484,44838,LFrO2OMK0Lo,UCm8I2aLYgPm_gdzw4SSkiGg,development,3
21,10485,44846,XCm2aKCU0ZU,UCaESx7Bdghv_UICcG1hBkcg,development,5
21,10486,44851,4y9cN8geStg,UC324VVhYKykBv01GecF4aYg,development,5
21,10487,44854,TbOnTBVYJUE,UCbS_glb2N1NVTrDLVryRbng,development,4
21,10488,44861,LGTr21Chpmg,UCwsNWoSlQUyeWgbVQYZtLOA,development,3
21,10489,44863,iE8Q9bgzNvc,UC6jQt9K_jqnBNtsRf7hXHsA,development,5
21,10490,44866,qDk4TcDLVp4,UCLA8Ovy_NPAwMWvr8IEDquw,development,4
21,10491,44867,y3_z8IQjhTk,UCcg4tDKgPLIc_x3lhWdogLg,development,3
21,10492,44881,irD2eK1bmLE,UCTWZbDqPbg0Z1kpR3U_mO6g,development,2
21,10493,44885,ST22q6yOMik,UCrPfqXI9IoCchcaZz9rY50A,test_reserved,
21,10494,44888,dMYshUNvi0U,UCnUUUzbxmwVVkz9Sg2PePsw,development,4
21,10495,44892,tV-VfnADZPo,UCl4Y73ZM9g5mP5W489jHp3w,development,1
21,10496,44906,UnzZ3B3AMAU,UCaESx7Bdghv_UICcG1hBkcg,development,5
21,10497,44912,WOa2WV2aveA,UCAKAcMWVANp_qXgWKlXMCFA,development,3
21,10498,44913,l7CROAOtDOI,UCZbELqSq-v0admOH04dE2tg,test_reserved,
21,10499,44914,u68lG60-SR8,UC9SgyReu4QufMUTFhZYYEMw,development,1
21,10500,44916,59Yy3TxjYKo,UCXm0FsS7PXy0w5HeOkYMi7Q,development,5
21,10501,44921,cjRidfG7F64,UCXfgx23Lw81I4wsCNhdVBgw,development,2
21,10502,44923,Pjg1xNunopE,UC0ZcZzDZe8x6-olaRR5-wYw,development,4
21,10503,44924,SMqaWnKiJMc,UCq3WWAoJj0DOQC3G7ri1cug,development,3
21,10504,44925,n7kACjWrqqE,UCjm7vbOwssao7Bhm9wX3-bw,development,5
21,10505,44926,zwG2jXoGr-s,UCPXSUKHTNc1_hnHuj-UiQWQ,test_reserved,
21,10506,44929,qODth5t0a1M,UCOtYyt7W5PmPnwQjWWF_Z-Q,development,3
21,10507,44938,RlAlHgDObss,UCWJpvaMY_cRnUm6GvK_89ng,development,1
21,10508,44942,qtNXXcnlNOs,UCCK3OZi788Ok44K97WAhLKQ,development,2
21,10509,44943,wiDzG3aU1jw,UCckltLEhFLv8Xz_lQhYfwmg,development,1
21,10510,44944,4MLJ8eniNcU,UCAH7R88V7gz7RqJv78nNOzg,development,3
21,10511,44948,kpYV2eUQ5cU,UCZXcD8T3zClfNAlDwHCdg6w,development,1
21,10512,44952,VM7VQo_4JLk,UCqrqt9Egbp4Voh3iEUUoorw,test_reserved,
21,10513,44953,lrgGWC2oAaM,UCq0hVW_G5kWt2ocLhbjOtGg,development,2
21,10514,44962,3hukVcn5Q_U,UCHxf5NOZYmtmQEOkToogAiQ,development,4
21,10515,44966,kWU-aSuYr-U,UCZ6MS5ygBzz25PnSMaAw8PA,development,5
21,10516,44968,SJXmaKUB_NM,UC_YTN_LVEtt1Ff8ZBLN67ow,development,1
21,10517,44982,Rgj9XqZ3rQU,UCqrqt9Egbp4Voh3iEUUoorw,test_reserved,
21,10518,44992,n-csJClFm8M,UCckltLEhFLv8Xz_lQhYfwmg,development,1
21,10519,44993,wRU5dof-NbI,UCckltLEhFLv8Xz_lQhYfwmg,development,1
21,10520,44999,XgMJYD9cImY,UCB1peLqwO8xdVLp_v3qjDmQ,development,3
21,10521,45001,41GOMfd0xEo,UCaESx7Bdghv_UICcG1hBkcg,development,5
21,10522,45003,vvisjH8GZzI,UCLuP7ROjaueiuNbzrvPqXSQ,development,2
21,10523,45006,0Ay7lDKx78U,UCcijXxFzSXgoM6q9cCtT9PA,test_reserved,
21,10524,45008,adklE2F6o8c,UCPXSUKHTNc1_hnHuj-UiQWQ,test_reserved,
21,10525,45015,X3SxbaOGRWY,UCckltLEhFLv8Xz_lQhYfwmg,development,1
21,10526,45019,R-0iHXdu0Zc,UCgnFSj7jQffD5V5m05j4dPw,development,5
21,10527,45029,uPI1JoVlQAo,UCckltLEhFLv8Xz_lQhYfwmg,development,1
21,10528,45036,ziBMdf37iEU,UCRDDfbYPHX_GUJ4lcQYTc8A,development,4
21,10529,45047,8J2SMoeTJ1k,UC6aSX46078fvOY9bY9ZUTYw,development,5
21,10530,45048,bOwCsVph0fQ,UCQkPhQ-6NhA1v7Tpsp6EnKQ,development,2
21,10531,45056,81IgDBN7Mh8,UCgnFSj7jQffD5V5m05j4dPw,development,5
21,10532,45057,sjOUL6OjFNU,UCZwRhDqyXXFucAGxyQs40uw,development,3
21,10533,45063,pxMT8cCCIcQ,UCVqfoMNwM8SIpL6BMGTZbcA,development,1
21,10534,45083,cEMnrLPIaPE,UCAGQUfHzdsgxJ1pq2XDS2TQ,development,2
21,10535,45090,Bd0YqBeom0Q,UCoe7M9QIuCkZ3R0JEqIIBAA,test_reserved,
21,10536,45093,fl3XKq5ilgE,UCQTcNhAZidy1i9wwmdgf2Lw,development,4
21,10537,45101,gLFOnLoRwz8,UCpKHQzqFn8VhNKQVCNp2M1g,development,5
21,10538,45102,1UlkKNQjjck,UCaIc6SgS90ud_RgMSC6hW_w,development,3
21,10539,45103,g7SerL9PuuQ,UCc30sTBdN9LRSxEuHaXV_bQ,test_reserved,
21,10540,45105,TpgRnPkjSZ4,UCOOfF5e_JU7Bgyq_yU9c_bw,development,4
21,10541,45107,bhbqJWIfiRk,UCaCnmd0sVADrw8228hCBnlA,development,3
21,10542,45108,MLflm48gyHU,UCpKHQzqFn8VhNKQVCNp2M1g,development,5
21,10543,45109,gEw4CMhx5RA,UCAH7R88V7gz7RqJv78nNOzg,development,3
21,10544,45111,VBAf-rciVJ4,UCgnFSj7jQffD5V5m05j4dPw,development,5
21,10545,45114,awS1iCSv7h4,UC6IHfZ-Rez2LR0PH01YxL7w,development,3
21,10546,45117,m3Hr4393dCM,UCl5xacxsAhltNGtiMktd_Sg,development,5
21,10547,45127,qPhxIiAwKA4,UCTWZbDqPbg0Z1kpR3U_mO6g,development,2
21,10548,45129,OLE9gEWVBh8,UCbS_glb2N1NVTrDLVryRbng,development,4
21,10549,45131,YLwkKSkMDfI,UCcg4tDKgPLIc_x3lhWdogLg,development,3
21,10550,45132,aVnAbS91rjI,UC1YGPDtctHGJWW0NrlQVklw,test_reserved,
21,10551,45134,GB4-62P58UE,UCqrqt9Egbp4Voh3iEUUoorw,test_reserved,
21,10552,45142,eN6u2N2nXKc,UCOtYyt7W5PmPnwQjWWF_Z-Q,development,3
21,10553,45146,ESTVqo4w8T0,UCckltLEhFLv8Xz_lQhYfwmg,development,1
21,10554,45148,ZIEv5tyyyTI,UCgnFSj7jQffD5V5m05j4dPw,development,5
21,10555,45153,0bgjLREmoR8,UCnoGtpm7tySa-2IGpic9RdQ,development,1
21,10556,45156,g9xlhMW4FWg,UCcijXxFzSXgoM6q9cCtT9PA,test_reserved,
21,10557,45158,uL60c3-OwqM,UCckltLEhFLv8Xz_lQhYfwmg,development,1
21,10558,45169,zMd57kdAhKw,UCgnFSj7jQffD5V5m05j4dPw,development,5
21,10559,45170,ZflugS71mlQ,UCbS_glb2N1NVTrDLVryRbng,development,4
21,10560,45171,kyeTldY3c1Y,UCDR2qCp5x-B61oGcL8jyQsg,development,4
21,10561,45174,A4BPrcP7eMY,UCGlI1v_t-7O1vxbAxg1qVEQ,development,2
21,10562,45179,MdErF-czi18,UCckltLEhFLv8Xz_lQhYfwmg,development,1
21,10563,45187,X-Tdz7YHo9w,UC6aSX46078fvOY9bY9ZUTYw,development,5
21,10564,45188,tcvKqAQ0lwY,UCAH7R88V7gz7RqJv78nNOzg,development,3
21,10565,45194,3tNnwRQbwWs,UCLA8Ovy_NPAwMWvr8IEDquw,development,4
21,10566,45195,kPeV58-kBCw,UCb0KyqTm4bkjnZg_mND9hhg,development,2
21,10567,45196,fQghZLIydjc,UCcrsFwwoMvcXYpJ0XldIlVQ,development,3
21,10568,45197,8v0mMq3oChw,UCckltLEhFLv8Xz_lQhYfwmg,development,1
21,10569,45203,ydzGP8FxG68,UCXVtimraF6E6_tIYoF3buXg,development,1
21,10570,45208,VNLHHGtNQAI,UCEltFTj5c4BvLWfgixqTErA,development,4
21,10571,45209,hJN7R2HC5BY,UCpfrIJXRqOTx2kPVsUytO4Q,development,5
21,10572,45210,J8c9UxdpRhw,UCckltLEhFLv8Xz_lQhYfwmg,development,1
21,10573,45211,eHQ3i8R4xks,UCcijXxFzSXgoM6q9cCtT9PA,test_reserved,
21,10574,45213,QCQQbevqJTQ,UCVBwpXexP8VjccZE6ohzTAQ,development,1
21,10575,45216,IC_rQarJpBA,UCckltLEhFLv8Xz_lQhYfwmg,development,1
21,10576,45222,uo7Q-PdVscw,UCcijXxFzSXgoM6q9cCtT9PA,test_reserved,
21,10577,45233,tomHJGm-IC8,UCh9qXeL8eP3Txra2908xksg,test_reserved,
21,10578,45234,g4S0PTyBfD0,UCyITNavL2keUMFEiGoRpH4w,development,5
21,10579,45235,XpAU1KWOwrQ,UCckltLEhFLv8Xz_lQhYfwmg,development,1
21,10580,45239,N_-M8hUhOg0,UCRDDfbYPHX_GUJ4lcQYTc8A,development,4
21,10581,45243,Nnp1Jk2bz3A,UC2sO_F_Ky4LIAUtSJYXqBDA,test_reserved,
21,10582,45247,fbXc3AUD_hw,UCcspHoBTj_aLhnJLwkMpWHQ,development,5
21,10583,45248,Cwgy3xC-Niw,UCckltLEhFLv8Xz_lQhYfwmg,development,1
21,10584,45251,TCyE_DwjF9c,UCbS_glb2N1NVTrDLVryRbng,development,4
21,10585,45256,SL1YwigL3-U,UC1hcl0aIr9KtXA-Kiq9itqw,test_reserved,
21,10586,45267,Zi4jQxvFEZQ,UC5fkr-uG2-yAEbwbJV-QIxg,development,3
21,10587,45268,_FNsH6184M0,UCPXSUKHTNc1_hnHuj-UiQWQ,test_reserved,
21,10588,45271,npkP2dfBKL0,UCcijXxFzSXgoM6q9cCtT9PA,test_reserved,
21,10589,45274,1TVljetUjRs,UCNtyU8p2xAcg3XzJoNjkg4g,test_reserved,
21,10590,45275,YSpfsFwfZI8,UCqrqt9Egbp4Voh3iEUUoorw,test_reserved,
21,10591,45278,jH6cOwtBjZY,UCgnFSj7jQffD5V5m05j4dPw,development,5
21,10592,45281,F83wy4b3Xf8,UCoPGkvh-1AoSzh23-ROXrpw,development,3
21,10593,45283,bGHagqKP8ig,UCwbOjMYW_wWRq9yw3V6OyQA,development,3
21,10594,45288,vSjkr5GsmlM,UCckltLEhFLv8Xz_lQhYfwmg,development,1
21,10595,45290,yHIyWOgkeVY,UC9iEv8PqeHuC3ZVt0QqN-pQ,test_reserved,
21,10596,45292,Uc226Ms9NRQ,UCmSPKygM8Nvi1wPeRw_gRnA,development,4
21,10597,45293,T6CNVzOnRuw,UCZ6MS5ygBzz25PnSMaAw8PA,development,5
21,10598,45295,GfdhfHqbvOM,UCA5xW2Ce7KT2AtxzDYDebCA,development,5
21,10599,45297,Rtp34wp1Sa4,UCgnFSj7jQffD5V5m05j4dPw,development,5
21,10600,45305,qi1oeAyqYes,UC4eGpfS24gqdLVjR0S4Wgow,development,5
21,10601,45316,DbJ7GcN00TY,UCqrqt9Egbp4Voh3iEUUoorw,test_reserved,
21,10602,45319,R0--BiLLJOk,UC3tvYy-s84yySG7V85jRDnA,development,4
21,10603,45324,oGtWJc2-KHQ,UCh0SZ0sQHfta4KZLizw7Xsw,test_reserved,
21,10604,45331,THufLC47Hss,UC8rcDufKZ3W6CtZU69CtMXg,development,3
21,10605,45336,1MRlSLp7suQ,UCocTGar6qlhml1oAUBWMQTg,test_reserved,
21,10606,45345,u9cE6yMMU_E,UCoPGkvh-1AoSzh23-ROXrpw,development,3
21,10607,45347,e-6QiR4t3ts,UCckltLEhFLv8Xz_lQhYfwmg,development,1
21,10608,45349,aN3NBT6Ti3w,UCaESx7Bdghv_UICcG1hBkcg,development,5
21,10609,45354,Vzqx_g8a-1I,UCnqTWrNbHl4SvL60MCE693Q,development,1
21,10610,45355,KUZydQgwV9E,UCcijXxFzSXgoM6q9cCtT9PA,test_reserved,
21,10611,45356,oNgHWaSE7aU,UCckltLEhFLv8Xz_lQhYfwmg,development,1
21,10612,45358,AYKsefbIb9U,UCkagcQYGoYFuXsUg-ObSL6A,test_reserved,
21,10613,45364,5AZmModQ4xo,UCaFC8Yo8pGEvX5hu5J6tGDg,development,1
21,10614,45365,WmRMgNvrRSM,UCY8MMMOhm6-om2MX97fFnpQ,development,1
21,10615,45371,tfnsNwrVVOI,UCpfrIJXRqOTx2kPVsUytO4Q,development,5
21,10616,45375,yKukoJJ7ANQ,UCqShCHSDvCBKDN_GAsnLJmQ,development,4
21,10617,45377,Eiy1G551kRM,UCPXSUKHTNc1_hnHuj-UiQWQ,test_reserved,
21,10618,45378,4YSrGnARMUI,UCaESx7Bdghv_UICcG1hBkcg,development,5
21,10619,45383,JM10jE9blQ4,UCpoTebfTyQ_MnHRIIWpVQeA,development,5
21,10620,45387,ssd3sZPVD4I,UC7usyPsAjJAsFozSyEnL6zA,development,1
21,10621,45388,IYPaS6FSqjc,UC4hd4Gkr9VXuyMUvWNn1lEw,development,4
21,10622,45392,GcKquO_05xU,UCr5BVR_ePEz_9V-KF5rSEmQ,development,2
21,10623,45394,oCgWGszkvIk,UC-4FUBrbjpCCoNGqHh6X5og,development,4
21,10624,45395,MPaKf_3UHxk,UCs7S1q9lLPbNFfKxj_2cLpA,development,4
21,10625,45406,izSbYspdNSM,UCu_uRk4D5klE6p_SBLVOWaQ,test_reserved,
21,10626,45408,oiwLH-B4etw,UCCXHDSRJKfNBLNJmIegx8Lw,test_reserved,
21,10627,45409,rcaqAH_go5I,UC324VVhYKykBv01GecF4aYg,development,5
21,10628,45412,8xWN9KvI6hQ,UChwjz-THeefGm2mSbYB37Wg,development,2
21,10629,45421,ZSQqWVDHiHQ,UCCK3OZi788Ok44K97WAhLKQ,development,2
21,10630,45428,p7jP4_ibHyo,UCf2Iar2LDcFaSCnVH1ZMUkA,development,3
21,10631,45432,TxmhY0OY28I,UCQgP7Qg3su6gQj2nj-dGbWA,development,3
21,10632,45434,zQvb8PPcU5U,UCgHlPm2GweC7f8JaynbQRQg,development,3
21,10633,45436,iK4tKTyatW4,UCCK3OZi788Ok44K97WAhLKQ,development,2
21,10634,45440,AYGBv5_1I2Y,UCPXSUKHTNc1_hnHuj-UiQWQ,test_reserved,
21,10635,45445,f-PXHJ2xEBQ,UCRHYFnWL0aYTQ9qmvfZnUxg,test_reserved,
21,10636,45449,pcGhurrjzs8,UCCK3OZi788Ok44K97WAhLKQ,development,2
21,10637,45456,gBYwN-eNeNQ,UC7jNYrQQr_GnMWLe6bGRi2A,development,4
21,10638,45457,UVMHPop7bls,UCMIOtMp-WuFS6f25y4Cwytg,test_reserved,
21,10639,45459,sXRT4eQPc6I,UCacIRbbu-hgx4sRW6tZPRoQ,test_reserved,
21,10640,45461,5EtCbHHS3w4,UCcijXxFzSXgoM6q9cCtT9PA,test_reserved,
21,10641,45467,E-KETFESQjY,UCdgWTRipbTuQsIiiPb6fB-A,development,4
21,10642,45474,6QFG8kTzDTk,UC0tV1b7IFEXFUUILF7mAcWw,development,2
21,10643,45480,GOifIEih-yw,UCOtYyt7W5PmPnwQjWWF_Z-Q,development,3
21,10644,45481,6yIx1XPUWww,UCLNz9bgiJfM3ImTtYDOt8Ew,test_reserved,
21,10645,45488,2dYFEbUuE68,UCS4etFvWLvhVowAmj4dn45g,development,3
21,10646,45492,u9lJD5ffEOw,UCQTcNhAZidy1i9wwmdgf2Lw,development,4
21,10647,45495,-2r0r1730YE,UC8lKgUHo-2mSR5cRRXO9xow,development,3
21,10648,45499,wf2nAO-g1WA,UCsLoRcb3FvB-uK3F1_zqXbw,development,3
21,10649,45503,LrWZNr9yxsc,UCCK3OZi788Ok44K97WAhLKQ,development,2
21,10650,45505,a634VS1JqaE,UCOtYyt7W5PmPnwQjWWF_Z-Q,development,3
21,10651,45516,7CSBpDo1mvg,UCAH7R88V7gz7RqJv78nNOzg,development,3
21,10652,45517,_6dMie5UvT4,UCx7lEnwLHxO9yPjOotGb-bA,development,3
21,10653,45522,CQ1SJQ567xg,UCckltLEhFLv8Xz_lQhYfwmg,development,1
21,10654,45524,qJ9wMRL5ORo,UC2GNitBc9qBFZd0329eYOPg,test_reserved,
21,10655,45525,8laDFJ-DVg4,UCMSkjQ3tGULsiJeTD6UspsQ,development,5
21,10656,45526,6MRDw6csdDQ,UCgnFSj7jQffD5V5m05j4dPw,development,5
21,10657,45530,FZG_KcHUnRs,UCYKyUJ4cVLcnU6rUyJvOupg,test_reserved,
21,10658,45534,b4K0BwtYqSc,UCsCp9NfFhRhL6DvDjWtAweg,development,1
21,10659,45545,HY0erOH571A,UCBsrUim15y-s6PfMISCR38A,development,2
21,10660,45547,agkLLgZSI-o,UCl8Yel7dn0_zNl2O6bUP2tQ,development,3
21,10661,45552,7qhJ_33QTEc,UCtp_OfPNzUewXn2l8nE1xhQ,development,3
21,10662,45553,HOJ00xLqXps,UC_Yt4EUT5dtwOxMm6sheYrQ,development,2
21,10663,45556,3cxRxQwyzRM,UCckltLEhFLv8Xz_lQhYfwmg,development,1
21,10664,45563,MoI2ITfP91o,UCgnFSj7jQffD5V5m05j4dPw,development,5
21,10665,45564,8XQusZLkCcY,UCPXSUKHTNc1_hnHuj-UiQWQ,test_reserved,
21,10666,45571,2914xXtgScA,UCh1gyxZxm0osk7GipwmsOgA,development,5
21,10667,45575,mR9GUq0s4co,UCCK3OZi788Ok44K97WAhLKQ,development,2
21,10668,45583,8Hcs6YQfcQg,UCdvzidU6j1UdUBhaEw-LLuQ,development,4
21,10669,45584,mdrKsn-BLrM,UCcbOsE5_4LEjtQi8X2PFxDw,development,3
21,10670,45585,3TdKrYYJL2U,UChVL7KZaoIqUActsaHZAoEA,development,5
21,10671,45588,SAY_Nyg8g2o,UCWOPf0r-xlLNlPHvJO9Gkuw,development,5
21,10672,45589,eoj55J0OX_M,UCQKtrynKqXTDhvZAlUNu8cw,development,2
21,10673,45591,TDqoSeRfa3M,UCf2Iar2LDcFaSCnVH1ZMUkA,development,3
21,10674,45604,cN4bDiCjJWU,UCh9qXeL8eP3Txra2908xksg,test_reserved,
21,10675,45608,0OBnLTrUTz4,UC80S9x_1mLIq3Q21dG-iy5A,development,1
21,10676,45611,MtdCOSEhBZg,UCgnFSj7jQffD5V5m05j4dPw,development,5
21,10677,45623,RqfC-MTK7RE,UCe13xXtdfx_n0_z1qeXV6_g,development,5
21,10678,45625,Iq01E-cJ58k,UCn0XmAUFv6d2tofMFEesSNw,development,5
21,10679,45626,36gUnXuuJGI,UCj66yJ6BRcAD83A7KhIl9lw,development,4
21,10680,45629,rIkzGSwn68I,UCRDDfbYPHX_GUJ4lcQYTc8A,development,4
21,10681,45631,0fJLXzBh60U,UCLNz9bgiJfM3ImTtYDOt8Ew,test_reserved,
21,10682,45632,ejhzUbFO45M,UCOtYyt7W5PmPnwQjWWF_Z-Q,development,3
21,10683,45633,4VnS5i8z8d0,UCCK3OZi788Ok44K97WAhLKQ,development,2
21,10684,45634,2cEUTr1YemM,UCtj_Jtf4f9c5PSI7Go1_EEQ,test_reserved,
21,10685,45637,wldlo-m-1KU,UCrVFS_0PdV7AwyTgR13IcVg,test_reserved,
21,10686,45642,qWoLTwMO_C8,UCn0XmAUFv6d2tofMFEesSNw,development,5
21,10687,45646,ldcFrWZHBpc,UCQTcNhAZidy1i9wwmdgf2Lw,development,4
21,10688,45647,Irp0DZvfev4,UCbS_glb2N1NVTrDLVryRbng,development,4
21,10689,45650,sPikW6-ZdQs,UC22LfvKY_7Ibkt5I5wFqwfg,development,1
21,10690,45659,MLD0zwSSc3c,UCFjPN4qKreAn3tB36QMYiRA,development,2
21,10691,45662,0zdd2fldKO4,UCzNxbzqN0to4GNb9otFuGJQ,development,4
21,10692,45671,spRXvnQ7V7U,UCc30sTBdN9LRSxEuHaXV_bQ,test_reserved,
21,10693,45673,_PwvPgjxRu8,UCb6RrPJLl-GpO7qfVA1Z0VQ,development,3
21,10694,45674,ODTjsq51hh0,UCKurrM38zebptCChSC6QpuQ,development,4
21,10695,45686,G2qfkR-YpSE,UCcijXxFzSXgoM6q9cCtT9PA,test_reserved,
21,10696,45688,EGP2s8RX5HQ,UCOtYyt7W5PmPnwQjWWF_Z-Q,development,3
21,10697,45695,nmPZvqcMp_c,UCRDDfbYPHX_GUJ4lcQYTc8A,development,4
21,10698,45700,d0FAUmpoz3I,UCTa7XGYF8a8jFVozt8rEIlw,development,5
21,10699,45708,RWupcF3ruS8,UC1hcl0aIr9KtXA-Kiq9itqw,test_reserved,
21,10700,45710,IXS_0RRd4z8,UCiP6DUi_wjUMfc4bo0yIusQ,development,1
21,10701,45713,TQFeD9NJf_4,UCn0XmAUFv6d2tofMFEesSNw,development,5
21,10702,45716,O0mXQh1L1ZI,UCdgWTRipbTuQsIiiPb6fB-A,development,4
21,10703,45720,whh2QrDqfj0,UCsAPX_-Yu9O_3dJu0aUj_BA,test_reserved,
21,10704,45721,Q9pJAFZxxRs,UCaESx7Bdghv_UICcG1hBkcg,development,5
21,10705,45722,IKdlFu5nxco,UCckltLEhFLv8Xz_lQhYfwmg,development,1
21,10706,45727,tS4ED7ZQKh4,UCQTcNhAZidy1i9wwmdgf2Lw,development,4
21,10707,45738,i9h6XI6XvQQ,UCJojbxGV0sfU1QPWhRxx4-A,test_reserved,
21,10708,45740,XBzLgGtrWb4,UCpP5Y5ssB2iicCuWrpVpR3A,development,3
21,10709,45744,GwivWfNpg68,UCcijXxFzSXgoM6q9cCtT9PA,test_reserved,
21,10710,45754,kS4A75T0MZw,UCNckXAcrwqCXYVLJrnCuQFA,development,1
21,10711,45756,Hf0AUK9Db3I,UCu3jIK2NBSXc0_YaFqEuIrg,test_reserved,
21,10712,45757,pn2o30CSVz0,UCckltLEhFLv8Xz_lQhYfwmg,development,1
21,10713,45761,akemfTZvHY4,UCcijXxFzSXgoM6q9cCtT9PA,test_reserved,
21,10714,45770,2OajpYx3DC8,UC1YGPDtctHGJWW0NrlQVklw,test_reserved,
21,10715,45772,xHrlmSBW8OQ,UCJhdo2Kg29_EZwNPvlhzIFg,development,5
21,10716,45779,j0UB6YveBNM,UCF11-Puqxb0jdeWNc7F_Fcw,development,1
21,10717,45780,WF_S3IYkX0E,UC95VofaZiQPFwRMaqPhLc0w,test_reserved,
21,10718,45782,C5vHCVwHHYo,UCdB6k3Q_dkVJ77cV9tVWzcQ,development,2
21,10719,45784,6C2DeVMht5Q,UCQQ1y9uNU0BrDGnjnmu_a_g,development,2
21,10720,45785,eS--ZBCIeLc,UC0ZcZzDZe8x6-olaRR5-wYw,development,4
21,10721,45787,jOtMiB8mK7M,UC1YGPDtctHGJWW0NrlQVklw,test_reserved,
21,10722,45788,sIF9mB9VQGM,UCaESx7Bdghv_UICcG1hBkcg,development,5
21,10723,45799,A3c44_8Mizs,UCOiMY00_ZLijPF6InrCl0TA,development,4
21,10724,45801,0xOus_76T6I,UC33e0vM5W6gm82W5WuoGB9A,development,1
21,10725,45802,uBhNMOc5dYE,UC7mhtAaF1ESJgCozpoS2lcQ,development,2
21,10726,45803,apY0cpggDZI,UCckltLEhFLv8Xz_lQhYfwmg,development,1
21,10727,45805,7FSjveiMeoQ,UCckltLEhFLv8Xz_lQhYfwmg,development,1
21,10728,45818,Q1KNjqD9TQk,UCpfrIJXRqOTx2kPVsUytO4Q,development,5
21,10729,45821,WRpt-TcSnDM,UCaESx7Bdghv_UICcG1hBkcg,development,5
21,10730,45822,Q1ZzHT73BJo,UCbS_glb2N1NVTrDLVryRbng,development,4
21,10731,45828,_embNUsCKbM,UCckltLEhFLv8Xz_lQhYfwmg,development,1
21,10732,45829,db3AhJ2Vv1I,UC4S4O5hz73fNIIbcn4p3r9g,development,1
21,10733,45830,1McaXKaTA24,UCOtYyt7W5PmPnwQjWWF_Z-Q,development,3
21,10734,45834,I0xit0UltKs,UCaESx7Bdghv_UICcG1hBkcg,development,5
21,10735,45851,USjdA00JoHc,UCPJRtoh7x7vEw0-d59JwKiQ,test_reserved,
21,10736,45859,Z7m62yD6y00,UCiP6DUi_wjUMfc4bo0yIusQ,development,1
21,10737,45864,QzPqNFIgr_Q,UCm_cUbvQZt8A02HMU6vyguA,test_reserved,
21,10738,45868,jyYaN0VMiLM,UCNE9NOD2gYqalo9436sfW4Q,development,2
21,10739,45878,UHqLTmZKw6o,UCCbm1E52PV05ZLv6dtRB92Q,development,5
21,10740,45882,w3LAGPB3ZWM,UC2_iwCecXLNqTWv-_QcffRw,development,1
21,10741,45896,Fy4Mz7_yriU,UCLNz9bgiJfM3ImTtYDOt8Ew,test_reserved,
21,10742,45900,Wp5C_qwmDnA,UC1YGPDtctHGJWW0NrlQVklw,test_reserved,
21,10743,45911,7QcscR5Bctw,UCckltLEhFLv8Xz_lQhYfwmg,development,1
21,10744,45919,F3BG44qeVCE,UCCK3OZi788Ok44K97WAhLKQ,development,2
21,10745,45921,i88bvdtMYgI,UCqrqt9Egbp4Voh3iEUUoorw,test_reserved,
21,10746,45923,Qy3ap7JvsC4,UCYweMykEAI5aaRztqrJuuAg,development,5
21,10747,45924,vhDIHpBLWhk,UCD2gYnJC3qLvtRWHOwe6udg,test_reserved,
21,10748,45931,rjJaQ94hzg8,UCRDDfbYPHX_GUJ4lcQYTc8A,development,4
21,10749,45941,r45TdYR8FSA,UCSs9wxjf1Asv9HyFmMym9kQ,development,1
21,10750,45944,aYJ6aVTHx2A,UC324VVhYKykBv01GecF4aYg,development,5
21,10751,45945,F-2duZxR_EQ,UCBlbnaMHXbDkLzm2KNKH7RQ,development,4
21,10752,45948,c5KwUIkZKIA,UCcg4tDKgPLIc_x3lhWdogLg,development,3
21,10753,45951,bcURBMr3bf0,UCJ44oEtQ4TUPUbVS6hLI9Hw,development,2
21,10754,45953,2V_dpDnxGp8,UCh9qXeL8eP3Txra2908xksg,test_reserved,
21,10755,45958,tFY75mpzMT4,UCm6FpVN_cg2tGqHVDc9QpMg,development,2
21,10756,45966,woTk5sdxkf0,UC3vuLv1EXDUxS_UKLPFJVSA,development,2
21,10757,45973,CeuFABGwwFU,UCkD2Gixzde52jx1XspNvrBw,test_reserved,
21,10758,45974,w2gm8BGa_L4,UC0-UFP1d6OeVtl2VXYSquIA,development,3
21,10759,45979,aptfom_gd28,UCaESx7Bdghv_UICcG1hBkcg,development,5
21,10760,45987,9sy_yIiQauA,UCoZJaxWPeeGKZ6ShK5EsIkA,development,1
21,10761,45990,yr54o8ocJsA,UCtz8B0t1nslDMTpd9-0_5SA,development,2
21,10762,45997,dI0rjLll2ng,UC8byti_nmRGuF52xaPb2QIA,development,3
21,10763,46005,Pep6FSuQChE,UCm4WfjRuxfKL6neixClsh7Q,development,5
21,10764,46008,CNVX0PIyicg,UCckltLEhFLv8Xz_lQhYfwmg,development,1
21,10765,46009,q7XcERKpRlg,UCjYAhUnrkBujtKI3j3LM2uA,development,3
21,10766,46020,mkxYT7mAVBk,UCOtYyt7W5PmPnwQjWWF_Z-Q,development,3
21,10767,46021,c7cJfRCvk7U,UCckltLEhFLv8Xz_lQhYfwmg,development,1
21,10768,46023,mgduZWp9vTI,UCGRcGg4t8Q3iMit9hbQg7WA,development,3
21,10769,46025,YfAsTofVrh0,UCPXSUKHTNc1_hnHuj-UiQWQ,test_reserved,
21,10770,46040,9W_ieObwTAs,UCCK3OZi788Ok44K97WAhLKQ,development,2
21,10771,46043,2j3sBFyXQ9M,UCZZlMZ_qxyuwvp6H8c0wwvA,development,3
21,10772,46049,DhqoYWM_ZrI,UC_AuTY5qqpUUYFLSDQIbOsg,test_reserved,
21,10773,46050,sq4sc_P51ek,UCckltLEhFLv8Xz_lQhYfwmg,development,1
21,10774,46051,URfFk2EKHdY,UCmTrMV3RUj_n8dO0Ff-wHOQ,development,4
21,10775,46064,I8sVCavvahk,UCcspHoBTj_aLhnJLwkMpWHQ,development,5
21,10776,46067,fflhO3WLyh8,UCrVkiG6Tt5y-yNjFOOGdb3Q,development,1
21,10777,46069,sjeC4vXBs34,UCr3QbSWlvbToTXR-W1mEB-Q,development,3
21,10778,46072,cEVWfJ9iQjI,UC1YGPDtctHGJWW0NrlQVklw,test_reserved,
21,10779,46073,QK_OruzA1C0,UC1YGPDtctHGJWW0NrlQVklw,test_reserved,
21,10780,46076,LKGaBS3neV8,UCckltLEhFLv8Xz_lQhYfwmg,development,1
21,10781,46082,_s5e7mY1t6k,UCLuP7ROjaueiuNbzrvPqXSQ,development,2
21,10782,46086,eQAckd6MkPM,UCOtYyt7W5PmPnwQjWWF_Z-Q,development,3
21,10783,46088,j7-Q8wLzIcs,UCBf296-OhUNfaDbtcYQ4RQQ,development,2
21,10784,46091,tsXw63Pero0,UCUzsesaP5G628WVuqEckF8w,development,1
21,10785,46103,kD8Yp3dZxY8,UC3tvYy-s84yySG7V85jRDnA,development,4
21,10786,46105,1qMplWhOJiA,UCDY_htT4nVRXSAIQVydbtyQ,development,5
21,10787,46113,0HYwM0fzWXw,UCLA8Ovy_NPAwMWvr8IEDquw,development,4
21,10788,46115,YVFgIm3xojQ,UCkbABs_u0L-braOorFRgafQ,development,5
21,10789,46117,cLQHARm9Vtc,UCRK13WgCsr2N6y9cbeEq39g,development,5
21,10790,46119,Bia4ZeGmW90,UCbkMFGQ_RWIf0OiYeOpf6Ng,development,5
21,10791,46128,s945eRjx4uM,UC4Pb9SEsCb1EpsXVYAVVajw,development,2
21,10792,46130,p__wMIKWczw,UCSmxZt63zt1f3kiBXnwVjNA,test_reserved,
21,10793,46133,AGd1KCLxKww,UCypYfMZbKIxBlXqngCuvi0A,development,3
21,10794,46137,fAV0npoIvoU,UC0tV1b7IFEXFUUILF7mAcWw,development,2
21,10795,46139,UtjzhODchZo,UCUz70SsT1TZzlwEqvSCpJRA,development,3
21,10796,46141,9d9fxJCmW4c,UCwRAPq0zLdVsb440xKGBx2w,test_reserved,
21,10797,46142,426SnSBK1RI,UCcg4tDKgPLIc_x3lhWdogLg,development,3
21,10798,46144,2zLQ1y3yIL4,UCCK3OZi788Ok44K97WAhLKQ,development,2
21,10799,46146,ze2_PIWaUIs,UCM3bQBUJ0PEbgfe9lAw_Y3Q,development,4
21,10800,46158,wbohAU-ty7I,UCA5xW2Ce7KT2AtxzDYDebCA,development,5
21,10801,46167,dBVyoD4VknQ,UCPXSUKHTNc1_hnHuj-UiQWQ,test_reserved,
21,10802,46169,rHy6atkduII,UCMd-Y13fuzRTpBKs1MlnjYw,development,5
21,10803,46170,Qr7dZWgXeLk,UCjKSK3d5r0O78WGnMouSvDw,development,4
21,10804,46180,xnVemdkJGno,UCPXSUKHTNc1_hnHuj-UiQWQ,test_reserved,
21,10805,46183,fH1WxYPGy84,UCQTcNhAZidy1i9wwmdgf2Lw,development,4
21,10806,46193,NuayoAFsvtk,UCOtYyt7W5PmPnwQjWWF_Z-Q,development,3
21,10807,46195,THjK0VVJeQg,UCBf296-OhUNfaDbtcYQ4RQQ,development,2
21,10808,46201,cClX8lW-H8w,UC8ZmvQOUKiu6SmICTXzjFnA,development,2
21,10809,46204,Gv5SN1X6U0E,UCf2Iar2LDcFaSCnVH1ZMUkA,development,3
21,10810,46205,BTUlZJXAMD0,UC265AWt6bbPKJcmpQwhif2A,development,1
21,10811,46210,9SBOsSnyxC8,UCCQ3mUIQTv2Snhw5Os0Yo5Q,development,3
21,10812,46229,9dGXswuUaMc,UChwjz-THeefGm2mSbYB37Wg,development,2
21,10813,46232,_MNVUZl5H_M,UCl5vclXBaFqsrJ3OYfvEgBA,development,2
21,10814,46233,TK_BoawRkcw,UCPXSUKHTNc1_hnHuj-UiQWQ,test_reserved,
21,10815,46239,kOoKZCD5oMQ,UCcijXxFzSXgoM6q9cCtT9PA,test_reserved,
21,10816,46246,1NfEUS0GMLY,UCckltLEhFLv8Xz_lQhYfwmg,development,1
21,10817,46261,ULG5iKR3xek,UCoe7M9QIuCkZ3R0JEqIIBAA,test_reserved,
21,10818,46264,9oJbfSpgVWo,UCckltLEhFLv8Xz_lQhYfwmg,development,1
21,10819,46265,wO5agxVWpjs,UCckltLEhFLv8Xz_lQhYfwmg,development,1
21,10820,46275,-2QbYINhBiE,UCgnFSj7jQffD5V5m05j4dPw,development,5
21,10821,46283,k782Hm9T_J4,UC0MnP2Iso6enxaJTBZ3_nJw,development,1
21,10822,46289,sqpg9LILyd8,UC1YGPDtctHGJWW0NrlQVklw,test_reserved,
21,10823,46299,tuAYOMZY3po,UCcspHoBTj_aLhnJLwkMpWHQ,development,5
21,10824,46305,bda4YymUi8s,UC2sO_F_Ky4LIAUtSJYXqBDA,test_reserved,
21,10825,46309,vDSTX97ecTU,UCckltLEhFLv8Xz_lQhYfwmg,development,1
21,10826,46310,7kMrm_vDLdw,UCRnlAD7oJTGIgNVBzWfxTfg,development,2
21,10827,46312,fhxC4E-vE4I,UCckltLEhFLv8Xz_lQhYfwmg,development,1
21,10828,46314,kialvtagXmo,UC8lKgUHo-2mSR5cRRXO9xow,development,3
21,10829,46324,VrR_BOUKWXk,UConDLpzQN5uiqRMUD1yYKZQ,development,1
21,10830,46331,iJUekkp3VDk,UCn0XmAUFv6d2tofMFEesSNw,development,5
21,10831,46332,tO5x7U4YEnc,UCzQ15V_zn2VoGUZrMhXw4vA,development,2
21,10832,46334,U4Jhf-lj4RM,UCckltLEhFLv8Xz_lQhYfwmg,development,1
21,10833,46336,VH7bv1owz44,UCCK3OZi788Ok44K97WAhLKQ,development,2
21,10834,46340,lENL3aWBeQQ,UCgdaUnUmkHDpYCU0w2pR7Rw,development,3
21,10835,46341,MdRgevpxIj0,UCh9qXeL8eP3Txra2908xksg,test_reserved,
21,10836,46351,laS-pgZ295k,UC2sO_F_Ky4LIAUtSJYXqBDA,test_reserved,
21,10837,46354,ql7PuQIyDp0,UCPXSUKHTNc1_hnHuj-UiQWQ,test_reserved,
21,10838,46356,8TxtL9L4Kug,UCCK3OZi788Ok44K97WAhLKQ,development,2
21,10839,46360,dUdBue4z_IQ,UCgnFSj7jQffD5V5m05j4dPw,development,5
21,10840,46365,OKUZnhw7vxE,UCaESx7Bdghv_UICcG1hBkcg,development,5
21,10841,46366,fRR5YdIOBtg,UCPXSUKHTNc1_hnHuj-UiQWQ,test_reserved,
21,10842,46368,GiwJAPscXco,UC2sO_F_Ky4LIAUtSJYXqBDA,test_reserved,
21,10843,46374,6pAqH4L174o,UCU61_hys4AeiR3wSoZ_cxHg,development,3
21,10844,46375,pKAXmA-xlHA,UCidNC9-9DsHj3FmP5N42Lqw,test_reserved,
21,10845,46379,UiL6T_xnYuk,UCAH7R88V7gz7RqJv78nNOzg,development,3
21,10846,46380,BBwNt150n9A,UCTlVnv2IrpdHPiB4PeaH6Lw,development,2
21,10847,46382,7Y8SexA-XQs,UCB3pmaew5i2Sp9LJe03BU8g,development,5
21,10848,46388,I5P31A8TSvg,UC0QrPhl7LB3tfSN3Fls2o0g,development,5
21,10849,46390,31s5NGSvLsk,UCCK3OZi788Ok44K97WAhLKQ,development,2
21,10850,46394,f7YbrmXaHFk,UCPAbeKHjE4HpRXqo4AXJzVQ,development,4
21,10851,46409,2Gh_00LJoA4,UCckltLEhFLv8Xz_lQhYfwmg,development,1
21,10852,46418,jKJl5U69HYk,UCpRgfr4_Eax0HHa2rwkRQ2w,development,5
21,10853,46421,rV-v3mB22Oo,UCP4Z7-uWZYIQBclex8M086A,development,3
21,10854,46422,Nahn2GUbdbo,UCB1peLqwO8xdVLp_v3qjDmQ,development,3
21,10855,46428,s9zp6ShIldQ,UCmKxhMStMwZZ1gdOg1YZQug,development,2
21,10856,46433,kfNTpgbLdqo,UC8lKgUHo-2mSR5cRRXO9xow,development,3
21,10857,46450,c8ghebfBMvk,UCckltLEhFLv8Xz_lQhYfwmg,development,1
21,10858,46453,lstMNWFnCU4,UC7di5zivMKpYOmhyhZ2nVvg,test_reserved,
21,10859,46456,rbk6i4D4e9w,UCRB8mrLCcwTPlJOMUy9MDUg,development,2
21,10860,46457,rwmpa3s_TaI,UCkC-yhK-WnPNaNslH_LbBWQ,development,3
21,10861,46458,tzIZEgYvV5o,UCRB8mrLCcwTPlJOMUy9MDUg,development,2
21,10862,46465,ovkPGhmdP3g,UCQTcNhAZidy1i9wwmdgf2Lw,development,4
21,10863,46469,sSkvEYC7Kvw,UCDuvyLq1ewXk3iNCrt_aF7A,development,5
21,10864,46471,JpxxdKRaTBk,UCoPGkvh-1AoSzh23-ROXrpw,development,3
21,10865,46476,wmnzylnD64A,UCZfQAl56Y6qStW8DECs2hGw,development,4
21,10866,46484,uxDWs1_L3N4,UCckltLEhFLv8Xz_lQhYfwmg,development,1
21,10867,46487,-WjlOuqhtRg,UCq0hVW_G5kWt2ocLhbjOtGg,development,2
21,10868,46489,sNzob1xVPE8,UCKrtxx7ukDTuCSvLBiUIt8A,development,2
21,10869,46490,ivV20ZbQCv4,UCQTcNhAZidy1i9wwmdgf2Lw,development,4
21,10870,46495,sHYAmAE5ZLk,UCckltLEhFLv8Xz_lQhYfwmg,development,1
21,10871,46497,7DTQmrCzS5k,UCgxiMvAbKYM3SZ2d46NHLug,test_reserved,
21,10872,46499,ehaIjkuEa_M,UCf2Iar2LDcFaSCnVH1ZMUkA,development,3
21,10873,46502,k3asfczyi3w,UCCK3OZi788Ok44K97WAhLKQ,development,2
21,10874,46507,S4QP2cBKysk,UCmqflTSJ6911aCrnaWIXxsA,development,2
21,10875,46509,eQDQDsYUibE,UCnANUYmlChbeCOqyAE-Y80g,development,4
21,10876,46527,aeSXe0X1SB8,UCPXSUKHTNc1_hnHuj-UiQWQ,test_reserved,
21,10877,46528,s74tVnQ1eqM,UCCK3OZi788Ok44K97WAhLKQ,development,2
21,10878,46541,0lzL3Q7f5Lw,UCckltLEhFLv8Xz_lQhYfwmg,development,1
21,10879,46542,yq_00qEO1TY,UCmqflTSJ6911aCrnaWIXxsA,development,2
21,10880,46549,fOm5zKyijdI,UCskNFH2e4ptFTkgeVmFPNhA,test_reserved,
21,10881,46563,FhtZgdfJmtI,UCweDTnElSgujDbt3yoNTx4g,development,2
21,10882,46567,VkMqBch-cpc,UCbS_glb2N1NVTrDLVryRbng,development,4
21,10883,46575,xef5imGYd-M,UCqShCHSDvCBKDN_GAsnLJmQ,development,4
21,10884,46579,i8ijiDRUwBU,UCcrsFwwoMvcXYpJ0XldIlVQ,development,3
21,10885,46582,-o4yrphS_BQ,UCmrLu4r89ykOzmtmbAeEklA,development,3
21,10886,46585,hCNZRYeUiiA,UCcwCsuV7bOpTfqf2UvLfYmg,development,4
21,10887,46587,fZbvTzjjDDI,UCgnFSj7jQffD5V5m05j4dPw,development,5
21,10888,46591,-imF2kvNcUo,UCwt4zdWrmnBpglCHb1ArREA,development,2
21,10889,46597,CwLk62Qa1ug,UCIKg0Ev6Vq2M7hU7bL_jHFQ,development,4
21,10890,46600,MZbmTnlCgBI,UCOtYyt7W5PmPnwQjWWF_Z-Q,development,3
21,10891,46602,rFsZ8ZUVho8,UCQTcNhAZidy1i9wwmdgf2Lw,development,4
21,10892,46607,FmZiI0yRY4o,UCrYItZrCXaq1dZ-6ArlCc6A,development,3
21,10893,46611,r8debAfcOvE,UC5mNdm6_f2fv50Hzsg7qW1g,development,2
21,10894,46623,IcMIQo_gwaE,UC324VVhYKykBv01GecF4aYg,development,5
21,10895,46628,3JBSB3nMgJA,UCmHUz3tsGu5BHi6Awx0qOkA,development,3
21,10896,46631,L5Uh-npqLqs,UCth9R703obgHx665cpiNY9A,development,1
21,10897,46632,3J-l6BI1XoY,UCOtYyt7W5PmPnwQjWWF_Z-Q,development,3
21,10898,46635,YZmxyMIafPc,UCc30sTBdN9LRSxEuHaXV_bQ,test_reserved,
21,10899,46641,t3SbpT812jI,UCbS_glb2N1NVTrDLVryRbng,development,4
21,10900,46642,lvCUZ0D9I5M,UCpfrIJXRqOTx2kPVsUytO4Q,development,5
21,10901,46644,0Hbdpewt9eY,UCTO9f5qKoCLHF21OLaROdEA,development,4
21,10902,46647,90plQEIyet4,UCBWG_GjopQPckewo1_IvhLQ,development,1
21,10903,46648,YSXgRyBWEg0,UC1hcl0aIr9KtXA-Kiq9itqw,test_reserved,
21,10904,46649,6J3wd_LtvvY,UCYmEcbCgb9yxZZJGH1rtn_Q,development,3
21,10905,46650,49J_K1kxOIs,UCkOBWuInZXAP0DT3iAT5hYw,development,2
21,10906,46652,gO1Y7NG8NPU,UCckltLEhFLv8Xz_lQhYfwmg,development,1
21,10907,46657,K7L0ee9Sd7M,UCckltLEhFLv8Xz_lQhYfwmg,development,1
21,10908,46662,6bTW6_8IVPA,UCOtYyt7W5PmPnwQjWWF_Z-Q,development,3
21,10909,46669,ToK8d3Pk5nA,UCn0XmAUFv6d2tofMFEesSNw,development,5
21,10910,46672,9YqumKEHcbo,UCCK3OZi788Ok44K97WAhLKQ,development,2
21,10911,46678,_zA84zw3MNM,UCOtYyt7W5PmPnwQjWWF_Z-Q,development,3
21,10912,46690,pJcxv6aaQe8,UCc30sTBdN9LRSxEuHaXV_bQ,test_reserved,
21,10913,46699,87MGLILSVbo,UCckltLEhFLv8Xz_lQhYfwmg,development,1
21,10914,46700,WIktcmii-tU,UCCK3OZi788Ok44K97WAhLKQ,development,2
21,10915,46701,igsMqaH8400,UCcijXxFzSXgoM6q9cCtT9PA,test_reserved,
21,10916,46704,dbK-ugCCu3U,UCXRnXDVoCjqUN_sOJweAXyQ,development,4
21,10917,46720,gZKu7tcKevI,UCQTcNhAZidy1i9wwmdgf2Lw,development,4
21,10918,46723,FDNbkwTs6_0,UCf2Iar2LDcFaSCnVH1ZMUkA,development,3
21,10919,46729,sJfE3HY7k_k,UCRDDfbYPHX_GUJ4lcQYTc8A,development,4
21,10920,46733,nSoKXzi6lSA,UCUzsesaP5G628WVuqEckF8w,development,1
21,10921,46734,djVhsd9I11M,UC1e3SfoIliz7Do8r_siL7Vg,development,4
21,10922,46738,nmjEfkIyYuQ,UCV_ZQVj5aMCX9OmyFT6rXLw,development,3
21,10923,46741,FtIaNjDgE84,UCckltLEhFLv8Xz_lQhYfwmg,development,1
21,10924,46754,7iMbeOkFp7Q,UCUzsesaP5G628WVuqEckF8w,development,1
21,10925,46760,Ifkb9GPh0_8,UCpfrIJXRqOTx2kPVsUytO4Q,development,5
21,10926,46761,TgPV_p7d7OU,UCu3jIK2NBSXc0_YaFqEuIrg,test_reserved,
21,10927,46764,aLtV0sd-Fi4,UC7JfFTZBoOYycd_yIUOFsPQ,test_reserved,
21,10928,46780,76eA-x1kyCM,UCUWsih24MIJm0hrkWmhJkmA,development,4
21,10929,46795,wjvtf0UGjkA,UCckltLEhFLv8Xz_lQhYfwmg,development,1
21,10930,46798,pzqD8whjK7k,UCCbm1E52PV05ZLv6dtRB92Q,development,5
21,10931,46804,ch6f4EJ3I7Q,UC-sHdOIu-eh_LFxQP018pmA,development,5
21,10932,46814,QuxvabSbCiU,UCUxrelp7FHiIj9SNfzWdh_A,development,5
21,10933,46820,_DRx_SJ_DRM,UCjm7vbOwssao7Bhm9wX3-bw,development,5
21,10934,46828,FVH6vDWKpVo,UC2b5VAYjsOfepl9nAXgRmfQ,development,4
21,10935,46837,32BxEy4-wOc,UCJc1hbJPvG5f2v8iSPG-3CA,development,1
21,10936,46843,CThLNB1GZTY,UCKrtxx7ukDTuCSvLBiUIt8A,development,2
21,10937,46844,rxAhWQjB0eo,UCHxf5NOZYmtmQEOkToogAiQ,development,4
21,10938,46850,8KRvzxYuvbY,UCAH7R88V7gz7RqJv78nNOzg,development,3
21,10939,46856,tF-ot8TS3UA,UCgnFSj7jQffD5V5m05j4dPw,development,5
21,10940,46858,7FNXjPk0WwU,UCckltLEhFLv8Xz_lQhYfwmg,development,1
21,10941,46863,8NazNv252KM,UCcbOsE5_4LEjtQi8X2PFxDw,development,3
21,10942,46869,f2sfI4FpDrA,UCf2Iar2LDcFaSCnVH1ZMUkA,development,3
21,10943,46876,AZTxJP8iaPU,UCV-q7cRK5yFYEFzWuoQOmQQ,development,5
21,10944,46883,0dijWPFqVis,UCpfrIJXRqOTx2kPVsUytO4Q,development,5
21,10945,46897,0-eR0gAt4fk,UCAH7R88V7gz7RqJv78nNOzg,development,3
21,10946,46902,VAIljBV5QWM,UC324VVhYKykBv01GecF4aYg,development,5
21,10947,46903,YFMquABCJBM,UCRDDfbYPHX_GUJ4lcQYTc8A,development,4
21,10948,46906,sTAsBd_5KtA,UC1YGPDtctHGJWW0NrlQVklw,test_reserved,
21,10949,46908,JSqk5praLtw,UClCjoJ0fs2RqaRTjukU1jQA,development,5
21,10950,46919,IZQsuPnIhyk,UC3tvYy-s84yySG7V85jRDnA,development,4
21,10951,46920,lfOOrmAWtS8,UCT83ymyAGm7Gnk_4ifxjxIA,development,4
21,10952,46923,-F1QpTXx5ao,UC1YGPDtctHGJWW0NrlQVklw,test_reserved,
21,10953,46927,EdfM3UuopRE,UC1YGPDtctHGJWW0NrlQVklw,test_reserved,
21,10954,46934,4Wbyu_xNL8E,UCh9qXeL8eP3Txra2908xksg,test_reserved,
21,10955,46942,y9R1t3koJwI,UCrcATWZGF_p53r38i6VK0eA,development,5
21,10956,46945,jynmbFoVZEA,UCn0XmAUFv6d2tofMFEesSNw,development,5
21,10957,46956,GcrhaI06Bis,UCkD2Gixzde52jx1XspNvrBw,test_reserved,
21,10958,46958,7G6PTiJnMNQ,UC4Pb9SEsCb1EpsXVYAVVajw,development,2
21,10959,46961,EoXgl3scu18,UCpfrIJXRqOTx2kPVsUytO4Q,development,5
21,10960,46964,-B2QdDLuwu4,UCtZO2c3i1PrtwyeaxaIYHKA,development,4
21,10961,46967,6dY6dyp-tp4,UCbR7juPwtP-bV_w0840ciYQ,development,4
21,10962,46968,JMwbs-a8KOM,UCusvl0DsifRAeHH9YQhdBOA,development,1
21,10963,46969,IF5tnoQG04Y,UCOtYyt7W5PmPnwQjWWF_Z-Q,development,3
21,10964,46972,gF3tA14KRuU,UC79_e04SJ3BzHpEdbmmaiVg,test_reserved,
21,10965,46983,v56kMl8rZ9w,UCLN_RAmXWVC0JrVwqdcItBA,development,2
21,10966,46987,N3RMKI_JVQo,UCCK3OZi788Ok44K97WAhLKQ,development,2
21,10967,46989,L6X0GOEM_SM,UCAcPvtBwVq1vqSyPdhqD-UA,test_reserved,
21,10968,46990,_K3dsMtt_BU,UC-4FUBrbjpCCoNGqHh6X5og,development,4
21,10969,46995,tg5ByYRfjgw,UCs_mHlm5_C82W5WCIJaSMbQ,development,3
21,10970,46997,0wjy5y2qxkg,UCAKAcMWVANp_qXgWKlXMCFA,development,3
21,10971,47007,Q_KIazcMHqE,UCUa0a5l56H0xre3SljFYRgw,development,4
21,10972,47009,wmj_LSP1ssU,UC8a89-tnN8wKeI1Xm4-5wqw,development,1
21,10973,47016,5ANMI3-YhgE,UCamSAN6IFdxTRTbfSSrkiDw,development,2
21,10974,47022,JcMbIDlZRqc,UClcIQJ6q-HsROoyWms8B8tg,development,2
21,10975,47028,6AW-EvMc3VY,UC4UaWbUUwVvCxWNqhb4f16Q,development,4
21,10976,47044,NRXlRdufBx0,UCFuygvMWDiyNyxxFe347H9w,development,5
21,10977,47048,KX1dAM0sX44,UCdvzidU6j1UdUBhaEw-LLuQ,development,4
21,10978,47060,XMTY0jUHoCE,UCckltLEhFLv8Xz_lQhYfwmg,development,1
21,10979,47061,O78VUFbFH0Y,UCrhkgHTUdZXbCd69TNuQuMg,development,2
21,10980,47063,96z5ewTHC5A,UCckltLEhFLv8Xz_lQhYfwmg,development,1
21,10981,47067,b-xkwETEHew,UCLuP7ROjaueiuNbzrvPqXSQ,development,2
21,10982,47069,3cjASKKVc1M,UCFiYb7cX7DVgkb0fsyt3pyQ,development,1
21,10983,47073,pMR_dZmb2Pg,UCckltLEhFLv8Xz_lQhYfwmg,development,1
21,10984,47079,eaygP_ve-2Y,UCOtYyt7W5PmPnwQjWWF_Z-Q,development,3
21,10985,47080,hAdaMnfdOmU,UCkLQJFBnqzhJCAvqn99hRUg,development,2
21,10986,47081,Aqy8IEGlN5A,UCz5VldG-q50ldO8dU7qio4g,development,5
21,10987,47083,EGfwKdZ-L0k,UCM7ch9Kl6FTIdWThXOg-Rxw,development,1
21,10988,47094,MWHf0Ns0NBU,UCp5D-qjJ6pQF9vaKU55cY6w,development,3
21,10989,47095,kpjqsuCIYM4,UCbS_glb2N1NVTrDLVryRbng,development,4
21,10990,47098,dwbpmPHZW3Q,UCMxeqmVKOqiqh7V_A3h4gfA,test_reserved,
21,10991,47103,uiVCMUt5sRI,UCMcaGpzjo0D-d6oSvcg8PtA,development,1
21,10992,47115,AB23TUac0HE,UCql-jEixeuMcyabHRYqr-Zw,development,3
21,10993,47117,gvmj0cUxxsw,UCKQw2OwROuqrhOuiqSttu6g,development,5
21,10994,47120,C7DsZeJkXZk,UCDCFL34d1TquN_j0laNWD2A,development,2
21,10995,47121,dbe-9zWRtig,UCckltLEhFLv8Xz_lQhYfwmg,development,1
21,10996,47122,wOWHH0sM-jU,UCckltLEhFLv8Xz_lQhYfwmg,development,1
21,10997,47123,9aiRmqAjZAU,UC2sO_F_Ky4LIAUtSJYXqBDA,test_reserved,
21,10998,47124,cJMcQxrjO1M,UCXn1a_JRiiunkEVS9tamdCA,development,4
21,10999,47127,Z366Vucg3kQ,UCQTcNhAZidy1i9wwmdgf2Lw,development,4
21,11000,47130,I_JjS4LiEkk,UCcijXxFzSXgoM6q9cCtT9PA,test_reserved,
21,11001,47135,xXTksblFVAc,UCO6ZBVarQJ19F-Tus6FqoiQ,development,1
21,11002,47136,xq7JC0JIS04,UCCbm1E52PV05ZLv6dtRB92Q,development,5
21,11003,47137,PX12-3-fMS0,UCCK3OZi788Ok44K97WAhLKQ,development,2
21,11004,47142,f1zWiAtqAK0,UCgnFSj7jQffD5V5m05j4dPw,development,5
21,11005,47143,yomFZjhDslc,UCPBzejSb3mj_2xRh_VdIiEg,development,1
21,11006,47148,80d-DAY4jqI,UCDIfBxwQyQY8_qt9BjGnNDw,test_reserved,
21,11007,47150,m4ij1K9L4fs,UCgnFSj7jQffD5V5m05j4dPw,development,5
21,11008,47152,rONt44ymm14,UCcijXxFzSXgoM6q9cCtT9PA,test_reserved,
21,11009,47173,ebdE0JXf5L4,UCbS_glb2N1NVTrDLVryRbng,development,4
21,11010,47179,9maTXTgtL-w,UCVd1jcy6wKFzfQ5E-Txtg-w,development,4
21,11011,47181,d1-LX-aOOBw,UC4VkNi2RZSJyqXsFaJYfsPg,development,4
21,11012,47182,OgY1CXbPilA,UCth9R703obgHx665cpiNY9A,development,1
21,11013,47183,3aaJ3gvHw5Y,UCskNFH2e4ptFTkgeVmFPNhA,test_reserved,
21,11014,47189,q2o4U5U8DjQ,UC3tvYy-s84yySG7V85jRDnA,development,4
21,11015,47192,DxxbIMXYijs,UCgnFSj7jQffD5V5m05j4dPw,development,5
21,11016,47193,DE6TTCeesT0,UCs8-XMlV1sdA56cHlQAgzdg,test_reserved,
21,11017,47198,qozB-mZ4fA8,UCskNFH2e4ptFTkgeVmFPNhA,test_reserved,
21,11018,47201,3mI8GsuiPs0,UC1hcl0aIr9KtXA-Kiq9itqw,test_reserved,
21,11019,47214,A9oj4mvCiAg,UCCK3OZi788Ok44K97WAhLKQ,development,2
21,11020,47216,_PqQqVGxIfA,UCL2-XMQvlfS7wzgqIxiCwYg,development,2
21,11021,47217,hVtzY50VWH4,UCckltLEhFLv8Xz_lQhYfwmg,development,1
21,11022,47220,jrYRtuVcWrY,UCgnFSj7jQffD5V5m05j4dPw,development,5
21,11023,47223,dr0-MsBfqTg,UCfQfw--8dPGypR7sGcXJz0w,development,4
21,11024,47228,Qm3ZdtU_vc8,UCqrqt9Egbp4Voh3iEUUoorw,test_reserved,
21,11025,47233,nkaDkwqXznw,UC944GuW0gSM0srEsZSZRQEQ,test_reserved,
21,11026,47235,JGTXOFeKhGU,UCCK3OZi788Ok44K97WAhLKQ,development,2
21,11027,47239,g7rAf3abLLM,UCJhdo2Kg29_EZwNPvlhzIFg,development,5
21,11028,47244,G4w3yf49UF8,UCRDDfbYPHX_GUJ4lcQYTc8A,development,4
21,11029,47245,oLrAuILKwUA,UCQTcNhAZidy1i9wwmdgf2Lw,development,4
21,11030,47246,gRm33ajeCls,UCOgsOVUELkkv_irhET9kK_Q,development,1
21,11031,47247,Cj_XSeJ_XoU,UCOtYyt7W5PmPnwQjWWF_Z-Q,development,3
21,11032,47248,KuCDtHZX9a0,UC6jQt9K_jqnBNtsRf7hXHsA,development,5
21,11033,47253,BQoAoLfkMyw,UCcijXxFzSXgoM6q9cCtT9PA,test_reserved,
21,11034,47263,dyZYrtDurp4,UCckltLEhFLv8Xz_lQhYfwmg,development,1
21,11035,47266,-nqJDv-CVdo,UCLuP7ROjaueiuNbzrvPqXSQ,development,2
21,11036,47271,xHiX7T5myF0,UCckltLEhFLv8Xz_lQhYfwmg,development,1
21,11037,47275,nnw7hB_lLWk,UCAH7R88V7gz7RqJv78nNOzg,development,3
21,11038,47279,55u3_G8RabA,UCRtNR8eqB_eaxKgUcltpwXg,development,4
21,11039,47281,RmrXWMad5eI,UC6jQt9K_jqnBNtsRf7hXHsA,development,5
21,11040,47285,qShoYqmYAxA,UCgnFSj7jQffD5V5m05j4dPw,development,5
21,11041,47286,ZhuOrVnB2rA,UC7SpeEKCvhjtxa4VX2sHA1Q,development,1
21,11042,47290,K4eb_anu_3M,UCWNxnJNkwZPyv3rJwWRlzZQ,development,1
21,11043,47295,Mm3iqku6QYU,UCoPGkvh-1AoSzh23-ROXrpw,development,3
21,11044,47298,Vo8uG0hRVEg,UCckltLEhFLv8Xz_lQhYfwmg,development,1
21,11045,47301,KE1Wytu-WDk,UCiPqzkmX93ta8vFwMVS81oQ,development,4
21,11046,47304,EuA2A_kg_I0,UCcbOsE5_4LEjtQi8X2PFxDw,development,3
21,11047,47305,VubaIJ9oyNg,UCBf296-OhUNfaDbtcYQ4RQQ,development,2
21,11048,47307,_kimnSdHuZE,UCckltLEhFLv8Xz_lQhYfwmg,development,1
21,11049,47312,YciyCVTBF_o,UCAH7R88V7gz7RqJv78nNOzg,development,3
21,11050,47313,3I1f8TSgLkI,UC324VVhYKykBv01GecF4aYg,development,5
21,11051,47315,s-ldAqyeQ58,UCFNhBN3enTlGFtr-apfIaDw,development,3
21,11052,47317,DGSwDILBqLs,UCRDDfbYPHX_GUJ4lcQYTc8A,development,4
21,11053,47318,qRUWFJw2xgI,UCk9jF1m8XqLTOcixWkGb0jg,development,5
21,11054,47323,J89lnQgP1uI,UCckltLEhFLv8Xz_lQhYfwmg,development,1
21,11055,47329,09v304wVgCc,UCoQOQFHBsBAhobpI8NradTA,development,1
21,11056,47333,-pqnpc0UsZQ,UCbS_glb2N1NVTrDLVryRbng,development,4
21,11057,47340,TM98rncG6tg,UCrLvbl-59ugBtbyBYyicZnw,development,4
21,11058,47342,cy-jbpwoSkE,UCbS_glb2N1NVTrDLVryRbng,development,4
21,11059,47344,mW3nZ20vx50,UCG0zly9obnC7U6LdlEU5v5g,test_reserved,
21,11060,47368,Y6rdfMLZsko,UCCK3OZi788Ok44K97WAhLKQ,development,2
21,11061,47369,-tDWdbcp8QA,UCXfgx23Lw81I4wsCNhdVBgw,development,2
21,11062,47372,5THCfAtYhqY,UCgnFSj7jQffD5V5m05j4dPw,development,5
21,11063,47381,czCzz9JQ7Yg,UCm8I2aLYgPm_gdzw4SSkiGg,development,3
21,11064,47387,A6JwYAWtDLc,UCaESx7Bdghv_UICcG1hBkcg,development,5
21,11065,47389,PBmVLkghNEM,UCckltLEhFLv8Xz_lQhYfwmg,development,1
21,11066,47396,8U28utGgyEM,UCoNaQS6wefjNVFkwvxrzAYw,development,4
21,11067,47399,ZSykVxfP1hg,UCKuDeSAQOkDnBpiSa0gJN0A,test_reserved,
21,11068,47401,4qncwutXbaA,UCqrqt9Egbp4Voh3iEUUoorw,test_reserved,
21,11069,47402,r74nARub8u8,UC9ydRoXpQVhwb3sM7VY8xNg,development,1
21,11070,47405,4mbyBTbOGno,UCkagcQYGoYFuXsUg-ObSL6A,test_reserved,
21,11071,47408,dJcG9X9r86A,UCvMYO1Ywh_KVLYb67ruTQBQ,development,5
21,11072,47410,skOZLZ79-aE,UCKHgO2j1mqI5vFxJioRSPMQ,development,2
21,11073,47412,yETSz2eggN0,UCcbOsE5_4LEjtQi8X2PFxDw,development,3
21,11074,47413,7XLBAjS94UA,UCf2Iar2LDcFaSCnVH1ZMUkA,development,3
21,11075,47416,mMyY4kisVk4,UCqrqt9Egbp4Voh3iEUUoorw,test_reserved,
21,11076,47418,nEmNN3KFEf4,UCSvq6flKvb-vwtaU5hfnQjA,development,5
21,11077,47423,I5kfpsNO0qo,UC95VofaZiQPFwRMaqPhLc0w,test_reserved,
21,11078,47441,fQ6LlWtE6h4,UCFuygvMWDiyNyxxFe347H9w,development,5
21,11079,47442,sSSpbdL_O8A,UCaESx7Bdghv_UICcG1hBkcg,development,5
21,11080,47446,AxcChrmS9Ys,UCCK3OZi788Ok44K97WAhLKQ,development,2
21,11081,47451,cCBiPaYn338,UCckltLEhFLv8Xz_lQhYfwmg,development,1
21,11082,47453,0-SOBYL6_o8,UCckltLEhFLv8Xz_lQhYfwmg,development,1
21,11083,47454,NxI_H9x7C7c,UCrhkgHTUdZXbCd69TNuQuMg,development,2
21,11084,47464,3MngOp1m2_o,UCdl01jabKqzbe0XoZmn1y9A,development,3
21,11085,47475,0cwpzYqW278,UCsDDVBdzvMMZaQtF8vaC9bg,test_reserved,
21,11086,47479,CkuhgTEEW7E,UC6jQt9K_jqnBNtsRf7hXHsA,development,5
21,11087,47484,QbnzBypS6zs,UC0tV1b7IFEXFUUILF7mAcWw,development,2
21,11088,47488,XB4v_7L9mCM,UC6jQt9K_jqnBNtsRf7hXHsA,development,5
21,11089,47493,O3MEkH0Aw34,UCUmkuHIy9TcUhd10BCEVpIg,development,4
21,11090,47503,Id07CcurWDg,UCdotiSNtLlS4qwDto9CdURA,development,2
21,11091,47508,T8aAU9294JQ,UCsAPX_-Yu9O_3dJu0aUj_BA,test_reserved,
21,11092,47509,CUZhUKWDO-k,UCOtYyt7W5PmPnwQjWWF_Z-Q,development,3
21,11093,47514,L4G0g12ZOS8,UCDhV2dS5kewSaccFl9g66sw,development,3
21,11094,47517,jJcXq7vSVUs,UCm6FpVN_cg2tGqHVDc9QpMg,development,2
21,11095,47523,n06cqmFFF4M,UC3tvYy-s84yySG7V85jRDnA,development,4
21,11096,47535,_cJcuU98dXM,UCsGsDaPTOt6VXRPF2FyAJ4g,development,5
21,11097,47543,9LQe_2f7CC8,UCQTcNhAZidy1i9wwmdgf2Lw,development,4
21,11098,47557,TcydHAwcBbY,UCIKg0Ev6Vq2M7hU7bL_jHFQ,development,4
21,11099,47558,AWVWida57GI,UC6jQt9K_jqnBNtsRf7hXHsA,development,5
21,11100,47560,SN6FplDh9cc,UCfRW1ia4zPMtsbM7XiUrPQg,development,2
21,11101,47566,Xt9QiPCcTh8,UC0tV1b7IFEXFUUILF7mAcWw,development,2
21,11102,47571,GZcgW0OKq5c,UCaESx7Bdghv_UICcG1hBkcg,development,5
21,11103,47580,C-DrI_dFCw4,UCrHp7_wVE4B6jcUNMwBXZRw,development,1
21,11104,47581,RYxwEO1h49o,UCix7C1KG_SPtiMXommMExNg,development,4
21,11105,47582,vTol5KKYW2M,UCYNtjJyosDXPToT3MdOzf1w,test_reserved,
21,11106,47584,rnzd5vbpb0I,UCckltLEhFLv8Xz_lQhYfwmg,development,1
21,11107,47588,YBjtXBDLUzA,UCRDDfbYPHX_GUJ4lcQYTc8A,development,4
21,11108,47591,ijKtOC1zvFs,UCprmDoTgvTMCbo8CInSLBIA,development,3
21,11109,47593,0Bw-BaVvO2s,UCbS_glb2N1NVTrDLVryRbng,development,4
21,11110,47594,f-m_bVrKXvw,UCn0XmAUFv6d2tofMFEesSNw,development,5
21,11111,47600,HzrHDuB3b7c,UCF06B6cH6Rf9UVYc5v4WAwg,development,3
21,11112,47609,RuY6VcEZsOc,UCm8I2aLYgPm_gdzw4SSkiGg,development,3
21,11113,47612,PId2ESmw9Mg,UCn0XmAUFv6d2tofMFEesSNw,development,5
21,11114,47615,WiXMRJj4zZM,UCAH7R88V7gz7RqJv78nNOzg,development,3
21,11115,47621,V7Jrk4tsr04,UCckltLEhFLv8Xz_lQhYfwmg,development,1
21,11116,47622,Q4j2bvQC7Tc,UCrXH3bjqSAndzb72KkauIrg,development,3
21,11117,47624,is1E4B8oBKM,UCn0XmAUFv6d2tofMFEesSNw,development,5
21,11118,47625,KZLFqKFG_IE,UC-4FUBrbjpCCoNGqHh6X5og,development,4
21,11119,47629,M_DMa-I9TYw,UCcijXxFzSXgoM6q9cCtT9PA,test_reserved,
21,11120,47633,spADV8llosY,UCf2Iar2LDcFaSCnVH1ZMUkA,development,3
21,11121,47638,mxVwVFcApcg,UCPXSUKHTNc1_hnHuj-UiQWQ,test_reserved,
21,11122,47639,Qo8XyDMeesE,UCgoCbMJ4JnH0q40GofKZxVg,development,2
21,11123,47661,b9OI-7s1vvg,UCbR7juPwtP-bV_w0840ciYQ,development,4
21,11124,47662,3vEXHsp0w9M,UCY8MMMOhm6-om2MX97fFnpQ,development,1
21,11125,47663,9ZYss22sPr8,UCGwkKsyd1fbH5eDBEvOIfmw,test_reserved,
21,11126,47669,Sk6a0yUqhQw,UCRUyTXpT4JzSSaUyjfclOKA,development,1
21,11127,47670,lZKIa69UMFo,UC1hcl0aIr9KtXA-Kiq9itqw,test_reserved,
21,11128,47672,19YKiyU7wjs,UCYga1ycTsoZn6Y_xlrdw0iA,development,2
21,11129,47686,2jBwM0RxVM4,UCckltLEhFLv8Xz_lQhYfwmg,development,1
21,11130,47692,QDpb4RWnxl0,UCgnFSj7jQffD5V5m05j4dPw,development,5
21,11131,47697,gxT76_AsyfQ,UCaESx7Bdghv_UICcG1hBkcg,development,5
21,11132,47703,9ysmdG4VwB8,UCA5xW2Ce7KT2AtxzDYDebCA,development,5
21,11133,47706,34kabZalxug,UCCK3OZi788Ok44K97WAhLKQ,development,2
21,11134,47708,JYpbZ0ZsPEI,UCvC0uMBUgREW9u8JZ_ZnLSg,development,1
21,11135,47709,8ob-6dsHybg,UCT83ymyAGm7Gnk_4ifxjxIA,development,4
21,11136,47716,aYUwBc7DSC0,UCPdASwipemqGhpK-B-a12Ow,development,4
21,11137,47718,PK-msp1MnNE,UCl5xacxsAhltNGtiMktd_Sg,development,5
21,11138,47732,WnKiqgZikR4,UCM3bQBUJ0PEbgfe9lAw_Y3Q,development,4
21,11139,47734,gFh28kqVhpk,UCGtkDVGu1I5QIuRaZxdvS-w,development,3
21,11140,47736,WaFbGYttF08,UCMz5OIRJhEHlbyfbzN_I1ag,development,1
21,11141,47737,QjA-VSAp8Ps,UCCK3OZi788Ok44K97WAhLKQ,development,2
21,11142,47738,CatgYCXvE7o,UCuTgmLxqarTxuBU5ARMYUNQ,test_reserved,
21,11143,47754,n9J9PWOqA1I,UCCK3OZi788Ok44K97WAhLKQ,development,2
21,11144,47755,JbK6aymZ-ZQ,UCt_fUooMgak5Ev6yI08x8IA,development,3
21,11145,47761,Iz9mWgmeKuo,UCMcaGpzjo0D-d6oSvcg8PtA,development,1
21,11146,47763,D2qB8AbPBPw,UCXDs97xqSkkV9WSXMtYvCEw,development,4
21,11147,47764,0eb1INFfYBM,UCckltLEhFLv8Xz_lQhYfwmg,development,1
21,11148,47767,ChuQCQwyUcs,UCckltLEhFLv8Xz_lQhYfwmg,development,1
21,11149,47768,qsWfFEi5s0U,UCidNC9-9DsHj3FmP5N42Lqw,test_reserved,
21,11150,47775,54_qUdS9EjQ,UC8qBNfgWRK_WYYGSmmrfgPA,test_reserved,
21,11151,47777,mtlalMkNsRA,UCbS_glb2N1NVTrDLVryRbng,development,4
21,11152,47779,1Ul6pYZsfbg,UCb0KyqTm4bkjnZg_mND9hhg,development,2
21,11153,47781,N-9xY3sdNy8,UCc30sTBdN9LRSxEuHaXV_bQ,test_reserved,
21,11154,47782,5FMWA3Lev_w,UCh9qXeL8eP3Txra2908xksg,test_reserved,
21,11155,47785,z5BLxccxkAs,UC3-yva2_TiI1RD41nhZno8A,test_reserved,
21,11156,47793,xELRLFwyJmg,UCm8I2aLYgPm_gdzw4SSkiGg,development,3
21,11157,47794,C_0A54y9wjw,UCaESx7Bdghv_UICcG1hBkcg,development,5
21,11158,47795,L3o-KCytTro,UCnANUYmlChbeCOqyAE-Y80g,development,4
21,11159,47807,McNH7tXtpkI,UCn6YTM3fvYdwCOHpdNJBOeg,development,4
21,11160,47815,BTzZ0KOO7l4,UCcg4tDKgPLIc_x3lhWdogLg,development,3
21,11161,47823,RP5NtuegYcE,UCUz70SsT1TZzlwEqvSCpJRA,development,3
21,11162,47827,NBiWmhkFzLY,UCckltLEhFLv8Xz_lQhYfwmg,development,1
21,11163,47829,9c7Pb1xN-04,UCskNFH2e4ptFTkgeVmFPNhA,test_reserved,
21,11164,47830,UkIbmN0SKmA,UC7ky7hEgAEMLo1lrDWJXlNw,development,2
21,11165,47831,Iwzavt0uaX8,UCMxeqmVKOqiqh7V_A3h4gfA,test_reserved,
21,11166,47834,Vb6Q6R8rJZw,UC0ZcZzDZe8x6-olaRR5-wYw,development,4
21,11167,47835,SYLlhC4kYh4,UCqecKbw2u_oVHNVdQEq-nCw,development,3
21,11168,47837,FbhsZsCeAPU,UC9y7Wh-inBLM44vBwc9MGJg,test_reserved,
21,11169,47846,AfRuWehAeCQ,UCCK3OZi788Ok44K97WAhLKQ,development,2
21,11170,47862,9Hqn80xwOn8,UCQIWzvLOlB4tu84TtOTJCGg,test_reserved,
21,11171,47868,c7X0XaBj6XA,UCCK3OZi788Ok44K97WAhLKQ,development,2
21,11172,47873,-LHyBpuJXBA,UCckltLEhFLv8Xz_lQhYfwmg,development,1
21,11173,47878,ji3DPTzHoSI,UCgnFSj7jQffD5V5m05j4dPw,development,5
21,11174,47879,JfR7yEkW5Ms,UCckltLEhFLv8Xz_lQhYfwmg,development,1
21,11175,47893,fruk_wbn60U,UCn0XmAUFv6d2tofMFEesSNw,development,5
21,11176,47894,VZiKKJzWuFs,UC3C6rQHX8pkjSyOm-620k3w,development,2
21,11177,47903,GxdBWNQiVe4,UCckltLEhFLv8Xz_lQhYfwmg,development,1
21,11178,47904,I3BFO6i9SYM,UCqrqt9Egbp4Voh3iEUUoorw,test_reserved,
21,11179,47910,ZXo-7xQh_S8,UCckltLEhFLv8Xz_lQhYfwmg,development,1
21,11180,47911,9KHWYmYvcmI,UCPXSUKHTNc1_hnHuj-UiQWQ,test_reserved,
21,11181,47914,tdQHlKBJ3p8,UCckltLEhFLv8Xz_lQhYfwmg,development,1
21,11182,47920,07OxzReW71A,UCgnFSj7jQffD5V5m05j4dPw,development,5
21,11183,47927,vCSGrRncWVw,UCGRcGg4t8Q3iMit9hbQg7WA,development,3
21,11184,47930,dki-6VlrBwE,UCY8MMMOhm6-om2MX97fFnpQ,development,1
21,11185,47933,RF-FU6aXDhU,UCrhfPfnrGA6aLHO6qxvM7_Q,development,3
21,11186,47945,2HiXPO88ebg,UCgnFSj7jQffD5V5m05j4dPw,development,5
21,11187,47950,HMUs3v369b4,UCCK3OZi788Ok44K97WAhLKQ,development,2
21,11188,47960,7tFZinClLas,UCckltLEhFLv8Xz_lQhYfwmg,development,1
21,11189,47965,Fi0vbGa7VYs,UC2sbMVU3YATVZQCRpHPKLcA,development,1
21,11190,47966,stSGMVzp2oA,UC1YGPDtctHGJWW0NrlQVklw,test_reserved,
21,11191,47967,x7Tueh9Hzws,UCckltLEhFLv8Xz_lQhYfwmg,development,1
21,11192,47974,BnHF8CoJJSY,UCckltLEhFLv8Xz_lQhYfwmg,development,1
21,11193,47983,5hQ3nW1aLoI,UCAgBGlUKoAQFXMUzshrWDgg,development,5
21,11194,47995,0MgxsEBBSiE,UCql-jEixeuMcyabHRYqr-Zw,development,3
21,11195,48002,eYjIUzQ82x8,UCPXSUKHTNc1_hnHuj-UiQWQ,test_reserved,
21,11196,48005,rwcKu2pzqIE,UCcrsFwwoMvcXYpJ0XldIlVQ,development,3
21,11197,48012,vc7PmIRL43k,UCrhUdMTs3SrW3N7MBx6MEdg,development,5
21,11198,48013,f4kfoWTzl4A,UCyaIoiqUyGoO7u6jIZm3h6Q,development,3
21,11199,48015,qLKIUpHdMVY,UC91DBjbGDIfxhi-R0rWQkaQ,development,5
21,11200,48016,2mEQ14lgBU8,UCMxeqmVKOqiqh7V_A3h4gfA,test_reserved,
21,11201,48022,IjSFciKFMCM,UC0ngM0x7fJceEe2tiRbwOvg,development,4
21,11202,48026,4lFegfUn51k,UCaIc6SgS90ud_RgMSC6hW_w,development,3
21,11203,48033,8GYYFbABxIk,UCRK13WgCsr2N6y9cbeEq39g,development,5
21,11204,48041,eWtJpIQpGxY,UC_d3UQ1v8KP1JNFOBmV63xA,development,2
21,11205,48044,e_jqPm1rfhE,UC1YGPDtctHGJWW0NrlQVklw,test_reserved,
21,11206,48047,XaQQASIgYHI,UC2b5VAYjsOfepl9nAXgRmfQ,development,4
21,11207,48050,t-qAyiTgnEA,UCVfnhhDIkkBJ_1QyzCqeVDg,development,5
21,11208,48054,dhGzqaRlar0,UCvsksEXBnVKBj0QiQ6cnTdw,development,2
21,11209,48068,rnx1Jbdm7P4,UCCK3OZi788Ok44K97WAhLKQ,development,2
21,11210,48069,BOmorpJAlsM,UCsTbA5DSJRQM_RHXgzEpL5w,development,2
21,11211,48072,YxtVBt6LB54,UCgnFSj7jQffD5V5m05j4dPw,development,5
21,11212,48074,FRqs7jMGsuw,UCgnFSj7jQffD5V5m05j4dPw,development,5
21,11213,48078,r_LDRdGnxow,UCzO0Ody4SmI_XFRrXW848eA,test_reserved,
21,11214,48081,XV33c7BBnlE,UCgm1AkjIpLGAoBDdCPx1tMQ,development,5
21,11215,48086,SZLGg7czufQ,UCbRbdFTihZZCq8r5-bQa0sA,development,2
21,11216,48087,t0hAhChLYnE,UCB6tVmll-6XbKyS3fq8P4MA,test_reserved,
21,11217,48089,CuKr395TS84,UCckltLEhFLv8Xz_lQhYfwmg,development,1
21,11218,48091,D203d7EBsvg,UCCK3OZi788Ok44K97WAhLKQ,development,2
21,11219,48093,Q5mLFvJM_4U,UCUzy2Hm-doo9o4bSfXG_CVQ,development,1
21,11220,48096,uQpfnKSlErI,UCbS_glb2N1NVTrDLVryRbng,development,4
21,11221,48098,urLEp2xi-cw,UCckltLEhFLv8Xz_lQhYfwmg,development,1
21,11222,48101,kTNTzbQ0iYc,UCCK3OZi788Ok44K97WAhLKQ,development,2
21,11223,48114,yX7GzKnmGzM,UCckltLEhFLv8Xz_lQhYfwmg,development,1
21,11224,48124,u6l275Rzzr0,UCKA7SQOUkD1_z5lr016Q70w,development,1
21,11225,48131,_6MZLWNsBeY,UCLD_EGJOhzPx4qu1OhOfeJg,development,3
21,11226,48140,wgKVzeJteEE,UCqrqt9Egbp4Voh3iEUUoorw,test_reserved,
21,11227,48141,jsf6WhfkzvE,UCBsrUim15y-s6PfMISCR38A,development,2
21,11228,48143,tkjMFT21pp4,UCOsx77fjmWZklwTqnEMlmcw,development,3
21,11229,48144,OsLtbzUArcE,UC_AuTY5qqpUUYFLSDQIbOsg,test_reserved,
21,11230,48154,pM6mZ4ngavg,UCUYXSaH7gW9DGZHItFsvJ_A,development,4
21,11231,48161,uIhJoaNJIBs,UCnqTWrNbHl4SvL60MCE693Q,development,1
21,11232,48162,7151GtF0Nro,UCgnFSj7jQffD5V5m05j4dPw,development,5
21,11233,48164,4KQzyEdO45o,UCckltLEhFLv8Xz_lQhYfwmg,development,1
21,11234,48178,16ETCVC7vqo,UCrVFS_0PdV7AwyTgR13IcVg,test_reserved,
21,11235,48180,KJ9A1X-pBuI,UCkK-FOO4FY_7QmxtDa4MLiA,development,4
21,11236,48190,No6nz__syy4,UCfEeU2qONEWb3z_9r19QV8A,development,5
21,11237,48204,zmfU65HNu2M,UCMxeqmVKOqiqh7V_A3h4gfA,test_reserved,
21,11238,48205,gAQyOmAwFOc,UCMEXwFurMItX0u1yit-UrAw,test_reserved,
21,11239,48207,HAG04xhvoOY,UCCK3OZi788Ok44K97WAhLKQ,development,2
21,11240,48208,muHXUy3B7I0,UCjKSK3d5r0O78WGnMouSvDw,development,4
21,11241,48217,pguW-gGh5sY,UCOOfF5e_JU7Bgyq_yU9c_bw,development,4
21,11242,48219,hYv7a45wFjk,UCP4Z7-uWZYIQBclex8M086A,development,3
21,11243,48223,ucrsDqdYaWw,UCs_mHlm5_C82W5WCIJaSMbQ,development,3
21,11244,48227,1Oht9cVOIWM,UClWSTWnXSIOK34ySODMm8Ew,development,4
21,11245,48229,Nmhh8hzVew4,UCgnFSj7jQffD5V5m05j4dPw,development,5
21,11246,48230,G1u2Y9UItrg,UCsAPX_-Yu9O_3dJu0aUj_BA,test_reserved,
21,11247,48241,0NVobW9-nTc,UCfJvQWJ4iUTng15ks3WtVow,development,1
21,11248,48248,yVncpsW8U_g,UCc30sTBdN9LRSxEuHaXV_bQ,test_reserved,
21,11249,48256,XGNOMCNmHA8,UCcijXxFzSXgoM6q9cCtT9PA,test_reserved,
21,11250,48265,BR7BU37FsIY,UCckltLEhFLv8Xz_lQhYfwmg,development,1
21,11251,48266,joHWcVNv_C4,UCkl2iKEW9ltlrBOjzCNJgzw,development,4
21,11252,48268,1gB2zeg76WQ,UCckltLEhFLv8Xz_lQhYfwmg,development,1
21,11253,48270,7F8zgHGndps,UCoQrhbL8EqaiWTywvgPlriA,development,2
21,11254,48272,ivWd56StnPY,UCKkRSuLQBs2oErUCgivn8mw,development,4
21,11255,48274,3K4_mGT_ydQ,UC5-n2dfksESEt3ATmM6Uujw,development,4
21,11256,48276,sQUZovCvDxQ,UCKvIAFnwVFiuITk3cl7UTxA,development,3
21,11257,48278,8Vup7NnbwSg,UC2oGrNhMUyWu5yzEJ_j1PMA,test_reserved,
21,11258,48279,UysfYcO2GAY,UCceS_252pdNUa5ztP_MW8rw,development,1
21,11259,48281,lko5Nd0zSgE,UCbS_glb2N1NVTrDLVryRbng,development,4
21,11260,48283,3aMdVdoXvVo,UCcijXxFzSXgoM6q9cCtT9PA,test_reserved,
21,11261,48284,BbtV1k1nB0o,UCtZyfc8g7BwrOuPcZz08lTQ,development,2
21,11262,48286,kJWNUCmRt_Y,UCCK3OZi788Ok44K97WAhLKQ,development,2
21,11263,48296,P8CeDPVLtRA,UCaI8gOmwQZJpganFN4-SZlg,development,2
21,11264,48300,ubvf-PrZyjI,UCHT6F9HJ9DtLUjTOH16yg6g,test_reserved,
21,11265,48310,YNrb70972Y4,UC5-n2dfksESEt3ATmM6Uujw,development,4
21,11266,48316,SNO62o9wiO4,UC0uW127NmbWG0g-BnTltSHw,test_reserved,
21,11267,48321,k1cFl-3TBt8,UC1lLkoi3_W_0-g4GI5bA90w,development,3
21,11268,48326,SSn7RErxOfA,UCm_cUbvQZt8A02HMU6vyguA,test_reserved,
21,11269,48330,mM6AXCx2v6Q,UCgnFSj7jQffD5V5m05j4dPw,development,5
21,11270,48333,uOa57Wyy-Qk,UCYga1ycTsoZn6Y_xlrdw0iA,development,2
21,11271,48352,wXTO0dNglio,UCDhV2dS5kewSaccFl9g66sw,development,3
21,11272,48359,U2hT3H_11C0,UCuTgmLxqarTxuBU5ARMYUNQ,test_reserved,
21,11273,48362,3bKQK9Il6ZY,UCckltLEhFLv8Xz_lQhYfwmg,development,1
21,11274,48365,Z3ZBHzD69XQ,UCn0XmAUFv6d2tofMFEesSNw,development,5
21,11275,48369,AppoHQoD_6s,UCQTcNhAZidy1i9wwmdgf2Lw,development,4
21,11276,48371,uSCXnf5fjSg,UCcijXxFzSXgoM6q9cCtT9PA,test_reserved,
21,11277,48373,R9HpW0oTME0,UC8MegDkaJsqK63fwbOjBLzw,development,2
21,11278,48374,7WPTNITsa1w,UChhmvfskCK4IaaoJ4Bj84Kg,test_reserved,
21,11279,48376,To-nS7N19LQ,UCckltLEhFLv8Xz_lQhYfwmg,development,1
21,11280,48380,PXNQQVaaQhs,UCCK3OZi788Ok44K97WAhLKQ,development,2
21,11281,48386,-TU8_RyZWDA,UCu3jIK2NBSXc0_YaFqEuIrg,test_reserved,
21,11282,48391,3EviZCl6Eao,UCIKg0Ev6Vq2M7hU7bL_jHFQ,development,4
21,11283,48394,iJ9WOix4Dro,UC2RlY2LHoGOoaU8qRI9sZ9g,development,1
21,11284,48398,2ac83XG74z8,UCmqflTSJ6911aCrnaWIXxsA,development,2
21,11285,48407,mjLfLotOek8,UCKMHxntbjMQxwezTaVdDtFA,test_reserved,
21,11286,48408,ExDAxTUqtLI,UCcijXxFzSXgoM6q9cCtT9PA,test_reserved,
21,11287,48410,JF31FEP5dAc,UCOtYyt7W5PmPnwQjWWF_Z-Q,development,3
21,11288,48413,7TOBsH-isVo,UCZhOI6uSPZKDNMpRHePdvow,development,5
21,11289,48414,4syEBhC-2hc,UCgnFSj7jQffD5V5m05j4dPw,development,5
21,11290,48415,m0Lx7DOkhgk,UCRDDfbYPHX_GUJ4lcQYTc8A,development,4
21,11291,48424,mru3FLIE31U,UCDAkUKRB1pkb-s3Gqv7FZ7A,development,4
21,11292,48429,XnmnOaHKu1Q,UC5-n2dfksESEt3ATmM6Uujw,development,4
21,11293,48438,oI5H_2sOM5g,UCQxYcvX5hnGJvuTFzKng-Vg,test_reserved,
21,11294,48445,ONl8L6Cwm7o,UCIKg0Ev6Vq2M7hU7bL_jHFQ,development,4
21,11295,48448,nkVyRZKqSYw,UCKuDeSAQOkDnBpiSa0gJN0A,test_reserved,
21,11296,48449,kmWQiiRA8ec,UCr3kif7GbFlAtIQlyuw_W7Q,development,2
21,11297,48451,hfEBFG6KUxE,UCCbm1E52PV05ZLv6dtRB92Q,development,5
21,11298,48453,l0aJbxuhZsA,UC2GNitBc9qBFZd0329eYOPg,test_reserved,
21,11299,48458,sxiDQTIrXBs,UCSfmHr5cQvlVKR2f6p8T01w,development,5
21,11300,48460,vKsXfBPZZNM,UCqODKKfku8auksmekzE6X0Q,test_reserved,
21,11301,48463,EwattRpQjHs,UCCK3OZi788Ok44K97WAhLKQ,development,2
21,11302,48468,utLOSr6VTa4,UCFjcr6UFdIYzdyD4sOjcUUA,development,2
21,11303,48478,1WGkmZdZoaY,UC2b5VAYjsOfepl9nAXgRmfQ,development,4
21,11304,48480,WhvF1-Wz5fg,UCCbm1E52PV05ZLv6dtRB92Q,development,5
21,11305,48483,FjN4OigIKe4,UCjKSK3d5r0O78WGnMouSvDw,development,4
21,11306,48487,4G8QHL4D--Q,UCMxeqmVKOqiqh7V_A3h4gfA,test_reserved,
21,11307,48488,5eZoHa5gCuw,UCRDDfbYPHX_GUJ4lcQYTc8A,development,4
21,11308,48494,OVlvXoNxGg4,UCcijXxFzSXgoM6q9cCtT9PA,test_reserved,
21,11309,48495,qdMyVPNVRD8,UChdRlRaJpIhRYoHvXwFxRKA,test_reserved,
21,11310,48499,lPSjxGtOFBI,UCAH7R88V7gz7RqJv78nNOzg,development,3
21,11311,48501,eHKy8bTIZC4,UCuW9OiaVwvoOraW1Jcc3_uA,development,2
21,11312,48503,DSsAHWsye0Y,UC_nXwFpN2H4JNPa2pSaAUIA,development,4
21,11313,48505,dStbDMAlc7Y,UCgnFSj7jQffD5V5m05j4dPw,development,5
21,11314,48516,TkJBLbMkRDc,UCOtYyt7W5PmPnwQjWWF_Z-Q,development,3
21,11315,48517,UmFRcdkn4yg,UC-GRFwciK7JiP8T4tl0pftQ,development,3
21,11316,48518,dqrOYbznF7E,UCPfU0uygBGutjaaJU5PpEvg,development,2
21,11317,48519,ulOdD0iCKVs,UCAH7R88V7gz7RqJv78nNOzg,development,3
21,11318,48524,255fHlK7E8Y,UCDAkUKRB1pkb-s3Gqv7FZ7A,development,4
21,11319,48530,GDfjdKLIRrI,UC1YGPDtctHGJWW0NrlQVklw,test_reserved,
21,11320,48547,tp6PWMIF29U,UCrVFS_0PdV7AwyTgR13IcVg,test_reserved,
21,11321,48556,b_wBprswwOA,UCnE2cj4yDP2PWWzKpBiNZ3w,development,4
21,11322,48559,Z_TBtPjBf1g,UC8yf9lgtn8Tjeb2HauaFgFg,development,3
21,11323,48581,yq8t6rn6nwg,UCRN8vYHIjLnALfaBCtXfKsQ,development,4
21,11324,48584,yJmTLObbnu4,UCJA-NQ4MtcRIog66wziD8fA,development,2
21,11325,48589,ghjWejW0Oos,UCS6wii1nENlRXQpu_1mp5CA,development,5
21,11326,48595,2Kax315NVLs,UCXRnXDVoCjqUN_sOJweAXyQ,development,4
21,11327,48596,XLoQvxauWJ8,UCXm0FsS7PXy0w5HeOkYMi7Q,development,5
21,11328,48601,VaCyZq52JyY,UC-budHy3MfX1QRQPT3GTu1w,test_reserved,
21,11329,48606,iQ7XahhG_bA,UCPXSUKHTNc1_hnHuj-UiQWQ,test_reserved,
21,11330,48613,dv0QnpL4YTY,UC0RxmX79uHOBvSKKYAQ7Axg,development,5
21,11331,48614,-yBKxyh8SUE,UCCK3OZi788Ok44K97WAhLKQ,development,2
21,11332,48620,HD7aJRBkSco,UCckltLEhFLv8Xz_lQhYfwmg,development,1
21,11333,48622,lf02ifNMYH8,UC_T_WzGfHvwqCtIlB8-MVIQ,development,3
21,11334,48626,BSI0JB2mqrc,UCL2-XMQvlfS7wzgqIxiCwYg,development,2
21,11335,48632,t49IeWwZspQ,UC2v4JoyE3CHejL5sNbBdTqA,development,5
21,11336,48637,uUUAvGWQgB8,UCckltLEhFLv8Xz_lQhYfwmg,development,1
21,11337,48639,grWLoZnw3Lc,UCJeJFkRVgi7gT7ViTxuHHdg,development,1
21,11338,48645,eiWV0G0lFY4,UCOtYyt7W5PmPnwQjWWF_Z-Q,development,3
21,11339,48650,4-nDNOdxiv0,UCQTcNhAZidy1i9wwmdgf2Lw,development,4
21,11340,48664,zHKX6gf9-U0,UCrYItZrCXaq1dZ-6ArlCc6A,development,3
21,11341,48666,yTUuncAo9I0,UCnqTWrNbHl4SvL60MCE693Q,development,1
21,11342,48680,EO41vf0I6Yo,UC1sRGiTA976K6kLYAAvSoAQ,development,2
21,11343,48693,lA_5NOWCUYM,UCQTcNhAZidy1i9wwmdgf2Lw,development,4
21,11344,48695,BamV_zkljVQ,UCJojbxGV0sfU1QPWhRxx4-A,test_reserved,
21,11345,48698,hvtlSWJ-yhc,UCcijXxFzSXgoM6q9cCtT9PA,test_reserved,
21,11346,48714,0ARVeDgNIog,UCmxLF29mnXea_nL5kaOqD2w,development,4
21,11347,48726,fvr-0giFzcM,UCnT7Z6-yqjhM__jZbK_B3kw,development,4
21,11348,48727,U2g-ooBJQfE,UCf2Iar2LDcFaSCnVH1ZMUkA,development,3
21,11349,48728,VJ8kb_e_kVE,UCfVP2OPZlwZvsgX3n794KfQ,test_reserved,
21,11350,48729,CwLZPfeo6lU,UCz5VldG-q50ldO8dU7qio4g,development,5
21,11351,48732,gOSQmFJwnpc,UCCK3OZi788Ok44K97WAhLKQ,development,2
21,11352,48734,cTrrb0oXkWw,UCIYUC72wUks_OSRV-0-76qw,development,4
21,11353,48738,UndvPmi9vjo,UCgnFSj7jQffD5V5m05j4dPw,development,5
21,11354,48739,w_3BjyWD5_M,UCCK3OZi788Ok44K97WAhLKQ,development,2
21,11355,48746,CcwUW1YOPvc,UCOtYyt7W5PmPnwQjWWF_Z-Q,development,3
21,11356,48749,FK67HpOVld0,UC2q8im1fqNqwN0xEtlGwi1Q,development,5
21,11357,48752,jpH4Jz_nsPw,UCgnFSj7jQffD5V5m05j4dPw,development,5
21,11358,48753,xeusTKJGTh0,UC3cLeuBcLQ2vwEbVfdlfXyg,development,1
21,11359,48755,A70F4CPGRek,UCckltLEhFLv8Xz_lQhYfwmg,development,1
21,11360,48766,XAGmHUDi9rE,UCckltLEhFLv8Xz_lQhYfwmg,development,1
21,11361,48771,IhSk0s319R4,UCRDDfbYPHX_GUJ4lcQYTc8A,development,4
21,11362,48780,SLa6VMVdC0Y,UCRDDfbYPHX_GUJ4lcQYTc8A,development,4
21,11363,48784,enmCh7HJKGg,UCgoCbMJ4JnH0q40GofKZxVg,development,2
21,11364,48785,qKgrHY3iWIg,UCCK3OZi788Ok44K97WAhLKQ,development,2
21,11365,48790,pzPX8-IOEUQ,UCbm-Wuof0e7JEqvE8Da4D0w,development,2
21,11366,48793,mkncKfVhwPw,UCckltLEhFLv8Xz_lQhYfwmg,development,1
21,11367,48798,O2FYjuIodQ0,UCDoXItIw1akXVz4Gk_F8CDw,test_reserved,
21,11368,48799,lC7QbqO1yVw,UCdk5_7EZfPGouBqkuJ4pcuQ,development,1
21,11369,48802,7zh5q1s4tEc,UCR6bwkq2RbGG12zWqD9YRvw,test_reserved,
21,11370,48804,b6Kw2WkE9WY,UCc30sTBdN9LRSxEuHaXV_bQ,test_reserved,
21,11371,48805,U5D9_aKfFnQ,UCckltLEhFLv8Xz_lQhYfwmg,development,1
21,11372,48806,JvFFUrsUNJg,UCAH7R88V7gz7RqJv78nNOzg,development,3
21,11373,48808,Bt0X818ZcQQ,UCbS_glb2N1NVTrDLVryRbng,development,4
21,11374,48809,VlSyVkohtRA,UCRDDfbYPHX_GUJ4lcQYTc8A,development,4
21,11375,48811,g3Btv7KuIZc,UC8rcDufKZ3W6CtZU69CtMXg,development,3
21,11376,48812,P2Xvr-ZHIXA,UChwjz-THeefGm2mSbYB37Wg,development,2
21,11377,48821,42R5qkK0jU0,UCCK3OZi788Ok44K97WAhLKQ,development,2
21,11378,48822,_cp-uN92qnc,UCmqflTSJ6911aCrnaWIXxsA,development,2
21,11379,48824,lYUPZqR6fvM,UCd-gmzevnJBe9jHuNDMrI0w,development,1
21,11380,48827,F2Cl6KSIn-I,UC-GRFwciK7JiP8T4tl0pftQ,development,3
21,11381,48831,j3O-zygjzLQ,UCdZRFHIhq7TpUNSLXRlt7rQ,test_reserved,
21,11382,48835,JU8W1taXoJc,UCRDDfbYPHX_GUJ4lcQYTc8A,development,4
21,11383,48836,6zv-hfCFB2I,UCMqjB1OMaNxphrBRCLlpMzQ,development,2
21,11384,48844,MVoexKN5brI,UCa79Dm6QBH4i8PAmTrfQPXQ,development,4
21,11385,48853,oFwB_dvawvA,UCCQ3mUIQTv2Snhw5Os0Yo5Q,development,3
21,11386,48864,0B1y3dMemkg,UCLA8Ovy_NPAwMWvr8IEDquw,development,4
21,11387,48867,78_NEKeSppM,UClSIhhnuyF8fXtBTpOOTknA,development,2
21,11388,48870,Hig-M5oeDW0,UCk16AZqObhsEu7fUjwroGaA,test_reserved,
21,11389,48874,NCppV1EBsPc,UC0uMi8HNlftUWq4k7NHnjSQ,development,3
21,11390,48876,NJ7bzUkYRJc,UCgnFSj7jQffD5V5m05j4dPw,development,5
21,11391,48877,27AzQqwVJNs,UCLuP7ROjaueiuNbzrvPqXSQ,development,2
21,11392,48882,Stx5PHkjm5U,UCRDDfbYPHX_GUJ4lcQYTc8A,development,4
21,11393,48883,4TU2j-wYznI,UC4Tu0ezWjyVMBD7lyX3EOdQ,development,5
21,11394,48885,AZfSISMv_TA,UCSmxZt63zt1f3kiBXnwVjNA,test_reserved,
21,11395,48888,9mN6EFHbiQU,UCoPGkvh-1AoSzh23-ROXrpw,development,3
21,11396,48896,Ft1Ouf2pVgA,UChlvAvH3N7Xd29DuAJgv0Mg,development,1
21,11397,48898,HrGDhvVQeNY,UCv2eZuaYeehdcyLvzucKy-A,development,5
21,11398,48899,IMK2L6eV-4g,UCckltLEhFLv8Xz_lQhYfwmg,development,1
21,11399,48901,zZhDPjWZLdU,UCtp_OfPNzUewXn2l8nE1xhQ,development,3
21,11400,48905,0jJH4vJQHgM,UCAH7R88V7gz7RqJv78nNOzg,development,3
21,11401,48909,Dl56ExPwBzc,UCh1devGAKOxk1FONKNQyWfw,development,4
21,11402,48913,P8h7AQRcHfY,UC1YGPDtctHGJWW0NrlQVklw,test_reserved,
21,11403,48915,npH_uUaCcNw,UC6jQt9K_jqnBNtsRf7hXHsA,development,5
21,11404,48920,BzB4-snMy5s,UCcHpVAqt_Cn4jJ9vtXP6Vnw,test_reserved,
21,11405,48924,UIWwfEarego,UCNEf722QEvvmyGaT0HsKxRQ,development,4
21,11406,48937,V5RglzK7Hoo,UCOtYyt7W5PmPnwQjWWF_Z-Q,development,3
21,11407,48938,4xz2TLuM6S0,UCn0XmAUFv6d2tofMFEesSNw,development,5
21,11408,48947,vA4OuQiD-is,UC33e0vM5W6gm82W5WuoGB9A,development,1
21,11409,48948,Q0-S6diOrQw,UCceS_252pdNUa5ztP_MW8rw,development,1
21,11410,48952,KniOCOJ6TNE,UCDIfBxwQyQY8_qt9BjGnNDw,test_reserved,
21,11411,48953,6ocIxiap7us,UC4iQrvOdsgpHwbrvNrCJUkA,development,1
21,11412,48958,YSX7GSdqbDw,UCFdCT7ZJCc9ax1yAqDCQPaA,development,1
21,11413,48960,uNvJLU5DNaI,UCAH7R88V7gz7RqJv78nNOzg,development,3
21,11414,48961,jipWU2kDLoI,UC_hR1wSDcKjBRTlKtp6LK1A,development,3
21,11415,48963,ypVl_IuIDns,UCMKVkE8hcrq8XVr_GftJ_sg,development,3
21,11416,48965,ge36X9q91D4,UCAKAcMWVANp_qXgWKlXMCFA,development,3
21,11417,48969,t7XalA6W9Zs,UCgdaUnUmkHDpYCU0w2pR7Rw,development,3
21,11418,48979,IGPR3tJ1HF4,UCckltLEhFLv8Xz_lQhYfwmg,development,1
21,11419,48985,Op8A8merMkU,UCH_Ie8olOLHLJPOS1vaVoOA,development,2
21,11420,48987,JQdh1X9vARU,UCqrqt9Egbp4Voh3iEUUoorw,test_reserved,
21,11421,48991,BhDf7kTHV-I,UCAH7R88V7gz7RqJv78nNOzg,development,3
21,11422,48992,Icwq_hC2bUo,UCud27Gl7WPKF4KmdOWKXIPg,test_reserved,
21,11423,48996,c9Ow-KC0W20,UCuW9OiaVwvoOraW1Jcc3_uA,development,2
21,11424,49000,OdqNBAo8e74,UCCK3OZi788Ok44K97WAhLKQ,development,2
21,11425,49005,K3sB7MyQb6w,UCcbOsE5_4LEjtQi8X2PFxDw,development,3
21,11426,49006,NH2fRNTxpZU,UCckltLEhFLv8Xz_lQhYfwmg,development,1
21,11427,49009,FDDuOJhW2ZY,UCckltLEhFLv8Xz_lQhYfwmg,development,1
21,11428,49011,L8Je3jbZ_f0,UCgnFSj7jQffD5V5m05j4dPw,development,5
21,11429,49017,D4RxtQR-h9w,UCckltLEhFLv8Xz_lQhYfwmg,development,1
21,11430,49019,1TQYVIRChv0,UClCjoJ0fs2RqaRTjukU1jQA,development,5
21,11431,49022,5FMoVgaUeyg,UCq0hVW_G5kWt2ocLhbjOtGg,development,2
21,11432,49025,YNxhDeIN1L8,UCOtYyt7W5PmPnwQjWWF_Z-Q,development,3
21,11433,49039,QJfACA9sUuw,UCKvIAFnwVFiuITk3cl7UTxA,development,3
21,11434,49042,eNAkJsrUgVo,UCIi-sp4cticvdmHAodPeyvw,development,1
21,11435,49045,XqYS2hVtOHA,UCWrJW5qgCKGpYAxyMCp5Hxg,test_reserved,
21,11436,49051,8sQuaGt-Hf4,UC9n3hr0v_T3qDtGHkACgJvQ,development,3
21,11437,49060,UacwbcFMDY4,UC_9T3d-m-tEgK_-dVOqz3uQ,development,4
21,11438,49063,-ek1bcRZAek,UCYweMykEAI5aaRztqrJuuAg,development,5
21,11439,49064,u9043iwJAUQ,UC0ZcZzDZe8x6-olaRR5-wYw,development,4
21,11440,49072,m-xxCvSp3gQ,UCckltLEhFLv8Xz_lQhYfwmg,development,1
21,11441,49075,15o8eyEMkck,UCckltLEhFLv8Xz_lQhYfwmg,development,1
21,11442,49081,VEfUEteqC2o,UC8U5Mgl9nbkm5vOJ0SMtQgA,test_reserved,
21,11443,49082,ZDLFmEpnNh0,UC1hcl0aIr9KtXA-Kiq9itqw,test_reserved,
21,11444,49090,AdovEBYh96U,UCaESx7Bdghv_UICcG1hBkcg,development,5
21,11445,49097,9om-g6_rZ3A,UCl4Y73ZM9g5mP5W489jHp3w,development,1
21,11446,49103,mNh1AOVQMG8,UC8kC4R1-G80cwxWLr6jvmtw,test_reserved,
21,11447,49104,Zk28S3hnb9Q,UCbS_glb2N1NVTrDLVryRbng,development,4
21,11448,49107,mgIn-iMyQus,UC1YGPDtctHGJWW0NrlQVklw,test_reserved,
21,11449,49115,Fj9ehmQTjTA,UCl5xacxsAhltNGtiMktd_Sg,development,5
21,11450,49118,beiCn7V-fgI,UCCK3OZi788Ok44K97WAhLKQ,development,2
21,11451,49123,9sKc4Fqn3ao,UCcijXxFzSXgoM6q9cCtT9PA,test_reserved,
21,11452,49126,UyavUDzrGAo,UCcspHoBTj_aLhnJLwkMpWHQ,development,5
21,11453,49127,mQYmdBKWQtU,UCn0XmAUFv6d2tofMFEesSNw,development,5
21,11454,49131,G0vBQktsEQE,UC_nEV-E7z5c250hGJaf5c0A,test_reserved,
21,11455,49135,BizQjYOSn3U,UCdlAf8MopMHj-sDMAJ_CW2g,test_reserved,
21,11456,49138,RJIizqSuTnw,UC61hH_E3HUjIweuWm20wuDg,development,5
21,11457,49142,a6_iMrrhQM4,UC4Pb9SEsCb1EpsXVYAVVajw,development,2
21,11458,49144,K1DJp1IQMKA,UCy8ao-puUtb-1Y0L6xSItOQ,test_reserved,
21,11459,49150,Mxz-oPCQkTs,UCOtYyt7W5PmPnwQjWWF_Z-Q,development,3
21,11460,49152,siEMV2SF8K0,UCGwkKsyd1fbH5eDBEvOIfmw,test_reserved,
21,11461,49153,HXlMkr41_bQ,UCrhkgHTUdZXbCd69TNuQuMg,development,2
21,11462,49154,5VgHL5AmUlI,UCCK3OZi788Ok44K97WAhLKQ,development,2
21,11463,49158,TUanSzlZsRQ,UCPVO77tetzycP2sI8IFbCow,development,3
21,11464,49160,sJi1KVki8ZY,UCckltLEhFLv8Xz_lQhYfwmg,development,1
21,11465,49161,yHbT_XCLHS8,UCaESx7Bdghv_UICcG1hBkcg,development,5
21,11466,49166,w2UZ1aaln5U,UCckltLEhFLv8Xz_lQhYfwmg,development,1
21,11467,49167,n09fEaj2_Us,UCCK3OZi788Ok44K97WAhLKQ,development,2
21,11468,49172,jV0MJ3Gn7R8,UCOtYyt7W5PmPnwQjWWF_Z-Q,development,3
21,11469,49174,0EqUQ-NJCwE,UCckltLEhFLv8Xz_lQhYfwmg,development,1
21,11470,49176,unw7EVaFpQE,UCckltLEhFLv8Xz_lQhYfwmg,development,1
21,11471,49185,eEHJKnAZHNs,UCIoyIVPZEfC2p0dQwAxGiEw,development,5
21,11472,49186,6MnySt_DQJk,UCCK3OZi788Ok44K97WAhLKQ,development,2
21,11473,49188,30YxU1ddT7w,UCcijXxFzSXgoM6q9cCtT9PA,test_reserved,
21,11474,49190,nSK-bH3FDZk,UC3-yva2_TiI1RD41nhZno8A,test_reserved,
21,11475,49192,Aq0GHuHGXio,UCtoTkv_wx2z2M03zyKY-IRQ,development,3
21,11476,49196,yKo3SAAADYU,UCckltLEhFLv8Xz_lQhYfwmg,development,1
21,11477,49200,1tsBP8nzu7E,UClSIhhnuyF8fXtBTpOOTknA,development,2
21,11478,49211,NTjIaeA5fM0,UCgnFSj7jQffD5V5m05j4dPw,development,5
21,11479,49222,dv0XNOHwyrU,UCAH7R88V7gz7RqJv78nNOzg,development,3
21,11480,49224,sP6pHJ9h0V8,UCaESx7Bdghv_UICcG1hBkcg,development,5
21,11481,49225,UpARp4YjWCo,UC6jQt9K_jqnBNtsRf7hXHsA,development,5
21,11482,49230,9-xZG6Joh6k,UC8rcDufKZ3W6CtZU69CtMXg,development,3
21,11483,49234,qJX-txln-YU,UCKd4c6Ke8GsuUWf2BnOI4WA,development,3
21,11484,49236,y3EyONNdFBs,UCvMYO1Ywh_KVLYb67ruTQBQ,development,5
21,11485,49248,LpzhodPlLPE,UC1YGPDtctHGJWW0NrlQVklw,test_reserved,
21,11486,49251,mvjLkQADlRQ,UCAH7R88V7gz7RqJv78nNOzg,development,3
21,11487,49264,vDETt3jtvCM,UCOupsF9ZsNIg_NybXseZaQg,development,5
21,11488,49266,vwZXTnVdp4M,UClSIhhnuyF8fXtBTpOOTknA,development,2
21,11489,49268,Ag9r5D_aWtA,UCfJxtusEDRdgxuIfeQR7r8A,test_reserved,
21,11490,49270,68g6_w_H4Gg,UC0tV1b7IFEXFUUILF7mAcWw,development,2
21,11491,49271,c22OEazuPFA,UCcijXxFzSXgoM6q9cCtT9PA,test_reserved,
21,11492,49287,Fv9IrRrstWY,UCDxSSI3_n3bkFKzaJMO5veQ,development,3
21,11493,49291,Rlujik973R0,UCWwo8NBrDNOb5EEZadW3iWA,test_reserved,
21,11494,49298,194ADNp_osg,UCLNz9bgiJfM3ImTtYDOt8Ew,test_reserved,
21,11495,49305,fR25KkBdOZk,UCRDDfbYPHX_GUJ4lcQYTc8A,development,4
21,11496,49306,hZbWBxjjw2Q,UC0nMJ3QNryBHZpy1P3Wamwg,development,4
21,11497,49307,qbbQk01fZU8,UCaESx7Bdghv_UICcG1hBkcg,development,5
21,11498,49310,oCFn9KleQIw,UCrVFS_0PdV7AwyTgR13IcVg,test_reserved,
21,11499,49313,vyIiP7wAJ54,UC9mVbiRT4STi4TmCNJ89O9w,development,3
21,11500,49318,ExeaVo83y2w,UCOtYyt7W5PmPnwQjWWF_Z-Q,development,3
21,11501,49326,gDnPw9j4XmY,UCgnFSj7jQffD5V5m05j4dPw,development,5
21,11502,49328,TwLkzyzyVUM,UCAH7R88V7gz7RqJv78nNOzg,development,3
21,11503,49330,K4PDUtZKJEA,UC8ZmvQOUKiu6SmICTXzjFnA,development,2
21,11504,49333,O6Ls3iNF9jI,UCF11-Puqxb0jdeWNc7F_Fcw,development,1
21,11505,49336,CFj5brbUj6s,UCc30sTBdN9LRSxEuHaXV_bQ,test_reserved,
21,11506,49345,FKPAhlq3Ics,UC1YGPDtctHGJWW0NrlQVklw,test_reserved,
21,11507,49347,4Kh01WMorqM,UCckltLEhFLv8Xz_lQhYfwmg,development,1
21,11508,49348,-lgJDuqcXrk,UCl5xacxsAhltNGtiMktd_Sg,development,5
21,11509,49355,SYNk7L0Cabw,UCF0uUUUTf2kzN8lz20-iksg,test_reserved,
21,11510,49365,4J_TvAzJjQg,UCckltLEhFLv8Xz_lQhYfwmg,development,1
21,11511,49367,P4KABkC7kx8,UCbS_glb2N1NVTrDLVryRbng,development,4
21,11512,49370,JBjZLXDlRvY,UCAH7R88V7gz7RqJv78nNOzg,development,3
21,11513,49373,8YmGI1pHu_I,UC1hcl0aIr9KtXA-Kiq9itqw,test_reserved,
21,11514,49383,w-fqOQPJwho,UCM4Fg3P7qH2eM-CIyhfJFFA,development,5
21,11515,49386,BMtJaYE8Cgk,UC8lKgUHo-2mSR5cRRXO9xow,development,3
21,11516,49387,7h1cb_s82Y0,UCOtYyt7W5PmPnwQjWWF_Z-Q,development,3
21,11517,49391,tJROfX4HOSo,UCt1uMmva5HBK0qu1hTGGvzA,development,5
21,11518,49393,oGw692O7T1I,UCbS_glb2N1NVTrDLVryRbng,development,4
21,11519,49403,ESRmd6ivhF8,UC6jQt9K_jqnBNtsRf7hXHsA,development,5
21,11520,49411,QM10eRoaO0k,UC1hcl0aIr9KtXA-Kiq9itqw,test_reserved,
21,11521,49412,0LXdWKkhBV4,UCCXHDSRJKfNBLNJmIegx8Lw,test_reserved,
21,11522,49413,AFtRSDU0wSI,UCrhkgHTUdZXbCd69TNuQuMg,development,2
21,11523,49414,Kuu2iaw1umA,UCCQ3mUIQTv2Snhw5Os0Yo5Q,development,3
21,11524,49417,SweDVUFPZdc,UCcijXxFzSXgoM6q9cCtT9PA,test_reserved,
21,11525,49418,7gBdtd-EoW4,UC0MnP2Iso6enxaJTBZ3_nJw,development,1
21,11526,49422,9QZi3AHxWMs,UCLNz9bgiJfM3ImTtYDOt8Ew,test_reserved,
21,11527,49425,z2BbMZXbXFE,UC324VVhYKykBv01GecF4aYg,development,5
21,11528,49426,8G64Hg862U0,UCckltLEhFLv8Xz_lQhYfwmg,development,1
21,11529,49444,PQfVpO2wwkA,UCCK3OZi788Ok44K97WAhLKQ,development,2
21,11530,49452,BcYu5eRpvD4,UClSIhhnuyF8fXtBTpOOTknA,development,2
21,11531,49457,djInZhC2O2U,UCckltLEhFLv8Xz_lQhYfwmg,development,1
21,11532,49475,pVc3xYxKMUg,UCCK3OZi788Ok44K97WAhLKQ,development,2
21,11533,49484,VvpDoHOEGPo,UCckltLEhFLv8Xz_lQhYfwmg,development,1
21,11534,49495,fbg_lB-5mDs,UCc30sTBdN9LRSxEuHaXV_bQ,test_reserved,
21,11535,49496,-R148qnGc8k,UCOtYyt7W5PmPnwQjWWF_Z-Q,development,3
21,11536,49498,W4j77fgSClI,UC1Tj9WUErCHPtdTmmHvkKGw,development,1
21,11537,49501,MU0iBkRdKCs,UCl5xacxsAhltNGtiMktd_Sg,development,5
21,11538,49506,jWt1RCGrzRU,UCjq3jp1xBUTbQodcOHXAGEg,development,1
21,11539,49511,NJ1OQpW_8sc,UCLNz9bgiJfM3ImTtYDOt8Ew,test_reserved,
21,11540,49513,6oiQ_iOZErE,UCckltLEhFLv8Xz_lQhYfwmg,development,1
21,11541,49518,R59IHfuY_Zc,UCAH7R88V7gz7RqJv78nNOzg,development,3
21,11542,49540,sm2dsCLM9zE,UCCK3OZi788Ok44K97WAhLKQ,development,2
21,11543,49541,kq_0KJSAJmY,UCn0XmAUFv6d2tofMFEesSNw,development,5
21,11544,49552,S0o2_66z87w,UCsAPX_-Yu9O_3dJu0aUj_BA,test_reserved,
21,11545,49562,dRgpWmeaQrU,UC5BT1yMZC1MtgngCRMRZoLg,development,2
21,11546,49565,LJR5XmUzTts,UCckltLEhFLv8Xz_lQhYfwmg,development,1
21,11547,49570,kostY_VTrR4,UCqrqt9Egbp4Voh3iEUUoorw,test_reserved,
21,11548,49579,d68LKdw2Bz0,UCckltLEhFLv8Xz_lQhYfwmg,development,1
21,11549,49581,0HK_Few2w6g,UCOtYyt7W5PmPnwQjWWF_Z-Q,development,3
21,11550,49584,6PUgWw9tkDg,UCCK3OZi788Ok44K97WAhLKQ,development,2
21,11551,49586,oQdxbYGEszk,UCcbOsE5_4LEjtQi8X2PFxDw,development,3
21,11552,49599,XCZzoJT4Hh8,UCeixuk-NkKqLJfZKcK2fQig,development,2
21,11553,49610,n6f8eayaOYs,UCGRcGg4t8Q3iMit9hbQg7WA,development,3
21,11554,49616,QvOGvWpCXFw,UCdB6k3Q_dkVJ77cV9tVWzcQ,development,2
21,11555,49618,gKU_NAw21s0,UCCK3OZi788Ok44K97WAhLKQ,development,2
21,11556,49619,EQAP64zzkmU,UCx7lEnwLHxO9yPjOotGb-bA,development,3
21,11557,49623,QxFahmcK5lE,UCgnFSj7jQffD5V5m05j4dPw,development,5
21,11558,49624,ozDfILDwS0I,UCRDDfbYPHX_GUJ4lcQYTc8A,development,4
21,11559,49627,mkLSKOCHXA4,UCqxwy8GKh91iGrcZ7dgVuCQ,test_reserved,
21,11560,49631,F3R6YaXPrb4,UC4Pb9SEsCb1EpsXVYAVVajw,development,2
21,11561,49633,5Hv-8rg3l3s,UCwm5-5k4apHsjjy6g8j6tQg,development,5
21,11562,49634,aDVuku3iIJk,UCPXSUKHTNc1_hnHuj-UiQWQ,test_reserved,
21,11563,49639,ao9MaDQlBfE,UCxAkK6_mU-y8NownflBHl7A,development,2
21,11564,49643,seBGpc6GEjQ,UCckltLEhFLv8Xz_lQhYfwmg,development,1
21,11565,49649,2T2nxQO8T2w,UC1ixNJgWmSq34rDBnh78CTQ,test_reserved,
21,11566,49653,K57S7dYsKnk,UCCK3OZi788Ok44K97WAhLKQ,development,2
21,11567,49656,bS6SyX_S7EY,UCf2Iar2LDcFaSCnVH1ZMUkA,development,3
21,11568,49663,rA9CvcLRM3g,UC7SpeEKCvhjtxa4VX2sHA1Q,development,1
21,11569,49676,P8-p1gW01og,UCh1YbG4SC-R5fBxZgMMuRww,test_reserved,
21,11570,49690,diKAzThcVsM,UCckltLEhFLv8Xz_lQhYfwmg,development,1
21,11571,49698,9XKjmXx7fa4,UCvRkl4sHIgChIFxeTlbwAGQ,development,2
21,11572,49699,fBa8fIAkO-o,UCOtYyt7W5PmPnwQjWWF_Z-Q,development,3
21,11573,49701,jmX-yQEoWvs,UCI9B6cvPkauAUvfV2CvKMMQ,test_reserved,
21,11574,49705,TNHGtJGZWYE,UCSfmHr5cQvlVKR2f6p8T01w,development,5
21,11575,49710,qPga5RvjjN4,UCckltLEhFLv8Xz_lQhYfwmg,development,1
21,11576,49712,vgf4_KQdzp0,UCGthOXoEW15pWRUZjcgQwFw,development,1
21,11577,49714,rWWGCABxOxE,UC_hR1wSDcKjBRTlKtp6LK1A,development,3
21,11578,49715,SnCSzrwv6Tk,UCckltLEhFLv8Xz_lQhYfwmg,development,1
21,11579,49721,6bgUVlHGKMY,UCZNreSxdvd50nzMz5zkXg4w,test_reserved,
21,11580,49724,lJuNg0GfFv8,UCCK3OZi788Ok44K97WAhLKQ,development,2
21,11581,49732,ByxLgIl3V5Y,UCckltLEhFLv8Xz_lQhYfwmg,development,1
21,11582,49737,kDGzYd0JHH4,UCJsP6VDsHsorL2IgKOTdiEA,development,2
21,11583,49739,gTWuezk5JyY,UClSIhhnuyF8fXtBTpOOTknA,development,2
21,11584,49740,_AmH_JBYSRY,UCOPqjdQOIF6faslRMEruJmA,development,5
21,11585,49746,BmFdsW6EcLo,UC-YHxIvupukB2zEMyO2zRIA,test_reserved,
21,11586,49763,Nk13_vn_DZo,UCoQrhbL8EqaiWTywvgPlriA,development,2
21,11587,49764,-QyeWMn2nuQ,UCmTrMV3RUj_n8dO0Ff-wHOQ,development,4
21,11588,49766,AyRBEdAQaiw,UCPXSUKHTNc1_hnHuj-UiQWQ,test_reserved,
21,11589,49770,1zFOuuHndN8,UCmp1I1k6yNX-HqwfOFS2IPA,development,2
21,11590,49776,ajfAxsgaT6E,UC1YGPDtctHGJWW0NrlQVklw,test_reserved,
21,11591,49781,2XQIkA1CgpI,UCaESx7Bdghv_UICcG1hBkcg,development,5
21,11592,49783,1ulTfFM4efg,UCy-3y3BEH8dFhPsNEnO74Vg,development,5
21,11593,49785,JAVi0s2thVg,UCjYAhUnrkBujtKI3j3LM2uA,development,3
21,11594,49793,DOk6V6K4XLk,UCLNz9bgiJfM3ImTtYDOt8Ew,test_reserved,
21,11595,49795,BqQvQqH3Lr8,UCCK3OZi788Ok44K97WAhLKQ,development,2
21,11596,49799,TTBVoGlvmWo,UC8MegDkaJsqK63fwbOjBLzw,development,2
21,11597,49803,5qrdlfoNj0s,UCXZaF1h4qgnp9sDlflUM8dw,development,5
21,11598,49807,2g4joNUM5B8,UCfpubNryZVTG8tfjVez9E_g,test_reserved,
21,11599,49813,1t_p92nHEM8,UCbS_glb2N1NVTrDLVryRbng,development,4
21,11600,49815,qunx9VeQtoc,UCcijXxFzSXgoM6q9cCtT9PA,test_reserved,
21,11601,49820,qZ3stK5_ta4,UCckltLEhFLv8Xz_lQhYfwmg,development,1
21,11602,49827,GKRJDa6YbAQ,UCIoyIVPZEfC2p0dQwAxGiEw,development,5
21,11603,49830,TKJM-PmTfeI,UCvtyhFTKjy3EmVh6UJLb9Jg,development,2
21,11604,49834,p-ADGgkkNQg,UCf2Iar2LDcFaSCnVH1ZMUkA,development,3
21,11605,49841,0ZJl61jPgJo,UCckltLEhFLv8Xz_lQhYfwmg,development,1
21,11606,49844,0R5C63FXgVU,UC0OQrrbVFEASTwszPPVOndA,development,4
21,11607,49845,q8rJFaZ8guk,UC0ZcZzDZe8x6-olaRR5-wYw,development,4
21,11608,49848,P85GPqYobQw,UCYweMykEAI5aaRztqrJuuAg,development,5
21,11609,49853,QebZiMaJdGM,UCXqtmz8saUL-pAMLe5MxHlg,development,5
21,11610,49854,mpotbbg6C0I,UC0Hd0uu4ur5gRjrZ5xTef8g,development,5
21,11611,49855,3TdN52X3Ln8,UCcijXxFzSXgoM6q9cCtT9PA,test_reserved,
21,11612,49859,WHWvT63R9e4,UCoPGkvh-1AoSzh23-ROXrpw,development,3
21,11613,49863,I4m9Au8tP8I,UCcijXxFzSXgoM6q9cCtT9PA,test_reserved,
21,11614,49866,mJYmf0A25Rs,UCQN2cRMiB1BkljRswBN802g,test_reserved,
21,11615,49867,8vnIoq_mueo,UCyKNjZkJTmFuYSTx5HLPsPQ,development,2
21,11616,49870,BDLDZIxr9QI,UCCK3OZi788Ok44K97WAhLKQ,development,2
21,11617,49873,8NrQ4yEN4kA,UCckltLEhFLv8Xz_lQhYfwmg,development,1
21,11618,49880,K5yzTEoRqKY,UCjm7vbOwssao7Bhm9wX3-bw,development,5
21,11619,49883,yB8d42Bc2UM,UC0ZcZzDZe8x6-olaRR5-wYw,development,4
21,11620,49886,mmrLvJXSLDk,UC8U5Mgl9nbkm5vOJ0SMtQgA,test_reserved,
21,11621,49904,dGGq_nzP2z4,UCaESx7Bdghv_UICcG1hBkcg,development,5
21,11622,49905,7LWRncz1zQk,UCckltLEhFLv8Xz_lQhYfwmg,development,1
21,11623,49907,m8rrXBsU3YY,UCMEXwFurMItX0u1yit-UrAw,test_reserved,
21,11624,49908,OkQl9OAPNf0,UCjKSK3d5r0O78WGnMouSvDw,development,4
21,11625,49912,Pmu8swnq2Wc,UCjcNG-8w9cevWkScRr6Lp1Q,test_reserved,
21,11626,49913,m-ZrCnGk2_Y,UC9SnUR9ewkPk9h45L0uY6SQ,test_reserved,
21,11627,49917,VqgrPNo9m_0,UCHQfFg_epoUK0htwmiUyzEQ,development,1
21,11628,49918,MRzYli97FQ0,UC_YEDp_hEdqGHD6cYAHX0KA,development,2
21,11629,49924,_pBsVDcw1ZY,UCqDbs3rlemiBZmhkh9gXXHg,development,5
21,11630,49931,X3ryPdyZVBI,UCqDMvUe1Zy9QzR-F6X7B5pw,development,3
21,11631,49934,u8YP_95_aHQ,UCckltLEhFLv8Xz_lQhYfwmg,development,1
21,11632,49938,RkI80VQ8bnQ,UC4VkNi2RZSJyqXsFaJYfsPg,development,4
21,11633,49942,TvpPyUWBXPo,UC_d3UQ1v8KP1JNFOBmV63xA,development,2
21,11634,49946,DzAkSnS65yE,UC1YGPDtctHGJWW0NrlQVklw,test_reserved,
21,11635,49953,MoQqBr859vk,UCnANUYmlChbeCOqyAE-Y80g,development,4
21,11636,49960,tEYpBWO1VZE,UCCK3OZi788Ok44K97WAhLKQ,development,2
21,11637,49961,3P352glSjYU,UC0uMi8HNlftUWq4k7NHnjSQ,development,3
21,11638,49963,KFphKBmVWt8,UCs_mHlm5_C82W5WCIJaSMbQ,development,3
21,11639,49966,6sKU9oBuRR4,UCOtYyt7W5PmPnwQjWWF_Z-Q,development,3
21,11640,49969,Kl4mKU3Li18,UCXWZGzBJjw0VUPU3Em5gFlQ,development,5
21,11641,49973,NU5VHaKbnlQ,UCbS_glb2N1NVTrDLVryRbng,development,4
21,11642,49980,KTLCHO_rHuM,UCNSnFwvrkdgy7yoDd3M9uYQ,development,1
21,11643,49984,IpWcMTlyi60,UCOiMY00_ZLijPF6InrCl0TA,development,4
21,11644,49986,hrfeTwVr0iU,UCecL5RXqIzb3N6zO0FaCN9Q,test_reserved,
21,11645,49988,oG4HSPBMRuY,UCOtYyt7W5PmPnwQjWWF_Z-Q,development,3
21,11646,49990,pGuepSpanVQ,UC8rcDufKZ3W6CtZU69CtMXg,development,3
21,11647,50000,E_HbUPARJzg,UC8lKgUHo-2mSR5cRRXO9xow,development,3
21,11648,50002,1X8tyIeBNe0,UCLuP7ROjaueiuNbzrvPqXSQ,development,2
21,11649,50016,z47DWkGJD1g,UCcijXxFzSXgoM6q9cCtT9PA,test_reserved,
21,11650,50021,q94b2SOQiRI,UCZNreSxdvd50nzMz5zkXg4w,test_reserved,
21,11651,50023,EMahlgcUGws,UCeLsnnibnzDaSpMZMPJcvAw,development,4
21,11652,50024,v5VQUCNjdRE,UCAkxYR3rzfrxCst5D3t0mYQ,test_reserved,
21,11653,50025,Usv2wo2iVh0,UCpwVqB7rjAkZUlFOPz4qafw,test_reserved,
21,11654,50026,gAN8U08doRE,UCRDDfbYPHX_GUJ4lcQYTc8A,development,4
21,11655,50030,yL_PvQ1JA0I,UC1YGPDtctHGJWW0NrlQVklw,test_reserved,
21,11656,50033,YbeYbmzvAmo,UCq3WWAoJj0DOQC3G7ri1cug,development,3
21,11657,50039,zUSpsZGDlBQ,UCc30sTBdN9LRSxEuHaXV_bQ,test_reserved,
21,11658,50050,GNBCA94VVI4,UC8qBNfgWRK_WYYGSmmrfgPA,test_reserved,
21,11659,50060,NueemCpK-6s,UCmqflTSJ6911aCrnaWIXxsA,development,2
21,11660,50065,p5o1xowhhHQ,UCiRz8w2WOTO7DjWIOONCmNA,test_reserved,
21,11661,50067,JdsO8NnQOa0,UCprmDoTgvTMCbo8CInSLBIA,development,3
21,11662,50072,92xFTrZq8c4,UCcijXxFzSXgoM6q9cCtT9PA,test_reserved,
21,11663,50076,4Pk95Edx7uQ,UCxyOEiDidNJQGoMJXjOVW7A,development,2
21,11664,50079,9GE8U6tCoCQ,UCAH7R88V7gz7RqJv78nNOzg,development,3
21,11665,50082,zmGzfjkO4s0,UCr5BVR_ePEz_9V-KF5rSEmQ,development,2
21,11666,50087,tU5wbFkm6UU,UCsPfJqaUdMINzYqBCEjwknQ,development,2
21,11667,50094,3tRpi3nnyec,UCckltLEhFLv8Xz_lQhYfwmg,development,1
21,11668,50096,ptF1yzhx9PI,UCckltLEhFLv8Xz_lQhYfwmg,development,1
21,11669,50098,tpg5nKYsfkk,UCuW9OiaVwvoOraW1Jcc3_uA,development,2
21,11670,50100,_KwJoUXRFe8,UCbR7juPwtP-bV_w0840ciYQ,development,4
21,11671,50101,w90xAFYfFJM,UCbS_glb2N1NVTrDLVryRbng,development,4
21,11672,50105,o6m2MiJavSg,UCPXSUKHTNc1_hnHuj-UiQWQ,test_reserved,
21,11673,50108,sVcmhHl6VEM,UCCK3OZi788Ok44K97WAhLKQ,development,2
21,11674,50111,kwrC5l3-IfM,UCRDDfbYPHX_GUJ4lcQYTc8A,development,4
21,11675,50114,h6nznem2GkU,UCckltLEhFLv8Xz_lQhYfwmg,development,1
21,11676,50116,81_8NUhIdL8,UCaIc6SgS90ud_RgMSC6hW_w,development,3
21,11677,50123,CGHFsNeYSEU,UCLx0BJNc11RlbIR5JHH-qmw,development,3
21,11678,50126,4-UG6Yt_9Xw,UCckltLEhFLv8Xz_lQhYfwmg,development,1
21,11679,50127,1G0tkfDj-wM,UCQTcNhAZidy1i9wwmdgf2Lw,development,4
21,11680,50129,B2EQSibTeog,UCQkPhQ-6NhA1v7Tpsp6EnKQ,development,2
21,11681,50135,L2zvJjg-ZX0,UCckltLEhFLv8Xz_lQhYfwmg,development,1
21,11682,50137,4uM7W9ZVs1A,UCOtYyt7W5PmPnwQjWWF_Z-Q,development,3
21,11683,50139,idt8hBHgdhc,UCmLefvOWUhvzrk0ToJbK2AA,test_reserved,
21,11684,50140,jMZ-PbwDCQE,UC-4FUBrbjpCCoNGqHh6X5og,development,4
21,11685,50147,DYRwMdgZBQw,UCdgWTRipbTuQsIiiPb6fB-A,development,4
21,11686,50148,eQHJlNcvB0E,UCckltLEhFLv8Xz_lQhYfwmg,development,1
21,11687,50156,HMPRvffRRVw,UCZbELqSq-v0admOH04dE2tg,test_reserved,
21,11688,50158,_CqF74xl1fE,UCq5SmrhSWmp89RR1JpO2z8Q,development,4
21,11689,50161,B6jVHVtOPEU,UCo7jGFwywOdtesciwW-POqg,development,3
21,11690,50163,3j3Ym9kfqAY,UCckltLEhFLv8Xz_lQhYfwmg,development,1
21,11691,50165,DMteoFLtDXg,UCUWsih24MIJm0hrkWmhJkmA,development,4
21,11692,50172,87fWVFnFCcw,UC7y523uvfJhftdgPfC6NHPA,development,3
21,11693,50173,Zbx67MZjDVY,UC944GuW0gSM0srEsZSZRQEQ,test_reserved,
21,11694,50176,BYqWBPdpBM8,UCc30sTBdN9LRSxEuHaXV_bQ,test_reserved,
21,11695,50180,kNafj-2RknE,UCbS_glb2N1NVTrDLVryRbng,development,4
21,11696,50184,nwf-5FK53Eo,UCCK3OZi788Ok44K97WAhLKQ,development,2
21,11697,50186,0pgQ1UDHSHc,UC1CkcuwxCW_dIchuR0tTCJw,test_reserved,
21,11698,50187,zVcMSXaBGPo,UCckltLEhFLv8Xz_lQhYfwmg,development,1
21,11699,50189,TYIwb7ZdX7w,UCyrW9aDENkU6G6URdVFwB9g,development,3
21,11700,50190,cmTbZxPh6m8,UCQkPhQ-6NhA1v7Tpsp6EnKQ,development,2
21,11701,50192,MVZgjS_EzCQ,UC324VVhYKykBv01GecF4aYg,development,5
21,11702,50211,8cX2t7KKgSQ,UCbS_glb2N1NVTrDLVryRbng,development,4
21,11703,50215,S70ZfAioSvY,UCiR8kH7EvdjJGp41a9KIfsQ,development,5
21,11704,50216,TbrPhvktszA,UCi7VL_vCoFDWNQn_1IGhhWw,test_reserved,
21,11705,50219,93TjCla2lvs,UCbS_glb2N1NVTrDLVryRbng,development,4
21,11706,50226,tg_AH8pyv6k,UCrYItZrCXaq1dZ-6ArlCc6A,development,3
21,11707,50227,0kZQIQ3IykU,UCmGMChEd9jBucufrWcpk3Ew,development,5
21,11708,50235,21fFs0sp8N4,UCnANUYmlChbeCOqyAE-Y80g,development,4
21,11709,50242,sGn4Qsch34E,UCTIi9jL0_XH6wCRyHDygl9A,development,2
21,11710,50244,pIzPk1e18vQ,UCMxeqmVKOqiqh7V_A3h4gfA,test_reserved,
21,11711,50246,Mtufb78BUik,UCckltLEhFLv8Xz_lQhYfwmg,development,1
21,11712,50251,GLiBgCnpk0k,UCh9qXeL8eP3Txra2908xksg,test_reserved,
21,11713,50252,QHY0xa4G0oU,UCAH7R88V7gz7RqJv78nNOzg,development,3
21,11714,50261,s5Grk052NeA,UCwm5-5k4apHsjjy6g8j6tQg,development,5
21,11715,50262,V8InTo3pMQ0,UCcijXxFzSXgoM6q9cCtT9PA,test_reserved,
21,11716,50268,19ixmiEB0nA,UC-DEHYgvcA5bBD3cWo_vSuA,test_reserved,
21,11717,50270,fwdCUXvK_Io,UCCK3OZi788Ok44K97WAhLKQ,development,2
21,11718,50277,ljkVips8w_0,UCVfnhhDIkkBJ_1QyzCqeVDg,development,5
21,11719,50283,woDkQvWOwQU,UCOKg9DR3c0Aa3A9JCvNrzGQ,development,5
21,11720,50286,gSN_wvJFDag,UCx7lEnwLHxO9yPjOotGb-bA,development,3
21,11721,50299,z0SVCN0F_F0,UC1ixNJgWmSq34rDBnh78CTQ,test_reserved,
21,11722,50301,ccIeq6EuYzE,UCc30sTBdN9LRSxEuHaXV_bQ,test_reserved,
21,11723,50302,BOdOZk9U9ak,UCgnFSj7jQffD5V5m05j4dPw,development,5
21,11724,50304,9lUBO02ZxYY,UCd-gmzevnJBe9jHuNDMrI0w,development,1
21,11725,50313,_bP8BdHTSgc,UCgnFSj7jQffD5V5m05j4dPw,development,5
21,11726,50314,vH9ZD61vM6Q,UCu3jIK2NBSXc0_YaFqEuIrg,test_reserved,
21,11727,50316,eGpRyI3du5E,UCcijXxFzSXgoM6q9cCtT9PA,test_reserved,
21,11728,50319,GiraXbY0X_I,UCdFAl3bZf7bi7A5HX7USKzg,development,2
21,11729,50320,iaulDxnfWXw,UCcbOsE5_4LEjtQi8X2PFxDw,development,3
21,11730,50322,7P-iwkmuH5w,UCqrqt9Egbp4Voh3iEUUoorw,test_reserved,
21,11731,50324,8MQGQhOHwc4,UCckltLEhFLv8Xz_lQhYfwmg,development,1
21,11732,50330,CwxytjYn7FQ,UCn39xNZ42C93DHXbbRH2mgA,development,1
21,11733,50334,LoL9Rd7TmTg,UC_d3UQ1v8KP1JNFOBmV63xA,development,2
21,11734,50335,G7CE5IhdKFs,UCSw_5fZrselH_au61zvIpJw,development,2
21,11735,50337,UWnMVHoYjzc,UCRJcNfmSJ0jOwKw270tEkAw,test_reserved,
21,11736,50343,hQme82w5mbY,UCuTgmLxqarTxuBU5ARMYUNQ,test_reserved,
21,11737,50345,rzw8MErUSTc,UCiwOYqQCfcQ-iV5VIguQcKA,development,4
21,11738,50348,Zat6VYSuV38,UCOtYyt7W5PmPnwQjWWF_Z-Q,development,3
21,11739,50350,h4MOOd09LDQ,UCcijXxFzSXgoM6q9cCtT9PA,test_reserved,
21,11740,50353,FSRRBbi_O8s,UCV-q7cRK5yFYEFzWuoQOmQQ,development,5
21,11741,50360,XmZtwGgwrRg,UC6MkngMDyobFNaXOZR0ukyQ,development,5
21,11742,50361,BedZJhIx-vE,UCh2Xwe7on2Oa2MBtk8zvEuw,test_reserved,
21,11743,50362,5ItjXJksEW4,UCgnFSj7jQffD5V5m05j4dPw,development,5
21,11744,50380,A3TDOCm8DCY,UCh2Xwe7on2Oa2MBtk8zvEuw,test_reserved,
21,11745,50384,n_doDusMQWw,UCUzsesaP5G628WVuqEckF8w,development,1
21,11746,50392,qPpaRWYONKs,UCIoyIVPZEfC2p0dQwAxGiEw,development,5
21,11747,50394,5B_xSvL2UTQ,UCOtYyt7W5PmPnwQjWWF_Z-Q,development,3
21,11748,50396,Q6rpotdKe74,UCGG2hIW0ZqagoM7__Gh2emw,test_reserved,
21,11749,50399,9YMaLInuHW8,UC7SpeEKCvhjtxa4VX2sHA1Q,development,1
21,11750,50400,DBB9Ec9FneQ,UCRDDfbYPHX_GUJ4lcQYTc8A,development,4
21,11751,50403,M_jry8KAA4Q,UCCXHDSRJKfNBLNJmIegx8Lw,test_reserved,
21,11752,50409,xpHXgcTpevI,UCmqflTSJ6911aCrnaWIXxsA,development,2
21,11753,50411,67Htn1uFM_0,UC4Pb9SEsCb1EpsXVYAVVajw,development,2
21,11754,50413,-dm_-tM5Zs8,UC1YGPDtctHGJWW0NrlQVklw,test_reserved,
21,11755,50414,CchYvtkDNh8,UCeregcA7V24wo3vGVVsitfA,development,1
21,11756,50419,LpPVDHwac6U,UCZ6MS5ygBzz25PnSMaAw8PA,development,5
21,11757,50428,8NNk2DeCmxM,UCckltLEhFLv8Xz_lQhYfwmg,development,1
21,11758,50429,Awan1d-1vbA,UC0MnP2Iso6enxaJTBZ3_nJw,development,1
21,11759,50430,0WkWqLQL2Yk,UCCK3OZi788Ok44K97WAhLKQ,development,2
21,11760,50435,EfvXg5HjGM0,UCf2Iar2LDcFaSCnVH1ZMUkA,development,3
21,11761,50444,6MwC-FLn2qY,UCcijXxFzSXgoM6q9cCtT9PA,test_reserved,
21,11762,50445,wh_eXHFdnp4,UC4eGpfS24gqdLVjR0S4Wgow,development,5
21,11763,50447,ZyOIbE5FSrU,UChlvAvH3N7Xd29DuAJgv0Mg,development,1
21,11764,50460,EXtU9iiTWeo,UCWwo8NBrDNOb5EEZadW3iWA,test_reserved,
21,11765,50465,Ze9Zog_8Kng,UCIQ9OZNLnAZTySLZgUxbcQQ,development,1
21,11766,50466,guP4kt7PzCU,UCsFJW4hPOuBZS486UwG2dPQ,development,4
21,11767,50474,XISFLTBDR8k,UCcMQKrccZ9c0_GNyXWo8jLg,development,3
21,11768,50476,Qf1OFP0WUzs,UCckltLEhFLv8Xz_lQhYfwmg,development,1
21,11769,50477,bNf5K8Nerys,UCOtYyt7W5PmPnwQjWWF_Z-Q,development,3
21,11770,50487,SfFGG9oh2hs,UCOtYyt7W5PmPnwQjWWF_Z-Q,development,3
21,11771,50489,T-kz7JomIO8,UCckltLEhFLv8Xz_lQhYfwmg,development,1
21,11772,50492,9khJ_fzab5M,UCCK3OZi788Ok44K97WAhLKQ,development,2
21,11773,50493,4iJREGAsTjI,UC7mhtAaF1ESJgCozpoS2lcQ,development,2
21,11774,50499,k_AetXdrRS8,UCLNz9bgiJfM3ImTtYDOt8Ew,test_reserved,
21,11775,50500,C6Bx-oCUOQ4,UC7y523uvfJhftdgPfC6NHPA,development,3
21,11776,50501,Gsf8d46oYgY,UCRDDfbYPHX_GUJ4lcQYTc8A,development,4
21,11777,50509,bQ3Ym6wa-tk,UCcijXxFzSXgoM6q9cCtT9PA,test_reserved,
21,11778,50518,1JBwIx9SGIg,UCM3bQBUJ0PEbgfe9lAw_Y3Q,development,4
21,11779,50524,qtEo00M6pl4,UCq3WWAoJj0DOQC3G7ri1cug,development,3
21,11780,50525,1lzxyKElRKY,UC2oGrNhMUyWu5yzEJ_j1PMA,test_reserved,
21,11781,50530,c8KtpIqmaTI,UCldiq7Z0JJVSkGXVgfV2qtg,development,4
21,11782,50531,Dih6qlW1mOQ,UCkD2Gixzde52jx1XspNvrBw,test_reserved,
21,11783,50534,zkga2PTowvo,UCZw-8vhDi8SvEjHgHI4WTMw,development,3
21,11784,50535,rSP3lSQnDhU,UC-ejlaSTmf6HaRBE4DDR77Q,development,4
21,11785,50555,2bpC2KTPNms,UCMk3TZ_MvwlPbSYp_1FScrw,development,3
21,11786,50560,hkkDqMTmdyg,UCdgWTRipbTuQsIiiPb6fB-A,development,4
21,11787,50564,2dviStzivuA,UCY8jtiRLqx1Sv5A0fWYGlNQ,development,2
21,11788,50567,aUFEMeosasI,UCu3jIK2NBSXc0_YaFqEuIrg,test_reserved,
21,11789,50572,gCWVUVuvW5o,UCh9qXeL8eP3Txra2908xksg,test_reserved,
21,11790,50574,PxbesdjiFY0,UCCK3OZi788Ok44K97WAhLKQ,development,2
21,11791,50583,JcRC5-gH7oE,UCVNgjnq_n7i_8GJOca0DIeQ,development,2
21,11792,50589,-Hn61jvwEXk,UCCK3OZi788Ok44K97WAhLKQ,development,2
21,11793,50592,bhG-gtCGiEg,UC6jQt9K_jqnBNtsRf7hXHsA,development,5
21,11794,50593,XQjsVy9c2G0,UCXJm14vFoWrYud1ZXCiHj3A,development,3
21,11795,50595,kI_IeF68x3Y,UCckltLEhFLv8Xz_lQhYfwmg,development,1
21,11796,50597,u4Niz8OHWaQ,UCbS_glb2N1NVTrDLVryRbng,development,4
21,11797,50600,pQENM2iD06A,UCx7lEnwLHxO9yPjOotGb-bA,development,3
21,11798,50602,MWzkWGliTJ4,UCCK3OZi788Ok44K97WAhLKQ,development,2
21,11799,50609,sIKaRIJ7zZs,UCbS_glb2N1NVTrDLVryRbng,development,4
21,11800,50611,21wccgRi4rY,UCCK3OZi788Ok44K97WAhLKQ,development,2
21,11801,50617,DRVErmk34Jc,UCCK3OZi788Ok44K97WAhLKQ,development,2
21,11802,50628,AzEUVeK6Igk,UCIKg0Ev6Vq2M7hU7bL_jHFQ,development,4
21,11803,50630,OQElxYO15-0,UC4UaWbUUwVvCxWNqhb4f16Q,development,4
21,11804,50632,4yCCWeyu8HQ,UCCK3OZi788Ok44K97WAhLKQ,development,2
21,11805,50638,SOi_RzXQnk0,UCZ6MS5ygBzz25PnSMaAw8PA,development,5
21,11806,50643,ST9IGtHdfiQ,UCckltLEhFLv8Xz_lQhYfwmg,development,1
21,11807,50648,spXb1tSvPKU,UCCK3OZi788Ok44K97WAhLKQ,development,2
21,11808,50649,VT3z_Z2q5bA,UCu3jIK2NBSXc0_YaFqEuIrg,test_reserved,
21,11809,50655,UkL9bqM2iyo,UCaESx7Bdghv_UICcG1hBkcg,development,5
21,11810,50664,qiAkk7GxQOM,UCckltLEhFLv8Xz_lQhYfwmg,development,1
21,11811,50667,THjBMNVthGI,UCE_uaeRZwW7roZqYO31iDWg,test_reserved,
21,11812,50671,K5WPdxD66Gk,UCCK3OZi788Ok44K97WAhLKQ,development,2
21,11813,50679,9Iz81mMZXgo,UCCK3OZi788Ok44K97WAhLKQ,development,2
21,11814,50696,05UBUv1EC2I,UCuTgmLxqarTxuBU5ARMYUNQ,test_reserved,
21,11815,50699,1F5UCEumXOs,UCZWXOdFyxE0frP_uXHN_BJw,test_reserved,
21,11816,50710,1_50HLhdEXg,UCvfwXFsI8J-iRMpG1SE8lgw,development,3
21,11817,50711,DwYsQKnCHL4,UCckltLEhFLv8Xz_lQhYfwmg,development,1
21,11818,50713,2USnRfGqbLE,UCckltLEhFLv8Xz_lQhYfwmg,development,1
21,11819,50723,gT7_GFD1LrI,UC0ZcZzDZe8x6-olaRR5-wYw,development,4
21,11820,50726,z-qXV7tJwFo,UCgnFSj7jQffD5V5m05j4dPw,development,5
21,11821,50729,YX_hgs9vMu8,UCmjo40eaWQS0jkW7UW24KSA,test_reserved,
21,11822,50733,3lBZH4_YLTY,UCkagcQYGoYFuXsUg-ObSL6A,test_reserved,
21,11823,50735,NMWTicM4BPw,UC0ZcZzDZe8x6-olaRR5-wYw,development,4
21,11824,50738,Ulc9N7KvFVk,UCMayHG7j39d11Gh36vV7GnQ,development,5
21,11825,50741,YnlGIOfeEB8,UCaESx7Bdghv_UICcG1hBkcg,development,5
21,11826,50742,QaPsTsqreP0,UCa0Dx86qHZ2UQCf7IMiHC6w,development,2
21,11827,50745,LygUbit53C0,UCbS_glb2N1NVTrDLVryRbng,development,4
21,11828,50746,MNRCME2wUWg,UCCK3OZi788Ok44K97WAhLKQ,development,2
21,11829,50749,h9qL2oRKWL0,UCZNreSxdvd50nzMz5zkXg4w,test_reserved,
21,11830,50753,ooQcqlY7dLA,UCpamW3WJjX0CgjWGsBxIm2w,development,5
21,11831,50760,IqfgNdWGqMI,UC3vuLv1EXDUxS_UKLPFJVSA,development,2
21,11832,50768,9dYrQnstjF8,UCckltLEhFLv8Xz_lQhYfwmg,development,1
21,11833,50776,i9Fyknf06uA,UCzNxbzqN0to4GNb9otFuGJQ,development,4
21,11834,50779,if9duIaC1bc,UCCK3OZi788Ok44K97WAhLKQ,development,2
21,11835,50789,h7nytFgefmo,UCckltLEhFLv8Xz_lQhYfwmg,development,1
21,11836,50792,4p7qjvKx75w,UCCK3OZi788Ok44K97WAhLKQ,development,2
21,11837,50793,IgfR1cyRSK8,UCCK3OZi788Ok44K97WAhLKQ,development,2
21,11838,50795,u0AI0nMx-Nk,UCgooj1ufFuOk6GD2jq8CbdQ,development,1
21,11839,50796,LkBO7cVOr4c,UCcijXxFzSXgoM6q9cCtT9PA,test_reserved,
21,11840,50800,lRItushGN_s,UCDqy-V3qY-xtSmiRHlZIWWQ,development,5
21,11841,50806,pkX_MqCiECY,UCckltLEhFLv8Xz_lQhYfwmg,development,1
21,11842,50807,5oDfYa4yj-k,UC0nMJ3QNryBHZpy1P3Wamwg,development,4
21,11843,50809,MGbpxwtMz9E,UCGG2hIW0ZqagoM7__Gh2emw,test_reserved,
21,11844,50814,oEg6xWwLYAw,UCjCsmSR5ZZa2pgcjviTHfCA,test_reserved,
21,11845,50828,twxds58eQxg,UCcspHoBTj_aLhnJLwkMpWHQ,development,5
21,11846,50829,lgOQshl9Ol0,UCcspHoBTj_aLhnJLwkMpWHQ,development,5
21,11847,50831,bE9-_r7o9CU,UCy-3y3BEH8dFhPsNEnO74Vg,development,5
21,11848,50836,ms44or_V1AE,UCOtYyt7W5PmPnwQjWWF_Z-Q,development,3
21,11849,50837,Zwxi7wyfKNo,UCFGhJsc1ddSN8819LsMa90w,development,5
21,11850,50842,yvBhbJGDH-Q,UCOtYyt7W5PmPnwQjWWF_Z-Q,development,3
21,11851,50847,JM3eRL0PO7I,UCT83ymyAGm7Gnk_4ifxjxIA,development,4
21,11852,50850,yl24cymXuig,UCFjcr6UFdIYzdyD4sOjcUUA,development,2
21,11853,50851,ylSr8iGXrxA,UCKROiSW5K8o4GiJuK6Cp_hA,test_reserved,
21,11854,50863,MXWqW1E1k84,UCckltLEhFLv8Xz_lQhYfwmg,development,1
21,11855,50868,TOlfPOSsqJ8,UCCK3OZi788Ok44K97WAhLKQ,development,2
21,11856,50885,VFwINzhQyvs,UCCK3OZi788Ok44K97WAhLKQ,development,2
21,11857,50886,rj-HMPXHv0Q,UCAH7R88V7gz7RqJv78nNOzg,development,3
21,11858,50887,wlfGb89L-P0,UC1YGPDtctHGJWW0NrlQVklw,test_reserved,
21,11859,50892,LMKpm45pano,UCgm1AkjIpLGAoBDdCPx1tMQ,development,5
21,11860,50902,mFCDDCdzKak,UCXm0FsS7PXy0w5HeOkYMi7Q,development,5
21,11861,50911,3ztEaOtjcao,UCKuDeSAQOkDnBpiSa0gJN0A,test_reserved,
21,11862,50913,zrQcUyaxDzw,UCix7C1KG_SPtiMXommMExNg,development,4
21,11863,50914,brLAga-O4bQ,UChJFPdvtzyTPxMAysD4FX-w,development,3
21,11864,50917,LFoo0QHi_Vc,UC0tV1b7IFEXFUUILF7mAcWw,development,2
21,11865,50920,S-Kq1KxaZzU,UCOtYyt7W5PmPnwQjWWF_Z-Q,development,3
21,11866,50924,PsNRzNMuh9U,UCbS_glb2N1NVTrDLVryRbng,development,4
21,11867,50925,vX8h68NzSDs,UCcijXxFzSXgoM6q9cCtT9PA,test_reserved,
21,11868,50935,1ob3uSgXWPk,UC_0KqdgCMvhbpYcp9JaqQRg,development,4
21,11869,50936,J-BHE8xm5Y4,UC0tV1b7IFEXFUUILF7mAcWw,development,2
21,11870,50943,iaZ1OJ_gcjo,UCc30sTBdN9LRSxEuHaXV_bQ,test_reserved,
21,11871,50947,Mq9Bz2WgzVU,UCA5xW2Ce7KT2AtxzDYDebCA,development,5
21,11872,50952,EfMBCiivKn4,UC1YGPDtctHGJWW0NrlQVklw,test_reserved,
21,11873,50960,-9okpl756Mc,UCCK3OZi788Ok44K97WAhLKQ,development,2
21,11874,50961,KeeKt6rIkv4,UCRN8vYHIjLnALfaBCtXfKsQ,development,4
21,11875,50963,YrG1LLWG100,UCPreI9vioVpVEuSW6g95kFQ,development,2
21,11876,50966,YGrdCSMWYhU,UCckltLEhFLv8Xz_lQhYfwmg,development,1
21,11877,50971,9DnyzFt1e9g,UCn0XmAUFv6d2tofMFEesSNw,development,5
21,11878,50972,gAjsrp_DQAA,UCVXCitEEweQox0oyIsJONrQ,development,3
21,11879,50974,zfF8Ya79OoM,UC1hcl0aIr9KtXA-Kiq9itqw,test_reserved,
21,11880,50978,P1JkfqESObw,UCAH7R88V7gz7RqJv78nNOzg,development,3
21,11881,50981,POgAG5zjqWw,UC1YGPDtctHGJWW0NrlQVklw,test_reserved,
21,11882,50988,d_H6WqHclaI,UCm8I2aLYgPm_gdzw4SSkiGg,development,3
21,11883,50989,s7uF3RY8fj8,UCZhOI6uSPZKDNMpRHePdvow,development,5
21,11884,50998,9JPqsdNaALg,UCbS_glb2N1NVTrDLVryRbng,development,4
21,11885,51005,ITrq8CivBuI,UCckltLEhFLv8Xz_lQhYfwmg,development,1
21,11886,51012,II8iE-mGJMU,UCcijXxFzSXgoM6q9cCtT9PA,test_reserved,
21,11887,51015,DQn-xnJyzkA,UCcspHoBTj_aLhnJLwkMpWHQ,development,5
21,11888,51016,5o2Ic8rhiCg,UCiAYv_QAosB-49bJbu3NM3A,test_reserved,
21,11889,51018,wfFGH044BCs,UC5lT7mnrszE3L2UdcpnFVhw,test_reserved,
21,11890,51023,BDS5jMV4zI4,UCh9qXeL8eP3Txra2908xksg,test_reserved,
21,11891,51025,RvlxZxZhuKI,UCpErRATj-Z4ux1lAtBhdfbg,development,5
21,11892,51028,IsXNi_bqK8k,UCJUkX37reZlCwikt91KuLNQ,development,3
21,11893,51029,YpmlRo0vCRY,UCckltLEhFLv8Xz_lQhYfwmg,development,1
21,11894,51036,b8rBplV5FQA,UCwsNWoSlQUyeWgbVQYZtLOA,development,3
21,11895,51040,5vSLSYWoI68,UCckltLEhFLv8Xz_lQhYfwmg,development,1
21,11896,51043,xy8EE1QQfyk,UCcbOsE5_4LEjtQi8X2PFxDw,development,3
21,11897,51045,yMhXCgUyxxo,UCr1DskOOC0p1agQs4jnkdNg,development,1
21,11898,51051,35gwv-BPtro,UCfxrtRajRgkbSCct-w7jErQ,test_reserved,
21,11899,51054,9WTdsIycm0k,UCCK3OZi788Ok44K97WAhLKQ,development,2
21,11900,51058,nB3w-NvzoGQ,UCgnFSj7jQffD5V5m05j4dPw,development,5
21,11901,51063,fW2HR38mAAs,UCy47MqJG4-jFTBfd1u6MDjQ,development,5
21,11902,51067,JTfd0tWxcew,UCjG1iw5WByPYVukngRcFVnA,development,1
21,11903,51068,vgQZIIWvLC0,UC2oGrNhMUyWu5yzEJ_j1PMA,test_reserved,
21,11904,51072,mqTm_EYwAOA,UCBf296-OhUNfaDbtcYQ4RQQ,development,2
21,11905,51086,CUcABTQM_io,UCcijXxFzSXgoM6q9cCtT9PA,test_reserved,
21,11906,51089,i0HjDHr4uvQ,UCMcbA7PGSiHNM1SqqTmKK9w,development,1
21,11907,51090,fSoYFWXxIKY,UCB3pmaew5i2Sp9LJe03BU8g,development,5
21,11908,51095,wSGvAkPY4Oc,UClmcdMeyewoxHEYb2XDjhJw,test_reserved,
21,11909,51098,nmIDYraNLjs,UCEItJuaZGCe0BlGzRKruP0A,development,5
21,11910,51100,9656KMOtdCs,UCpfrIJXRqOTx2kPVsUytO4Q,development,5
21,11911,51102,Vn8pP2XkAW4,UCaESx7Bdghv_UICcG1hBkcg,development,5
21,11912,51109,xzykGlc496A,UCuFZRnnDPMiwvyJVHhNP6og,development,5
21,11913,51113,65mlgsp7U6M,UCA5xW2Ce7KT2AtxzDYDebCA,development,5
21,11914,51114,rZ7YhcVaj8U,UCfgEc6wWBbVbj8ZNQLltioA,development,2
21,11915,51118,dcni9OwBlpM,UCNi9ygXyC_Tyeae5F_WEIPQ,development,3
21,11916,51119,3lL8NIzEw4I,UCdotiSNtLlS4qwDto9CdURA,development,2
21,11917,51121,xRSh8W1cJGs,UCGjZJ0TN1PlJIEwJXKNlm6w,development,5
21,11918,51126,io3AeLZEG-0,UCbS_glb2N1NVTrDLVryRbng,development,4
21,11919,51135,F5Oi_fSOGL4,UCOtYyt7W5PmPnwQjWWF_Z-Q,development,3
21,11920,51136,AHxhjECFkwQ,UCc30sTBdN9LRSxEuHaXV_bQ,test_reserved,
21,11921,51140,zmIdNrV_OwM,UCpfrIJXRqOTx2kPVsUytO4Q,development,5
21,11922,51143,9-zLB6vhBhs,UCn0XmAUFv6d2tofMFEesSNw,development,5
21,11923,51147,cUxj13Acf58,UCaESx7Bdghv_UICcG1hBkcg,development,5
21,11924,51152,Yf6fx02ydF8,UCFdCT7ZJCc9ax1yAqDCQPaA,development,1
21,11925,51154,sOsfbvTr2CA,UCckltLEhFLv8Xz_lQhYfwmg,development,1
21,11926,51156,WJrgkHQ7ugY,UC1YGPDtctHGJWW0NrlQVklw,test_reserved,
21,11927,51165,JTU9I0JzueU,UC8lKgUHo-2mSR5cRRXO9xow,development,3
21,11928,51166,NYbTARcXgG4,UCLNz9bgiJfM3ImTtYDOt8Ew,test_reserved,
21,11929,51168,3j9UbmU8eWE,UCOHyRrRuD2zGCkpuCAlyOyA,test_reserved,
21,11930,51171,doE_FLHB2I8,UCP2YhISU6q8pOw8fbS4NjTg,development,4
21,11931,51174,XNzC23cAyJA,UCPXSUKHTNc1_hnHuj-UiQWQ,test_reserved,
21,11932,51176,Wrnk6okQm6Y,UCofF1Whz-uMOt6JJAoHa9wQ,development,5
21,11933,51179,0tY_pLEPNAg,UCcijXxFzSXgoM6q9cCtT9PA,test_reserved,
21,11934,51180,bNxhxMazClU,UCIoyIVPZEfC2p0dQwAxGiEw,development,5
21,11935,51185,qDtbS5YKu-w,UCu_ocDeJ-wty_Y1IiittaBA,development,3
21,11936,51192,O9fgL9J03IQ,UCaszdCPv2DolWB2zmTDYPEA,development,5
21,11937,51193,GC1zE5_gviU,UC8ZmvQOUKiu6SmICTXzjFnA,development,2
21,11938,51195,zrqkDlSfY7Q,UC7di5zivMKpYOmhyhZ2nVvg,test_reserved,
21,11939,51198,A3YNSb27VWU,UCwzIrse37KIcAHqZtpaqOuA,development,2
21,11940,51203,G-On6AUDGdg,UC9mVbiRT4STi4TmCNJ89O9w,development,3
21,11941,51212,KE5OhgHCuAA,UCQTcNhAZidy1i9wwmdgf2Lw,development,4
21,11942,51221,kMFBYXjR-sc,UCmrLu4r89ykOzmtmbAeEklA,development,3
21,11943,51222,rfWzqTojFII,UCCK3OZi788Ok44K97WAhLKQ,development,2
21,11944,51231,uPKb4Qw8g2k,UCbR7juPwtP-bV_w0840ciYQ,development,4
21,11945,51232,1UFIx3hzmZw,UCqrqt9Egbp4Voh3iEUUoorw,test_reserved,
21,11946,51236,AhmCjt-__0U,UCLNz9bgiJfM3ImTtYDOt8Ew,test_reserved,
21,11947,51237,Gvv2FoHGBQ4,UCDqy-V3qY-xtSmiRHlZIWWQ,development,5
21,11948,51238,2jY0H1x7neA,UCdZRFHIhq7TpUNSLXRlt7rQ,test_reserved,
21,11949,51241,G0K0W_bmGaE,UCJeCtv0jJiNO9xt6R3SuMuw,test_reserved,
21,11950,51243,LrGuknfy_MM,UCCK3OZi788Ok44K97WAhLKQ,development,2
21,11951,51244,Hb7i17Tg88M,UCAH7R88V7gz7RqJv78nNOzg,development,3
21,11952,51250,OB9wi5nTZbc,UCZpPfCxvP6T9rCkDX3tQfOw,test_reserved,
21,11953,51255,HhOOvFMtnIA,UC0ZcZzDZe8x6-olaRR5-wYw,development,4
21,11954,51258,E0pPkB3ZVPw,UCQTcNhAZidy1i9wwmdgf2Lw,development,4
21,11955,51259,D4TQKusqHYU,UCgnFSj7jQffD5V5m05j4dPw,development,5
21,11956,51261,87EmZU4dero,UCLbLJNJZ4SAx_9vSEjRyN9w,test_reserved,
21,11957,51264,zt4X7bYbus0,UCOtYyt7W5PmPnwQjWWF_Z-Q,development,3
21,11958,51276,_PqqIN_NRVo,UCqrqt9Egbp4Voh3iEUUoorw,test_reserved,
21,11959,51277,-Qadm0F2huo,UCOtYyt7W5PmPnwQjWWF_Z-Q,development,3
21,11960,51279,_anX3c1eWOM,UCVfnhhDIkkBJ_1QyzCqeVDg,development,5
21,11961,51280,-iGiMFoLyvo,UCgnFSj7jQffD5V5m05j4dPw,development,5
21,11962,51281,KsUz-1Y5YeA,UCckltLEhFLv8Xz_lQhYfwmg,development,1
21,11963,51283,RvoRROiAAm8,UCCK3OZi788Ok44K97WAhLKQ,development,2
21,11964,51289,ZGtKsxkwUik,UCV_4W6LL-Iwh0UaT_B6exQg,development,3
21,11965,51290,ln2vcntxzAE,UCckltLEhFLv8Xz_lQhYfwmg,development,1
21,11966,51294,q8ai4It9sK4,UCgnFSj7jQffD5V5m05j4dPw,development,5
21,11967,51301,EFJSnuk_nFI,UCckltLEhFLv8Xz_lQhYfwmg,development,1
21,11968,51305,rPMjJGNM-oM,UCtVEiBn_-ezOpRkL2pNjXzA,test_reserved,
21,11969,51323,1ROv55NNet4,UCcijXxFzSXgoM6q9cCtT9PA,test_reserved,
21,11970,51326,KX7eEl7yMes,UCh9qXeL8eP3Txra2908xksg,test_reserved,
21,11971,51331,3qawsMBtuD4,UC0ZcZzDZe8x6-olaRR5-wYw,development,4
21,11972,51335,wtKF_qPyvcg,UCix7C1KG_SPtiMXommMExNg,development,4
21,11973,51336,qc7f3LiFtpE,UC-GRFwciK7JiP8T4tl0pftQ,development,3
21,11974,51339,BqidZX_ECwg,UCcbOsE5_4LEjtQi8X2PFxDw,development,3
21,11975,51340,th6U2F7Zu7c,UCcijXxFzSXgoM6q9cCtT9PA,test_reserved,
21,11976,51341,o9_A3Qcit_g,UCI3sRzrfKcpm_MKTYmo9lZg,development,5
21,11977,51343,q_DsIuEPP2Y,UCAH7R88V7gz7RqJv78nNOzg,development,3
21,11978,51346,wvXQw45AiUo,UCbS_glb2N1NVTrDLVryRbng,development,4
21,11979,51348,9x64HB8BOhA,UCckltLEhFLv8Xz_lQhYfwmg,development,1
21,11980,51358,x6i1yvN9Vvs,UCckltLEhFLv8Xz_lQhYfwmg,development,1
21,11981,51368,V4-QAFgEq2A,UCRDDfbYPHX_GUJ4lcQYTc8A,development,4
21,11982,51369,dqq1xxj2lQs,UCIKg0Ev6Vq2M7hU7bL_jHFQ,development,4
21,11983,51371,CtCxF2boU90,UCckltLEhFLv8Xz_lQhYfwmg,development,1
21,11984,51374,Z6LzRjv88kI,UCmqflTSJ6911aCrnaWIXxsA,development,2
21,11985,51381,QGqEcz9MpQ8,UC8lKgUHo-2mSR5cRRXO9xow,development,3
21,11986,51383,lZN7UbinoZo,UC_nFt7ialY-bZ-nUFwzY_hg,development,3
21,11987,51384,QFlMvtbLzKw,UCgnFSj7jQffD5V5m05j4dPw,development,5
21,11988,51389,Nt3CXbJWD5Q,UCTlLpPddpcW0ee6y4z9stKA,development,5
21,11989,51396,tKVaTbGBgXE,UCXLyL2Fg5DZouTYsYtRT0WQ,development,2
21,11990,51398,V7NF1RkCNI8,UC6MkngMDyobFNaXOZR0ukyQ,development,5
21,11991,51399,RYjRgywdOZE,UCP_mlkQcJaUoT0pnfsKiEAw,development,3
21,11992,51402,7R550hL5_hQ,UCCK3OZi788Ok44K97WAhLKQ,development,2
21,11993,51405,ehBmXt4CTxA,UCl-GjOkASrj8kHYl8ygReQQ,test_reserved,
21,11994,51421,zFA8HNBUhyE,UCMNaxF22tMr_rcNI5fkUkYw,development,1
21,11995,51422,5PRPeRlRzC0,UCmqflTSJ6911aCrnaWIXxsA,development,2
21,11996,51423,co3YFyh7QQI,UCx7lEnwLHxO9yPjOotGb-bA,development,3
21,11997,51426,hkCma3f9Yl4,UCCK3OZi788Ok44K97WAhLKQ,development,2
21,11998,51433,DmL3P5rOpaA,UClCjoJ0fs2RqaRTjukU1jQA,development,5
21,11999,51440,e8FjdwQKlvY,UCIQYzhtvJ9Ve8IlADFudn0g,development,3
21,12000,51443,V9Osd5Qc8TY,UCc30sTBdN9LRSxEuHaXV_bQ,test_reserved,
21,12001,51458,0ououT8HzOw,UCFGhJsc1ddSN8819LsMa90w,development,5
21,12002,51461,uOTguQNoXp8,UCckltLEhFLv8Xz_lQhYfwmg,development,1
21,12003,51465,omgFExFKoXc,UCUC1pfBWXr1hrdeJ5XpxUVA,development,5
21,12004,51471,Y_sIGnncuUY,UCPXSUKHTNc1_hnHuj-UiQWQ,test_reserved,
21,12005,51473,2rQDWe9JFqk,UC1CkcuwxCW_dIchuR0tTCJw,test_reserved,
21,12006,51476,fU7lDWSging,UCPXSUKHTNc1_hnHuj-UiQWQ,test_reserved,
21,12007,51478,dU3mVcIq5F8,UCAH7R88V7gz7RqJv78nNOzg,development,3
21,12008,51480,Dt2z_y-hMTg,UCCK3OZi788Ok44K97WAhLKQ,development,2
21,12009,51483,fIvcOVsEbaQ,UCq3WWAoJj0DOQC3G7ri1cug,development,3
21,12010,51485,NtLCYADihxc,UCaESx7Bdghv_UICcG1hBkcg,development,5
21,12011,51488,GYrWUA3rq74,UCP4Z7-uWZYIQBclex8M086A,development,3
21,12012,51493,UvnFZbW9Jy4,UCTmg1B8yhWyPTgGgPGGazMA,development,2
21,12013,51495,ddNGWo3E6fk,UCgoCbMJ4JnH0q40GofKZxVg,development,2
21,12014,51496,l1CduQfJFHo,UCILFY0DK2vcnnnTAgWrX-xw,test_reserved,
21,12015,51497,_FMYIX32FN4,UCI9B6cvPkauAUvfV2CvKMMQ,test_reserved,
21,12016,51503,NDNWOSCeFgM,UCCK3OZi788Ok44K97WAhLKQ,development,2
21,12017,51507,uR4bGN9ncqA,UCl4Y73ZM9g5mP5W489jHp3w,development,1
21,12018,51511,2jhbm1v8n8o,UCYweMykEAI5aaRztqrJuuAg,development,5
21,12019,51512,hYRZRNjTV6E,UCcijXxFzSXgoM6q9cCtT9PA,test_reserved,
21,12020,51516,kJSKDmssb5c,UC_Urg845xBIOarYXBx_Ko2w,development,5
21,12021,51521,2qxuZ9YqI1M,UCpfrIJXRqOTx2kPVsUytO4Q,development,5
21,12022,51523,fyqus_525QI,UCPXSUKHTNc1_hnHuj-UiQWQ,test_reserved,
21,12023,51531,O19UWID1L2M,UClKD6E6fDdor11ySgDxrjIQ,development,4
21,12024,51533,V3yZrHN0_BI,UCm248csRxRJwhqVQ8fsHrCw,development,2
21,12025,51546,qq0QvcJTFvc,UCAeBFsK2bmm5lkgy90uFiqw,development,4
21,12026,51547,OsG7TV4FMnI,UCckltLEhFLv8Xz_lQhYfwmg,development,1
21,12027,51549,cOWNMs54FcY,UCVqfoMNwM8SIpL6BMGTZbcA,development,1
21,12028,51550,_A66jmvmglQ,UCOtYyt7W5PmPnwQjWWF_Z-Q,development,3
21,12029,51551,xUFkODaLJqM,UCbS_glb2N1NVTrDLVryRbng,development,4
21,12030,51552,GdkzeUGFN3s,UCbS_glb2N1NVTrDLVryRbng,development,4
21,12031,51558,nDiAgjsgdBo,UCr5BVR_ePEz_9V-KF5rSEmQ,development,2
21,12032,51567,o3v3rXTU38o,UCckltLEhFLv8Xz_lQhYfwmg,development,1
21,12033,51571,zLPeDGGjVu8,UCRDDfbYPHX_GUJ4lcQYTc8A,development,4
21,12034,51575,hsbLGmarG3o,UCXWZGzBJjw0VUPU3Em5gFlQ,development,5
21,12035,51577,04kOl-YLIuM,UCKIAuvwMPOv0uVrGdGS2V7w,development,2
21,12036,51578,ifYNRm7h9qY,UCofF1Whz-uMOt6JJAoHa9wQ,development,5
21,12037,51584,HZ8RrnTDj2M,UCpRgfr4_Eax0HHa2rwkRQ2w,development,5
21,12038,51585,OkuEqd7ZgIo,UCsAPX_-Yu9O_3dJu0aUj_BA,test_reserved,
21,12039,51587,kKDb1UUQn8I,UCckltLEhFLv8Xz_lQhYfwmg,development,1
21,12040,51591,2mjMr_vXBw0,UCqrqt9Egbp4Voh3iEUUoorw,test_reserved,
21,12041,51593,RaRw4ElPl1M,UCCK3OZi788Ok44K97WAhLKQ,development,2
21,12042,51597,VpGKB6cb-Ho,UCCK3OZi788Ok44K97WAhLKQ,development,2
21,12043,51598,Wff97vGkupg,UCCK3OZi788Ok44K97WAhLKQ,development,2
21,12044,51600,DrVk1BJuAUw,UCYweMykEAI5aaRztqrJuuAg,development,5
21,12045,51601,hKTV158nhM8,UCPfU0uygBGutjaaJU5PpEvg,development,2
21,12046,51602,NzIWQUJWjYs,UC4hd4Gkr9VXuyMUvWNn1lEw,development,4
21,12047,51604,yIvkh6HMrxo,UCXozlWD-wtlZeWkC5Cl-oGQ,development,1
21,12048,51614,FnNM9BhrHnw,UCf2Iar2LDcFaSCnVH1ZMUkA,development,3
21,12049,51626,oP-zwWVATQo,UCjm7vbOwssao7Bhm9wX3-bw,development,5
21,12050,51631,uVl2dqdj82A,UCRjMnDOSBcoYlWHFLcHJAKA,development,4
21,12051,51636,aMjzB1rsVfE,UCkagcQYGoYFuXsUg-ObSL6A,test_reserved,
21,12052,51637,uE493cfaR3s,UCckltLEhFLv8Xz_lQhYfwmg,development,1
21,12053,51644,-cvgtB4VeB8,UCy_k21fgkkC-02_heI6enaQ,test_reserved,
21,12054,51645,UcLzZCK8oSg,UC7SpeEKCvhjtxa4VX2sHA1Q,development,1
21,12055,51647,WIYLwsmCbbc,UC0nMJ3QNryBHZpy1P3Wamwg,development,4
21,12056,51650,IeXzHL2cpeg,UClcIQJ6q-HsROoyWms8B8tg,development,2
21,12057,51653,uXZ-yNszcxQ,UC6kLehpqRT0Wm8eBMMSbH2Q,test_reserved,
21,12058,51655,ZLr4MaJ8RQs,UCyaBLWehN3TJHneic-3IJBQ,development,1
21,12059,51656,DXZOhm-Zqt8,UCvZpRt_4T2NlC9111RxNBug,development,1
21,12060,51664,rZLz3oFhZT8,UCmqflTSJ6911aCrnaWIXxsA,development,2
21,12061,51675,fAOV0MiR2Jc,UCuTgmLxqarTxuBU5ARMYUNQ,test_reserved,
21,12062,51679,4a4Me5HIlsA,UCPXSUKHTNc1_hnHuj-UiQWQ,test_reserved,
21,12063,51690,NMjjU6L7luE,UCEWXUrJx9ufOtbQH5VRoVzg,test_reserved,
21,12064,51691,b7tIzpBBuyE,UCCK3OZi788Ok44K97WAhLKQ,development,2
21,12065,51692,mP3IynfZios,UCQTcNhAZidy1i9wwmdgf2Lw,development,4
21,12066,51695,eKPl8YP89X0,UCLuP7ROjaueiuNbzrvPqXSQ,development,2
21,12067,51703,dYlLDzcVpoU,UC0MnP2Iso6enxaJTBZ3_nJw,development,1
21,12068,51704,UVGCOH77IYo,UCdlAf8MopMHj-sDMAJ_CW2g,test_reserved,
21,12069,51706,EYS_-Lz-U2c,UCLA8Ovy_NPAwMWvr8IEDquw,development,4
21,12070,51709,Z2B0ibIdry8,UC1YGPDtctHGJWW0NrlQVklw,test_reserved,
21,12071,51711,mBp-3cI_jQ0,UCckltLEhFLv8Xz_lQhYfwmg,development,1
21,12072,51713,Qd_WsVnI40E,UCzgulWhQxnu2pcubyHzc6yw,development,3
21,12073,51714,1KSim0bjLDI,UC7di5zivMKpYOmhyhZ2nVvg,test_reserved,
21,12074,51715,HRKvC1eTKaA,UCoYoYVojg-QGFH7VyKMpB8w,development,2
21,12075,51716,9DMED9qfh1w,UCgnFSj7jQffD5V5m05j4dPw,development,5
21,12076,51717,SQsYe8n5WEw,UCUzsesaP5G628WVuqEckF8w,development,1
21,12077,51727,FuixAVieQpI,UCcbOsE5_4LEjtQi8X2PFxDw,development,3
21,12078,51736,pmwbAtHG8dE,UCCDDsanm6kVSg-eiNiO8hiA,test_reserved,
21,12079,51739,lwJfdYyQ5m0,UCqrqt9Egbp4Voh3iEUUoorw,test_reserved,
21,12080,51741,ODJkU6Hr62I,UCcwCsuV7bOpTfqf2UvLfYmg,development,4
21,12081,51743,0a2bhVyeu4A,UC7mhtAaF1ESJgCozpoS2lcQ,development,2
21,12082,51745,Mj-SQnNUyQI,UCckltLEhFLv8Xz_lQhYfwmg,development,1
21,12083,51746,-Umkme6xlfc,UCJ44oEtQ4TUPUbVS6hLI9Hw,development,2
21,12084,51749,g-Y3w-2gD-8,UCpRgfr4_Eax0HHa2rwkRQ2w,development,5
21,12085,51757,3tzUBP5u9IQ,UCCK3OZi788Ok44K97WAhLKQ,development,2
21,12086,51759,3XrNPWuZ3wI,UCLwwxYXhMc1fCIAnaO8nYrQ,development,5
21,12087,51762,7qqkbJYhfiY,UCGyG2Xkr4xR73xgQMXNi8_g,development,2
21,12088,51764,i5uBX5gv2rM,UCMW_Sgzlaezz3MHg3BtgKbw,development,4
21,12089,51766,3uekR2BT2Z0,UCCK3OZi788Ok44K97WAhLKQ,development,2
21,12090,51776,pFtLnvt_BJo,UCbS_glb2N1NVTrDLVryRbng,development,4
21,12091,51778,90w7xS18Hsg,UCc30sTBdN9LRSxEuHaXV_bQ,test_reserved,
21,12092,51780,a9gbX4NA0a4,UC8ZRk92Ov4Mj3dXpxVkgQww,development,5
21,12093,51781,B6BQVYexuU0,UC-GRFwciK7JiP8T4tl0pftQ,development,3
21,12094,51783,NvuCxGwP9OE,UCbR7juPwtP-bV_w0840ciYQ,development,4
21,12095,51784,3iqbVPpTVV0,UCckltLEhFLv8Xz_lQhYfwmg,development,1
21,12096,51788,Pt8FfvKKkkI,UCd-gmzevnJBe9jHuNDMrI0w,development,1
21,12097,51801,7hmlS3PV_8s,UCB3pmaew5i2Sp9LJe03BU8g,development,5
21,12098,51810,K9aDWDLh2W8,UCOtYyt7W5PmPnwQjWWF_Z-Q,development,3
21,12099,51814,RQ1mHQDty7Q,UC8rcDufKZ3W6CtZU69CtMXg,development,3
21,12100,51818,f0zrXP9OHj8,UCckltLEhFLv8Xz_lQhYfwmg,development,1
21,12101,51819,0UPuZ_q6o_I,UCOtYyt7W5PmPnwQjWWF_Z-Q,development,3
21,12102,51822,3ec19OE-Ybw,UCc30sTBdN9LRSxEuHaXV_bQ,test_reserved,
21,12103,51824,CKzsszi7nXM,UCAeBFsK2bmm5lkgy90uFiqw,development,4
21,12104,51826,11GHoTeeP4E,UClNX00LvziLlfJ_trtu8llQ,development,1
21,12105,51829,DeZ2CJXFwKo,UCAH7R88V7gz7RqJv78nNOzg,development,3
21,12106,51834,4s2j0AK-Kgc,UCCK3OZi788Ok44K97WAhLKQ,development,2
21,12107,51842,5kxI5pppMDY,UCb40_0KiNkoXo5KAmV3WRlA,development,1
21,12108,51843,lmX_97Scvhk,UCNJq7z4rYDfvXvgWKt6KOvw,test_reserved,
21,12109,51846,lSKnLGn6N20,UCckltLEhFLv8Xz_lQhYfwmg,development,1
21,12110,51847,bbBhR8acezg,UCZpPfCxvP6T9rCkDX3tQfOw,test_reserved,
21,12111,51855,aQE-Obg7feM,UC8MegDkaJsqK63fwbOjBLzw,development,2
21,12112,51860,va03QsZAam8,UCbR7juPwtP-bV_w0840ciYQ,development,4
21,12113,51863,eS3aSgatENc,UCRN8vYHIjLnALfaBCtXfKsQ,development,4
21,12114,51869,ygp8YgZ6b-0,UCaESx7Bdghv_UICcG1hBkcg,development,5
21,12115,51872,HVYD6gJqlsc,UCU698FK0A1JkE2VADC4fQlA,development,3
21,12116,51878,M6k3DCQzNXA,UCgnFSj7jQffD5V5m05j4dPw,development,5
21,12117,51879,BUAhqV__btA,UC7SpeEKCvhjtxa4VX2sHA1Q,development,1
21,12118,51884,d15_b8Nlrzs,UCcijXxFzSXgoM6q9cCtT9PA,test_reserved,
21,12119,51889,JJn40_g-GJs,UCCK3OZi788Ok44K97WAhLKQ,development,2
21,12120,51892,djRDwrdLEUo,UCkagcQYGoYFuXsUg-ObSL6A,test_reserved,
21,12121,51894,ZYirmekP1Rs,UC_K3CNn5jlFvgCx7cpKiCYA,development,1
21,12122,51900,EIczPJcyx9k,UCAH7R88V7gz7RqJv78nNOzg,development,3
21,12123,51904,xiMaoIj5wYA,UCaESx7Bdghv_UICcG1hBkcg,development,5
21,12124,51910,7yS-QwYBGlI,UCOupsF9ZsNIg_NybXseZaQg,development,5
21,12125,51915,4cjz45g2S-Q,UCHT6F9HJ9DtLUjTOH16yg6g,test_reserved,
21,12126,51916,amrFGiVefZI,UCCK3OZi788Ok44K97WAhLKQ,development,2
21,12127,51919,QS3LGYqnAmA,UC5aaFB81qNsqcSKP5adSeqA,test_reserved,
21,12128,51927,HQJAiOncS1Q,UCSfmHr5cQvlVKR2f6p8T01w,development,5
21,12129,51928,GANkc4oY5lg,UC1YGPDtctHGJWW0NrlQVklw,test_reserved,
21,12130,51933,EG4w5waFNtw,UC-GRFwciK7JiP8T4tl0pftQ,development,3
21,12131,51935,0ZRjh34NUoU,UC1YGPDtctHGJWW0NrlQVklw,test_reserved,
21,12132,51939,g59t0AoG2n4,UCckltLEhFLv8Xz_lQhYfwmg,development,1
21,12133,51941,_ruJEQmmqtg,UCckltLEhFLv8Xz_lQhYfwmg,development,1
21,12134,51945,5wvt0ieHCYQ,UCfQzTP1jc7JXj8hYtG31osw,development,2
21,12135,51946,IP93QwTtwPc,UCCK3OZi788Ok44K97WAhLKQ,development,2
21,12136,51948,3TkvH5ZmglM,UC5-n2dfksESEt3ATmM6Uujw,development,4
21,12137,51959,Dtcdpoo77y0,UCRHYFnWL0aYTQ9qmvfZnUxg,test_reserved,
21,12138,51969,R_DZ9mvRRA4,UCcijXxFzSXgoM6q9cCtT9PA,test_reserved,
21,12139,51972,xuD8qUSDXjI,UCFT4DBU0rueVksywB2DKhXQ,development,5
21,12140,51974,7Of-L_VhiZY,UCCK3OZi788Ok44K97WAhLKQ,development,2
21,12141,51976,TeUOIbiCuIs,UC1YGPDtctHGJWW0NrlQVklw,test_reserved,
21,12142,51978,RfbQuml_SjM,UCOtYyt7W5PmPnwQjWWF_Z-Q,development,3
21,12143,51979,02gEb58WmWk,UCJldNcTDOhcfgXJqAj-rN7A,development,3
21,12144,51980,I7zjGg7QPhE,UC3tvYy-s84yySG7V85jRDnA,development,4
21,12145,51981,BPeXtK1HFgA,UCizY5U-GpEdZXFsSbIUIogQ,development,3
21,12146,51985,oztqeJ4ncm8,UCaESx7Bdghv_UICcG1hBkcg,development,5
21,12147,51989,p6aPw2dLCXQ,UCckltLEhFLv8Xz_lQhYfwmg,development,1
21,12148,51990,93SL2tJFYbA,UCckltLEhFLv8Xz_lQhYfwmg,development,1
21,12149,51995,cAJ3WJX5eCU,UCCK3OZi788Ok44K97WAhLKQ,development,2
21,12150,51999,Oq0O4FcMllw,UCcijXxFzSXgoM6q9cCtT9PA,test_reserved,
21,12151,52001,KIsQTFA3phQ,UCwsNWoSlQUyeWgbVQYZtLOA,development,3
21,12152,52002,xFeYIfa4pdw,UCFjPN4qKreAn3tB36QMYiRA,development,2
21,12153,52006,LqR-sbFfnQo,UCvyalhna2_BckncYWdeqcwQ,development,2
21,12154,52009,PCJ43yV3G8g,UC0OZK8ewkjrXXFwzQLcOXHg,development,5
21,12155,52012,TWMAz-luaJE,UCCK3OZi788Ok44K97WAhLKQ,development,2
21,12156,52016,P53iKVAXq94,UCEa6e_J_Xs_GKCzG8Eq15Xw,test_reserved,
21,12157,52022,UrKD7AMWBwg,UCckltLEhFLv8Xz_lQhYfwmg,development,1
21,12158,52031,Z0kvCcDnWqs,UCs8-XMlV1sdA56cHlQAgzdg,test_reserved,
21,12159,52034,E3pZLmTwIlc,UCaESx7Bdghv_UICcG1hBkcg,development,5
21,12160,52035,P5ZeG3O2VLQ,UC_K3CNn5jlFvgCx7cpKiCYA,development,1
21,12161,52036,TpldO_0KGZw,UCRDDfbYPHX_GUJ4lcQYTc8A,development,4
21,12162,52037,N0dXLhN682w,UC8ZmvQOUKiu6SmICTXzjFnA,development,2
21,12163,52039,ir353fn8Lnc,UCReF_78PPPdU7kKodNtBwMg,development,3
21,12164,52041,vl0rP_ifdDk,UChDDErhFN18hQ-NifYMMbVA,development,4
21,12165,52044,YyPubzMdhXw,UCw6-MbidLyoWQlvb9FFz5xQ,development,3
21,12166,52047,n5Wm0gE1rxE,UCW_dWq1AfuNLqbZuoc6_Clg,test_reserved,
21,12167,52057,_zDJY4c_SAA,UChiooF2byqPuqvdvPZj7owQ,development,4
21,12168,52061,Yms2RE_nG9w,UCQTcNhAZidy1i9wwmdgf2Lw,development,4
21,12169,52062,zZS_IGWoP44,UCekdpdajQ1JyGxUbmsN7nNA,development,1
21,12170,52063,-cWJJjiBXHk,UCOtYyt7W5PmPnwQjWWF_Z-Q,development,3
21,12171,52069,87fWkAMhdCE,UC2sO_F_Ky4LIAUtSJYXqBDA,test_reserved,
21,12172,52070,9D8qCvX16F4,UCF11-Puqxb0jdeWNc7F_Fcw,development,1
21,12173,52078,PJSHL363CBY,UCCK3OZi788Ok44K97WAhLKQ,development,2
21,12174,52080,lDoP8BpYR5A,UCmwIKQQjwpjNT8OQ_VZuRfg,test_reserved,
21,12175,52084,9qQTd8DXt8A,UCAH7R88V7gz7RqJv78nNOzg,development,3
21,12176,52097,oDBdIooT8ME,UCOtYyt7W5PmPnwQjWWF_Z-Q,development,3
21,12177,52104,kZe8AzsAlcs,UCrhkgHTUdZXbCd69TNuQuMg,development,2
21,12178,52108,ab1UC_vh3Wc,UCckltLEhFLv8Xz_lQhYfwmg,development,1
21,12179,52109,h8HyfnRf5XE,UCUnPyz9Zu480oqfO9n_RDiA,development,1
21,12180,52110,dDWyN2-cqPM,UCn6YTM3fvYdwCOHpdNJBOeg,development,4
21,12181,52134,W8Uva0Ys2s4,UCOiMY00_ZLijPF6InrCl0TA,development,4
21,12182,52137,zl52pnESCpU,UCcijXxFzSXgoM6q9cCtT9PA,test_reserved,
21,12183,52143,nTrB2W6iwFY,UCcijXxFzSXgoM6q9cCtT9PA,test_reserved,
21,12184,52144,uchnPsMcvOQ,UCgXtlvhFq4vzq8IKUBBTKYw,development,2
21,12185,52146,Et5g9H3rq2Q,UCwsNWoSlQUyeWgbVQYZtLOA,development,3
21,12186,52152,Vdv3WzJLpo0,UCCK3OZi788Ok44K97WAhLKQ,development,2
21,12187,52164,HApLnUerT00,UCe13xXtdfx_n0_z1qeXV6_g,development,5
21,12188,52168,3L-9mXFw5PM,UCbS_glb2N1NVTrDLVryRbng,development,4
21,12189,52175,9T1Fk95MG80,UCTWJG6nS2y6e3ETGBavoIyw,test_reserved,
21,12190,52178,-4ueqrExl5E,UC1YGPDtctHGJWW0NrlQVklw,test_reserved,
21,12191,52182,MHHyb0vPs4A,UCOtYyt7W5PmPnwQjWWF_Z-Q,development,3
21,12192,52187,YrJp1NPEwXQ,UCn0XmAUFv6d2tofMFEesSNw,development,5
21,12193,52195,HF2-jnXv7Fo,UCckltLEhFLv8Xz_lQhYfwmg,development,1
21,12194,52200,otVlNi_OTXg,UCCK3OZi788Ok44K97WAhLKQ,development,2
21,12195,52209,Q70fijkWfHo,UCbS_glb2N1NVTrDLVryRbng,development,4
21,12196,52214,L053Da_7EYk,UCaESx7Bdghv_UICcG1hBkcg,development,5
21,12197,52219,tVDPaPyeuf4,UCgnFSj7jQffD5V5m05j4dPw,development,5
21,12198,52224,Wzs6gzkI0mA,UCv28xURTYOApw2GsurpATSg,development,5
21,12199,52225,gMPh3rK5MI4,UCbS_glb2N1NVTrDLVryRbng,development,4
21,12200,52231,uJE1iy1oRZc,UCcijXxFzSXgoM6q9cCtT9PA,test_reserved,
21,12201,52238,5tI6sKMOgXk,UC8lKgUHo-2mSR5cRRXO9xow,development,3
21,12202,52242,xL37xUIujgw,UCV-q7cRK5yFYEFzWuoQOmQQ,development,5
21,12203,52246,l0LKkv_Z8_A,UCgnFSj7jQffD5V5m05j4dPw,development,5
21,12204,52251,4vT8IUJlOUk,UCqrqt9Egbp4Voh3iEUUoorw,test_reserved,
21,12205,52256,83zMhc0sy5A,UCaESx7Bdghv_UICcG1hBkcg,development,5
21,12206,52262,uCQ2VGNZZIw,UCj1dU6sfWVtm1AeD1yT7iFQ,test_reserved,
21,12207,52275,UMj5WxiOZuo,UCcijXxFzSXgoM6q9cCtT9PA,test_reserved,
21,12208,52276,rC7xoEVdx_0,UCBkEIYKUPw_d06rAFuJfTVQ,development,4
21,12209,52277,aUcj6UtCRT8,UCbS_glb2N1NVTrDLVryRbng,development,4
21,12210,52278,kK1Sa96lExU,UCrcATWZGF_p53r38i6VK0eA,development,5
21,12211,52279,yXzshcak6tI,UCmqflTSJ6911aCrnaWIXxsA,development,2
21,12212,52281,McFJkDXf5yw,UCOtYyt7W5PmPnwQjWWF_Z-Q,development,3
21,12213,52282,Qdf-nuuQ5co,UC9fPHWAjuWcR0cyXvX6MWrg,test_reserved,
21,12214,52283,IFq3hgdhn0w,UCgy5luu86OLBeugp27Tnddw,test_reserved,
21,12215,52288,W8z7Uc86PPk,UCs_mHlm5_C82W5WCIJaSMbQ,development,3
21,12216,52297,f4aZ2CN-zvk,UCaESx7Bdghv_UICcG1hBkcg,development,5
21,12217,52302,rEoWnk1nais,UCIi-sp4cticvdmHAodPeyvw,development,1
21,12218,52303,m9IVNpEWTYo,UCOtYyt7W5PmPnwQjWWF_Z-Q,development,3
21,12219,52305,fTgSyOOibZQ,UCpErRATj-Z4ux1lAtBhdfbg,development,5
21,12220,52315,rbdyqOg2r_c,UCOtYyt7W5PmPnwQjWWF_Z-Q,development,3
21,12221,52320,JXw8t41rcr4,UCbS_glb2N1NVTrDLVryRbng,development,4
21,12222,52323,A8TdzM9UGvs,UCcMQKrccZ9c0_GNyXWo8jLg,development,3
21,12223,52324,jjWVMNARDdg,UCgnFSj7jQffD5V5m05j4dPw,development,5
21,12224,52326,TN94YWRE9Lc,UCnRg3w-mhthPX-3Wa1cAKDQ,development,3
21,12225,52328,7wO_lmnr89U,UCckltLEhFLv8Xz_lQhYfwmg,development,1
21,12226,52338,88L5hRBGYdg,UCbS_glb2N1NVTrDLVryRbng,development,4
21,12227,52340,1DQVvwdwNKo,UCg17nAWKuBa0V1XkluzYbaQ,development,1
21,12228,52342,m2RHlI4UMiA,UC1YGPDtctHGJWW0NrlQVklw,test_reserved,
21,12229,52345,p8gldpBKVx4,UCQTcNhAZidy1i9wwmdgf2Lw,development,4
21,12230,52349,tJxUWK9sLqg,UCpfrIJXRqOTx2kPVsUytO4Q,development,5
21,12231,52351,Z2qQrc8JG7o,UCckltLEhFLv8Xz_lQhYfwmg,development,1
21,12232,52352,Yc8rVoM_VSE,UCkD2Gixzde52jx1XspNvrBw,test_reserved,
21,12233,52353,zkgOyoY0LfM,UCrVFS_0PdV7AwyTgR13IcVg,test_reserved,
21,12234,52359,5ekBybHAuq8,UCpKHQzqFn8VhNKQVCNp2M1g,development,5
21,12235,52361,ymvp8aLqLKY,UCbS_glb2N1NVTrDLVryRbng,development,4
21,12236,52366,9z6x7P_EqzI,UCRB8mrLCcwTPlJOMUy9MDUg,development,2
21,12237,52367,YoCaytKnbHg,UCuTgmLxqarTxuBU5ARMYUNQ,test_reserved,
21,12238,52373,MZpCVJRV9eI,UCCK3OZi788Ok44K97WAhLKQ,development,2
21,12239,52381,Dmx5vQdm7M8,UCbS_glb2N1NVTrDLVryRbng,development,4
21,12240,52383,xdzv7dWnOy8,UCUnPyz9Zu480oqfO9n_RDiA,development,1
21,12241,52390,GazrLiO12HE,UCA2bFNmvfzZLOIAvPwNQgPQ,development,3
21,12242,52393,LwYK4Btejd8,UC9SgyReu4QufMUTFhZYYEMw,development,1
21,12243,52398,kJA0lR3nzt0,UCI9B6cvPkauAUvfV2CvKMMQ,test_reserved,
21,12244,52400,Ycyqk-DnDV8,UCc30sTBdN9LRSxEuHaXV_bQ,test_reserved,
21,12245,52409,YGi3KFL6iqI,UChwjz-THeefGm2mSbYB37Wg,development,2
21,12246,52411,7QGUymlvSdU,UCq3WWAoJj0DOQC3G7ri1cug,development,3
21,12247,52412,vYyb2Av9bs0,UCaIc6SgS90ud_RgMSC6hW_w,development,3
21,12248,52414,8gFph-sz0rI,UCLuP7ROjaueiuNbzrvPqXSQ,development,2
21,12249,52418,0KBIpahAuoE,UCLy64UBR8cH9BPUuf1sM6DQ,development,3
21,12250,52420,pfPE5f2Uu00,UCOtYyt7W5PmPnwQjWWF_Z-Q,development,3
21,12251,52423,oKCojYFlg2I,UCckltLEhFLv8Xz_lQhYfwmg,development,1
21,12252,52424,XMixm602y4c,UCf2Iar2LDcFaSCnVH1ZMUkA,development,3
21,12253,52427,rMI7teSe6zM,UCAKAcMWVANp_qXgWKlXMCFA,development,3
21,12254,52429,phLwWqHfItU,UC8lKgUHo-2mSR5cRRXO9xow,development,3
21,12255,52431,LP_L5BjWpJI,UCVU09OJkBIHZTGb-acbajoQ,development,4
21,12256,52432,CQzOAp-Yocs,UCaIc6SgS90ud_RgMSC6hW_w,development,3
21,12257,52452,g3kLn0Tq4U8,UCbS_glb2N1NVTrDLVryRbng,development,4
21,12258,52456,m-gprCmkKs0,UCcijXxFzSXgoM6q9cCtT9PA,test_reserved,
21,12259,52458,CUwZP102sgU,UC1YGPDtctHGJWW0NrlQVklw,test_reserved,
21,12260,52461,qqASNadGe5g,UC8lKgUHo-2mSR5cRRXO9xow,development,3
21,12261,52465,ZTJIrqlfK6o,UCaESx7Bdghv_UICcG1hBkcg,development,5
21,12262,52466,ZzjiDtifZVQ,UCuTgmLxqarTxuBU5ARMYUNQ,test_reserved,
21,12263,52467,li3WqA4K_wo,UC5-n2dfksESEt3ATmM6Uujw,development,4
21,12264,52470,EUQzgg0LPFs,UCCK3OZi788Ok44K97WAhLKQ,development,2
21,12265,52475,tStfl7JoLF8,UCQTcNhAZidy1i9wwmdgf2Lw,development,4
21,12266,52477,gjKs4UzrR_Q,UCNFDDKoTezuSWbIjjHA76xQ,development,3
21,12267,52481,uQfkp7_FOzM,UCqK3dBCdroLoJixIyuog5Ag,development,2
21,12268,52482,6c4qpujcbgc,UCn0XmAUFv6d2tofMFEesSNw,development,5
21,12269,52483,h77of_cu6Ag,UC944GuW0gSM0srEsZSZRQEQ,test_reserved,
21,12270,52486,hOayHuInXk8,UCgdaUnUmkHDpYCU0w2pR7Rw,development,3
21,12271,52487,eIFf7QRGLLk,UCzeBunsQThQMJuN7ldtbeRA,development,1
21,12272,52489,75RCmkhTxes,UCRHYFnWL0aYTQ9qmvfZnUxg,test_reserved,
21,12273,52490,VMUA2QULEmw,UCcijXxFzSXgoM6q9cCtT9PA,test_reserved,
21,12274,52491,Q_GLQBOktRU,UCKrtxx7ukDTuCSvLBiUIt8A,development,2
21,12275,52495,QM182wRVEvU,UC_hR1wSDcKjBRTlKtp6LK1A,development,3
21,12276,52496,AnPSEdck5VU,UCckltLEhFLv8Xz_lQhYfwmg,development,1
21,12277,52498,rocN7FHW-0U,UCCK3OZi788Ok44K97WAhLKQ,development,2
21,12278,52502,CC6dSaM6g78,UCDqFysWGVtduHRyawK8oJkw,development,1
21,12279,52507,djkpXzOfJGw,UCUzsesaP5G628WVuqEckF8w,development,1
21,12280,52509,NP-xO3B8Vlo,UCOHyRrRuD2zGCkpuCAlyOyA,test_reserved,
21,12281,52510,uoxnv3RWbhQ,UCckltLEhFLv8Xz_lQhYfwmg,development,1
21,12282,52514,rE-TNGCvcQU,UCcg4tDKgPLIc_x3lhWdogLg,development,3
21,12283,52523,FurgO6e2fms,UC7jNYrQQr_GnMWLe6bGRi2A,development,4
21,12284,52526,AKIuP4KhccQ,UCaszdCPv2DolWB2zmTDYPEA,development,5
21,12285,52529,Irun87z4rVQ,UCCK3OZi788Ok44K97WAhLKQ,development,2
21,12286,52535,XdFk3Ia7UHA,UCbS_glb2N1NVTrDLVryRbng,development,4
21,12287,52539,D8VohGNgi_M,UCOtYyt7W5PmPnwQjWWF_Z-Q,development,3
21,12288,52541,D0Xnf_IZBwM,UCcbOsE5_4LEjtQi8X2PFxDw,development,3
21,12289,52547,i9YbhUGRv1w,UCRDDfbYPHX_GUJ4lcQYTc8A,development,4
21,12290,52555,Iq_wDtd6GAY,UCcijXxFzSXgoM6q9cCtT9PA,test_reserved,
21,12291,52557,1XhQkQmhSNI,UC4-OGkz_qi4h59w_HeqwYjg,development,4
21,12292,52564,ddh0URlUVdA,UC0tV1b7IFEXFUUILF7mAcWw,development,2
21,12293,52570,4soTWnuWGoI,UCmqflTSJ6911aCrnaWIXxsA,development,2
21,12294,52571,-lTZtfD247w,UC8ZmvQOUKiu6SmICTXzjFnA,development,2
21,12295,52578,la_u2HAAYas,UCqODKKfku8auksmekzE6X0Q,test_reserved,
21,12296,52580,AsKgTJQ-zlc,UCOtYyt7W5PmPnwQjWWF_Z-Q,development,3
21,12297,52584,8IKYjVrArw8,UCt1uMmva5HBK0qu1hTGGvzA,development,5
21,12298,52587,t4qAmAiD6sY,UCwaUcCAOyzudilU2vsxtieg,development,3
21,12299,52588,X-J9V4hTDwE,UCOtYyt7W5PmPnwQjWWF_Z-Q,development,3
21,12300,52597,84FENtqZ04M,UCCK3OZi788Ok44K97WAhLKQ,development,2
21,12301,52601,ZLeLH08BLNs,UC38c_i9VoaIjDpp46l35d0w,development,4
21,12302,52606,j0zq4XnBKrw,UCT83ymyAGm7Gnk_4ifxjxIA,development,4
21,12303,52609,ihV9wpDB1_A,UCoYoYVojg-QGFH7VyKMpB8w,development,2
21,12304,52614,TnX9lXuRfXM,UCfG1KjPgXr137xDf4RJMtCg,development,3
21,12305,52616,XAvlsqmwuqk,UCckltLEhFLv8Xz_lQhYfwmg,development,1
21,12306,52618,01jabdQm8XU,UCkD2Gixzde52jx1XspNvrBw,test_reserved,
21,12307,52622,jcIkNJVkfWg,UC1YGPDtctHGJWW0NrlQVklw,test_reserved,
21,12308,52623,q3pNLaCB3Bc,UCu3jIK2NBSXc0_YaFqEuIrg,test_reserved,
21,12309,52629,RkMUKS7sqrk,UC2sO_F_Ky4LIAUtSJYXqBDA,test_reserved,
21,12310,52633,o05xfGGcblE,UCaIc6SgS90ud_RgMSC6hW_w,development,3
21,12311,52636,2lbfUfXO_rM,UCdgWTRipbTuQsIiiPb6fB-A,development,4
21,12312,52649,3SkLXdaOBAM,UCkD2Gixzde52jx1XspNvrBw,test_reserved,
21,12313,52652,8gfa2GB12TM,UCj1dU6sfWVtm1AeD1yT7iFQ,test_reserved,
21,12314,52654,FaI6vRgd5mo,UCPAbeKHjE4HpRXqo4AXJzVQ,development,4
21,12315,52660,R2Ug3xcljC4,UCckltLEhFLv8Xz_lQhYfwmg,development,1
21,12316,52663,qqZ-tlKJU0U,UCdFdozW-sxC7w261KxLQMEQ,development,2
21,12317,52667,foBqyGGcStU,UCtsqmkwg-BebjNZEg6ofAcA,test_reserved,
21,12318,52668,hkN1JlN6HVs,UC1YGPDtctHGJWW0NrlQVklw,test_reserved,
21,12319,52670,8oXE-JFqgBQ,UCRDDfbYPHX_GUJ4lcQYTc8A,development,4
21,12320,52672,ayFZW8-90bQ,UCNckXAcrwqCXYVLJrnCuQFA,development,1
21,12321,52675,NgCemY8aEZE,UCbS_glb2N1NVTrDLVryRbng,development,4
21,12322,52680,h4IHEDEXA0c,UCmqflTSJ6911aCrnaWIXxsA,development,2
21,12323,52690,Hx5CiOhqbEY,UCaESx7Bdghv_UICcG1hBkcg,development,5
21,12324,52691,YUV7wRXHoGU,UCOiMY00_ZLijPF6InrCl0TA,development,4
21,12325,52692,tSafrx_w22E,UCn0XmAUFv6d2tofMFEesSNw,development,5
21,12326,52693,ibovcjfWeQk,UCM1XR4yUmryIdI5um99YlKw,development,1
21,12327,52694,MaLTTRkasTc,UC-InXGUDXmIVAZG7efBiU7A,development,4
21,12328,52695,u5ZGw5MkUc0,UCOtYyt7W5PmPnwQjWWF_Z-Q,development,3
21,12329,52698,JXSaRa9i1a8,UCdgWTRipbTuQsIiiPb6fB-A,development,4
21,12330,52702,Eqya1TrieMw,UCbS_glb2N1NVTrDLVryRbng,development,4
21,12331,52707,jEugG5n6ssQ,UCckltLEhFLv8Xz_lQhYfwmg,development,1
21,12332,52709,PPczX3bCBZY,UCPfU0uygBGutjaaJU5PpEvg,development,2
21,12333,52710,lr2teB_vogg,UCkl2iKEW9ltlrBOjzCNJgzw,development,4
21,12334,52713,h7DrGHD62WU,UCl8Yel7dn0_zNl2O6bUP2tQ,development,3
21,12335,52717,PnBg6tfY-sg,UC1YGPDtctHGJWW0NrlQVklw,test_reserved,
21,12336,52721,TOgXc7qJeIk,UCXm0FsS7PXy0w5HeOkYMi7Q,development,5
21,12337,52723,0T-CI_-DzfE,UCf2Iar2LDcFaSCnVH1ZMUkA,development,3
21,12338,52724,idzPa42jrso,UCbS_glb2N1NVTrDLVryRbng,development,4
21,12339,52725,OiF0n8i7kTQ,UCCK3OZi788Ok44K97WAhLKQ,development,2
21,12340,52726,eSSaYoyf3w8,UCoPGkvh-1AoSzh23-ROXrpw,development,3
21,12341,52728,r0nKzgBrfgs,UCCK3OZi788Ok44K97WAhLKQ,development,2
21,12342,52730,ESwec1KlDmQ,UCVU09OJkBIHZTGb-acbajoQ,development,4
21,12343,52738,m6A0dwbPzYI,UCDRvVQA5TYL0TFYjA6jcHag,test_reserved,
21,12344,52739,t0SrZ1_uHAo,UCkagcQYGoYFuXsUg-ObSL6A,test_reserved,
21,12345,52744,yMobTbEgnAY,UC6jQt9K_jqnBNtsRf7hXHsA,development,5
21,12346,52750,c8-kQ2BzH4Y,UCF06B6cH6Rf9UVYc5v4WAwg,development,3
21,12347,52754,7M6Jxsq0v48,UCcijXxFzSXgoM6q9cCtT9PA,test_reserved,
21,12348,52767,RLo_O6Aygv8,UCQTcNhAZidy1i9wwmdgf2Lw,development,4
21,12349,52771,Aqua2M7Vixs,UCk9jF1m8XqLTOcixWkGb0jg,development,5
21,12350,52775,LjKgk4N1nO4,UCckltLEhFLv8Xz_lQhYfwmg,development,1
21,12351,52777,5_jlcccTJNA,UC324VVhYKykBv01GecF4aYg,development,5
21,12352,52781,cZP_Q3ycHpE,UCgy5luu86OLBeugp27Tnddw,test_reserved,
21,12353,52786,UQ57L-31W4I,UC7aKqcJ03df0TVCzMtjEEtg,test_reserved,
21,12354,52794,KSoGYbHqlCs,UCckltLEhFLv8Xz_lQhYfwmg,development,1
21,12355,52800,mLSaAm76V5M,UCckltLEhFLv8Xz_lQhYfwmg,development,1
21,12356,52802,kUWJWGHmVr4,UC8ZmvQOUKiu6SmICTXzjFnA,development,2
21,12357,52804,v0sn9L8n2HU,UCfuND8HywiC1G1T5s1t6ElA,development,5
21,12358,52805,ZBPrmecoRp4,UCcijXxFzSXgoM6q9cCtT9PA,test_reserved,
21,12359,52806,v1EARtC2OzY,UCCK3OZi788Ok44K97WAhLKQ,development,2
21,12360,52807,-y2LW7QjCzs,UCAH7R88V7gz7RqJv78nNOzg,development,3
21,12361,52809,OmSQ2JGPta0,UCZFZrF8lZizsW3io-ONv_Ig,development,4
21,12362,52819,ZFehDfRMRT4,UCCK3OZi788Ok44K97WAhLKQ,development,2
21,12363,52822,-uH7DBoLLCE,UCCQ3mUIQTv2Snhw5Os0Yo5Q,development,3
21,12364,52823,EKfVlyOFiFE,UCDAkUKRB1pkb-s3Gqv7FZ7A,development,4
21,12365,52825,CRu36jLQT9c,UC-GRFwciK7JiP8T4tl0pftQ,development,3
21,12366,52833,IYiYrL8_bC0,UCqrqt9Egbp4Voh3iEUUoorw,test_reserved,
21,12367,52835,rt1QI0lTGAg,UCol1SzfebXhRo0ltxOJZ9cg,development,3
21,12368,52845,U9e8iaNBqQo,UCckltLEhFLv8Xz_lQhYfwmg,development,1
21,12369,52853,o3zmNU3p_Y0,UCgnFSj7jQffD5V5m05j4dPw,development,5
21,12370,52877,7rRCAJcKQrU,UC-budHy3MfX1QRQPT3GTu1w,test_reserved,
21,12371,52885,AR-AlkN88DI,UCckltLEhFLv8Xz_lQhYfwmg,development,1
21,12372,52890,yWYIsceXG_0,UCy8ao-puUtb-1Y0L6xSItOQ,test_reserved,
21,12373,52892,L8YaxyPwSaU,UCbS_glb2N1NVTrDLVryRbng,development,4
21,12374,52900,wVCxPyWlN7o,UCMQg72D9bcWjW-umvECrcAQ,test_reserved,
21,12375,52906,Mgx5Y0pzzq8,UCSfmHr5cQvlVKR2f6p8T01w,development,5
21,12376,52907,RoGIU0vAbbY,UCckltLEhFLv8Xz_lQhYfwmg,development,1
21,12377,52910,xjPsf98LiyA,UC1YGPDtctHGJWW0NrlQVklw,test_reserved,
21,12378,52920,I4Ko7yHAxIk,UCJeJFkRVgi7gT7ViTxuHHdg,development,1
21,12379,52921,2FpCu21P4JI,UCaIc6SgS90ud_RgMSC6hW_w,development,3
21,12380,52926,9Am0bjluX54,UCOtYyt7W5PmPnwQjWWF_Z-Q,development,3
21,12381,52927,1j7-I_DbUqU,UCjm7vbOwssao7Bhm9wX3-bw,development,5
21,12382,52932,_HYwM0Oxp1c,UCckltLEhFLv8Xz_lQhYfwmg,development,1
21,12383,52939,ahCHY7ryKFY,UCn0XmAUFv6d2tofMFEesSNw,development,5
21,12384,52940,daVxiIen85c,UCT83ymyAGm7Gnk_4ifxjxIA,development,4
21,12385,52946,MF4mpxrHtkk,UCMw--nUMJjK2GNrLXdsnDzg,development,2
21,12386,52948,TKegtJ3hAWQ,UCckltLEhFLv8Xz_lQhYfwmg,development,1
21,12387,52953,p757_bCVptQ,UCnT7Z6-yqjhM__jZbK_B3kw,development,4
21,12388,52963,SoX5jyViLsM,UCPXSUKHTNc1_hnHuj-UiQWQ,test_reserved,
21,12389,52964,tIfZBaB7gEI,UC1YGPDtctHGJWW0NrlQVklw,test_reserved,
21,12390,52965,KdCQhTR9RF8,UCLsRogzQ9bw2Efitidd0ikg,development,4
21,12391,52968,QGwK1Zb3rFY,UCLuP7ROjaueiuNbzrvPqXSQ,development,2
21,12392,52969,A3dG04BOl4I,UCf2Iar2LDcFaSCnVH1ZMUkA,development,3
21,12393,52971,VxHs7oc5dgk,UCMxeqmVKOqiqh7V_A3h4gfA,test_reserved,
21,12394,52973,XfkVDEMnhNI,UCPXSUKHTNc1_hnHuj-UiQWQ,test_reserved,
21,12395,52982,GydBQu3f_NU,UCpKHQzqFn8VhNKQVCNp2M1g,development,5
21,12396,52992,xkVkQGPn5is,UCYmEcbCgb9yxZZJGH1rtn_Q,development,3
21,12397,52996,IJR0bLGZT48,UC2OHGMQqFUgru1lonCqNRfQ,development,4
21,12398,52998,c3HbjDpeNCE,UCckltLEhFLv8Xz_lQhYfwmg,development,1
21,12399,53004,goK9YVKBGoM,UCI3Xc02tgvW28O-Rrou3LxQ,test_reserved,
21,12400,53012,RnFAHe1LotM,UCOtYyt7W5PmPnwQjWWF_Z-Q,development,3
21,12401,53016,ZH8YjnJyWok,UCSfmHr5cQvlVKR2f6p8T01w,development,5
21,12402,53019,fa1hM0KtIQ4,UCOtYyt7W5PmPnwQjWWF_Z-Q,development,3
21,12403,53031,FRLXDaNvYU8,UCcrsFwwoMvcXYpJ0XldIlVQ,development,3
21,12404,53037,nxHKE0hEZko,UCCK3OZi788Ok44K97WAhLKQ,development,2
21,12405,53039,s8imgjwJKp4,UC1YGPDtctHGJWW0NrlQVklw,test_reserved,
21,12406,53042,AhN4kUMRWcs,UC_d3UQ1v8KP1JNFOBmV63xA,development,2
21,12407,53047,Oia9krCapiA,UCckltLEhFLv8Xz_lQhYfwmg,development,1
21,12408,53056,UOSTDeiRQq8,UCbS_glb2N1NVTrDLVryRbng,development,4
21,12409,53064,sttgbmOAiSw,UCJYKPGIdXwKwge6dSopbzbA,test_reserved,
21,12410,53065,hRLoxYmE6Zg,UCPXSUKHTNc1_hnHuj-UiQWQ,test_reserved,
21,12411,53073,79NPDNQTCJY,UCI-teIr7yMeLi4Z3LW4LNRg,development,3
21,12412,53085,8a8fwYVqTrk,UCc30sTBdN9LRSxEuHaXV_bQ,test_reserved,
21,12413,53086,n0JZ_5lLL5g,UCOtYyt7W5PmPnwQjWWF_Z-Q,development,3
21,12414,53088,QQZoxgmQI10,UCrVFS_0PdV7AwyTgR13IcVg,test_reserved,
21,12415,53100,fuFhInW_1SY,UCZNreSxdvd50nzMz5zkXg4w,test_reserved,
21,12416,53101,f2Ebmf81Sqc,UC7e8LFxir9MCfTAf2XQbfaA,development,4
21,12417,53107,Ihe1J1CLBXw,UCQIWzvLOlB4tu84TtOTJCGg,test_reserved,
21,12418,53112,-p4s8A4okT0,UCM3bQBUJ0PEbgfe9lAw_Y3Q,development,4
21,12419,53120,q_6A3TY7h_Q,UCcg4tDKgPLIc_x3lhWdogLg,development,3
21,12420,53121,7-3tCbChSRM,UCOtYyt7W5PmPnwQjWWF_Z-Q,development,3
21,12421,53127,ZO8DBqzOp3Y,UCckltLEhFLv8Xz_lQhYfwmg,development,1
21,12422,53131,28Zb-vYYFTo,UCmGMChEd9jBucufrWcpk3Ew,development,5
21,12423,53138,lMT_t_54nWc,UCckltLEhFLv8Xz_lQhYfwmg,development,1
21,12424,53141,qow5y_21N3s,UCMW_Sgzlaezz3MHg3BtgKbw,development,4
21,12425,53148,EFFc3bFwqeY,UCV9cn7kAjTi6nMKVKIuwoDw,development,5
21,12426,53186,5wq99YdauqU,UC6jQt9K_jqnBNtsRf7hXHsA,development,5
21,12427,53187,4zr7crZUVK0,UCVfnhhDIkkBJ_1QyzCqeVDg,development,5
21,12428,53198,Wt9OiECIBGc,UCgm1AkjIpLGAoBDdCPx1tMQ,development,5
21,12429,53199,t_E6QbtlqV8,UCAH7R88V7gz7RqJv78nNOzg,development,3
21,12430,53207,HfiwAOJr0g4,UCaESx7Bdghv_UICcG1hBkcg,development,5
21,12431,53210,KZ4YLjy0izA,UCZ-RBSr_ZD-jWWDgZmFyZyw,development,1
21,12432,53212,naHUUFyMu_o,UCPfU0uygBGutjaaJU5PpEvg,development,2
21,12433,53217,5lcQwuYWY6s,UC2Amu02bFnMs-XglUunh44w,development,3
21,12434,53219,cGNS9mRFtIE,UC1YGPDtctHGJWW0NrlQVklw,test_reserved,
21,12435,53221,Msyaq5l3TUg,UCcspHoBTj_aLhnJLwkMpWHQ,development,5
21,12436,53225,CwTha6XfXGo,UC5-n2dfksESEt3ATmM6Uujw,development,4
21,12437,53227,t-hgq-eFbs0,UCA3kLjUpfOu8ylZVeOLCogA,development,2
21,12438,53228,z_GrbBdSfS8,UCckltLEhFLv8Xz_lQhYfwmg,development,1
21,12439,53233,arqVxOu804U,UCF8njG8eE_xhXZuegdSkytA,development,5
21,12440,53237,fL4ASoGsRRE,UCgoCbMJ4JnH0q40GofKZxVg,development,2
21,12441,53240,dN8Mk1pRnmQ,UCNPYfKcafveO1qA81WSW9CQ,development,5
21,12442,53244,21nuVyULjTA,UCckltLEhFLv8Xz_lQhYfwmg,development,1
21,12443,53252,RAn3uvXCjNs,UChhmvfskCK4IaaoJ4Bj84Kg,test_reserved,
21,12444,53275,suB73v8DLpk,UCMEXwFurMItX0u1yit-UrAw,test_reserved,
21,12445,53276,UJgcN4GnQBI,UCQTcNhAZidy1i9wwmdgf2Lw,development,4
21,12446,53277,e-5ldHbppHE,UCpfrIJXRqOTx2kPVsUytO4Q,development,5
21,12447,53278,gZsg8HQeqiA,UCFMs1HBWP1bIv9Ojp06ZIRw,development,4
21,12448,53284,dAV5114KTIg,UCaESx7Bdghv_UICcG1hBkcg,development,5
21,12449,53288,eT-MtJXyQPw,UCbS_glb2N1NVTrDLVryRbng,development,4
21,12450,53289,B2wMQY0YjQ4,UCp4rV_5KmCHG-_ub1r6B2Zg,development,5
21,12451,53290,0trmYePBnmo,UCdotiSNtLlS4qwDto9CdURA,development,2
21,12452,53293,Ici8T_K5VAw,UCMd-Y13fuzRTpBKs1MlnjYw,development,5
21,12453,53294,9-vD7PP4dOQ,UCh1YbG4SC-R5fBxZgMMuRww,test_reserved,
21,12454,53300,vb02331RCSY,UCt_fUooMgak5Ev6yI08x8IA,development,3
21,12455,53302,uIZxYgOFxVI,UCOtYyt7W5PmPnwQjWWF_Z-Q,development,3
21,12456,53303,pQ36fwTzyKI,UCCbm1E52PV05ZLv6dtRB92Q,development,5
21,12457,53305,4Ko6BtaGFXU,UCNGzq2bM1Iu7iDWAHo3QThQ,test_reserved,
21,12458,53317,ulRaHwdr2Uo,UCS1FukhR2GeYArdB87fVFVg,development,1
21,12459,53325,nCoigUImTko,UCckltLEhFLv8Xz_lQhYfwmg,development,1
21,12460,53326,AAV2yXw1YTs,UClCjoJ0fs2RqaRTjukU1jQA,development,5
21,12461,53327,yHV3AW1meq0,UCc30sTBdN9LRSxEuHaXV_bQ,test_reserved,
21,12462,53331,va0ussdYR1Y,UCVfnhhDIkkBJ_1QyzCqeVDg,development,5
21,12463,53333,KZvUP5lq6HQ,UCOtYyt7W5PmPnwQjWWF_Z-Q,development,3
21,12464,53343,RIbqVpL-EPo,UCckltLEhFLv8Xz_lQhYfwmg,development,1
21,12465,53347,DwP6PNeqfxw,UC12o-t-pJ8mNgID0l6szDgw,development,4
21,12466,53354,Byh4pdJsiVE,UCGnnbsbqbCc7KxSIAbC_d2A,test_reserved,
21,12467,53361,uyAKt8OFX-A,UC9SnUR9ewkPk9h45L0uY6SQ,test_reserved,
21,12468,53368,Fof2cAHFvq4,UCBsrUim15y-s6PfMISCR38A,development,2
21,12469,53370,AQ4JMzyoJyM,UCAeBFsK2bmm5lkgy90uFiqw,development,4
21,12470,53375,JBpaoMUQANA,UCvpO2ovuYdqZWHP0uIOOi1Q,development,3
21,12471,53384,YKDb5rFI5ZI,UCCK3OZi788Ok44K97WAhLKQ,development,2
21,12472,53385,sHZ_Luz9iWQ,UC2BTAEU-0MU0QV-vlDEvouQ,development,5
21,12473,53388,6JBmLgTl6KU,UCWLLcchNMCl8I5cGAMQYdpA,test_reserved,
21,12474,53389,drbpXdk6a5M,UCqU7Eof3uDD0309gvUNfAog,development,4
21,12475,53391,KthEH-7_Kag,UCckltLEhFLv8Xz_lQhYfwmg,development,1
21,12476,53393,oN9SlSe3--M,UCgnFSj7jQffD5V5m05j4dPw,development,5
21,12477,53397,rKOFcrMXsBE,UCOtYyt7W5PmPnwQjWWF_Z-Q,development,3
21,12478,53398,46wGOG2lhBA,UC5-n2dfksESEt3ATmM6Uujw,development,4
21,12479,53401,w3NBkN6TT3w,UCxJkaokOgy60mJkUPodjiMA,development,2
21,12480,53406,WvT4ipnYThM,UCkagcQYGoYFuXsUg-ObSL6A,test_reserved,
21,12481,53408,cyzcT16faBw,UCckltLEhFLv8Xz_lQhYfwmg,development,1
21,12482,53414,c1DCFjKhI4w,UCJhdo2Kg29_EZwNPvlhzIFg,development,5
21,12483,53418,asofVMpFTqg,UCKMHxntbjMQxwezTaVdDtFA,test_reserved,
21,12484,53420,3P8WPVP9UPo,UCVXCitEEweQox0oyIsJONrQ,development,3
21,12485,53421,-q7HQM3qTUw,UCkzFXIie723z4vsYAMsMGsg,development,2
21,12486,53424,VVAJ1G1QEFU,UCQa_KSx_sMwg0K57IllohHw,test_reserved,
21,12487,53433,kM54YYHwicI,UCFiYb7cX7DVgkb0fsyt3pyQ,development,1
21,12488,53441,i2R3soBzbeE,UCCK3OZi788Ok44K97WAhLKQ,development,2
21,12489,53449,s9x4i8yEsZU,UCmrLu4r89ykOzmtmbAeEklA,development,3
21,12490,53451,rC2K2ipD_ag,UCCK3OZi788Ok44K97WAhLKQ,development,2
21,12491,53462,C1f5PA8jvoU,UCcijXxFzSXgoM6q9cCtT9PA,test_reserved,
21,12492,53465,UvTtwfasK4g,UCh6ZuRqZK3TX9yt-ssydQ8g,development,5
21,12493,53468,icufDr-hR3A,UCix7C1KG_SPtiMXommMExNg,development,4
21,12494,53475,iz5ogh_hIz4,UCj1dU6sfWVtm1AeD1yT7iFQ,test_reserved,
21,12495,53482,VbhSkeEyTII,UCckltLEhFLv8Xz_lQhYfwmg,development,1
21,12496,53486,dpz0wWDS1ZY,UCCK3OZi788Ok44K97WAhLKQ,development,2
21,12497,53489,qHGnJxBcxBE,UC9WC9lfrR4XNDTn1AiBDinQ,development,4
21,12498,53495,CW3y0XilD24,UCvoMClO68wGoV5Fvu0KRiqA,development,2
21,12499,53506,DN6m8ZywmvM,UCOtYyt7W5PmPnwQjWWF_Z-Q,development,3
21,12500,53509,YkhP_SlH57s,UCsCp9NfFhRhL6DvDjWtAweg,development,1
21,12501,53515,1iZMux8weLE,UCQTcNhAZidy1i9wwmdgf2Lw,development,4
21,12502,53517,XZAwLfrVB8g,UCM3bQBUJ0PEbgfe9lAw_Y3Q,development,4
21,12503,53518,G34k6mOJHOY,UClBC9kT7SSFliwTgLQ7Ms4g,development,4
21,12504,53528,0mNRWcXAjMY,UCwyld30uUaeOoRl9Y1dsfLw,development,4
21,12505,53534,WJs92G06cXo,UCVfnhhDIkkBJ_1QyzCqeVDg,development,5
21,12506,53537,V0NgtByfXWs,UCgnFSj7jQffD5V5m05j4dPw,development,5
21,12507,53540,f0VwQFVwDDQ,UC35oZgra9TA5Vxr9PrTjRyg,development,5
21,12508,53541,fUh0sQxHL-k,UCckltLEhFLv8Xz_lQhYfwmg,development,1
21,12509,53543,7zVf9PcNJOs,UCckltLEhFLv8Xz_lQhYfwmg,development,1
21,12510,53544,Lt8_HShK3fA,UCPXSUKHTNc1_hnHuj-UiQWQ,test_reserved,
21,12511,53553,yHlnHJ4OP4E,UCgnFSj7jQffD5V5m05j4dPw,development,5
21,12512,53560,zYKDbzKBqIQ,UCgnFSj7jQffD5V5m05j4dPw,development,5
21,12513,53562,ynh-MLgQ-F4,UCCK3OZi788Ok44K97WAhLKQ,development,2
21,12514,53563,388uIVhXwjY,UCckltLEhFLv8Xz_lQhYfwmg,development,1
21,12515,53568,7C6Z8_P07pg,UCsCp9NfFhRhL6DvDjWtAweg,development,1
21,12516,53570,qJASW5ERfkk,UCaESx7Bdghv_UICcG1hBkcg,development,5
21,12517,53571,Qnzz_8KJB98,UCiBHV5AwzPEBhlIX3yR6-Ig,development,2
21,12518,53575,R48_hYgif6A,UCtj_Jtf4f9c5PSI7Go1_EEQ,test_reserved,
21,12519,53577,kq-8tASoFQ8,UCLuP7ROjaueiuNbzrvPqXSQ,development,2
21,12520,53592,GRv3JDGO1gI,UCn0XmAUFv6d2tofMFEesSNw,development,5
21,12521,53593,2UDEIGXreEI,UCgnFSj7jQffD5V5m05j4dPw,development,5
21,12522,53594,GCEe1qBXRws,UCbS_glb2N1NVTrDLVryRbng,development,4
21,12523,53598,pG9KBLcoRoc,UCM1XR4yUmryIdI5um99YlKw,development,1
21,12524,53599,iNCNWDoKgng,UCrcATWZGF_p53r38i6VK0eA,development,5
21,12525,53602,lhhivn7n458,UC8lKgUHo-2mSR5cRRXO9xow,development,3
21,12526,53605,3kToTuUtH1c,UCaESx7Bdghv_UICcG1hBkcg,development,5
21,12527,53607,M3xeXhcJydk,UCgnFSj7jQffD5V5m05j4dPw,development,5
21,12528,53615,OBBQv9_5Gk0,UCbS_glb2N1NVTrDLVryRbng,development,4
21,12529,53617,urgi1CJwXs0,UCRN8vYHIjLnALfaBCtXfKsQ,development,4
21,12530,53619,GkV7Ds4wgBo,UC2sO_F_Ky4LIAUtSJYXqBDA,test_reserved,
21,12531,53626,F0cVrYRQbEM,UCckltLEhFLv8Xz_lQhYfwmg,development,1
21,12532,53627,AcrWK6a5eIQ,UCIoyIVPZEfC2p0dQwAxGiEw,development,5
21,12533,53629,QJy134PVMqA,UCckltLEhFLv8Xz_lQhYfwmg,development,1
21,12534,53634,7WeWbEKhzvo,UCN2EppENLvG8D2y7CQ8iLQw,development,1
21,12535,53641,AayCpBJ2cZs,UC2GNitBc9qBFZd0329eYOPg,test_reserved,
21,12536,53642,WB9cvZyFV-Y,UCy-3y3BEH8dFhPsNEnO74Vg,development,5
21,12537,53646,6ft0yi2oOLo,UCckltLEhFLv8Xz_lQhYfwmg,development,1
21,12538,53647,DT8t9KZae0o,UCQTcNhAZidy1i9wwmdgf2Lw,development,4
21,12539,53651,n9T6k8qA5yw,UCFjcr6UFdIYzdyD4sOjcUUA,development,2
21,12540,53652,t1y7MkyFUyw,UCaoUDHP-lpKY06Y3axFEmew,test_reserved,
21,12541,53653,MVm20m32DvM,UCBWG_GjopQPckewo1_IvhLQ,development,1
21,12542,53663,eHoThYBBDls,UCfgEc6wWBbVbj8ZNQLltioA,development,2
21,12543,53664,G2Y8cUIhH6s,UCckltLEhFLv8Xz_lQhYfwmg,development,1
21,12544,53665,27i9mnCP730,UCQTcNhAZidy1i9wwmdgf2Lw,development,4
21,12545,53680,wWUzHK6lgZ8,UCZNreSxdvd50nzMz5zkXg4w,test_reserved,
21,12546,53683,jwFPWL4AMxM,UCbS_glb2N1NVTrDLVryRbng,development,4
21,12547,53684,levLE3m5bQs,UCOtYyt7W5PmPnwQjWWF_Z-Q,development,3
21,12548,53688,ASKlx-wLqIc,UCTlLpPddpcW0ee6y4z9stKA,development,5
21,12549,53697,TxfR37Xthrg,UCCK3OZi788Ok44K97WAhLKQ,development,2
21,12550,53701,XbAWRkiAoLs,UCDgCzQ_an_TmDOFLNj806pw,development,2
21,12551,53703,JuMnKtiEOMQ,UCSmxZt63zt1f3kiBXnwVjNA,test_reserved,
21,12552,53706,lS-sVJ12vOk,UCfxrtRajRgkbSCct-w7jErQ,test_reserved,
21,12553,53707,j0EisQqQblA,UC8rcDufKZ3W6CtZU69CtMXg,development,3
21,12554,53710,0EKIdwP_ey8,UCCK3OZi788Ok44K97WAhLKQ,development,2
21,12555,53712,_aoNWu7Vxgw,UCCK3OZi788Ok44K97WAhLKQ,development,2
21,12556,53718,kDJcuNHYyHY,UCckltLEhFLv8Xz_lQhYfwmg,development,1
21,12557,53723,fOHgy2god9c,UC7yvlRxy_mqtwPMyZ8H5Zkw,development,4
21,12558,53729,OgwIKLfD_Lo,UCyrW9aDENkU6G6URdVFwB9g,development,3
21,12559,53730,7rvmix7naX4,UCckltLEhFLv8Xz_lQhYfwmg,development,1
21,12560,53731,QWP2FSlJP44,UCaESx7Bdghv_UICcG1hBkcg,development,5
21,12561,53738,gtv9ZEZ6eOs,UCzNxbzqN0to4GNb9otFuGJQ,development,4
21,12562,53742,VYlyf_50zSI,UCrVFS_0PdV7AwyTgR13IcVg,test_reserved,
21,12563,53743,9vFkpFhnImI,UCf2Iar2LDcFaSCnVH1ZMUkA,development,3
21,12564,53747,y5kQ_YsdHKw,UCCK3OZi788Ok44K97WAhLKQ,development,2
21,12565,53748,MgXXA60HC74,UCpfrIJXRqOTx2kPVsUytO4Q,development,5
21,12566,53752,VxbdsLceIEw,UCkl2iKEW9ltlrBOjzCNJgzw,development,4
21,12567,53754,8vPYdyGAzPU,UCaIc6SgS90ud_RgMSC6hW_w,development,3
21,12568,53760,RusF6tMciCQ,UCofF1Whz-uMOt6JJAoHa9wQ,development,5
21,12569,53763,YgPbSrx49Sw,UCMxeqmVKOqiqh7V_A3h4gfA,test_reserved,
21,12570,53764,Z1BAK5ebvYI,UCDWDuArgzMjvihWp47GYzKw,development,1
21,12571,53774,mNLbKM-oVfc,UCOtYyt7W5PmPnwQjWWF_Z-Q,development,3
21,12572,53775,b30YQ2dHPOY,UCM19g5ow7vLXDTYx_j9Z7VQ,development,3
21,12573,53779,exWfQ8mRmEU,UCLuP7ROjaueiuNbzrvPqXSQ,development,2
21,12574,53782,4-NejPm35CM,UC0ZcZzDZe8x6-olaRR5-wYw,development,4
21,12575,53786,J59FhF4buqY,UCgnFSj7jQffD5V5m05j4dPw,development,5
21,12576,53792,UX9V_og9aw0,UCsDDVBdzvMMZaQtF8vaC9bg,test_reserved,
21,12577,53800,4ahwmGjkKr0,UCgnFSj7jQffD5V5m05j4dPw,development,5
21,12578,53802,xoLvfA6kDdg,UCJeJFkRVgi7gT7ViTxuHHdg,development,1
21,12579,53806,LiiVtwvxPTs,UCaESx7Bdghv_UICcG1hBkcg,development,5
21,12580,53807,jqsAy6UnRkQ,UCOtYyt7W5PmPnwQjWWF_Z-Q,development,3
21,12581,53814,ZeOYMMvsjhM,UCrhkgHTUdZXbCd69TNuQuMg,development,2
21,12582,53819,BrgtjHqXojc,UCgnFSj7jQffD5V5m05j4dPw,development,5
21,12583,53821,J8wcnVeo31Q,UCF11-Puqxb0jdeWNc7F_Fcw,development,1
21,12584,53825,xVc9hPFfE0I,UCkzFXIie723z4vsYAMsMGsg,development,2
21,12585,53826,4_BaKgo5QRk,UCckltLEhFLv8Xz_lQhYfwmg,development,1
21,12586,53827,qKpCXIv3j-8,UCckltLEhFLv8Xz_lQhYfwmg,development,1
21,12587,53830,Sf2ijyThZsw,UCaCnmd0sVADrw8228hCBnlA,development,3
21,12588,53833,XgRNWNyfKeM,UCmqflTSJ6911aCrnaWIXxsA,development,2
21,12589,53835,YMcuWDk2O54,UCdotiSNtLlS4qwDto9CdURA,development,2
21,12590,53837,24i55QVWNjw,UCZviWuwUI9NuYnQpO9sqLQA,development,1
21,12591,53838,F53HQJArJMY,UCn0XmAUFv6d2tofMFEesSNw,development,5
21,12592,53839,4VDL8l9_7BM,UC0ZcZzDZe8x6-olaRR5-wYw,development,4
21,12593,53842,CFDYnvFqkaQ,UCn0XmAUFv6d2tofMFEesSNw,development,5
21,12594,53847,UXbS5qytmpY,UCgy3gF6d083mEGUKw5Vjq1Q,test_reserved,
21,12595,53853,_ZdlD0oJ-88,UCLNz9bgiJfM3ImTtYDOt8Ew,test_reserved,
21,12596,53858,XEHhcp0MvpQ,UCQTcNhAZidy1i9wwmdgf2Lw,development,4
21,12597,53865,3ZKlh_1mvfA,UCx-fk6FBx2mJSWavjxw-zrw,development,4
21,12598,53871,vMJgd7Lph7g,UCd-gmzevnJBe9jHuNDMrI0w,development,1
21,12599,53872,CxBzFCfpolE,UCOtYyt7W5PmPnwQjWWF_Z-Q,development,3
21,12600,53873,5Q3rVWo08e0,UC7mhtAaF1ESJgCozpoS2lcQ,development,2
21,12601,53875,aB8ostqnutI,UCAH7R88V7gz7RqJv78nNOzg,development,3
21,12602,53876,Hl-9jdV3lsU,UCmrLu4r89ykOzmtmbAeEklA,development,3
21,12603,53878,y3jAjT1GkF4,UC3tvYy-s84yySG7V85jRDnA,development,4
21,12604,53882,f7W3cemjb20,UCAH7R88V7gz7RqJv78nNOzg,development,3
21,12605,53883,0jY73M2428o,UC1YGPDtctHGJWW0NrlQVklw,test_reserved,
21,12606,53885,MHSr1teDBSY,UCPXSUKHTNc1_hnHuj-UiQWQ,test_reserved,
21,12607,53891,wus62hHfnIU,UCsAPX_-Yu9O_3dJu0aUj_BA,test_reserved,
21,12608,53892,kuYLx4sgKfw,UCKHgO2j1mqI5vFxJioRSPMQ,development,2
21,12609,53893,Bo0xfmNk1EY,UCckltLEhFLv8Xz_lQhYfwmg,development,1
21,12610,53895,mOb_LXVGHLk,UC1YGPDtctHGJWW0NrlQVklw,test_reserved,
21,12611,53898,YF1uVAp7ph0,UCPXSUKHTNc1_hnHuj-UiQWQ,test_reserved,
21,12612,53900,jbdGvGHcNCU,UCzNxbzqN0to4GNb9otFuGJQ,development,4
21,12613,53903,3TVYgQzr0AM,UC_Yt4EUT5dtwOxMm6sheYrQ,development,2
21,12614,53906,NYHoH_0goIk,UC5mNdm6_f2fv50Hzsg7qW1g,development,2
21,12615,53909,gSjATFjjRE4,UCCK3OZi788Ok44K97WAhLKQ,development,2
21,12616,53918,t-1eKWmJiYU,UCv2eZuaYeehdcyLvzucKy-A,development,5
21,12617,53922,WKPTr20EQlQ,UC6yh7ac2hUGUbrZl_IXwoug,development,1
21,12618,53925,bKJpTeOGclY,UCYogjR8tl0p9hAtG4vmkksw,development,3
21,12619,53926,GBQMOcv2ruE,UCFGhJsc1ddSN8819LsMa90w,development,5
21,12620,53933,YeZ4UXPIrAI,UCCK3OZi788Ok44K97WAhLKQ,development,2
21,12621,53936,Asram8oVa1o,UC_oQPOpRefuPENfsJ404nmA,development,1
21,12622,53946,z_YGzsmp6R4,UCckltLEhFLv8Xz_lQhYfwmg,development,1
21,12623,53951,IgT_aV9kcoI,UCCK3OZi788Ok44K97WAhLKQ,development,2
21,12624,53952,zOFRhpfxQX4,UCoNaQS6wefjNVFkwvxrzAYw,development,4
21,12625,53953,B0NAFP1aNgo,UCckltLEhFLv8Xz_lQhYfwmg,development,1
21,12626,53956,_jwP6lckLw8,UCM3bQBUJ0PEbgfe9lAw_Y3Q,development,4
21,12627,53959,G1MuM4Ga0Sg,UCbS_glb2N1NVTrDLVryRbng,development,4
21,12628,53961,7q0HTO9qLLM,UCCK3OZi788Ok44K97WAhLKQ,development,2
21,12629,53962,30CWEPexpcQ,UCmrLu4r89ykOzmtmbAeEklA,development,3
21,12630,53969,eacaI8ND-WE,UC6nCjRlW6n3sjqkVj1QWY-g,development,4
21,12631,53975,KLssepP-u4E,UCFjcr6UFdIYzdyD4sOjcUUA,development,2
21,12632,53976,cgOtIj6ua2w,UCgnFSj7jQffD5V5m05j4dPw,development,5
21,12633,53991,7FedfQVA7GQ,UCS6wii1nENlRXQpu_1mp5CA,development,5
21,12634,53992,zudklsiFwUo,UCMk3TZ_MvwlPbSYp_1FScrw,development,3
21,12635,53998,Jzkf7lxUDDo,UCckltLEhFLv8Xz_lQhYfwmg,development,1
21,12636,53999,0WM1H7l-zF0,UCMayHG7j39d11Gh36vV7GnQ,development,5
21,12637,54002,NfAjxtZLOSQ,UCCK3OZi788Ok44K97WAhLKQ,development,2
21,12638,54015,gO_WNVZSMrU,UCFGhJsc1ddSN8819LsMa90w,development,5
21,12639,54020,2JgbD4uandI,UClCjoJ0fs2RqaRTjukU1jQA,development,5
21,12640,54022,KrSWU9sE6Yg,UC4eD6O9BDhL1gSOnFkqQl9A,development,4
21,12641,54027,3cphWgGBYTo,UCckltLEhFLv8Xz_lQhYfwmg,development,1
21,12642,54034,xmPbVnl9THM,UCLuP7ROjaueiuNbzrvPqXSQ,development,2
21,12643,54040,Koolmijqt6A,UCQTcNhAZidy1i9wwmdgf2Lw,development,4
21,12644,54048,GFOhX5qUeTs,UCV1NPkc2O0YZBtx_rhDkicw,development,3
21,12645,54049,Jb__WxqbPtI,UCOI_wHZTTvcGwvsmlCx4imQ,development,4
21,12646,54050,LHM_uIHxWd0,UCEC8e_Vpy67U4xnGwpo6v9Q,development,5
21,12647,54053,q-2is6athQY,UCAH7R88V7gz7RqJv78nNOzg,development,3
21,12648,54057,ILujyymsqV8,UCjCsmSR5ZZa2pgcjviTHfCA,test_reserved,
21,12649,54069,F2U5YqP2zJU,UCCK3OZi788Ok44K97WAhLKQ,development,2
21,12650,54073,NiRFzLbpRec,UCaESx7Bdghv_UICcG1hBkcg,development,5
21,12651,54077,RP3Tq0C4aVg,UCKmYdmWel_Wkei2ug3_dSCw,development,1
21,12652,54079,xkCchs-yqX0,UCPXSUKHTNc1_hnHuj-UiQWQ,test_reserved,
21,12653,54081,aIQLfsD0dOQ,UCqDMvUe1Zy9QzR-F6X7B5pw,development,3
21,12654,54084,rkQcj-XDn-Y,UCCK3OZi788Ok44K97WAhLKQ,development,2
21,12655,54088,8VXpP3BOJkc,UCPBzejSb3mj_2xRh_VdIiEg,development,1
21,12656,54089,_OAk1QE7u9g,UCaESx7Bdghv_UICcG1hBkcg,development,5
21,12657,54092,cZN5cAWcODA,UCcijXxFzSXgoM6q9cCtT9PA,test_reserved,
21,12658,54104,lOACzxf-lZI,UCRDDfbYPHX_GUJ4lcQYTc8A,development,4
21,12659,54105,bhbKK_86YZg,UCiBHV5AwzPEBhlIX3yR6-Ig,development,2
21,12660,54120,2eEOxgJXLis,UCErq12gvrb2Gm0x1cavQVAA,development,4
21,12661,54123,vD-dR0sQ4bQ,UCeG8nrxBu_9Ij5DikfOCntA,development,2
21,12662,54125,SaIOLDNk3LE,UCaESx7Bdghv_UICcG1hBkcg,development,5
21,12663,54126,LmYRb_7Cd7M,UCLNz9bgiJfM3ImTtYDOt8Ew,test_reserved,
21,12664,54128,XVZTtng1XJQ,UCbS_glb2N1NVTrDLVryRbng,development,4
21,12665,54131,TOXgHuchcA4,UC1dfhQyj962rwYPVLi3OHLg,test_reserved,
21,12666,54133,VJjUSeQkdeo,UCqrqt9Egbp4Voh3iEUUoorw,test_reserved,
21,12667,54134,IGia1RoF5hM,UCkagcQYGoYFuXsUg-ObSL6A,test_reserved,
21,12668,54135,Bj_NK7LTYtc,UClNX00LvziLlfJ_trtu8llQ,development,1
21,12669,54143,0sNAfuVL-k4,UCmjo40eaWQS0jkW7UW24KSA,test_reserved,
21,12670,54166,f7wOB8BzxxM,UCLsRogzQ9bw2Efitidd0ikg,development,4
21,12671,54170,EHDyWd_BzXY,UCrVFS_0PdV7AwyTgR13IcVg,test_reserved,
21,12672,54171,_YgwyVpAVRU,UCckltLEhFLv8Xz_lQhYfwmg,development,1
21,12673,54174,Xt9ZTSleu40,UCKkRSuLQBs2oErUCgivn8mw,development,4
21,12674,54179,yOxEMYaoZ90,UCcrsFwwoMvcXYpJ0XldIlVQ,development,3
21,12675,54184,z0xN9VD3RMM,UCxPYVvthidICJb75llNXktg,development,1
21,12676,54185,VcoU53jEiXA,UCOtYyt7W5PmPnwQjWWF_Z-Q,development,3
21,12677,54187,lZuT1W2AZAE,UCOHyRrRuD2zGCkpuCAlyOyA,test_reserved,
21,12678,54188,fG0PsC5-XyQ,UC1hcl0aIr9KtXA-Kiq9itqw,test_reserved,
21,12679,54195,5-907B1oVuc,UCckltLEhFLv8Xz_lQhYfwmg,development,1
21,12680,54196,HKHBCqkc6TY,UCOtYyt7W5PmPnwQjWWF_Z-Q,development,3
21,12681,54200,vWYWQIW8gxU,UCRgzOFCjZZSDAe5ktzmZ6jA,development,3
21,12682,54203,Gfs5_VXB2Ew,UCckltLEhFLv8Xz_lQhYfwmg,development,1
21,12683,54204,jLZchZ46Nqw,UC4apyq44SI58537YMVA5hFw,development,3
21,12684,54211,NzcETJi7M8k,UCM19g5ow7vLXDTYx_j9Z7VQ,development,3
21,12685,54223,OY1fWhl6Lq0,UCJA-NQ4MtcRIog66wziD8fA,development,2
21,12686,54226,owl3Ion6NaU,UCcspHoBTj_aLhnJLwkMpWHQ,development,5
21,12687,54230,8gjIkmI9E1Q,UCt1uMmva5HBK0qu1hTGGvzA,development,5
21,12688,54231,4lZQ6krbnKc,UCaN5X0a_Su-1Dpb-VsEkUjA,development,1
21,12689,54235,9hllgasmtf8,UCUh8FFbl1BfRmzL9t4Fkykw,development,4
21,12690,54236,OyhSrEkhTUU,UCCKHZiPDJ82fWp1kU-_mIlQ,development,2
21,12691,54239,cKHS7whOgxA,UCMQg72D9bcWjW-umvECrcAQ,test_reserved,
21,12692,54252,fEE3V5qwYYI,UCckltLEhFLv8Xz_lQhYfwmg,development,1
21,12693,54259,GGYm6b5JEiU,UC2YLwpfSSEV2eK31LzJKB6A,development,5
21,12694,54262,bDdG7IWoTyY,UCKvIAFnwVFiuITk3cl7UTxA,development,3
21,12695,54264,JlWEMDRiNcg,UClBC9kT7SSFliwTgLQ7Ms4g,development,4
21,12696,54271,_JqHihScPUY,UC-c6MH2EkbLgjFT63lAx1Jw,development,3
21,12697,54272,iZqwYc17_C4,UCLwwxYXhMc1fCIAnaO8nYrQ,development,5
21,12698,54284,ImlBDM40Mwo,UCCK3OZi788Ok44K97WAhLKQ,development,2
21,12699,54287,m7Cq4D-tnXA,UCuK-W8b-YHBZY043p-Mxn8A,development,2
21,12700,54289,RudxCx5UNTI,UCMKVkE8hcrq8XVr_GftJ_sg,development,3
21,12701,54291,XL1XiN1ebIE,UCQkPhQ-6NhA1v7Tpsp6EnKQ,development,2
21,12702,54297,JSXQmWX4bsQ,UCd-gmzevnJBe9jHuNDMrI0w,development,1
21,12703,54300,5o9gn6C6Zh8,UC4VkNi2RZSJyqXsFaJYfsPg,development,4
21,12704,54304,WW7a_WrzKak,UCBf296-OhUNfaDbtcYQ4RQQ,development,2
21,12705,54305,Bf80hlb-Mj4,UCV1NPkc2O0YZBtx_rhDkicw,development,3
21,12706,54310,H3qp-2KbuZM,UCTWZbDqPbg0Z1kpR3U_mO6g,development,2
21,12707,54311,YGe5khQv7J8,UCLuP7ROjaueiuNbzrvPqXSQ,development,2
21,12708,54318,M-ZHHAwp88k,UCfctDMDRq0cS1N8ddyvLfAg,development,5
21,12709,54323,5AuR6Q6JYoM,UCPaLywDTxz4X0KMks4GOTfQ,development,5
21,12710,54324,AD1tT2gOiLs,UCq0hVW_G5kWt2ocLhbjOtGg,development,2
21,12711,54326,-IwROykji9E,UCLohwIO-jl-eXfGLnP0rfjg,development,4
21,12712,54335,Ug_oMILtZpw,UCjm7vbOwssao7Bhm9wX3-bw,development,5
21,12713,54347,TESWaIvUCjg,UCnT7Z6-yqjhM__jZbK_B3kw,development,4
21,12714,54349,0rmwR80nOmI,UCYweMykEAI5aaRztqrJuuAg,development,5
21,12715,54350,Nh0MK8eE2uQ,UCcijXxFzSXgoM6q9cCtT9PA,test_reserved,
21,12716,54351,WlR4FhY5FqY,UCCK3OZi788Ok44K97WAhLKQ,development,2
21,12717,54352,k4KVg4Czx6c,UCCK3OZi788Ok44K97WAhLKQ,development,2
21,12718,54357,xjRLicOddD8,UCMEXwFurMItX0u1yit-UrAw,test_reserved,
21,12719,54359,l8Iv3-HqRF4,UCsAPX_-Yu9O_3dJu0aUj_BA,test_reserved,
21,12720,54374,wW_3bqthT7U,UCDyVn80GuHYMgkKe3nVJXAw,development,1
21,12721,54380,YxnFsPkQ0Bw,UCckltLEhFLv8Xz_lQhYfwmg,development,1
21,12722,54394,HE90Xlsnlhw,UCg22fUwQQF-7Sf6-TIVIFrA,test_reserved,
21,12723,54395,nfDhreX11rg,UCTa7XGYF8a8jFVozt8rEIlw,development,5
21,12724,54402,2dzo8CK7VIk,UCpnf3Ymd5S3zC0G7XvR0rEA,test_reserved,
21,12725,54404,3opsqC4qT_4,UCpKHQzqFn8VhNKQVCNp2M1g,development,5
21,12726,54411,PRuc8gaQEZw,UCPXSUKHTNc1_hnHuj-UiQWQ,test_reserved,
21,12727,54412,MDwT1KvCM_Y,UCol1SzfebXhRo0ltxOJZ9cg,development,3
21,12728,54416,UB1Npmkc5cQ,UCG0j1mTQov3RVBgLgh6wbKg,development,2
21,12729,54419,6Jt7xpXMFwU,UCl5xacxsAhltNGtiMktd_Sg,development,5
21,12730,54427,1iWqlocNC84,UCbS_glb2N1NVTrDLVryRbng,development,4
21,12731,54431,F-Cclm3HyNs,UCoPGkvh-1AoSzh23-ROXrpw,development,3
21,12732,54435,9eqOlZamM08,UCbS_glb2N1NVTrDLVryRbng,development,4
21,12733,54439,2_EBkjSsFa8,UCp3vt0JWTbhd15j9PSn3RnQ,development,3
21,12734,54440,FAEjJIkDlKk,UC9ydRoXpQVhwb3sM7VY8xNg,development,1
21,12735,54441,S2m-25I-elw,UCzyTz2So395JRTH79AlQS7Q,development,1
21,12736,54458,iELs478XQ78,UCbS_glb2N1NVTrDLVryRbng,development,4
21,12737,54462,rMiqJfMgIKE,UCckltLEhFLv8Xz_lQhYfwmg,development,1
21,12738,54467,lzuGlGz8aJ0,UCCbm1E52PV05ZLv6dtRB92Q,development,5
21,12739,54471,lrHYpOJhNhs,UC8rcDufKZ3W6CtZU69CtMXg,development,3
21,12740,54474,ROejig9Of0I,UCaESx7Bdghv_UICcG1hBkcg,development,5
21,12741,54477,3SUJaJYEz0c,UCOtYyt7W5PmPnwQjWWF_Z-Q,development,3
21,12742,54479,x4iok34q8N0,UC5IM2uMULjHt-0aAfiG8E_A,development,5
21,12743,54481,kBnwR8ClbdU,UC1YGPDtctHGJWW0NrlQVklw,test_reserved,
21,12744,54482,8NvA9Ts38fo,UCckltLEhFLv8Xz_lQhYfwmg,development,1
21,12745,54484,PuljEK7Y-78,UC4VkNi2RZSJyqXsFaJYfsPg,development,4
21,12746,54494,HCIjtGRg-vA,UC1YGPDtctHGJWW0NrlQVklw,test_reserved,
21,12747,54503,OVGOO3o6S9Y,UCckltLEhFLv8Xz_lQhYfwmg,development,1
21,12748,54516,icMSDNbBHK4,UCoNaQS6wefjNVFkwvxrzAYw,development,4
21,12749,54518,DWW84C8-iU8,UC0xD4bzto2wp16mXMdHgBVg,development,4
21,12750,54522,6a1uBKhU90I,UCn0XmAUFv6d2tofMFEesSNw,development,5
21,12751,54527,I5a701LMsz4,UCV_4W6LL-Iwh0UaT_B6exQg,development,3
21,12752,54529,UmGpeRi7BBE,UCbS_glb2N1NVTrDLVryRbng,development,4
21,12753,54531,XpmTHJdc1_8,UC1hcl0aIr9KtXA-Kiq9itqw,test_reserved,
21,12754,54532,Y68p-FlWzf4,UCckltLEhFLv8Xz_lQhYfwmg,development,1
21,12755,54545,PK8m7DFlPWQ,UCBWG_GjopQPckewo1_IvhLQ,development,1
21,12756,54548,nRl6UVN3tAw,UCS7TOzC8cRTnUklI6cch2zA,development,1
21,12757,54549,nRk07OmaSJg,UCqrqt9Egbp4Voh3iEUUoorw,test_reserved,
21,12758,54550,TgHjdGfRak0,UCCK3OZi788Ok44K97WAhLKQ,development,2
21,12759,54551,yydGPHPFpYo,UCALssg4U8BjdtR-DX43o-mQ,test_reserved,
21,12760,54553,g_js7wReBPs,UCCK3OZi788Ok44K97WAhLKQ,development,2
21,12761,54559,QlssgEb3yMo,UCkXjFNkQdPUGCXGvwqAx7og,development,2
21,12762,54561,VpM0fw0fnDA,UCbR7juPwtP-bV_w0840ciYQ,development,4
21,12763,54562,Hqo780yQMi4,UCp3JwFW1xiUY4QwLqSsbNyw,development,4
21,12764,54565,4j-YUNJYAag,UCes373iqg3EYZrnuhDWkfeA,development,1
21,12765,54574,fpNKR3Hcdu8,UCTWJG6nS2y6e3ETGBavoIyw,test_reserved,
21,12766,54581,9iOycgAAHxA,UCOtYyt7W5PmPnwQjWWF_Z-Q,development,3
21,12767,54583,iEDMrfv-wOE,UCuW9OiaVwvoOraW1Jcc3_uA,development,2
21,12768,54586,GKQ8fzZeimU,UCHhk9EHspPZejY9PnR1PLVg,development,2
21,12769,54599,NJERG6prH3g,UCCK3OZi788Ok44K97WAhLKQ,development,2
21,12770,54600,Tt0tas7t7c4,UCbVw-Yr6A7L4hPi8W6zsQlw,development,3
21,12771,54611,ZZ5Fyg2rbK8,UCLNz9bgiJfM3ImTtYDOt8Ew,test_reserved,
21,12772,54613,A-QmxfanEGk,UCwsNWoSlQUyeWgbVQYZtLOA,development,3
21,12773,54617,wjqD3QmeqTo,UCnkon33rksDXo3qChhTs5Vw,development,4
21,12774,54618,iU5xivYJz9I,UCYmEcbCgb9yxZZJGH1rtn_Q,development,3
21,12775,54626,GTUAiIzYZWc,UCCK3OZi788Ok44K97WAhLKQ,development,2
21,12776,54627,_ktrwDekhoI,UCxyOEiDidNJQGoMJXjOVW7A,development,2
21,12777,54628,uua5ETdD8p8,UCckltLEhFLv8Xz_lQhYfwmg,development,1
21,12778,54635,Gn8pAMNeuns,UCFGhJsc1ddSN8819LsMa90w,development,5
21,12779,54638,3-DpDVHW0j4,UCSfmHr5cQvlVKR2f6p8T01w,development,5
21,12780,54639,tZVetWHsSSI,UCEWXUrJx9ufOtbQH5VRoVzg,test_reserved,
21,12781,54660,yARMX7vP53A,UCZNreSxdvd50nzMz5zkXg4w,test_reserved,
21,12782,54671,jS7Zw6S07NU,UCVd1jcy6wKFzfQ5E-Txtg-w,development,4
21,12783,54677,BNOvaCDwYVU,UCckltLEhFLv8Xz_lQhYfwmg,development,1
21,12784,54686,WHNuEk-GnSw,UCY8jtiRLqx1Sv5A0fWYGlNQ,development,2
21,12785,54690,ULoYwApI5Ok,UCQTcNhAZidy1i9wwmdgf2Lw,development,4
21,12786,54692,3Rf0Z-5u_Sk,UCA5xW2Ce7KT2AtxzDYDebCA,development,5
21,12787,54694,o4lbQlsieME,UCBl0eCJiXy8m5icfs2SihGQ,test_reserved,
21,12788,54697,yfwj--Bs28M,UC62QgaEe8YqmCcxbeyxQg9w,development,1
21,12789,54703,5kmWxtDnakI,UCz84dcspzky4K9dlmsP7K8Q,development,3
21,12790,54704,lGabeYXLAbM,UCCK3OZi788Ok44K97WAhLKQ,development,2
21,12791,54705,5Hki_4dNWXE,UCPXSUKHTNc1_hnHuj-UiQWQ,test_reserved,
21,12792,54706,2OpG07-Se9c,UCmLefvOWUhvzrk0ToJbK2AA,test_reserved,
21,12793,54716,gpLjvzz_WLo,UCckltLEhFLv8Xz_lQhYfwmg,development,1
21,12794,54720,tD7JVFjawcc,UC6jQt9K_jqnBNtsRf7hXHsA,development,5
21,12795,54733,7eCEX9EQosU,UCRDDfbYPHX_GUJ4lcQYTc8A,development,4
21,12796,54738,S-OdAgF2nes,UCM3bQBUJ0PEbgfe9lAw_Y3Q,development,4
21,12797,54742,zJn1RI4YPsA,UCLNz9bgiJfM3ImTtYDOt8Ew,test_reserved,
21,12798,54744,zHRUlgmbCVc,UCB-bp711WZ_Byu1zwfmxJDg,development,3
21,12799,54748,scBZBC_2V-o,UCCK3OZi788Ok44K97WAhLKQ,development,2
21,12800,54750,8s-3E5E8n98,UC79_e04SJ3BzHpEdbmmaiVg,test_reserved,
21,12801,54756,2F9JWr4Bems,UCCK3OZi788Ok44K97WAhLKQ,development,2
21,12802,54765,ejXkzHVwxwg,UCh2Xwe7on2Oa2MBtk8zvEuw,test_reserved,
21,12803,54766,hCLPh3ZCw7w,UCcijXxFzSXgoM6q9cCtT9PA,test_reserved,
21,12804,54776,HMIYFqq1loQ,UCx4GT61AI2dyy3FVFZ3s9Hw,development,1
21,12805,54782,Wm99V78JW1A,UCOtYyt7W5PmPnwQjWWF_Z-Q,development,3
21,12806,54785,LSHuMBksy5k,UCu3jIK2NBSXc0_YaFqEuIrg,test_reserved,
21,12807,54791,9C68DPS07tM,UCckltLEhFLv8Xz_lQhYfwmg,development,1
21,12808,54806,fLpd8KhLK8U,UC2sO_F_Ky4LIAUtSJYXqBDA,test_reserved,
21,12809,54807,-OnzjjmRSzc,UC4Tu0ezWjyVMBD7lyX3EOdQ,development,5
21,12810,54813,KIeWz23LtRY,UCckltLEhFLv8Xz_lQhYfwmg,development,1
21,12811,54814,JL_G7gNB3B4,UCrhkgHTUdZXbCd69TNuQuMg,development,2
21,12812,54818,18x8htGrNBM,UCCbm1E52PV05ZLv6dtRB92Q,development,5
21,12813,54820,xYFaXBDjj5c,UCAH7R88V7gz7RqJv78nNOzg,development,3
21,12814,54822,uNiko1q3EUw,UC7di5zivMKpYOmhyhZ2nVvg,test_reserved,
21,12815,54825,0u9Mm4E1Dec,UC1sLZ1wqSN1YFrlp92y5yyA,test_reserved,
21,12816,54827,JYo_aEm83JA,UCckltLEhFLv8Xz_lQhYfwmg,development,1
21,12817,54831,2eXPIPDR7mc,UCckltLEhFLv8Xz_lQhYfwmg,development,1
21,12818,54834,JUF3LtII0Ww,UClmcdMeyewoxHEYb2XDjhJw,test_reserved,
21,12819,54838,h029cg2miPE,UCgy5luu86OLBeugp27Tnddw,test_reserved,
21,12820,54847,FjwivHQzwPk,UCOtYyt7W5PmPnwQjWWF_Z-Q,development,3
21,12821,54850,Id1DSy45EaY,UCV_4W6LL-Iwh0UaT_B6exQg,development,3
21,12822,54857,2nZuGfv3D60,UCEa6e_J_Xs_GKCzG8Eq15Xw,test_reserved,
21,12823,54862,ma8g401u6f8,UCbkMFGQ_RWIf0OiYeOpf6Ng,development,5
21,12824,54863,1h-sF3Pdh70,UCCK3OZi788Ok44K97WAhLKQ,development,2
21,12825,54865,G_exYhnmdOA,UCOtYyt7W5PmPnwQjWWF_Z-Q,development,3
21,12826,54879,_UDxTeADpQM,UC324VVhYKykBv01GecF4aYg,development,5
21,12827,54884,zdvpZqPUgnA,UCg49edhvr3zKvWJz01MV8Mw,development,1
21,12828,54889,8GeAI2y9CGA,UClSIhhnuyF8fXtBTpOOTknA,development,2
21,12829,54890,Gx7nAlos2mk,UCckltLEhFLv8Xz_lQhYfwmg,development,1
21,12830,54895,P64ylq-Hz7c,UCckltLEhFLv8Xz_lQhYfwmg,development,1
21,12831,54897,ryI8wtlHc6M,UC8lKgUHo-2mSR5cRRXO9xow,development,3
21,12832,54898,GPBsi7tMulY,UCAeBFsK2bmm5lkgy90uFiqw,development,4
21,12833,54900,VVTjQqqpSqs,UC4-OGkz_qi4h59w_HeqwYjg,development,4
21,12834,54905,M1e4P2_FJ5s,UCCK3OZi788Ok44K97WAhLKQ,development,2
21,12835,54906,Nvgkw0iCN2g,UCAgBGlUKoAQFXMUzshrWDgg,development,5
21,12836,54907,tEK3gto95gQ,UCzNxbzqN0to4GNb9otFuGJQ,development,4
21,12837,54914,c-xBoBNBp-4,UCj1dU6sfWVtm1AeD1yT7iFQ,test_reserved,
21,12838,54916,1_we18e5NlU,UC6sgbgxlGWWlabFdSAvk31g,development,4
21,12839,54918,0HRxorGSU7I,UCckltLEhFLv8Xz_lQhYfwmg,development,1
21,12840,54921,rlgNEsi4iaI,UCcg4tDKgPLIc_x3lhWdogLg,development,3
21,12841,54928,mqqwRUJQ7cc,UC0tV1b7IFEXFUUILF7mAcWw,development,2
21,12842,54929,4v_pQYa8dzo,UCwt4zdWrmnBpglCHb1ArREA,development,2
21,12843,54934,n2P6FNPNhVU,UCr1DskOOC0p1agQs4jnkdNg,development,1
21,12844,54935,I2B4NM7Y7ck,UCRyHK0HPW8OQtTqtRLqCMlw,development,3
21,12845,54937,xF4D72p0TPA,UC6MkngMDyobFNaXOZR0ukyQ,development,5
21,12846,54938,MXXYsOdlQi8,UC1YGPDtctHGJWW0NrlQVklw,test_reserved,
21,12847,54939,j8FTLgvtOMw,UC0MnP2Iso6enxaJTBZ3_nJw,development,1
21,12848,54944,-CSW1cPXggM,UCdgWTRipbTuQsIiiPb6fB-A,development,4
21,12849,54945,sAl7yZ0Toqg,UCaESx7Bdghv_UICcG1hBkcg,development,5
21,12850,54946,VljXN4tizaw,UCcijXxFzSXgoM6q9cCtT9PA,test_reserved,
21,12851,54948,ns_PX4JgnJk,UCaCnmd0sVADrw8228hCBnlA,development,3
21,12852,54951,oqB-PMOKssc,UCXDs97xqSkkV9WSXMtYvCEw,development,4
21,12853,54952,WZo34gANgJw,UC1YGPDtctHGJWW0NrlQVklw,test_reserved,
21,12854,54958,4QviEsDK2dM,UCzTvNyQqdAOigD6ZzhNKyPQ,development,2
21,12855,54962,NvQu_9CfU0o,UCCK3OZi788Ok44K97WAhLKQ,development,2
21,12856,54965,nIVZmP1sB8Y,UCbS_glb2N1NVTrDLVryRbng,development,4
21,12857,54967,de3psi_H1NM,UCCK3OZi788Ok44K97WAhLKQ,development,2
21,12858,54985,p-7hJceObu0,UCgnFSj7jQffD5V5m05j4dPw,development,5
21,12859,54986,YAA215IadYM,UCckltLEhFLv8Xz_lQhYfwmg,development,1
21,12860,54987,60xmLPtzTfE,UCwaUcCAOyzudilU2vsxtieg,development,3
21,12861,54988,7s4zd23YyWY,UC0UN7hnzgIxDgG582qgy4cw,development,5
21,12862,54989,2mZhD1lGAZI,UC0Ixpv316Cz0tAqp900J-qg,development,5
21,12863,54991,boeQ0DzB6YY,UCeLsnnibnzDaSpMZMPJcvAw,development,4
21,12864,54993,5JU2a6OKr3M,UCLuP7ROjaueiuNbzrvPqXSQ,development,2
21,12865,55002,ZZNjZFQGmZs,UCYKyUJ4cVLcnU6rUyJvOupg,test_reserved,
21,12866,55006,7W7nLw5FRpM,UCaESx7Bdghv_UICcG1hBkcg,development,5
21,12867,55007,bmVujwLBuc4,UCI9B6cvPkauAUvfV2CvKMMQ,test_reserved,
21,12868,55010,gC5NkPulKYg,UC324VVhYKykBv01GecF4aYg,development,5
21,12869,55014,Z4BLonby69c,UCgnFSj7jQffD5V5m05j4dPw,development,5
21,12870,55017,hLX6eJWXLow,UCckltLEhFLv8Xz_lQhYfwmg,development,1
21,12871,55018,_2m2cJJNXug,UCcijXxFzSXgoM6q9cCtT9PA,test_reserved,
21,12872,55020,JYEmfGokaho,UCyrW9aDENkU6G6URdVFwB9g,development,3
21,12873,55023,-cTe5nUOPx8,UCJA-NQ4MtcRIog66wziD8fA,development,2
21,12874,55029,R_LnT5FCHbI,UCgnFSj7jQffD5V5m05j4dPw,development,5
21,12875,55032,nQo4rEoT-hM,UCOtYyt7W5PmPnwQjWWF_Z-Q,development,3
21,12876,55034,9UEKquV8jb8,UCMayHG7j39d11Gh36vV7GnQ,development,5
21,12877,55037,NJqiLG8oXmk,UCTlVnv2IrpdHPiB4PeaH6Lw,development,2
21,12878,55038,rDAC3wHJcGo,UCaESx7Bdghv_UICcG1hBkcg,development,5
21,12879,55039,KbPx46HHOwE,UC9y7Wh-inBLM44vBwc9MGJg,test_reserved,
21,12880,55049,hqOrl16P77I,UCZwRhDqyXXFucAGxyQs40uw,development,3
21,12881,55051,5UvOckGCcyI,UCql-jEixeuMcyabHRYqr-Zw,development,3
21,12882,55052,9Q0G3SylnLc,UCckltLEhFLv8Xz_lQhYfwmg,development,1
21,12883,55053,qWXMBg2q6zM,UCuW9OiaVwvoOraW1Jcc3_uA,development,2
21,12884,55055,uFRbKoglBOw,UCskNFH2e4ptFTkgeVmFPNhA,test_reserved,
21,12885,55057,tCO2nv3jPm8,UCgnFSj7jQffD5V5m05j4dPw,development,5
21,12886,55066,2ACg4wTT0dM,UCMkW7S3IszN1L9u1bLw23rQ,development,2
21,12887,55068,Weh8WQ_yrPw,UCn0XmAUFv6d2tofMFEesSNw,development,5
21,12888,55069,CwJV5w9ShBQ,UCCK3OZi788Ok44K97WAhLKQ,development,2
21,12889,55076,xuOZPIGvPPc,UCMayHG7j39d11Gh36vV7GnQ,development,5
21,12890,55077,qqnzW1Aznn4,UCbS_glb2N1NVTrDLVryRbng,development,4
21,12891,55085,KHdp0NdDIrA,UCgnFSj7jQffD5V5m05j4dPw,development,5
21,12892,55086,_ZhZiB0SRLY,UCckltLEhFLv8Xz_lQhYfwmg,development,1
21,12893,55087,xkYIDP05vfc,UCMbCp4Ex7fmeIqwwWjBMeoQ,development,2
21,12894,55089,jOzQgYYmtwI,UCBsrUim15y-s6PfMISCR38A,development,2
21,12895,55090,LsqjFMXzcwM,UCGuZrn4CWph7RZNvkgsmLFA,development,1
21,12896,55092,av_y0tvetkc,UCckltLEhFLv8Xz_lQhYfwmg,development,1
21,12897,55098,LMnM9EoxLtc,UCsCp9NfFhRhL6DvDjWtAweg,development,1
21,12898,55104,ximmWu4tVic,UCQTcNhAZidy1i9wwmdgf2Lw,development,4
21,12899,55115,yjXH2Gerx9s,UCCK3OZi788Ok44K97WAhLKQ,development,2
21,12900,55118,6eK0sh8MbNA,UC5IM2uMULjHt-0aAfiG8E_A,development,5
21,12901,55119,O3vfZNUa748,UCuTgmLxqarTxuBU5ARMYUNQ,test_reserved,
21,12902,55127,Zr8R4IXLWz4,UCOtYyt7W5PmPnwQjWWF_Z-Q,development,3
21,12903,55132,krYWUbFJDOM,UCkagcQYGoYFuXsUg-ObSL6A,test_reserved,
21,12904,55141,nnrqPZ8kyO0,UC0tV1b7IFEXFUUILF7mAcWw,development,2
21,12905,55166,00a0iWD8eVA,UC0nMJ3QNryBHZpy1P3Wamwg,development,4
21,12906,55169,TT6EYNkXUAs,UCf48pki8AqjBHuV80LcC7kA,development,5
21,12907,55170,fIgaDhKnOa0,UC6aSX46078fvOY9bY9ZUTYw,development,5
21,12908,55177,CDD-Lgu4sKc,UCg22fUwQQF-7Sf6-TIVIFrA,test_reserved,
21,12909,55183,2NT-jCAEV6U,UCbS_glb2N1NVTrDLVryRbng,development,4
21,12910,55190,bgLWabX_p2Q,UCppSNX9SEvI6TM1U0GLGQyA,development,4
21,12911,55194,ZKDS0FtGpao,UClSIhhnuyF8fXtBTpOOTknA,development,2
21,12912,55195,x114m6BzVpA,UCY4bDDhY9fqt97qV4mVAiAw,development,4
21,12913,55198,BilAVlEyn0I,UCDqFysWGVtduHRyawK8oJkw,development,1
21,12914,55199,0EHo6yc14Yc,UCah2xR5R0nYaI4YrArPcSCg,development,4
21,12915,55200,IY_3aKnft28,UCXDs97xqSkkV9WSXMtYvCEw,development,4
21,12916,55203,EZR-OXUVYdQ,UCPXSUKHTNc1_hnHuj-UiQWQ,test_reserved,
21,12917,55208,jd4ZCjvNw5A,UCmqflTSJ6911aCrnaWIXxsA,development,2
21,12918,55228,ubVRHuYNdtY,UCgnFSj7jQffD5V5m05j4dPw,development,5
21,12919,55231,J8jJ0ing8Lo,UCmTrMV3RUj_n8dO0Ff-wHOQ,development,4
21,12920,55232,9L5HQRcGUz8,UCckltLEhFLv8Xz_lQhYfwmg,development,1
21,12921,55247,lJiSq71Tulw,UC35oZgra9TA5Vxr9PrTjRyg,development,5
21,12922,55250,I4nImhWSlbw,UCC6cU7x6NQPW8-FXpVL_Ubw,development,3
21,12923,55251,KcrL4hjuYzI,UCgnFSj7jQffD5V5m05j4dPw,development,5
21,12924,55253,J-q1nT4FuQk,UCCK3OZi788Ok44K97WAhLKQ,development,2
21,12925,55254,p7D13EdW0pM,UCCK3OZi788Ok44K97WAhLKQ,development,2
21,12926,55257,g9D4ffID1dU,UCgnFSj7jQffD5V5m05j4dPw,development,5
21,12927,55258,D4F_-1ZL9Ms,UCcrsFwwoMvcXYpJ0XldIlVQ,development,3
21,12928,55260,yh7kkibWaGs,UCcijXxFzSXgoM6q9cCtT9PA,test_reserved,
21,12929,55269,MBvWe0G7ynk,UCmqflTSJ6911aCrnaWIXxsA,development,2
21,12930,55272,Jb1WO5yuPu8,UCu_uRk4D5klE6p_SBLVOWaQ,test_reserved,
21,12931,55278,xwBZVoCd-Js,UCPXSUKHTNc1_hnHuj-UiQWQ,test_reserved,
21,12932,55279,HoHXgDd7cLo,UC8lKgUHo-2mSR5cRRXO9xow,development,3
21,12933,55282,FWqpSXsdb00,UCtnFdFtN_fDK-xHkgGtgloA,development,4
21,12934,55285,GzDncjl9HWc,UCAH7R88V7gz7RqJv78nNOzg,development,3
21,12935,55286,8uwn2WJiyBc,UCAH7R88V7gz7RqJv78nNOzg,development,3
21,12936,55301,4h4_zd0j5IU,UCckltLEhFLv8Xz_lQhYfwmg,development,1
21,12937,55307,EjvNGQqBF3Y,UC1YGPDtctHGJWW0NrlQVklw,test_reserved,
21,12938,55312,ezUaqM99SeQ,UCckltLEhFLv8Xz_lQhYfwmg,development,1
21,12939,55316,jWzeLrINpWI,UCzNxbzqN0to4GNb9otFuGJQ,development,4
21,12940,55317,Q1zKk1m8nSg,UCYKyUJ4cVLcnU6rUyJvOupg,test_reserved,
21,12941,55318,j_VolimG7i4,UCaESx7Bdghv_UICcG1hBkcg,development,5
21,12942,55326,bZxOKPISn2g,UCckltLEhFLv8Xz_lQhYfwmg,development,1
21,12943,55331,cIyDcHYeU6E,UCOtYyt7W5PmPnwQjWWF_Z-Q,development,3
21,12944,55334,xTvn8ucvnU0,UCaIc6SgS90ud_RgMSC6hW_w,development,3
21,12945,55341,kf5A57o7qmU,UClRNtb47OA2TokvvxKsx7JQ,development,2
21,12946,55345,NWzveHu_Z8E,UC7SpeEKCvhjtxa4VX2sHA1Q,development,1
21,12947,55352,rkHJPLE4Njw,UCjm3xnBye4keJCmF2raTl3w,test_reserved,
21,12948,55356,oQ_tnfjVtfQ,UCCK3OZi788Ok44K97WAhLKQ,development,2
21,12949,55364,UJOR_S4zXnw,UCPXSUKHTNc1_hnHuj-UiQWQ,test_reserved,
21,12950,55365,J1OHKhXfekE,UCcijXxFzSXgoM6q9cCtT9PA,test_reserved,
21,12951,55366,6MukFCcF_wQ,UCdgWTRipbTuQsIiiPb6fB-A,development,4
21,12952,55379,AkzeSX1Fa7M,UC1YGPDtctHGJWW0NrlQVklw,test_reserved,
21,12953,55380,OsK2WfvMaBg,UCc30sTBdN9LRSxEuHaXV_bQ,test_reserved,
21,12954,55392,jAHfSqcOdYE,UCk0ZLeOPZVnRJn_s1x-8Idg,test_reserved,
21,12955,55396,FUufgEZldxs,UCzdwVqqrY_z1DJkpLfdMHag,development,1
21,12956,55399,VtwuxYrd2T0,UC2sO_F_Ky4LIAUtSJYXqBDA,test_reserved,
21,12957,55400,GF3nT2PfGlI,UCKOwktknl1Nml4md_6xtHWw,test_reserved,
21,12958,55403,3BQH5C_OFM8,UCOiMY00_ZLijPF6InrCl0TA,development,4
21,12959,55404,xbnIYER_Ozg,UCZbELqSq-v0admOH04dE2tg,test_reserved,
21,12960,55407,zYL_Xzg37dc,UCMIOtMp-WuFS6f25y4Cwytg,test_reserved,
21,12961,55411,uiZsJKp6cPc,UC79_e04SJ3BzHpEdbmmaiVg,test_reserved,
21,12962,55415,3qMgxF5xkrM,UC4Pb9SEsCb1EpsXVYAVVajw,development,2
21,12963,55417,1tpDwDB2Gns,UCgnFSj7jQffD5V5m05j4dPw,development,5
21,12964,55423,9tGq5501CPo,UCckltLEhFLv8Xz_lQhYfwmg,development,1
21,12965,55428,T1V6u2nOlKs,UCrVFS_0PdV7AwyTgR13IcVg,test_reserved,
21,12966,55431,0PyPiDBxFUg,UC0tV1b7IFEXFUUILF7mAcWw,development,2
21,12967,55440,VZlzWaEq0ow,UCMayHG7j39d11Gh36vV7GnQ,development,5
21,12968,55441,ZISkmrffVcY,UCgnFSj7jQffD5V5m05j4dPw,development,5
21,12969,55445,18CxgpkxtEQ,UCMEXwFurMItX0u1yit-UrAw,test_reserved,
21,12970,55448,d1WcJvS7K90,UCLNz9bgiJfM3ImTtYDOt8Ew,test_reserved,
21,12971,55459,02MXqKI7SnQ,UCG0j1mTQov3RVBgLgh6wbKg,development,2
21,12972,55462,umV2TWvV188,UCQTcNhAZidy1i9wwmdgf2Lw,development,4
21,12973,55463,uCj6T8JQV0U,UCOtYyt7W5PmPnwQjWWF_Z-Q,development,3
21,12974,55469,WQtnqtC_AGk,UCckltLEhFLv8Xz_lQhYfwmg,development,1
21,12975,55470,7jCuV4o142k,UCckltLEhFLv8Xz_lQhYfwmg,development,1
21,12976,55471,qGS4jPVz7a0,UC1YGPDtctHGJWW0NrlQVklw,test_reserved,
21,12977,55472,E5yXq-wlMlE,UCU57IJhYK4v_XCOo4khbBxA,development,3
21,12978,55477,7FGEpeA4z6A,UCckltLEhFLv8Xz_lQhYfwmg,development,1
21,12979,55485,UTbtdQwBsbY,UCq_7vQg_7NcbDTzVP9qxmgg,test_reserved,
21,12980,55493,6bBxpAqs6W4,UCckltLEhFLv8Xz_lQhYfwmg,development,1
21,12981,55499,f-8NbsfyA_E,UC12Ujt77-UFGXPAalKwuXDg,development,1
21,12982,55503,1uwuIKfiuBw,UChdRlRaJpIhRYoHvXwFxRKA,test_reserved,
21,12983,55504,4RCuyc6-EN0,UCf2Iar2LDcFaSCnVH1ZMUkA,development,3
21,12984,55505,XeQ60LlsXj0,UCu7cGbQEMgGk8TD0ZYucM5g,development,5
21,12985,55510,BNlNR5u9txI,UCaESx7Bdghv_UICcG1hBkcg,development,5
21,12986,55512,CotIiRxnCns,UCUWsih24MIJm0hrkWmhJkmA,development,4
21,12987,55513,vQ1X306Cvgg,UCM3bQBUJ0PEbgfe9lAw_Y3Q,development,4
21,12988,55514,Tz13bNFiV-w,UCbRbdFTihZZCq8r5-bQa0sA,development,2
21,12989,55535,W43VFkrMX4o,UCVWqZXv-sjeFu5jKbQ1cA-Q,test_reserved,
21,12990,55554,TERGeGwkpuk,UCcijXxFzSXgoM6q9cCtT9PA,test_reserved,
21,12991,55556,laCJBGH1cdU,UCidNC9-9DsHj3FmP5N42Lqw,test_reserved,
21,12992,55561,aOXh9stg3E4,UCo7jGFwywOdtesciwW-POqg,development,3
21,12993,55562,rQaWDNuBsdM,UCwyld30uUaeOoRl9Y1dsfLw,development,4
21,12994,55563,qOYvDC4v81s,UCKurrM38zebptCChSC6QpuQ,development,4
21,12995,55567,v7SDuk0yynY,UCCK3OZi788Ok44K97WAhLKQ,development,2
21,12996,55576,LfVYrFA03JA,UCaESx7Bdghv_UICcG1hBkcg,development,5
21,12997,55579,YLAdj-9i0nA,UCCK3OZi788Ok44K97WAhLKQ,development,2
21,12998,55584,rLRnLjTrdvs,UCOtYyt7W5PmPnwQjWWF_Z-Q,development,3
21,12999,55586,tUkOl2I2Ss0,UCbS_glb2N1NVTrDLVryRbng,development,4
21,13000,55591,hcX4vhp0nMU,UCckltLEhFLv8Xz_lQhYfwmg,development,1
21,13001,55593,VxuGGN5neEY,UCwIAJtNJEsDReDFDt7fevpA,development,2
21,13002,55602,JNcM_cIjSQg,UCS5U8OTQXzQXMET3NcRguWQ,development,4
21,13003,55608,L6448oxftfE,UCM19g5ow7vLXDTYx_j9Z7VQ,development,3
21,13004,55613,EcQX3W8QfDY,UC1YGPDtctHGJWW0NrlQVklw,test_reserved,
21,13005,55615,oX1g5m9t8CU,UCLwwxYXhMc1fCIAnaO8nYrQ,development,5
21,13006,55618,MyzeuYtBc5s,UC4Pb9SEsCb1EpsXVYAVVajw,development,2
21,13007,55625,VtQjgcevXl0,UCRK13WgCsr2N6y9cbeEq39g,development,5
21,13008,55626,m6PBqRa8Zig,UCIoyIVPZEfC2p0dQwAxGiEw,development,5
21,13009,55632,EQo1BY-w5ng,UCc30sTBdN9LRSxEuHaXV_bQ,test_reserved,
21,13010,55634,cz05Cvwzj00,UC9SnUR9ewkPk9h45L0uY6SQ,test_reserved,
21,13011,55637,7svVGXRZM00,UCgnkk8P4G9yQFuRl0dEO1HQ,development,2
21,13012,55639,0ow5w7ZoaUw,UCLNz9bgiJfM3ImTtYDOt8Ew,test_reserved,
21,13013,55640,0ERBtNshSOc,UC8lKgUHo-2mSR5cRRXO9xow,development,3
21,13014,55651,0z0PAqKwYDw,UCCK3OZi788Ok44K97WAhLKQ,development,2
21,13015,55655,ZQ_F7jsdvxQ,UCQkPhQ-6NhA1v7Tpsp6EnKQ,development,2
21,13016,55659,lYjLB_iwNtM,UCygAzvEJNqZmteflPb1bbGA,development,3
21,13017,55668,LNAESm0uNlo,UCgnFSj7jQffD5V5m05j4dPw,development,5
21,13018,55670,NoOWobB6YoE,UCQTcNhAZidy1i9wwmdgf2Lw,development,4
21,13019,55696,T5eGRKk14R0,UC2E7sjgxaME7k16_TQRR3cw,test_reserved,
21,13020,55702,ugEVDcypXTk,UCm8uQm-q6IUP0u0lssUiITQ,development,1
21,13021,55704,9LqcZ1pnFY0,UC61hH_E3HUjIweuWm20wuDg,development,5
21,13022,55709,9IOejm94eA4,UCRDDfbYPHX_GUJ4lcQYTc8A,development,4
21,13023,55710,JA2LzN5zIL0,UCQTcNhAZidy1i9wwmdgf2Lw,development,4
21,13024,55717,ZhiZFoPCa78,UC3tvYy-s84yySG7V85jRDnA,development,4
21,13025,55718,a9-WhNlCGNY,UCRDDfbYPHX_GUJ4lcQYTc8A,development,4
21,13026,55721,xFDwCIcTaBo,UC6yh7ac2hUGUbrZl_IXwoug,development,1
21,13027,55722,C5ACVbW-D-A,UCqrqt9Egbp4Voh3iEUUoorw,test_reserved,
21,13028,55724,ZbfB5o9jRpw,UCckltLEhFLv8Xz_lQhYfwmg,development,1
21,13029,55727,4H-auATxsHo,UCbS_glb2N1NVTrDLVryRbng,development,4
21,13030,55729,xrg4-LLGUb8,UCckltLEhFLv8Xz_lQhYfwmg,development,1
21,13031,55731,kKGr2XsrXic,UCyITNavL2keUMFEiGoRpH4w,development,5
21,13032,55739,VUCiLeUrwgA,UC8rcDufKZ3W6CtZU69CtMXg,development,3
21,13033,55740,2zfn6l7lflM,UCoTwhjWx2AoxTBLLqRbXG5w,development,3
21,13034,55743,DsrgzxXj8cQ,UCgnFSj7jQffD5V5m05j4dPw,development,5
21,13035,55750,q7HhdAt1Z-U,UCAH7R88V7gz7RqJv78nNOzg,development,3
21,13036,55753,Db8MIIBdUZM,UC_hR1wSDcKjBRTlKtp6LK1A,development,3
21,13037,55766,b89j1pPdRW8,UCjm7vbOwssao7Bhm9wX3-bw,development,5
21,13038,55770,_ZxZcGfIQbA,UCbRbdFTihZZCq8r5-bQa0sA,development,2
21,13039,55773,ma7fa6FAGU0,UCpnf3Ymd5S3zC0G7XvR0rEA,test_reserved,
21,13040,55774,6Iv_Sb2ZxXM,UCckltLEhFLv8Xz_lQhYfwmg,development,1
21,13041,55776,1jmaVnanPS0,UCacIRbbu-hgx4sRW6tZPRoQ,test_reserved,
21,13042,55782,rcSxNGww8bA,UC1YGPDtctHGJWW0NrlQVklw,test_reserved,
21,13043,55785,zgCc5BTXPkQ,UCCK3OZi788Ok44K97WAhLKQ,development,2
21,13044,55786,hv67FFZmTno,UCPfU0uygBGutjaaJU5PpEvg,development,2
21,13045,55795,N6PBczs7QVU,UCrhkgHTUdZXbCd69TNuQuMg,development,2
21,13046,55798,wXGRSI5ZvyI,UCOtYyt7W5PmPnwQjWWF_Z-Q,development,3
21,13047,55803,4OeAitpT8GE,UCv2eZuaYeehdcyLvzucKy-A,development,5
21,13048,55804,B6LY4w3OzwU,UCPXSUKHTNc1_hnHuj-UiQWQ,test_reserved,
21,13049,55810,EKQrYH1ERNo,UCXfgx23Lw81I4wsCNhdVBgw,development,2
21,13050,55813,sh9-t8UkRF8,UCqDbs3rlemiBZmhkh9gXXHg,development,5
21,13051,55816,dEmKVdOV0gs,UCxyOEiDidNJQGoMJXjOVW7A,development,2
21,13052,55819,kex4T5rSfxU,UCqrqt9Egbp4Voh3iEUUoorw,test_reserved,
21,13053,55820,sj5R3OcdVZY,UCcijXxFzSXgoM6q9cCtT9PA,test_reserved,
21,13054,55821,ERH9pzT3t-0,UCuW9OiaVwvoOraW1Jcc3_uA,development,2
21,13055,55822,M9ejHz4GAwk,UCckltLEhFLv8Xz_lQhYfwmg,development,1
21,13056,55823,aOtkBwAP8XE,UCAqN1JjVJgOjk2zSdPMJMUw,development,1
21,13057,55825,K29fvdWvbzs,UCKvIAFnwVFiuITk3cl7UTxA,development,3
21,13058,55830,kiZm3N2FSqc,UCOtYyt7W5PmPnwQjWWF_Z-Q,development,3
21,13059,55831,OdxA1DsxoNk,UC5uGexidH3WqbErqSX_EGJA,development,5
21,13060,55832,C5beLEm-Nz4,UCckltLEhFLv8Xz_lQhYfwmg,development,1
21,13061,55833,xrd9hPjUX_E,UCs_mHlm5_C82W5WCIJaSMbQ,development,3
21,13062,55834,QbW8krnVpq0,UCTVN4mTTEpygVWCwA8f-NAQ,development,1
21,13063,55838,ZFhUWa69gH0,UCQTcNhAZidy1i9wwmdgf2Lw,development,4
21,13064,55839,pBgZD8kqx9A,UCbS_glb2N1NVTrDLVryRbng,development,4
21,13065,55842,_9aat3sjLMo,UCfG1KjPgXr137xDf4RJMtCg,development,3
21,13066,55844,-ySWnB6n6x8,UCnRozrOdQHOjmgfOobDZyUg,development,2
21,13067,55852,hjbyQSOuhKE,UC0nMJ3QNryBHZpy1P3Wamwg,development,4
21,13068,55855,2emntIziNF0,UCRDDfbYPHX_GUJ4lcQYTc8A,development,4
21,13069,55856,jXMs3uw-aDY,UCckltLEhFLv8Xz_lQhYfwmg,development,1
21,13070,55860,O-bvsdwBRU4,UCcijXxFzSXgoM6q9cCtT9PA,test_reserved,
21,13071,55870,SsI54VwM-oQ,UCkagcQYGoYFuXsUg-ObSL6A,test_reserved,
21,13072,55873,mkMqRxVM7oM,UC1YGPDtctHGJWW0NrlQVklw,test_reserved,
21,13073,55877,mJ2Xb8X4Wmk,UCRN8vYHIjLnALfaBCtXfKsQ,development,4
21,13074,55882,R930KgGvggM,UCm8I2aLYgPm_gdzw4SSkiGg,development,3
21,13075,55888,PHSDiEFcPsw,UCWrJW5qgCKGpYAxyMCp5Hxg,test_reserved,
21,13076,55901,4MqyYvAeykw,UCckltLEhFLv8Xz_lQhYfwmg,development,1
21,13077,55905,JjwW6gr38KA,UCckltLEhFLv8Xz_lQhYfwmg,development,1
21,13078,55906,5I-U_CgA008,UCdFAl3bZf7bi7A5HX7USKzg,development,2
21,13079,55911,YSzR1q_jPIY,UCa7tIPq6XgQs1KhuVoUrw5g,development,2
21,13080,55915,HjgQR1RJ22Y,UCckltLEhFLv8Xz_lQhYfwmg,development,1
21,13081,55917,_JD_22v_MWQ,UCtz8B0t1nslDMTpd9-0_5SA,development,2
21,13082,55934,q9M_uERPTBE,UCq_7vQg_7NcbDTzVP9qxmgg,test_reserved,
21,13083,55942,-Sijh-6zj7A,UCBWG_GjopQPckewo1_IvhLQ,development,1
21,13084,55945,PHK6Oqol0hM,UCvB1253p1Sy6KEPhYeiOmrQ,development,3
21,13085,55958,t9F0Zun2I9w,UCXGG6bmgJJ02uSG4gxp4zng,development,4
21,13086,55966,_GNDUlUc21g,UCbS_glb2N1NVTrDLVryRbng,development,4
21,13087,55967,7Q5Kg8Iy_6s,UC1YGPDtctHGJWW0NrlQVklw,test_reserved,
21,13088,55968,djgaQ1WolG8,UCcijXxFzSXgoM6q9cCtT9PA,test_reserved,
21,13089,55969,NOB81vlYba4,UCcijXxFzSXgoM6q9cCtT9PA,test_reserved,
21,13090,55972,yPXxtG5fwDE,UCCK3OZi788Ok44K97WAhLKQ,development,2
21,13091,55983,K-Oe6kE4dt4,UCOgsOVUELkkv_irhET9kK_Q,development,1
21,13092,55985,aH3dBfvp1jM,UCJ_2uU4j7JtfmfsbL4dWVpw,development,5
21,13093,55988,uLvtktYMh0I,UCZNreSxdvd50nzMz5zkXg4w,test_reserved,
21,13094,55996,MGTZHsoev1s,UCVBEe2FrVmZMGbcPX7mNxJw,development,3
21,13095,56006,CQQu_n3fytQ,UCbS_glb2N1NVTrDLVryRbng,development,4
21,13096,56008,Mk6_vjOYqt4,UCOtYyt7W5PmPnwQjWWF_Z-Q,development,3
21,13097,56010,GizNmnpP8lI,UCcijXxFzSXgoM6q9cCtT9PA,test_reserved,
21,13098,56012,MAymS2iOR1Q,UCsAPX_-Yu9O_3dJu0aUj_BA,test_reserved,
21,13099,56023,7soxyZohSFs,UCDqy-V3qY-xtSmiRHlZIWWQ,development,5
21,13100,56028,wwvxgUa-kbg,UCckltLEhFLv8Xz_lQhYfwmg,development,1
21,13101,56030,oXI9acKKrJc,UCVXCitEEweQox0oyIsJONrQ,development,3
21,13102,56037,FOT9lOxe68E,UCc30sTBdN9LRSxEuHaXV_bQ,test_reserved,
21,13103,56043,o5bTtrG3um8,UCs_mHlm5_C82W5WCIJaSMbQ,development,3
21,13104,56044,splXvKOKZK8,UCFNhBN3enTlGFtr-apfIaDw,development,3
21,13105,56045,67hA6syKF80,UCPaa9NR1c6o7QW8kHYbR9Rg,development,2
21,13106,56046,J9T6vTACNQQ,UC_0KqdgCMvhbpYcp9JaqQRg,development,4
21,13107,56049,GYyYVNtOrgA,UCckltLEhFLv8Xz_lQhYfwmg,development,1
21,13108,56050,owv_kwSIoYg,UCM3bQBUJ0PEbgfe9lAw_Y3Q,development,4
21,13109,56057,aoWQjdmcMZI,UCcbOsE5_4LEjtQi8X2PFxDw,development,3
21,13110,56060,SjD6uZ2-_Ss,UCVqfoMNwM8SIpL6BMGTZbcA,development,1
21,13111,56070,UOEblyceslc,UCbS_glb2N1NVTrDLVryRbng,development,4
21,13112,56076,JDRxtChPfZo,UCckltLEhFLv8Xz_lQhYfwmg,development,1
21,13113,56081,KDIHL43JKMA,UCxlfXLzyelcreS9x0plDj3g,development,2
21,13114,56091,PXyvhZLHy1U,UC22LfvKY_7Ibkt5I5wFqwfg,development,1
21,13115,56092,6I0eJbcCFWM,UC3tvYy-s84yySG7V85jRDnA,development,4
21,13116,56098,YuOhHkjFT-4,UCbR7juPwtP-bV_w0840ciYQ,development,4
21,13117,56099,Me3hai0KPuw,UCjiEydGyKdx_An0FP_MT2uA,development,5
21,13118,56100,sU0S4zHWcBI,UC6yh7ac2hUGUbrZl_IXwoug,development,1
21,13119,56102,LGzMfZwavps,UCnqTWrNbHl4SvL60MCE693Q,development,1
21,13120,56109,acCwHLp-awI,UC0QrPhl7LB3tfSN3Fls2o0g,development,5
21,13121,56112,_rWEQSSaEG4,UCPXSUKHTNc1_hnHuj-UiQWQ,test_reserved,
21,13122,56114,oxFWDIni-yQ,UCckltLEhFLv8Xz_lQhYfwmg,development,1
21,13123,56118,YeC0ouJKeBA,UC8kC4R1-G80cwxWLr6jvmtw,test_reserved,
21,13124,56122,hryQX61gs3c,UCRDDfbYPHX_GUJ4lcQYTc8A,development,4
21,13125,56124,-Mzph6Eqe9E,UC22LfvKY_7Ibkt5I5wFqwfg,development,1
21,13126,56125,-x8YeXprei8,UCaESx7Bdghv_UICcG1hBkcg,development,5
21,13127,56129,CYzcKRzEMsk,UCcijXxFzSXgoM6q9cCtT9PA,test_reserved,
21,13128,56132,rQd_rUC6UzE,UCm8I2aLYgPm_gdzw4SSkiGg,development,3
21,13129,56135,_sw8OlIOID0,UCMNaxF22tMr_rcNI5fkUkYw,development,1
21,13130,56136,7lf9ZqKQxrg,UCCK3OZi788Ok44K97WAhLKQ,development,2
21,13131,56137,eAL7d9Uad3w,UCckltLEhFLv8Xz_lQhYfwmg,development,1
21,13132,56142,JEZt8xpgPYE,UCvcVb1fcd-asMSL6-CeOgNw,development,4
21,13133,56143,nfzsW-3kMNQ,UCiBHV5AwzPEBhlIX3yR6-Ig,development,2
21,13134,56145,6xn4cJASc7E,UCCK3OZi788Ok44K97WAhLKQ,development,2
21,13135,56148,AZdudtbldxY,UCCK3OZi788Ok44K97WAhLKQ,development,2
21,13136,56165,N3kZhPPP55I,UCgnFSj7jQffD5V5m05j4dPw,development,5
21,13137,56173,Os572dWvAD8,UCcijXxFzSXgoM6q9cCtT9PA,test_reserved,
21,13138,56175,o_oRI8OtsWk,UCF8njG8eE_xhXZuegdSkytA,development,5
21,13139,56183,Z-uenK79ehw,UCiPqzkmX93ta8vFwMVS81oQ,development,4
21,13140,56188,kHtDhrQJ6u0,UCbS_glb2N1NVTrDLVryRbng,development,4
21,13141,56189,_C4aoWHVsDo,UCckltLEhFLv8Xz_lQhYfwmg,development,1
21,13142,56208,HZW4pfoeFZY,UCU57IJhYK4v_XCOo4khbBxA,development,3
21,13143,56210,df8xZNDuY6Q,UC1YGPDtctHGJWW0NrlQVklw,test_reserved,
21,13144,56211,6KSmocFcR0g,UCQTcNhAZidy1i9wwmdgf2Lw,development,4
21,13145,56216,S9mNHUkVR7A,UCNEf722QEvvmyGaT0HsKxRQ,development,4
21,13146,56224,kUZ0T4qlt-Y,UCrVFS_0PdV7AwyTgR13IcVg,test_reserved,
21,13147,56230,ymqriL8tguo,UC4VkNi2RZSJyqXsFaJYfsPg,development,4
21,13148,56233,tzYJIeJ_vA8,UCc30sTBdN9LRSxEuHaXV_bQ,test_reserved,
21,13149,56234,UTO8HiEz85c,UC1YGPDtctHGJWW0NrlQVklw,test_reserved,
21,13150,56236,yLjBOyJRFGY,UC6jQt9K_jqnBNtsRf7hXHsA,development,5
21,13151,56237,GaKRdV-q2Y8,UCCK3OZi788Ok44K97WAhLKQ,development,2
21,13152,56243,WZoWiAYNSOg,UCbS_glb2N1NVTrDLVryRbng,development,4
21,13153,56245,Ljt9iEx4eqo,UCjm7vbOwssao7Bhm9wX3-bw,development,5
21,13154,56253,l38zaKAl2KQ,UCbCAIiyYUDoFFIzXS0HxYTA,development,2
21,13155,56256,Adg7RGtrHDg,UCA5xW2Ce7KT2AtxzDYDebCA,development,5
21,13156,56278,Ogu11fRHzlU,UCoPGkvh-1AoSzh23-ROXrpw,development,3
21,13157,56280,0RdBQ8QIjnI,UCOtYyt7W5PmPnwQjWWF_Z-Q,development,3
21,13158,56282,LIp7krLzXfU,UCEmxWFAHJxo0qpRfxCDvVUA,development,2
21,13159,56288,Pby6rwJBzW8,UCbS_glb2N1NVTrDLVryRbng,development,4
21,13160,56290,Z6BF_FzgXFc,UCRDDfbYPHX_GUJ4lcQYTc8A,development,4
21,13161,56293,ZDW00FiaCq8,UCh9qXeL8eP3Txra2908xksg,test_reserved,
21,13162,56297,cYv5U-JiME4,UCJtl0GhFcswuh8R_Y-jcLwA,development,5
21,13163,56305,-xgKGR-PZmo,UCckltLEhFLv8Xz_lQhYfwmg,development,1
21,13164,56307,JZ2tiSJz0JY,UC0ZcZzDZe8x6-olaRR5-wYw,development,4
21,13165,56310,YFNiyD1fsZc,UC8lKgUHo-2mSR5cRRXO9xow,development,3
21,13166,56312,1b5j_gwpWkc,UCsDDVBdzvMMZaQtF8vaC9bg,test_reserved,
21,13167,56315,Uks7De0A9GQ,UCT83ymyAGm7Gnk_4ifxjxIA,development,4
21,13168,56319,y41Ot9YLHIc,UCwyld30uUaeOoRl9Y1dsfLw,development,4
21,13169,56322,nqHGgFQiZrM,UCzyTz2So395JRTH79AlQS7Q,development,1
21,13170,56325,b7P1456PSsU,UCqrqt9Egbp4Voh3iEUUoorw,test_reserved,
21,13171,56326,W83GTdsW3v8,UCCK3OZi788Ok44K97WAhLKQ,development,2
21,13172,56329,1vYQ8z0Iges,UCCK3OZi788Ok44K97WAhLKQ,development,2
21,13173,56331,WBNmQrmgcr4,UCcijXxFzSXgoM6q9cCtT9PA,test_reserved,
21,13174,56333,YXRjDMyAY7k,UCOtYyt7W5PmPnwQjWWF_Z-Q,development,3
21,13175,56336,isO6dFBxP-w,UCs7S1q9lLPbNFfKxj_2cLpA,development,4
21,13176,56338,PN4hstPLSXg,UCQTcNhAZidy1i9wwmdgf2Lw,development,4
21,13177,56339,W_z-vtgnM7w,UCpErRATj-Z4ux1lAtBhdfbg,development,5
21,13178,56346,X2jp_LY382k,UC8qBNfgWRK_WYYGSmmrfgPA,test_reserved,
21,13179,56349,mtOS0-IxShI,UCaESx7Bdghv_UICcG1hBkcg,development,5
21,13180,56354,5XbhIBf3jBQ,UCaESx7Bdghv_UICcG1hBkcg,development,5
21,13181,56357,E7Y1InRjHDs,UCbR7juPwtP-bV_w0840ciYQ,development,4
21,13182,56360,Tgi8DfuxMcg,UCvGMkIHn2ajtT6ukmBolg0w,development,1
21,13183,56362,I4-w4qxodMI,UCjYAhUnrkBujtKI3j3LM2uA,development,3
21,13184,56370,KDLGerpb0fA,UCIKg0Ev6Vq2M7hU7bL_jHFQ,development,4
21,13185,56374,Q8bj5jTcaBE,UC9ORGuJaC-QPJByakklL9-w,development,3
21,13186,56376,d4JdEG1Se_0,UC0tV1b7IFEXFUUILF7mAcWw,development,2
21,13187,56380,7-OECB-agAM,UCCK3OZi788Ok44K97WAhLKQ,development,2
21,13188,56381,jKJhLMWa74I,UCMcaGpzjo0D-d6oSvcg8PtA,development,1
21,13189,56383,R2R3QKjmXm8,UCG0j1mTQov3RVBgLgh6wbKg,development,2
21,13190,56386,5MEazZVYPTA,UCEa6e_J_Xs_GKCzG8Eq15Xw,test_reserved,
21,13191,56388,l74TZ49W3Cc,UCbRbdFTihZZCq8r5-bQa0sA,development,2
21,13192,56390,BpnpIf1ZFq4,UCsCp9NfFhRhL6DvDjWtAweg,development,1
21,13193,56391,qdMjd2qpXyU,UCoQrhbL8EqaiWTywvgPlriA,development,2
21,13194,56400,9cZ1Pob0wNU,UCt_fUooMgak5Ev6yI08x8IA,development,3
21,13195,56410,rEI0PhS8g4c,UCVqfoMNwM8SIpL6BMGTZbcA,development,1
21,13196,56413,N3MUzZz86mw,UClCjoJ0fs2RqaRTjukU1jQA,development,5
21,13197,56417,vO366xEeqJE,UCfVmYgJP_bBt00lLtPGsbcQ,development,5
21,13198,56423,aVIEhqJD2Ws,UCQTcNhAZidy1i9wwmdgf2Lw,development,4
21,13199,56425,bwh8Wc0FwYc,UCckltLEhFLv8Xz_lQhYfwmg,development,1
21,13200,56428,3iBG1rSqxfI,UC1YGPDtctHGJWW0NrlQVklw,test_reserved,
21,13201,56436,UHCWVz5Xo8g,UCGnnbsbqbCc7KxSIAbC_d2A,test_reserved,
21,13202,56444,rRl6ewXNv7g,UCT83ymyAGm7Gnk_4ifxjxIA,development,4
21,13203,56452,feMOJuo0BhI,UCMk3TZ_MvwlPbSYp_1FScrw,development,3
21,13204,56456,fANqLxyBdTE,UCuTgmLxqarTxuBU5ARMYUNQ,test_reserved,
21,13205,56458,BbJKPHvXxjo,UCEWXUrJx9ufOtbQH5VRoVzg,test_reserved,
21,13206,56460,sTWqhI9DKNQ,UC4VkNi2RZSJyqXsFaJYfsPg,development,4
21,13207,56461,YJ3sheO74_o,UCOtYyt7W5PmPnwQjWWF_Z-Q,development,3
21,13208,56462,zCderaLSkzU,UCmGMChEd9jBucufrWcpk3Ew,development,5
21,13209,56464,TK5g2fo4g_8,UCckltLEhFLv8Xz_lQhYfwmg,development,1
21,13210,56477,BqnlMRMvwUc,UCG0j1mTQov3RVBgLgh6wbKg,development,2
21,13211,56482,USEo0FvRhS8,UCckltLEhFLv8Xz_lQhYfwmg,development,1
21,13212,56486,kRxxdUzQBiU,UC6jQt9K_jqnBNtsRf7hXHsA,development,5
21,13213,56487,bihz7svTj0g,UCCK3OZi788Ok44K97WAhLKQ,development,2
21,13214,56489,0OGgFHOFpno,UC0ZcZzDZe8x6-olaRR5-wYw,development,4
21,13215,56508,5I2R-oHKIBI,UCf2Iar2LDcFaSCnVH1ZMUkA,development,3
21,13216,56510,6Xy-O54dJio,UCaESx7Bdghv_UICcG1hBkcg,development,5
21,13217,56512,nKCSKh3b2UU,UC0l36s7dMwk1GYxmSHAib_A,development,2
21,13218,56513,MF709ICge54,UCQTcNhAZidy1i9wwmdgf2Lw,development,4
21,13219,56515,hxlN3HB5pkk,UC-GRFwciK7JiP8T4tl0pftQ,development,3
21,13220,56517,1zHfYPYNczA,UCCK3OZi788Ok44K97WAhLKQ,development,2
21,13221,56521,CcEBwfeq-b0,UCQsNlLN15ybNA4kdtwe-OBA,development,4
21,13222,56528,T3QpuLAaa6s,UCCK3OZi788Ok44K97WAhLKQ,development,2
21,13223,56530,1shiyLNT7qU,UCUOE0lrySV1Y5nMVZuwdFSw,development,4
21,13224,56532,KaO7xmVV-Og,UCDhV2dS5kewSaccFl9g66sw,development,3
21,13225,56543,PoSJKB2dLCg,UCHT6F9HJ9DtLUjTOH16yg6g,test_reserved,
21,13226,56547,3U1zTRgW57Q,UCRD6apgpGyWJY3F2fqpIYDg,development,1
21,13227,56553,a7czP1wbcgc,UCVXCitEEweQox0oyIsJONrQ,development,3
21,13228,56561,GLfLXFLVPZA,UCT83ymyAGm7Gnk_4ifxjxIA,development,4
21,13229,56562,Na1cqQMoCrc,UCFAQPiyzxj7BNfeKWGsR5gA,development,4
21,13230,56563,30uuvdj0t_M,UCgnFSj7jQffD5V5m05j4dPw,development,5
21,13231,56570,ljCWd58wUiU,UCckltLEhFLv8Xz_lQhYfwmg,development,1
21,13232,56573,35wAyWJ7JJo,UCFjcr6UFdIYzdyD4sOjcUUA,development,2
21,13233,56576,lEwIK_Giiv8,UCcijXxFzSXgoM6q9cCtT9PA,test_reserved,
21,13234,56579,EJVtJZ4yd6M,UCbR7juPwtP-bV_w0840ciYQ,development,4
21,13235,56583,Dm3Vawvnwt4,UCcijXxFzSXgoM6q9cCtT9PA,test_reserved,
21,13236,56585,zve4NM6XfuY,UCM3bQBUJ0PEbgfe9lAw_Y3Q,development,4
21,13237,56592,YDhQL56sXnE,UCaESx7Bdghv_UICcG1hBkcg,development,5
21,13238,56599,0BOf4BZsLlA,UCgnFSj7jQffD5V5m05j4dPw,development,5
21,13239,56606,dXuH30kzojU,UCckltLEhFLv8Xz_lQhYfwmg,development,1
21,13240,56608,Vd9P3Miq1UE,UCaqKkC85KtIgXZK1edWABww,test_reserved,
21,13241,56610,P8dHX6pupd0,UCU9pquukCdVxwA6Hptvf_Tw,test_reserved,
21,13242,56612,XUTkf4kzcUQ,UClKD6E6fDdor11ySgDxrjIQ,development,4
21,13243,56614,i1zDYUSSuy8,UCbS_glb2N1NVTrDLVryRbng,development,4
21,13244,56615,MJu_ULT3y14,UCckltLEhFLv8Xz_lQhYfwmg,development,1
21,13245,56616,MMqtiZ803Uc,UCcijXxFzSXgoM6q9cCtT9PA,test_reserved,
21,13246,56618,-ON3Ob1gk1c,UCNEf722QEvvmyGaT0HsKxRQ,development,4
21,13247,56623,txGmisTS93I,UCbS_glb2N1NVTrDLVryRbng,development,4
21,13248,56642,XHapA5pLM6E,UCM3bQBUJ0PEbgfe9lAw_Y3Q,development,4
21,13249,56646,5xmZTyUKoxc,UCeixuk-NkKqLJfZKcK2fQig,development,2
21,13250,56650,lIV2plZFWWA,UCYweMykEAI5aaRztqrJuuAg,development,5
21,13251,56653,D4m0gXaCYIQ,UCQTcNhAZidy1i9wwmdgf2Lw,development,4
21,13252,56659,v6xgE3-qkYU,UCcijXxFzSXgoM6q9cCtT9PA,test_reserved,
21,13253,56662,GndYZMjC6zs,UCM3bQBUJ0PEbgfe9lAw_Y3Q,development,4
21,13254,56664,BMm0vfvybuw,UCWNxnJNkwZPyv3rJwWRlzZQ,development,1
21,13255,56668,wad5zfVb9Pg,UCqrqt9Egbp4Voh3iEUUoorw,test_reserved,
21,13256,56670,cuF9qRoUDFs,UCZviWuwUI9NuYnQpO9sqLQA,development,1
21,13257,56672,uKhxsLFsymU,UCO6Q3ASBv6pPC-wUheZy9mQ,development,2
21,13258,56676,kJArTQOV2zU,UCyaBLWehN3TJHneic-3IJBQ,development,1
21,13259,56681,sNZ0EJ8OT4o,UCAH7R88V7gz7RqJv78nNOzg,development,3
21,13260,56686,Zl4MUpwFHvU,UCh6ZuRqZK3TX9yt-ssydQ8g,development,5
21,13261,56701,3DvOiYXewBo,UCAh_a0VFh-paEuVM_ITrreA,development,4
21,13262,56702,zq4zn7xYGPY,UCMDVDwyKFq9SVR1-CHcAMYw,development,3
21,13263,56706,X-TB20vv90s,UCzSJmu5JS43eHAs0Ajrq5_Q,development,1
21,13264,56707,rYHdTKCTzYI,UCgooj1ufFuOk6GD2jq8CbdQ,development,1
21,13265,56713,q17rF_19uhU,UCaESx7Bdghv_UICcG1hBkcg,development,5
21,13266,56716,derd08mdMFo,UCOhlt0l_vucCrUDphPAJnbw,development,1
21,13267,56722,dY7vpqvn1v4,UCMcaGpzjo0D-d6oSvcg8PtA,development,1
21,13268,56731,hCN7JNUZkpM,UC0ZcZzDZe8x6-olaRR5-wYw,development,4
21,13269,56733,w9GDDiAq_LU,UC91I5M02wjnsUoCFHGhjC2g,development,4
21,13270,56739,ERYQ5LZKtK0,UC6jQt9K_jqnBNtsRf7hXHsA,development,5
21,13271,56743,UJtt-yClaTI,UCMayHG7j39d11Gh36vV7GnQ,development,5
21,13272,56748,iR0Lm9nAi94,UCypYfMZbKIxBlXqngCuvi0A,development,3
21,13273,56752,LBnLdRrOLbQ,UCcpu5rsbhRZrOQciyNw-trQ,development,5
21,13274,56754,aUS6Gw3RCcE,UCckltLEhFLv8Xz_lQhYfwmg,development,1
21,13275,56758,dIoaZ010jzs,UCk0ZLeOPZVnRJn_s1x-8Idg,test_reserved,
21,13276,56760,kfgjwRGHpgM,UCQTcNhAZidy1i9wwmdgf2Lw,development,4
21,13277,56768,l4oSs-QAnlI,UCrVFS_0PdV7AwyTgR13IcVg,test_reserved,
21,13278,56776,-tlKvngW_EE,UCckltLEhFLv8Xz_lQhYfwmg,development,1
21,13279,56778,QXncGbdnluY,UCLwShsDcrXwLEINVFaa1msw,development,4
21,13280,56782,5OLyVygs6Tc,UCc30sTBdN9LRSxEuHaXV_bQ,test_reserved,
21,13281,56783,c0FusD9WwyQ,UCSfmHr5cQvlVKR2f6p8T01w,development,5
21,13282,56790,JR6KgSGBKRo,UCOmviBpngMg-QGJatzw7hxg,development,5
21,13283,56796,8CVkeQvmnxY,UCcbOsE5_4LEjtQi8X2PFxDw,development,3
21,13284,56800,dtlKyVYO7z8,UC8qBNfgWRK_WYYGSmmrfgPA,test_reserved,
21,13285,56805,_d-rvVairhQ,UCckltLEhFLv8Xz_lQhYfwmg,development,1
21,13286,56806,_x1tHoNwa0Y,UCwRAPq0zLdVsb440xKGBx2w,test_reserved,
21,13287,56807,gKEoMftQKOo,UCZLtqBURY7PHmBLxExRw4WQ,development,1
21,13288,56812,VEJJIn7vJFc,UCh9qXeL8eP3Txra2908xksg,test_reserved,
21,13289,56815,NLc6SzZ0AOY,UCcijXxFzSXgoM6q9cCtT9PA,test_reserved,
21,13290,56821,9NDbtnRDp8Q,UC0JsqPe9WUywp6hd6vTcxkw,development,4
21,13291,56828,AVjoTDCLyxw,UCcijXxFzSXgoM6q9cCtT9PA,test_reserved,
21,13292,56836,gWJ0DmIeUoo,UC4Pb9SEsCb1EpsXVYAVVajw,development,2
21,13293,56840,q3sjS_qKwKk,UCc30sTBdN9LRSxEuHaXV_bQ,test_reserved,
21,13294,56843,IOXLjQZH4u4,UCskNFH2e4ptFTkgeVmFPNhA,test_reserved,
21,13295,56847,OkBxy6NjixM,UCbR7juPwtP-bV_w0840ciYQ,development,4
21,13296,56850,tPvHVXdgufE,UCPXSUKHTNc1_hnHuj-UiQWQ,test_reserved,
21,13297,56853,VgoFwql9ZQA,UCAh_a0VFh-paEuVM_ITrreA,development,4
21,13298,56854,XP_DhYnuN2M,UCckltLEhFLv8Xz_lQhYfwmg,development,1
21,13299,56856,FpL-H2O4Uzk,UCRjMnDOSBcoYlWHFLcHJAKA,development,4
21,13300,56859,vTnranFqD_k,UCPdASwipemqGhpK-B-a12Ow,development,4
21,13301,56860,QIO8fEvyirA,UCiR8kH7EvdjJGp41a9KIfsQ,development,5
21,13302,56865,vy2dPtM3Lzw,UChDDErhFN18hQ-NifYMMbVA,development,4
21,13303,56873,5Q-0X4nl41Y,UC324VVhYKykBv01GecF4aYg,development,5
21,13304,56878,6Yuagn-gnc0,UC1YGPDtctHGJWW0NrlQVklw,test_reserved,
21,13305,56885,LHSQZAwuRLs,UC8rcDufKZ3W6CtZU69CtMXg,development,3
21,13306,56887,3orBNndYi2o,UCwKYO2L9xzLtWhSv4ncYCIA,development,1
21,13307,56889,tfkzeqe6KmI,UCCko_Xv9kKMFf5-hqd0NlJQ,test_reserved,
21,13308,56893,tSrCJ0EUZYU,UC5NJWHF4x-DWCWgNGQfMqmA,development,1
21,13309,56894,7u-OKhgbp5o,UC0l36s7dMwk1GYxmSHAib_A,development,2
21,13310,56895,NRcIQnztxPA,UCOtYyt7W5PmPnwQjWWF_Z-Q,development,3
21,13311,56903,v0Yz82hUr00,UC5R7F4Mw_ZV1c4tYe4UKLIg,development,1
21,13312,56915,Bb0Z5rwTLXk,UCc30sTBdN9LRSxEuHaXV_bQ,test_reserved,
21,13313,56918,7PIbuGRyA-w,UCPXSUKHTNc1_hnHuj-UiQWQ,test_reserved,
21,13314,56920,cSg3VpK7QQ4,UCBWG_GjopQPckewo1_IvhLQ,development,1
21,13315,56923,gCTJjTNWLpY,UChoLplNa4k4Yao2jFreT50w,development,1
21,13316,56925,DMGRp4A5RQ8,UCecL5RXqIzb3N6zO0FaCN9Q,test_reserved,
21,13317,56936,p_WATL23EN8,UCbS_glb2N1NVTrDLVryRbng,development,4
21,13318,56938,ZVwUg3sss5k,UCckltLEhFLv8Xz_lQhYfwmg,development,1
21,13319,56940,BMbSJ617SvI,UCIoyIVPZEfC2p0dQwAxGiEw,development,5
21,13320,56942,RGtJP-8z8A0,UCI0NA6CosjGPgy1NLlnIt7Q,development,1
21,13321,56945,CJDaLUyxvQ8,UCCK3OZi788Ok44K97WAhLKQ,development,2
21,13322,56947,_rh2-ts8SGs,UCCK3OZi788Ok44K97WAhLKQ,development,2
21,13323,56957,juMuoaE7RMU,UCckltLEhFLv8Xz_lQhYfwmg,development,1
21,13324,56960,SJQS7SSJ_wA,UCcijXxFzSXgoM6q9cCtT9PA,test_reserved,
21,13325,56968,SmJ-NHV92d4,UCMQg72D9bcWjW-umvECrcAQ,test_reserved,
21,13326,56973,nLkQi7uO1Y4,UCckltLEhFLv8Xz_lQhYfwmg,development,1
21,13327,56975,6tETZ0LliYo,UCVNgjnq_n7i_8GJOca0DIeQ,development,2
21,13328,56985,5UXsgnPcwLE,UCekdpdajQ1JyGxUbmsN7nNA,development,1
21,13329,56986,fDsxn1NwUBM,UCG4iJ9LgvBTfaTCqdtkmMIQ,development,3
21,13330,56995,hnlmltbgvCM,UCAH7R88V7gz7RqJv78nNOzg,development,3
21,13331,56998,cn6b0qq2iXk,UCEItJuaZGCe0BlGzRKruP0A,development,5
21,13332,57004,vhq_qOKo62A,UCf2Iar2LDcFaSCnVH1ZMUkA,development,3
21,13333,57005,ZGZhl2Fwy9o,UCOtYyt7W5PmPnwQjWWF_Z-Q,development,3
21,13334,57012,_ePEYLwPsUI,UCLA8Ovy_NPAwMWvr8IEDquw,development,4
21,13335,57016,Pei7rOn2rTE,UC-ejlaSTmf6HaRBE4DDR77Q,development,4
21,13336,57018,O8BxkZYQ2Io,UCMv53_1dj-WnV1KhRV4oB8g,development,3
21,13337,57028,DROlH0v8UKU,UCqrqt9Egbp4Voh3iEUUoorw,test_reserved,
21,13338,57031,obuW2XmEkmQ,UCbS_glb2N1NVTrDLVryRbng,development,4
21,13339,57034,C68__9Dq11I,UCKkRSuLQBs2oErUCgivn8mw,development,4
21,13340,57035,6BTyBZgWSQo,UCc30sTBdN9LRSxEuHaXV_bQ,test_reserved,
21,13341,57046,XG9dshOUPdQ,UCmTrMV3RUj_n8dO0Ff-wHOQ,development,4
21,13342,57049,vqKYK8nXPNE,UCCK3OZi788Ok44K97WAhLKQ,development,2
21,13343,57050,trVbsKNix-Y,UCAKbFSucxr0iLZDDkEp3gGw,test_reserved,
21,13344,57051,oJSmRf5Ruso,UCgnFSj7jQffD5V5m05j4dPw,development,5
21,13345,57052,Q9iWNg_KFeM,UCckltLEhFLv8Xz_lQhYfwmg,development,1
21,13346,57056,fFXU3TeSMxw,UCXRnXDVoCjqUN_sOJweAXyQ,development,4
21,13347,57070,KIcreREWdOg,UCf2Iar2LDcFaSCnVH1ZMUkA,development,3
21,13348,57075,FEl35ObSB_c,UCjYAhUnrkBujtKI3j3LM2uA,development,3
21,13349,57083,GP2DkVr-jzg,UCgnFSj7jQffD5V5m05j4dPw,development,5
21,13350,57088,lqQVJ6zXEw0,UCPfU0uygBGutjaaJU5PpEvg,development,2
21,13351,57096,4BE1JRTqHbE,UCSfmHr5cQvlVKR2f6p8T01w,development,5
21,13352,57097,XoXNdix53qg,UCCbm1E52PV05ZLv6dtRB92Q,development,5
21,13353,57104,V_ZavSagC6c,UC_hR1wSDcKjBRTlKtp6LK1A,development,3
21,13354,57109,wdsI13XKeRg,UCPaa9NR1c6o7QW8kHYbR9Rg,development,2
21,13355,57110,wL9W75ome3E,UCgnFSj7jQffD5V5m05j4dPw,development,5
21,13356,57111,lpS5TImBnWU,UCcrsFwwoMvcXYpJ0XldIlVQ,development,3
21,13357,57118,BSsv6Rfd008,UCLNz9bgiJfM3ImTtYDOt8Ew,test_reserved,
21,13358,57128,Zx749BSUM4w,UCckltLEhFLv8Xz_lQhYfwmg,development,1
21,13359,57135,dAiTTi7l_1U,UCaFC8Yo8pGEvX5hu5J6tGDg,development,1
21,13360,57136,1WdOxiZhMfI,UCOtYyt7W5PmPnwQjWWF_Z-Q,development,3
21,13361,57141,xbm1ZlHXJcs,UCcijXxFzSXgoM6q9cCtT9PA,test_reserved,
21,13362,57145,kMA_e10bu0U,UCCK3OZi788Ok44K97WAhLKQ,development,2
21,13363,57148,apXzyw3aVcM,UC6jQt9K_jqnBNtsRf7hXHsA,development,5
21,13364,57153,spsdcq06f1U,UC-GRFwciK7JiP8T4tl0pftQ,development,3
21,13365,57157,CqKgi5mNc30,UCu7cGbQEMgGk8TD0ZYucM5g,development,5
21,13366,57160,oSD0WML1zOI,UCq3WWAoJj0DOQC3G7ri1cug,development,3
21,13367,57161,WeGIcDm7fyU,UC3vuLv1EXDUxS_UKLPFJVSA,development,2
21,13368,57162,E1sY2E_TIUo,UCRB8mrLCcwTPlJOMUy9MDUg,development,2
21,13369,57165,SKmd8QxaBf0,UCdbUJ0gmqeVKpppYCgkLcXw,development,5
21,13370,57171,h-m1bwHa2Rk,UCgnFSj7jQffD5V5m05j4dPw,development,5
21,13371,57173,liONfrnjq_k,UCckltLEhFLv8Xz_lQhYfwmg,development,1
21,13372,57174,q7jV3npgDs4,UC5lv4CxZMHtVTgdzvLjITbA,development,5
21,13373,57176,zst4IQW0r_k,UCckltLEhFLv8Xz_lQhYfwmg,development,1
21,13374,57179,zoO1ucelFOI,UC8rcDufKZ3W6CtZU69CtMXg,development,3
21,13375,57189,rU3BGmWmU1k,UC1Tj9WUErCHPtdTmmHvkKGw,development,1
21,13376,57194,jwe40VFlwwE,UC3tvYy-s84yySG7V85jRDnA,development,4
21,13377,57195,MEne669sqFM,UCbQG1GyAcbRup8dipyfA4Vg,development,1
21,13378,57203,0QjX_Fb-o9k,UCMxeqmVKOqiqh7V_A3h4gfA,test_reserved,
21,13379,57206,zogWKEmCYP4,UCCK3OZi788Ok44K97WAhLKQ,development,2
21,13380,57209,FAtjYSCQpWo,UCtZO2c3i1PrtwyeaxaIYHKA,development,4
21,13381,57214,oA9_pAIXYEA,UCmrLu4r89ykOzmtmbAeEklA,development,3
21,13382,57223,TLdgWZGVN5Q,UCckltLEhFLv8Xz_lQhYfwmg,development,1
21,13383,57224,8enTV5ne1qM,UCOtYyt7W5PmPnwQjWWF_Z-Q,development,3
21,13384,57226,606DSZSDybM,UCErq12gvrb2Gm0x1cavQVAA,development,4
21,13385,57227,tZxXZ-iaIHw,UCsCp9NfFhRhL6DvDjWtAweg,development,1
21,13386,57235,0yJtBAGQdko,UCOtYyt7W5PmPnwQjWWF_Z-Q,development,3
21,13387,57239,XM1i8rKfUwM,UCcijXxFzSXgoM6q9cCtT9PA,test_reserved,
21,13388,57241,Mf8Cj6NWuQ8,UCckltLEhFLv8Xz_lQhYfwmg,development,1
21,13389,57242,6_oHcL82hB8,UCOtYyt7W5PmPnwQjWWF_Z-Q,development,3
21,13390,57245,7gnah5a6DBY,UClBC9kT7SSFliwTgLQ7Ms4g,development,4
21,13391,57247,Zj8Wim_Ji7g,UCiBHV5AwzPEBhlIX3yR6-Ig,development,2
21,13392,57249,Zqu2RRWMyt8,UCQTcNhAZidy1i9wwmdgf2Lw,development,4
21,13393,57251,-UTyoCD1idQ,UCckltLEhFLv8Xz_lQhYfwmg,development,1
21,13394,57256,dpyHDzhmJto,UCJkx-61Ysti3AzfwmdgtyKg,test_reserved,
21,13395,57266,H6Ih7U-yPV4,UCXqd1fHoinkTGW9zY1eILMQ,test_reserved,
21,13396,57268,DEEH3GsRanE,UCBsrUim15y-s6PfMISCR38A,development,2
21,13397,57270,QZfsw6YfzwU,UC1YGPDtctHGJWW0NrlQVklw,test_reserved,
21,13398,57280,yBnSrj1PAN0,UCgnFSj7jQffD5V5m05j4dPw,development,5
21,13399,57282,QR7faykeXns,UCm8I2aLYgPm_gdzw4SSkiGg,development,3
21,13400,57288,0d_zDyz5EEw,UCuN1HN5RXX2D6ZcEkopILeg,development,1
21,13401,57290,Rx-pSicveG0,UC5-n2dfksESEt3ATmM6Uujw,development,4
21,13402,57299,3FAAfXoj734,UCOtYyt7W5PmPnwQjWWF_Z-Q,development,3
21,13403,57302,DAKyqEdN80Q,UCacIRbbu-hgx4sRW6tZPRoQ,test_reserved,
21,13404,57304,IK9Gcst3QIw,UCBz-ihRqwVORpkc4GxvaaPA,development,3
21,13405,57307,kZbD9esWEyo,UCJc1hbJPvG5f2v8iSPG-3CA,development,1
21,13406,57313,0bhy6qaifew,UCMOJZJjbOVCp2oqoTNK5PdQ,development,2
21,13407,57316,wc77RmHYmGQ,UCckltLEhFLv8Xz_lQhYfwmg,development,1
21,13408,57320,dRcDsOMB7y4,UCPXSUKHTNc1_hnHuj-UiQWQ,test_reserved,
21,13409,57326,0fEHj0IxfAM,UCLNz9bgiJfM3ImTtYDOt8Ew,test_reserved,
21,13410,57329,yU1FawdGzx4,UCowiYUdbNsL9qVmpY9Z0jLQ,development,4
21,13411,57332,ggCgOgfpXss,UCHxf5NOZYmtmQEOkToogAiQ,development,4
21,13412,57341,7wuFYUb01Q4,UCbVw-Yr6A7L4hPi8W6zsQlw,development,3
21,13413,57346,WjO2ddgT1CI,UCl4aG8npoRPiiPPr5S2-Lgw,test_reserved,
21,13414,57352,t_WgVkK-jaM,UCfuND8HywiC1G1T5s1t6ElA,development,5
21,13415,57354,jmEQx41ZLG4,UCc30sTBdN9LRSxEuHaXV_bQ,test_reserved,
21,13416,57369,kdUc1tRptEg,UCbS_glb2N1NVTrDLVryRbng,development,4
21,13417,57370,_p7WQmvr7iE,UC1YGPDtctHGJWW0NrlQVklw,test_reserved,
21,13418,57371,KJVQ_6aDhIg,UCfQfw--8dPGypR7sGcXJz0w,development,4
21,13419,57380,4EIx9V1H-AA,UCckltLEhFLv8Xz_lQhYfwmg,development,1
21,13420,57387,NBu7ZwtpwcM,UC80558lSi8_Fj0NHoSt895g,test_reserved,
21,13421,57390,Hwwt0UsEniw,UCcrsFwwoMvcXYpJ0XldIlVQ,development,3
21,13422,57397,egEudbJAFIM,UCCK3OZi788Ok44K97WAhLKQ,development,2
21,13423,57407,XC_9cKHcHQc,UCamSAN6IFdxTRTbfSSrkiDw,development,2
21,13424,57408,ANevSdJXIac,UCecL5RXqIzb3N6zO0FaCN9Q,test_reserved,
21,13425,57410,aZtInX0iDfU,UCbS_glb2N1NVTrDLVryRbng,development,4
21,13426,57411,vw_WePiqwu4,UCckltLEhFLv8Xz_lQhYfwmg,development,1
21,13427,57414,XGJBV36-H3o,UCCK3OZi788Ok44K97WAhLKQ,development,2
21,13428,57418,moH36_uMTRc,UCcijXxFzSXgoM6q9cCtT9PA,test_reserved,
21,13429,57421,apCuG2gQRb8,UCckltLEhFLv8Xz_lQhYfwmg,development,1
21,13430,57422,kYFeVbILjhg,UCg22fUwQQF-7Sf6-TIVIFrA,test_reserved,
21,13431,57433,woBM1HIg_Qs,UCgnFSj7jQffD5V5m05j4dPw,development,5
21,13432,57437,xLtLxDF4PE8,UCckltLEhFLv8Xz_lQhYfwmg,development,1
21,13433,57438,uUajF2U_p6U,UCZ8OO-3lypeUeAHeGSHwDUQ,development,4
21,13434,57442,RwVKriZLDtw,UCMxeqmVKOqiqh7V_A3h4gfA,test_reserved,
21,13435,57443,tlngKlPms2k,UCl4Y73ZM9g5mP5W489jHp3w,development,1
21,13436,57446,-2cQbvA-PNE,UCxlfXLzyelcreS9x0plDj3g,development,2
21,13437,57448,subkGrWCP4I,UCN2EppENLvG8D2y7CQ8iLQw,development,1
21,13438,57451,-o7RN3Hbvl8,UC8qBNfgWRK_WYYGSmmrfgPA,test_reserved,
21,13439,57452,dTHj1PBZRLM,UCcspHoBTj_aLhnJLwkMpWHQ,development,5
21,13440,57455,1YE1jlf6aGg,UCcijXxFzSXgoM6q9cCtT9PA,test_reserved,
21,13441,57458,5Vr0gvyvTTo,UCRHYFnWL0aYTQ9qmvfZnUxg,test_reserved,
21,13442,57461,415KT3A5OVc,UC2sbMVU3YATVZQCRpHPKLcA,development,1
21,13443,57463,oopOOY3xRr8,UCCK3OZi788Ok44K97WAhLKQ,development,2
21,13444,57467,Z32tz97A_fg,UCAeBFsK2bmm5lkgy90uFiqw,development,4
21,13445,57473,M7Ut0YlDhjU,UCQTcNhAZidy1i9wwmdgf2Lw,development,4
21,13446,57479,6sZ7AzfotHk,UCgnFSj7jQffD5V5m05j4dPw,development,5
21,13447,57483,T36nRdZueHI,UCaIc6SgS90ud_RgMSC6hW_w,development,3
21,13448,57488,Za-DYP5d_M4,UCcijXxFzSXgoM6q9cCtT9PA,test_reserved,
21,13449,57489,_lpd6ApQkTw,UCAH7R88V7gz7RqJv78nNOzg,development,3
21,13450,57490,19A6IaPifRI,UCcijXxFzSXgoM6q9cCtT9PA,test_reserved,
21,13451,57495,D2H0Sfq19I4,UC1hcl0aIr9KtXA-Kiq9itqw,test_reserved,
21,13452,57496,IIsGLVJ6y8Y,UCGa1_vxtCaUijKxNt0DB7aQ,development,4
21,13453,57500,pdAIxItymoM,UCaESx7Bdghv_UICcG1hBkcg,development,5
21,13454,57505,wgKCrLX6X0g,UCQTcNhAZidy1i9wwmdgf2Lw,development,4
21,13455,57506,rEAVbL9UXME,UCV-q7cRK5yFYEFzWuoQOmQQ,development,5
21,13456,57507,upOdmqAjyA4,UCCK3OZi788Ok44K97WAhLKQ,development,2
21,13457,57508,jR7PULUF94U,UCOtYyt7W5PmPnwQjWWF_Z-Q,development,3
21,13458,57509,3q4-yBuWsZs,UCrLvbl-59ugBtbyBYyicZnw,development,4
21,13459,57511,MwiqYw9wkDE,UCc30sTBdN9LRSxEuHaXV_bQ,test_reserved,
21,13460,57512,MYXqD3icmRE,UCCK3OZi788Ok44K97WAhLKQ,development,2
21,13461,57516,8sVlw2YtbZ4,UCrtXFLaJQUh6R8xjW6l5tMQ,development,5
21,13462,57519,ii-F9x7DSyo,UCEJ2OW9pd3aUob5SGap2Hzg,test_reserved,
21,13463,57521,3cEKgdBfk9I,UCcijXxFzSXgoM6q9cCtT9PA,test_reserved,
21,13464,57522,AHWDyPhySPw,UCaESx7Bdghv_UICcG1hBkcg,development,5
21,13465,57525,O3cEpKmZyUY,UCGwNjr4N0uUvqD8MopqsfyA,development,5
21,13466,57526,hbw36AO-nJI,UCOtYyt7W5PmPnwQjWWF_Z-Q,development,3
21,13467,57529,E6z2MW3qVYs,UCPXSUKHTNc1_hnHuj-UiQWQ,test_reserved,
21,13468,57534,UvOIIqy5vOU,UCmrLu4r89ykOzmtmbAeEklA,development,3
21,13469,57536,qKA1FTyC1pI,UCckltLEhFLv8Xz_lQhYfwmg,development,1
21,13470,57547,T6w0nkt8GeY,UCMKVkE8hcrq8XVr_GftJ_sg,development,3
21,13471,57551,xp1kX1X3ykU,UCckltLEhFLv8Xz_lQhYfwmg,development,1
21,13472,57556,MWoBXs7L858,UCckltLEhFLv8Xz_lQhYfwmg,development,1
21,13473,57557,t_DFJDbyO0U,UCh1devGAKOxk1FONKNQyWfw,development,4
21,13474,57568,Tw8oGOtWb-M,UCuTgmLxqarTxuBU5ARMYUNQ,test_reserved,
21,13475,57571,UAR51wOFGZg,UC0RxmX79uHOBvSKKYAQ7Axg,development,5
21,13476,57572,XgrPdcx-sT0,UC5IM2uMULjHt-0aAfiG8E_A,development,5
21,13477,57574,1KLDi5QXWK8,UCb6RrPJLl-GpO7qfVA1Z0VQ,development,3
21,13478,57575,D6ilY4E-Tqs,UCOiMY00_ZLijPF6InrCl0TA,development,4
21,13479,57577,YowIGkgzBJ0,UCVfnhhDIkkBJ_1QyzCqeVDg,development,5
21,13480,57579,SWMpni7oBVM,UCi7VL_vCoFDWNQn_1IGhhWw,test_reserved,
21,13481,57581,83vhpSvZ130,UCLNz9bgiJfM3ImTtYDOt8Ew,test_reserved,
21,13482,57583,XJ78PIRtvFI,UCXGG6bmgJJ02uSG4gxp4zng,development,4
21,13483,57590,hj7MmJiw9Do,UCoYoYVojg-QGFH7VyKMpB8w,development,2
21,13484,57597,liCm9YB2F7o,UCMxeqmVKOqiqh7V_A3h4gfA,test_reserved,
21,13485,57598,Gbu9ka79zHM,UC2cWWUUkCIlPzPACw-APVMQ,development,1
21,13486,57599,t6pYpwJIXdc,UCbS_glb2N1NVTrDLVryRbng,development,4
21,13487,57600,rHLLlE-keIw,UCkD2Gixzde52jx1XspNvrBw,test_reserved,
21,13488,57601,j6wEDArEPzY,UCCK3OZi788Ok44K97WAhLKQ,development,2
21,13489,57602,GlT18B5K7bY,UC8qBNfgWRK_WYYGSmmrfgPA,test_reserved,
21,13490,57603,L8_zxoWnQI0,UCCK3OZi788Ok44K97WAhLKQ,development,2
21,13491,57610,ueGCxYW0Ixg,UCKHgO2j1mqI5vFxJioRSPMQ,development,2
21,13492,57612,Z7CVye6kprk,UCaIc6SgS90ud_RgMSC6hW_w,development,3
21,13493,57613,JWk4aW_TRZ0,UCckltLEhFLv8Xz_lQhYfwmg,development,1
21,13494,57615,DVRWw_CPT40,UCkC-yhK-WnPNaNslH_LbBWQ,development,3
21,13495,57617,hsQNGXFvQGA,UC8ZmvQOUKiu6SmICTXzjFnA,development,2
21,13496,57619,sz2XKuUblWs,UCx7lEnwLHxO9yPjOotGb-bA,development,3
21,13497,57621,SO3BQNcspSY,UCe13xXtdfx_n0_z1qeXV6_g,development,5
21,13498,57625,C19eMzEK7tw,UChwjz-THeefGm2mSbYB37Wg,development,2
21,13499,57629,UJ-KEDqmJkU,UCvRkl4sHIgChIFxeTlbwAGQ,development,2
21,13500,57631,XKyazYFmGhg,UCqDbs3rlemiBZmhkh9gXXHg,development,5
21,13501,57636,6ZhKF6HTuac,UCAH7R88V7gz7RqJv78nNOzg,development,3
21,13502,57641,xCichscq1vQ,UCckltLEhFLv8Xz_lQhYfwmg,development,1
21,13503,57655,BjS_z2VN3Js,UCbVw-Yr6A7L4hPi8W6zsQlw,development,3
21,13504,57656,8dpJfPh9d9g,UCcbOsE5_4LEjtQi8X2PFxDw,development,3
21,13505,57660,c-rwbQruu4k,UCA5xW2Ce7KT2AtxzDYDebCA,development,5
21,13506,57661,pAZAU1yIcDI,UCvZpRt_4T2NlC9111RxNBug,development,1
21,13507,57662,rHLENsWjjXI,UC5R7F4Mw_ZV1c4tYe4UKLIg,development,1
21,13508,57663,Nf4R7i4n5g0,UC6jQt9K_jqnBNtsRf7hXHsA,development,5
21,13509,57666,IbSPnidumjw,UCgnFSj7jQffD5V5m05j4dPw,development,5
21,13510,57667,6abcAusRZcI,UCAgBGlUKoAQFXMUzshrWDgg,development,5
21,13511,57675,7lGAq7cx0y4,UCaESx7Bdghv_UICcG1hBkcg,development,5
21,13512,57679,IIxdj08L5OA,UCmGMChEd9jBucufrWcpk3Ew,development,5
21,13513,57680,xgUAFpkXq9E,UCC-QxtkZPfDCczEeT3SEsYA,development,5
21,13514,57683,AgYgTzTfX2g,UCckltLEhFLv8Xz_lQhYfwmg,development,1
21,13515,57688,SlekSaAqwCo,UCOtYyt7W5PmPnwQjWWF_Z-Q,development,3
21,13516,57692,gw1V6x5VzCc,UCq3WWAoJj0DOQC3G7ri1cug,development,3
21,13517,57694,iTDOpbjJVcs,UCHDqE_7jt4iCq-y1HAF-PUQ,test_reserved,
21,13518,57700,AqkXxFTuE1o,UCbS_glb2N1NVTrDLVryRbng,development,4
21,13519,57703,HQf5UKFxGiY,UCckltLEhFLv8Xz_lQhYfwmg,development,1
21,13520,57708,zLwirz1Id2U,UCAbnKwbHRlhEXMvtSUzrrng,development,5
21,13521,57713,OgKr4GdgFns,UClC6jQT87s0yKTxHls4BWSw,development,4
21,13522,57718,lWSDyvv53_E,UCcpvzu2fNDZyKkQ6tETbHLw,development,3
21,13523,57725,sys1ZuYTi6Y,UCfQfw--8dPGypR7sGcXJz0w,development,4
21,13524,57731,FnQaa6eflN0,UCajsHQ2YhlKIyXVeXU3uEuw,development,1
21,13525,57734,fqONXIh3QOw,UCBf296-OhUNfaDbtcYQ4RQQ,development,2
21,13526,57737,y5vglhJ4aZc,UCc30sTBdN9LRSxEuHaXV_bQ,test_reserved,
21,13527,57742,k2aa6L7S4Tg,UCeixuk-NkKqLJfZKcK2fQig,development,2
21,13528,57744,jiK5FvaHar0,UCO6ZBVarQJ19F-Tus6FqoiQ,development,1
21,13529,57746,mVimQGCuyqY,UC0fnN8-CgXOlHLjGc78e-0g,test_reserved,
21,13530,57747,YqhGVoxwh2Q,UCYB7HJ5mt61PSDByUrF3IJg,development,2
21,13531,57748,4zRk9xEYIkU,UCmGMChEd9jBucufrWcpk3Ew,development,5
21,13532,57767,Ba4i07nMvJg,UClNX00LvziLlfJ_trtu8llQ,development,1
21,13533,57773,_YYlqgKPJ5g,UCVXCitEEweQox0oyIsJONrQ,development,3
21,13534,57781,I6v1ht7ktsk,UCCK3OZi788Ok44K97WAhLKQ,development,2
21,13535,57782,KJcsA-6mdao,UCgnFSj7jQffD5V5m05j4dPw,development,5
21,13536,57785,wHmz5GXm8lc,UCJojbxGV0sfU1QPWhRxx4-A,test_reserved,
21,13537,57787,3J6mBrrKU2o,UC3yN9e-0s6ilBpfVlj2IWoA,development,1
21,13538,57789,R4-a9YU8-E8,UCoNaQS6wefjNVFkwvxrzAYw,development,4
21,13539,57791,HMSxpgRWJNA,UCiAYv_QAosB-49bJbu3NM3A,test_reserved,
21,13540,57793,XYJFnPZs8VA,UCA5xW2Ce7KT2AtxzDYDebCA,development,5
21,13541,57801,_3MXCsCVhd4,UC0UOhKetGjen0InweZGGbWQ,development,3
21,13542,57803,6_Ox3sDNNRI,UCq0hVW_G5kWt2ocLhbjOtGg,development,2
21,13543,57809,Y9oBUg7Nxps,UCcHDTE8S_jjHaIUo9sltvhA,development,1
21,13544,57812,cA6f13Knwqw,UCkLQJFBnqzhJCAvqn99hRUg,development,2
21,13545,57816,DMlro7Ez9Y0,UCsLoRcb3FvB-uK3F1_zqXbw,development,3
21,13546,57831,D1_lWzmuC7k,UCh0SZ0sQHfta4KZLizw7Xsw,test_reserved,
21,13547,57832,l-5DWH8SxXY,UCckltLEhFLv8Xz_lQhYfwmg,development,1
21,13548,57836,jbBLEw67ul4,UCYweMykEAI5aaRztqrJuuAg,development,5
21,13549,57837,1TAzplFv-Fg,UCb40_0KiNkoXo5KAmV3WRlA,development,1
21,13550,57847,rYFLAoIufaM,UCrmzxiCDMV3hI56E9nYy-4A,development,4
21,13551,57849,NvJgI1Qm77Y,UCbS_glb2N1NVTrDLVryRbng,development,4
21,13552,57851,LcrUKcm_-Nk,UCdbUJ0gmqeVKpppYCgkLcXw,development,5
21,13553,57853,NYp3-nTAK9Q,UCQTcNhAZidy1i9wwmdgf2Lw,development,4
21,13554,57857,tYORS6RQMSw,UC1YGPDtctHGJWW0NrlQVklw,test_reserved,
21,13555,57859,_8Hwv0k-R50,UC324VVhYKykBv01GecF4aYg,development,5
21,13556,57862,lMjsnC5vuUE,UCUzy2Hm-doo9o4bSfXG_CVQ,development,1
21,13557,57868,qBDIzMUMCx0,UCCK3OZi788Ok44K97WAhLKQ,development,2
21,13558,57873,dnr48Fn-DZQ,UC2GNitBc9qBFZd0329eYOPg,test_reserved,
21,13559,57876,IoGpJlkipP8,UCvB1253p1Sy6KEPhYeiOmrQ,development,3
21,13560,57879,oBK1YhRz2X8,UCcijXxFzSXgoM6q9cCtT9PA,test_reserved,
21,13561,57880,mClqlN17rVQ,UCvWHrsBBcxstDLGiSaPnoPA,development,1
21,13562,57884,5kS_t6T8yy4,UCA5xW2Ce7KT2AtxzDYDebCA,development,5
21,13563,57897,P0Ea_hmtTxs,UCPXSUKHTNc1_hnHuj-UiQWQ,test_reserved,
21,13564,57903,h3FeysqOUvU,UCgnFSj7jQffD5V5m05j4dPw,development,5
21,13565,57917,CcXzzFE5EXY,UC4Tu0ezWjyVMBD7lyX3EOdQ,development,5
21,13566,57923,zwWrnsu-b4Y,UC12Go-EQ4E8Rjcj3nzVlzIA,development,3
21,13567,57926,ZEJMhJAA9EA,UCacIRbbu-hgx4sRW6tZPRoQ,test_reserved,
21,13568,57928,m07sd6L4AwY,UC3sxNugUTDt39PNiE2jsVRA,development,3
21,13569,57932,YtV5szwstCM,UCcijXxFzSXgoM6q9cCtT9PA,test_reserved,
21,13570,57935,zqatBHS5-Vo,UCLA8Ovy_NPAwMWvr8IEDquw,development,4
21,13571,57942,6bjrX-ef3z0,UCPXSUKHTNc1_hnHuj-UiQWQ,test_reserved,
21,13572,57943,A1-Dpbk7SXM,UCaCnmd0sVADrw8228hCBnlA,development,3
21,13573,57946,VgEnElc0u6c,UCQTcNhAZidy1i9wwmdgf2Lw,development,4
21,13574,57952,_JBuT2MDyGw,UCsLoRcb3FvB-uK3F1_zqXbw,development,3
21,13575,57955,GsxILJX3rdU,UCoQrhbL8EqaiWTywvgPlriA,development,2
21,13576,57961,tM49R2RCi18,UCILFY0DK2vcnnnTAgWrX-xw,test_reserved,
21,13577,57962,iR7CxNp3FGU,UCZwRhDqyXXFucAGxyQs40uw,development,3
21,13578,57970,jAdOsRCfWSE,UCQTcNhAZidy1i9wwmdgf2Lw,development,4
21,13579,57979,sUryV0mz4Uo,UCAH7R88V7gz7RqJv78nNOzg,development,3
21,13580,57980,2YnCrmqmSEQ,UCWNxnJNkwZPyv3rJwWRlzZQ,development,1
21,13581,57985,uG8LINnNLcE,UCCK3OZi788Ok44K97WAhLKQ,development,2
21,13582,57986,IM-Np21ctZA,UCWwo8NBrDNOb5EEZadW3iWA,test_reserved,
21,13583,57987,g2a8Vj7_KuY,UCjSPtKPtRTj4b-vaT5qB20g,development,2
21,13584,57991,LqWd-bjHHDM,UCLR467wlkHhrQjVq-0bdKng,development,1
21,13585,57992,tvHh_NX1D74,UCt_fUooMgak5Ev6yI08x8IA,development,3
21,13586,57998,hsuFe6943g0,UC4VkNi2RZSJyqXsFaJYfsPg,development,4
21,13587,58001,nYniAgrZxxE,UCOtYyt7W5PmPnwQjWWF_Z-Q,development,3
21,13588,58010,1MizctyRouw,UCV9cn7kAjTi6nMKVKIuwoDw,development,5
21,13589,58014,meRBeBb0I2k,UClSIhhnuyF8fXtBTpOOTknA,development,2
21,13590,58029,RhyK-9Kx4JY,UCAH7R88V7gz7RqJv78nNOzg,development,3
21,13591,58036,QSwLsw8hwJI,UCtoTkv_wx2z2M03zyKY-IRQ,development,3
21,13592,58037,3Ck1MJdv6wE,UCQkPhQ-6NhA1v7Tpsp6EnKQ,development,2
21,13593,58038,FsDkZ7_WLtM,UCckltLEhFLv8Xz_lQhYfwmg,development,1
21,13594,58052,nSTaGzldxQg,UCUWsih24MIJm0hrkWmhJkmA,development,4
21,13595,58053,IGNGZfKG-jY,UCCK3OZi788Ok44K97WAhLKQ,development,2
21,13596,58057,w1kTE0SwuVg,UCckltLEhFLv8Xz_lQhYfwmg,development,1
21,13597,58058,_2jaz5zSAN4,UC8lKgUHo-2mSR5cRRXO9xow,development,3
21,13598,58067,cXp8YXrJd54,UCf2Iar2LDcFaSCnVH1ZMUkA,development,3
21,13599,58068,2MWp2V6gM1c,UCT83ymyAGm7Gnk_4ifxjxIA,development,4
21,13600,58069,BJVXm6bckcc,UCRjMnDOSBcoYlWHFLcHJAKA,development,4
21,13601,58083,U3mOYcvjN98,UCV1NPkc2O0YZBtx_rhDkicw,development,3
21,13602,58089,Spqn-u5pWcQ,UCCK3OZi788Ok44K97WAhLKQ,development,2
21,13603,58101,-a6UjOeYIqs,UCDm4BW0Q5d-zASSuRyvPGXw,development,3
21,13604,58108,6jMjXrBZgq8,UC5IM2uMULjHt-0aAfiG8E_A,development,5
21,13605,58119,f0f0sbBl0uc,UCCK3OZi788Ok44K97WAhLKQ,development,2
21,13606,58123,VBNHlbhhfYw,UCyatESKDOtYoUqC3zXhREzw,test_reserved,
21,13607,58129,RfaZzTk9EgU,UC1hcl0aIr9KtXA-Kiq9itqw,test_reserved,
21,13608,58135,aJCrRnnINis,UCVfnhhDIkkBJ_1QyzCqeVDg,development,5
21,13609,58136,ExML8M5qkc8,UCPJRtoh7x7vEw0-d59JwKiQ,test_reserved,
21,13610,58139,aj9hOm5k-y4,UCf2Iar2LDcFaSCnVH1ZMUkA,development,3
21,13611,58142,dlqjXBjCsF4,UCCK3OZi788Ok44K97WAhLKQ,development,2
21,13612,58146,Z1UXDFKaXyQ,UC2zxNWQM0kBCY5rXpeHaFQQ,development,4
21,13613,58147,UgTsd5FjUq0,UCV-q7cRK5yFYEFzWuoQOmQQ,development,5
21,13614,58151,iErjmmdjaUY,UCcijXxFzSXgoM6q9cCtT9PA,test_reserved,
21,13615,58160,RxnmfzntTpg,UCRB8mrLCcwTPlJOMUy9MDUg,development,2
21,13616,58161,czoT-GIaoqY,UCckltLEhFLv8Xz_lQhYfwmg,development,1
21,13617,58162,3VCAQRieqP4,UCDqFysWGVtduHRyawK8oJkw,development,1
21,13618,58168,cNjA9tzx3UU,UCAeBFsK2bmm5lkgy90uFiqw,development,4
21,13619,58177,M_NwQdYOidM,UChdRlRaJpIhRYoHvXwFxRKA,test_reserved,
21,13620,58179,FaA2OhhAenQ,UCCK3OZi788Ok44K97WAhLKQ,development,2
21,13621,58183,IMxkeWdQvoI,UCCK3OZi788Ok44K97WAhLKQ,development,2
21,13622,58186,YZtKKyiD9EM,UCAH7R88V7gz7RqJv78nNOzg,development,3
21,13623,58188,Jz_2kIo27CY,UC-lJDdyLYyv47bXu5uUc5rQ,development,2
21,13624,58191,xzc3SyspkYE,UCqrqt9Egbp4Voh3iEUUoorw,test_reserved,
21,13625,58193,PJYNbQJvOQw,UCHT6F9HJ9DtLUjTOH16yg6g,test_reserved,
21,13626,58194,RuNpBjI8FuQ,UCPXSUKHTNc1_hnHuj-UiQWQ,test_reserved,
21,13627,58195,Z7h5q7Bb7bw,UCJyfms5sTp2i-6th7T3AC4w,development,2
21,13628,58201,_kDgaBv9xY8,UCR6bwkq2RbGG12zWqD9YRvw,test_reserved,
21,13629,58202,DCoK7osoCg0,UCRB8mrLCcwTPlJOMUy9MDUg,development,2
21,13630,58204,siQhrtzU6zE,UCmLefvOWUhvzrk0ToJbK2AA,test_reserved,
21,13631,58212,2Uu0LDvMaTg,UCckltLEhFLv8Xz_lQhYfwmg,development,1
21,13632,58213,sQn66dZGSZM,UCIs94IGV3YMXRdVDRLpJZ6A,development,4
21,13633,58217,k11XU8HNfzU,UCckltLEhFLv8Xz_lQhYfwmg,development,1
21,13634,58221,l6LpdDDWos0,UCFGhJsc1ddSN8819LsMa90w,development,5
21,13635,58222,ksyYF8YcDxI,UCCK3OZi788Ok44K97WAhLKQ,development,2
21,13636,58223,t3U6_HBIM4Y,UCn0XmAUFv6d2tofMFEesSNw,development,5
21,13637,58224,RGX9TGSIxsE,UCc30sTBdN9LRSxEuHaXV_bQ,test_reserved,
21,13638,58230,vEYvhi7bF0E,UCRB8mrLCcwTPlJOMUy9MDUg,development,2
21,13639,58233,-SmmRxkCN58,UCwt4zdWrmnBpglCHb1ArREA,development,2
21,13640,58234,H13iiIZ4SEs,UCPaa9NR1c6o7QW8kHYbR9Rg,development,2
21,13641,58235,_Q0CLYKUKE0,UCckltLEhFLv8Xz_lQhYfwmg,development,1
21,13642,58236,dOEGrsUEACw,UC1YGPDtctHGJWW0NrlQVklw,test_reserved,
21,13643,58240,-bEpPQiw_XM,UC1lLkoi3_W_0-g4GI5bA90w,development,3
21,13644,58242,4oukkyCK75s,UCckltLEhFLv8Xz_lQhYfwmg,development,1
21,13645,58243,2mQ-_Bw1OZg,UCf2Iar2LDcFaSCnVH1ZMUkA,development,3
21,13646,58247,STpB7-3y4V0,UC2oGrNhMUyWu5yzEJ_j1PMA,test_reserved,
21,13647,58249,6JJR_UGB-sk,UCaESx7Bdghv_UICcG1hBkcg,development,5
21,13648,58252,LEQcK11VztQ,UCOtYyt7W5PmPnwQjWWF_Z-Q,development,3
21,13649,58254,VeWX2qIj_yc,UCIahchcgnpQIfghjuVKyYWQ,development,4
21,13650,58261,jAz1faSpWZ4,UCGwkKsyd1fbH5eDBEvOIfmw,test_reserved,
21,13651,58263,huce3AHZxiM,UCA5xW2Ce7KT2AtxzDYDebCA,development,5
21,13652,58266,Qycsv4WNQ_A,UCiPqzkmX93ta8vFwMVS81oQ,development,4
21,13653,58268,AxolAbgYOgk,UC8lKgUHo-2mSR5cRRXO9xow,development,3
21,13654,58288,Z0M76j6uB3U,UCCK3OZi788Ok44K97WAhLKQ,development,2
21,13655,58291,DKTdBj0n3ws,UCckltLEhFLv8Xz_lQhYfwmg,development,1
21,13656,58293,MrE0LQaxs5I,UCidNC9-9DsHj3FmP5N42Lqw,test_reserved,
21,13657,58297,db9pbLofW48,UC-DEHYgvcA5bBD3cWo_vSuA,test_reserved,
21,13658,58299,YG19c0ce-Xc,UClSIhhnuyF8fXtBTpOOTknA,development,2
21,13659,58302,ZvdypOEhAmY,UCckltLEhFLv8Xz_lQhYfwmg,development,1
21,13660,58309,XWOWfLRjRyM,UCCK3OZi788Ok44K97WAhLKQ,development,2
21,13661,58310,Ci9rSn1ClO8,UCrVFS_0PdV7AwyTgR13IcVg,test_reserved,
21,13662,58318,vVxgQSplFKg,UCMQg72D9bcWjW-umvECrcAQ,test_reserved,
21,13663,58323,EYbDPlTWr-A,UCckltLEhFLv8Xz_lQhYfwmg,development,1
21,13664,58324,8Qewpq1TfoQ,UC4j4HUyjjgMALWnjN1v7z7A,development,3
21,13665,58330,h6O2HozgwII,UC4VkNi2RZSJyqXsFaJYfsPg,development,4
21,13666,58334,IKqFCyB1lbE,UCckltLEhFLv8Xz_lQhYfwmg,development,1
21,13667,58344,KrcuJ-3VqUg,UCwsNWoSlQUyeWgbVQYZtLOA,development,3
21,13668,58347,tr387g-bvGw,UCtZyfc8g7BwrOuPcZz08lTQ,development,2
21,13669,58349,BSe7jebPjlk,UCsFJW4hPOuBZS486UwG2dPQ,development,4
21,13670,58351,keAIxN77LUg,UCqrqt9Egbp4Voh3iEUUoorw,test_reserved,
21,13671,58353,hbMRzIw6_70,UCQTcNhAZidy1i9wwmdgf2Lw,development,4
21,13672,58359,lgUP_yD5p_0,UCn0XmAUFv6d2tofMFEesSNw,development,5
21,13673,58364,afHtSiCQq8A,UC1YGPDtctHGJWW0NrlQVklw,test_reserved,
21,13674,58365,WSDqFhKmV1E,UC3vuLv1EXDUxS_UKLPFJVSA,development,2
21,13675,58369,P-gtVEeElLg,UCbS_glb2N1NVTrDLVryRbng,development,4
21,13676,58381,WsQTs7YB0uQ,UCOI_wHZTTvcGwvsmlCx4imQ,development,4
21,13677,58385,j1eaSXznxPU,UCN2EppENLvG8D2y7CQ8iLQw,development,1
21,13678,58389,eQq43KBTp-0,UCtpFElVQJM8YgaMTwnEsU4g,test_reserved,
21,13679,58402,bUXT444F5CI,UCskNFH2e4ptFTkgeVmFPNhA,test_reserved,
21,13680,58411,jcKEUsco_kY,UCM3bQBUJ0PEbgfe9lAw_Y3Q,development,4
21,13681,58425,OJUhe9DrF6w,UCMk3TZ_MvwlPbSYp_1FScrw,development,3
21,13682,58428,bY2tn0Wx1Ew,UCdotiSNtLlS4qwDto9CdURA,development,2
21,13683,58430,fxuBKDFjLno,UCCK3OZi788Ok44K97WAhLKQ,development,2
21,13684,58432,LfjKPjP-Xvc,UCbR7juPwtP-bV_w0840ciYQ,development,4
21,13685,58434,ks7-WmHiQMQ,UCBsrUim15y-s6PfMISCR38A,development,2
21,13686,58435,5I6rWKE_1Rw,UCbR7juPwtP-bV_w0840ciYQ,development,4
21,13687,58437,lzpioUwv3dY,UC1CkcuwxCW_dIchuR0tTCJw,test_reserved,
21,13688,58439,z4lNg-N7m54,UC9iEv8PqeHuC3ZVt0QqN-pQ,test_reserved,
21,13689,58440,H4yrU-8KFB8,UCckltLEhFLv8Xz_lQhYfwmg,development,1
21,13690,58454,x_Qvc4FuZzo,UCcijXxFzSXgoM6q9cCtT9PA,test_reserved,
21,13691,58456,6OtFhQ0EqXM,UCqrqt9Egbp4Voh3iEUUoorw,test_reserved,
21,13692,58459,hqVokwpAyeU,UCckltLEhFLv8Xz_lQhYfwmg,development,1
21,13693,58461,ABIHNTkZm7o,UCrhfPfnrGA6aLHO6qxvM7_Q,development,3
21,13694,58465,iL2oyyNX03c,UCckltLEhFLv8Xz_lQhYfwmg,development,1
21,13695,58469,7JofIfRSmyM,UCOiMY00_ZLijPF6InrCl0TA,development,4
21,13696,58472,8YOt8F0kxs4,UCVd1jcy6wKFzfQ5E-Txtg-w,development,4
21,13697,58473,yNWenntrCnU,UChoqXWCFqL2vw60A_GraIQw,development,5
21,13698,58479,XJq2SuCayFw,UCAH7R88V7gz7RqJv78nNOzg,development,3
21,13699,58484,EGDvRrcGmnQ,UC6MkngMDyobFNaXOZR0ukyQ,development,5
21,13700,58488,xfh9UZEpmnU,UCAH7R88V7gz7RqJv78nNOzg,development,3
21,13701,58500,Jv8IIc5cEJk,UCaESx7Bdghv_UICcG1hBkcg,development,5
21,13702,58503,qiXFCu-nhRg,UCyrW9aDENkU6G6URdVFwB9g,development,3
21,13703,58511,TZQsKCsTc48,UCCK3OZi788Ok44K97WAhLKQ,development,2
21,13704,58516,l7NsbNn4Q_0,UC8lKgUHo-2mSR5cRRXO9xow,development,3
21,13705,58518,RPR9CnJJs7I,UCNX1vwdag0CwzXCcgvUG0Dg,development,1
21,13706,58519,lfmbrtiY0iw,UCQTcNhAZidy1i9wwmdgf2Lw,development,4
21,13707,58520,cbD_I-QYKDI,UC12Ujt77-UFGXPAalKwuXDg,development,1
21,13708,58523,LXHtB2UPBYM,UCQTcNhAZidy1i9wwmdgf2Lw,development,4
21,13709,58529,oYSHeXDJnqA,UCgnFSj7jQffD5V5m05j4dPw,development,5
21,13710,58531,xvTLEXLLS5c,UCpErRATj-Z4ux1lAtBhdfbg,development,5
21,13711,58533,3uTM2wvw5gY,UCPF69AP3W-ngo3QLFWKqx8w,development,2
21,13712,58546,ahdZ2U4GpJU,UCaESx7Bdghv_UICcG1hBkcg,development,5
21,13713,58550,XALfa8FqKbw,UCCK3OZi788Ok44K97WAhLKQ,development,2
21,13714,58554,bxNNLHbYugY,UCLuP7ROjaueiuNbzrvPqXSQ,development,2
21,13715,58557,CnrqirpEZ3g,UCiJfplrc7idtWYpDsI325yQ,development,5
21,13716,58560,mekRgfvqziI,UCh2Xwe7on2Oa2MBtk8zvEuw,test_reserved,
21,13717,58570,XVUpa54NkQ8,UCckltLEhFLv8Xz_lQhYfwmg,development,1
21,13718,58573,q9qSSl2FaeM,UCckltLEhFLv8Xz_lQhYfwmg,development,1
21,13719,58579,mHCecukXVtA,UCRDDfbYPHX_GUJ4lcQYTc8A,development,4
21,13720,58587,IhUoQALgUQM,UCn0XmAUFv6d2tofMFEesSNw,development,5
21,13721,58590,iBS2AgsdS9k,UC2GNitBc9qBFZd0329eYOPg,test_reserved,
21,13722,58592,RPVyI4NIuGQ,UChn_3fE8-wRZdCp_-bD7MUA,development,5
21,13723,58597,gNspxMs5l2o,UCHhk9EHspPZejY9PnR1PLVg,development,2
21,13724,58598,7Fb9YokUZ7Y,UCckltLEhFLv8Xz_lQhYfwmg,development,1
21,13725,58605,Efhi6Jbyj7A,UC0nMJ3QNryBHZpy1P3Wamwg,development,4
21,13726,58606,b1KUeuS_QRU,UCckltLEhFLv8Xz_lQhYfwmg,development,1
21,13727,58608,aoPDHGJDFeY,UCCK3OZi788Ok44K97WAhLKQ,development,2
21,13728,58613,A8F06pfnPL4,UCTVN4mTTEpygVWCwA8f-NAQ,development,1
21,13729,58617,13S0OcEXrko,UCCK3OZi788Ok44K97WAhLKQ,development,2
21,13730,58619,2RTKUZ-0IYs,UCkagcQYGoYFuXsUg-ObSL6A,test_reserved,
21,13731,58625,gZRPGQ54KwE,UCAH7R88V7gz7RqJv78nNOzg,development,3
21,13732,58626,GrvkExnIcoY,UCaESx7Bdghv_UICcG1hBkcg,development,5
21,13733,58627,4nEkeZ5m-R8,UCckltLEhFLv8Xz_lQhYfwmg,development,1
21,13734,58633,Rk-fcbkRB38,UCLuP7ROjaueiuNbzrvPqXSQ,development,2
21,13735,58638,TYIbxIOrbQI,UCceS_252pdNUa5ztP_MW8rw,development,1
21,13736,58639,hmrK6VwcL_4,UCdgWTRipbTuQsIiiPb6fB-A,development,4
21,13737,58640,1tOOS6VXT_Q,UCn0XmAUFv6d2tofMFEesSNw,development,5
21,13738,58648,TjKMB6beQIg,UCJA-NQ4MtcRIog66wziD8fA,development,2
21,13739,58662,KMWkkG7FU-w,UC5BT1yMZC1MtgngCRMRZoLg,development,2
21,13740,58669,u3zSEy_-wUQ,UC1YGPDtctHGJWW0NrlQVklw,test_reserved,
21,13741,58676,8Kk0uS1FSfw,UCEJ2OW9pd3aUob5SGap2Hzg,test_reserved,
21,13742,58679,PMzZT9Dd5W8,UCtIzUW426lTNR34-GGMQvrQ,development,3
21,13743,58680,XUe2djD4WXQ,UCckltLEhFLv8Xz_lQhYfwmg,development,1
21,13744,58684,VB-zpeeRXqk,UCKkRSuLQBs2oErUCgivn8mw,development,4
21,13745,58686,HXXXhro41Jo,UCeixuk-NkKqLJfZKcK2fQig,development,2
21,13746,58688,XBaBlIrv2T4,UCcijXxFzSXgoM6q9cCtT9PA,test_reserved,
21,13747,58692,7ICT6TMOYAw,UCAH7R88V7gz7RqJv78nNOzg,development,3
21,13748,58694,Kxh-cg-YxGM,UC5mNdm6_f2fv50Hzsg7qW1g,development,2
21,13749,58697,Yyrb-VPUNKk,UCckltLEhFLv8Xz_lQhYfwmg,development,1
21,13750,58704,LQm3djwqgCE,UCXd1WT2jZt6vvdb55beQMew,development,4
21,13751,58708,rDrJjlCJ_hA,UC0tV1b7IFEXFUUILF7mAcWw,development,2
21,13752,58712,eoK9_ykI0-4,UCcijXxFzSXgoM6q9cCtT9PA,test_reserved,
21,13753,58716,V2Kgru_Rg6s,UCbS_glb2N1NVTrDLVryRbng,development,4
21,13754,58735,dq2Vj919VHU,UCLuP7ROjaueiuNbzrvPqXSQ,development,2
21,13755,58745,pZVpLFPlPM0,UCcbOsE5_4LEjtQi8X2PFxDw,development,3
21,13756,58746,cK3_raaR3uo,UC1YGPDtctHGJWW0NrlQVklw,test_reserved,
21,13757,58748,eEOs1LbGcyc,UCKIu3ZRCEk_oOygPzjVStfQ,development,5
21,13758,58755,HKw7dcXViW8,UCcijXxFzSXgoM6q9cCtT9PA,test_reserved,
21,13759,58760,zwd_C4e6VPc,UCowiYUdbNsL9qVmpY9Z0jLQ,development,4
21,13760,58762,uR31BG3-3nM,UCAH7R88V7gz7RqJv78nNOzg,development,3
21,13761,58764,ODa7Mnq21bk,UC5lT7mnrszE3L2UdcpnFVhw,test_reserved,
21,13762,58773,OklQBC90-rg,UCLA8Ovy_NPAwMWvr8IEDquw,development,4
21,13763,58777,-6YYrnyTDsM,UCOtYyt7W5PmPnwQjWWF_Z-Q,development,3
21,13764,58779,YCQjw99WmC0,UCcijXxFzSXgoM6q9cCtT9PA,test_reserved,
21,13765,58784,j5FEDlNpiiA,UCiPqzkmX93ta8vFwMVS81oQ,development,4
21,13766,58787,ZcbLVWkXqxc,UCRDDfbYPHX_GUJ4lcQYTc8A,development,4
21,13767,58801,UjLygOFUZ7I,UCckltLEhFLv8Xz_lQhYfwmg,development,1
21,13768,58803,jIgQzqaPS9k,UCckltLEhFLv8Xz_lQhYfwmg,development,1
21,13769,58810,dNKbmIbIrWI,UCc30sTBdN9LRSxEuHaXV_bQ,test_reserved,
21,13770,58819,EQUlsO_xWqQ,UCoz7UhbfPFJyljIIV2saR7A,test_reserved,
21,13771,58820,liORGUhAr3g,UC0uW127NmbWG0g-BnTltSHw,test_reserved,
21,13772,58826,C_GRER0nTZk,UCcgkjXIaOrsFR8GLFo3iwOw,test_reserved,
21,13773,58827,P2ueUKkZiIo,UCS1FukhR2GeYArdB87fVFVg,development,1
21,13774,58830,2tc2ulAjZDc,UCx2bxQGDuQgYPJPYFmIthnA,development,4
21,13775,58833,SPR9ezPAdWo,UCB-bp711WZ_Byu1zwfmxJDg,development,3
21,13776,58838,XhxRPi-ebIE,UC2sO_F_Ky4LIAUtSJYXqBDA,test_reserved,
21,13777,58843,azxQunbHMyE,UCmqflTSJ6911aCrnaWIXxsA,development,2
21,13778,58848,3IPFemJTRk0,UCcijXxFzSXgoM6q9cCtT9PA,test_reserved,
21,13779,58849,pJYmm68mbNQ,UCYf829WTg8Cpx_a-cPtgSQQ,development,1
21,13780,58853,8qEj6gJZFRQ,UCOtYyt7W5PmPnwQjWWF_Z-Q,development,3
21,13781,58861,kC3ULY7svBI,UC38c_i9VoaIjDpp46l35d0w,development,4
21,13782,58865,fppsi2k13vI,UCrPfqXI9IoCchcaZz9rY50A,test_reserved,
21,13783,58868,o3BoFhYTKW0,UCPXSUKHTNc1_hnHuj-UiQWQ,test_reserved,
21,13784,58869,Ofzqa7I2BTc,UCofF1Whz-uMOt6JJAoHa9wQ,development,5
21,13785,58874,-GdXmHj-w8g,UCVXCitEEweQox0oyIsJONrQ,development,3
21,13786,58876,lLtlTLjUS-o,UCcbOsE5_4LEjtQi8X2PFxDw,development,3
21,13787,58878,w8mSm9DFPgA,UCbS_glb2N1NVTrDLVryRbng,development,4
21,13788,58881,zlIihjAd4KA,UCHxf5NOZYmtmQEOkToogAiQ,development,4
21,13789,58888,DwvUUChy8Fo,UCCK3OZi788Ok44K97WAhLKQ,development,2
21,13790,58891,eP9KffIQXtY,UCi4eOuqIacCVIiKfEgGh4FQ,development,4
21,13791,58894,w_USFl9dMtI,UCRDDfbYPHX_GUJ4lcQYTc8A,development,4
21,13792,58896,HUnZbn6UhxI,UCZhOI6uSPZKDNMpRHePdvow,development,5
21,13793,58897,nJLwJUXJttU,UCMcaGpzjo0D-d6oSvcg8PtA,development,1
21,13794,58901,cQschYaTMEA,UChlvAvH3N7Xd29DuAJgv0Mg,development,1
21,13795,58903,9rbsBeaMPu4,UCmrLu4r89ykOzmtmbAeEklA,development,3
21,13796,58905,QEWmpGyUVxY,UC9YkaMywrdhD_27n3usJn_Q,development,2
21,13797,58907,XBRYrQZvFOY,UCZw-8vhDi8SvEjHgHI4WTMw,development,3
21,13798,58913,SYQffY9t9Yo,UCqrqt9Egbp4Voh3iEUUoorw,test_reserved,
21,13799,58914,aaper8Jkn0w,UCgnFSj7jQffD5V5m05j4dPw,development,5
21,13800,58917,PSgT8N5SFlo,UCQTcNhAZidy1i9wwmdgf2Lw,development,4
21,13801,58918,C5wSnZUAwag,UCtFYDTWrF9zfe-qA9wSQwQg,test_reserved,
21,13802,58920,VD7OyBDSCO4,UCVXCitEEweQox0oyIsJONrQ,development,3
21,13803,58921,BFsWum0sIys,UC7yvlRxy_mqtwPMyZ8H5Zkw,development,4
21,13804,58923,u64Pgx8UlLE,UCYweMykEAI5aaRztqrJuuAg,development,5
21,13805,58934,3XTaKafFsLI,UCEWXUrJx9ufOtbQH5VRoVzg,test_reserved,
21,13806,58941,NBUfcRqR5ZQ,UCjm7vbOwssao7Bhm9wX3-bw,development,5
21,13807,58951,CPvNCr29kzw,UCQTcNhAZidy1i9wwmdgf2Lw,development,4
21,13808,58952,N0kUYZRnc9c,UCMxeqmVKOqiqh7V_A3h4gfA,test_reserved,
21,13809,58957,VfDukwcYmHw,UCbgjuk1jkUr_xe4tNGv35Qg,test_reserved,
21,13810,58962,qiTI4MtO6VM,UC38c_i9VoaIjDpp46l35d0w,development,4
21,13811,58964,qByzqtof0A0,UC0ZcZzDZe8x6-olaRR5-wYw,development,4
21,13812,58969,ls_BYNRRsrs,UCckltLEhFLv8Xz_lQhYfwmg,development,1
21,13813,58973,tlXm_sOtEUw,UCc30sTBdN9LRSxEuHaXV_bQ,test_reserved,
21,13814,58975,GFYFJe9yutE,UCRtDKbi59vMpicSLFT0J5mg,development,5
21,13815,58977,DpoDYnt7-1c,UCckltLEhFLv8Xz_lQhYfwmg,development,1
21,13816,58985,kBzPdz2GzGs,UCgnFSj7jQffD5V5m05j4dPw,development,5
21,13817,58987,F6_WntfSWAU,UC1YGPDtctHGJWW0NrlQVklw,test_reserved,
21,13818,58989,vNdXIOiHYPw,UC2oGrNhMUyWu5yzEJ_j1PMA,test_reserved,
21,13819,58997,XudJ6od9GYk,UCR1rt4-2aKF8ztBIbPUOyPQ,development,3
21,13820,59000,bCyzEFFur4Y,UCOtYyt7W5PmPnwQjWWF_Z-Q,development,3
21,13821,59001,0K5uTnK_Wzs,UCCK3OZi788Ok44K97WAhLKQ,development,2
21,13822,59013,d0J6Dyk7Cjk,UCl5xacxsAhltNGtiMktd_Sg,development,5
21,13823,59016,e1iLDImnvn4,UCgnFSj7jQffD5V5m05j4dPw,development,5
21,13824,59025,BrchCc-fPeE,UCyrW9aDENkU6G6URdVFwB9g,development,3
21,13825,59031,QwO4h5z8L7A,UCmqflTSJ6911aCrnaWIXxsA,development,2
21,13826,59032,IRXu_SNP0S4,UC6jQt9K_jqnBNtsRf7hXHsA,development,5
21,13827,59044,FgSqAFtwG4s,UCCK3OZi788Ok44K97WAhLKQ,development,2
21,13828,59049,HSjgXmwyWAE,UCckltLEhFLv8Xz_lQhYfwmg,development,1
21,13829,59052,N25LmiH9FoU,UCckltLEhFLv8Xz_lQhYfwmg,development,1
21,13830,59054,lRZmDFgLxU0,UC5-n2dfksESEt3ATmM6Uujw,development,4
21,13831,59058,zghzPGj3FYE,UCOtYyt7W5PmPnwQjWWF_Z-Q,development,3
21,13832,59061,2w2BG5M2Yos,UCCK3OZi788Ok44K97WAhLKQ,development,2
21,13833,59065,frovOQBnmG0,UCpRnLw-i6ep13w_vh9M9k-g,test_reserved,
21,13834,59071,ikZZj1PpDfM,UCLR467wlkHhrQjVq-0bdKng,development,1
21,13835,59077,yl-Q5T9TxR4,UCbR7juPwtP-bV_w0840ciYQ,development,4
21,13836,59091,zq-MHMWjhWE,UCbVw-Yr6A7L4hPi8W6zsQlw,development,3
21,13837,59092,l_RdM4vceHg,UCckltLEhFLv8Xz_lQhYfwmg,development,1
21,13838,59094,tzh4v44dPzQ,UCaESx7Bdghv_UICcG1hBkcg,development,5
21,13839,59096,ZiEnXhH0aeo,UCVfnhhDIkkBJ_1QyzCqeVDg,development,5
21,13840,59097,dJ_Y3nhgQI4,UCNckXAcrwqCXYVLJrnCuQFA,development,1
21,13841,59099,Ajgr0EuLWOM,UCLA8Ovy_NPAwMWvr8IEDquw,development,4
21,13842,59104,rMD3j1cHP3o,UCoPGkvh-1AoSzh23-ROXrpw,development,3
21,13843,59105,yvvycJrePS4,UCP7bW-wX2pweVFH70yiEo_Q,test_reserved,
21,13844,59108,lk6RzQ69pfU,UCAKbFSucxr0iLZDDkEp3gGw,test_reserved,
21,13845,59122,36yxAmi7xqI,UC6jQt9K_jqnBNtsRf7hXHsA,development,5
21,13846,59127,KhtB_CBthM4,UCQTcNhAZidy1i9wwmdgf2Lw,development,4
21,13847,59134,jhE6T9O5zqs,UCckltLEhFLv8Xz_lQhYfwmg,development,1
21,13848,59136,B_jUXPJQlzE,UC94kX8sCqFj-3I4DgLGoQMg,development,4
21,13849,59137,2dzkJCajoAU,UCqxwy8GKh91iGrcZ7dgVuCQ,test_reserved,
21,13850,59140,HRQkr2DH9Fo,UC1_uLITLP5agSh27SaB1C_A,development,5
21,13851,59151,gFSQ__fH4D0,UCcijXxFzSXgoM6q9cCtT9PA,test_reserved,
21,13852,59152,nO8pXTlK-bs,UCckltLEhFLv8Xz_lQhYfwmg,development,1
21,13853,59160,FM4mwfLw6ag,UCvpO2ovuYdqZWHP0uIOOi1Q,development,3
21,13854,59163,OGHbltHVLUM,UCAH7R88V7gz7RqJv78nNOzg,development,3
21,13855,59166,B3BySMWK4tA,UCcwCsuV7bOpTfqf2UvLfYmg,development,4
21,13856,59167,TamX-R77t60,UCh9qXeL8eP3Txra2908xksg,test_reserved,
21,13857,59171,GEPtKy0v1NA,UCLV3lwpsZoN_dHTFexRAh4Q,development,1
21,13858,59186,-wz6Mupdt_0,UCu1-zM6AabyFWu00_gUKubw,development,4
21,13859,59189,GJQ_gdsqFgk,UCwUzrshKoIdDpdBLeyidDaQ,development,5
21,13860,59191,CKovjhGxGT4,UCf2Iar2LDcFaSCnVH1ZMUkA,development,3
21,13861,59201,RRhqbRi4q5s,UCUBN8f1H_gd7aulxB-Ik4tA,development,1
21,13862,59207,3OnEQvzMI7g,UCmqflTSJ6911aCrnaWIXxsA,development,2
21,13863,59215,9CjkwB61Mwc,UCmrLu4r89ykOzmtmbAeEklA,development,3
21,13864,59217,wtOpToUce3M,UCI9B6cvPkauAUvfV2CvKMMQ,test_reserved,
21,13865,59218,X6pHT4DVGMw,UCcijXxFzSXgoM6q9cCtT9PA,test_reserved,
21,13866,59221,2VDWMeK2dhE,UC151dtdh5iXFd-0IRkt7DDg,development,4
21,13867,59229,s7YQNgt0aXQ,UCsAPX_-Yu9O_3dJu0aUj_BA,test_reserved,
21,13868,59238,CXLdchWpg1Q,UC1YGPDtctHGJWW0NrlQVklw,test_reserved,
21,13869,59247,FApIaJTax5s,UCDAkUKRB1pkb-s3Gqv7FZ7A,development,4
21,13870,59255,Ht621UtIvv4,UCPXSUKHTNc1_hnHuj-UiQWQ,test_reserved,
21,13871,59259,FUimOrOD3W8,UCQTcNhAZidy1i9wwmdgf2Lw,development,4
21,13872,59267,L_vHEi7pAr4,UCQkPhQ-6NhA1v7Tpsp6EnKQ,development,2
21,13873,59271,KLwlwgB8758,UC0MnP2Iso6enxaJTBZ3_nJw,development,1
21,13874,59278,VQJhGPwRAIw,UCCK3OZi788Ok44K97WAhLKQ,development,2
21,13875,59279,bYLyM2BiFJo,UCkagcQYGoYFuXsUg-ObSL6A,test_reserved,
21,13876,59294,PCda97zVOtY,UC6yh7ac2hUGUbrZl_IXwoug,development,1
21,13877,59298,yPaj5qlw71M,UC2-G0rYWhRDRck575AitgHw,test_reserved,
21,13878,59300,k4yKp0VCOiE,UCRDDfbYPHX_GUJ4lcQYTc8A,development,4
21,13879,59303,zdAE2XOK_CU,UCckltLEhFLv8Xz_lQhYfwmg,development,1
21,13880,59304,KixAI0j4xeE,UCBWG_GjopQPckewo1_IvhLQ,development,1
21,13881,59311,QcLdYrMVpRM,UCJA-NQ4MtcRIog66wziD8fA,development,2
21,13882,59319,qVteU5M5d8s,UCckltLEhFLv8Xz_lQhYfwmg,development,1
21,13883,59320,OdEJ-9q8pdE,UCgnFSj7jQffD5V5m05j4dPw,development,5
21,13884,59325,znCpOknIehQ,UC_0KqdgCMvhbpYcp9JaqQRg,development,4
21,13885,59328,xRMgFl9AS78,UCh9qXeL8eP3Txra2908xksg,test_reserved,
21,13886,59331,_9Gz5CLpI4s,UCa7tIPq6XgQs1KhuVoUrw5g,development,2
21,13887,59339,jndn5zd4AAI,UCsU0TSt6Jm_yLlTkZS-FvUw,test_reserved,
21,13888,59340,6LFXSqT98JY,UCrhkgHTUdZXbCd69TNuQuMg,development,2
21,13889,59353,FslNtFiAf8k,UCG0j1mTQov3RVBgLgh6wbKg,development,2
21,13890,59361,HCobmFN2AGM,UCrcATWZGF_p53r38i6VK0eA,development,5
21,13891,59375,IdMpH7NcbIc,UCckltLEhFLv8Xz_lQhYfwmg,development,1
21,13892,59382,BLEcPx0CAxI,UCPXSUKHTNc1_hnHuj-UiQWQ,test_reserved,
21,13893,59383,-vHqeQQnpd8,UCvyalhna2_BckncYWdeqcwQ,development,2
21,13894,59386,6IOsOo4mWOM,UC4jCgcD-VeJuSwbubFBqLxA,development,3
21,13895,59391,LpuJGmUBZO8,UCV-q7cRK5yFYEFzWuoQOmQQ,development,5
21,13896,59393,fjzIJVHbWq8,UCNJq7z4rYDfvXvgWKt6KOvw,test_reserved,
21,13897,59395,wo7ML6c_2n4,UCaESx7Bdghv_UICcG1hBkcg,development,5
21,13898,59398,9606YqQmU3Y,UCU8CLxgXCxmDmYKNi_gS0WA,test_reserved,
21,13899,59409,BWapItV3GcY,UCoE8YTn0TN5LYS9e-lUifjw,development,3
21,13900,59410,nCofb85W71A,UCvfwXFsI8J-iRMpG1SE8lgw,development,3
21,13901,59412,cX0iKTkvQmQ,UC1sLZ1wqSN1YFrlp92y5yyA,test_reserved,
21,13902,59430,lOu47VXmhkc,UCWO2tL69FZ9ckckHcAa18Ug,development,5
21,13903,59432,OY0sg5wmPII,UCckltLEhFLv8Xz_lQhYfwmg,development,1
21,13904,59433,_w2h53y0g34,UCM2bvvJY1u3pRBq1DyUHK1A,test_reserved,
21,13905,59436,0n-JAOt9GbU,UC8ZmvQOUKiu6SmICTXzjFnA,development,2
21,13906,59440,kUwvtUCj9cE,UCiAYv_QAosB-49bJbu3NM3A,test_reserved,
21,13907,59443,KeHvlrCiSnM,UCDAkUKRB1pkb-s3Gqv7FZ7A,development,4
21,13908,59445,s5HCbcQQN78,UCgoCbMJ4JnH0q40GofKZxVg,development,2
21,13909,59453,KsU9Ee9Xtk0,UCzO0Ody4SmI_XFRrXW848eA,test_reserved,
21,13910,59456,E_jVqFRyiLY,UCiP6DUi_wjUMfc4bo0yIusQ,development,1
21,13911,59458,N123y4Bp3wg,UCOtYyt7W5PmPnwQjWWF_Z-Q,development,3
21,13912,59459,H3Iya2CAkr0,UCcg4tDKgPLIc_x3lhWdogLg,development,3
21,13913,59465,uEl0h9iImGs,UCXd1WT2jZt6vvdb55beQMew,development,4
21,13914,59466,Up9lMDFOKtY,UCmrLu4r89ykOzmtmbAeEklA,development,3
21,13915,59468,96idGMWwqRw,UC22LfvKY_7Ibkt5I5wFqwfg,development,1
21,13916,59470,5x9twSk-IR0,UCPXSUKHTNc1_hnHuj-UiQWQ,test_reserved,
21,13917,59486,9ZcJWkNY8HY,UChtQ7TCSKmvCIqonz1eto1w,development,2
21,13918,59487,9VCArGN-2F4,UCoz7UhbfPFJyljIIV2saR7A,test_reserved,
21,13919,59489,2B0lqCySZEw,UCMKVkE8hcrq8XVr_GftJ_sg,development,3
21,13920,59493,sFOJrET69kI,UCckltLEhFLv8Xz_lQhYfwmg,development,1
21,13921,59495,7s_-Gm7CccI,UCsAPX_-Yu9O_3dJu0aUj_BA,test_reserved,
21,13922,59496,Uhj4Z8h-iC4,UCpSJ86vrKvGmV63s0AzVhUg,development,1
21,13923,59501,GAPTOxncDJ8,UCdgWTRipbTuQsIiiPb6fB-A,development,4
21,13924,59503,dPIvuXgRVE0,UCa79Dm6QBH4i8PAmTrfQPXQ,development,4
21,13925,59511,oIe9VuR0DLU,UC1YGPDtctHGJWW0NrlQVklw,test_reserved,
21,13926,59516,Pr_m6Mi8mYI,UC2oGrNhMUyWu5yzEJ_j1PMA,test_reserved,
21,13927,59518,Vmld9Ri1Jo0,UCCK3OZi788Ok44K97WAhLKQ,development,2
21,13928,59519,BN3M10PTv34,UCh9qXeL8eP3Txra2908xksg,test_reserved,
21,13929,59526,AAXriwr077s,UCn0XmAUFv6d2tofMFEesSNw,development,5
21,13930,59534,PzY3RNhk9aU,UCDyQcvr-Lu0rbfEMECgwUFg,development,2
21,13931,59539,tCra1Tx-ajs,UCCK3OZi788Ok44K97WAhLKQ,development,2
21,13932,59541,kf72aQpRPvk,UCCK3OZi788Ok44K97WAhLKQ,development,2
21,13933,59542,cn0MiOA4KC4,UCckltLEhFLv8Xz_lQhYfwmg,development,1
21,13934,59545,2DLMo-LJQdc,UCCK3OZi788Ok44K97WAhLKQ,development,2
21,13935,59547,QeTlSp6ZoiU,UC4VkNi2RZSJyqXsFaJYfsPg,development,4
21,13936,59548,yzdNuA0YdT8,UCbS_glb2N1NVTrDLVryRbng,development,4
21,13937,59550,VKX6UVHal74,UC324VVhYKykBv01GecF4aYg,development,5
21,13938,59555,9In_2P_LX34,UCyH9u_WllbJZHZHeIBzjW2g,development,5
21,13939,59556,GLrb7QZDShA,UCcg4tDKgPLIc_x3lhWdogLg,development,3
21,13940,59560,iDcaZBGhLCI,UCuW9OiaVwvoOraW1Jcc3_uA,development,2
21,13941,59562,g-Mp9dT1GcE,UCQTcNhAZidy1i9wwmdgf2Lw,development,4
21,13942,59567,mMJf6Coy4Tk,UC7Ohefm3GfJU1uNz7MXzhGA,test_reserved,
21,13943,59570,r24PSUbMoCk,UCcwCsuV7bOpTfqf2UvLfYmg,development,4
21,13944,59575,OHUSimPU76w,UC8U5Mgl9nbkm5vOJ0SMtQgA,test_reserved,
21,13945,59580,s4pohKj0WQc,UC324VVhYKykBv01GecF4aYg,development,5
21,13946,59582,oybyRKkaueQ,UCjYAhUnrkBujtKI3j3LM2uA,development,3
21,13947,59584,Z_Tb_hN9YvE,UCyaIoiqUyGoO7u6jIZm3h6Q,development,3
21,13948,59589,MtAlQ4twckU,UCCK3OZi788Ok44K97WAhLKQ,development,2
21,13949,59593,xu67p-Unz9w,UCgnFSj7jQffD5V5m05j4dPw,development,5
21,13950,59599,gxbtLfRxDso,UCXfgx23Lw81I4wsCNhdVBgw,development,2
21,13951,59613,ae4nhoOllIc,UC6jQt9K_jqnBNtsRf7hXHsA,development,5
21,13952,59634,IVSJVhRb4OI,UCbS_glb2N1NVTrDLVryRbng,development,4
21,13953,59640,xObn1eeY1Aw,UCMw--nUMJjK2GNrLXdsnDzg,development,2
21,13954,59645,3ArA_shUx-Q,UCcbOsE5_4LEjtQi8X2PFxDw,development,3
21,13955,59647,Ooj31E9yWn8,UCFMs1HBWP1bIv9Ojp06ZIRw,development,4
21,13956,59648,oirLjEunV0o,UCv28xURTYOApw2GsurpATSg,development,5
21,13957,59651,SvvXxsqVcXE,UCbS_glb2N1NVTrDLVryRbng,development,4
21,13958,59654,qV-NSI22NdM,UCqrqt9Egbp4Voh3iEUUoorw,test_reserved,
21,13959,59659,PoFNrpaiLz4,UCCK3OZi788Ok44K97WAhLKQ,development,2
21,13960,59661,dN3nSjJzK4I,UC324VVhYKykBv01GecF4aYg,development,5
21,13961,59662,5DmOdO7bBKM,UCLuP7ROjaueiuNbzrvPqXSQ,development,2
21,13962,59664,ClHIBdG-uZU,UCckltLEhFLv8Xz_lQhYfwmg,development,1
21,13963,59669,buEYqE0_HAs,UCCK3OZi788Ok44K97WAhLKQ,development,2
21,13964,59673,gaJIr8IYz2Y,UCXm0FsS7PXy0w5HeOkYMi7Q,development,5
21,13965,59674,iVA4hHHi428,UCGwkKsyd1fbH5eDBEvOIfmw,test_reserved,
21,13966,59676,j5USwoCQnLc,UCiLbj6E-dvR3tDLKigo2juQ,development,4
21,13967,59681,XfzLVwf19pc,UCCK3OZi788Ok44K97WAhLKQ,development,2
21,13968,59688,QReexrGSYzU,UCCK3OZi788Ok44K97WAhLKQ,development,2
21,13969,59692,eRlU6hqlWYU,UCUnPyz9Zu480oqfO9n_RDiA,development,1
21,13970,59693,WkuDrT2-jds,UCgnFSj7jQffD5V5m05j4dPw,development,5
21,13971,59696,FT1zOj3TZco,UCMIOtMp-WuFS6f25y4Cwytg,test_reserved,
21,13972,59697,HmK0xMjM0fc,UCM3bQBUJ0PEbgfe9lAw_Y3Q,development,4
21,13973,59699,Z6vtCyYEiF4,UCZFZrF8lZizsW3io-ONv_Ig,development,4
21,13974,59700,xB3CQj0VSto,UCYNtjJyosDXPToT3MdOzf1w,test_reserved,
21,13975,59705,Kw_1zKPnlHg,UCCK3OZi788Ok44K97WAhLKQ,development,2
21,13976,59707,mybDUWbsVj0,UCIKg0Ev6Vq2M7hU7bL_jHFQ,development,4
21,13977,59708,_TvJXNL2SJs,UC0nMJ3QNryBHZpy1P3Wamwg,development,4
21,13978,59710,D2emDP0NcUk,UC0MnP2Iso6enxaJTBZ3_nJw,development,1
21,13979,59711,H26JgySDaqE,UCOChhrxHx8lLASkitfBu3-A,test_reserved,
21,13980,59717,qcQmo4lcpKg,UCLuP7ROjaueiuNbzrvPqXSQ,development,2
21,13981,59723,XodMyLhCs_g,UCS6wii1nENlRXQpu_1mp5CA,development,5
21,13982,59725,oenuUsXI000,UCckltLEhFLv8Xz_lQhYfwmg,development,1
21,13983,59726,tlLGcpIsbMA,UCgnFSj7jQffD5V5m05j4dPw,development,5
21,13984,59742,dAB1LBb4bPM,UCaESx7Bdghv_UICcG1hBkcg,development,5
21,13985,59745,8iNU_1CwgMA,UCgnFSj7jQffD5V5m05j4dPw,development,5
21,13986,59748,HiLUbXYH8uw,UCjcNG-8w9cevWkScRr6Lp1Q,test_reserved,
21,13987,59749,GvWwUmnB99I,UCIKg0Ev6Vq2M7hU7bL_jHFQ,development,4
21,13988,59751,VdXmfUn0f5g,UCCK3OZi788Ok44K97WAhLKQ,development,2
21,13989,59752,r3FvKYfr4Lo,UCx7lEnwLHxO9yPjOotGb-bA,development,3
21,13990,59780,3jiN4pdX1eg,UCtFYDTWrF9zfe-qA9wSQwQg,test_reserved,
21,13991,59782,wPnmJUyhnog,UCgnFSj7jQffD5V5m05j4dPw,development,5
21,13992,59783,X5pAeOXHbVA,UCckltLEhFLv8Xz_lQhYfwmg,development,1
21,13993,59789,YtAUXJ_J-To,UCgoCbMJ4JnH0q40GofKZxVg,development,2
21,13994,59794,AJIiOlOOzr0,UCAKAcMWVANp_qXgWKlXMCFA,development,3
21,13995,59803,B-u5_9lLk40,UCxMSQGHZNChCr_sqKmdX8EQ,development,3
21,13996,59812,LPkZv5uPiBg,UCh9qXeL8eP3Txra2908xksg,test_reserved,
21,13997,59816,LAQBa5gN_Lk,UC38c_i9VoaIjDpp46l35d0w,development,4
21,13998,59822,HQDMt2NMuRg,UCCK3OZi788Ok44K97WAhLKQ,development,2
21,13999,59826,UF4UrST8I-I,UC2oGrNhMUyWu5yzEJ_j1PMA,test_reserved,
21,14000,59830,g4tFiIdIIBQ,UC7SpeEKCvhjtxa4VX2sHA1Q,development,1
21,14001,59831,Q3aAZSq6PK8,UCbS_glb2N1NVTrDLVryRbng,development,4
21,14002,59834,N310U9DQomk,UCFYP9-HfFF-Pg7DibBsCAlQ,development,2
21,14003,59837,Z5lHX_TIAEc,UCBsrUim15y-s6PfMISCR38A,development,2
21,14004,59845,e-A6srhVuEI,UCCbm1E52PV05ZLv6dtRB92Q,development,5
21,14005,59853,vSFu5udlLng,UCPXSUKHTNc1_hnHuj-UiQWQ,test_reserved,
21,14006,59862,-_6OnIUQLYA,UCP0FKFuz9j2Dp-QDr-Dv_0g,development,4
21,14007,59868,X_TaBhLvs08,UCCbm1E52PV05ZLv6dtRB92Q,development,5
21,14008,59869,Hv6glqIC5Yc,UCIoyIVPZEfC2p0dQwAxGiEw,development,5
21,14009,59870,u-QKAk5AcFw,UCAH7R88V7gz7RqJv78nNOzg,development,3
21,14010,59871,xuArgY65lyI,UCI9B6cvPkauAUvfV2CvKMMQ,test_reserved,
21,14011,59872,XOhgmIwsHvE,UCckltLEhFLv8Xz_lQhYfwmg,development,1
21,14012,59882,vLF8vQcolN4,UCEUSUxrhCt4n0Pp9WB7q7-w,test_reserved,
21,14013,59883,viA6CpBRmK4,UCOtYyt7W5PmPnwQjWWF_Z-Q,development,3
21,14014,59888,pkXH70Fp5Do,UCgnFSj7jQffD5V5m05j4dPw,development,5
21,14015,59890,lz_kreknoUw,UCckltLEhFLv8Xz_lQhYfwmg,development,1
21,14016,59891,NWjdG3JNCy4,UC4VkNi2RZSJyqXsFaJYfsPg,development,4
21,14017,59894,2ciqDWuXPuo,UCRnlAD7oJTGIgNVBzWfxTfg,development,2
21,14018,59900,jQZaWxCljis,UCy2ql63nRG24V2Mn7pxLenw,development,3
21,14019,59903,d_-guHZRoxI,UCo8JIWuSTZ0xG0vGJwKwsGA,development,5
21,14020,59904,1trhhNmCqt4,UCAH7R88V7gz7RqJv78nNOzg,development,3
21,14021,59908,AL8lcJF_ugY,UCckltLEhFLv8Xz_lQhYfwmg,development,1
21,14022,59909,Zm89pm5Pugk,UCf48pki8AqjBHuV80LcC7kA,development,5
21,14023,59912,7dFP1onNJRc,UCAKAcMWVANp_qXgWKlXMCFA,development,3
21,14024,59914,7feiNJeinaI,UCbS_glb2N1NVTrDLVryRbng,development,4
21,14025,59916,TnRcyLkemac,UCDAkUKRB1pkb-s3Gqv7FZ7A,development,4
21,14026,59918,TF3uzxgq7W4,UCqrqt9Egbp4Voh3iEUUoorw,test_reserved,
21,14027,59922,ox7RSpEuYrM,UCQTcNhAZidy1i9wwmdgf2Lw,development,4
21,14028,59925,QFmJPufQ5Ws,UC_AuTY5qqpUUYFLSDQIbOsg,test_reserved,
21,14029,59927,CiC4H7CpdAU,UCQga5Hpkev0t-LW7F56C8mQ,test_reserved,
21,14030,59928,HIVM6VoE-H8,UCieUj92znWxr02AWNviTElQ,test_reserved,
21,14031,59929,DVvQ7_XyMqs,UC6aSX46078fvOY9bY9ZUTYw,development,5
21,14032,59930,VIQKG7ls-44,UCyaBLWehN3TJHneic-3IJBQ,development,1
21,14033,59931,FLC0kwt322U,UCMxeqmVKOqiqh7V_A3h4gfA,test_reserved,
21,14034,59932,QOaNM1oc38c,UCgnFSj7jQffD5V5m05j4dPw,development,5
21,14035,59934,DzS4eWz9o9k,UCILFY0DK2vcnnnTAgWrX-xw,test_reserved,
21,14036,59940,fxvgvXqxYgM,UCl5xacxsAhltNGtiMktd_Sg,development,5
21,14037,59943,T27aaViQvYw,UCt1uMmva5HBK0qu1hTGGvzA,development,5
21,14038,59958,noftCwU9nUI,UCMOJZJjbOVCp2oqoTNK5PdQ,development,2
21,14039,59959,c2WoPQ9_yQg,UCoz7UhbfPFJyljIIV2saR7A,test_reserved,
21,14040,59962,aitO82EIG0E,UC1YGPDtctHGJWW0NrlQVklw,test_reserved,
21,14041,59966,TwebgeORSeM,UCvHgPqX_MU--WMuk2PVZubg,development,4
21,14042,59967,WSdCnItFfZY,UCS4etFvWLvhVowAmj4dn45g,development,3
21,14043,59971,QbzrZDl0gVQ,UCpP5Y5ssB2iicCuWrpVpR3A,development,3
21,14044,59979,rg9lK-sG9mQ,UC7mhtAaF1ESJgCozpoS2lcQ,development,2
21,14045,59986,lw6mvk0K5TA,UCckltLEhFLv8Xz_lQhYfwmg,development,1
21,14046,59991,tUUKEAuiHYs,UCCXHDSRJKfNBLNJmIegx8Lw,test_reserved,
21,14047,59995,5u13A2tsu4U,UCCbm1E52PV05ZLv6dtRB92Q,development,5
21,14048,60003,lOFwNrcXPIU,UCJtl0GhFcswuh8R_Y-jcLwA,development,5
21,14049,60010,w190VXqsLB8,UCckltLEhFLv8Xz_lQhYfwmg,development,1
21,14050,60011,G8ga_mUkfHs,UC0ZcZzDZe8x6-olaRR5-wYw,development,4
21,14051,60012,o6TTKIL-YwM,UCCK3OZi788Ok44K97WAhLKQ,development,2
21,14052,60017,1cqr-TsJkes,UCWj4YlsI2lhzVFgpcBRl8jw,development,2
21,14053,60025,c9PWWhVb9FE,UCcijXxFzSXgoM6q9cCtT9PA,test_reserved,
21,14054,60026,9epLZNinwmA,UCdFAl3bZf7bi7A5HX7USKzg,development,2
21,14055,60035,PGI63CYWnD8,UCol1SzfebXhRo0ltxOJZ9cg,development,3
21,14056,60047,X527lfJx_Fw,UCVfnhhDIkkBJ_1QyzCqeVDg,development,5
21,14057,60051,2me0r6rhot8,UCBsrUim15y-s6PfMISCR38A,development,2
21,14058,60054,TSWoouOszo0,UCIoyIVPZEfC2p0dQwAxGiEw,development,5
21,14059,60057,4ZF4LnEPyMY,UCgnFSj7jQffD5V5m05j4dPw,development,5
21,14060,60059,fncyVk7deXc,UCZbELqSq-v0admOH04dE2tg,test_reserved,
21,14061,60064,UQJUJidS1jc,UCgnFSj7jQffD5V5m05j4dPw,development,5
21,14062,60075,goS8Kl3FhYE,UCgHlPm2GweC7f8JaynbQRQg,development,3
21,14063,60076,KGRLbtoz9d8,UClC6jQT87s0yKTxHls4BWSw,development,4
21,14064,60080,ERSHyxeRXkY,UC_nFt7ialY-bZ-nUFwzY_hg,development,3
21,14065,60091,ave4MmO3emQ,UCOtYyt7W5PmPnwQjWWF_Z-Q,development,3
21,14066,60094,htpO1RSMwR8,UChn_3fE8-wRZdCp_-bD7MUA,development,5
21,14067,60095,iTC-COF0M20,UCUJlhgu2VRWkB1YPI_jjctA,development,4
21,14068,60097,pGcoxhyPzMQ,UC2q8im1fqNqwN0xEtlGwi1Q,development,5
21,14069,60100,XR3dCfx8Mqc,UC1YGPDtctHGJWW0NrlQVklw,test_reserved,
21,14070,60108,q7gAatGCS5U,UC8lKgUHo-2mSR5cRRXO9xow,development,3
21,14071,60109,Nydf3Cbuuls,UCCK3OZi788Ok44K97WAhLKQ,development,2
21,14072,60110,4KAYX8FH9d4,UC2sO_F_Ky4LIAUtSJYXqBDA,test_reserved,
21,14073,60117,EbEHVze54zE,UCCK3OZi788Ok44K97WAhLKQ,development,2
21,14074,60123,n6sTKlYmC3E,UCckltLEhFLv8Xz_lQhYfwmg,development,1
21,14075,60126,GQER23nuoRI,UC0UOhKetGjen0InweZGGbWQ,development,3
21,14076,60130,iuu6VzRMSIU,UCjKSK3d5r0O78WGnMouSvDw,development,4
21,14077,60131,twhNrPmi3Gg,UCzO0Ody4SmI_XFRrXW848eA,test_reserved,
21,14078,60136,y3avp_ElZ4I,UCx2bxQGDuQgYPJPYFmIthnA,development,4
21,14079,60142,8vWVf9BG39Q,UCRDDfbYPHX_GUJ4lcQYTc8A,development,4
21,14080,60144,lQOPHpLYstw,UCQIWzvLOlB4tu84TtOTJCGg,test_reserved,
21,14081,60146,8vDm2jL3oRw,UCmGMChEd9jBucufrWcpk3Ew,development,5
21,14082,60150,kScGqm32krA,UCgnFSj7jQffD5V5m05j4dPw,development,5
21,14083,60151,7CzUtqYwGfs,UCCK3OZi788Ok44K97WAhLKQ,development,2
21,14084,60157,7e7BQ4URyYI,UCxQQ7T5UMck1aKxzBmyt4rw,development,5
21,14085,60159,yUYB3I6y3-o,UCCK3OZi788Ok44K97WAhLKQ,development,2
21,14086,60170,736FVhuv_cM,UC5_mCvFp3zgtxoX1W9yHHHQ,test_reserved,
21,14087,60172,toEkO0yxnJ8,UCqDMvUe1Zy9QzR-F6X7B5pw,development,3
21,14088,60175,-LjddRmrTRY,UCOHyRrRuD2zGCkpuCAlyOyA,test_reserved,
21,14089,60181,cYsDVXG3Q4g,UCckltLEhFLv8Xz_lQhYfwmg,development,1
21,14090,60183,bxZTJYGRRTM,UCOtYyt7W5PmPnwQjWWF_Z-Q,development,3
21,14091,60184,whi4WehezAo,UCoPGkvh-1AoSzh23-ROXrpw,development,3
21,14092,60192,iTZj3I9ePGM,UCcg4tDKgPLIc_x3lhWdogLg,development,3
21,14093,60194,YWtX3y5ix0M,UCgnFSj7jQffD5V5m05j4dPw,development,5
21,14094,60195,yMYg7fdeyao,UCdvzidU6j1UdUBhaEw-LLuQ,development,4
21,14095,60208,rHSg8neBIpE,UCOtYyt7W5PmPnwQjWWF_Z-Q,development,3
21,14096,60212,Uvv7gW8vxuU,UCckltLEhFLv8Xz_lQhYfwmg,development,1
21,14097,60215,FUB24YYHgmE,UCiR8kH7EvdjJGp41a9KIfsQ,development,5
21,14098,60220,QPyaP2rEzcg,UCcijXxFzSXgoM6q9cCtT9PA,test_reserved,
21,14099,60224,i_LKXREamJk,UCOiMY00_ZLijPF6InrCl0TA,development,4
21,14100,60226,NF6xx_gTkeI,UCRDDfbYPHX_GUJ4lcQYTc8A,development,4
21,14101,60227,NMx0sMvS3Jk,UC8rcDufKZ3W6CtZU69CtMXg,development,3
21,14102,60232,lopCSHkdFGQ,UCcijXxFzSXgoM6q9cCtT9PA,test_reserved,
21,14103,60233,2-gNmzGMz08,UCAgBGlUKoAQFXMUzshrWDgg,development,5
21,14104,60239,nGnaWMiLJjs,UCKoBVjh6j8amPM6tw6Lb-cA,development,3
21,14105,60250,LUV9-Y3chNg,UC4j4HUyjjgMALWnjN1v7z7A,development,3
21,14106,60251,9LqjS_EnFiU,UCKQw2OwROuqrhOuiqSttu6g,development,5
21,14107,60252,qmeZKYjZ8eQ,UCbS_glb2N1NVTrDLVryRbng,development,4
21,14108,60256,CSU1HsxHVT0,UC8rcDufKZ3W6CtZU69CtMXg,development,3
21,14109,60262,arUmS3zva8A,UCckltLEhFLv8Xz_lQhYfwmg,development,1
21,14110,60270,XYOd5xSvc4k,UCgnFSj7jQffD5V5m05j4dPw,development,5
21,14111,60272,xma5kvxy1x0,UCV-q7cRK5yFYEFzWuoQOmQQ,development,5
21,14112,60274,LGzDtf2RCjM,UCgnFSj7jQffD5V5m05j4dPw,development,5
21,14113,60276,j-PeVDP2yIw,UCrtXFLaJQUh6R8xjW6l5tMQ,development,5
21,14114,60277,jm-49zCvIkA,UC4-OGkz_qi4h59w_HeqwYjg,development,4
21,14115,60283,SqPtkuuaiSQ,UConDLpzQN5uiqRMUD1yYKZQ,development,1
21,14116,60292,7x5oW2r8Nio,UClSIhhnuyF8fXtBTpOOTknA,development,2
21,14117,60299,SOSCAwCLcS8,UCcijXxFzSXgoM6q9cCtT9PA,test_reserved,
21,14118,60306,pZwO3rzQYTk,UCPXSUKHTNc1_hnHuj-UiQWQ,test_reserved,
21,14119,60308,AF9rk5ago1c,UCckltLEhFLv8Xz_lQhYfwmg,development,1
21,14120,60309,2LKXJX6I288,UCReF_78PPPdU7kKodNtBwMg,development,3
21,14121,60311,0W7lf7fv3dk,UCypYfMZbKIxBlXqngCuvi0A,development,3
21,14122,60317,J0v_9Rka7Fo,UC-budHy3MfX1QRQPT3GTu1w,test_reserved,
21,14123,60319,zLM95jiLtq4,UCVBEe2FrVmZMGbcPX7mNxJw,development,3
21,14124,60322,9_lM3TkBM04,UCf2Iar2LDcFaSCnVH1ZMUkA,development,3
21,14125,60328,M79GLyAEMGU,UCVfnhhDIkkBJ_1QyzCqeVDg,development,5
21,14126,60330,tOcu1NPrm60,UCckltLEhFLv8Xz_lQhYfwmg,development,1
21,14127,60332,GsP6QnaL3pA,UCoPGkvh-1AoSzh23-ROXrpw,development,3
21,14128,60333,fGNIy0lp6hE,UC2sO_F_Ky4LIAUtSJYXqBDA,test_reserved,
21,14129,60335,UoGjyotBwyI,UC_YTN_LVEtt1Ff8ZBLN67ow,development,1
21,14130,60337,izMcJ3xnXW8,UCCK3OZi788Ok44K97WAhLKQ,development,2
21,14131,60339,IYGunBhYY6A,UCLNz9bgiJfM3ImTtYDOt8Ew,test_reserved,
21,14132,60344,U5nNpA8WOZU,UCyKbGIhchUM6-ybLXFXA1cg,development,3
21,14133,60360,9kEIECF4bXM,UCCK3OZi788Ok44K97WAhLKQ,development,2
21,14134,60365,Ag8pjCcTkwI,UCF11-Puqxb0jdeWNc7F_Fcw,development,1
21,14135,60383,tYZLe3b3e1k,UCckltLEhFLv8Xz_lQhYfwmg,development,1
21,14136,60385,fEm5DaVhIng,UClWSTWnXSIOK34ySODMm8Ew,development,4
21,14137,60389,_U_iB8sri_Q,UCckltLEhFLv8Xz_lQhYfwmg,development,1
21,14138,60390,u7H5Ztp1J3s,UCckltLEhFLv8Xz_lQhYfwmg,development,1
21,14139,60392,CwJ9HSLQ0w8,UCMayHG7j39d11Gh36vV7GnQ,development,5
21,14140,60396,F6r8IN1kYe4,UCLsRogzQ9bw2Efitidd0ikg,development,4
21,14141,60401,aC2KFNUDprE,UCqDbs3rlemiBZmhkh9gXXHg,development,5
21,14142,60410,GqKYC-xrvXY,UCXfgx23Lw81I4wsCNhdVBgw,development,2
21,14143,60414,5Wu22sNuh0g,UC7NapJjZn91I2PnqsG2jXKA,development,5
21,14144,60415,UYRnhQ_rMTU,UCZbnxyWoZa7XqECasHrR7Ww,development,5
21,14145,60422,VBqlQaIeGhs,UCZfQAl56Y6qStW8DECs2hGw,development,4
21,14146,60424,1f4dSunIXSE,UCjm7vbOwssao7Bhm9wX3-bw,development,5
21,14147,60436,pw_ga9mfnoc,UCgnFSj7jQffD5V5m05j4dPw,development,5
21,14148,60437,rum429sANNY,UCms4dlxLWI7SZNWPTxzDr-A,development,3
21,14149,60443,CcfFHvPPTnQ,UCBsrUim15y-s6PfMISCR38A,development,2
21,14150,60444,6WdByTLTbVs,UCSvq6flKvb-vwtaU5hfnQjA,development,5
21,14151,60457,9BmfPkyKZhw,UCjYAhUnrkBujtKI3j3LM2uA,development,3
21,14152,60460,8NXz59bSEqM,UCckltLEhFLv8Xz_lQhYfwmg,development,1
21,14153,60463,tHu0eTI2KXA,UCCK3OZi788Ok44K97WAhLKQ,development,2
21,14154,60465,vm1ngtcCzro,UCckltLEhFLv8Xz_lQhYfwmg,development,1
21,14155,60466,lFiGnCu9g8s,UCMayHG7j39d11Gh36vV7GnQ,development,5
21,14156,60469,K1YwYlT3U-8,UCckltLEhFLv8Xz_lQhYfwmg,development,1
21,14157,60470,DV_bFCRhyx0,UCbS_glb2N1NVTrDLVryRbng,development,4
21,14158,60471,HySYg1Opcrc,UCuW9OiaVwvoOraW1Jcc3_uA,development,2
21,14159,60474,5FPSVfWzb4Q,UCbS_glb2N1NVTrDLVryRbng,development,4
21,14160,60475,nvR6v7-gNbg,UCbRbdFTihZZCq8r5-bQa0sA,development,2
21,14161,60479,t6eyUNeUEUs,UCDWDuArgzMjvihWp47GYzKw,development,1
21,14162,60482,sdx-YfsIGYU,UCXn1a_JRiiunkEVS9tamdCA,development,4
21,14163,60493,qKyh74Oacr4,UCckltLEhFLv8Xz_lQhYfwmg,development,1
21,14164,60495,fOLqmmBVidE,UCgnFSj7jQffD5V5m05j4dPw,development,5
21,14165,60496,jExenXwtSU4,UCgnFSj7jQffD5V5m05j4dPw,development,5
21,14166,60520,pJuW4RMsTAo,UCcijXxFzSXgoM6q9cCtT9PA,test_reserved,
21,14167,60521,7qLQnD2Igzs,UCdotiSNtLlS4qwDto9CdURA,development,2
21,14168,60525,QxC6pfYWBWw,UCYweMykEAI5aaRztqrJuuAg,development,5
21,14169,60538,-yL_2AGftLQ,UCgnFSj7jQffD5V5m05j4dPw,development,5
21,14170,60543,t2fQM7kGa8o,UCwt4zdWrmnBpglCHb1ArREA,development,2
21,14171,60547,_AX1J7eEKp8,UCc30sTBdN9LRSxEuHaXV_bQ,test_reserved,
21,14172,60554,w2JjVo7T5RA,UCYk97F4sCu3hEWp6YEH-Dow,development,2
21,14173,60559,XZHZuGpDCwQ,UCg22fUwQQF-7Sf6-TIVIFrA,test_reserved,
21,14174,60562,77qx6mJFzBc,UC6jQt9K_jqnBNtsRf7hXHsA,development,5
21,14175,60563,AS2NYAx5tkY,UC6_QBGzvw98NQApyx4J8CeA,development,3
21,14176,60564,e86zas3AvXg,UCCK3OZi788Ok44K97WAhLKQ,development,2
21,14177,60568,7uSdU6tYLXk,UCqDbs3rlemiBZmhkh9gXXHg,development,5
21,14178,60569,O2UF0imMgLw,UCaI7IwVdrAcfhu3cp6x4T6Q,development,3
21,14179,60573,IUuHRGyQfnE,UC1YGPDtctHGJWW0NrlQVklw,test_reserved,
21,14180,60589,iv0tBYxoi4U,UCpRgfr4_Eax0HHa2rwkRQ2w,development,5
21,14181,60592,7DRdscGBiWg,UCgnFSj7jQffD5V5m05j4dPw,development,5
21,14182,60598,2qO5EYC4OCI,UCaESx7Bdghv_UICcG1hBkcg,development,5
21,14183,60611,LMXINd87CBo,UC5-n2dfksESEt3ATmM6Uujw,development,4
21,14184,60616,zlwIoexwm_w,UCQTcNhAZidy1i9wwmdgf2Lw,development,4
21,14185,60623,jUYV5Qw6M8w,UCOtYyt7W5PmPnwQjWWF_Z-Q,development,3
21,14186,60627,hWK5hkFsSr4,UCuN1HN5RXX2D6ZcEkopILeg,development,1
21,14187,60630,P74IBRBM7ww,UCQTcNhAZidy1i9wwmdgf2Lw,development,4
21,14188,60632,uzZJ5xcZa7s,UCJhdo2Kg29_EZwNPvlhzIFg,development,5
21,14189,60640,-ArsmyKFaeg,UCS5U8OTQXzQXMET3NcRguWQ,development,4
21,14190,60641,9Oa9VC6KvYk,UCQIWzvLOlB4tu84TtOTJCGg,test_reserved,
21,14191,60645,gTx7huywwV4,UCUjrGH_aRUuOP-BGBAQyZOw,development,3
21,14192,60649,eI5GKEav-aY,UCmqflTSJ6911aCrnaWIXxsA,development,2
21,14193,60659,kI7yn_gLNVU,UC2vbIIMrcVZ4sLef-rzP1lQ,development,2
21,14194,60662,kJCfn9UJ1VA,UCcFyjFWJPQ3YA1-BMnmwkhQ,development,1
21,14195,60663,GICQzf0x2eQ,UC1_yLH0zggKIv1M8vjKOiKQ,development,4
21,14196,60665,spgHz9UPkdk,UCrVFS_0PdV7AwyTgR13IcVg,test_reserved,
21,14197,60666,2xcuH82BuGg,UCQTcNhAZidy1i9wwmdgf2Lw,development,4
21,14198,60682,V3WEhyKD870,UC5R7F4Mw_ZV1c4tYe4UKLIg,development,1
21,14199,60685,sB2V02lYIY0,UCu3jIK2NBSXc0_YaFqEuIrg,test_reserved,
21,14200,60686,Wo3y8ejzVuA,UCMw--nUMJjK2GNrLXdsnDzg,development,2
21,14201,60688,C1Rddg2nUa8,UCCK3OZi788Ok44K97WAhLKQ,development,2
21,14202,60690,JpIZgRxjrjo,UCaIc6SgS90ud_RgMSC6hW_w,development,3
21,14203,60691,875HZconi9s,UC1c0hRdhLh7vtMLIYMyOnYw,development,3
21,14204,60693,5UU2DWA3rDI,UC0MnP2Iso6enxaJTBZ3_nJw,development,1
21,14205,60700,XnTxOZ0ZA3k,UCgHlPm2GweC7f8JaynbQRQg,development,3
21,14206,60704,Ol0rajRyb74,UConDLpzQN5uiqRMUD1yYKZQ,development,1
21,14207,60705,VXcNU0KLNhU,UCJhdo2Kg29_EZwNPvlhzIFg,development,5
21,14208,60708,_GlF5bFtwXU,UCOHyRrRuD2zGCkpuCAlyOyA,test_reserved,
21,14209,60710,RtTweFdLJrA,UCCXHDSRJKfNBLNJmIegx8Lw,test_reserved,
21,14210,60713,27ptpeO7VAk,UCacIRbbu-hgx4sRW6tZPRoQ,test_reserved,
21,14211,60714,qhsoMo0Wx1w,UCM3bQBUJ0PEbgfe9lAw_Y3Q,development,4
21,14212,60721,t5s4OdKI6QE,UCb40_0KiNkoXo5KAmV3WRlA,development,1
21,14213,60729,lxxsFE1_WbI,UCGduaqhQ2xONH4_t9h4_QUw,development,5
21,14214,60732,qbujBQT6TLQ,UCckltLEhFLv8Xz_lQhYfwmg,development,1
21,14215,60740,cPiyJFU1U8o,UCaESx7Bdghv_UICcG1hBkcg,development,5
21,14216,60745,qiyA0-RyboY,UCtZyfc8g7BwrOuPcZz08lTQ,development,2
21,14217,60749,DCtKQAp1-5s,UCQKtrynKqXTDhvZAlUNu8cw,development,2
21,14218,60750,Uwf7uYXzShM,UCESw4XvvCrRzPsLRKp0H4uA,development,3
21,14219,60755,HvDDS6JndEQ,UCKdCJ4H-bWf48svKYdaFZhQ,development,4
21,14220,60760,iE2ySoadduo,UCAH7R88V7gz7RqJv78nNOzg,development,3
21,14221,60761,Pplm5X26z6s,UCCK3OZi788Ok44K97WAhLKQ,development,2
21,14222,60766,VCPMYFPIrbU,UCHrjPef58odmjGI-2rfIjZw,development,3
21,14223,60778,VA4fiuj5cS0,UC0nMJ3QNryBHZpy1P3Wamwg,development,4
21,14224,60780,WY0FVlbGTIQ,UC_d3UQ1v8KP1JNFOBmV63xA,development,2
21,14225,60784,V0sywLL2f74,UCq3WWAoJj0DOQC3G7ri1cug,development,3
21,14226,60785,ueFXJfxFHUk,UCZEXdsMN3HWEz34uY5PbtXA,development,3
21,14227,60786,W5Wf_Q91kDg,UCPXSUKHTNc1_hnHuj-UiQWQ,test_reserved,
21,14228,60790,O0nFRD74nf8,UCckltLEhFLv8Xz_lQhYfwmg,development,1
21,14229,60797,g5mZZv2uBBw,UCxPYVvthidICJb75llNXktg,development,1
21,14230,60801,5TSDoawrtf0,UCcijXxFzSXgoM6q9cCtT9PA,test_reserved,
21,14231,60805,3YXv24QNz0k,UCtZO2c3i1PrtwyeaxaIYHKA,development,4
21,14232,60808,_7Jp6urwcqs,UCckltLEhFLv8Xz_lQhYfwmg,development,1
21,14233,60813,D3qi_H957A4,UC9ORGuJaC-QPJByakklL9-w,development,3
21,14234,60814,VW7Ch_RQvOk,UCYmEcbCgb9yxZZJGH1rtn_Q,development,3
21,14235,60826,8hVT8uZq-b8,UCgnFSj7jQffD5V5m05j4dPw,development,5
21,14236,60830,Kn1px3w827w,UCcijXxFzSXgoM6q9cCtT9PA,test_reserved,
21,14237,60831,q_kybc1KMX8,UCckltLEhFLv8Xz_lQhYfwmg,development,1
21,14238,60847,SvFbqgZIQ24,UCsbPUu0F_qqCmDFVjiRva1Q,development,1
21,14239,60852,g9EdM6U7-w4,UC3uZVJgOSasbfV7xIFY9xjQ,development,4
21,14240,60853,OFe0oIHAq8g,UC1YGPDtctHGJWW0NrlQVklw,test_reserved,
21,14241,60865,E-81zxrQ0l8,UCYk97F4sCu3hEWp6YEH-Dow,development,2
21,14242,60866,6O0W2eZA8n0,UCAH7R88V7gz7RqJv78nNOzg,development,3
21,14243,60867,Jb_AtRUaCFE,UCbS_glb2N1NVTrDLVryRbng,development,4
21,14244,60868,DprJ31n4o1s,UCbS_glb2N1NVTrDLVryRbng,development,4
21,14245,60880,hHFloJG8SU0,UC24uwZklOoFhbiQq-kp2HYg,test_reserved,
21,14246,60882,lCfYnP-Wx6s,UCeA0YDYhED5x7n3udzVNlpA,development,1
21,14247,60885,9UsRo3xRYwY,UCBf296-OhUNfaDbtcYQ4RQQ,development,2
21,14248,60894,50tDxxRG_eY,UCV-q7cRK5yFYEFzWuoQOmQQ,development,5
21,14249,60898,T19QweX6D7c,UCs8-XMlV1sdA56cHlQAgzdg,test_reserved,
21,14250,60900,C7TUzZ9Lv3w,UCckltLEhFLv8Xz_lQhYfwmg,development,1
21,14251,60901,RoC7mFhEnHQ,UC1YGPDtctHGJWW0NrlQVklw,test_reserved,
21,14252,60904,GPaZP8pR3A0,UCckltLEhFLv8Xz_lQhYfwmg,development,1
21,14253,60907,kYNq9KxMA1c,UCckltLEhFLv8Xz_lQhYfwmg,development,1
21,14254,60909,guoOydio6Qg,UCckltLEhFLv8Xz_lQhYfwmg,development,1
21,14255,60914,bQfW2YCoA9M,UCfGkuimLRsrJLW0gjQ8eIGg,development,2
21,14256,60926,iLNTpkaLqGk,UCcijXxFzSXgoM6q9cCtT9PA,test_reserved,
21,14257,60929,O6KgL64sCLI,UCmqflTSJ6911aCrnaWIXxsA,development,2
21,14258,60932,BqyWH5ML0Ks,UCcijXxFzSXgoM6q9cCtT9PA,test_reserved,
21,14259,60946,CgeTkI1T_JE,UCCbm1E52PV05ZLv6dtRB92Q,development,5
21,14260,60953,pI-PP1RDlFk,UCT83ymyAGm7Gnk_4ifxjxIA,development,4
21,14261,60956,TWwT0vt9lK4,UCn0XmAUFv6d2tofMFEesSNw,development,5
21,14262,60960,RQFwHIlTkaQ,UCcijXxFzSXgoM6q9cCtT9PA,test_reserved,
21,14263,60963,_0Hs_M3hqmI,UClSIhhnuyF8fXtBTpOOTknA,development,2
21,14264,60968,wHdOj4opWJg,UCo-ddanTzDs59ea_IG5U52w,development,2
21,14265,60974,qdHuFEOR1n8,UCPdASwipemqGhpK-B-a12Ow,development,4
21,14266,60975,NGSQeFiJRgw,UCrWDxd_eJ3NM1Z-e1jDsjUA,test_reserved,
21,14267,60982,PIxMP8mm0Ww,UCckltLEhFLv8Xz_lQhYfwmg,development,1
21,14268,60986,ZOuDNmxos_o,UCqrqt9Egbp4Voh3iEUUoorw,test_reserved,
21,14269,60988,pnNoy7T8OXc,UC8MegDkaJsqK63fwbOjBLzw,development,2
21,14270,60998,oCA-Msi42OM,UCXFiIVHYqQmgpmIi7KChMkQ,development,2
21,14271,61006,Y7qJnWks_Ns,UCgnFSj7jQffD5V5m05j4dPw,development,5
21,14272,61020,gJx5Z17gcJA,UCHxf5NOZYmtmQEOkToogAiQ,development,4
21,14273,61024,ts1d8hfdDCE,UCckltLEhFLv8Xz_lQhYfwmg,development,1
21,14274,61030,5RwEhNqCpcE,UCIi-sp4cticvdmHAodPeyvw,development,1
21,14275,61031,sQFyrHvgxhk,UCKROiSW5K8o4GiJuK6Cp_hA,test_reserved,
21,14276,61034,NOxIy3MggCs,UCCK3OZi788Ok44K97WAhLKQ,development,2
21,14277,61035,KB1aMpvgxTo,UCc30sTBdN9LRSxEuHaXV_bQ,test_reserved,
21,14278,61036,2eEi0AWA5pc,UCjboX8rWtjAyU7dI2bd67KQ,test_reserved,
21,14279,61045,O31vwUW0MUQ,UC2oGrNhMUyWu5yzEJ_j1PMA,test_reserved,
21,14280,61060,thYVRlYekw0,UC-QzvI-llqe5kiZl-Amrd8Q,development,4
21,14281,61067,SXzjzxoWKyY,UCckltLEhFLv8Xz_lQhYfwmg,development,1
21,14282,61068,E738O3_gckM,UCgnFSj7jQffD5V5m05j4dPw,development,5
21,14283,61071,qUyvqGY2IS0,UCC-QxtkZPfDCczEeT3SEsYA,development,5
21,14284,61076,jbLxdF4YZxs,UC_AuTY5qqpUUYFLSDQIbOsg,test_reserved,
21,14285,61082,9ev1xS2IRfE,UCaESx7Bdghv_UICcG1hBkcg,development,5
21,14286,61088,IxjT0f4crCk,UCtIzUW426lTNR34-GGMQvrQ,development,3
21,14287,61089,yTuG342zNUA,UCXSus5Zss-0FP1quj0Mpndw,development,3
21,14288,61101,urHbNFnasoc,UC7aKqcJ03df0TVCzMtjEEtg,test_reserved,
21,14289,61102,6kbhWaAZouU,UCa3BMXA9qcVqMtfnq7d977w,development,5
21,14290,61107,9Pc3TpklJNQ,UCbS_glb2N1NVTrDLVryRbng,development,4
21,14291,61116,v1jzT3r45pE,UCCK3OZi788Ok44K97WAhLKQ,development,2
21,14292,61120,Qc6X1TOzvco,UCckltLEhFLv8Xz_lQhYfwmg,development,1
21,14293,61122,W8RQ8ZS-rLc,UClSIhhnuyF8fXtBTpOOTknA,development,2
21,14294,61125,PWcm6ICi9NE,UCgoCbMJ4JnH0q40GofKZxVg,development,2
21,14295,61128,gPm_z9kGgVI,UCXfgx23Lw81I4wsCNhdVBgw,development,2
21,14296,61130,Br0wy-5FEYo,UClcIQJ6q-HsROoyWms8B8tg,development,2
21,14297,61131,k_RvtDZA_Rc,UCvsAilh3FFOTE-eMWE5AF8Q,development,3
21,14298,61138,qUPGwAMjbgY,UCwJrljoF_o5Ruib8hLvAAdA,development,3
21,14299,61145,iqL1gj-W-sM,UCh9qXeL8eP3Txra2908xksg,test_reserved,
21,14300,61148,9JjtxGWs4Ug,UCgnFSj7jQffD5V5m05j4dPw,development,5
21,14301,61149,YyiVYHlg20E,UC1k6-TBSzYvANKKu2zcSjcQ,development,2
21,14302,61163,sGMXnuMrV8k,UCB6tVmll-6XbKyS3fq8P4MA,test_reserved,
21,14303,61168,orPIGpBTDdQ,UCbS_glb2N1NVTrDLVryRbng,development,4
21,14304,61170,tdEY0iC76uI,UCcijXxFzSXgoM6q9cCtT9PA,test_reserved,
21,14305,61171,F_Cn8XZ1jqE,UCZfQAl56Y6qStW8DECs2hGw,development,4
21,14306,61174,p0q24XEQ9fo,UCnT7Z6-yqjhM__jZbK_B3kw,development,4
21,14307,61177,rB78Qev3Diw,UCVfnhhDIkkBJ_1QyzCqeVDg,development,5
21,14308,61178,wQOdG7IQ0Es,UCl4aG8npoRPiiPPr5S2-Lgw,test_reserved,
21,14309,61185,gLt59QIjGqQ,UCc30sTBdN9LRSxEuHaXV_bQ,test_reserved,
21,14310,61187,HdiSUgXPv_g,UCBsrUim15y-s6PfMISCR38A,development,2
21,14311,61202,XNzTyih8e-Q,UC1faY0gip4IfKbRDUwIpcGQ,development,3
21,14312,61208,Kfn0YDZ77rM,UCp3vt0JWTbhd15j9PSn3RnQ,development,3
21,14313,61210,Xr6QQAUM1qM,UCCK3OZi788Ok44K97WAhLKQ,development,2
21,14314,61214,tR1vaFwupVM,UCx7lEnwLHxO9yPjOotGb-bA,development,3
21,14315,61222,qLQVEYXRF4o,UCckltLEhFLv8Xz_lQhYfwmg,development,1
21,14316,61228,o_q3hUb5XXw,UCcbOsE5_4LEjtQi8X2PFxDw,development,3
21,14317,61231,7UzuJgk2OC0,UCckltLEhFLv8Xz_lQhYfwmg,development,1
21,14318,61234,a1UKlL_iPL0,UCM4Fg3P7qH2eM-CIyhfJFFA,development,5
21,14319,61236,2A5xwBDDlKM,UCJsP6VDsHsorL2IgKOTdiEA,development,2
21,14320,61238,UWCcp98ZeHI,UC8lKgUHo-2mSR5cRRXO9xow,development,3
21,14321,61239,3RGqi2WcwT8,UCgnFSj7jQffD5V5m05j4dPw,development,5
21,14322,61241,Q26h0biYmVs,UCckltLEhFLv8Xz_lQhYfwmg,development,1
21,14323,61242,sPLoFnKCGR8,UCXFiIVHYqQmgpmIi7KChMkQ,development,2
21,14324,61248,ehLfr_HoOAA,UC8qBNfgWRK_WYYGSmmrfgPA,test_reserved,
21,14325,61253,noZ7uT_b_eo,UCCK3OZi788Ok44K97WAhLKQ,development,2
21,14326,61262,seugWo7w3Pc,UCbRbdFTihZZCq8r5-bQa0sA,development,2
21,14327,61267,1YnrQkWv4q0,UCmrLu4r89ykOzmtmbAeEklA,development,3
21,14328,61268,Onq8sK6SH5Y,UCAH7R88V7gz7RqJv78nNOzg,development,3
21,14329,61277,HUAOGReVkAE,UCzNxbzqN0to4GNb9otFuGJQ,development,4
21,14330,61279,nST--vCFBfE,UCe4g8BqxCBVICI2OTCLdedg,test_reserved,
21,14331,61281,UMHmycfm1Wc,UCc30sTBdN9LRSxEuHaXV_bQ,test_reserved,
21,14332,61282,7B-UyOiRBdA,UCQTcNhAZidy1i9wwmdgf2Lw,development,4
21,14333,61293,acjts_yXKWA,UCskNFH2e4ptFTkgeVmFPNhA,test_reserved,
21,14334,61300,azwJcShbRUI,UCSfmHr5cQvlVKR2f6p8T01w,development,5
21,14335,61305,JXb9wqu7x9U,UCgnFSj7jQffD5V5m05j4dPw,development,5
21,14336,61308,AGDkMJ3Jr4s,UCV1NPkc2O0YZBtx_rhDkicw,development,3
21,14337,61315,I8N3ulEoeFk,UCCK3OZi788Ok44K97WAhLKQ,development,2
21,14338,61316,h6dWcjUpqGg,UCa35dxzLV_EvJq3hpy8K23g,development,4
21,14339,61319,_AeAZcsH5cQ,UC-sHdOIu-eh_LFxQP018pmA,development,5
21,14340,61325,-dCcue9dTss,UCRDDfbYPHX_GUJ4lcQYTc8A,development,4
21,14341,61331,YwTddHlwY6U,UCCK3OZi788Ok44K97WAhLKQ,development,2
21,14342,61334,CJaW0I6fuS4,UCgnFSj7jQffD5V5m05j4dPw,development,5
21,14343,61351,nallN79iJqY,UC8a89-tnN8wKeI1Xm4-5wqw,development,1
21,14344,61353,xlO4Elx9e0w,UCOtYyt7W5PmPnwQjWWF_Z-Q,development,3
21,14345,61356,no6sgXwWwgo,UCCK3OZi788Ok44K97WAhLKQ,development,2
21,14346,61359,8TKCIbLsZoE,UCLsRogzQ9bw2Efitidd0ikg,development,4
21,14347,61363,GAAVeoanXAA,UC6MkngMDyobFNaXOZR0ukyQ,development,5
21,14348,61365,8WJTBjMQccA,UCcspHoBTj_aLhnJLwkMpWHQ,development,5
21,14349,61369,jGs7IfBJ8L0,UC_hR1wSDcKjBRTlKtp6LK1A,development,3
21,14350,61373,JHqqooAJH2I,UCb40_0KiNkoXo5KAmV3WRlA,development,1
21,14351,61376,SWhVsGQ3dcY,UCcijXxFzSXgoM6q9cCtT9PA,test_reserved,
21,14352,61384,Etz5qIHQeAU,UCckltLEhFLv8Xz_lQhYfwmg,development,1
21,14353,61396,wvBCSSk960w,UC1Er_ypK-cdGjc78OT6D6sQ,development,2
21,14354,61398,aBxvgLBhPoc,UCdgWTRipbTuQsIiiPb6fB-A,development,4
21,14355,61399,l9f3Q8Jipck,UCacIRbbu-hgx4sRW6tZPRoQ,test_reserved,
21,14356,61401,kgyOUPHAIyc,UCOtYyt7W5PmPnwQjWWF_Z-Q,development,3
21,14357,61418,GH95c09Trh8,UCckltLEhFLv8Xz_lQhYfwmg,development,1
21,14358,61423,6Jxg2eL1Gx0,UCOtYyt7W5PmPnwQjWWF_Z-Q,development,3
21,14359,61425,Cn5PrPdq3wI,UCCK3OZi788Ok44K97WAhLKQ,development,2
21,14360,61426,8pZfZ9CFInY,UCSfmHr5cQvlVKR2f6p8T01w,development,5
21,14361,61428,30_KKhwXDNE,UCIoyIVPZEfC2p0dQwAxGiEw,development,5
21,14362,61430,3M_jCZ68HAw,UCckltLEhFLv8Xz_lQhYfwmg,development,1
21,14363,61431,PzXVuixo-jQ,UCzdhdIwGTQNUTWVXdqyNCoQ,development,3
21,14364,61432,Qb-WPeXJe0o,UCJEbxceR8FFUcZU0Ez83lPQ,test_reserved,
21,14365,61434,NniICdiSdnQ,UCaESx7Bdghv_UICcG1hBkcg,development,5
21,14366,61452,CbgUYHQN41c,UCaIc6SgS90ud_RgMSC6hW_w,development,3
21,14367,61453,w-gfkP0nrFU,UCcbOsE5_4LEjtQi8X2PFxDw,development,3
21,14368,61455,CoBbfjtPJl4,UCLNz9bgiJfM3ImTtYDOt8Ew,test_reserved,
21,14369,61457,gMoOpy5dsvI,UCpRnLw-i6ep13w_vh9M9k-g,test_reserved,
21,14370,61476,xVlWwuVf-3s,UCDAkUKRB1pkb-s3Gqv7FZ7A,development,4
21,14371,61481,wzgM79p6FRY,UCcg4tDKgPLIc_x3lhWdogLg,development,3
21,14372,61483,mpMy2jpziYA,UCJsP6VDsHsorL2IgKOTdiEA,development,2
21,14373,61488,-FRpdZclCvU,UCckltLEhFLv8Xz_lQhYfwmg,development,1
21,14374,61491,4Y7T7uzbQ_8,UCckltLEhFLv8Xz_lQhYfwmg,development,1
21,14375,61493,JHhUquUbIfk,UC1YGPDtctHGJWW0NrlQVklw,test_reserved,
21,14376,61496,FD1sGX7azlw,UC2BTAEU-0MU0QV-vlDEvouQ,development,5
21,14377,61502,v0sZ19EMn8A,UC_d3UQ1v8KP1JNFOBmV63xA,development,2
21,14378,61503,5USI5hlHxKE,UCOgsOVUELkkv_irhET9kK_Q,development,1
21,14379,61505,_5FH2XvevPw,UC1Ql90vK1tWDdYxTSAKaRQw,development,4
21,14380,61515,2CnrgvNP98Y,UCmGMChEd9jBucufrWcpk3Ew,development,5
21,14381,61517,YnLuhyapyZ0,UCckltLEhFLv8Xz_lQhYfwmg,development,1
21,14382,61518,YfCr6KMb6ls,UCc1Zs92Xb56Us_XAb2OU7rQ,development,2
21,14383,61520,lLmT0fVDWqs,UCgnFSj7jQffD5V5m05j4dPw,development,5
21,14384,61521,8SPMqSWwK4Y,UCQTcNhAZidy1i9wwmdgf2Lw,development,4
21,14385,61528,QNXFqaQCHrk,UCmqflTSJ6911aCrnaWIXxsA,development,2
21,14386,61540,W7XnprxZVI4,UCcijXxFzSXgoM6q9cCtT9PA,test_reserved,
21,14387,61547,JR-FvvB_SQI,UClSIhhnuyF8fXtBTpOOTknA,development,2
21,14388,61550,EG3UY83-NCU,UCckltLEhFLv8Xz_lQhYfwmg,development,1
21,14389,61554,Ik581WQXnr4,UCAKAcMWVANp_qXgWKlXMCFA,development,3
21,14390,61555,3NbD-qbHJWo,UCrJA25R_KDe3dM1sLZK7gCQ,development,3
21,14391,61557,KPmHI6qPcNw,UCxlfXLzyelcreS9x0plDj3g,development,2
21,14392,61572,b6cMQjeV5qU,UCILFY0DK2vcnnnTAgWrX-xw,test_reserved,
21,14393,61573,byC5Q_l5-wg,UCbS_glb2N1NVTrDLVryRbng,development,4
21,14394,61576,2jgVP2seRjU,UCZ-RBSr_ZD-jWWDgZmFyZyw,development,1
21,14395,61583,3xjEIo30KGg,UCQTcNhAZidy1i9wwmdgf2Lw,development,4
21,14396,61584,HrhkrgWJJzo,UCuN1HN5RXX2D6ZcEkopILeg,development,1
21,14397,61590,_FUN9nS40jw,UCd-gmzevnJBe9jHuNDMrI0w,development,1
21,14398,61603,mawimm3RgJM,UCRDDfbYPHX_GUJ4lcQYTc8A,development,4
21,14399,61608,RwHzgtD1G74,UCtFYDTWrF9zfe-qA9wSQwQg,test_reserved,
21,14400,61616,He_huB8jCUo,UCiitqGvliLalpXfO191ha0w,development,4
21,14401,61617,INrYYJTTdgw,UCBf296-OhUNfaDbtcYQ4RQQ,development,2
21,14402,61618,NTRM6kjPBRY,UCS7TOzC8cRTnUklI6cch2zA,development,1
21,14403,61622,BI7UE9J08zY,UCCK3OZi788Ok44K97WAhLKQ,development,2
21,14404,61623,eH0ZVr4n4dc,UCA5xW2Ce7KT2AtxzDYDebCA,development,5
21,14405,61624,CyaBxe03YsE,UCc30sTBdN9LRSxEuHaXV_bQ,test_reserved,
21,14406,61625,Le65y_2hlqI,UCbS_glb2N1NVTrDLVryRbng,development,4
21,14407,61632,1Iqz-rHmXDw,UCmjo40eaWQS0jkW7UW24KSA,test_reserved,
21,14408,61634,iHmLS3Qw6fg,UCsU0TSt6Jm_yLlTkZS-FvUw,test_reserved,
21,14409,61635,GhK9bH4JDC0,UCYweMykEAI5aaRztqrJuuAg,development,5
21,14410,61636,1xDcneFI510,UCOtYyt7W5PmPnwQjWWF_Z-Q,development,3
21,14411,61638,hyLyYM2CoVI,UCbS_glb2N1NVTrDLVryRbng,development,4
21,14412,61640,1bOAWSrttqQ,UC5p0VT3GMM-PEYL_gulNSnA,development,5
21,14413,61651,NOaNrGQeH5Y,UC1GXX9hisqTO3S7ZHhoepXw,development,1
21,14414,61652,i1yEgVOLGEI,UCLuP7ROjaueiuNbzrvPqXSQ,development,2
21,14415,61656,q-5-uXKz5Mo,UCaIc6SgS90ud_RgMSC6hW_w,development,3
21,14416,61662,6XgKKDPICg0,UCckltLEhFLv8Xz_lQhYfwmg,development,1
21,14417,61664,EudE672xB6E,UCckltLEhFLv8Xz_lQhYfwmg,development,1
21,14418,61666,bs58i_X5N4k,UCcijXxFzSXgoM6q9cCtT9PA,test_reserved,
21,14419,61668,-f1WxldjVOk,UCTzr48N2uKbsyKGtdvwEabQ,development,3
21,14420,61678,A0eiA5owYW4,UCqrqt9Egbp4Voh3iEUUoorw,test_reserved,
21,14421,61679,MC07SaGZo4Y,UCfhaqrwhwneNyXuuB_BXqng,development,3
21,14422,61682,LCAlRtkenDI,UCaIc6SgS90ud_RgMSC6hW_w,development,3
21,14423,61686,xpsBe6BNQOY,UCqrqt9Egbp4Voh3iEUUoorw,test_reserved,
21,14424,61690,SXuzmqNofic,UCVfnhhDIkkBJ_1QyzCqeVDg,development,5
21,14425,61692,d5ZqTM21nz0,UCcijXxFzSXgoM6q9cCtT9PA,test_reserved,
21,14426,61694,yPMsCKuBISk,UCQTcNhAZidy1i9wwmdgf2Lw,development,4
21,14427,61697,tTtI_S77-xU,UCTN68Ja0PcelkTQW8KX3y2A,test_reserved,
21,14428,61699,hqFjK5nwEKw,UCXfgx23Lw81I4wsCNhdVBgw,development,2
21,14429,61702,lVACk5c23Kw,UC5-n2dfksESEt3ATmM6Uujw,development,4
21,14430,61708,RykhNbsH0p4,UCCK3OZi788Ok44K97WAhLKQ,development,2
21,14431,61717,xOSjqXDUPbA,UCNnL7JQhtBvNZWn9Cg13i2Q,development,2
21,14432,61718,axCQkUrYsHQ,UCM3bQBUJ0PEbgfe9lAw_Y3Q,development,4
21,14433,61719,WotSzLFev6U,UChKHUbwer9EsyREw63Cm5BQ,development,4
21,14434,61722,AQis3nIOlow,UCRDDfbYPHX_GUJ4lcQYTc8A,development,4
21,14435,61724,C6pgk9LZWgs,UCckltLEhFLv8Xz_lQhYfwmg,development,1
21,14436,61725,KIh1i_2lDww,UCXFiIVHYqQmgpmIi7KChMkQ,development,2
21,14437,61729,qP1h8mRgXtI,UCRDDfbYPHX_GUJ4lcQYTc8A,development,4
21,14438,61732,398x8B1WDJg,UCRDDfbYPHX_GUJ4lcQYTc8A,development,4
21,14439,61735,HXPeaIC0uWA,UCDqFysWGVtduHRyawK8oJkw,development,1
21,14440,61737,QP3txPJ5ltQ,UCoYoYVojg-QGFH7VyKMpB8w,development,2
21,14441,61746,oSBaHhcx9JQ,UCCWvpE69tjbUsHIab_cDukw,development,3
21,14442,61747,dEGHYcqvvIA,UCm3mXl7hQbHVMxhKaOeEhYA,test_reserved,
21,14443,61748,Z_Ai30rRrKE,UC1YGPDtctHGJWW0NrlQVklw,test_reserved,
21,14444,61750,nTUlV6YsK34,UCaESx7Bdghv_UICcG1hBkcg,development,5
21,14445,61776,yLMDMsEoFZ0,UCCK3OZi788Ok44K97WAhLKQ,development,2
21,14446,61777,zUQomwa84BI,UCfQfw--8dPGypR7sGcXJz0w,development,4
21,14447,61780,kiAXigsFtNY,UCwt4zdWrmnBpglCHb1ArREA,development,2
21,14448,61781,61tSiyp0KvY,UCwsNWoSlQUyeWgbVQYZtLOA,development,3
21,14449,61786,6HugTbLxdmI,UCLNz9bgiJfM3ImTtYDOt8Ew,test_reserved,
21,14450,61792,M1P3Sva8PpA,UCckltLEhFLv8Xz_lQhYfwmg,development,1
21,14451,61799,kE6VnlnDo2I,UC_nXwFpN2H4JNPa2pSaAUIA,development,4
21,14452,61801,VxfpoRkTkVs,UCqrqt9Egbp4Voh3iEUUoorw,test_reserved,
21,14453,61815,eLEO3DDgRcQ,UCdfW3fTYPnjFcWM4pwmLvrg,test_reserved,
21,14454,61819,e7ngEZGJXik,UCcijXxFzSXgoM6q9cCtT9PA,test_reserved,
21,14455,61824,RHI-FZM7r-Q,UCCK3OZi788Ok44K97WAhLKQ,development,2
21,14456,61827,LmhWWxNpicM,UCAH7R88V7gz7RqJv78nNOzg,development,3
21,14457,61829,65d9zxNnPpU,UCqrqt9Egbp4Voh3iEUUoorw,test_reserved,
21,14458,61835,NCeDgB8dVCw,UCcijXxFzSXgoM6q9cCtT9PA,test_reserved,
21,14459,61838,yLKWVwXEdc8,UCCK3OZi788Ok44K97WAhLKQ,development,2
21,14460,61840,HQBvI5qcUvk,UCgnFSj7jQffD5V5m05j4dPw,development,5
21,14461,61855,bAYX2rZ-fN4,UCcgkjXIaOrsFR8GLFo3iwOw,test_reserved,
21,14462,61859,_Il_BsI1vuY,UCbS_glb2N1NVTrDLVryRbng,development,4
21,14463,61861,DEa20Cpa5FY,UCceS_252pdNUa5ztP_MW8rw,development,1
21,14464,61865,G-m5n1ReOLg,UChlvAvH3N7Xd29DuAJgv0Mg,development,1
21,14465,61872,B7pEEtn5hvs,UCckltLEhFLv8Xz_lQhYfwmg,development,1
21,14466,61876,cirv-8JxCos,UCkagcQYGoYFuXsUg-ObSL6A,test_reserved,
21,14467,61877,V2UQjkZZBLE,UCV1NPkc2O0YZBtx_rhDkicw,development,3
21,14468,61879,muDIer6AdyU,UCCK3OZi788Ok44K97WAhLKQ,development,2
21,14469,61888,elF3I-ZpjMY,UCZpPfCxvP6T9rCkDX3tQfOw,test_reserved,
21,14470,61891,3EasRBVTbN8,UCckltLEhFLv8Xz_lQhYfwmg,development,1
21,14471,61900,5ux5JQM4N2k,UC324VVhYKykBv01GecF4aYg,development,5
21,14472,61901,7U9XqkEzyoI,UC3tvYy-s84yySG7V85jRDnA,development,4
21,14473,61903,Ca_zLH2XepM,UCbS_glb2N1NVTrDLVryRbng,development,4
21,14474,61904,ZBLLokBEZ-c,UCMkW7S3IszN1L9u1bLw23rQ,development,2
21,14475,61914,mLiZNHV78YI,UCqrqt9Egbp4Voh3iEUUoorw,test_reserved,
21,14476,61915,0ymXYusbJ6E,UCckltLEhFLv8Xz_lQhYfwmg,development,1
21,14477,61927,k_IwQlk03uQ,UC8rcDufKZ3W6CtZU69CtMXg,development,3
21,14478,61929,biyh1PEFxRM,UC_d3UQ1v8KP1JNFOBmV63xA,development,2
21,14479,61932,uwuBo-bl6Zo,UCaIc6SgS90ud_RgMSC6hW_w,development,3
21,14480,61933,mhieCwUV8jw,UChwjz-THeefGm2mSbYB37Wg,development,2
21,14481,61936,p4sTlXazuqc,UC2GNitBc9qBFZd0329eYOPg,test_reserved,
21,14482,61937,dn4bIXBX-J8,UCckltLEhFLv8Xz_lQhYfwmg,development,1
21,14483,61942,mM_WZjQEHLY,UC8qBNfgWRK_WYYGSmmrfgPA,test_reserved,
21,14484,61953,GQB4ir-3R28,UCckltLEhFLv8Xz_lQhYfwmg,development,1
21,14485,61956,3qGUbLESU6Q,UCckltLEhFLv8Xz_lQhYfwmg,development,1
21,14486,61959,I53g1T5xIKY,UCvljwUg-nZgJNoZauIIV6tA,development,2
21,14487,61967,eNtpN4aKfX4,UCrVkiG6Tt5y-yNjFOOGdb3Q,development,1
21,14488,61973,9uvbA4TevwU,UCoPGkvh-1AoSzh23-ROXrpw,development,3
21,14489,61978,zDDW5hd7cM8,UCkagcQYGoYFuXsUg-ObSL6A,test_reserved,
21,14490,61988,ex9JksKJcEA,UCQTcNhAZidy1i9wwmdgf2Lw,development,4
21,14491,61989,py56uWtvu0Q,UC7DAcUDu475b1grvKsSgARg,development,1
21,14492,61991,ZFSDksJQBUE,UC8lKgUHo-2mSR5cRRXO9xow,development,3
21,14493,61992,32kk7CKRlPo,UC8rcDufKZ3W6CtZU69CtMXg,development,3
21,14494,61993,BmgFnfyv1Ls,UC8rcDufKZ3W6CtZU69CtMXg,development,3
21,14495,61997,lx5FwhI8ILU,UCgnFSj7jQffD5V5m05j4dPw,development,5
21,14496,61999,jsKC35Htn34,UCqrqt9Egbp4Voh3iEUUoorw,test_reserved,
21,14497,62021,CPGpT96yT3w,UCRjMnDOSBcoYlWHFLcHJAKA,development,4
21,14498,62022,2h9E_gZLQQg,UCcijXxFzSXgoM6q9cCtT9PA,test_reserved,
21,14499,62025,2tMbKEG03WA,UCXm0FsS7PXy0w5HeOkYMi7Q,development,5
21,14500,62029,Or6HB_DqYzY,UCGwNjr4N0uUvqD8MopqsfyA,development,5
21,14501,62053,CgR4O67qndI,UC1hcl0aIr9KtXA-Kiq9itqw,test_reserved,
21,14502,62060,tGp9qgQto1w,UCgdaUnUmkHDpYCU0w2pR7Rw,development,3
21,14503,62061,Z2Iah2twwkQ,UCu_uRk4D5klE6p_SBLVOWaQ,test_reserved,
21,14504,62066,k92PjVepqNw,UC0tV1b7IFEXFUUILF7mAcWw,development,2
21,14505,62067,cLUnOVWUF8A,UCaOlvg-aCeUJPtOpD4UytoQ,development,5
21,14506,62075,Jj48UaVzG7M,UCnANUYmlChbeCOqyAE-Y80g,development,4
21,14507,62076,i-POfEto-to,UCA5xW2Ce7KT2AtxzDYDebCA,development,5
21,14508,62079,nKxb4kXatrY,UC5uGexidH3WqbErqSX_EGJA,development,5
21,14509,62082,yCCWItij2oc,UC1YGPDtctHGJWW0NrlQVklw,test_reserved,
21,14510,62084,3rv79Yw024g,UC5IM2uMULjHt-0aAfiG8E_A,development,5
21,14511,62085,lng5C5xHhU4,UCaI7IwVdrAcfhu3cp6x4T6Q,development,3
21,14512,62089,3GCVt8k1118,UCCK3OZi788Ok44K97WAhLKQ,development,2
21,14513,62093,mImzDPHm32w,UC324VVhYKykBv01GecF4aYg,development,5
21,14514,62094,AP-jjm7dbSw,UCckltLEhFLv8Xz_lQhYfwmg,development,1
21,14515,62101,WueWFU9c8fY,UCgnFSj7jQffD5V5m05j4dPw,development,5
21,14516,62107,Gv2xbt7OK-Y,UC1YGPDtctHGJWW0NrlQVklw,test_reserved,
21,14517,62108,d7Ig8_txlg4,UCPfU0uygBGutjaaJU5PpEvg,development,2
21,14518,62114,V8hd3tZyuas,UCckltLEhFLv8Xz_lQhYfwmg,development,1
21,14519,62119,q8izEihgPec,UCieUj92znWxr02AWNviTElQ,test_reserved,
21,14520,62122,lZEIssRuk-w,UCckltLEhFLv8Xz_lQhYfwmg,development,1
21,14521,62123,jQ06oVSGkkQ,UCOiMY00_ZLijPF6InrCl0TA,development,4
21,14522,62138,iI3FWnudPfs,UC_K3CNn5jlFvgCx7cpKiCYA,development,1
21,14523,62141,SvKHwy2IrRY,UCl5xacxsAhltNGtiMktd_Sg,development,5
21,14524,62143,qWx420eAbqw,UCvoMClO68wGoV5Fvu0KRiqA,development,2
21,14525,62144,39FbdK4xftc,UC79_e04SJ3BzHpEdbmmaiVg,test_reserved,
21,14526,62155,dbzj0fH9cgc,UCV-q7cRK5yFYEFzWuoQOmQQ,development,5
21,14527,62161,MkARPONFsFQ,UCn0XmAUFv6d2tofMFEesSNw,development,5
21,14528,62175,mm0RUPOPkLU,UC5Q9lmEDB_pWZdzzLI07eVg,development,5
21,14529,62179,8a6oxKfDxgc,UCWAOuD-vL-mwdNOAXLpMFsA,development,5
21,14530,62188,u_uZVdgcD9Q,UCiWDsyu4bBPB6_u8hgRaKvA,development,1
21,14531,62197,KhQfWohDm4M,UCBf296-OhUNfaDbtcYQ4RQQ,development,2
21,14532,62201,5oxZdJK16q4,UCckltLEhFLv8Xz_lQhYfwmg,development,1
21,14533,62203,H1i12BeVgQ8,UCOtYyt7W5PmPnwQjWWF_Z-Q,development,3
21,14534,62209,3I152634LEg,UC4Pb9SEsCb1EpsXVYAVVajw,development,2
21,14535,62211,Ty2qiCS-RO8,UCgnFSj7jQffD5V5m05j4dPw,development,5
21,14536,62217,2nnqpLXMat8,UCzyTz2So395JRTH79AlQS7Q,development,1
21,14537,62230,q9jZRZsld6g,UCcy3exSBk-B1tfIAxHnxgzw,development,4
21,14538,62234,HaXTvDemXaE,UCaIc6SgS90ud_RgMSC6hW_w,development,3
21,14539,62238,EqRhgLzloBs,UCQxYcvX5hnGJvuTFzKng-Vg,test_reserved,
21,14540,62239,H8FxLB3JeFQ,UCx-fk6FBx2mJSWavjxw-zrw,development,4
21,14541,62248,a-LdXsWNWoI,UCOtYyt7W5PmPnwQjWWF_Z-Q,development,3
21,14542,62249,JxkEeQ4_S3k,UCbR7juPwtP-bV_w0840ciYQ,development,4
21,14543,62251,yD8FIG8KiLQ,UCFdCT7ZJCc9ax1yAqDCQPaA,development,1
21,14544,62269,26zna5DBvD8,UCRK13WgCsr2N6y9cbeEq39g,development,5
21,14545,62276,6n4E2JoRbUo,UCfVmYgJP_bBt00lLtPGsbcQ,development,5
21,14546,62281,U4yPVYO7YEw,UCxood6HxMjFCIoHa2dRI1Cg,development,1
21,14547,62286,Gw1Vf4Aty68,UCrhfPfnrGA6aLHO6qxvM7_Q,development,3
21,14548,62287,uUyOcOAMkSw,UCZ-RBSr_ZD-jWWDgZmFyZyw,development,1
21,14549,62292,N89I1g04rCc,UCEWXUrJx9ufOtbQH5VRoVzg,test_reserved,
21,14550,62295,4ivls-SZn-w,UCbS_glb2N1NVTrDLVryRbng,development,4
21,14551,62299,xSdVg9eq-ok,UCh9qXeL8eP3Txra2908xksg,test_reserved,
21,14552,62302,4zB32HIEhbk,UCaESx7Bdghv_UICcG1hBkcg,development,5
21,14553,62309,zApdb4lU-0U,UCckltLEhFLv8Xz_lQhYfwmg,development,1
21,14554,62310,AqKwvxoh_Ms,UCMxeqmVKOqiqh7V_A3h4gfA,test_reserved,
21,14555,62314,kSH3K3_5Uvw,UCXJm14vFoWrYud1ZXCiHj3A,development,3
21,14556,62315,EBXsxo2wn94,UCiP6DUi_wjUMfc4bo0yIusQ,development,1
21,14557,62319,LaVmxd6HXwQ,UCckltLEhFLv8Xz_lQhYfwmg,development,1
21,14558,62325,BkAkpK4OJ0Y,UCgnFSj7jQffD5V5m05j4dPw,development,5
21,14559,62328,3HOA8CEDYn0,UC-CcqBJrHwkO8SxwZpjcuSg,development,1
21,14560,62331,6E8xTqIeKk0,UCcg4tDKgPLIc_x3lhWdogLg,development,3
21,14561,62335,G2L8lHBxs2c,UCLD_EGJOhzPx4qu1OhOfeJg,development,3
21,14562,62337,k4OFBSAR9eU,UCFjcr6UFdIYzdyD4sOjcUUA,development,2
21,14563,62338,KyFQMsFO4a0,UCckltLEhFLv8Xz_lQhYfwmg,development,1
21,14564,62339,0eF3u49Oxc8,UCcijXxFzSXgoM6q9cCtT9PA,test_reserved,
21,14565,62346,Sif0HDAIGN8,UCgnFSj7jQffD5V5m05j4dPw,development,5
21,14566,62347,j3gKzF864VY,UCWwo8NBrDNOb5EEZadW3iWA,test_reserved,
21,14567,62350,s4HEykl2a0w,UCckltLEhFLv8Xz_lQhYfwmg,development,1
21,14568,62357,H5DJeowteOk,UCckltLEhFLv8Xz_lQhYfwmg,development,1
21,14569,62362,84D0es3dzWY,UCbS_glb2N1NVTrDLVryRbng,development,4
21,14570,62365,Ws4_zLDuJ5Y,UCgnFSj7jQffD5V5m05j4dPw,development,5
21,14571,62374,HZyLTlDQR0w,UCIoyIVPZEfC2p0dQwAxGiEw,development,5
21,14572,62377,kKlb0wTX06s,UCf48pki8AqjBHuV80LcC7kA,development,5
21,14573,62378,6DNsE35LAjU,UCOiMY00_ZLijPF6InrCl0TA,development,4
21,14574,62380,YoGt3yoj5y8,UC0ZcZzDZe8x6-olaRR5-wYw,development,4
21,14575,62381,_EytFqie0Vg,UCckltLEhFLv8Xz_lQhYfwmg,development,1
21,14576,62382,a6bShMJZeoM,UCTIi9jL0_XH6wCRyHDygl9A,development,2
21,14577,62387,eo50sSvuQMc,UCCK3OZi788Ok44K97WAhLKQ,development,2
21,14578,62388,E3lXM7QELm4,UCOtYyt7W5PmPnwQjWWF_Z-Q,development,3
21,14579,62389,FAi-eu4ABp4,UCbS_glb2N1NVTrDLVryRbng,development,4
21,14580,62391,73cE2jIqNpM,UCCK3OZi788Ok44K97WAhLKQ,development,2
21,14581,62399,aIEeVnq47ro,UCn0XmAUFv6d2tofMFEesSNw,development,5
21,14582,62400,WxdkbivYHtc,UCS7TOzC8cRTnUklI6cch2zA,development,1
21,14583,62407,YmxqCD2cD0A,UCLuP7ROjaueiuNbzrvPqXSQ,development,2
21,14584,62411,24cabU_PFsY,UCrhfPfnrGA6aLHO6qxvM7_Q,development,3
21,14585,62412,jwSsgpcGuKk,UC3oMopXIfvenPQSVfaGifnw,development,5
21,14586,62414,Ls5aP1F9aV8,UCsAPX_-Yu9O_3dJu0aUj_BA,test_reserved,
21,14587,62415,rth4NxtCYoQ,UCQTcNhAZidy1i9wwmdgf2Lw,development,4
21,14588,62421,W3yOYCO6ttI,UCPXSUKHTNc1_hnHuj-UiQWQ,test_reserved,
21,14589,62426,DBYKCfypUX8,UC0UC13e3Fec7jx_RBwKyX0A,development,1
21,14590,62431,H0oG-Be686Y,UCcg4tDKgPLIc_x3lhWdogLg,development,3
21,14591,62438,InQx6XvOvgs,UCcijXxFzSXgoM6q9cCtT9PA,test_reserved,
21,14592,62451,qRo4h74_Zkk,UCbS_glb2N1NVTrDLVryRbng,development,4
21,14593,62452,KDpaRFBF6Rg,UCckltLEhFLv8Xz_lQhYfwmg,development,1
21,14594,62454,rWYLKtnkFDs,UCxood6HxMjFCIoHa2dRI1Cg,development,1
21,14595,62456,Gg4mMi2atss,UCMayHG7j39d11Gh36vV7GnQ,development,5
21,14596,62458,WJ1_AHo_aKw,UC4UaWbUUwVvCxWNqhb4f16Q,development,4
21,14597,62461,srX6IdHYbxw,UCOk9zSvzL_G02l8-5o2J0aw,test_reserved,
21,14598,62463,OhBmWO31ZFE,UCMW_Sgzlaezz3MHg3BtgKbw,development,4
21,14599,62465,oNYVgZiyJvs,UCckltLEhFLv8Xz_lQhYfwmg,development,1
21,14600,62466,MCnLtbOt1ys,UCcpu5rsbhRZrOQciyNw-trQ,development,5
21,14601,62467,BQlwkSsoieg,UCCK3OZi788Ok44K97WAhLKQ,development,2
21,14602,62475,V7HXCDcWrk8,UCcijXxFzSXgoM6q9cCtT9PA,test_reserved,
21,14603,62478,qTOocusqTQY,UCm8I2aLYgPm_gdzw4SSkiGg,development,3
21,14604,62486,OYWE75FE0t8,UCCGAo78vKOsDVXMESWJ2t3A,development,1
21,14605,62487,dZ7j_6k-Xf4,UCPXSUKHTNc1_hnHuj-UiQWQ,test_reserved,
21,14606,62494,EDoiFwQyr_g,UCRDDfbYPHX_GUJ4lcQYTc8A,development,4
21,14607,62497,ouwdox1Ek1I,UCj66yJ6BRcAD83A7KhIl9lw,development,4
21,14608,62504,WS2-7un5bgs,UCZviWuwUI9NuYnQpO9sqLQA,development,1
21,14609,62506,dQ4Q5mYVv38,UCckltLEhFLv8Xz_lQhYfwmg,development,1
21,14610,62510,8mRSnMDs4WE,UCtsqmkwg-BebjNZEg6ofAcA,test_reserved,
21,14611,62512,gWqCYsMas4E,UCRDDfbYPHX_GUJ4lcQYTc8A,development,4
21,14612,62521,XyfIMbDcIZQ,UCCK3OZi788Ok44K97WAhLKQ,development,2
21,14613,62523,yziVqmPPE2I,UCJA-NQ4MtcRIog66wziD8fA,development,2
21,14614,62524,eEJfODyydwM,UCaszdCPv2DolWB2zmTDYPEA,development,5
21,14615,62527,OfDdf7C7fh8,UCAH7R88V7gz7RqJv78nNOzg,development,3
21,14616,62528,WqI3PvXpZ4Y,UCbS_glb2N1NVTrDLVryRbng,development,4
21,14617,62530,cOa5xKvGfNY,UCOtYyt7W5PmPnwQjWWF_Z-Q,development,3
21,14618,62534,mP5xiUGsz-w,UCJhdo2Kg29_EZwNPvlhzIFg,development,5
21,14619,62549,cXI1-uJxNlk,UC4VkNi2RZSJyqXsFaJYfsPg,development,4
21,14620,62550,8uheq1f4Vog,UCjm7vbOwssao7Bhm9wX3-bw,development,5
21,14621,62554,mXzmkirBrik,UCrVFS_0PdV7AwyTgR13IcVg,test_reserved,
21,14622,62555,NL7UHZW7A4s,UCc30sTBdN9LRSxEuHaXV_bQ,test_reserved,
21,14623,62559,M3iDHVBwcI8,UCu7cGbQEMgGk8TD0ZYucM5g,development,5
21,14624,62569,nCfQFiJPXZs,UCmM4xWoq5UiSSYKeZGlFFNw,development,1
21,14625,62575,_WsU7f9TWtg,UCg49edhvr3zKvWJz01MV8Mw,development,1
21,14626,62578,t3g3RmATG5w,UCcspHoBTj_aLhnJLwkMpWHQ,development,5
21,14627,62581,kyjOx3S0ATY,UCBz-ihRqwVORpkc4GxvaaPA,development,3
21,14628,62586,xqQss7sOCsQ,UCaIc6SgS90ud_RgMSC6hW_w,development,3
21,14629,62587,v6zjDkuXgXg,UCCK3OZi788Ok44K97WAhLKQ,development,2
21,14630,62588,1fFZMzcz63g,UClmcdMeyewoxHEYb2XDjhJw,test_reserved,
21,14631,62591,Aa27V0XI-9Y,UCfTCfcZwZ9U0jMO-6fVEYoQ,development,5
21,14632,62594,0G8jiitfDK8,UCtoTkv_wx2z2M03zyKY-IRQ,development,3
21,14633,62595,_ianYSYpImc,UCckltLEhFLv8Xz_lQhYfwmg,development,1
21,14634,62596,_zwuKRq1U-o,UCcbOsE5_4LEjtQi8X2PFxDw,development,3
21,14635,62597,2gJpLAEhkoY,UCrhkgHTUdZXbCd69TNuQuMg,development,2
21,14636,62601,m_NvhyGkxmA,UCAGQUfHzdsgxJ1pq2XDS2TQ,development,2
21,14637,62602,bfvJ6MFY3TE,UCbRbdFTihZZCq8r5-bQa0sA,development,2
21,14638,62606,nfQVWLWeot4,UCgnFSj7jQffD5V5m05j4dPw,development,5
21,14639,62616,4PidOLnTHLQ,UCCK3OZi788Ok44K97WAhLKQ,development,2
21,14640,62619,t9QUxMhds08,UCOtYyt7W5PmPnwQjWWF_Z-Q,development,3
21,14641,62621,ngcZYRFhhI8,UCckltLEhFLv8Xz_lQhYfwmg,development,1
21,14642,62623,kqwDykcI85w,UC7mhtAaF1ESJgCozpoS2lcQ,development,2
21,14643,62632,BR2gHmLZj6c,UChXdaHzQMCIKzoVQ4ywJR8w,development,1
21,14644,62634,bZIGGJeuoJQ,UC0QrPhl7LB3tfSN3Fls2o0g,development,5
21,14645,62635,hCkBWhKIrWc,UCgnFSj7jQffD5V5m05j4dPw,development,5
21,14646,62644,jV-pAc-FIzQ,UCCK3OZi788Ok44K97WAhLKQ,development,2
21,14647,62648,pXz_ywVID_Y,UCOiMY00_ZLijPF6InrCl0TA,development,4
21,14648,62649,6sICtkdHhLQ,UCCK3OZi788Ok44K97WAhLKQ,development,2
21,14649,62652,IJO-R4-uGjY,UClcIQJ6q-HsROoyWms8B8tg,development,2
21,14650,62653,dHjkgvLbjyQ,UCPXSUKHTNc1_hnHuj-UiQWQ,test_reserved,
21,14651,62658,bDaAjxeVF3g,UCcijXxFzSXgoM6q9cCtT9PA,test_reserved,
21,14652,62665,TAFfMsKNXWQ,UCLuP7ROjaueiuNbzrvPqXSQ,development,2
21,14653,62671,hnh0Su02f5o,UC1hcl0aIr9KtXA-Kiq9itqw,test_reserved,
21,14654,62674,PCNyi7tcR_8,UCbR7juPwtP-bV_w0840ciYQ,development,4
21,14655,62676,-3OKK_RfOhg,UC-DEHYgvcA5bBD3cWo_vSuA,test_reserved,
21,14656,62677,M4cSmRFEIbo,UCiBHV5AwzPEBhlIX3yR6-Ig,development,2
21,14657,62681,3KGhd817xLM,UC-GRFwciK7JiP8T4tl0pftQ,development,3
21,14658,62682,wsZNDVytqYk,UCCK3OZi788Ok44K97WAhLKQ,development,2
21,14659,62683,xeyl-7sbFsM,UCSw_5fZrselH_au61zvIpJw,development,2
21,14660,62689,8L1sQyMqk6s,UCdbUJ0gmqeVKpppYCgkLcXw,development,5
21,14661,62701,dMsHeXJIf50,UCgFSgMsvgRRq4xDjmmf4LUw,development,1
21,14662,62702,FjrOSof85jE,UCn0XmAUFv6d2tofMFEesSNw,development,5
21,14663,62703,1nmUpB4pv0o,UCfuND8HywiC1G1T5s1t6ElA,development,5
21,14664,62704,H0NbuVUhBuo,UCcspHoBTj_aLhnJLwkMpWHQ,development,5
21,14665,62707,C1Aw9tOOxl8,UCckltLEhFLv8Xz_lQhYfwmg,development,1
21,14666,62709,bRV8XmNfq_Y,UCOtYyt7W5PmPnwQjWWF_Z-Q,development,3
21,14667,62710,eMaWaCJBUnk,UCbS_glb2N1NVTrDLVryRbng,development,4
21,14668,62713,sWwkf-6dkNU,UCVqfoMNwM8SIpL6BMGTZbcA,development,1
21,14669,62714,9FQaqzb7A9g,UCOtYyt7W5PmPnwQjWWF_Z-Q,development,3
21,14670,62721,ZTHKwGBi1Mg,UCckltLEhFLv8Xz_lQhYfwmg,development,1
21,14671,62725,8XuJ6pkOyDQ,UCAH7R88V7gz7RqJv78nNOzg,development,3
21,14672,62727,Rkz3sTB-wxM,UCVXCitEEweQox0oyIsJONrQ,development,3
21,14673,62729,V8CpdyyPH4I,UC944GuW0gSM0srEsZSZRQEQ,test_reserved,
21,14674,62734,uPL3q_hnlWY,UCNbM4dl9kN5KDpmDdAW6zOg,test_reserved,
21,14675,62740,g1TZsoCBFu0,UCdgWTRipbTuQsIiiPb6fB-A,development,4
21,14676,62741,dCRn11cI3j4,UCgnFSj7jQffD5V5m05j4dPw,development,5
21,14677,62743,lLvUsm1v0BI,UCCK3OZi788Ok44K97WAhLKQ,development,2
21,14678,62746,hSMuyf4Mjvw,UC1YGPDtctHGJWW0NrlQVklw,test_reserved,
21,14679,62755,_EIWygtsGto,UCJc1hbJPvG5f2v8iSPG-3CA,development,1
21,14680,62756,-de4UoiiEPw,UCbS_glb2N1NVTrDLVryRbng,development,4
21,14681,62763,uiCe2MmVvZA,UCc30sTBdN9LRSxEuHaXV_bQ,test_reserved,
21,14682,62772,2xR-lJoA0Rs,UCbS_glb2N1NVTrDLVryRbng,development,4
21,14683,62774,wskEdzo79g0,UCPXSUKHTNc1_hnHuj-UiQWQ,test_reserved,
21,14684,62780,XLOaoB7C4JU,UCQkPhQ-6NhA1v7Tpsp6EnKQ,development,2
21,14685,62782,bojolYaSSA8,UCfuND8HywiC1G1T5s1t6ElA,development,5
21,14686,62785,5GNJuZFRZNk,UCWr_3S-gYx33CVRDXSYSDhA,development,1
21,14687,62788,VyaBp_rlTe8,UCLNz9bgiJfM3ImTtYDOt8Ew,test_reserved,
21,14688,62790,ZyRY_sNBOXs,UCMaZtErMSOUyfCaiGgPlouA,development,1
21,14689,62791,tGDjlVkbAUc,UCCK3OZi788Ok44K97WAhLKQ,development,2
21,14690,62794,Bsb94q8QNS4,UCzf5q2CCnb-vJes5m0YWI7w,development,1
21,14691,62803,k06Nk4ly4kc,UCbgjuk1jkUr_xe4tNGv35Qg,test_reserved,
21,14692,62804,mJnKNqKMXzI,UCLNz9bgiJfM3ImTtYDOt8Ew,test_reserved,
21,14693,62805,hnBUFWUZbdI,UCqShCHSDvCBKDN_GAsnLJmQ,development,4
21,14694,62808,JzX6rQeCVvg,UCacUZLDBxUQgUfJnnnd5-Fg,test_reserved,
21,14695,62813,KjpbPIkEfFA,UCofF1Whz-uMOt6JJAoHa9wQ,development,5
21,14696,62815,NDMosrSUhsA,UCCK3OZi788Ok44K97WAhLKQ,development,2
21,14697,62818,v4d82Dj2CNM,UCRDDfbYPHX_GUJ4lcQYTc8A,development,4
21,14698,62821,r9hvsmoHsyk,UC91I5M02wjnsUoCFHGhjC2g,development,4
21,14699,62822,bhoK5RCVrT0,UCPXSUKHTNc1_hnHuj-UiQWQ,test_reserved,
21,14700,62830,exz3QAOzheQ,UCVOZ_y2K3fnUOmuMtnxLk1Q,development,2
21,14701,62831,xRBi2mQPvEE,UCs_mHlm5_C82W5WCIJaSMbQ,development,3
21,14702,62833,PyqtEtcPOts,UCMEXwFurMItX0u1yit-UrAw,test_reserved,
21,14703,62834,Tgoa9U6nAfg,UCIs94IGV3YMXRdVDRLpJZ6A,development,4
21,14704,62839,sGLQLzW69LQ,UCAH7R88V7gz7RqJv78nNOzg,development,3
21,14705,62845,Fv3RVnzZ7EQ,UCQTcNhAZidy1i9wwmdgf2Lw,development,4
21,14706,62850,XDKteEAuCI4,UCcijXxFzSXgoM6q9cCtT9PA,test_reserved,
21,14707,62851,dqWv7OJV5_k,UCYga1ycTsoZn6Y_xlrdw0iA,development,2
21,14708,62853,YagHAravox4,UCckltLEhFLv8Xz_lQhYfwmg,development,1
21,14709,62855,iJ3rSlj_3CY,UCjXRhP3IM0f0G3GJ4oeOe6Q,development,3
21,14710,62871,bgsADFKiBLA,UCCK3OZi788Ok44K97WAhLKQ,development,2
21,14711,62873,3nI8HRcXeIk,UCckltLEhFLv8Xz_lQhYfwmg,development,1
21,14712,62886,IDp4l9_I9ww,UCSfmHr5cQvlVKR2f6p8T01w,development,5
21,14713,62889,hAqj0WRpcaM,UCCbm1E52PV05ZLv6dtRB92Q,development,5
21,14714,62890,dwkgWNGfuWE,UC0RxmX79uHOBvSKKYAQ7Axg,development,5
21,14715,62893,ZIHK1zkUKB4,UCaESx7Bdghv_UICcG1hBkcg,development,5
21,14716,62895,MdiwqoKEN2g,UCLNz9bgiJfM3ImTtYDOt8Ew,test_reserved,
21,14717,62896,O4ndBkmJ-7A,UCypYfMZbKIxBlXqngCuvi0A,development,3
21,14718,62905,ECcOrFwTjHs,UCckltLEhFLv8Xz_lQhYfwmg,development,1
21,14719,62908,5r5sQzfGvUg,UC0tV1b7IFEXFUUILF7mAcWw,development,2
21,14720,62911,zfIb8h3ivt4,UCckltLEhFLv8Xz_lQhYfwmg,development,1
21,14721,62914,wqgmVnhKlKg,UCaESx7Bdghv_UICcG1hBkcg,development,5
21,14722,62922,BDiEH5_GY7k,UCuve2kn8kgTcc8nAJxS5aEA,development,2
21,14723,62924,lFWlWf_oPEE,UCn0XmAUFv6d2tofMFEesSNw,development,5
21,14724,62927,pTfhP2-cJMM,UCZmhWvoFf5ejK_0i7ryO17g,development,2
21,14725,62928,hHGtqL1hhzc,UCVfnhhDIkkBJ_1QyzCqeVDg,development,5
21,14726,62933,4UhFVdBR-2k,UC8yf9lgtn8Tjeb2HauaFgFg,development,3
21,14727,62936,YV23_c7Fdmo,UCgnFSj7jQffD5V5m05j4dPw,development,5
21,14728,62938,Gk6uv0fwChQ,UCCK3OZi788Ok44K97WAhLKQ,development,2
21,14729,62942,YCiPaFuDVVg,UCB6tVmll-6XbKyS3fq8P4MA,test_reserved,
21,14730,62944,WKrYPkpS_Pc,UCckltLEhFLv8Xz_lQhYfwmg,development,1
21,14731,62962,xKaLz4LyHn8,UC55ZUgpS4-bUNhFtuDt4jqQ,test_reserved,
21,14732,62964,sO83WCfskHo,UCOlMa7eBVngg14Qnu8eAXgA,development,1
21,14733,62974,t4_RkKeWIto,UCcijXxFzSXgoM6q9cCtT9PA,test_reserved,
21,14734,62982,dKtTAzi-v-A,UCXBHPGYTwiBvTIk5dl9-r6Q,development,5
21,14735,62989,RO3UWz0HNwI,UCEJ2OW9pd3aUob5SGap2Hzg,test_reserved,
21,14736,62992,XIsDDRdzWhY,UCpfrIJXRqOTx2kPVsUytO4Q,development,5
21,14737,62993,6enWlhhwXF0,UCOtYyt7W5PmPnwQjWWF_Z-Q,development,3
21,14738,62996,XFhU6qHdxzo,UCuW9OiaVwvoOraW1Jcc3_uA,development,2
21,14739,63006,Oem1Af2qGGQ,UCb4I3a5sSdVyXdBwQPG3sTw,development,3
21,14740,63007,PYaaqwRpkDg,UCckltLEhFLv8Xz_lQhYfwmg,development,1
21,14741,63008,Y9zEU-dZabI,UCCK3OZi788Ok44K97WAhLKQ,development,2
21,14742,63011,cpErX3D_LCA,UCn6YTM3fvYdwCOHpdNJBOeg,development,4
21,14743,63012,ku_5iBmErD8,UCweDTnElSgujDbt3yoNTx4g,development,2
21,14744,63020,TQfkWlrUlsI,UCckltLEhFLv8Xz_lQhYfwmg,development,1
21,14745,63022,V6MByPN5AdM,UCCK3OZi788Ok44K97WAhLKQ,development,2
21,14746,63029,diaap2qHtRw,UCckltLEhFLv8Xz_lQhYfwmg,development,1
21,14747,63030,gCqe2Ih6wz8,UCbR7juPwtP-bV_w0840ciYQ,development,4
21,14748,63032,YLD3tVmTIzE,UC1hcl0aIr9KtXA-Kiq9itqw,test_reserved,
21,14749,63040,OY726LvXfZE,UC5Q9lmEDB_pWZdzzLI07eVg,development,5
21,14750,63042,Hu-TpwedZuU,UCfYQW_0xEVwKfePgWRxTYhg,development,4
21,14751,63043,IBs56Tw57ak,UCMcaGpzjo0D-d6oSvcg8PtA,development,1
21,14752,63046,GoggbBZZ-xk,UCq3WWAoJj0DOQC3G7ri1cug,development,3
21,14753,63048,sQ78ERmZx1E,UCf2Iar2LDcFaSCnVH1ZMUkA,development,3
21,14754,63053,axp6r7Xui5o,UCFuP4DmMM9LZOMoa86vsZig,test_reserved,
21,14755,63060,pxr9977V4AM,UCmrLu4r89ykOzmtmbAeEklA,development,3
21,14756,63062,_eEWgGiKSNo,UCn0XmAUFv6d2tofMFEesSNw,development,5
21,14757,63068,wzyvBaSnks4,UC0ZcZzDZe8x6-olaRR5-wYw,development,4
21,14758,63070,8wCqJHg0cKI,UCcg4tDKgPLIc_x3lhWdogLg,development,3
21,14759,63076,AKCrfCkvosg,UCgnFSj7jQffD5V5m05j4dPw,development,5
21,14760,63078,Xe3lGXn7Vvw,UCbkAklUqbCi69K8xQdbe48A,development,1
21,14761,63079,w5NlBVP54DE,UCCK3OZi788Ok44K97WAhLKQ,development,2
21,14762,63080,TKRjBBQR1vQ,UCbS_glb2N1NVTrDLVryRbng,development,4
21,14763,63081,HLEaoM7ab8w,UCcbOsE5_4LEjtQi8X2PFxDw,development,3
21,14764,63082,sQ9cffPiezg,UCJyfms5sTp2i-6th7T3AC4w,development,2
21,14765,63090,akDooLYanDw,UCMQg72D9bcWjW-umvECrcAQ,test_reserved,
21,14766,63092,6khqYTpjgCI,UCgnFSj7jQffD5V5m05j4dPw,development,5
21,14767,63094,1ZE8PobpeaQ,UCReF_78PPPdU7kKodNtBwMg,development,3
21,14768,63097,95fxW1fpeS8,UCCK3OZi788Ok44K97WAhLKQ,development,2
21,14769,63105,N0xvelNjSZ0,UCecL5RXqIzb3N6zO0FaCN9Q,test_reserved,
21,14770,63106,0Siwn2-17gg,UCbS_glb2N1NVTrDLVryRbng,development,4
21,14771,63108,78LS3v3SHvM,UCRN8vYHIjLnALfaBCtXfKsQ,development,4
21,14772,63110,MUNUfVN4W5Y,UC7-JGEBb4S3an5tS96rlHaQ,test_reserved,
21,14773,63122,v8MAtfRry84,UCol1SzfebXhRo0ltxOJZ9cg,development,3
21,14774,63132,y_jGvn4r6FA,UCOhlt0l_vucCrUDphPAJnbw,development,1
21,14775,63134,sXEcRWCBWz8,UCCK3OZi788Ok44K97WAhLKQ,development,2
21,14776,63136,iLp5Briwu-0,UCBYHzLIry8B-rCsqd1okLKQ,development,1
21,14777,63137,BeusnuNMb_E,UCbS_glb2N1NVTrDLVryRbng,development,4
21,14778,63140,c1MhBHks-hs,UC0tV1b7IFEXFUUILF7mAcWw,development,2
21,14779,63145,HzAW85Ve2OA,UCbS_glb2N1NVTrDLVryRbng,development,4
21,14780,63148,o2NzJ_5ljG0,UCgnFSj7jQffD5V5m05j4dPw,development,5
21,14781,63162,RwiebEwwgNc,UCag44-HADW04gc6h5u5jrcw,development,2
21,14782,63166,3Y378JFSe1o,UCj1dU6sfWVtm1AeD1yT7iFQ,test_reserved,
21,14783,63174,LCumWpKsSnw,UCMcbA7PGSiHNM1SqqTmKK9w,development,1
21,14784,63175,98YTRP-hdVY,UCcg4tDKgPLIc_x3lhWdogLg,development,3
21,14785,63185,afqnaYfEbRc,UC8lKgUHo-2mSR5cRRXO9xow,development,3
21,14786,63186,LWmkho0AgsU,UCOtYyt7W5PmPnwQjWWF_Z-Q,development,3
21,14787,63193,ScZgKEmBesg,UC3-yva2_TiI1RD41nhZno8A,test_reserved,
21,14788,63197,qPZamJs0GA4,UCS5U8OTQXzQXMET3NcRguWQ,development,4
21,14789,63198,Dqj5Z-Bivw4,UCM19g5ow7vLXDTYx_j9Z7VQ,development,3
21,14790,63199,OwpNtjbEWDc,UCbS_glb2N1NVTrDLVryRbng,development,4
21,14791,63212,NR199gkdOzg,UC1hcl0aIr9KtXA-Kiq9itqw,test_reserved,
21,14792,63213,3ip76_PlJ1k,UCckltLEhFLv8Xz_lQhYfwmg,development,1
21,14793,63217,F4lTMlpZT6E,UCCK3OZi788Ok44K97WAhLKQ,development,2
21,14794,63218,8bWx0slRpLs,UCVwfluXqG3UUGOS9-nHqBdA,development,2
21,14795,63220,OUjvPL6dD5I,UCOHyRrRuD2zGCkpuCAlyOyA,test_reserved,
21,14796,63225,H7QGGpdBI_c,UCckltLEhFLv8Xz_lQhYfwmg,development,1
21,14797,63226,XuZSAx0RSiM,UCCK3OZi788Ok44K97WAhLKQ,development,2
21,14798,63227,sP-juH16TXc,UCr5BVR_ePEz_9V-KF5rSEmQ,development,2
21,14799,63232,UM1vxclEXFo,UC8rcDufKZ3W6CtZU69CtMXg,development,3
21,14800,63233,X6Sy-EICp1E,UCCK3OZi788Ok44K97WAhLKQ,development,2
21,14801,63237,lYpNwklBfaA,UCZ6MS5ygBzz25PnSMaAw8PA,development,5
21,14802,63243,myhsyOFAEAc,UCLnBDHkiAQQ6m8hHQsbtcOA,development,5
21,14803,63244,t-D5Wccb7es,UC9mVbiRT4STi4TmCNJ89O9w,development,3
21,14804,63247,HC9LywP14zY,UCc30sTBdN9LRSxEuHaXV_bQ,test_reserved,
21,14805,63251,iN6TTKRzGw0,UCEItJuaZGCe0BlGzRKruP0A,development,5
21,14806,63253,67Yumx12IsY,UCacIRbbu-hgx4sRW6tZPRoQ,test_reserved,
21,14807,63269,0vkqhWakINI,UCubo6fKdM-y-sqsu1sprjIQ,test_reserved,
21,14808,63270,EMUBZbHLMyI,UCAH7R88V7gz7RqJv78nNOzg,development,3
21,14809,63287,XRAja_z57mQ,UCkLQJFBnqzhJCAvqn99hRUg,development,2
21,14810,63288,wdj9sTD5XlE,UChVL7KZaoIqUActsaHZAoEA,development,5
21,14811,63300,n7HW9ILJoSM,UCcijXxFzSXgoM6q9cCtT9PA,test_reserved,
21,14812,63302,Pe2gHtrIFxg,UClunvGYCQvwHImJomUKmrQQ,development,3
21,14813,63309,ssWCBYNybXQ,UCW_dWq1AfuNLqbZuoc6_Clg,test_reserved,
21,14814,63311,dLDI3He6GiM,UCZfQAl56Y6qStW8DECs2hGw,development,4
21,14815,63312,E85JIK9dhcA,UC_HxkWZCXAODLKg3ggawmDg,development,2
21,14816,63314,38Z4L9AK1HM,UCjm7vbOwssao7Bhm9wX3-bw,development,5
21,14817,63316,BWhwW1ZUIPg,UChdRlRaJpIhRYoHvXwFxRKA,test_reserved,
21,14818,63319,Zn0QU15sAS0,UCu3jIK2NBSXc0_YaFqEuIrg,test_reserved,
21,14819,63322,vvNtI8W4p04,UCAH7R88V7gz7RqJv78nNOzg,development,3
21,14820,63329,NeHYITfZMns,UCCK3OZi788Ok44K97WAhLKQ,development,2
21,14821,63332,-TCk04nljAo,UCaESx7Bdghv_UICcG1hBkcg,development,5
21,14822,63333,sqZZdE43D_c,UCCK3OZi788Ok44K97WAhLKQ,development,2
21,14823,63334,76kQAiPMrsM,UClCjoJ0fs2RqaRTjukU1jQA,development,5
21,14824,63335,CXIIQIqvL4g,UCIi-sp4cticvdmHAodPeyvw,development,1
21,14825,63337,9_P7ksX1-tM,UCckltLEhFLv8Xz_lQhYfwmg,development,1
21,14826,63347,IWN-0q9I_24,UC-4FUBrbjpCCoNGqHh6X5og,development,4
21,14827,63348,cg_sHVCvWzE,UCu7cGbQEMgGk8TD0ZYucM5g,development,5
21,14828,63355,o6jJcJ3FuYE,UCamuj3-WFG1v2Pz-UmcakIg,development,2
21,14829,63358,tYlcKiwZxZw,UCCK3OZi788Ok44K97WAhLKQ,development,2
21,14830,63360,LpPkYQuzO5g,UCLA8Ovy_NPAwMWvr8IEDquw,development,4
21,14831,63362,Iewzc2Jkmdk,UCbS_glb2N1NVTrDLVryRbng,development,4
21,14832,63367,onq67l1-2Qg,UCmwIKQQjwpjNT8OQ_VZuRfg,test_reserved,
21,14833,63372,n-HFP4plkNI,UC1YGPDtctHGJWW0NrlQVklw,test_reserved,
21,14834,63377,hSEX0hicldk,UCvr8FfbItix2xyxAqRpq2kw,development,3
21,14835,63378,cQReYGnBhFI,UCcbOsE5_4LEjtQi8X2PFxDw,development,3
21,14836,63379,JuFgi2bUBQk,UCwt4zdWrmnBpglCHb1ArREA,development,2
21,14837,63384,W9eBY6wzLaU,UCOlFGTtYOtyBMV-qwZjmgyA,development,2
21,14838,63386,eRxWz7K8hiE,UCcijXxFzSXgoM6q9cCtT9PA,test_reserved,
21,14839,63387,Fz5KygK__50,UCG0j1mTQov3RVBgLgh6wbKg,development,2
21,14840,63388,mIi35MyoW9k,UCVfnhhDIkkBJ_1QyzCqeVDg,development,5
21,14841,63390,VStuQWe5pTU,UC6aSX46078fvOY9bY9ZUTYw,development,5
21,14842,63393,XR7gZYW2SWk,UC0tV1b7IFEXFUUILF7mAcWw,development,2
21,14843,63399,ejT_VxZV1g4,UC0Hd0uu4ur5gRjrZ5xTef8g,development,5
21,14844,63406,W_5K1ithDYs,UCbS_glb2N1NVTrDLVryRbng,development,4
21,14845,63412,CNuOWl4EI90,UCM3bQBUJ0PEbgfe9lAw_Y3Q,development,4
21,14846,63419,IayQO0TM2fw,UCOtYyt7W5PmPnwQjWWF_Z-Q,development,3
21,14847,63420,gfJx_o82MQY,UCcbOsE5_4LEjtQi8X2PFxDw,development,3
21,14848,63424,_WKfTA2EYTQ,UCgnFSj7jQffD5V5m05j4dPw,development,5
21,14849,63425,OsAg8wz945w,UCSSdxN7FMswC7GFnvVON-eQ,development,5
21,14850,63428,p2ilQhCff3w,UCRDDfbYPHX_GUJ4lcQYTc8A,development,4
21,14851,63430,V0GWQhFfcxg,UCjKSK3d5r0O78WGnMouSvDw,development,4
21,14852,63431,1uEyBWsWGdI,UCc30sTBdN9LRSxEuHaXV_bQ,test_reserved,
21,14853,63435,8uSQYJrG5DE,UCuM3C7bjxZSQCCF97tyZP0w,development,4
21,14854,63441,4KnBB9r-b8E,UC324VVhYKykBv01GecF4aYg,development,5
21,14855,63445,QCFSU4rYbZM,UCOtYyt7W5PmPnwQjWWF_Z-Q,development,3
21,14856,63447,Tc9_LlOleWw,UCaESx7Bdghv_UICcG1hBkcg,development,5
21,14857,63459,CGCaCKtyNqQ,UCckltLEhFLv8Xz_lQhYfwmg,development,1
21,14858,63460,fg9iSPKbn-M,UCckltLEhFLv8Xz_lQhYfwmg,development,1
21,14859,63463,ziZ2_NvR3j0,UCckltLEhFLv8Xz_lQhYfwmg,development,1
21,14860,63464,4o5RlAdt08Y,UCes373iqg3EYZrnuhDWkfeA,development,1
21,14861,63465,9daMYlSjd10,UCPXSUKHTNc1_hnHuj-UiQWQ,test_reserved,
21,14862,63467,Whv2aasa0NE,UC2Amu02bFnMs-XglUunh44w,development,3
21,14863,63470,D4JkEhOoKQo,UCeD4H8WtcfGcFeoVXBFQ34w,development,3
21,14864,63472,ukQnT6C9TdY,UCcbOsE5_4LEjtQi8X2PFxDw,development,3
21,14865,63479,M9LD64aJFtc,UCBf296-OhUNfaDbtcYQ4RQQ,development,2
21,14866,63480,aLlg7ESmoJQ,UCvZpRt_4T2NlC9111RxNBug,development,1
21,14867,63481,suf9QkTPwOU,UCQTcNhAZidy1i9wwmdgf2Lw,development,4
21,14868,63482,I3ft83Kl-pw,UCcspHoBTj_aLhnJLwkMpWHQ,development,5
21,14869,63483,Z-7f68W3JWU,UCfhaqrwhwneNyXuuB_BXqng,development,3
21,14870,63492,jLnBkq2kFhw,UC9iMBVTfsZGvgDdOZEputVQ,development,3
21,14871,63496,XPMfxSagBWg,UCprmDoTgvTMCbo8CInSLBIA,development,3
21,14872,63503,fID1xG7z2kY,UCckltLEhFLv8Xz_lQhYfwmg,development,1
21,14873,63506,oM_XEoOviZI,UC-4FUBrbjpCCoNGqHh6X5og,development,4
21,14874,63510,SjPveAfVguA,UC_OVGNPj6MFL1nZOU05HIZA,test_reserved,
21,14875,63511,VeZCw9YmzCE,UCc30sTBdN9LRSxEuHaXV_bQ,test_reserved,
21,14876,63513,6ln41-0573U,UC7Ohefm3GfJU1uNz7MXzhGA,test_reserved,
21,14877,63519,TWJHH6uo3VY,UCMKVkE8hcrq8XVr_GftJ_sg,development,3
21,14878,63520,APfBHuVFGDk,UCiR8kH7EvdjJGp41a9KIfsQ,development,5
21,14879,63526,YwFiBQXCPWY,UCcijXxFzSXgoM6q9cCtT9PA,test_reserved,
21,14880,63538,0SsnEK7I3gU,UCAgBGlUKoAQFXMUzshrWDgg,development,5
21,14881,63540,BOpmfsQMTEQ,UCLx0BJNc11RlbIR5JHH-qmw,development,3
21,14882,63545,V6TnjDVSSsU,UCe4g8BqxCBVICI2OTCLdedg,test_reserved,
21,14883,63551,daUMLwtyR1Y,UCmqflTSJ6911aCrnaWIXxsA,development,2
21,14884,63552,KFI84lw85YY,UCcijXxFzSXgoM6q9cCtT9PA,test_reserved,
21,14885,63561,QSFBshXmb7M,UCOupsF9ZsNIg_NybXseZaQg,development,5
21,14886,63568,K2HJXuGLLPA,UC2hNsnLO5nL_YgnaZkKsbPA,test_reserved,
21,14887,63569,aYvz7UadkZA,UCskNFH2e4ptFTkgeVmFPNhA,test_reserved,
21,14888,63570,MNFiLzCQC14,UCxtv9HrpePOtC7amZkgmM-Q,development,1
21,14889,63575,fF1tlT5uPkQ,UCJ44oEtQ4TUPUbVS6hLI9Hw,development,2
21,14890,63578,w7cFEAcoR1U,UCbS_glb2N1NVTrDLVryRbng,development,4
21,14891,63581,q8f6LpDd2Wc,UCi-dz1RuP-FhWvbKCDKOdNg,test_reserved,
21,14892,63594,DcPZP9Iv2ks,UCF11-Puqxb0jdeWNc7F_Fcw,development,1
21,14893,63601,R6c93W6KYoU,UCbS_glb2N1NVTrDLVryRbng,development,4
21,14894,63603,tMJE8Od4-QA,UCq3WWAoJj0DOQC3G7ri1cug,development,3
21,14895,63605,sJlacQjsRGQ,UCgnFSj7jQffD5V5m05j4dPw,development,5
21,14896,63618,mmdlOdZOvSw,UCwlPNhrMo22WgVKX1SyNRBQ,development,1
21,14897,63619,Ql3UWs8z4vw,UCRDDfbYPHX_GUJ4lcQYTc8A,development,4
21,14898,63620,WvTcF4V4H8Y,UCkl2iKEW9ltlrBOjzCNJgzw,development,4
21,14899,63624,DzUfL5YUJIU,UCJojbxGV0sfU1QPWhRxx4-A,test_reserved,
21,14900,63632,PkMZI1VSiOY,UCKtTr5Klw1Sh1oYz27Fdbxg,development,4
21,14901,63640,I6rKyuKE0mg,UCckltLEhFLv8Xz_lQhYfwmg,development,1
21,14902,63644,5ZyktvtPX1Y,UCIKg0Ev6Vq2M7hU7bL_jHFQ,development,4
21,14903,63646,VbGzzrZ_Nxk,UCgnkk8P4G9yQFuRl0dEO1HQ,development,2
21,14904,63647,gWHgD8QgsS0,UCDqFysWGVtduHRyawK8oJkw,development,1
21,14905,63650,HUGOxpDc58s,UCyrW9aDENkU6G6URdVFwB9g,development,3
21,14906,63652,xevcY5j0PVo,UCzNxbzqN0to4GNb9otFuGJQ,development,4
21,14907,63664,1Y7c3csnLuM,UCmqflTSJ6911aCrnaWIXxsA,development,2
21,14908,63670,l1ohPcsNVUU,UCM3bQBUJ0PEbgfe9lAw_Y3Q,development,4
21,14909,63672,_x_zNaJQrTo,UCGthOXoEW15pWRUZjcgQwFw,development,1
21,14910,63674,OvN8wjpVl-4,UC8U5Mgl9nbkm5vOJ0SMtQgA,test_reserved,
21,14911,63677,54Nq9wiCDj8,UCh4w38T-PaPzEqVUbJTnOOg,development,3
21,14912,63678,ot4rO0TOp_U,UC0ZcZzDZe8x6-olaRR5-wYw,development,4
21,14913,63682,MI6yNFLPwiQ,UCckltLEhFLv8Xz_lQhYfwmg,development,1
21,14914,63684,5GIIKX7wtIw,UCpamW3WJjX0CgjWGsBxIm2w,development,5
21,14915,63688,lr6ig9yCRcE,UCAH7R88V7gz7RqJv78nNOzg,development,3
21,14916,63689,bfpWFRP_bR8,UCCK3OZi788Ok44K97WAhLKQ,development,2
21,14917,63691,QkKTZSmlH7I,UCwxxAGOZW9DXSl48-DgogIA,test_reserved,
21,14918,63697,Z_SyNdbaU2Q,UCN7qTVHuIoIEmMMWQM8LPNQ,development,2
21,14919,63699,7TuUC6-gHR4,UCRK13WgCsr2N6y9cbeEq39g,development,5
21,14920,63707,k5yJKq9k2Ww,UCRDDfbYPHX_GUJ4lcQYTc8A,development,4
21,14921,63708,cRTSKd0YevI,UCQTcNhAZidy1i9wwmdgf2Lw,development,4
21,14922,63717,n3JQs6fQu-U,UCbS_glb2N1NVTrDLVryRbng,development,4
21,14923,63726,KnOE_TdHwYk,UCcijXxFzSXgoM6q9cCtT9PA,test_reserved,
21,14924,63730,qP4_A8JIQII,UC0RX5hQE6UpHTjfub4NZSPg,test_reserved,
21,14925,63747,YXV61mB-v2k,UCRDDfbYPHX_GUJ4lcQYTc8A,development,4
21,14926,63757,AlviOvLPVz4,UCO-YacZb_Muitqu50KGaFig,development,1
21,14927,63758,hN8mz_nR1XY,UCCK3OZi788Ok44K97WAhLKQ,development,2
21,14928,63759,EPwxKOJcS_Q,UCbS_glb2N1NVTrDLVryRbng,development,4
21,14929,63760,r6STIvfByso,UCOtYyt7W5PmPnwQjWWF_Z-Q,development,3
21,14930,63769,cnlAyR9i-9w,UCpfrIJXRqOTx2kPVsUytO4Q,development,5
21,14931,63778,812XrJ0G6k4,UCCK3OZi788Ok44K97WAhLKQ,development,2
21,14932,63780,F-5_VdzDizI,UCRaLvUrrj_901Anrljs1F2g,development,3
21,14933,63784,7UVFtvYe0kE,UCAH7R88V7gz7RqJv78nNOzg,development,3
21,14934,63786,XJoDaFE3jkU,UCRDDfbYPHX_GUJ4lcQYTc8A,development,4
21,14935,63787,fhpC2Bu2DlM,UCckltLEhFLv8Xz_lQhYfwmg,development,1
21,14936,63798,lX9BLH2OyfQ,UCD2X28mF5ZqSA2gncomAtAA,development,4
21,14937,63801,FNp1KXTMvys,UCckltLEhFLv8Xz_lQhYfwmg,development,1
21,14938,63813,r9wyKnM8ZRw,UCkagcQYGoYFuXsUg-ObSL6A,test_reserved,
21,14939,63814,Ez6iFPmEPEE,UCMSkjQ3tGULsiJeTD6UspsQ,development,5
21,14940,63819,DyLEWisVI7E,UCrhkgHTUdZXbCd69TNuQuMg,development,2
21,14941,63823,hOvpFfasTNU,UCTO9f5qKoCLHF21OLaROdEA,development,4
21,14942,63828,Bh20lFF67nY,UCrhkgHTUdZXbCd69TNuQuMg,development,2
21,14943,63832,q56RrEbRUHw,UCqrqt9Egbp4Voh3iEUUoorw,test_reserved,
21,14944,63837,82PbS78Hwao,UCOtYyt7W5PmPnwQjWWF_Z-Q,development,3
21,14945,63847,7qjWbtGt84w,UCIKg0Ev6Vq2M7hU7bL_jHFQ,development,4
21,14946,63850,C3K9VK_kaUw,UCCK3OZi788Ok44K97WAhLKQ,development,2
21,14947,63851,jpJwY3dSeDw,UCYweMykEAI5aaRztqrJuuAg,development,5
21,14948,63852,8yyfFFQRbzM,UCckltLEhFLv8Xz_lQhYfwmg,development,1
21,14949,63854,6rs4v2rjUXw,UCcbOsE5_4LEjtQi8X2PFxDw,development,3
21,14950,63860,NYFlV-pcc4s,UCCK3OZi788Ok44K97WAhLKQ,development,2
21,14951,63866,L7QNvBdqSfA,UCG0j1mTQov3RVBgLgh6wbKg,development,2
21,14952,63871,VGyMIydYjpg,UC2_iwCecXLNqTWv-_QcffRw,development,1
21,14953,63873,BhMEE5CEqqM,UCcbOsE5_4LEjtQi8X2PFxDw,development,3
21,14954,63876,k1J3LIn4zI4,UCQTcNhAZidy1i9wwmdgf2Lw,development,4
21,14955,63884,eySbaqzWDZc,UCbS_glb2N1NVTrDLVryRbng,development,4
21,14956,63886,AptR1uQCS68,UCckltLEhFLv8Xz_lQhYfwmg,development,1
21,14957,63888,cZBUTCqCF0Y,UCXJm14vFoWrYud1ZXCiHj3A,development,3
21,14958,63899,TqRB8oDawUo,UCcijXxFzSXgoM6q9cCtT9PA,test_reserved,
21,14959,63913,k-Nxahdl8aw,UCYmEcbCgb9yxZZJGH1rtn_Q,development,3
21,14960,63922,phD2_O7FuhQ,UCgnFSj7jQffD5V5m05j4dPw,development,5
21,14961,63929,ROyPi7El-w0,UCOtYyt7W5PmPnwQjWWF_Z-Q,development,3
21,14962,63935,YMVxkKwh7kA,UCc30sTBdN9LRSxEuHaXV_bQ,test_reserved,
21,14963,63936,nKy4H25RfH8,UCCK3OZi788Ok44K97WAhLKQ,development,2
21,14964,63937,GKvYPS97YEA,UCbS_glb2N1NVTrDLVryRbng,development,4
21,14965,63939,b-oHxu30fkk,UCwkyfeMvDrg0wjacet-bcCA,development,5
21,14966,63940,87JPOdAnONc,UCTlVnv2IrpdHPiB4PeaH6Lw,development,2
21,14967,63945,X0raMTCLVHQ,UCckltLEhFLv8Xz_lQhYfwmg,development,1
21,14968,63947,rJ7UoFCNsgY,UCgnFSj7jQffD5V5m05j4dPw,development,5
21,14969,63953,FZPHTBBgoI4,UC9mVbiRT4STi4TmCNJ89O9w,development,3
21,14970,63957,rpSh_iSUlHs,UCGwkKsyd1fbH5eDBEvOIfmw,test_reserved,
21,14971,63961,obsWAIYoVy4,UC9nG822m63Ep-Rnnm4PBR9w,development,4
21,14972,63965,owqpvtht-MY,UCaxBlBmzR1DJYmTaPax2gPQ,test_reserved,
21,14973,63968,phHqlZ13m8Q,UCMWnOdzJ0NRbLBoHkhKLZhw,development,4
21,14974,63972,yJ54l0pGfbw,UCc30sTBdN9LRSxEuHaXV_bQ,test_reserved,
21,14975,63974,Mf5lVVvtxyM,UCckltLEhFLv8Xz_lQhYfwmg,development,1
21,14976,63976,lgwKyQTHSA4,UCcijXxFzSXgoM6q9cCtT9PA,test_reserved,
21,14977,63978,e-ixPLhvkZs,UCCXHDSRJKfNBLNJmIegx8Lw,test_reserved,
21,14978,63983,LoL2wGQszfw,UCckltLEhFLv8Xz_lQhYfwmg,development,1
21,14979,63987,P8ZUSjiGitk,UCVfnhhDIkkBJ_1QyzCqeVDg,development,5
21,14980,63988,9zY0gw9SppY,UCpKHQzqFn8VhNKQVCNp2M1g,development,5
21,14981,63992,G9cI0MXM_v0,UC5uGexidH3WqbErqSX_EGJA,development,5
21,14982,63993,gs4Pq68mebI,UCA5xW2Ce7KT2AtxzDYDebCA,development,5
21,14983,63997,vwdR6XuF4PI,UCjm7vbOwssao7Bhm9wX3-bw,development,5
21,14984,64003,9hMpJU74c-Q,UCMw--nUMJjK2GNrLXdsnDzg,development,2
21,14985,64011,hUufag_w9Mw,UCmqflTSJ6911aCrnaWIXxsA,development,2
21,14986,64016,PLtdBpLKbKk,UCCK3OZi788Ok44K97WAhLKQ,development,2
21,14987,64019,ALEJZmHqeho,UCQTcNhAZidy1i9wwmdgf2Lw,development,4
21,14988,64022,6uOqb4bUtx8,UCpfrIJXRqOTx2kPVsUytO4Q,development,5
21,14989,64023,DZPdXFCYCPM,UC5p0VT3GMM-PEYL_gulNSnA,development,5
21,14990,64024,tmwoNjDrwlc,UCA5xW2Ce7KT2AtxzDYDebCA,development,5
21,14991,64026,-fQB_EWKjcc,UCPXSUKHTNc1_hnHuj-UiQWQ,test_reserved,
21,14992,64027,6q0CjHIJdbc,UCckltLEhFLv8Xz_lQhYfwmg,development,1
21,14993,64039,-MisJ3_s3HM,UCf2Iar2LDcFaSCnVH1ZMUkA,development,3
21,14994,64041,EO4CtFmW6_0,UCcijXxFzSXgoM6q9cCtT9PA,test_reserved,
21,14995,64047,79y1bpIXYag,UCckltLEhFLv8Xz_lQhYfwmg,development,1
21,14996,64048,1Xv-3Wwiwp0,UCn0XmAUFv6d2tofMFEesSNw,development,5
21,14997,64050,bvpPkd0u3pA,UCCK3OZi788Ok44K97WAhLKQ,development,2
21,14998,64055,fOHmytthxEs,UCqrqt9Egbp4Voh3iEUUoorw,test_reserved,
21,14999,64065,I0iskzWcnmQ,UCM3bQBUJ0PEbgfe9lAw_Y3Q,development,4
21,15000,64069,M5mEeQ1vo5s,UCC1CRsAX-lBtVVacMUzGm_A,development,1
21,15001,64074,xrxZVwUrOIo,UCP0FKFuz9j2Dp-QDr-Dv_0g,development,4
21,15002,64077,v2gzpOqDil8,UCY8MMMOhm6-om2MX97fFnpQ,development,1
21,15003,64081,tXlWzZz-zNc,UCYEmdesrRlDICr6v6LnX5Bg,development,3
21,15004,64096,-FPNOmIO3pU,UC4UaWbUUwVvCxWNqhb4f16Q,development,4
21,15005,64097,vyi2q0jn_7k,UCckltLEhFLv8Xz_lQhYfwmg,development,1
21,15006,64098,1T-4q0sqSDw,UCaESx7Bdghv_UICcG1hBkcg,development,5
21,15007,64100,2pwT1xAPNNM,UCmqflTSJ6911aCrnaWIXxsA,development,2
21,15008,64105,_jvVeg1H1EE,UCCK3OZi788Ok44K97WAhLKQ,development,2
21,15009,64109,3XCPm_d_aoo,UCgnFSj7jQffD5V5m05j4dPw,development,5
21,15010,64110,KJhpKcW1rdE,UC86kcKWXyhj5k-TANzIrENQ,development,3
21,15011,64119,IS-d0f1nE94,UC1ixNJgWmSq34rDBnh78CTQ,test_reserved,
21,15012,64120,40wy-Ej_65o,UCCK3OZi788Ok44K97WAhLKQ,development,2
21,15013,64123,nOrYR1q0gOA,UCCK3OZi788Ok44K97WAhLKQ,development,2
21,15014,64124,UYcTV5nObEM,UCPXSUKHTNc1_hnHuj-UiQWQ,test_reserved,
21,15015,64126,9HssInEPMCg,UCAH7R88V7gz7RqJv78nNOzg,development,3
21,15016,64137,voUbBhLZoYc,UC-GRFwciK7JiP8T4tl0pftQ,development,3
21,15017,64144,_Z82pLMc44w,UCckltLEhFLv8Xz_lQhYfwmg,development,1
21,15018,64151,s-NkuuNDXn8,UCckltLEhFLv8Xz_lQhYfwmg,development,1
21,15019,64152,7v81MAfPg8M,UCf2Iar2LDcFaSCnVH1ZMUkA,development,3
21,15020,64157,C3zUcbw8Q4w,UCbS_glb2N1NVTrDLVryRbng,development,4
21,15021,64158,Eu-DpbkqaAc,UCF0uUUUTf2kzN8lz20-iksg,test_reserved,
21,15022,64164,3iG7ID6LdTA,UCCK3OZi788Ok44K97WAhLKQ,development,2
21,15023,64166,y20UDMZC3fE,UCc30sTBdN9LRSxEuHaXV_bQ,test_reserved,
21,15024,64169,Y7HM-1rTgGw,UCckltLEhFLv8Xz_lQhYfwmg,development,1
21,15025,64196,FVjzStn8g74,UCoNaQS6wefjNVFkwvxrzAYw,development,4
21,15026,64203,MWkB_lTAiiA,UCaESx7Bdghv_UICcG1hBkcg,development,5
21,15027,64214,YC3lAr9u1gc,UCKd4c6Ke8GsuUWf2BnOI4WA,development,3
21,15028,64218,Utswdq5r4F0,UCAH7R88V7gz7RqJv78nNOzg,development,3
21,15029,64225,ohY09CFoVT4,UCckltLEhFLv8Xz_lQhYfwmg,development,1
21,15030,64226,ywG-21Ws5gQ,UCf2Iar2LDcFaSCnVH1ZMUkA,development,3
21,15031,64227,9oZ11dtXLdg,UCBsrUim15y-s6PfMISCR38A,development,2
21,15032,64234,O9bS5GFKL0E,UC1YGPDtctHGJWW0NrlQVklw,test_reserved,
21,15033,64235,GYbvzgZ7UHM,UCoQOQFHBsBAhobpI8NradTA,development,1
21,15034,64239,qhQD7QHQjs0,UC1YGPDtctHGJWW0NrlQVklw,test_reserved,
21,15035,64245,KINCNMmc7eo,UCIKg0Ev6Vq2M7hU7bL_jHFQ,development,4
21,15036,64250,yqGg9y8M8Zk,UCckltLEhFLv8Xz_lQhYfwmg,development,1
21,15037,64254,na40hBCavI8,UC1hcl0aIr9KtXA-Kiq9itqw,test_reserved,
21,15038,64267,bQU-gIEAwx0,UCc30sTBdN9LRSxEuHaXV_bQ,test_reserved,
21,15039,64271,4gMJiDiet38,UCcbOsE5_4LEjtQi8X2PFxDw,development,3
21,15040,64275,vPFtc6D6u7Y,UCckltLEhFLv8Xz_lQhYfwmg,development,1
21,15041,64276,0hlfkHhttO8,UCV_ZQVj5aMCX9OmyFT6rXLw,development,3
21,15042,64277,wubFIj85JHs,UCgnFSj7jQffD5V5m05j4dPw,development,5
21,15043,64280,HVQqD9-lORU,UCPXSUKHTNc1_hnHuj-UiQWQ,test_reserved,
21,15044,64287,lTwTZs6GFpE,UC7JfFTZBoOYycd_yIUOFsPQ,test_reserved,
21,15045,64288,mAV7EhP3qDU,UCc30sTBdN9LRSxEuHaXV_bQ,test_reserved,
21,15046,64289,2jbWz1YtU6E,UCI9B6cvPkauAUvfV2CvKMMQ,test_reserved,
21,15047,64290,XCvRnqpS40w,UC324VVhYKykBv01GecF4aYg,development,5
21,15048,64291,RQR7fOF8kmM,UCaESx7Bdghv_UICcG1hBkcg,development,5
21,15049,64296,HAnMjKIycEk,UC4_LjoDMn31jsC5Wj1pJkMQ,development,3
21,15050,64297,jLW5xdsQaYM,UCAH7R88V7gz7RqJv78nNOzg,development,3
21,15051,64301,FZUwsCpdoVg,UCckltLEhFLv8Xz_lQhYfwmg,development,1
21,15052,64306,n6uc26d4pW0,UCQgP7Qg3su6gQj2nj-dGbWA,development,3
21,15053,64318,x35hRrr4oW4,UCI3Xc02tgvW28O-Rrou3LxQ,test_reserved,
21,15054,64321,xb0iU0lFI3c,UCMEXwFurMItX0u1yit-UrAw,test_reserved,
21,15055,64329,WnVrIjxYWSU,UC69csWmeK-LePWo8JJ9BoqQ,development,3
21,15056,64339,u3pGSKeLoMM,UCbS_glb2N1NVTrDLVryRbng,development,4
21,15057,64340,YVTyUO0fCKc,UCbS_glb2N1NVTrDLVryRbng,development,4
21,15058,64353,qyMYhzV10-A,UCQTcNhAZidy1i9wwmdgf2Lw,development,4
21,15059,64357,QhhRrF1OxM0,UCKkRSuLQBs2oErUCgivn8mw,development,4
21,15060,64359,QqL--VhCd18,UCtE13R1Cx71ZmLnrDslv0UQ,test_reserved,
21,15061,64361,pE9VZy5pzu0,UCcspHoBTj_aLhnJLwkMpWHQ,development,5
21,15062,64363,8rCWAqCXUGM,UCUxrelp7FHiIj9SNfzWdh_A,development,5
21,15063,64364,qNtqzLF3A1g,UCAH7R88V7gz7RqJv78nNOzg,development,3
21,15064,64365,QVHRVMqQMMQ,UCXfgx23Lw81I4wsCNhdVBgw,development,2
21,15065,64369,51Z265VH85o,UClfffHYKuZqi1DFcb77Tn4A,development,2
21,15066,64370,qD43vZym3rI,UCckltLEhFLv8Xz_lQhYfwmg,development,1
21,15067,64371,GVoLk6aO2RQ,UCD2X28mF5ZqSA2gncomAtAA,development,4
21,15068,64375,sGim1McsToc,UCBkEIYKUPw_d06rAFuJfTVQ,development,4
21,15069,64381,LsmNEOKBPHI,UC35oZgra9TA5Vxr9PrTjRyg,development,5
21,15070,64384,F5efTjTdro4,UCckltLEhFLv8Xz_lQhYfwmg,development,1
21,15071,64385,zbrogmTxaag,UC8lKgUHo-2mSR5cRRXO9xow,development,3
21,15072,64396,13ijxM1X86Y,UCPXSUKHTNc1_hnHuj-UiQWQ,test_reserved,
21,15073,64402,UfqrJxIQgNg,UCCK3OZi788Ok44K97WAhLKQ,development,2
21,15074,64404,WysmHRUduic,UCu3jIK2NBSXc0_YaFqEuIrg,test_reserved,
21,15075,64405,R_bJrDkF8cs,UCqShCHSDvCBKDN_GAsnLJmQ,development,4
21,15076,64406,miyqBQuUeXs,UC8ZmvQOUKiu6SmICTXzjFnA,development,2
21,15077,64414,wva3Vz8HTQk,UCckltLEhFLv8Xz_lQhYfwmg,development,1
21,15078,64417,tYfhbsJM5nI,UCOtYyt7W5PmPnwQjWWF_Z-Q,development,3
21,15079,64421,NHUirTHvZPA,UC1YGPDtctHGJWW0NrlQVklw,test_reserved,
21,15080,64425,aoDXxHB-bh4,UCckltLEhFLv8Xz_lQhYfwmg,development,1
21,15081,64432,h4D10-1XlR8,UCaESx7Bdghv_UICcG1hBkcg,development,5
21,15082,64433,tMHW7S08hD4,UCckltLEhFLv8Xz_lQhYfwmg,development,1
21,15083,64440,jEQaAzShNkA,UC8rcDufKZ3W6CtZU69CtMXg,development,3
21,15084,64444,ubGSRotsoqU,UCZNreSxdvd50nzMz5zkXg4w,test_reserved,
21,15085,64446,NxCaG-nLRgc,UCoZJaxWPeeGKZ6ShK5EsIkA,development,1
21,15086,64455,Tazno_hpITs,UCol1SzfebXhRo0ltxOJZ9cg,development,3
21,15087,64463,-aDposwAlBc,UCMQg72D9bcWjW-umvECrcAQ,test_reserved,
21,15088,64464,7MnaXv-gb7Y,UCOtYyt7W5PmPnwQjWWF_Z-Q,development,3
21,15089,64466,ddVkrv8jo5Y,UCckltLEhFLv8Xz_lQhYfwmg,development,1
21,15090,64468,Ftr6gT7e7lk,UCQTcNhAZidy1i9wwmdgf2Lw,development,4
21,15091,64473,OQ5RiotHYPE,UCYweMykEAI5aaRztqrJuuAg,development,5
21,15092,64477,wHle2lsga50,UCK_mRBdCXMfDqOnnrP5_Ztg,development,3
21,15093,64488,fsOeKz9OQtY,UCckltLEhFLv8Xz_lQhYfwmg,development,1
21,15094,64490,FZG7kMVgkNo,UCmqflTSJ6911aCrnaWIXxsA,development,2
21,15095,64492,49iLBrA_ZY8,UCPXSUKHTNc1_hnHuj-UiQWQ,test_reserved,
21,15096,64496,nuaWbTJlsRU,UCckltLEhFLv8Xz_lQhYfwmg,development,1
21,15097,64502,3Nvs8q8Jq_c,UCAH7R88V7gz7RqJv78nNOzg,development,3
21,15098,64508,saDwPGO_mYU,UCecL5RXqIzb3N6zO0FaCN9Q,test_reserved,
21,15099,64512,eedZG7kLWGI,UCbR7juPwtP-bV_w0840ciYQ,development,4
